target_weight,target_shares,order_shares,expected_return,score,confidence,reason,family,model_ensemble_id,regime,observed_date,prior_regime,market_volatility,median_R5,median_R20,breadth,dispersion,above_EMA20,above_EMA50,model_train_end,latest_label_end,expert_weights,uncertainty,sign_agreement,lower_bound,upper_bound,symbol,signal_date,decision_date
0.03635875,501000,501000,0.006891114271044789,0.006891114271044789,0.08274683977610525,D-1 estimated accounting; fill-day constraints require ledger audit,adaptive,V4_CAUSAL_7_EXPERTS_RIDGE_ANCHOR20,disabled,2013-06-28,neutral,0.01950686509246748,0.014321795098051204,-0.030190769474721213,0.7109375,0.0792253731450133,0.5234375,0.4296875,2013-06-17,2013-06-24,"{""long_momentum"": 0.13225435402094443, ""mean_reversion"": 0.10854190431339161, ""medium_momentum"": 0.1290816970920638, ""ridge"": 0.13481347776337024, ""risk_adjusted"": 0.12855879854999988, ""short_momentum"": 0.11521978536086334, ""trend"": 0.13398997870004214, ""volume_momentum"": 0.1175400041993245}",0.06260650569773218,0.5184074833313279,-0.08614897244910796,0.09783443366312333,1301.TW,2013-06-28,2013-07-01
0.0363084,574000,574000,0.009042710187079103,0.009042710187079103,0.12545955982055904,D-1 estimated accounting; fill-day constraints require ledger audit,adaptive,V4_CAUSAL_7_EXPERTS_RIDGE_ANCHOR20,disabled,2013-06-28,neutral,0.01950686509246748,0.014321795098051204,-0.030190769474721213,0.7109375,0.0792253731450133,0.5234375,0.4296875,2013-06-17,2013-06-24,"{""long_momentum"": 0.13225435402094443, ""mean_reversion"": 0.10854190431339161, ""medium_momentum"": 0.1290816970920638, ""ridge"": 0.13481347776337024, ""risk_adjusted"": 0.12855879854999988, ""short_momentum"": 0.11521978536086334, ""trend"": 0.13398997870004214, ""volume_momentum"": 0.1175400041993245}",0.07358923425741444,0.7829161913732168,-0.09791029719854313,0.11389895024462714,1303.TW,2013-06-28,2013-07-01
0.0363042,1120000,1120000,0.00745928992778061,0.00745928992778061,0.10482082734969168,D-1 estimated accounting; fill-day constraints require ledger audit,adaptive,V4_CAUSAL_7_EXPERTS_RIDGE_ANCHOR20,disabled,2013-06-28,neutral,0.01950686509246748,0.014321795098051204,-0.030190769474721213,0.7109375,0.0792253731450133,0.5234375,0.4296875,2013-06-17,2013-06-24,"{""long_momentum"": 0.13225435402094443, ""mean_reversion"": 0.10854190431339161, ""medium_momentum"": 0.1290816970920638, ""ridge"": 0.13481347776337024, ""risk_adjusted"": 0.12855879854999988, ""short_momentum"": 0.11521978536086334, ""trend"": 0.13398997870004214, ""volume_momentum"": 0.1175400041993245}",0.04916003992169999,0.5184074833313279,-0.06499812882528033,0.07781994135276736,1402.TW,2013-06-28,2013-07-01
0.0363203,690000,690000,0.01444422280586612,0.01444422280586612,0.17535076558203316,D-1 estimated accounting; fill-day constraints require ledger audit,adaptive,V4_CAUSAL_7_EXPERTS_RIDGE_ANCHOR20,disabled,2013-06-28,neutral,0.01950686509246748,0.014321795098051204,-0.030190769474721213,0.7109375,0.0792253731450133,0.5234375,0.4296875,2013-06-17,2013-06-24,"{""long_momentum"": 0.13225435402094443, ""mean_reversion"": 0.10854190431339161, ""medium_momentum"": 0.1290816970920638, ""ridge"": 0.13481347776337024, ""risk_adjusted"": 0.12855879854999988, ""short_momentum"": 0.11521978536086334, ""trend"": 0.13398997870004214, ""volume_momentum"": 0.1175400041993245}",0.06737146238861443,0.7829161913732168,-0.08480140484525146,0.1115930831289095,2301.TW,2013-06-28,2013-07-01
0.03632975,2505000,2505000,0.020218882494371274,0.020218882494371274,0.1410179774852802,D-1 estimated accounting; fill-day constraints require ledger audit,adaptive,V4_CAUSAL_7_EXPERTS_RIDGE_ANCHOR20,disabled,2013-06-28,neutral,0.01950686509246748,0.014321795098051204,-0.030190769474721213,0.7109375,0.0792253731450133,0.5234375,0.4296875,2013-06-17,2013-06-24,"{""long_momentum"": 0.13225435402094443, ""mean_reversion"": 0.10854190431339161, ""medium_momentum"": 0.1290816970920638, ""ridge"": 0.13481347776337024, ""risk_adjusted"": 0.12855879854999988, ""short_momentum"": 0.11521978536086334, ""trend"": 0.13398997870004214, ""volume_momentum"": 0.1175400041993245}",0.11479355978620819,0.7829161913732168,-0.13301795291097962,0.17135895057164796,2303.TW,2013-06-28,2013-07-01
0.0363351,1953000,1953000,0.010583172747415907,0.010583172747415907,0.20943320624500175,D-1 estimated accounting; fill-day constraints require ledger audit,adaptive,V4_CAUSAL_7_EXPERTS_RIDGE_ANCHOR20,disabled,2013-06-28,neutral,0.01950686509246748,0.014321795098051204,-0.030190769474721213,0.7109375,0.0792253731450133,0.5234375,0.4296875,2013-06-17,2013-06-24,"{""long_momentum"": 0.13225435402094443, ""mean_reversion"": 0.10854190431339161, ""medium_momentum"": 0.1290816970920638, ""ridge"": 0.13481347776337024, ""risk_adjusted"": 0.12855879854999988, ""short_momentum"": 0.11521978536086334, ""trend"": 0.13398997870004214, ""volume_momentum"": 0.1175400041993245}",0.04267080939639677,0.7829161913732168,-0.045218060742264934,0.06428763890902255,2345.TW,2013-06-28,2013-07-01
0.03633085,2175000,2175000,0.05201043794522165,0.05201043794522165,0.3142474961975152,D-1 estimated accounting; fill-day constraints require ledger audit,adaptive,V4_CAUSAL_7_EXPERTS_RIDGE_ANCHOR20,disabled,2013-06-28,neutral,0.01950686509246748,0.014321795098051204,-0.030190769474721213,0.7109375,0.0792253731450133,0.5234375,0.4296875,2013-06-17,2013-06-24,"{""long_momentum"": 0.13225435402094443, ""mean_reversion"": 0.10854190431339161, ""medium_momentum"": 0.1290816970920638, ""ridge"": 0.13481347776337024, ""risk_adjusted"": 0.12855879854999988, ""short_momentum"": 0.11521978536086334, ""trend"": 0.13398997870004214, ""volume_momentum"": 0.1175400041993245}",0.08502536340460941,0.7829161913732168,-0.06839172166674709,0.17031583022911617,2356.TW,2013-06-28,2013-07-01
0.03633765,2314000,2314000,0.006174290171070255,0.006174290171070255,0.1006637282331772,D-1 estimated accounting; fill-day constraints require ledger audit,adaptive,V4_CAUSAL_7_EXPERTS_RIDGE_ANCHOR20,disabled,2013-06-28,neutral,0.01950686509246748,0.014321795098051204,-0.030190769474721213,0.7109375,0.0792253731450133,0.5234375,0.4296875,2013-06-17,2013-06-24,"{""long_momentum"": 0.13225435402094443, ""mean_reversion"": 0.10854190431339161, ""medium_momentum"": 0.1290816970920638, ""ridge"": 0.13481347776337024, ""risk_adjusted"": 0.12855879854999988, ""short_momentum"": 0.11521978536086334, ""trend"": 0.13398997870004214, ""volume_momentum"": 0.1175400041993245}",0.047192573117958186,0.5257985942732171,-0.06237662144016949,0.0726284344542358,2377.TW,2013-06-28,2013-07-01
0.0363025,558000,558000,0.0064978266138598275,0.0064978266138598275,0.12364523659488331,D-1 estimated accounting; fill-day constraints require ledger audit,adaptive,V4_CAUSAL_7_EXPERTS_RIDGE_ANCHOR20,disabled,2013-06-28,neutral,0.01950686509246748,0.014321795098051204,-0.030190769474721213,0.7109375,0.0792253731450133,0.5234375,0.4296875,2013-06-17,2013-06-24,"{""long_momentum"": 0.13225435402094443, ""mean_reversion"": 0.10854190431339161, ""medium_momentum"": 0.1290816970920638, ""ridge"": 0.13481347776337024, ""risk_adjusted"": 0.12855879854999988, ""short_momentum"": 0.11521978536086334, ""trend"": 0.13398997870004214, ""volume_momentum"": 0.1175400041993245}",0.06130590500975906,0.7829161913732168,-0.08478753928972302,0.09568642518936848,2382.TW,2013-06-28,2013-07-01
0.03633493,6200000,6200000,0.011947055355825402,0.011947055355825402,0.17589191501431,D-1 estimated accounting; fill-day constraints require ledger audit,adaptive,V4_CAUSAL_7_EXPERTS_RIDGE_ANCHOR20,disabled,2013-06-28,neutral,0.01950686509246748,0.014321795098051204,-0.030190769474721213,0.7109375,0.0792253731450133,0.5234375,0.4296875,2013-06-17,2013-06-24,"{""long_momentum"": 0.13225435402094443, ""mean_reversion"": 0.10854190431339161, ""medium_momentum"": 0.1290816970920638, ""ridge"": 0.13481347776337024, ""risk_adjusted"": 0.12855879854999988, ""short_momentum"": 0.11521978536086334, ""trend"": 0.13398997870004214, ""volume_momentum"": 0.1175400041993245}",0.05719952036125983,0.7695604292782733,-0.07356695267231922,0.09536429605589583,2408.TW,2013-06-28,2013-07-01
0.036261,355000,355000,0.014587427503638513,0.014587427503638513,0.1771718083855139,D-1 estimated accounting; fill-day constraints require ledger audit,adaptive,V4_CAUSAL_7_EXPERTS_RIDGE_ANCHOR20,disabled,2013-06-28,neutral,0.01950686509246748,0.014321795098051204,-0.030190769474721213,0.7109375,0.0792253731450133,0.5234375,0.4296875,2013-06-17,2013-06-24,"{""long_momentum"": 0.13225435402094443, ""mean_reversion"": 0.10854190431339161, ""medium_momentum"": 0.1290816970920638, ""ridge"": 0.13481347776337024, ""risk_adjusted"": 0.12855879854999988, ""short_momentum"": 0.11521978536086334, ""trend"": 0.13398997870004214, ""volume_momentum"": 0.1175400041993245}",0.06696874799454826,0.7829161913732168,-0.0841453822688347,0.1112234699480375,2412.TW,2013-06-28,2013-07-01
0.03632135,1643000,1643000,0.009909440783016294,0.009909440783016294,0.18908912100658617,D-1 estimated accounting; fill-day constraints require ledger audit,adaptive,V4_CAUSAL_7_EXPERTS_RIDGE_ANCHOR20,disabled,2013-06-28,neutral,0.01950686509246748,0.014321795098051204,-0.030190769474721213,0.7109375,0.0792253731450133,0.5234375,0.4296875,2013-06-17,2013-06-24,"{""long_momentum"": 0.13225435402094443, ""mean_reversion"": 0.10854190431339161, ""medium_momentum"": 0.1290816970920638, ""ridge"": 0.13481347776337024, ""risk_adjusted"": 0.12855879854999988, ""short_momentum"": 0.11521978536086334, ""trend"": 0.13398997870004214, ""volume_momentum"": 0.1175400041993245}",0.04366590789818371,0.7428824029000003,-0.049647323278223215,0.0673694375161816,2449.TW,2013-06-28,2013-07-01
0.03633965,888000,888000,0.005822371534350257,0.005822371534350257,0.10083080733594868,D-1 estimated accounting; fill-day constraints require ledger audit,adaptive,V4_CAUSAL_7_EXPERTS_RIDGE_ANCHOR20,disabled,2013-06-28,neutral,0.01950686509246748,0.014321795098051204,-0.030190769474721213,0.7109375,0.0792253731450133,0.5234375,0.4296875,2013-06-17,2013-06-24,"{""long_momentum"": 0.13225435402094443, ""mean_reversion"": 0.10854190431339161, ""medium_momentum"": 0.1290816970920638, ""ridge"": 0.13481347776337024, ""risk_adjusted"": 0.12855879854999988, ""short_momentum"": 0.11521978536086334, ""trend"": 0.13398997870004214, ""volume_momentum"": 0.1175400041993245}",0.04481933697747748,0.5184074833313279,-0.05713296931789926,0.06668094505852558,2882.TW,2013-06-28,2013-07-01
0.03625425,184000,184000,0.017707658564989903,0.017707658564989903,0.2541717127178353,D-1 estimated accounting; fill-day constraints require ledger audit,adaptive,V4_CAUSAL_7_EXPERTS_RIDGE_ANCHOR20,disabled,2013-06-28,neutral,0.01950686509246748,0.014321795098051204,-0.030190769474721213,0.7109375,0.0792253731450133,0.5234375,0.4296875,2013-06-17,2013-06-24,"{""long_momentum"": 0.13225435402094443, ""mean_reversion"": 0.10854190431339161, ""medium_momentum"": 0.1290816970920638, ""ridge"": 0.13481347776337024, ""risk_adjusted"": 0.12855879854999988, ""short_momentum"": 0.11521978536086334, ""trend"": 0.13398997870004214, ""volume_momentum"": 0.1175400041993245}",0.04723794383350155,0.7829161913732168,-0.05093906580262571,0.08425761560453131,2912.TW,2013-06-28,2013-07-01
0.03620175,305000,305000,0.01278254929985445,0.01278254929985445,0.1696476081314569,D-1 estimated accounting; fill-day constraints require ledger audit,adaptive,V4_CAUSAL_7_EXPERTS_RIDGE_ANCHOR20,disabled,2013-06-28,neutral,0.01950686509246748,0.014321795098051204,-0.030190769474721213,0.7109375,0.0792253731450133,0.5234375,0.4296875,2013-06-17,2013-06-24,"{""long_momentum"": 0.13225435402094443, ""mean_reversion"": 0.10854190431339161, ""medium_momentum"": 0.1290816970920638, ""ridge"": 0.13481347776337024, ""risk_adjusted"": 0.12855879854999988, ""short_momentum"": 0.11521978536086334, ""trend"": 0.13398997870004214, ""volume_momentum"": 0.1175400041993245}",0.06428312745263125,0.7829161913732168,-0.08247782684040911,0.10594615811204382,3045.TW,2013-06-28,2013-07-01
0.0363041,836000,836000,0.034212424896767894,0.034212424896767894,0.1901100408674278,D-1 estimated accounting; fill-day constraints require ledger audit,adaptive,V4_CAUSAL_7_EXPERTS_RIDGE_ANCHOR20,disabled,2013-06-28,neutral,0.01950686509246748,0.014321795098051204,-0.030190769474721213,0.7109375,0.0792253731450133,0.5234375,0.4296875,2013-06-17,2013-06-24,"{""long_momentum"": 0.13225435402094443, ""mean_reversion"": 0.10854190431339161, ""medium_momentum"": 0.1290816970920638, ""ridge"": 0.13481347776337024, ""risk_adjusted"": 0.12855879854999988, ""short_momentum"": 0.11521978536086334, ""trend"": 0.13398997870004214, ""volume_momentum"": 0.1175400041993245}",0.12227321896827302,0.7829161913732168,-0.12701241390256462,0.1933404963680262,3163.TWO,2013-06-28,2013-07-01
0.036309,318000,318000,0.006692070671330652,0.006692070671330652,0.13535702191655866,D-1 estimated accounting; fill-day constraints require ledger audit,adaptive,V4_CAUSAL_7_EXPERTS_RIDGE_ANCHOR20,disabled,2013-06-28,neutral,0.01950686509246748,0.014321795098051204,-0.030190769474721213,0.7109375,0.0792253731450133,0.5234375,0.4296875,2013-06-17,2013-06-24,"{""long_momentum"": 0.13225435402094443, ""mean_reversion"": 0.10854190431339161, ""medium_momentum"": 0.1290816970920638, ""ridge"": 0.13481347776337024, ""risk_adjusted"": 0.12855879854999988, ""short_momentum"": 0.11521978536086334, ""trend"": 0.13398997870004214, ""volume_momentum"": 0.1175400041993245}",0.05593583152134352,0.7829161913732168,-0.07695751505078112,0.08824488906536823,3189.TW,2013-06-28,2013-07-01
0.0363475,542000,542000,0.008087662249679729,0.008087662249679729,0.16668560574648947,D-1 estimated accounting; fill-day constraints require ledger audit,adaptive,V4_CAUSAL_7_EXPERTS_RIDGE_ANCHOR20,disabled,2013-06-28,neutral,0.01950686509246748,0.014321795098051204,-0.030190769474721213,0.7109375,0.0792253731450133,0.5234375,0.4296875,2013-06-17,2013-06-24,"{""long_momentum"": 0.13225435402094443, ""mean_reversion"": 0.10854190431339161, ""medium_momentum"": 0.1290816970920638, ""ridge"": 0.13481347776337024, ""risk_adjusted"": 0.12855879854999988, ""short_momentum"": 0.11521978536086334, ""trend"": 0.13398997870004214, ""volume_momentum"": 0.1175400041993245}",0.04838460847585699,0.7829161913732168,-0.06288514372826706,0.07696370089955233,3260.TWO,2013-06-28,2013-07-01
0.03626195,611000,611000,0.03135019907235652,0.03135019907235652,0.2909617534874735,D-1 estimated accounting; fill-day constraints require ledger audit,adaptive,V4_CAUSAL_7_EXPERTS_RIDGE_ANCHOR20,disabled,2013-06-28,neutral,0.01950686509246748,0.014321795098051204,-0.030190769474721213,0.7109375,0.0792253731450133,0.5234375,0.4296875,2013-06-17,2013-06-24,"{""long_momentum"": 0.13225435402094443, ""mean_reversion"": 0.10854190431339161, ""medium_momentum"": 0.1290816970920638, ""ridge"": 0.13481347776337024, ""risk_adjusted"": 0.12855879854999988, ""short_momentum"": 0.11521978536086334, ""trend"": 0.13398997870004214, ""volume_momentum"": 0.1175400041993245}",0.06146045498191536,0.7829161913732168,-0.060145284944203056,0.1207489157608419,3491.TWO,2013-06-28,2013-07-01
0.0363006,451000,451000,0.009707039711641911,0.009707039711641911,0.15288338493417195,D-1 estimated accounting; fill-day constraints require ledger audit,adaptive,V4_CAUSAL_7_EXPERTS_RIDGE_ANCHOR20,disabled,2013-06-28,neutral,0.01950686509246748,0.014321795098051204,-0.030190769474721213,0.7109375,0.0792253731450133,0.5234375,0.4296875,2013-06-17,2013-06-24,"{""long_momentum"": 0.13225435402094443, ""mean_reversion"": 0.10854190431339161, ""medium_momentum"": 0.1290816970920638, ""ridge"": 0.13481347776337024, ""risk_adjusted"": 0.12855879854999988, ""short_momentum"": 0.11521978536086334, ""trend"": 0.13398997870004214, ""volume_momentum"": 0.1175400041993245}",0.06060774693028889,0.7829161913732168,-0.08062341951258918,0.09794073160779881,3529.TWO,2013-06-28,2013-07-01
0.03634575,451000,451000,0.02576435344367673,0.02576435344367673,0.23046387088078904,D-1 estimated accounting; fill-day constraints require ledger audit,adaptive,V4_CAUSAL_7_EXPERTS_RIDGE_ANCHOR20,disabled,2013-06-28,neutral,0.01950686509246748,0.014321795098051204,-0.030190769474721213,0.7109375,0.0792253731450133,0.5234375,0.4296875,2013-06-17,2013-06-24,"{""long_momentum"": 0.13225435402094443, ""mean_reversion"": 0.10854190431339161, ""medium_momentum"": 0.1290816970920638, ""ridge"": 0.13481347776337024, ""risk_adjusted"": 0.12855879854999988, ""short_momentum"": 0.11521978536086334, ""trend"": 0.13398997870004214, ""volume_momentum"": 0.1175400041993245}",0.07374621620062859,0.7829161913732168,-0.08137883652774403,0.1308107760870233,4904.TW,2013-06-28,2013-07-01
0.036337275,2070000,2070000,0.006982285913332843,0.006982285913332843,0.10523680480096739,D-1 estimated accounting; fill-day constraints require ledger audit,adaptive,V4_CAUSAL_7_EXPERTS_RIDGE_ANCHOR20,disabled,2013-06-28,neutral,0.01950686509246748,0.014321795098051204,-0.030190769474721213,0.7109375,0.0792253731450133,0.5234375,0.4296875,2013-06-17,2013-06-24,"{""long_momentum"": 0.13225435402094443, ""mean_reversion"": 0.10854190431339161, ""medium_momentum"": 0.1290816970920638, ""ridge"": 0.13481347776337024, ""risk_adjusted"": 0.12855879854999988, ""short_momentum"": 0.11521978536086334, ""trend"": 0.13398997870004214, ""volume_momentum"": 0.1175400041993245}",0.04788525853868442,0.5257985942732171,-0.062998773288922,0.07486657778751349,6187.TWO,2013-06-28,2013-07-01
0.03628535,644000,644000,0.005724149161687551,0.005724149161687551,0.15269122424543966,D-1 estimated accounting; fill-day constraints require ledger audit,adaptive,V4_CAUSAL_7_EXPERTS_RIDGE_ANCHOR20,disabled,2013-06-28,neutral,0.01950686509246748,0.014321795098051204,-0.030190769474721213,0.7109375,0.0792253731450133,0.5234375,0.4296875,2013-06-17,2013-06-24,"{""long_momentum"": 0.13225435402094443, ""mean_reversion"": 0.10854190431339161, ""medium_momentum"": 0.1290816970920638, ""ridge"": 0.13481347776337024, ""risk_adjusted"": 0.12855879854999988, ""short_momentum"": 0.11521978536086334, ""trend"": 0.13398997870004214, ""volume_momentum"": 0.1175400041993245}",0.04426335951065486,0.7829161913732168,-0.055677393639441936,0.06502892463474284,6239.TW,2013-06-28,2013-07-01
0.0363298,1020000,1020000,0.006244948110685062,0.006244948110685062,0.15584141813224034,D-1 estimated accounting; fill-day constraints require ledger audit,adaptive,V4_CAUSAL_7_EXPERTS_RIDGE_ANCHOR20,disabled,2013-06-28,neutral,0.01950686509246748,0.014321795098051204,-0.030190769474721213,0.7109375,0.0792253731450133,0.5234375,0.4296875,2013-06-17,2013-06-24,"{""long_momentum"": 0.13225435402094443, ""mean_reversion"": 0.10854190431339161, ""medium_momentum"": 0.1290816970920638, ""ridge"": 0.13481347776337024, ""risk_adjusted"": 0.12855879854999988, ""short_momentum"": 0.11521978536086334, ""trend"": 0.13398997870004214, ""volume_momentum"": 0.1175400041993245}",0.041825419915045,0.7354912919581111,-0.04446467504738395,0.054857803940679864,8210.TW,2013-06-28,2013-07-01
0.0363375,3187000,3187000,0.010436081887519733,0.010436081887519733,0.10074657179712669,D-1 estimated accounting; fill-day constraints require ledger audit,adaptive,V4_CAUSAL_7_EXPERTS_RIDGE_ANCHOR20,disabled,2013-06-28,neutral,0.01950686509246748,0.014321795098051204,-0.030190769474721213,0.7109375,0.0792253731450133,0.5234375,0.4296875,2013-06-17,2013-06-24,"{""long_momentum"": 0.13225435402094443, ""mean_reversion"": 0.10854190431339161, ""medium_momentum"": 0.1290816970920638, ""ridge"": 0.13481347776337024, ""risk_adjusted"": 0.12855879854999988, ""short_momentum"": 0.11521978536086334, ""trend"": 0.13398997870004214, ""volume_momentum"": 0.1175400041993245}",0.04982491611452406,0.4259385165662326,-0.06324781683031319,0.08202321327727846,8932.TWO,2013-06-28,2013-07-01
0.03553663345235338,501000,0,0.0029628553578426808,0.0029628553578426808,0.07386024472460297,D-1 estimated accounting; fill-day constraints require ledger audit,adaptive,V4_CAUSAL_7_EXPERTS_RIDGE_ANCHOR20,disabled,2013-07-01,neutral,0.019788692913563933,0.03069998823240727,-0.023509712336241773,0.8359375,0.07564962268956253,0.65625,0.546875,2013-06-17,2013-06-24,"{""long_momentum"": 0.13225435402094443, ""mean_reversion"": 0.10854190431339161, ""medium_momentum"": 0.1290816970920638, ""ridge"": 0.13481347776337024, ""risk_adjusted"": 0.12855879854999988, ""short_momentum"": 0.11521978536086334, ""trend"": 0.13398997870004214, ""volume_momentum"": 0.1175400041993245}",0.04792653170799194,0.5184074833313279,-0.06710134388637547,0.07093028727398662,1301.TW,2013-07-01,2013-07-02
0.03480372438306166,574000,0,0.0025789315092749235,0.0025789315092749235,0.06969048484589063,D-1 estimated accounting; fill-day constraints require ledger audit,adaptive,V4_CAUSAL_7_EXPERTS_RIDGE_ANCHOR20,disabled,2013-07-01,neutral,0.019788692913563933,0.03069998823240727,-0.023509712336241773,0.8359375,0.07564962268956253,0.65625,0.546875,2013-06-17,2013-06-24,"{""long_momentum"": 0.13225435402094443, ""mean_reversion"": 0.10854190431339161, ""medium_momentum"": 0.1290816970920638, ""ridge"": 0.13481347776337024, ""risk_adjusted"": 0.12855879854999988, ""short_momentum"": 0.11521978536086334, ""trend"": 0.13398997870004214, ""volume_momentum"": 0.1175400041993245}",0.049602354321666244,0.5257985942732171,-0.07069878792949386,0.07375988361996949,1303.TW,2013-07-01,2013-07-02
0.03623296443573302,1120000,0,0.007048340501314416,0.007048340501314416,0.15223590184948738,D-1 estimated accounting; fill-day constraints require ledger audit,adaptive,V4_CAUSAL_7_EXPERTS_RIDGE_ANCHOR20,disabled,2013-07-01,neutral,0.019788692913563933,0.03069998823240727,-0.023509712336241773,0.8359375,0.07564962268956253,0.65625,0.546875,2013-06-17,2013-06-24,"{""long_momentum"": 0.13225435402094443, ""mean_reversion"": 0.10854190431339161, ""medium_momentum"": 0.1290816970920638, ""ridge"": 0.13481347776337024, ""risk_adjusted"": 0.12855879854999988, ""short_momentum"": 0.11521978536086334, ""trend"": 0.13398997870004214, ""volume_momentum"": 0.1175400041993245}",0.049913658889491695,0.7829161913732168,-0.06679634912609966,0.07879626280065428,1402.TW,2013-07-01,2013-07-02
0.03631794735566247,690000,0,0.013215954350963477,0.013215954350963477,0.16629645353059996,D-1 estimated accounting; fill-day constraints require ledger audit,adaptive,V4_CAUSAL_7_EXPERTS_RIDGE_ANCHOR20,disabled,2013-07-01,neutral,0.019788692913563933,0.03069998823240727,-0.023509712336241773,0.8359375,0.07564962268956253,0.65625,0.546875,2013-06-17,2013-06-24,"{""long_momentum"": 0.13225435402094443, ""mean_reversion"": 0.10854190431339161, ""medium_momentum"": 0.1290816970920638, ""ridge"": 0.13481347776337024, ""risk_adjusted"": 0.12855879854999988, ""short_momentum"": 0.11521978536086334, ""trend"": 0.13398997870004214, ""volume_momentum"": 0.1175400041993245}",0.06754393589263966,0.7829161913732168,-0.08624872238717332,0.11058386376102607,2301.TW,2013-07-01,2013-07-02
0.0376337853616282,2505000,0,0.03260067289255206,0.03260067289255206,0.21054782323742505,D-1 estimated accounting; fill-day constraints require ledger audit,adaptive,V4_CAUSAL_7_EXPERTS_RIDGE_ANCHOR20,disabled,2013-07-01,neutral,0.019788692913563933,0.03069998823240727,-0.023509712336241773,0.8359375,0.07564962268956253,0.65625,0.546875,2013-06-17,2013-06-24,"{""long_momentum"": 0.13225435402094443, ""mean_reversion"": 0.10854190431339161, ""medium_momentum"": 0.1290816970920638, ""ridge"": 0.13481347776337024, ""risk_adjusted"": 0.12855879854999988, ""short_momentum"": 0.11521978536086334, ""trend"": 0.13398997870004214, ""volume_momentum"": 0.1175400041993245}",0.10221637751176837,0.7829161913732168,-0.1070145345731299,0.1701191130301598,2303.TW,2013-07-01,2013-07-02
0.0372386372398071,1953000,0,0.013142572466511434,0.013142572466511434,0.21375405853460236,D-1 estimated accounting; fill-day constraints require ledger audit,adaptive,V4_CAUSAL_7_EXPERTS_RIDGE_ANCHOR20,disabled,2013-07-01,neutral,0.019788692913563933,0.03069998823240727,-0.023509712336241773,0.8359375,0.07564962268956253,0.65625,0.546875,2013-06-17,2013-06-24,"{""long_momentum"": 0.13225435402094443, ""mean_reversion"": 0.10854190431339161, ""medium_momentum"": 0.1290816970920638, ""ridge"": 0.13481347776337024, ""risk_adjusted"": 0.12855879854999988, ""short_momentum"": 0.11521978536086334, ""trend"": 0.13398997870004214, ""volume_momentum"": 0.1175400041993245}",0.048308159905872346,0.7829161913732168,-0.057680337224954845,0.0818687148299035,2345.TW,2013-07-01,2013-07-02
0.03799654715635934,2175000,0,0.054204962615972054,0.054204962615972054,0.3370188734318813,D-1 estimated accounting; fill-day constraints require ledger audit,adaptive,V4_CAUSAL_7_EXPERTS_RIDGE_ANCHOR20,disabled,2013-07-01,neutral,0.019788692913563933,0.03069998823240727,-0.023509712336241773,0.8359375,0.07564962268956253,0.65625,0.546875,2013-06-17,2013-06-24,"{""long_momentum"": 0.13225435402094443, ""mean_reversion"": 0.10854190431339161, ""medium_momentum"": 0.1290816970920638, ""ridge"": 0.13481347776337024, ""risk_adjusted"": 0.12855879854999988, ""short_momentum"": 0.11521978536086334, ""trend"": 0.13398997870004214, ""volume_momentum"": 0.1175400041993245}",0.07833191586706448,0.7829161913732168,-0.05841719752315091,0.1647303554270208,2356.TW,2013-07-01,2013-07-02
0.0367283405051045,2314000,0,0.006680946791835676,0.006680946791835676,0.15805631717448176,D-1 estimated accounting; fill-day constraints require ledger audit,adaptive,V4_CAUSAL_7_EXPERTS_RIDGE_ANCHOR20,disabled,2013-07-01,neutral,0.019788692913563933,0.03069998823240727,-0.023509712336241773,0.8359375,0.07564962268956253,0.65625,0.546875,2013-06-17,2013-06-24,"{""long_momentum"": 0.13225435402094443, ""mean_reversion"": 0.10854190431339161, ""medium_momentum"": 0.1290816970920638, ""ridge"": 0.13481347776337024, ""risk_adjusted"": 0.12855879854999988, ""short_momentum"": 0.11521978536086334, ""trend"": 0.13398997870004214, ""volume_momentum"": 0.1175400041993245}",0.046179457255169906,0.7829161913732168,-0.059638317007596656,0.07090344326319381,2377.TW,2013-07-01,2013-07-02
0.03600830612362358,558000,0,0.00674572248120555,0.00674572248120555,0.10400141072495232,D-1 estimated accounting; fill-day constraints require ledger audit,adaptive,V4_CAUSAL_7_EXPERTS_RIDGE_ANCHOR20,disabled,2013-07-01,neutral,0.019788692913563933,0.03069998823240727,-0.023509712336241773,0.8359375,0.07564962268956253,0.65625,0.546875,2013-06-17,2013-06-24,"{""long_momentum"": 0.13225435402094443, ""mean_reversion"": 0.10854190431339161, ""medium_momentum"": 0.1290816970920638, ""ridge"": 0.13481347776337024, ""risk_adjusted"": 0.12855879854999988, ""short_momentum"": 0.11521978536086334, ""trend"": 0.13398997870004214, ""volume_momentum"": 0.1175400041993245}",0.04763697556386497,0.5257985942732171,-0.06273046934851667,0.07412514698285358,2382.TW,2013-07-01,2013-07-02
0.03824390084837712,6200000,0,0.008151063570761626,0.008151063570761626,0.17946842512496056,D-1 estimated accounting; fill-day constraints require ledger audit,adaptive,V4_CAUSAL_7_EXPERTS_RIDGE_ANCHOR20,disabled,2013-07-01,neutral,0.019788692913563933,0.03069998823240727,-0.023509712336241773,0.8359375,0.07564962268956253,0.65625,0.546875,2013-06-17,2013-06-24,"{""long_momentum"": 0.13225435402094443, ""mean_reversion"": 0.10854190431339161, ""medium_momentum"": 0.1290816970920638, ""ridge"": 0.13481347776337024, ""risk_adjusted"": 0.12855879854999988, ""short_momentum"": 0.11521978536086334, ""trend"": 0.13398997870004214, ""volume_momentum"": 0.1175400041993245}",0.04324068400229717,0.7695604292782733,-0.04993711359186069,0.06414247340530974,2408.TW,2013-07-01,2013-07-02
0.03477063942950134,355000,0,0.006381086988592533,0.006381086988592533,0.15296701191185877,D-1 estimated accounting; fill-day constraints require ledger audit,adaptive,V4_CAUSAL_7_EXPERTS_RIDGE_ANCHOR20,disabled,2013-07-01,neutral,0.019788692913563933,0.03069998823240727,-0.023509712336241773,0.8359375,0.07564962268956253,0.65625,0.546875,2013-06-17,2013-06-24,"{""long_momentum"": 0.13225435402094443, ""mean_reversion"": 0.10854190431339161, ""medium_momentum"": 0.1290816970920638, ""ridge"": 0.13481347776337024, ""risk_adjusted"": 0.12855879854999988, ""short_momentum"": 0.11521978536086334, ""trend"": 0.13398997870004214, ""volume_momentum"": 0.1175400041993245}",0.04686962450422546,0.7829161913732168,-0.061478314282946714,0.07214372093205759,2412.TW,2013-07-01,2013-07-02
0.0375623009031438,1643000,0,0.007471860642667896,0.007471860642667896,0.09722708719055626,D-1 estimated accounting; fill-day constraints require ledger audit,adaptive,V4_CAUSAL_7_EXPERTS_RIDGE_ANCHOR20,disabled,2013-07-01,neutral,0.019788692913563933,0.03069998823240727,-0.023509712336241773,0.8359375,0.07564962268956253,0.65625,0.546875,2013-06-17,2013-06-24,"{""long_momentum"": 0.13225435402094443, ""mean_reversion"": 0.10854190431339161, ""medium_momentum"": 0.1290816970920638, ""ridge"": 0.13481347776337024, ""risk_adjusted"": 0.12855879854999988, ""short_momentum"": 0.11521978536086334, ""trend"": 0.13398997870004214, ""volume_momentum"": 0.1175400041993245}",0.05497525706264576,0.5257985942732171,-0.07472556731872121,0.0875725212759828,2449.TW,2013-07-01,2013-07-02
0.03604665572665692,888000,0,0.0029408144621628197,0.0029408144621628197,0.12270363240341561,D-1 estimated accounting; fill-day constraints require ledger audit,adaptive,V4_CAUSAL_7_EXPERTS_RIDGE_ANCHOR20,disabled,2013-07-01,neutral,0.019788692913563933,0.03069998823240727,-0.023509712336241773,0.8359375,0.07564962268956253,0.65625,0.546875,2013-06-17,2013-06-24,"{""long_momentum"": 0.13225435402094443, ""mean_reversion"": 0.10854190431339161, ""medium_momentum"": 0.1290816970920638, ""ridge"": 0.13481347776337024, ""risk_adjusted"": 0.12855879854999988, ""short_momentum"": 0.11521978536086334, ""trend"": 0.13398997870004214, ""volume_momentum"": 0.1175400041993245}",0.0427259188149591,0.7829161913732168,-0.05310345525026032,0.05688831684651176,2882.TW,2013-07-01,2013-07-02
0.036275181435298676,184000,0,0.01453851457074209,0.01453851457074209,0.24090865315466695,D-1 estimated accounting; fill-day constraints require ledger audit,adaptive,V4_CAUSAL_7_EXPERTS_RIDGE_ANCHOR20,disabled,2013-07-01,neutral,0.019788692913563933,0.03069998823240727,-0.023509712336241773,0.8359375,0.07564962268956253,0.65625,0.546875,2013-06-17,2013-06-24,"{""long_momentum"": 0.13225435402094443, ""mean_reversion"": 0.10854190431339161, ""medium_momentum"": 0.1290816970920638, ""ridge"": 0.13481347776337024, ""risk_adjusted"": 0.12855879854999988, ""short_momentum"": 0.11521978536086334, ""trend"": 0.13398997870004214, ""volume_momentum"": 0.1175400041993245}",0.04395866252316073,0.7829161913732168,-0.04594894350644766,0.07292920531985764,2912.TW,2013-07-01,2013-07-02
0.034606212699514534,305000,0,0.0049132947055008465,0.0049132947055008465,0.14184985164729172,D-1 estimated accounting; fill-day constraints require ledger audit,adaptive,V4_CAUSAL_7_EXPERTS_RIDGE_ANCHOR20,disabled,2013-07-01,neutral,0.019788692913563933,0.03069998823240727,-0.023509712336241773,0.8359375,0.07564962268956253,0.65625,0.546875,2013-06-17,2013-06-24,"{""long_momentum"": 0.13225435402094443, ""mean_reversion"": 0.10854190431339161, ""medium_momentum"": 0.1290816970920638, ""ridge"": 0.13481347776337024, ""risk_adjusted"": 0.12855879854999988, ""short_momentum"": 0.11521978536086334, ""trend"": 0.13398997870004214, ""volume_momentum"": 0.1175400041993245}",0.04480145363339303,0.7829161913732168,-0.057994033523610704,0.06572385560653818,3045.TW,2013-07-01,2013-07-02
0.0380695536225113,836000,0,0.04770264740900984,0.04770264740900984,0.21776539492213545,D-1 estimated accounting; fill-day constraints require ledger audit,adaptive,V4_CAUSAL_7_EXPERTS_RIDGE_ANCHOR20,disabled,2013-07-01,neutral,0.019788692913563933,0.03069998823240727,-0.023509712336241773,0.8359375,0.07564962268956253,0.65625,0.546875,2013-06-17,2013-06-24,"{""long_momentum"": 0.13225435402094443, ""mean_reversion"": 0.10854190431339161, ""medium_momentum"": 0.1290816970920638, ""ridge"": 0.13481347776337024, ""risk_adjusted"": 0.12855879854999988, ""short_momentum"": 0.11521978536086334, ""trend"": 0.13398997870004214, ""volume_momentum"": 0.1175400041993245}",0.13677537318972274,0.7829161913732168,-0.12883815129017898,0.22214667878012445,3163.TWO,2013-07-01,2013-07-02
0.03687350510526584,318000,0,0.008280072735145382,0.008280072735145382,0.12684920118128745,D-1 estimated accounting; fill-day constraints require ledger audit,adaptive,V4_CAUSAL_7_EXPERTS_RIDGE_ANCHOR20,disabled,2013-07-01,neutral,0.019788692913563933,0.03069998823240727,-0.023509712336241773,0.8359375,0.07564962268956253,0.65625,0.546875,2013-06-17,2013-06-24,"{""long_momentum"": 0.13225435402094443, ""mean_reversion"": 0.10854190431339161, ""medium_momentum"": 0.1290816970920638, ""ridge"": 0.13481347776337024, ""risk_adjusted"": 0.12855879854999988, ""short_momentum"": 0.11521978536086334, ""trend"": 0.13398997870004214, ""volume_momentum"": 0.1175400041993245}",0.04407388999457745,0.5478361829745677,-0.05255904858574482,0.06702242672796138,3189.TW,2013-07-01,2013-07-02
0.03708833274489959,542000,0,0.0027441585124289083,0.0027441585124289083,0.0593419145530474,D-1 estimated accounting; fill-day constraints require ledger audit,adaptive,V4_CAUSAL_7_EXPERTS_RIDGE_ANCHOR20,disabled,2013-07-01,neutral,0.019788692913563933,0.03069998823240727,-0.023509712336241773,0.8359375,0.07564962268956253,0.65625,0.546875,2013-06-17,2013-06-24,"{""long_momentum"": 0.13225435402094443, ""mean_reversion"": 0.10854190431339161, ""medium_momentum"": 0.1290816970920638, ""ridge"": 0.13481347776337024, ""risk_adjusted"": 0.12855879854999988, ""short_momentum"": 0.11521978536086334, ""trend"": 0.13398997870004214, ""volume_momentum"": 0.1175400041993245}",0.06374882029947887,0.5478361829745677,-0.09181341454000422,0.09520496423678784,3260.TWO,2013-07-01,2013-07-02
0.03686212747417723,611000,0,0.033426892506145986,0.033426892506145986,0.28191069154113857,D-1 estimated accounting; fill-day constraints require ledger audit,adaptive,V4_CAUSAL_7_EXPERTS_RIDGE_ANCHOR20,disabled,2013-07-01,neutral,0.019788692913563933,0.03069998823240727,-0.023509712336241773,0.8359375,0.07564962268956253,0.65625,0.546875,2013-06-17,2013-06-24,"{""long_momentum"": 0.13225435402094443, ""mean_reversion"": 0.10854190431339161, ""medium_momentum"": 0.1290816970920638, ""ridge"": 0.13481347776337024, ""risk_adjusted"": 0.12855879854999988, ""short_momentum"": 0.11521978536086334, ""trend"": 0.13398997870004214, ""volume_momentum"": 0.1175400041993245}",0.0682914308137398,0.7829161913732168,-0.06698324539746901,0.1317402630816868,3491.TWO,2013-07-01,2013-07-02
0.036634924165640056,451000,0,0.011606966437362724,0.011606966437362724,0.17178573418589008,D-1 estimated accounting; fill-day constraints require ledger audit,adaptive,V4_CAUSAL_7_EXPERTS_RIDGE_ANCHOR20,disabled,2013-07-01,neutral,0.019788692913563933,0.03069998823240727,-0.023509712336241773,0.8359375,0.07564962268956253,0.65625,0.546875,2013-06-17,2013-06-24,"{""long_momentum"": 0.13225435402094443, ""mean_reversion"": 0.10854190431339161, ""medium_momentum"": 0.1290816970920638, ""ridge"": 0.13481347776337024, ""risk_adjusted"": 0.12855879854999988, ""short_momentum"": 0.11521978536086334, ""trend"": 0.13398997870004214, ""volume_momentum"": 0.1175400041993245}",0.059079544872904115,0.7829161913732168,-0.07659800856426319,0.09771517411091445,3529.TWO,2013-07-01,2013-07-02
0.03541826616751917,451000,0,0.0213822536016814,0.0213822536016814,0.2632287067101093,D-1 estimated accounting; fill-day constraints require ledger audit,adaptive,V4_CAUSAL_7_EXPERTS_RIDGE_ANCHOR20,disabled,2013-07-01,neutral,0.019788692913563933,0.03069998823240727,-0.023509712336241773,0.8359375,0.07564962268956253,0.65625,0.546875,2013-06-17,2013-06-24,"{""long_momentum"": 0.13225435402094443, ""mean_reversion"": 0.10854190431339161, ""medium_momentum"": 0.1290816970920638, ""ridge"": 0.13481347776337024, ""risk_adjusted"": 0.12855879854999988, ""short_momentum"": 0.11521978536086334, ""trend"": 0.13398997870004214, ""volume_momentum"": 0.1175400041993245}",0.05208598706941663,0.7829161913732168,-0.056220161469190635,0.09688790134447925,4904.TW,2013-07-01,2013-07-02
0.037299193184219544,2070000,0,0.008467151266005644,0.008467151266005644,0.17363930720657628,D-1 estimated accounting; fill-day constraints require ledger audit,adaptive,V4_CAUSAL_7_EXPERTS_RIDGE_ANCHOR20,disabled,2013-07-01,neutral,0.019788692913563933,0.03069998823240727,-0.023509712336241773,0.8359375,0.07564962268956253,0.65625,0.546875,2013-06-17,2013-06-24,"{""long_momentum"": 0.13225435402094443, ""mean_reversion"": 0.10854190431339161, ""medium_momentum"": 0.1290816970920638, ""ridge"": 0.13481347776337024, ""risk_adjusted"": 0.12855879854999988, ""short_momentum"": 0.11521978536086334, ""trend"": 0.13398997870004214, ""volume_momentum"": 0.1175400041993245}",0.047254415454394245,0.7829161913732168,-0.06021427894373932,0.07505181414767641,6187.TWO,2013-07-01,2013-07-02
0.037886563389169375,644000,0,0.008562184139145635,0.008562184139145635,0.143467768576082,D-1 estimated accounting; fill-day constraints require ledger audit,adaptive,V4_CAUSAL_7_EXPERTS_RIDGE_ANCHOR20,disabled,2013-07-01,neutral,0.019788692913563933,0.03069998823240727,-0.023509712336241773,0.8359375,0.07564962268956253,0.65625,0.546875,2013-06-17,2013-06-24,"{""long_momentum"": 0.13225435402094443, ""mean_reversion"": 0.10854190431339161, ""medium_momentum"": 0.1290816970920638, ""ridge"": 0.13481347776337024, ""risk_adjusted"": 0.12855879854999988, ""short_momentum"": 0.11521978536086334, ""trend"": 0.13398997870004214, ""volume_momentum"": 0.1175400041993245}",0.06044784374590729,0.7829161913732168,-0.08154820563546585,0.0965758065856829,6239.TW,2013-07-01,2013-07-02
0.03661498836028962,1020000,0,0.007430705036696196,0.007430705036696196,0.1179030105190207,D-1 estimated accounting; fill-day constraints require ledger audit,adaptive,V4_CAUSAL_7_EXPERTS_RIDGE_ANCHOR20,disabled,2013-07-01,neutral,0.019788692913563933,0.03069998823240727,-0.023509712336241773,0.8359375,0.07564962268956253,0.65625,0.546875,2013-06-17,2013-06-24,"{""long_momentum"": 0.13225435402094443, ""mean_reversion"": 0.10854190431339161, ""medium_momentum"": 0.1290816970920638, ""ridge"": 0.13481347776337024, ""risk_adjusted"": 0.12855879854999988, ""short_momentum"": 0.11521978536086334, ""trend"": 0.13398997870004214, ""volume_momentum"": 0.1175400041993245}",0.042225834145296376,0.5184074833313279,-0.04613302454146886,0.05889766728678705,8210.TW,2013-07-01,2013-07-02
0.036584323648430166,3187000,0,0.015310488365442026,0.015310488365442026,0.09376986826729287,D-1 estimated accounting; fill-day constraints require ledger audit,adaptive,V4_CAUSAL_7_EXPERTS_RIDGE_ANCHOR20,disabled,2013-07-01,neutral,0.019788692913563933,0.03069998823240727,-0.023509712336241773,0.8359375,0.07564962268956253,0.65625,0.546875,2013-06-17,2013-06-24,"{""long_momentum"": 0.13225435402094443, ""mean_reversion"": 0.10854190431339161, ""medium_momentum"": 0.1290816970920638, ""ridge"": 0.13481347776337024, ""risk_adjusted"": 0.12855879854999988, ""short_momentum"": 0.11521978536086334, ""trend"": 0.13398997870004214, ""volume_momentum"": 0.1175400041993245}",0.04843739749077162,0.317396612252841,-0.05576543280443242,0.08428964220724228,8932.TWO,2013-07-01,2013-07-02
0.03502025875842009,501000,0,0.0034009640400618087,0.0034009640400618087,0.12304588433388622,D-1 estimated accounting; fill-day constraints require ledger audit,adaptive,V4_CAUSAL_7_EXPERTS_RIDGE_ANCHOR20,disabled,2013-07-02,neutral,0.019907250720743903,0.042460474439877216,-0.022371689238180115,0.9375,0.07277112270831819,0.609375,0.5078125,2013-06-17,2013-06-24,"{""long_momentum"": 0.13225435402094443, ""mean_reversion"": 0.10854190431339161, ""medium_momentum"": 0.1290816970920638, ""ridge"": 0.13481347776337024, ""risk_adjusted"": 0.12855879854999988, ""short_momentum"": 0.11521978536086334, ""trend"": 0.13398997870004214, ""volume_momentum"": 0.1175400041993245}",0.04181474149912031,0.7354912919581111,-0.047207587118981,0.05191274787103042,1301.TW,2013-07-02,2013-07-03
0.03407433391296328,574000,0,0.0020401469684073557,0.0020401469684073557,0.06899992397214766,D-1 estimated accounting; fill-day constraints require ledger audit,adaptive,V4_CAUSAL_7_EXPERTS_RIDGE_ANCHOR20,disabled,2013-07-02,neutral,0.019907250720743903,0.042460474439877216,-0.022371689238180115,0.9375,0.07277112270831819,0.609375,0.5078125,2013-06-17,2013-06-24,"{""long_momentum"": 0.13225435402094443, ""mean_reversion"": 0.10854190431339161, ""medium_momentum"": 0.1290816970920638, ""ridge"": 0.13481347776337024, ""risk_adjusted"": 0.12855879854999988, ""short_momentum"": 0.11521978536086334, ""trend"": 0.13398997870004214, ""volume_momentum"": 0.1175400041993245}",0.04176890851664803,0.47837369485811143,-0.04810532040351576,0.05008884701225627,1303.TW,2013-07-02,2013-07-03
0.036484706512065396,1120000,0,0.008368525906609319,0.008368525906609319,0.17916935243760038,D-1 estimated accounting; fill-day constraints require ledger audit,adaptive,V4_CAUSAL_7_EXPERTS_RIDGE_ANCHOR20,disabled,2013-07-02,neutral,0.019907250720743903,0.042460474439877216,-0.022371689238180115,0.9375,0.07277112270831819,0.609375,0.5078125,2013-06-17,2013-06-24,"{""long_momentum"": 0.13225435402094443, ""mean_reversion"": 0.10854190431339161, ""medium_momentum"": 0.1290816970920638, ""ridge"": 0.13481347776337024, ""risk_adjusted"": 0.12855879854999988, ""short_momentum"": 0.11521978536086334, ""trend"": 0.13398997870004214, ""volume_momentum"": 0.1175400041993245}",0.04504791219890827,0.7829161913732168,-0.055190392278620395,0.06983067676376484,1402.TW,2013-07-02,2013-07-03
0.035973497326666534,690000,0,0.013866423429445258,0.013866423429445258,0.2330507934720419,D-1 estimated accounting; fill-day constraints require ledger audit,adaptive,V4_CAUSAL_7_EXPERTS_RIDGE_ANCHOR20,disabled,2013-07-02,neutral,0.019907250720743903,0.042460474439877216,-0.022371689238180115,0.9375,0.07277112270831819,0.609375,0.5078125,2013-06-17,2013-06-24,"{""long_momentum"": 0.13225435402094443, ""mean_reversion"": 0.10854190431339161, ""medium_momentum"": 0.1290816970920638, ""ridge"": 0.13481347776337024, ""risk_adjusted"": 0.12855879854999988, ""short_momentum"": 0.11521978536086334, ""trend"": 0.13398997870004214, ""volume_momentum"": 0.1175400041993245}",0.0445138730121873,0.7829161913732168,-0.048251653320149676,0.073887732850966,2301.TW,2013-07-02,2013-07-03
0.03690008589132335,2505000,0,0.03101226800948969,0.03101226800948969,0.3115336506701355,D-1 estimated accounting; fill-day constraints require ledger audit,adaptive,V4_CAUSAL_7_EXPERTS_RIDGE_ANCHOR20,disabled,2013-07-02,neutral,0.019907250720743903,0.042460474439877216,-0.022371689238180115,0.9375,0.07277112270831819,0.609375,0.5078125,2013-06-17,2013-06-24,"{""long_momentum"": 0.13225435402094443, ""mean_reversion"": 0.10854190431339161, ""medium_momentum"": 0.1290816970920638, ""ridge"": 0.13481347776337024, ""risk_adjusted"": 0.12855879854999988, ""short_momentum"": 0.11521978536086334, ""trend"": 0.13398997870004214, ""volume_momentum"": 0.1175400041993245}",0.05449027530180986,0.7829161913732168,-0.05043918964592895,0.11036695833683413,2303.TW,2013-07-02,2013-07-03
0.037186272865961635,1953000,0,0.011220094802149395,0.011220094802149395,0.20572618649540708,D-1 estimated accounting; fill-day constraints require ledger audit,adaptive,V4_CAUSAL_7_EXPERTS_RIDGE_ANCHOR20,disabled,2013-07-02,neutral,0.019907250720743903,0.042460474439877216,-0.022371689238180115,0.9375,0.07277112270831819,0.609375,0.5078125,2013-06-17,2013-06-24,"{""long_momentum"": 0.13225435402094443, ""mean_reversion"": 0.10854190431339161, ""medium_momentum"": 0.1290816970920638, ""ridge"": 0.13481347776337024, ""risk_adjusted"": 0.12855879854999988, ""short_momentum"": 0.11521978536086334, ""trend"": 0.13398997870004214, ""volume_momentum"": 0.1175400041993245}",0.04550746192041118,0.7829161913732168,-0.0535012828702846,0.07384470514650918,2345.TW,2013-07-02,2013-07-03
0.03890567399041415,2175000,0,0.05610547433423646,0.05610547433423646,0.3536837616700584,D-1 estimated accounting; fill-day constraints require ledger audit,adaptive,V4_CAUSAL_7_EXPERTS_RIDGE_ANCHOR20,disabled,2013-07-02,neutral,0.019907250720743903,0.042460474439877216,-0.022371689238180115,0.9375,0.07277112270831819,0.609375,0.5078125,2013-06-17,2013-06-24,"{""long_momentum"": 0.13225435402094443, ""mean_reversion"": 0.10854190431339161, ""medium_momentum"": 0.1290816970920638, ""ridge"": 0.13481347776337024, ""risk_adjusted"": 0.12855879854999988, ""short_momentum"": 0.11521978536086334, ""trend"": 0.13398997870004214, ""volume_momentum"": 0.1175400041993245}",0.07415791749330038,0.7829161913732168,-0.051535597304502634,0.16164977864490135,2356.TW,2013-07-02,2013-07-03
0.037101614019972015,2314000,0,0.007041502624562684,0.007041502624562684,0.16557597638894866,D-1 estimated accounting; fill-day constraints require ledger audit,adaptive,V4_CAUSAL_7_EXPERTS_RIDGE_ANCHOR20,disabled,2013-07-02,neutral,0.019907250720743903,0.042460474439877216,-0.022371689238180115,0.9375,0.07277112270831819,0.609375,0.5078125,2013-06-17,2013-06-24,"{""long_momentum"": 0.13225435402094443, ""mean_reversion"": 0.10854190431339161, ""medium_momentum"": 0.1290816970920638, ""ridge"": 0.13481347776337024, ""risk_adjusted"": 0.12855879854999988, ""short_momentum"": 0.11521978536086334, ""trend"": 0.13398997870004214, ""volume_momentum"": 0.1175400041993245}",0.04489602888717931,0.7829161913732168,-0.05611840757357958,0.06810464549463074,2377.TW,2013-07-02,2013-07-03
0.03637074268092552,558000,0,0.012557164833677078,0.012557164833677078,0.145083293911309,D-1 estimated accounting; fill-day constraints require ledger audit,adaptive,V4_CAUSAL_7_EXPERTS_RIDGE_ANCHOR20,disabled,2013-07-02,neutral,0.019907250720743903,0.042460474439877216,-0.022371689238180115,0.9375,0.07277112270831819,0.609375,0.5078125,2013-06-17,2013-06-24,"{""long_momentum"": 0.13225435402094443, ""mean_reversion"": 0.10854190431339161, ""medium_momentum"": 0.1290816970920638, ""ridge"": 0.13481347776337024, ""risk_adjusted"": 0.12855879854999988, ""short_momentum"": 0.11521978536086334, ""trend"": 0.13398997870004214, ""volume_momentum"": 0.1175400041993245}",0.04517759525126996,0.5184074833313279,-0.051336337216573324,0.07435389955585328,2382.TW,2013-07-02,2013-07-03
0.03795627262193268,6200000,0,0.004695224021391595,0.004695224021391595,0.09412903349980276,D-1 estimated accounting; fill-day constraints require ledger audit,adaptive,V4_CAUSAL_7_EXPERTS_RIDGE_ANCHOR20,disabled,2013-07-02,neutral,0.019907250720743903,0.042460474439877216,-0.022371689238180115,0.9375,0.07277112270831819,0.609375,0.5078125,2013-06-17,2013-06-24,"{""long_momentum"": 0.13225435402094443, ""mean_reversion"": 0.10854190431339161, ""medium_momentum"": 0.1290816970920638, ""ridge"": 0.13481347776337024, ""risk_adjusted"": 0.12855879854999988, ""short_momentum"": 0.11521978536086334, ""trend"": 0.13398997870004214, ""volume_momentum"": 0.1175400041993245}",0.04446166012022991,0.5257985942732171,-0.057275873742343525,0.06456955445705252,2408.TW,2013-07-02,2013-07-03
0.03486887471547297,355000,0,0.005639118135859691,0.005639118135859691,0.1508443106111244,D-1 estimated accounting; fill-day constraints require ledger audit,adaptive,V4_CAUSAL_7_EXPERTS_RIDGE_ANCHOR20,disabled,2013-07-02,neutral,0.019907250720743903,0.042460474439877216,-0.022371689238180115,0.9375,0.07277112270831819,0.609375,0.5078125,2013-06-17,2013-06-24,"{""long_momentum"": 0.13225435402094443, ""mean_reversion"": 0.10854190431339161, ""medium_momentum"": 0.1290816970920638, ""ridge"": 0.13481347776337024, ""risk_adjusted"": 0.12855879854999988, ""short_momentum"": 0.11521978536086334, ""trend"": 0.13398997870004214, ""volume_momentum"": 0.1175400041993245}",0.04458031849221757,0.7829161913732168,-0.05666430298475442,0.06584577192839959,2412.TW,2013-07-02,2013-07-03
0.03787155867255217,1643000,0,0.006122554253679774,0.006122554253679774,0.09678411465764986,D-1 estimated accounting; fill-day constraints require ledger audit,adaptive,V4_CAUSAL_7_EXPERTS_RIDGE_ANCHOR20,disabled,2013-07-02,neutral,0.019907250720743903,0.042460474439877216,-0.022371689238180115,0.9375,0.07277112270831819,0.609375,0.5078125,2013-06-17,2013-06-24,"{""long_momentum"": 0.13225435402094443, ""mean_reversion"": 0.10854190431339161, ""medium_momentum"": 0.1290816970920638, ""ridge"": 0.13481347776337024, ""risk_adjusted"": 0.12855879854999988, ""short_momentum"": 0.11521978536086334, ""trend"": 0.13398997870004214, ""volume_momentum"": 0.1175400041993245}",0.04930289275277451,0.5257985942732171,-0.0666017645841146,0.07675010576339994,2449.TW,2013-07-02,2013-07-03
0.03596287740042405,888000,0,0.005724604574713088,0.005724604574713088,0.14964140495799225,D-1 estimated accounting; fill-day constraints require ledger audit,adaptive,V4_CAUSAL_7_EXPERTS_RIDGE_ANCHOR20,disabled,2013-07-02,neutral,0.019907250720743903,0.042460474439877216,-0.022371689238180115,0.9375,0.07277112270831819,0.609375,0.5078125,2013-06-17,2013-06-24,"{""long_momentum"": 0.13225435402094443, ""mean_reversion"": 0.10854190431339161, ""medium_momentum"": 0.1290816970920638, ""ridge"": 0.13481347776337024, ""risk_adjusted"": 0.12855879854999988, ""short_momentum"": 0.11521978536086334, ""trend"": 0.13398997870004214, ""volume_momentum"": 0.1175400041993245}",0.041987098289944576,0.7354912919581111,-0.046305916193079284,0.05565835801443127,2882.TW,2013-07-02,2013-07-03
0.036692095637744115,184000,0,0.016177273176558305,0.016177273176558305,0.23689437753940998,D-1 estimated accounting; fill-day constraints require ledger audit,adaptive,V4_CAUSAL_7_EXPERTS_RIDGE_ANCHOR20,disabled,2013-07-02,neutral,0.019907250720743903,0.042460474439877216,-0.022371689238180115,0.9375,0.07277112270831819,0.609375,0.5078125,2013-06-17,2013-06-24,"{""long_momentum"": 0.13225435402094443, ""mean_reversion"": 0.10854190431339161, ""medium_momentum"": 0.1290816970920638, ""ridge"": 0.13481347776337024, ""risk_adjusted"": 0.12855879854999988, ""short_momentum"": 0.11521978536086334, ""trend"": 0.13398997870004214, ""volume_momentum"": 0.1175400041993245}",0.04881185122257583,0.7829161913732168,-0.05562127488714472,0.08587905391218711,2912.TW,2013-07-02,2013-07-03
0.03519854327491539,305000,0,0.005589961719570686,0.005589961719570686,0.13920723567779927,D-1 estimated accounting; fill-day constraints require ledger audit,adaptive,V4_CAUSAL_7_EXPERTS_RIDGE_ANCHOR20,disabled,2013-07-02,neutral,0.019907250720743903,0.042460474439877216,-0.022371689238180115,0.9375,0.07277112270831819,0.609375,0.5078125,2013-06-17,2013-06-24,"{""long_momentum"": 0.13225435402094443, ""mean_reversion"": 0.10854190431339161, ""medium_momentum"": 0.1290816970920638, ""ridge"": 0.13481347776337024, ""risk_adjusted"": 0.12855879854999988, ""short_momentum"": 0.11521978536086334, ""trend"": 0.13398997870004214, ""volume_momentum"": 0.1175400041993245}",0.04896910111150525,0.7829161913732168,-0.06650764566191476,0.07559080177298193,3045.TW,2013-07-02,2013-07-03
0.03700090004963939,836000,0,0.03914124829071137,0.03914124829071137,0.2840018010422727,D-1 estimated accounting; fill-day constraints require ledger audit,adaptive,V4_CAUSAL_7_EXPERTS_RIDGE_ANCHOR20,disabled,2013-07-02,neutral,0.019907250720743903,0.042460474439877216,-0.022371689238180115,0.9375,0.07277112270831819,0.609375,0.5078125,2013-06-17,2013-06-24,"{""long_momentum"": 0.13225435402094443, ""mean_reversion"": 0.10854190431339161, ""medium_momentum"": 0.1290816970920638, ""ridge"": 0.13481347776337024, ""risk_adjusted"": 0.12855879854999988, ""short_momentum"": 0.11521978536086334, ""trend"": 0.13398997870004214, ""volume_momentum"": 0.1175400041993245}",0.07754424055968959,0.7829161913732168,-0.07254957314052274,0.14873530239387128,3163.TWO,2013-07-02,2013-07-03
0.03669635362703945,318000,0,0.009121295923639859,0.009121295923639859,0.1334476000831545,D-1 estimated accounting; fill-day constraints require ledger audit,adaptive,V4_CAUSAL_7_EXPERTS_RIDGE_ANCHOR20,disabled,2013-07-02,neutral,0.019907250720743903,0.042460474439877216,-0.022371689238180115,0.9375,0.07277112270831819,0.609375,0.5078125,2013-06-17,2013-06-24,"{""long_momentum"": 0.13225435402094443, ""mean_reversion"": 0.10854190431339161, ""medium_momentum"": 0.1290816970920638, ""ridge"": 0.13481347776337024, ""risk_adjusted"": 0.12855879854999988, ""short_momentum"": 0.11521978536086334, ""trend"": 0.13398997870004214, ""volume_momentum"": 0.1175400041993245}",0.04385019890010063,0.5478361829745677,-0.051027891712936466,0.067173716232142,3189.TW,2013-07-02,2013-07-03
0.03695934708351608,542000,0,0.008673632201424447,0.008673632201424447,0.1320508837105652,D-1 estimated accounting; fill-day constraints require ledger audit,adaptive,V4_CAUSAL_7_EXPERTS_RIDGE_ANCHOR20,disabled,2013-07-02,neutral,0.019907250720743903,0.042460474439877216,-0.022371689238180115,0.9375,0.07277112270831819,0.609375,0.5078125,2013-06-17,2013-06-24,"{""long_momentum"": 0.13225435402094443, ""mean_reversion"": 0.10854190431339161, ""medium_momentum"": 0.1290816970920638, ""ridge"": 0.13481347776337024, ""risk_adjusted"": 0.12855879854999988, ""short_momentum"": 0.11521978536086334, ""trend"": 0.13398997870004214, ""volume_momentum"": 0.1175400041993245}",0.04305382211115255,0.5478361829745677,-0.04871325633034784,0.06396375340512253,3260.TWO,2013-07-02,2013-07-03
0.0364526463573711,611000,0,0.026495695475228793,0.026495695475228793,0.2941694058880435,D-1 estimated accounting; fill-day constraints require ledger audit,adaptive,V4_CAUSAL_7_EXPERTS_RIDGE_ANCHOR20,disabled,2013-07-02,neutral,0.019907250720743903,0.042460474439877216,-0.022371689238180115,0.9375,0.07277112270831819,0.609375,0.5078125,2013-06-17,2013-06-24,"{""long_momentum"": 0.13225435402094443, ""mean_reversion"": 0.10854190431339161, ""medium_momentum"": 0.1290816970920638, ""ridge"": 0.13481347776337024, ""risk_adjusted"": 0.12855879854999988, ""short_momentum"": 0.11521978536086334, ""trend"": 0.13398997870004214, ""volume_momentum"": 0.1175400041993245}",0.052328418972285955,0.7829161913732168,-0.05150772763204608,0.10240235125442945,3491.TWO,2013-07-02,2013-07-03
0.037952059717229876,451000,0,0.017719967523801214,0.017719967523801214,0.22198817807596755,D-1 estimated accounting; fill-day constraints require ledger audit,adaptive,V4_CAUSAL_7_EXPERTS_RIDGE_ANCHOR20,disabled,2013-07-02,neutral,0.019907250720743903,0.042460474439877216,-0.022371689238180115,0.9375,0.07277112270831819,0.609375,0.5078125,2013-06-17,2013-06-24,"{""long_momentum"": 0.13225435402094443, ""mean_reversion"": 0.10854190431339161, ""medium_momentum"": 0.1290816970920638, ""ridge"": 0.13481347776337024, ""risk_adjusted"": 0.12855879854999988, ""short_momentum"": 0.11521978536086334, ""trend"": 0.13398997870004214, ""volume_momentum"": 0.1175400041993245}",0.057409661882726774,0.7829161913732168,-0.06809947537661362,0.10144264309614184,3529.TWO,2013-07-02,2013-07-03
0.035509376493474916,451000,0,0.01956256404013205,0.01956256404013205,0.26184694231741223,D-1 estimated accounting; fill-day constraints require ledger audit,adaptive,V4_CAUSAL_7_EXPERTS_RIDGE_ANCHOR20,disabled,2013-07-02,neutral,0.019907250720743903,0.042460474439877216,-0.022371689238180115,0.9375,0.07277112270831819,0.609375,0.5078125,2013-06-17,2013-06-24,"{""long_momentum"": 0.13225435402094443, ""mean_reversion"": 0.10854190431339161, ""medium_momentum"": 0.1290816970920638, ""ridge"": 0.13481347776337024, ""risk_adjusted"": 0.12855879854999988, ""short_momentum"": 0.11521978536086334, ""trend"": 0.13398997870004214, ""volume_momentum"": 0.1175400041993245}",0.048878924023340126,0.7829161913732168,-0.0523638518182938,0.08939221257048371,4904.TW,2013-07-02,2013-07-03
0.03723533993084142,2070000,0,0.00867053818472034,0.00867053818472034,0.1221756787974091,D-1 estimated accounting; fill-day constraints require ledger audit,adaptive,V4_CAUSAL_7_EXPERTS_RIDGE_ANCHOR20,disabled,2013-07-02,neutral,0.019907250720743903,0.042460474439877216,-0.022371689238180115,0.9375,0.07277112270831819,0.609375,0.5078125,2013-06-17,2013-06-24,"{""long_momentum"": 0.13225435402094443, ""mean_reversion"": 0.10854190431339161, ""medium_momentum"": 0.1290816970920638, ""ridge"": 0.13481347776337024, ""risk_adjusted"": 0.12855879854999988, ""short_momentum"": 0.11521978536086334, ""trend"": 0.13398997870004214, ""volume_momentum"": 0.1175400041993245}",0.04516236400363829,0.5257985942732171,-0.055183946973883416,0.07042825601524991,6187.TWO,2013-07-02,2013-07-03
0.03751584123742064,644000,0,0.010183959867065153,0.010183959867065153,0.17965997133987485,D-1 estimated accounting; fill-day constraints require ledger audit,adaptive,V4_CAUSAL_7_EXPERTS_RIDGE_ANCHOR20,disabled,2013-07-02,neutral,0.019907250720743903,0.042460474439877216,-0.022371689238180115,0.9375,0.07277112270831819,0.609375,0.5078125,2013-06-17,2013-06-24,"{""long_momentum"": 0.13225435402094443, ""mean_reversion"": 0.10854190431339161, ""medium_momentum"": 0.1290816970920638, ""ridge"": 0.13481347776337024, ""risk_adjusted"": 0.12855879854999988, ""short_momentum"": 0.11521978536086334, ""trend"": 0.13398997870004214, ""volume_momentum"": 0.1175400041993245}",0.050984190669915254,0.7829161913732168,-0.0655524128737209,0.08382356527977702,6239.TW,2013-07-02,2013-07-03
0.03655145675601875,1020000,0,0.006535895034330025,0.006535895034330025,0.10852309530159664,D-1 estimated accounting; fill-day constraints require ledger audit,adaptive,V4_CAUSAL_7_EXPERTS_RIDGE_ANCHOR20,disabled,2013-07-02,neutral,0.019907250720743903,0.042460474439877216,-0.022371689238180115,0.9375,0.07277112270831819,0.609375,0.5078125,2013-06-17,2013-06-24,"{""long_momentum"": 0.13225435402094443, ""mean_reversion"": 0.10854190431339161, ""medium_momentum"": 0.1290816970920638, ""ridge"": 0.13481347776337024, ""risk_adjusted"": 0.12855879854999988, ""short_momentum"": 0.11521978536086334, ""trend"": 0.13398997870004214, ""volume_momentum"": 0.1175400041993245}",0.04215059102560934,0.5050517212363844,-0.04658070418987366,0.05755572693045951,8210.TW,2013-07-02,2013-07-03
0.03656548307369751,3187000,0,0.012792354235910724,0.012792354235910724,0.1832985668953667,D-1 estimated accounting; fill-day constraints require ledger audit,adaptive,V4_CAUSAL_7_EXPERTS_RIDGE_ANCHOR20,disabled,2013-07-02,neutral,0.019907250720743903,0.042460474439877216,-0.022371689238180115,0.9375,0.07277112270831819,0.609375,0.5078125,2013-06-17,2013-06-24,"{""long_momentum"": 0.13225435402094443, ""mean_reversion"": 0.10854190431339161, ""medium_momentum"": 0.1290816970920638, ""ridge"": 0.13481347776337024, ""risk_adjusted"": 0.12855879854999988, ""short_momentum"": 0.11521978536086334, ""trend"": 0.13398997870004214, ""volume_momentum"": 0.1175400041993245}",0.04592069949671016,0.6563780872879593,-0.05292440949076149,0.07641235063450874,8932.TWO,2013-07-02,2013-07-03
0.034842483095083275,501000,0,0.002841862795006845,0.002841862795006845,0.03263606745480952,D-1 estimated accounting; fill-day constraints require ledger audit,adaptive,V4_CAUSAL_7_EXPERTS_RIDGE_ANCHOR20,disabled,2013-07-03,neutral,0.02014978083695012,0.021218124480569367,-0.02865905696581289,0.7421875,0.07242233728582434,0.4453125,0.4375,2013-06-17,2013-06-24,"{""long_momentum"": 0.13225435402094443, ""mean_reversion"": 0.10854190431339161, ""medium_momentum"": 0.1290816970920638, ""ridge"": 0.13481347776337024, ""risk_adjusted"": 0.12855879854999988, ""short_momentum"": 0.11521978536086334, ""trend"": 0.13398997870004214, ""volume_momentum"": 0.1175400041993245}",0.051101565563278585,0.24530927844639197,-0.07309693524556207,0.07668389350750156,1301.TW,2013-07-03,2013-07-04
0.03360897249888255,574000,0,0.002103939684664973,0.002103939684664973,0.049986482527168204,D-1 estimated accounting; fill-day constraints require ledger audit,adaptive,V4_CAUSAL_7_EXPERTS_RIDGE_ANCHOR20,disabled,2013-07-03,neutral,0.02014978083695012,0.021218124480569367,-0.02865905696581289,0.7421875,0.07242233728582434,0.4453125,0.4375,2013-06-17,2013-06-24,"{""long_momentum"": 0.13225435402094443, ""mean_reversion"": 0.10854190431339161, ""medium_momentum"": 0.1290816970920638, ""ridge"": 0.13481347776337024, ""risk_adjusted"": 0.12855879854999988, ""short_momentum"": 0.11521978536086334, ""trend"": 0.13398997870004214, ""volume_momentum"": 0.1175400041993245}",0.06584329700596026,0.5132892358464762,-0.09518524761055722,0.09729635965181296,1303.TW,2013-07-03,2013-07-04
0.036329280977904374,1120000,0,0.007872854631450562,0.007872854631450562,0.23542703432617737,D-1 estimated accounting; fill-day constraints require ledger audit,adaptive,V4_CAUSAL_7_EXPERTS_RIDGE_ANCHOR20,disabled,2013-07-03,neutral,0.02014978083695012,0.021218124480569367,-0.02865905696581289,0.7421875,0.07242233728582434,0.4453125,0.4375,2013-06-17,2013-06-24,"{""long_momentum"": 0.13225435402094443, ""mean_reversion"": 0.10854190431339161, ""medium_momentum"": 0.1290816970920638, ""ridge"": 0.13481347776337024, ""risk_adjusted"": 0.12855879854999988, ""short_momentum"": 0.11521978536086334, ""trend"": 0.13398997870004214, ""volume_momentum"": 0.1175400041993245}",0.041805889754445213,1.0,-0.04265012632370239,0.05629906825852932,1402.TW,2013-07-03,2013-07-04
0.03629303235012328,690000,0,0.017540762555958947,0.017540762555958947,0.34553985818269123,D-1 estimated accounting; fill-day constraints require ledger audit,adaptive,V4_CAUSAL_7_EXPERTS_RIDGE_ANCHOR20,disabled,2013-07-03,neutral,0.02014978083695012,0.021218124480569367,-0.02865905696581289,0.7421875,0.07242233728582434,0.4453125,0.4375,2013-06-17,2013-06-24,"{""long_momentum"": 0.13225435402094443, ""mean_reversion"": 0.10854190431339161, ""medium_momentum"": 0.1290816970920638, ""ridge"": 0.13481347776337024, ""risk_adjusted"": 0.12855879854999988, ""short_momentum"": 0.11521978536086334, ""trend"": 0.13398997870004214, ""volume_momentum"": 0.1175400041993245}",0.04269270334435223,1.0,-0.038357719316636764,0.07134247710048046,2301.TW,2013-07-03,2013-07-04
0.03670679533264953,2505000,0,0.024808706167131076,0.024808706167131076,0.30023903591053386,D-1 estimated accounting; fill-day constraints require ledger audit,adaptive,V4_CAUSAL_7_EXPERTS_RIDGE_ANCHOR20,disabled,2013-07-03,neutral,0.02014978083695012,0.021218124480569367,-0.02865905696581289,0.7421875,0.07242233728582434,0.4453125,0.4375,2013-06-17,2013-06-24,"{""long_momentum"": 0.13225435402094443, ""mean_reversion"": 0.10854190431339161, ""medium_momentum"": 0.1290816970920638, ""ridge"": 0.13481347776337024, ""risk_adjusted"": 0.12855879854999988, ""short_momentum"": 0.11521978536086334, ""trend"": 0.13398997870004214, ""volume_momentum"": 0.1175400041993245}",0.04792175493482844,0.7829161913732168,-0.04524588201065334,0.0927665270168413,2303.TW,2013-07-03,2013-07-04
0.03727448911995451,1953000,0,0.010883287925831025,0.010883287925831025,0.20501325613754368,D-1 estimated accounting; fill-day constraints require ledger audit,adaptive,V4_CAUSAL_7_EXPERTS_RIDGE_ANCHOR20,disabled,2013-07-03,neutral,0.02014978083695012,0.021218124480569367,-0.02865905696581289,0.7421875,0.07242233728582434,0.4453125,0.4375,2013-06-17,2013-06-24,"{""long_momentum"": 0.13225435402094443, ""mean_reversion"": 0.10854190431339161, ""medium_momentum"": 0.1290816970920638, ""ridge"": 0.13481347776337024, ""risk_adjusted"": 0.12855879854999988, ""short_momentum"": 0.11521978536086334, ""trend"": 0.13398997870004214, ""volume_momentum"": 0.1175400041993245}",0.044772708294398646,0.7829161913732168,-0.051946614956496065,0.07161642348008392,2345.TW,2013-07-03,2013-07-04
0.0398675498118698,2175000,0,0.05156129722427438,0.05156129722427438,0.2966657996810955,D-1 estimated accounting; fill-day constraints require ledger audit,adaptive,V4_CAUSAL_7_EXPERTS_RIDGE_ANCHOR20,disabled,2013-07-03,neutral,0.02014978083695012,0.021218124480569367,-0.02865905696581289,0.7421875,0.07242233728582434,0.4453125,0.4375,2013-06-17,2013-06-24,"{""long_momentum"": 0.13225435402094443, ""mean_reversion"": 0.10854190431339161, ""medium_momentum"": 0.1290816970920638, ""ridge"": 0.13481347776337024, ""risk_adjusted"": 0.12855879854999988, ""short_momentum"": 0.11521978536086334, ""trend"": 0.13398997870004214, ""volume_momentum"": 0.1175400041993245}",0.09270685383850291,0.7829161913732168,-0.07753572984646195,0.1785615569669365,2356.TW,2013-07-03,2013-07-04
0.03693818240665216,2314000,0,0.004237823352995873,0.004237823352995873,0.11672251904043343,D-1 estimated accounting; fill-day constraints require ledger audit,adaptive,V4_CAUSAL_7_EXPERTS_RIDGE_ANCHOR20,disabled,2013-07-03,neutral,0.02014978083695012,0.021218124480569367,-0.02865905696581289,0.7421875,0.07242233728582434,0.4453125,0.4375,2013-06-17,2013-06-24,"{""long_momentum"": 0.13225435402094443, ""mean_reversion"": 0.10854190431339161, ""medium_momentum"": 0.1290816970920638, ""ridge"": 0.13481347776337024, ""risk_adjusted"": 0.12855879854999988, ""short_momentum"": 0.11521978536086334, ""trend"": 0.13398997870004214, ""volume_momentum"": 0.1175400041993245}",0.04255028107040024,0.6543573928232169,-0.05101021878106062,0.05738909815897816,2377.TW,2013-07-03,2013-07-04
0.035709681169429526,558000,0,0.005253280911479805,0.005253280911479805,0.04696645531540717,D-1 estimated accounting; fill-day constraints require ledger audit,adaptive,V4_CAUSAL_7_EXPERTS_RIDGE_ANCHOR20,disabled,2013-07-03,neutral,0.02014978083695012,0.021218124480569367,-0.02865905696581289,0.7421875,0.07242233728582434,0.4453125,0.4375,2013-06-17,2013-06-24,"{""long_momentum"": 0.13225435402094443, ""mean_reversion"": 0.10854190431339161, ""medium_momentum"": 0.1290816970920638, ""ridge"": 0.13481347776337024, ""risk_adjusted"": 0.12855879854999988, ""short_momentum"": 0.11521978536086334, ""trend"": 0.13398997870004214, ""volume_momentum"": 0.1175400041993245}",0.0438733974856893,0.24793412413638466,-0.05496887452195553,0.06337866901684094,2382.TW,2013-07-03,2013-07-04
0.03733506963913366,6200000,0,-0.003199451513280405,-0.003199451513280405,0.030431601288101715,D-1 estimated accounting; fill-day constraints require ledger audit,adaptive,V4_CAUSAL_7_EXPERTS_RIDGE_ANCHOR20,disabled,2013-07-03,neutral,0.02014978083695012,0.021218124480569367,-0.02865905696581289,0.7421875,0.07242233728582434,0.4453125,0.4375,2013-06-17,2013-06-24,"{""long_momentum"": 0.13225435402094443, ""mean_reversion"": 0.10854190431339161, ""medium_momentum"": 0.1290816970920638, ""ridge"": 0.13481347776337024, ""risk_adjusted"": 0.12855879854999988, ""short_momentum"": 0.11521978536086334, ""trend"": 0.13398997870004214, ""volume_momentum"": 0.1175400041993245}",0.045118261075738804,0.19788437903128633,-0.06694054525080206,0.05844487489616705,2408.TW,2013-07-03,2013-07-04
0.03500801849528359,355000,0,0.011408153645158788,0.011408153645158788,0.1985618037145181,D-1 estimated accounting; fill-day constraints require ledger audit,adaptive,V4_CAUSAL_7_EXPERTS_RIDGE_ANCHOR20,disabled,2013-07-03,neutral,0.02014978083695012,0.021218124480569367,-0.02865905696581289,0.7421875,0.07242233728582434,0.4453125,0.4375,2013-06-17,2013-06-24,"{""long_momentum"": 0.13225435402094443, ""mean_reversion"": 0.10854190431339161, ""medium_momentum"": 0.1290816970920638, ""ridge"": 0.13481347776337024, ""risk_adjusted"": 0.12855879854999988, ""short_momentum"": 0.11521978536086334, ""trend"": 0.13398997870004214, ""volume_momentum"": 0.1175400041993245}",0.04718446853401322,0.7695604292782733,-0.057125609277226666,0.07784514923947006,2412.TW,2013-07-03,2013-07-04
0.037316879876331845,1643000,0,0.006029542087390609,0.006029542087390609,0.10336157857394512,D-1 estimated accounting; fill-day constraints require ledger audit,adaptive,V4_CAUSAL_7_EXPERTS_RIDGE_ANCHOR20,disabled,2013-07-03,neutral,0.02014978083695012,0.021218124480569367,-0.02865905696581289,0.7421875,0.07242233728582434,0.4453125,0.4375,2013-06-17,2013-06-24,"{""long_momentum"": 0.13225435402094443, ""mean_reversion"": 0.10854190431339161, ""medium_momentum"": 0.1290816970920638, ""ridge"": 0.13481347776337024, ""risk_adjusted"": 0.12855879854999988, ""short_momentum"": 0.11521978536086334, ""trend"": 0.13398997870004214, ""volume_momentum"": 0.1175400041993245}",0.04507755113853589,0.5257985942732171,-0.05760632703672028,0.0675686438834273,2449.TW,2013-07-03,2013-07-04
0.03506974185314417,888000,0,0.0022823280890948423,0.0022823280890948423,0.032486309232378136,D-1 estimated accounting; fill-day constraints require ledger audit,adaptive,V4_CAUSAL_7_EXPERTS_RIDGE_ANCHOR20,disabled,2013-07-03,neutral,0.02014978083695012,0.021218124480569367,-0.02865905696581289,0.7421875,0.07242233728582434,0.4453125,0.4375,2013-06-17,2013-06-24,"{""long_momentum"": 0.13225435402094443, ""mean_reversion"": 0.10854190431339161, ""medium_momentum"": 0.1290816970920638, ""ridge"": 0.13481347776337024, ""risk_adjusted"": 0.12855879854999988, ""short_momentum"": 0.11521978536086334, ""trend"": 0.13398997870004214, ""volume_momentum"": 0.1175400041993245}",0.05014265999214919,0.2561716387464765,-0.0719743187129101,0.0744422075630256,2882.TW,2013-07-03,2013-07-04
0.03706195636692968,184000,0,0.016744248832921985,0.016744248832921985,0.25335663153902555,D-1 estimated accounting; fill-day constraints require ledger audit,adaptive,V4_CAUSAL_7_EXPERTS_RIDGE_ANCHOR20,disabled,2013-07-03,neutral,0.02014978083695012,0.021218124480569367,-0.02865905696581289,0.7421875,0.07242233728582434,0.4453125,0.4375,2013-06-17,2013-06-24,"{""long_momentum"": 0.13225435402094443, ""mean_reversion"": 0.10854190431339161, ""medium_momentum"": 0.1290816970920638, ""ridge"": 0.13481347776337024, ""risk_adjusted"": 0.12855879854999988, ""short_momentum"": 0.11521978536086334, ""trend"": 0.13398997870004214, ""volume_momentum"": 0.1175400041993245}",0.04544927350407092,0.7829161913732168,-0.047833375944410644,0.07922510628218042,2912.TW,2013-07-03,2013-07-04
0.035221331600712044,305000,0,0.012106099999353859,0.012106099999353859,0.2120995963654814,D-1 estimated accounting; fill-day constraints require ledger audit,adaptive,V4_CAUSAL_7_EXPERTS_RIDGE_ANCHOR20,disabled,2013-07-03,neutral,0.02014978083695012,0.021218124480569367,-0.02865905696581289,0.7421875,0.07242233728582434,0.4453125,0.4375,2013-06-17,2013-06-24,"{""long_momentum"": 0.13225435402094443, ""mean_reversion"": 0.10854190431339161, ""medium_momentum"": 0.1290816970920638, ""ridge"": 0.13481347776337024, ""risk_adjusted"": 0.12855879854999988, ""short_momentum"": 0.11521978536086334, ""trend"": 0.13398997870004214, ""volume_momentum"": 0.1175400041993245}",0.044959919381917623,0.7695604292782733,-0.05122262577202209,0.07333805844265562,3045.TW,2013-07-03,2013-07-04
0.03777612985219173,836000,0,0.047930217479581955,0.047930217479581955,0.3275022465597852,D-1 estimated accounting; fill-day constraints require ledger audit,adaptive,V4_CAUSAL_7_EXPERTS_RIDGE_ANCHOR20,disabled,2013-07-03,neutral,0.02014978083695012,0.021218124480569367,-0.02865905696581289,0.7421875,0.07242233728582434,0.4453125,0.4375,2013-06-17,2013-06-24,"{""long_momentum"": 0.13225435402094443, ""mean_reversion"": 0.10854190431339161, ""medium_momentum"": 0.1290816970920638, ""ridge"": 0.13481347776337024, ""risk_adjusted"": 0.12855879854999988, ""short_momentum"": 0.11521978536086334, ""trend"": 0.13398997870004214, ""volume_momentum"": 0.1175400041993245}",0.07360303446898309,0.7829161913732168,-0.05903951638010632,0.15280318401119602,3163.TWO,2013-07-03,2013-07-04
0.03752186083190228,318000,0,0.010772432191413866,0.010772432191413866,0.1988681754590814,D-1 estimated accounting; fill-day constraints require ledger audit,adaptive,V4_CAUSAL_7_EXPERTS_RIDGE_ANCHOR20,disabled,2013-07-03,neutral,0.02014978083695012,0.021218124480569367,-0.02865905696581289,0.7421875,0.07242233728582434,0.4453125,0.4375,2013-06-17,2013-06-24,"{""long_momentum"": 0.13225435402094443, ""mean_reversion"": 0.10854190431339161, ""medium_momentum"": 0.1290816970920638, ""ridge"": 0.13481347776337024, ""risk_adjusted"": 0.12855879854999988, ""short_momentum"": 0.11521978536086334, ""trend"": 0.13398997870004214, ""volume_momentum"": 0.1175400041993245}",0.04632142727849844,0.7829161913732168,-0.055871235638890404,0.07531933269364394,3189.TW,2013-07-03,2013-07-04
0.03725402374885311,542000,0,0.008229265236460316,0.008229265236460316,0.12107210872680073,D-1 estimated accounting; fill-day constraints require ledger audit,adaptive,V4_CAUSAL_7_EXPERTS_RIDGE_ANCHOR20,disabled,2013-07-03,neutral,0.02014978083695012,0.021218124480569367,-0.02865905696581289,0.7421875,0.07242233728582434,0.4453125,0.4375,2013-06-17,2013-06-24,"{""long_momentum"": 0.13225435402094443, ""mean_reversion"": 0.10854190431339161, ""medium_momentum"": 0.1290816970920638, ""ridge"": 0.13481347776337024, ""risk_adjusted"": 0.12855879854999988, ""short_momentum"": 0.11521978536086334, ""trend"": 0.13398997870004214, ""volume_momentum"": 0.1175400041993245}",0.04663150903199223,0.5478361829745677,-0.05910892625164737,0.07347068939649382,3260.TWO,2013-07-03,2013-07-04
0.03565037438675435,611000,0,0.02112342810295927,0.02112342810295927,0.27445057324259925,D-1 estimated accounting; fill-day constraints require ledger audit,adaptive,V4_CAUSAL_7_EXPERTS_RIDGE_ANCHOR20,disabled,2013-07-03,neutral,0.02014978083695012,0.021218124480569367,-0.02865905696581289,0.7421875,0.07242233728582434,0.4453125,0.4375,2013-06-17,2013-06-24,"{""long_momentum"": 0.13225435402094443, ""mean_reversion"": 0.10854190431339161, ""medium_momentum"": 0.1290816970920638, ""ridge"": 0.13481347776337024, ""risk_adjusted"": 0.12855879854999988, ""short_momentum"": 0.11521978536086334, ""trend"": 0.13398997870004214, ""volume_momentum"": 0.1175400041993245}",0.04712676156730606,0.7695604292782733,-0.0472879334154354,0.08743802229327972,3491.TWO,2013-07-03,2013-07-04
0.0376423875192744,451000,0,0.015317194485024355,0.015317194485024355,0.22592723928310487,D-1 estimated accounting; fill-day constraints require ledger audit,adaptive,V4_CAUSAL_7_EXPERTS_RIDGE_ANCHOR20,disabled,2013-07-03,neutral,0.02014978083695012,0.021218124480569367,-0.02865905696581289,0.7421875,0.07242233728582434,0.4453125,0.4375,2013-06-17,2013-06-24,"{""long_momentum"": 0.13225435402094443, ""mean_reversion"": 0.10854190431339161, ""medium_momentum"": 0.1290816970920638, ""ridge"": 0.13481347776337024, ""risk_adjusted"": 0.12855879854999988, ""short_momentum"": 0.11521978536086334, ""trend"": 0.13398997870004214, ""volume_momentum"": 0.1175400041993245}",0.05008892642398155,0.7829161913732168,-0.05884316648538702,0.08738078812736153,3529.TWO,2013-07-03,2013-07-04
0.03591483833360723,451000,0,0.023870445247392024,0.023870445247392024,0.3922754610600885,D-1 estimated accounting; fill-day constraints require ledger audit,adaptive,V4_CAUSAL_7_EXPERTS_RIDGE_ANCHOR20,disabled,2013-07-03,neutral,0.02014978083695012,0.021218124480569367,-0.02865905696581289,0.7421875,0.07242233728582434,0.4453125,0.4375,2013-06-17,2013-06-24,"{""long_momentum"": 0.13225435402094443, ""mean_reversion"": 0.10854190431339161, ""medium_momentum"": 0.1290816970920638, ""ridge"": 0.13481347776337024, ""risk_adjusted"": 0.12855879854999988, ""short_momentum"": 0.11521978536086334, ""trend"": 0.13398997870004214, ""volume_momentum"": 0.1175400041993245}",0.04472693239476864,1.0,-0.03883551267125045,0.08447963583796031,4904.TW,2013-07-03,2013-07-04
0.0374221519328461,2070000,0,0.006549659326135254,0.006549659326135254,0.10671106184038028,D-1 estimated accounting; fill-day constraints require ledger audit,adaptive,V4_CAUSAL_7_EXPERTS_RIDGE_ANCHOR20,disabled,2013-07-03,neutral,0.02014978083695012,0.021218124480569367,-0.02865905696581289,0.7421875,0.07242233728582434,0.4453125,0.4375,2013-06-17,2013-06-24,"{""long_momentum"": 0.13225435402094443, ""mean_reversion"": 0.10854190431339161, ""medium_momentum"": 0.1290816970920638, ""ridge"": 0.13481347776337024, ""risk_adjusted"": 0.12855879854999988, ""short_momentum"": 0.11521978536086334, ""trend"": 0.13398997870004214, ""volume_momentum"": 0.1175400041993245}",0.04535910470715897,0.5257985942732171,-0.05780332144440402,0.06880587276860033,6187.TWO,2013-07-03,2013-07-04
0.03802853609577576,644000,0,0.009662499407539913,0.009662499407539913,0.171420436776636,D-1 estimated accounting; fill-day constraints require ledger audit,adaptive,V4_CAUSAL_7_EXPERTS_RIDGE_ANCHOR20,disabled,2013-07-03,neutral,0.02014978083695012,0.021218124480569367,-0.02865905696581289,0.7421875,0.07242233728582434,0.4453125,0.4375,2013-06-17,2013-06-24,"{""long_momentum"": 0.13225435402094443, ""mean_reversion"": 0.10854190431339161, ""medium_momentum"": 0.1290816970920638, ""ridge"": 0.13481347776337024, ""risk_adjusted"": 0.12855879854999988, ""short_momentum"": 0.11521978536086334, ""trend"": 0.13398997870004214, ""volume_momentum"": 0.1175400041993245}",0.05230447610612774,0.7829161913732168,-0.06830146280552635,0.08552969429253197,6239.TW,2013-07-03,2013-07-04
0.036837592464559636,1020000,0,0.005267873008361424,0.005267873008361424,0.15300306987964615,D-1 estimated accounting; fill-day constraints require ledger audit,adaptive,V4_CAUSAL_7_EXPERTS_RIDGE_ANCHOR20,disabled,2013-07-03,neutral,0.02014978083695012,0.021218124480569367,-0.02865905696581289,0.7421875,0.07242233728582434,0.4453125,0.4375,2013-06-17,2013-06-24,"{""long_momentum"": 0.13225435402094443, ""mean_reversion"": 0.10854190431339161, ""medium_momentum"": 0.1290816970920638, ""ridge"": 0.13481347776337024, ""risk_adjusted"": 0.12855879854999988, ""short_momentum"": 0.11521978536086334, ""trend"": 0.13398997870004214, ""volume_momentum"": 0.1175400041993245}",0.04227279846662043,0.7829161913732168,-0.04856197707381224,0.057000955762460885,8210.TW,2013-07-03,2013-07-04
0.03594655588291568,3187000,0,0.008634921223943269,0.008634921223943269,0.06279024483096914,D-1 estimated accounting; fill-day constraints require ledger audit,adaptive,V4_CAUSAL_7_EXPERTS_RIDGE_ANCHOR20,disabled,2013-07-03,neutral,0.02014978083695012,0.021218124480569367,-0.02865905696581289,0.7421875,0.07242233728582434,0.4453125,0.4375,2013-06-17,2013-06-24,"{""long_momentum"": 0.13225435402094443, ""mean_reversion"": 0.10854190431339161, ""medium_momentum"": 0.1290816970920638, ""ridge"": 0.13481347776337024, ""risk_adjusted"": 0.12855879854999988, ""short_momentum"": 0.11521978536086334, ""trend"": 0.13398997870004214, ""volume_momentum"": 0.1175400041993245}",0.04636740719458052,0.2763170266954966,-0.058112922100115455,0.0732859972199278,8932.TWO,2013-07-03,2013-07-04
0.03547211141247794,501000,0,0.002542258438327197,0.002542258438327197,0.07492069182000154,D-1 estimated accounting; fill-day constraints require ledger audit,adaptive,V4_CAUSAL_7_EXPERTS_RIDGE_ANCHOR20,disabled,2013-07-04,risk_off,0.020941552530294963,0.003371715571400813,-0.030269589633983074,0.515625,0.06900862882939268,0.3984375,0.390625,2013-06-17,2013-06-24,"{""long_momentum"": 0.13225435402094443, ""mean_reversion"": 0.10854190431339161, ""medium_momentum"": 0.1290816970920638, ""ridge"": 0.13481347776337024, ""risk_adjusted"": 0.12855879854999988, ""short_momentum"": 0.11521978536086334, ""trend"": 0.13398997870004214, ""volume_momentum"": 0.1175400041993245}",0.04330124705730475,0.5050517212363844,-0.05576508864734915,0.05875283819592935,1301.TW,2013-07-04,2013-07-05
0.03387267457815433,574000,0,0.0006867777185516522,0.0006867777185516522,0.05201344286076458,D-1 estimated accounting; fill-day constraints require ledger audit,adaptive,V4_CAUSAL_7_EXPERTS_RIDGE_ANCHOR20,disabled,2013-07-04,risk_off,0.020941552530294963,0.003371715571400813,-0.030269589633983074,0.515625,0.06900862882939268,0.3984375,0.390625,2013-06-17,2013-06-24,"{""long_momentum"": 0.13225435402094443, ""mean_reversion"": 0.10854190431339161, ""medium_momentum"": 0.1290816970920638, ""ridge"": 0.13481347776337024, ""risk_adjusted"": 0.12855879854999988, ""short_momentum"": 0.11521978536086334, ""trend"": 0.13398997870004214, ""volume_momentum"": 0.1175400041993245}",0.05043259506355681,0.5132892358464762,-0.0740855468347576,0.07336233494378672,1303.TW,2013-07-04,2013-07-05
0.03667118163487241,1120000,0,0.008517536826911731,0.008517536826911731,0.24336212745384755,D-1 estimated accounting; fill-day constraints require ledger audit,adaptive,V4_CAUSAL_7_EXPERTS_RIDGE_ANCHOR20,disabled,2013-07-04,risk_off,0.020941552530294963,0.003371715571400813,-0.030269589633983074,0.515625,0.06900862882939268,0.3984375,0.390625,2013-06-17,2013-06-24,"{""long_momentum"": 0.13225435402094443, ""mean_reversion"": 0.10854190431339161, ""medium_momentum"": 0.1290816970920638, ""ridge"": 0.13481347776337024, ""risk_adjusted"": 0.12855879854999988, ""short_momentum"": 0.11521978536086334, ""trend"": 0.13398997870004214, ""volume_momentum"": 0.1175400041993245}",0.0420274116346161,1.0,-0.04379843661574348,0.058736742941492746,1402.TW,2013-07-04,2013-07-05
0.03678801125580478,690000,0,0.015270020339625904,0.015270020339625904,0.3207714729175483,D-1 estimated accounting; fill-day constraints require ledger audit,adaptive,V4_CAUSAL_7_EXPERTS_RIDGE_ANCHOR20,disabled,2013-07-04,risk_off,0.020941552530294963,0.003371715571400813,-0.030269589633983074,0.515625,0.06900862882939268,0.3984375,0.390625,2013-06-17,2013-06-24,"{""long_momentum"": 0.13225435402094443, ""mean_reversion"": 0.10854190431339161, ""medium_momentum"": 0.1290816970920638, ""ridge"": 0.13481347776337024, ""risk_adjusted"": 0.12855879854999988, ""short_momentum"": 0.11521978536086334, ""trend"": 0.13398997870004214, ""volume_momentum"": 0.1175400041993245}",0.04292144788933393,1.0,-0.04159407733808643,0.07003735068926403,2301.TW,2013-07-04,2013-07-05
0.037249063308183485,2505000,0,0.027582448712385552,0.027582448712385552,0.30103206730878407,D-1 estimated accounting; fill-day constraints require ledger audit,adaptive,V4_CAUSAL_7_EXPERTS_RIDGE_ANCHOR20,disabled,2013-07-04,risk_off,0.020941552530294963,0.003371715571400813,-0.030269589633983074,0.515625,0.06900862882939268,0.3984375,0.390625,2013-06-17,2013-06-24,"{""long_momentum"": 0.13225435402094443, ""mean_reversion"": 0.10854190431339161, ""medium_momentum"": 0.1290816970920638, ""ridge"": 0.13481347776337024, ""risk_adjusted"": 0.12855879854999988, ""short_momentum"": 0.11521978536086334, ""trend"": 0.13398997870004214, ""volume_momentum"": 0.1175400041993245}",0.05071154532021992,0.7695604292782733,-0.04768010189605272,0.10074823199274963,2303.TW,2013-07-04,2013-07-05
0.037467830261777364,1953000,0,0.010419150399198942,0.010419150399198942,0.20638525063991484,D-1 estimated accounting; fill-day constraints require ledger audit,adaptive,V4_CAUSAL_7_EXPERTS_RIDGE_ANCHOR20,disabled,2013-07-04,risk_off,0.020941552530294963,0.003371715571400813,-0.030269589633983074,0.515625,0.06900862882939268,0.3984375,0.390625,2013-06-17,2013-06-24,"{""long_momentum"": 0.13225435402094443, ""mean_reversion"": 0.10854190431339161, ""medium_momentum"": 0.1290816970920638, ""ridge"": 0.13481347776337024, ""risk_adjusted"": 0.12855879854999988, ""short_momentum"": 0.11521978536086334, ""trend"": 0.13398997870004214, ""volume_momentum"": 0.1175400041993245}",0.04207511318563749,0.7695604292782733,-0.042218485384443775,0.060960018854767456,2345.TW,2013-07-04,2013-07-05
0.04006997222272638,2175000,0,0.05271061547471181,0.05271061547471181,0.3501165312089398,D-1 estimated accounting; fill-day constraints require ledger audit,adaptive,V4_CAUSAL_7_EXPERTS_RIDGE_ANCHOR20,disabled,2013-07-04,risk_off,0.020941552530294963,0.003371715571400813,-0.030269589633983074,0.515625,0.06900862882939268,0.3984375,0.390625,2013-06-17,2013-06-24,"{""long_momentum"": 0.13225435402094443, ""mean_reversion"": 0.10854190431339161, ""medium_momentum"": 0.1290816970920638, ""ridge"": 0.13481347776337024, ""risk_adjusted"": 0.12855879854999988, ""short_momentum"": 0.11521978536086334, ""trend"": 0.13398997870004214, ""volume_momentum"": 0.1175400041993245}",0.07133948996661592,0.7829161913732168,-0.05149500093794416,0.15481946455929357,2356.TW,2013-07-04,2013-07-05
0.03699312905933099,2314000,0,0.0039053667515641793,0.0039053667515641793,0.08958751394004749,D-1 estimated accounting; fill-day constraints require ledger audit,adaptive,V4_CAUSAL_7_EXPERTS_RIDGE_ANCHOR20,disabled,2013-07-04,risk_off,0.020941552530294963,0.003371715571400813,-0.030269589633983074,0.515625,0.06900862882939268,0.3984375,0.390625,2013-06-17,2013-06-24,"{""long_momentum"": 0.13225435402094443, ""mean_reversion"": 0.10854190431339161, ""medium_momentum"": 0.1290816970920638, ""ridge"": 0.13481347776337024, ""risk_adjusted"": 0.12855879854999988, ""short_momentum"": 0.11521978536086334, ""trend"": 0.13398997870004214, ""volume_momentum"": 0.1175400041993245}",0.04203355496928742,0.5124428321782736,-0.048452960613162156,0.054166926788216316,2377.TW,2013-07-04,2013-07-05
0.03684002009899943,558000,0,0.008080859839728873,0.008080859839728873,0.1839855022482636,D-1 estimated accounting; fill-day constraints require ledger audit,adaptive,V4_CAUSAL_7_EXPERTS_RIDGE_ANCHOR20,disabled,2013-07-04,risk_off,0.020941552530294963,0.003371715571400813,-0.030269589633983074,0.515625,0.06900862882939268,0.3984375,0.390625,2013-06-17,2013-06-24,"{""long_momentum"": 0.13225435402094443, ""mean_reversion"": 0.10854190431339161, ""medium_momentum"": 0.1290816970920638, ""ridge"": 0.13481347776337024, ""risk_adjusted"": 0.12855879854999988, ""short_momentum"": 0.11521978536086334, ""trend"": 0.13398997870004214, ""volume_momentum"": 0.1175400041993245}",0.04258231383679405,0.7829161913732168,-0.04731730999518805,0.0613822623465716,2382.TW,2013-07-04,2013-07-05
0.03523692996056848,6200000,0,-0.0026751664463639966,-0.0026751664463639966,0.02216190348609544,D-1 estimated accounting; fill-day constraints require ledger audit,adaptive,V4_CAUSAL_7_EXPERTS_RIDGE_ANCHOR20,disabled,2013-07-04,risk_off,0.020941552530294963,0.003371715571400813,-0.030269589633983074,0.515625,0.06900862882939268,0.3984375,0.390625,2013-06-17,2013-06-24,"{""long_momentum"": 0.13225435402094443, ""mean_reversion"": 0.10854190431339161, ""medium_momentum"": 0.1290816970920638, ""ridge"": 0.13481347776337024, ""risk_adjusted"": 0.12855879854999988, ""short_momentum"": 0.11521978536086334, ""trend"": 0.13398997870004214, ""volume_momentum"": 0.1175400041993245}",0.07848313492483762,0.2487805278045874,-0.11547570182056205,0.10802860159975985,2408.TW,2013-07-04,2013-07-05
0.03539092687675947,355000,0,0.008568768425178456,0.008568768425178456,0.19109337409568075,D-1 estimated accounting; fill-day constraints require ledger audit,adaptive,V4_CAUSAL_7_EXPERTS_RIDGE_ANCHOR20,disabled,2013-07-04,risk_off,0.020941552530294963,0.003371715571400813,-0.030269589633983074,0.515625,0.06900862882939268,0.3984375,0.390625,2013-06-17,2013-06-24,"{""long_momentum"": 0.13225435402094443, ""mean_reversion"": 0.10854190431339161, ""medium_momentum"": 0.1290816970920638, ""ridge"": 0.13481347776337024, ""risk_adjusted"": 0.12855879854999988, ""short_momentum"": 0.11521978536086334, ""trend"": 0.13398997870004214, ""volume_momentum"": 0.1175400041993245}",0.04202294712926468,0.7829161913732168,-0.043716243138959374,0.058757012661242086,2412.TW,2013-07-04,2013-07-05
0.037609674867777984,1643000,0,0.008306284859271026,0.008306284859271026,0.12172139431658943,D-1 estimated accounting; fill-day constraints require ledger audit,adaptive,V4_CAUSAL_7_EXPERTS_RIDGE_ANCHOR20,disabled,2013-07-04,risk_off,0.020941552530294963,0.003371715571400813,-0.030269589633983074,0.515625,0.06900862882939268,0.3984375,0.390625,2013-06-17,2013-06-24,"{""long_momentum"": 0.13225435402094443, ""mean_reversion"": 0.10854190431339161, ""medium_momentum"": 0.1290816970920638, ""ridge"": 0.13481347776337024, ""risk_adjusted"": 0.12855879854999988, ""short_momentum"": 0.11521978536086334, ""trend"": 0.13398997870004214, ""volume_momentum"": 0.1175400041993245}",0.04271271112199997,0.5124428321782736,-0.04768026187053549,0.06219606426100334,2449.TW,2013-07-04,2013-07-05
0.03588589884296804,888000,0,0.0008296051491061276,0.0008296051491061276,0.029945052348820497,D-1 estimated accounting; fill-day constraints require ledger audit,adaptive,V4_CAUSAL_7_EXPERTS_RIDGE_ANCHOR20,disabled,2013-07-04,risk_off,0.020941552530294963,0.003371715571400813,-0.030269589633983074,0.515625,0.06900862882939268,0.3984375,0.390625,2013-06-17,2013-06-24,"{""long_momentum"": 0.13225435402094443, ""mean_reversion"": 0.10854190431339161, ""medium_momentum"": 0.1290816970920638, ""ridge"": 0.13481347776337024, ""risk_adjusted"": 0.12855879854999988, ""short_momentum"": 0.11521978536086334, ""trend"": 0.13398997870004214, ""volume_momentum"": 0.1175400041993245}",0.04404105418037196,0.2561716387464765,-0.05991008009850049,0.059472523068638546,2882.TW,2013-07-04,2013-07-05
0.037259135264646054,184000,0,0.01695677629083333,0.01695677629083333,0.2583628286072181,D-1 estimated accounting; fill-day constraints require ledger audit,adaptive,V4_CAUSAL_7_EXPERTS_RIDGE_ANCHOR20,disabled,2013-07-04,risk_off,0.020941552530294963,0.003371715571400813,-0.030269589633983074,0.515625,0.06900862882939268,0.3984375,0.390625,2013-06-17,2013-06-24,"{""long_momentum"": 0.13225435402094443, ""mean_reversion"": 0.10854190431339161, ""medium_momentum"": 0.1290816970920638, ""ridge"": 0.13481347776337024, ""risk_adjusted"": 0.12855879854999988, ""short_momentum"": 0.11521978536086334, ""trend"": 0.13398997870004214, ""volume_momentum"": 0.1175400041993245}",0.044578784420908756,0.7829161913732168,-0.04534238668429515,0.0771591719378876,2912.TW,2013-07-04,2013-07-05
0.03549768454122926,305000,0,0.007831034347594839,0.007831034347594839,0.18111938922944804,D-1 estimated accounting; fill-day constraints require ledger audit,adaptive,V4_CAUSAL_7_EXPERTS_RIDGE_ANCHOR20,disabled,2013-07-04,risk_off,0.020941552530294963,0.003371715571400813,-0.030269589633983074,0.515625,0.06900862882939268,0.3984375,0.390625,2013-06-17,2013-06-24,"{""long_momentum"": 0.13225435402094443, ""mean_reversion"": 0.10854190431339161, ""medium_momentum"": 0.1290816970920638, ""ridge"": 0.13481347776337024, ""risk_adjusted"": 0.12855879854999988, ""short_momentum"": 0.11521978536086334, ""trend"": 0.13398997870004214, ""volume_momentum"": 0.1175400041993245}",0.04263306911220509,0.7829161913732168,-0.047800320468886034,0.06136562183600151,3045.TW,2013-07-04,2013-07-05
0.036841643789713795,836000,0,0.042180102398251255,0.042180102398251255,0.32788723091215594,D-1 estimated accounting; fill-day constraints require ledger audit,adaptive,V4_CAUSAL_7_EXPERTS_RIDGE_ANCHOR20,disabled,2013-07-04,risk_off,0.020941552530294963,0.003371715571400813,-0.030269589633983074,0.515625,0.06900862882939268,0.3984375,0.390625,2013-06-17,2013-06-24,"{""long_momentum"": 0.13225435402094443, ""mean_reversion"": 0.10854190431339161, ""medium_momentum"": 0.1290816970920638, ""ridge"": 0.13481347776337024, ""risk_adjusted"": 0.12855879854999988, ""short_momentum"": 0.11521978536086334, ""trend"": 0.13398997870004214, ""volume_momentum"": 0.1175400041993245}",0.06355290710012217,0.7695604292782733,-0.05211868867359041,0.13438212614201872,3163.TWO,2013-07-04,2013-07-05
0.03700822430894114,318000,0,0.011724923352330881,0.011724923352330881,0.21717642640739138,D-1 estimated accounting; fill-day constraints require ledger audit,adaptive,V4_CAUSAL_7_EXPERTS_RIDGE_ANCHOR20,disabled,2013-07-04,risk_off,0.020941552530294963,0.003371715571400813,-0.030269589633983074,0.515625,0.06900862882939268,0.3984375,0.390625,2013-06-17,2013-06-24,"{""long_momentum"": 0.13225435402094443, ""mean_reversion"": 0.10854190431339161, ""medium_momentum"": 0.1290816970920638, ""ridge"": 0.13481347776337024, ""risk_adjusted"": 0.12855879854999988, ""short_momentum"": 0.11521978536086334, ""trend"": 0.13398997870004214, ""volume_momentum"": 0.1175400041993245}",0.04253951619840632,0.7695604292782733,-0.043472127942169994,0.06482520731875756,3189.TW,2013-07-04,2013-07-05
0.0354543015549547,542000,0,-0.00043639952243051277,-0.00043639952243051277,0.0015790464026838131,D-1 estimated accounting; fill-day constraints require ledger audit,adaptive,V4_CAUSAL_7_EXPERTS_RIDGE_ANCHOR20,disabled,2013-07-04,risk_off,0.020941552530294963,0.003371715571400813,-0.030269589633983074,0.515625,0.06900862882939268,0.3984375,0.390625,2013-06-17,2013-06-24,"{""long_momentum"": 0.13225435402094443, ""mean_reversion"": 0.10854190431339161, ""medium_momentum"": 0.1290816970920638, ""ridge"": 0.13481347776337024, ""risk_adjusted"": 0.12855879854999988, ""short_momentum"": 0.11521978536086334, ""trend"": 0.13398997870004214, ""volume_momentum"": 0.1175400041993245}",0.06066410880113499,0.019199429595496892,-0.09084430434375164,0.08787473797081641,3260.TWO,2013-07-04,2013-07-05
0.035557761097660935,611000,0,0.016526158795847956,0.016526158795847956,0.22255226290856894,D-1 estimated accounting; fill-day constraints require ledger audit,adaptive,V4_CAUSAL_7_EXPERTS_RIDGE_ANCHOR20,disabled,2013-07-04,risk_off,0.020941552530294963,0.003371715571400813,-0.030269589633983074,0.515625,0.06900862882939268,0.3984375,0.390625,2013-06-17,2013-06-24,"{""long_momentum"": 0.13225435402094443, ""mean_reversion"": 0.10854190431339161, ""medium_momentum"": 0.1290816970920638, ""ridge"": 0.13481347776337024, ""risk_adjusted"": 0.12855879854999988, ""short_momentum"": 0.11521978536086334, ""trend"": 0.13398997870004214, ""volume_momentum"": 0.1175400041993245}",0.05290885160191512,0.7695604292782733,-0.06242468918996387,0.09338023945358559,3491.TWO,2013-07-04,2013-07-05
0.03692972901096833,451000,0,0.01623584390061663,0.01623584390061663,0.24332361653129836,D-1 estimated accounting; fill-day constraints require ledger audit,adaptive,V4_CAUSAL_7_EXPERTS_RIDGE_ANCHOR20,disabled,2013-07-04,risk_off,0.020941552530294963,0.003371715571400813,-0.030269589633983074,0.515625,0.06900862882939268,0.3984375,0.390625,2013-06-17,2013-06-24,"{""long_momentum"": 0.13225435402094443, ""mean_reversion"": 0.10854190431339161, ""medium_momentum"": 0.1290816970920638, ""ridge"": 0.13481347776337024, ""risk_adjusted"": 0.12855879854999988, ""short_momentum"": 0.11521978536086334, ""trend"": 0.13398997870004214, ""volume_momentum"": 0.1175400041993245}",0.04709244360504094,0.7829161913732168,-0.05210247625834289,0.08247739673150195,3529.TWO,2013-07-04,2013-07-05
0.03619663265343051,451000,0,0.0202889920144079,0.0202889920144079,0.2831715983145985,D-1 estimated accounting; fill-day constraints require ledger audit,adaptive,V4_CAUSAL_7_EXPERTS_RIDGE_ANCHOR20,disabled,2013-07-04,risk_off,0.020941552530294963,0.003371715571400813,-0.030269589633983074,0.515625,0.06900862882939268,0.3984375,0.390625,2013-06-17,2013-06-24,"{""long_momentum"": 0.13225435402094443, ""mean_reversion"": 0.10854190431339161, ""medium_momentum"": 0.1290816970920638, ""ridge"": 0.13481347776337024, ""risk_adjusted"": 0.12855879854999988, ""short_momentum"": 0.11521978536086334, ""trend"": 0.13398997870004214, ""volume_momentum"": 0.1175400041993245}",0.04463031285031027,0.7829161913732168,-0.042152666175540934,0.08063388287628254,4904.TW,2013-07-04,2013-07-05
0.03750565718138869,2070000,0,0.00914726812408574,0.00914726812408574,0.1282600184203124,D-1 estimated accounting; fill-day constraints require ledger audit,adaptive,V4_CAUSAL_7_EXPERTS_RIDGE_ANCHOR20,disabled,2013-07-04,risk_off,0.020941552530294963,0.003371715571400813,-0.030269589633983074,0.515625,0.06900862882939268,0.3984375,0.390625,2013-06-17,2013-06-24,"{""long_momentum"": 0.13225435402094443, ""mean_reversion"": 0.10854190431339161, ""medium_momentum"": 0.1290816970920638, ""ridge"": 0.13481347776337024, ""risk_adjusted"": 0.12855879854999988, ""short_momentum"": 0.11521978536086334, ""trend"": 0.13398997870004214, ""volume_momentum"": 0.1175400041993245}",0.04237592775862892,0.5124428321782736,-0.04523744778873101,0.06143521670882829,6187.TWO,2013-07-04,2013-07-05
0.03721504191368396,644000,0,0.009160649853754787,0.009160649853754787,0.18235645927164082,D-1 estimated accounting; fill-day constraints require ledger audit,adaptive,V4_CAUSAL_7_EXPERTS_RIDGE_ANCHOR20,disabled,2013-07-04,risk_off,0.020941552530294963,0.003371715571400813,-0.030269589633983074,0.515625,0.06900862882939268,0.3984375,0.390625,2013-06-17,2013-06-24,"{""long_momentum"": 0.13225435402094443, ""mean_reversion"": 0.10854190431339161, ""medium_momentum"": 0.1290816970920638, ""ridge"": 0.13481347776337024, ""risk_adjusted"": 0.12855879854999988, ""short_momentum"": 0.11521978536086334, ""trend"": 0.13398997870004214, ""volume_momentum"": 0.1175400041993245}",0.04559854827852421,0.7695604292782733,-0.05578389935387886,0.07200843173331424,6239.TW,2013-07-04,2013-07-05
0.0366606022750616,1020000,0,0.0033120495139928596,0.0033120495139928596,0.0819626162992317,D-1 estimated accounting; fill-day constraints require ledger audit,adaptive,V4_CAUSAL_7_EXPERTS_RIDGE_ANCHOR20,disabled,2013-07-04,risk_off,0.020941552530294963,0.003371715571400813,-0.030269589633983074,0.515625,0.06900862882939268,0.3984375,0.390625,2013-06-17,2013-06-24,"{""long_momentum"": 0.13225435402094443, ""mean_reversion"": 0.10854190431339161, ""medium_momentum"": 0.1290816970920638, ""ridge"": 0.13481347776337024, ""risk_adjusted"": 0.12855879854999988, ""short_momentum"": 0.11521978536086334, ""trend"": 0.13398997870004214, ""volume_momentum"": 0.1175400041993245}",0.04290660483835116,0.5050517212363844,-0.0534919181849164,0.05801924988482792,8210.TW,2013-07-04,2013-07-05
0.03622859906436966,3187000,0,0.004661172375394272,0.004661172375394272,0.0453795777236111,D-1 estimated accounting; fill-day constraints require ledger audit,adaptive,V4_CAUSAL_7_EXPERTS_RIDGE_ANCHOR20,disabled,2013-07-04,risk_off,0.020941552530294963,0.003371715571400813,-0.030269589633983074,0.515625,0.06900862882939268,0.3984375,0.390625,2013-06-17,2013-06-24,"{""long_momentum"": 0.13225435402094443, ""mean_reversion"": 0.10854190431339161, ""medium_momentum"": 0.1290816970920638, ""ridge"": 0.13481347776337024, ""risk_adjusted"": 0.12855879854999988, ""short_momentum"": 0.11521978536086334, ""trend"": 0.13398997870004214, ""volume_momentum"": 0.1175400041993245}",0.04916587183865187,0.2763170266954966,-0.06780718042426083,0.07503275784697518,8932.TWO,2013-07-04,2013-07-05
0.035788722850928545,501000,0,0.002432153110570743,0.002432153110570743,0.11479929735528951,D-1 estimated accounting; fill-day constraints require ledger audit,adaptive,V4_CAUSAL_7_EXPERTS_RIDGE_ANCHOR20,disabled,2013-07-05,neutral,0.02062558398684355,0.0,-0.009402515879452289,0.4921875,0.06914925226262464,0.515625,0.4765625,2013-06-17,2013-06-24,"{""long_momentum"": 0.13225435402094443, ""mean_reversion"": 0.10854190431339161, ""medium_momentum"": 0.1290816970920638, ""ridge"": 0.13481347776337024, ""risk_adjusted"": 0.12855879854999988, ""short_momentum"": 0.11521978536086334, ""trend"": 0.13398997870004214, ""volume_momentum"": 0.1175400041993245}",0.04325415892339874,0.7829161913732168,-0.05570511064639408,0.058472649539461366,1301.TW,2013-07-05,2013-07-08
0.03429049499673071,574000,0,-9.120469679890113e-05,-9.120469679890113e-05,0.030004994522273832,D-1 estimated accounting; fill-day constraints require ledger audit,adaptive,V4_CAUSAL_7_EXPERTS_RIDGE_ANCHOR20,disabled,2013-07-05,neutral,0.02062558398684355,0.0,-0.009402515879452289,0.4921875,0.06914925226262464,0.515625,0.4765625,2013-06-17,2013-06-24,"{""long_momentum"": 0.13225435402094443, ""mean_reversion"": 0.10854190431339161, ""medium_momentum"": 0.1290816970920638, ""ridge"": 0.13481347776337024, ""risk_adjusted"": 0.12855879854999988, ""short_momentum"": 0.11521978536086334, ""trend"": 0.13398997870004214, ""volume_momentum"": 0.1175400041993245}",0.043181783558338016,0.28449666325140577,-0.05796257021995896,0.05568339349828695,1303.TW,2013-07-05,2013-07-08
0.03659785144769931,1120000,0,0.010201946836314917,0.010201946836314917,0.2025468035690769,D-1 estimated accounting; fill-day constraints require ledger audit,adaptive,V4_CAUSAL_7_EXPERTS_RIDGE_ANCHOR20,disabled,2013-07-05,neutral,0.02062558398684355,0.0,-0.009402515879452289,0.4921875,0.06914925226262464,0.515625,0.4765625,2013-06-17,2013-06-24,"{""long_momentum"": 0.13225435402094443, ""mean_reversion"": 0.10854190431339161, ""medium_momentum"": 0.1290816970920638, ""ridge"": 0.13481347776337024, ""risk_adjusted"": 0.12855879854999988, ""short_momentum"": 0.11521978536086334, ""trend"": 0.13398997870004214, ""volume_momentum"": 0.1175400041993245}",0.04255663798000983,0.7695604292782733,-0.04507607749643898,0.06338320384099462,1402.TW,2013-07-05,2013-07-08
0.03683567058525429,690000,0,0.012767447374885561,0.012767447374885561,0.22062622449413988,D-1 estimated accounting; fill-day constraints require ledger audit,adaptive,V4_CAUSAL_7_EXPERTS_RIDGE_ANCHOR20,disabled,2013-07-05,neutral,0.02062558398684355,0.0,-0.009402515879452289,0.4921875,0.06914925226262464,0.515625,0.4765625,2013-06-17,2013-06-24,"{""long_momentum"": 0.13225435402094443, ""mean_reversion"": 0.10854190431339161, ""medium_momentum"": 0.1290816970920638, ""ridge"": 0.13481347776337024, ""risk_adjusted"": 0.12855879854999988, ""short_momentum"": 0.11521978536086334, ""trend"": 0.13398997870004214, ""volume_momentum"": 0.1175400041993245}",0.04528227511872916,0.7829161913732168,-0.05139225827008883,0.07483038569178574,2301.TW,2013-07-05,2013-07-08
0.0373237395718183,2505000,0,0.031700752892963424,0.031700752892963424,0.31273291542206677,D-1 estimated accounting; fill-day constraints require ledger audit,adaptive,V4_CAUSAL_7_EXPERTS_RIDGE_ANCHOR20,disabled,2013-07-05,neutral,0.02062558398684355,0.0,-0.009402515879452289,0.4921875,0.06914925226262464,0.515625,0.4765625,2013-06-17,2013-06-24,"{""long_momentum"": 0.13225435402094443, ""mean_reversion"": 0.10854190431339161, ""medium_momentum"": 0.1290816970920638, ""ridge"": 0.13481347776337024, ""risk_adjusted"": 0.12855879854999988, ""short_momentum"": 0.11521978536086334, ""trend"": 0.13398997870004214, ""volume_momentum"": 0.1175400041993245}",0.05517833069089719,0.7829161913732168,-0.05080639982642146,0.1121111382842741,2303.TW,2013-07-05,2013-07-08
0.037162442283517866,1953000,0,0.009041570268453336,0.009041570268453336,0.2513477460564654,D-1 estimated accounting; fill-day constraints require ledger audit,adaptive,V4_CAUSAL_7_EXPERTS_RIDGE_ANCHOR20,disabled,2013-07-05,neutral,0.02062558398684355,0.0,-0.009402515879452289,0.4921875,0.06914925226262464,0.515625,0.4765625,2013-06-17,2013-06-24,"{""long_momentum"": 0.13225435402094443, ""mean_reversion"": 0.10854190431339161, ""medium_momentum"": 0.1290816970920638, ""ridge"": 0.13481347776337024, ""risk_adjusted"": 0.12855879854999988, ""short_momentum"": 0.11521978536086334, ""trend"": 0.13398997870004214, ""volume_momentum"": 0.1175400041993245}",0.04182354286169938,1.0,-0.041650450836567085,0.057636824045399555,2345.TW,2013-07-05,2013-07-08
0.03930543151339778,2175000,0,0.05032227145380834,0.05032227145380834,0.38633917058010725,D-1 estimated accounting; fill-day constraints require ledger audit,adaptive,V4_CAUSAL_7_EXPERTS_RIDGE_ANCHOR20,disabled,2013-07-05,neutral,0.02062558398684355,0.0,-0.009402515879452289,0.4921875,0.06914925226262464,0.515625,0.4765625,2013-06-17,2013-06-24,"{""long_momentum"": 0.13225435402094443, ""mean_reversion"": 0.10854190431339161, ""medium_momentum"": 0.1290816970920638, ""ridge"": 0.13481347776337024, ""risk_adjusted"": 0.12855879854999988, ""short_momentum"": 0.11521978536086334, ""trend"": 0.13398997870004214, ""volume_momentum"": 0.1175400041993245}",0.056788291913853046,0.7829161913732168,-0.034590351909623354,0.13313812748916581,2356.TW,2013-07-05,2013-07-08
0.036808091516927106,2314000,0,0.009927303968139818,0.009927303968139818,0.20005761950289122,D-1 estimated accounting; fill-day constraints require ledger audit,adaptive,V4_CAUSAL_7_EXPERTS_RIDGE_ANCHOR20,disabled,2013-07-05,neutral,0.02062558398684355,0.0,-0.009402515879452289,0.4921875,0.06914925226262464,0.515625,0.4765625,2013-06-17,2013-06-24,"{""long_momentum"": 0.13225435402094443, ""mean_reversion"": 0.10854190431339161, ""medium_momentum"": 0.1290816970920638, ""ridge"": 0.13481347776337024, ""risk_adjusted"": 0.12855879854999988, ""short_momentum"": 0.11521978536086334, ""trend"": 0.13398997870004214, ""volume_momentum"": 0.1175400041993245}",0.04249346549934319,0.7695604292782733,-0.04504840531007446,0.0628062459182799,2377.TW,2013-07-05,2013-07-08
0.0371018991827923,558000,0,0.01365707356000865,0.01365707356000865,0.22921581367142863,D-1 estimated accounting; fill-day constraints require ledger audit,adaptive,V4_CAUSAL_7_EXPERTS_RIDGE_ANCHOR20,disabled,2013-07-05,neutral,0.02062558398684355,0.0,-0.009402515879452289,0.4921875,0.06914925226262464,0.515625,0.4765625,2013-06-17,2013-06-24,"{""long_momentum"": 0.13225435402094443, ""mean_reversion"": 0.10854190431339161, ""medium_momentum"": 0.1290816970920638, ""ridge"": 0.13481347776337024, ""risk_adjusted"": 0.12855879854999988, ""short_momentum"": 0.11521978536086334, ""trend"": 0.13398997870004214, ""volume_momentum"": 0.1175400041993245}",0.04506856883703093,0.7829161913732168,-0.049955505665958654,0.07517288545790175,2382.TW,2013-07-05,2013-07-08
0.03494972531793116,6200000,0,0.0005600323573128584,0.0005600323573128584,0.018084423889430174,D-1 estimated accounting; fill-day constraints require ledger audit,adaptive,V4_CAUSAL_7_EXPERTS_RIDGE_ANCHOR20,disabled,2013-07-05,neutral,0.02062558398684355,0.0,-0.009402515879452289,0.4921875,0.06914925226262464,0.515625,0.4765625,2013-06-17,2013-06-24,"{""long_momentum"": 0.13225435402094443, ""mean_reversion"": 0.10854190431339161, ""medium_momentum"": 0.1290816970920638, ""ridge"": 0.13481347776337024, ""risk_adjusted"": 0.12855879854999988, ""short_momentum"": 0.11521978536086334, ""trend"": 0.13398997870004214, ""volume_momentum"": 0.1175400041993245}",0.07092721395587127,0.2487805278045874,-0.10313741968573653,0.10216071707228805,2408.TW,2013-07-05,2013-07-08
0.03549607270070482,355000,0,0.006549951039183632,0.006549951039183632,0.1157290450423023,D-1 estimated accounting; fill-day constraints require ledger audit,adaptive,V4_CAUSAL_7_EXPERTS_RIDGE_ANCHOR20,disabled,2013-07-05,neutral,0.02062558398684355,0.0,-0.009402515879452289,0.4921875,0.06914925226262464,0.515625,0.4765625,2013-06-17,2013-06-24,"{""long_momentum"": 0.13225435402094443, ""mean_reversion"": 0.10854190431339161, ""medium_momentum"": 0.1290816970920638, ""ridge"": 0.13481347776337024, ""risk_adjusted"": 0.12855879854999988, ""short_momentum"": 0.11521978536086334, ""trend"": 0.13398997870004214, ""volume_momentum"": 0.1175400041993245}",0.04358813392890602,0.5524766206514901,-0.052749518183299884,0.06375265293359296,2412.TW,2013-07-05,2013-07-08
0.037716690968713724,1643000,0,0.014273185259868107,0.014273185259868107,0.3099545077511364,D-1 estimated accounting; fill-day constraints require ledger audit,adaptive,V4_CAUSAL_7_EXPERTS_RIDGE_ANCHOR20,disabled,2013-07-05,neutral,0.02062558398684355,0.0,-0.009402515879452289,0.4921875,0.06914925226262464,0.515625,0.4765625,2013-06-17,2013-06-24,"{""long_momentum"": 0.13225435402094443, ""mean_reversion"": 0.10854190431339161, ""medium_momentum"": 0.1290816970920638, ""ridge"": 0.13481347776337024, ""risk_adjusted"": 0.12855879854999988, ""short_momentum"": 0.11521978536086334, ""trend"": 0.13398997870004214, ""volume_momentum"": 0.1175400041993245}",0.04290750506047599,1.0,-0.04253443843895256,0.06898404163061458,2449.TW,2013-07-05,2013-07-08
0.03595112732810343,888000,0,0.0014003287889861648,0.0014003287889861648,0.07042122194726468,D-1 estimated accounting; fill-day constraints require ledger audit,adaptive,V4_CAUSAL_7_EXPERTS_RIDGE_ANCHOR20,disabled,2013-07-05,neutral,0.02062558398684355,0.0,-0.009402515879452289,0.4921875,0.06914925226262464,0.515625,0.4765625,2013-06-17,2013-06-24,"{""long_momentum"": 0.13225435402094443, ""mean_reversion"": 0.10854190431339161, ""medium_momentum"": 0.1290816970920638, ""ridge"": 0.13481347776337024, ""risk_adjusted"": 0.12855879854999988, ""short_momentum"": 0.11521978536086334, ""trend"": 0.13398997870004214, ""volume_momentum"": 0.1175400041993245}",0.04217665312517352,0.5344804208796242,-0.051874270881548765,0.05257816113144689,2882.TW,2013-07-05,2013-07-08
0.03751256560167891,184000,0,0.020749491798655206,0.020749491798655206,0.27615385645032386,D-1 estimated accounting; fill-day constraints require ledger audit,adaptive,V4_CAUSAL_7_EXPERTS_RIDGE_ANCHOR20,disabled,2013-07-05,neutral,0.02062558398684355,0.0,-0.009402515879452289,0.4921875,0.06914925226262464,0.515625,0.4765625,2013-06-17,2013-06-24,"{""long_momentum"": 0.13225435402094443, ""mean_reversion"": 0.10854190431339161, ""medium_momentum"": 0.1290816970920638, ""ridge"": 0.13481347776337024, ""risk_adjusted"": 0.12855879854999988, ""short_momentum"": 0.11521978536086334, ""trend"": 0.13398997870004214, ""volume_momentum"": 0.1175400041993245}",0.04725218309349122,0.7829161913732168,-0.04792723724463081,0.08732945351386702,2912.TW,2013-07-05,2013-07-08
0.03597709593988597,305000,0,0.011222410798091356,0.011222410798091356,0.20678515734280828,D-1 estimated accounting; fill-day constraints require ledger audit,adaptive,V4_CAUSAL_7_EXPERTS_RIDGE_ANCHOR20,disabled,2013-07-05,neutral,0.02062558398684355,0.0,-0.009402515879452289,0.4921875,0.06914925226262464,0.515625,0.4765625,2013-06-17,2013-06-24,"{""long_momentum"": 0.13225435402094443, ""mean_reversion"": 0.10854190431339161, ""medium_momentum"": 0.1290816970920638, ""ridge"": 0.13481347776337024, ""risk_adjusted"": 0.12855879854999988, ""short_momentum"": 0.11521978536086334, ""trend"": 0.13398997870004214, ""volume_momentum"": 0.1175400041993245}",0.04519780059492499,0.7829161913732168,-0.05272273749122866,0.07307079175933717,3045.TW,2013-07-05,2013-07-08
0.036920244717232105,836000,0,0.0371709261812188,0.0371709261812188,0.3162712322686859,D-1 estimated accounting; fill-day constraints require ledger audit,adaptive,V4_CAUSAL_7_EXPERTS_RIDGE_ANCHOR20,disabled,2013-07-05,neutral,0.02062558398684355,0.0,-0.009402515879452289,0.4921875,0.06914925226262464,0.515625,0.4765625,2013-06-17,2013-06-24,"{""long_momentum"": 0.13225435402094443, ""mean_reversion"": 0.10854190431339161, ""medium_momentum"": 0.1290816970920638, ""ridge"": 0.13481347776337024, ""risk_adjusted"": 0.12855879854999988, ""short_momentum"": 0.11521978536086334, ""trend"": 0.13398997870004214, ""volume_momentum"": 0.1175400041993245}",0.060440607034394175,0.7695604292782733,-0.05292949161864596,0.12517457665300935,3163.TWO,2013-07-05,2013-07-08
0.03670658242784692,318000,0,0.009027376916139866,0.009027376916139866,0.19302714113254713,D-1 estimated accounting; fill-day constraints require ledger audit,adaptive,V4_CAUSAL_7_EXPERTS_RIDGE_ANCHOR20,disabled,2013-07-05,neutral,0.02062558398684355,0.0,-0.009402515879452289,0.4921875,0.06914925226262464,0.515625,0.4765625,2013-06-17,2013-06-24,"{""long_momentum"": 0.13225435402094443, ""mean_reversion"": 0.10854190431339161, ""medium_momentum"": 0.1290816970920638, ""ridge"": 0.13481347776337024, ""risk_adjusted"": 0.12855879854999988, ""short_momentum"": 0.11521978536086334, ""trend"": 0.13398997870004214, ""volume_momentum"": 0.1175400041993245}",0.041896956511251714,0.7695604292782733,-0.0423084703131069,0.05826645681731242,3189.TW,2013-07-05,2013-07-08
0.03527453427228094,542000,0,-0.0011746319212271828,-0.0011746319212271828,0.0019141392426695021,D-1 estimated accounting; fill-day constraints require ledger audit,adaptive,V4_CAUSAL_7_EXPERTS_RIDGE_ANCHOR20,disabled,2013-07-05,neutral,0.02062558398684355,0.0,-0.009402515879452289,0.4921875,0.06914925226262464,0.515625,0.4765625,2013-06-17,2013-06-24,"{""long_momentum"": 0.13225435402094443, ""mean_reversion"": 0.10854190431339161, ""medium_momentum"": 0.1290816970920638, ""ridge"": 0.13481347776337024, ""risk_adjusted"": 0.12855879854999988, ""short_momentum"": 0.11521978536086334, ""trend"": 0.13398997870004214, ""volume_momentum"": 0.1175400041993245}",0.05575890363722953,0.019199429595496892,-0.08455914435399178,0.08011311318346323,3260.TWO,2013-07-05,2013-07-08
0.035637239282197086,611000,0,0.012955615525105291,0.012955615525105291,0.21543315239345934,D-1 estimated accounting; fill-day constraints require ledger audit,adaptive,V4_CAUSAL_7_EXPERTS_RIDGE_ANCHOR20,disabled,2013-07-05,neutral,0.02062558398684355,0.0,-0.009402515879452289,0.4921875,0.06914925226262464,0.515625,0.4765625,2013-06-17,2013-06-24,"{""long_momentum"": 0.13225435402094443, ""mean_reversion"": 0.10854190431339161, ""medium_momentum"": 0.1290816970920638, ""ridge"": 0.13481347776337024, ""risk_adjusted"": 0.12855879854999988, ""short_momentum"": 0.11521978536086334, ""trend"": 0.13398997870004214, ""volume_momentum"": 0.1175400041993245}",0.04618461098106904,0.7695604292782733,-0.05337549870764687,0.07718996242978324,3491.TWO,2013-07-05,2013-07-08
0.0362197212836914,451000,0,0.017505846972126704,0.017505846972126704,0.26521721936652626,D-1 estimated accounting; fill-day constraints require ledger audit,adaptive,V4_CAUSAL_7_EXPERTS_RIDGE_ANCHOR20,disabled,2013-07-05,neutral,0.02062558398684355,0.0,-0.009402515879452289,0.4921875,0.06914925226262464,0.515625,0.4765625,2013-06-17,2013-06-24,"{""long_momentum"": 0.13225435402094443, ""mean_reversion"": 0.10854190431339161, ""medium_momentum"": 0.1290816970920638, ""ridge"": 0.13481347776337024, ""risk_adjusted"": 0.12855879854999988, ""short_momentum"": 0.11521978536086334, ""trend"": 0.13398997870004214, ""volume_momentum"": 0.1175400041993245}",0.04279764010352019,0.7695604292782733,-0.03884642349342132,0.07176135010960052,3529.TWO,2013-07-05,2013-07-08
0.03612883114245253,451000,0,0.015019602734522677,0.015019602734522677,0.24101178472964804,D-1 estimated accounting; fill-day constraints require ledger audit,adaptive,V4_CAUSAL_7_EXPERTS_RIDGE_ANCHOR20,disabled,2013-07-05,neutral,0.02062558398684355,0.0,-0.009402515879452289,0.4921875,0.06914925226262464,0.515625,0.4765625,2013-06-17,2013-06-24,"{""long_momentum"": 0.13225435402094443, ""mean_reversion"": 0.10854190431339161, ""medium_momentum"": 0.1290816970920638, ""ridge"": 0.13481347776337024, ""risk_adjusted"": 0.12855879854999988, ""short_momentum"": 0.11521978536086334, ""trend"": 0.13398997870004214, ""volume_momentum"": 0.1175400041993245}",0.04501319698230061,0.7829161913732168,-0.04844881286602471,0.07639125100699587,4904.TW,2013-07-05,2013-07-08
0.037408364030563135,2070000,0,0.010670702728052027,0.010670702728052027,0.2120163059736857,D-1 estimated accounting; fill-day constraints require ledger audit,adaptive,V4_CAUSAL_7_EXPERTS_RIDGE_ANCHOR20,disabled,2013-07-05,neutral,0.02062558398684355,0.0,-0.009402515879452289,0.4921875,0.06914925226262464,0.515625,0.4765625,2013-06-17,2013-06-24,"{""long_momentum"": 0.13225435402094443, ""mean_reversion"": 0.10854190431339161, ""medium_momentum"": 0.1290816970920638, ""ridge"": 0.13481347776337024, ""risk_adjusted"": 0.12855879854999988, ""short_momentum"": 0.11521978536086334, ""trend"": 0.13398997870004214, ""volume_momentum"": 0.1175400041993245}",0.04219676571803586,0.7829161913732168,-0.04272350829195683,0.061968146419986686,6187.TWO,2013-07-05,2013-07-08
0.036911714330222146,644000,0,0.009390039348529425,0.009390039348529425,0.19276386544873503,D-1 estimated accounting; fill-day constraints require ledger audit,adaptive,V4_CAUSAL_7_EXPERTS_RIDGE_ANCHOR20,disabled,2013-07-05,neutral,0.02062558398684355,0.0,-0.009402515879452289,0.4921875,0.06914925226262464,0.515625,0.4765625,2013-06-17,2013-06-24,"{""long_momentum"": 0.13225435402094443, ""mean_reversion"": 0.10854190431339161, ""medium_momentum"": 0.1290816970920638, ""ridge"": 0.13481347776337024, ""risk_adjusted"": 0.12855879854999988, ""short_momentum"": 0.11521978536086334, ""trend"": 0.13398997870004214, ""volume_momentum"": 0.1175400041993245}",0.04305851218682379,0.7695604292782733,-0.04801495163777854,0.0646982630067632,6239.TW,2013-07-05,2013-07-08
0.03656722760996738,1020000,0,0.004733187355578612,0.004733187355578612,0.14539495069834185,D-1 estimated accounting; fill-day constraints require ledger audit,adaptive,V4_CAUSAL_7_EXPERTS_RIDGE_ANCHOR20,disabled,2013-07-05,neutral,0.02062558398684355,0.0,-0.009402515879452289,0.4921875,0.06914925226262464,0.515625,0.4765625,2013-06-17,2013-06-24,"{""long_momentum"": 0.13225435402094443, ""mean_reversion"": 0.10854190431339161, ""medium_momentum"": 0.1290816970920638, ""ridge"": 0.13481347776337024, ""risk_adjusted"": 0.12855879854999988, ""short_momentum"": 0.11521978536086334, ""trend"": 0.13398997870004214, ""volume_momentum"": 0.1175400041993245}",0.041783566174228536,0.7695604292782733,-0.0455660716181405,0.05293567900122352,8210.TW,2013-07-05,2013-07-08
0.03801872706098676,3187000,0,0.011347338627802845,0.011347338627802845,0.13108338150121976,D-1 estimated accounting; fill-day constraints require ledger audit,adaptive,V4_CAUSAL_7_EXPERTS_RIDGE_ANCHOR20,disabled,2013-07-05,neutral,0.02062558398684355,0.0,-0.009402515879452289,0.4921875,0.06914925226262464,0.515625,0.4765625,2013-06-17,2013-06-24,"{""long_momentum"": 0.13225435402094443, ""mean_reversion"": 0.10854190431339161, ""medium_momentum"": 0.1290816970920638, ""ridge"": 0.13481347776337024, ""risk_adjusted"": 0.12855879854999988, ""short_momentum"": 0.11521978536086334, ""trend"": 0.13398997870004214, ""volume_momentum"": 0.1175400041993245}",0.051973019705071594,0.5478361829745677,-0.0660670985442234,0.08666500847175487,8932.TWO,2013-07-05,2013-07-08
0.035619930810989,501000,0,0.0009240966528753043,0.0009240966528753043,0.09325316602507248,D-1 estimated accounting; fill-day constraints require ledger audit,adaptive,V4_CAUSAL_7_EXPERTS_RIDGE_ANCHOR20,disabled,2013-07-08,neutral,0.019744005854119947,-0.0136986820351932,-0.011235911279385391,0.2677165354330709,0.07752032894616506,0.4251968503937008,0.4094488188976378,2013-06-17,2013-06-24,"{""long_momentum"": 0.13225435402094443, ""mean_reversion"": 0.10854190431339161, ""medium_momentum"": 0.1290816970920638, ""ridge"": 0.13481347776337024, ""risk_adjusted"": 0.12855879854999988, ""short_momentum"": 0.11521978536086334, ""trend"": 0.13398997870004214, ""volume_momentum"": 0.1175400041993245}",0.04381224353260366,0.7829161913732168,-0.05910495933944607,0.058856385317122464,1301.TW,2013-07-08,2013-07-09
0.033396339194549415,574000,0,-0.0055013277323749145,-0.0055013277323749145,0.10072594607057271,D-1 estimated accounting; fill-day constraints require ledger audit,adaptive,V4_CAUSAL_7_EXPERTS_RIDGE_ANCHOR20,disabled,2013-07-08,neutral,0.019744005854119947,-0.0136986820351932,-0.011235911279385391,0.2677165354330709,0.07752032894616506,0.4251968503937008,0.4094488188976378,2013-06-17,2013-06-24,"{""long_momentum"": 0.13225435402094443, ""mean_reversion"": 0.10854190431339161, ""medium_momentum"": 0.1290816970920638, ""ridge"": 0.13481347776337024, ""risk_adjusted"": 0.12855879854999988, ""short_momentum"": 0.11521978536086334, ""trend"": 0.13398997870004214, ""volume_momentum"": 0.1175400041993245}",0.043012376505731933,0.5132892358464762,-0.0627270376772077,0.04962761488438368,1303.TW,2013-07-08,2013-07-09
0.03567236973248584,1120000,0,0.003527783180332858,0.003527783180332858,0.08208650975760123,D-1 estimated accounting; fill-day constraints require ledger audit,adaptive,V4_CAUSAL_7_EXPERTS_RIDGE_ANCHOR20,disabled,2013-07-08,neutral,0.019744005854119947,-0.0136986820351932,-0.011235911279385391,0.2677165354330709,0.07752032894616506,0.4251968503937008,0.4094488188976378,2013-06-17,2013-06-24,"{""long_momentum"": 0.13225435402094443, ""mean_reversion"": 0.10854190431339161, ""medium_momentum"": 0.1290816970920638, ""ridge"": 0.13481347776337024, ""risk_adjusted"": 0.12855879854999988, ""short_momentum"": 0.11521978536086334, ""trend"": 0.13398997870004214, ""volume_momentum"": 0.1175400041993245}",0.043940906087564444,0.5050517212363844,-0.05690479229176689,0.06186359132435841,1402.TW,2013-07-08,2013-07-09
0.03596559447987596,690000,0,0.007230072518205592,0.007230072518205592,0.17101956415400732,D-1 estimated accounting; fill-day constraints require ledger audit,adaptive,V4_CAUSAL_7_EXPERTS_RIDGE_ANCHOR20,disabled,2013-07-08,neutral,0.019744005854119947,-0.0136986820351932,-0.011235911279385391,0.2677165354330709,0.07752032894616506,0.4251968503937008,0.4094488188976378,2013-06-17,2013-06-24,"{""long_momentum"": 0.13225435402094443, ""mean_reversion"": 0.10854190431339161, ""medium_momentum"": 0.1290816970920638, ""ridge"": 0.13481347776337024, ""risk_adjusted"": 0.12855879854999988, ""short_momentum"": 0.11521978536086334, ""trend"": 0.13398997870004214, ""volume_momentum"": 0.1175400041993245}",0.042803279389644955,0.7695604292782733,-0.0491460399931756,0.06150941770151259,2301.TW,2013-07-08,2013-07-09
0.03559152009847774,2505000,0,0.021722569086988226,0.021722569086988226,0.26936868586887197,D-1 estimated accounting; fill-day constraints require ledger audit,adaptive,V4_CAUSAL_7_EXPERTS_RIDGE_ANCHOR20,disabled,2013-07-08,neutral,0.019744005854119947,-0.0136986820351932,-0.011235911279385391,0.2677165354330709,0.07752032894616506,0.4251968503937008,0.4094488188976378,2013-06-17,2013-06-24,"{""long_momentum"": 0.13225435402094443, ""mean_reversion"": 0.10854190431339161, ""medium_momentum"": 0.1290816970920638, ""ridge"": 0.13481347776337024, ""risk_adjusted"": 0.12855879854999988, ""short_momentum"": 0.11521978536086334, ""trend"": 0.13398997870004214, ""volume_momentum"": 0.1175400041993245}",0.049621240779655997,0.7695604292782733,-0.05158978406632828,0.09293815491223054,2303.TW,2013-07-08,2013-07-09
0.037197027596986246,1953000,0,0.008045553047209017,0.008045553047209017,0.18001846166634183,D-1 estimated accounting; fill-day constraints require ledger audit,adaptive,V4_CAUSAL_7_EXPERTS_RIDGE_ANCHOR20,disabled,2013-07-08,neutral,0.019744005854119947,-0.0136986820351932,-0.011235911279385391,0.2677165354330709,0.07752032894616506,0.4251968503937008,0.4094488188976378,2013-06-17,2013-06-24,"{""long_momentum"": 0.13225435402094443, ""mean_reversion"": 0.10854190431339161, ""medium_momentum"": 0.1290816970920638, ""ridge"": 0.13481347776337024, ""risk_adjusted"": 0.12855879854999988, ""short_momentum"": 0.11521978536086334, ""trend"": 0.13398997870004214, ""volume_momentum"": 0.1175400041993245}",0.04272284598394279,0.7695604292782733,-0.0479853159346954,0.061979654701039236,2345.TW,2013-07-08,2013-07-09
0.04054747672916489,2175000,0,0.0498179341738916,0.0498179341738916,0.37667765832598654,D-1 estimated accounting; fill-day constraints require ledger audit,adaptive,V4_CAUSAL_7_EXPERTS_RIDGE_ANCHOR20,disabled,2013-07-08,neutral,0.019744005854119947,-0.0136986820351932,-0.011235911279385391,0.2677165354330709,0.07752032894616506,0.4251968503937008,0.4094488188976378,2013-06-17,2013-06-24,"{""long_momentum"": 0.13225435402094443, ""mean_reversion"": 0.10854190431339161, ""medium_momentum"": 0.1290816970920638, ""ridge"": 0.13481347776337024, ""risk_adjusted"": 0.12855879854999988, ""short_momentum"": 0.11521978536086334, ""trend"": 0.13398997870004214, ""volume_momentum"": 0.1175400041993245}",0.05911993098409104,0.7829161913732168,-0.038443879530626925,0.13598298055033592,2356.TW,2013-07-08,2013-07-09
0.03684234705302922,2314000,0,0.005528863831951513,0.005528863831951513,0.15469731147438337,D-1 estimated accounting; fill-day constraints require ledger audit,adaptive,V4_CAUSAL_7_EXPERTS_RIDGE_ANCHOR20,disabled,2013-07-08,neutral,0.019744005854119947,-0.0136986820351932,-0.011235911279385391,0.2677165354330709,0.07752032894616506,0.4251968503937008,0.4094488188976378,2013-06-17,2013-06-24,"{""long_momentum"": 0.13225435402094443, ""mean_reversion"": 0.10854190431339161, ""medium_momentum"": 0.1290816970920638, ""ridge"": 0.13481347776337024, ""risk_adjusted"": 0.12855879854999988, ""short_momentum"": 0.11521978536086334, ""trend"": 0.13398997870004214, ""volume_momentum"": 0.1175400041993245}",0.04184823886689414,0.7695604292782733,-0.04538950992791703,0.054350470263745856,2377.TW,2013-07-08,2013-07-09
0.0370238935209203,558000,0,0.01144874276527857,0.01144874276527857,0.1932153068254185,D-1 estimated accounting; fill-day constraints require ledger audit,adaptive,V4_CAUSAL_7_EXPERTS_RIDGE_ANCHOR20,disabled,2013-07-08,neutral,0.019744005854119947,-0.0136986820351932,-0.011235911279385391,0.2677165354330709,0.07752032894616506,0.4251968503937008,0.4094488188976378,2013-06-17,2013-06-24,"{""long_momentum"": 0.13225435402094443, ""mean_reversion"": 0.10854190431339161, ""medium_momentum"": 0.1290816970920638, ""ridge"": 0.13481347776337024, ""risk_adjusted"": 0.12855879854999988, ""short_momentum"": 0.11521978536086334, ""trend"": 0.13398997870004214, ""volume_momentum"": 0.1175400041993245}",0.05020222423241214,0.7829161913732168,-0.06291437264201805,0.08371509084450098,2382.TW,2013-07-08,2013-07-09
0.03373288524115883,6200000,0,-0.010516932310011592,-0.010516932310011592,0.037802751879145405,D-1 estimated accounting; fill-day constraints require ledger audit,adaptive,V4_CAUSAL_7_EXPERTS_RIDGE_ANCHOR20,disabled,2013-07-08,neutral,0.019744005854119947,-0.0136986820351932,-0.011235911279385391,0.2677165354330709,0.07752032894616506,0.4251968503937008,0.4094488188976378,2013-06-17,2013-06-24,"{""long_momentum"": 0.13225435402094443, ""mean_reversion"": 0.10854190431339161, ""medium_momentum"": 0.1290816970920638, ""ridge"": 0.13481347776337024, ""risk_adjusted"": 0.12855879854999988, ""short_momentum"": 0.11521978536086334, ""trend"": 0.13398997870004214, ""volume_momentum"": 0.1175400041993245}",0.08660025276514037,0.2487805278045874,-0.13271955405901642,0.10958892211091904,2408.TW,2013-07-08,2013-07-09
0.03535002904213205,355000,0,0.007223876130931695,0.007223876130931695,0.17445148247403294,D-1 estimated accounting; fill-day constraints require ledger audit,adaptive,V4_CAUSAL_7_EXPERTS_RIDGE_ANCHOR20,disabled,2013-07-08,neutral,0.019744005854119947,-0.0136986820351932,-0.011235911279385391,0.2677165354330709,0.07752032894616506,0.4251968503937008,0.4094488188976378,2013-06-17,2013-06-24,"{""long_momentum"": 0.13225435402094443, ""mean_reversion"": 0.10854190431339161, ""medium_momentum"": 0.1290816970920638, ""ridge"": 0.13481347776337024, ""risk_adjusted"": 0.12855879854999988, ""short_momentum"": 0.11521978536086334, ""trend"": 0.13398997870004214, ""volume_momentum"": 0.1175400041993245}",0.042635334054751575,0.7829161913732168,-0.04841775608497031,0.060768741018759495,2412.TW,2013-07-08,2013-07-09
0.03808294816602079,1643000,0,0.009405233309343532,0.009405233309343532,0.1904504249193051,D-1 estimated accounting; fill-day constraints require ledger audit,adaptive,V4_CAUSAL_7_EXPERTS_RIDGE_ANCHOR20,disabled,2013-07-08,neutral,0.019744005854119947,-0.0136986820351932,-0.011235911279385391,0.2677165354330709,0.07752032894616506,0.4251968503937008,0.4094488188976378,2013-06-17,2013-06-24,"{""long_momentum"": 0.13225435402094443, ""mean_reversion"": 0.10854190431339161, ""medium_momentum"": 0.1290816970920638, ""ridge"": 0.13481347776337024, ""risk_adjusted"": 0.12855879854999988, ""short_momentum"": 0.11521978536086334, ""trend"": 0.13398997870004214, ""volume_momentum"": 0.1175400041993245}",0.044812751650114696,0.7829161913732168,-0.053532441300529934,0.0702461405911428,2449.TW,2013-07-08,2013-07-09
0.035805557540783295,888000,0,-0.0029787997853936562,-0.0029787997853936562,0.0033623089045053704,D-1 estimated accounting; fill-day constraints require ledger audit,adaptive,V4_CAUSAL_7_EXPERTS_RIDGE_ANCHOR20,disabled,2013-07-08,neutral,0.019744005854119947,-0.0136986820351932,-0.011235911279385391,0.2677165354330709,0.07752032894616506,0.4251968503937008,0.4094488188976378,2013-06-17,2013-06-24,"{""long_momentum"": 0.13225435402094443, ""mean_reversion"": 0.10854190431339161, ""medium_momentum"": 0.1290816970920638, ""ridge"": 0.13481347776337024, ""risk_adjusted"": 0.12855879854999988, ""short_momentum"": 0.11521978536086334, ""trend"": 0.13398997870004214, ""volume_momentum"": 0.1175400041993245}",0.043498552045673176,0.021692831390355827,-0.061976068536105544,0.053921701637244024,2882.TW,2013-07-08,2013-07-09
0.03875568764401342,184000,0,0.022427554394731673,0.022427554394731673,0.25461470643753664,D-1 estimated accounting; fill-day constraints require ledger audit,adaptive,V4_CAUSAL_7_EXPERTS_RIDGE_ANCHOR20,disabled,2013-07-08,neutral,0.019744005854119947,-0.0136986820351932,-0.011235911279385391,0.2677165354330709,0.07752032894616506,0.4251968503937008,0.4094488188976378,2013-06-17,2013-06-24,"{""long_momentum"": 0.13225435402094443, ""mean_reversion"": 0.10854190431339161, ""medium_momentum"": 0.1290816970920638, ""ridge"": 0.13481347776337024, ""risk_adjusted"": 0.12855879854999988, ""short_momentum"": 0.11521978536086334, ""trend"": 0.13398997870004214, ""volume_momentum"": 0.1175400041993245}",0.056909586714880694,0.7829161913732168,-0.06266296708204294,0.1054213085434321,2912.TW,2013-07-08,2013-07-09
0.034163881794787056,305000,0,0.00996637766518534,0.00996637766518534,0.19717779831253285,D-1 estimated accounting; fill-day constraints require ledger audit,adaptive,V4_CAUSAL_7_EXPERTS_RIDGE_ANCHOR20,disabled,2013-07-08,neutral,0.019744005854119947,-0.0136986820351932,-0.011235911279385391,0.2677165354330709,0.07752032894616506,0.4251968503937008,0.4094488188976378,2013-06-17,2013-06-24,"{""long_momentum"": 0.13225435402094443, ""mean_reversion"": 0.10854190431339161, ""medium_momentum"": 0.1290816970920638, ""ridge"": 0.13481347776337024, ""risk_adjusted"": 0.12855879854999988, ""short_momentum"": 0.11521978536086334, ""trend"": 0.13398997870004214, ""volume_momentum"": 0.1175400041993245}",0.04445927522555043,0.7829161913732168,-0.05199797796378906,0.06983396596608554,3045.TW,2013-07-08,2013-07-09
0.039524993320382076,836000,0,0.04877747897379622,0.04877747897379622,0.30842415223396397,D-1 estimated accounting; fill-day constraints require ledger audit,adaptive,V4_CAUSAL_7_EXPERTS_RIDGE_ANCHOR20,disabled,2013-07-08,neutral,0.019744005854119947,-0.0136986820351932,-0.011235911279385391,0.2677165354330709,0.07752032894616506,0.4251968503937008,0.4094488188976378,2013-06-17,2013-06-24,"{""long_momentum"": 0.13225435402094443, ""mean_reversion"": 0.10854190431339161, ""medium_momentum"": 0.1290816970920638, ""ridge"": 0.13481347776337024, ""risk_adjusted"": 0.12855879854999988, ""short_momentum"": 0.11521978536086334, ""trend"": 0.13398997870004214, ""volume_momentum"": 0.1175400041993245}",0.08273342237701353,0.7829161913732168,-0.0689854461794793,0.16444363679899754,3163.TWO,2013-07-08,2013-07-09
0.03609898378258839,318000,0,0.009643715881215051,0.009643715881215051,0.17619604132625,D-1 estimated accounting; fill-day constraints require ledger audit,adaptive,V4_CAUSAL_7_EXPERTS_RIDGE_ANCHOR20,disabled,2013-07-08,neutral,0.019744005854119947,-0.0136986820351932,-0.011235911279385391,0.2677165354330709,0.07752032894616506,0.4251968503937008,0.4094488188976378,2013-06-17,2013-06-24,"{""long_momentum"": 0.13225435402094443, ""mean_reversion"": 0.10854190431339161, ""medium_momentum"": 0.1290816970920638, ""ridge"": 0.13481347776337024, ""risk_adjusted"": 0.12855879854999988, ""short_momentum"": 0.11521978536086334, ""trend"": 0.13398997870004214, ""volume_momentum"": 0.1175400041993245}",0.04931472606192986,0.7695604292782733,-0.06310262579801035,0.08029329023236625,3189.TW,2013-07-08,2013-07-09
0.03443287683877662,542000,0,-0.0018362904226668316,-0.0018362904226668316,0.02210892224448879,D-1 estimated accounting; fill-day constraints require ledger audit,adaptive,V4_CAUSAL_7_EXPERTS_RIDGE_ANCHOR20,disabled,2013-07-08,neutral,0.019744005854119947,-0.0136986820351932,-0.011235911279385391,0.2677165354330709,0.07752032894616506,0.4251968503937008,0.4094488188976378,2013-06-17,2013-06-24,"{""long_momentum"": 0.13225435402094443, ""mean_reversion"": 0.10854190431339161, ""medium_momentum"": 0.1290816970920638, ""ridge"": 0.13481347776337024, ""risk_adjusted"": 0.12855879854999988, ""short_momentum"": 0.11521978536086334, ""trend"": 0.13398997870004214, ""volume_momentum"": 0.1175400041993245}",0.07008903053007441,0.2487805278045874,-0.10449578883847874,0.09872644066507089,3260.TWO,2013-07-08,2013-07-09
0.03708736426163694,611000,0,0.008665528360661512,0.008665528360661512,0.16892578877004794,D-1 estimated accounting; fill-day constraints require ledger audit,adaptive,V4_CAUSAL_7_EXPERTS_RIDGE_ANCHOR20,disabled,2013-07-08,neutral,0.019744005854119947,-0.0136986820351932,-0.011235911279385391,0.2677165354330709,0.07752032894616506,0.4251968503937008,0.4094488188976378,2013-06-17,2013-06-24,"{""long_momentum"": 0.13225435402094443, ""mean_reversion"": 0.10854190431339161, ""medium_momentum"": 0.1290816970920638, ""ridge"": 0.13481347776337024, ""risk_adjusted"": 0.12855879854999988, ""short_momentum"": 0.11521978536086334, ""trend"": 0.13398997870004214, ""volume_momentum"": 0.1175400041993245}",0.04966975925368771,0.7829161913732168,-0.06473565502136606,0.0799699444146149,3491.TWO,2013-07-08,2013-07-09
0.035389169332240636,451000,0,0.013583205649208067,0.013583205649208067,0.22165918139455953,D-1 estimated accounting; fill-day constraints require ledger audit,adaptive,V4_CAUSAL_7_EXPERTS_RIDGE_ANCHOR20,disabled,2013-07-08,neutral,0.019744005854119947,-0.0136986820351932,-0.011235911279385391,0.2677165354330709,0.07752032894616506,0.4251968503937008,0.4094488188976378,2013-06-17,2013-06-24,"{""long_momentum"": 0.13225435402094443, ""mean_reversion"": 0.10854190431339161, ""medium_momentum"": 0.1290816970920638, ""ridge"": 0.13481347776337024, ""risk_adjusted"": 0.12855879854999988, ""short_momentum"": 0.11521978536086334, ""trend"": 0.13398997870004214, ""volume_momentum"": 0.1175400041993245}",0.045934310055747066,0.7695604292782733,-0.052165627480945956,0.07723527145128789,3529.TWO,2013-07-08,2013-07-09
0.03616245452330503,451000,0,0.017009786112314875,0.017009786112314875,0.2610609727480975,D-1 estimated accounting; fill-day constraints require ledger audit,adaptive,V4_CAUSAL_7_EXPERTS_RIDGE_ANCHOR20,disabled,2013-07-08,neutral,0.019744005854119947,-0.0136986820351932,-0.011235911279385391,0.2677165354330709,0.07752032894616506,0.4251968503937008,0.4094488188976378,2013-06-17,2013-06-24,"{""long_momentum"": 0.13225435402094443, ""mean_reversion"": 0.10854190431339161, ""medium_momentum"": 0.1290816970920638, ""ridge"": 0.13481347776337024, ""risk_adjusted"": 0.12855879854999988, ""short_momentum"": 0.11521978536086334, ""trend"": 0.13398997870004214, ""volume_momentum"": 0.1175400041993245}",0.043997084752369985,0.7829161913732168,-0.04359578696821295,0.07551859186476852,4904.TW,2013-07-08,2013-07-09
0.03848616367718455,2070000,0,0.014607478447865944,0.014607478447865944,0.2275780042561006,D-1 estimated accounting; fill-day constraints require ledger audit,adaptive,V4_CAUSAL_7_EXPERTS_RIDGE_ANCHOR20,disabled,2013-07-08,neutral,0.019744005854119947,-0.0136986820351932,-0.011235911279385391,0.2677165354330709,0.07752032894616506,0.4251968503937008,0.4094488188976378,2013-06-17,2013-06-24,"{""long_momentum"": 0.13225435402094443, ""mean_reversion"": 0.10854190431339161, ""medium_momentum"": 0.1290816970920638, ""ridge"": 0.13481347776337024, ""risk_adjusted"": 0.12855879854999988, ""short_momentum"": 0.11521978536086334, ""trend"": 0.13398997870004214, ""volume_momentum"": 0.1175400041993245}",0.047846370613753665,0.7829161913732168,-0.05529504409333594,0.08241323366099364,6187.TWO,2013-07-08,2013-07-09
0.03642661370133523,644000,0,0.0025851264589116,0.0025851264589116,0.03521194486372716,D-1 estimated accounting; fill-day constraints require ledger audit,adaptive,V4_CAUSAL_7_EXPERTS_RIDGE_ANCHOR20,disabled,2013-07-08,neutral,0.019744005854119947,-0.0136986820351932,-0.011235911279385391,0.2677165354330709,0.07752032894616506,0.4251968503937008,0.4094488188976378,2013-06-17,2013-06-24,"{""long_momentum"": 0.13225435402094443, ""mean_reversion"": 0.10854190431339161, ""medium_momentum"": 0.1290816970920638, ""ridge"": 0.13481347776337024, ""risk_adjusted"": 0.12855879854999988, ""short_momentum"": 0.11521978536086334, ""trend"": 0.13398997870004214, ""volume_momentum"": 0.1175400041993245}",0.05193727704214695,0.2763170266954966,-0.07476968376477709,0.07784316935452609,6239.TW,2013-07-08,2013-07-09
0.03654985272289337,1020000,0,0.0019490011747628226,0.0019490011747628226,0.0374218936296682,D-1 estimated accounting; fill-day constraints require ledger audit,adaptive,V4_CAUSAL_7_EXPERTS_RIDGE_ANCHOR20,disabled,2013-07-08,neutral,0.019744005854119947,-0.0136986820351932,-0.011235911279385391,0.2677165354330709,0.07752032894616506,0.4251968503937008,0.4094488188976378,2013-06-17,2013-06-24,"{""long_momentum"": 0.13225435402094443, ""mean_reversion"": 0.10854190431339161, ""medium_momentum"": 0.1290816970920638, ""ridge"": 0.13481347776337024, ""risk_adjusted"": 0.12855879854999988, ""short_momentum"": 0.11521978536086334, ""trend"": 0.13398997870004214, ""volume_momentum"": 0.1175400041993245}",0.04223255708871492,0.2648534653528837,-0.051653395198272826,0.05345463021972427,8210.TW,2013-07-08,2013-07-09
0.04062316306878929,3187000,0,0.01792104734645305,0.01792104734645305,0.1438916121132864,D-1 estimated accounting; fill-day constraints require ledger audit,adaptive,V4_CAUSAL_7_EXPERTS_RIDGE_ANCHOR20,disabled,2013-07-08,neutral,0.019744005854119947,-0.0136986820351932,-0.011235911279385391,0.2677165354330709,0.07752032894616506,0.4251968503937008,0.4094488188976378,2013-06-17,2013-06-24,"{""long_momentum"": 0.13225435402094443, ""mean_reversion"": 0.10854190431339161, ""medium_momentum"": 0.1290816970920638, ""ridge"": 0.13481347776337024, ""risk_adjusted"": 0.12855879854999988, ""short_momentum"": 0.11521978536086334, ""trend"": 0.13398997870004214, ""volume_momentum"": 0.1175400041993245}",0.10179267868117549,0.7829161913732168,-0.12123014839171206,0.15497547575654397,8932.TWO,2013-07-08,2013-07-09
0.036439514560819425,501000,0,0.007543087458059456,0.007543087458059456,0.15612621321524728,D-1 estimated accounting; fill-day constraints require ledger audit,adaptive,V4_CAUSAL_7_EXPERTS_RIDGE_ANCHOR20,disabled,2013-07-09,neutral,0.019354419049189643,-0.007867615024526098,-0.019380768989699038,0.375,0.08088863409690729,0.484375,0.46875,2013-06-17,2013-06-24,"{""long_momentum"": 0.13225435402094443, ""mean_reversion"": 0.10854190431339161, ""medium_momentum"": 0.1290816970920638, ""ridge"": 0.13481347776337024, ""risk_adjusted"": 0.12855879854999988, ""short_momentum"": 0.11521978536086334, ""trend"": 0.13398997870004214, ""volume_momentum"": 0.1175400041993245}",0.05035593544455991,0.7829161913732168,-0.06709351332405507,0.08008292091209979,1301.TW,2013-07-09,2013-07-10
0.034295712206184534,574000,0,-0.0020027009498267425,-0.0020027009498267425,0.0009191119749027404,D-1 estimated accounting; fill-day constraints require ledger audit,adaptive,V4_CAUSAL_7_EXPERTS_RIDGE_ANCHOR20,disabled,2013-07-09,neutral,0.019354419049189643,-0.007867615024526098,-0.019380768989699038,0.375,0.08088863409690729,0.484375,0.46875,2013-06-17,2013-06-24,"{""long_momentum"": 0.13225435402094443, ""mean_reversion"": 0.10854190431339161, ""medium_momentum"": 0.1290816970920638, ""ridge"": 0.13481347776337024, ""risk_adjusted"": 0.12855879854999988, ""short_momentum"": 0.11521978536086334, ""trend"": 0.13398997870004214, ""volume_momentum"": 0.1175400041993245}",0.043968855299143676,0.006690071168756168,-0.0625215781118893,0.05641940888416161,1303.TW,2013-07-09,2013-07-10
0.036429188250342505,1120000,0,0.005729016091545249,0.005729016091545249,0.1589238878922851,D-1 estimated accounting; fill-day constraints require ledger audit,adaptive,V4_CAUSAL_7_EXPERTS_RIDGE_ANCHOR20,disabled,2013-07-09,neutral,0.019354419049189643,-0.007867615024526098,-0.019380768989699038,0.375,0.08088863409690729,0.484375,0.46875,2013-06-17,2013-06-24,"{""long_momentum"": 0.13225435402094443, ""mean_reversion"": 0.10854190431339161, ""medium_momentum"": 0.1290816970920638, ""ridge"": 0.13481347776337024, ""risk_adjusted"": 0.12855879854999988, ""short_momentum"": 0.11521978536086334, ""trend"": 0.13398997870004214, ""volume_momentum"": 0.1175400041993245}",0.04212597334382417,0.7829161913732168,-0.0472350229167733,0.0565962877717896,1402.TW,2013-07-09,2013-07-10
0.03580772525850069,690000,0,0.008058544186253316,0.008058544186253316,0.1780567535709114,D-1 estimated accounting; fill-day constraints require ledger audit,adaptive,V4_CAUSAL_7_EXPERTS_RIDGE_ANCHOR20,disabled,2013-07-09,neutral,0.019354419049189643,-0.007867615024526098,-0.019380768989699038,0.375,0.08088863409690729,0.484375,0.46875,2013-06-17,2013-06-24,"{""long_momentum"": 0.13225435402094443, ""mean_reversion"": 0.10854190431339161, ""medium_momentum"": 0.1290816970920638, ""ridge"": 0.13481347776337024, ""risk_adjusted"": 0.12855879854999988, ""short_momentum"": 0.11521978536086334, ""trend"": 0.13398997870004214, ""volume_momentum"": 0.1175400041993245}",0.043380420740287556,0.7695604292782733,-0.050529904414276114,0.06455022545870855,2301.TW,2013-07-09,2013-07-10
0.035881667671477865,2505000,0,0.02308888408541485,0.02308888408541485,0.20192599713574752,D-1 estimated accounting; fill-day constraints require ledger audit,adaptive,V4_CAUSAL_7_EXPERTS_RIDGE_ANCHOR20,disabled,2013-07-09,neutral,0.019354419049189643,-0.007867615024526098,-0.019380768989699038,0.375,0.08088863409690729,0.484375,0.46875,2013-06-17,2013-06-24,"{""long_momentum"": 0.13225435402094443, ""mean_reversion"": 0.10854190431339161, ""medium_momentum"": 0.1290816970920638, ""ridge"": 0.13481347776337024, ""risk_adjusted"": 0.12855879854999988, ""short_momentum"": 0.11521978536086334, ""trend"": 0.13398997870004214, ""volume_momentum"": 0.1175400041993245}",0.04876328937172016,0.5524766206514901,-0.048616795056478215,0.09269779589923371,2303.TW,2013-07-09,2013-07-10
0.03690919837604041,1953000,0,0.005035470245026455,0.005035470245026455,0.14829535606543853,D-1 estimated accounting; fill-day constraints require ledger audit,adaptive,V4_CAUSAL_7_EXPERTS_RIDGE_ANCHOR20,disabled,2013-07-09,neutral,0.019354419049189643,-0.007867615024526098,-0.019380768989699038,0.375,0.08088863409690729,0.484375,0.46875,2013-06-17,2013-06-24,"{""long_momentum"": 0.13225435402094443, ""mean_reversion"": 0.10854190431339161, ""medium_momentum"": 0.1290816970920638, ""ridge"": 0.13481347776337024, ""risk_adjusted"": 0.12855879854999988, ""short_momentum"": 0.11521978536086334, ""trend"": 0.13398997870004214, ""volume_momentum"": 0.1175400041993245}",0.042042362767923724,0.7695604292782733,-0.04738308471528653,0.05535725787726525,2345.TW,2013-07-09,2013-07-10
0.0406663673996921,2175000,0,0.04035176371535928,0.04035176371535928,0.35399958487502753,D-1 estimated accounting; fill-day constraints require ledger audit,adaptive,V4_CAUSAL_7_EXPERTS_RIDGE_ANCHOR20,disabled,2013-07-09,neutral,0.019354419049189643,-0.007867615024526098,-0.019380768989699038,0.375,0.08088863409690729,0.484375,0.46875,2013-06-17,2013-06-24,"{""long_momentum"": 0.13225435402094443, ""mean_reversion"": 0.10854190431339161, ""medium_momentum"": 0.1290816970920638, ""ridge"": 0.13481347776337024, ""risk_adjusted"": 0.12855879854999988, ""short_momentum"": 0.11521978536086334, ""trend"": 0.13398997870004214, ""volume_momentum"": 0.1175400041993245}",0.05494956893344039,0.7829161913732168,-0.041806376619647055,0.1204131367222914,2356.TW,2013-07-09,2013-07-10
0.03698432165663904,2314000,0,0.004024699754296004,0.004024699754296004,0.13774226787476915,D-1 estimated accounting; fill-day constraints require ledger audit,adaptive,V4_CAUSAL_7_EXPERTS_RIDGE_ANCHOR20,disabled,2013-07-09,neutral,0.019354419049189643,-0.007867615024526098,-0.019380768989699038,0.375,0.08088863409690729,0.484375,0.46875,2013-06-17,2013-06-24,"{""long_momentum"": 0.13225435402094443, ""mean_reversion"": 0.10854190431339161, ""medium_momentum"": 0.1290816970920638, ""ridge"": 0.13481347776337024, ""risk_adjusted"": 0.12855879854999988, ""short_momentum"": 0.11521978536086334, ""trend"": 0.13398997870004214, ""volume_momentum"": 0.1175400041993245}",0.04227098216626041,0.7829161913732168,-0.04979502666525269,0.055747658845770515,2377.TW,2013-07-09,2013-07-10
0.03653991343348569,558000,0,0.009720686514673175,0.009720686514673175,0.20111168490518638,D-1 estimated accounting; fill-day constraints require ledger audit,adaptive,V4_CAUSAL_7_EXPERTS_RIDGE_ANCHOR20,disabled,2013-07-09,neutral,0.019354419049189643,-0.007867615024526098,-0.019380768989699038,0.375,0.08088863409690729,0.484375,0.46875,2013-06-17,2013-06-24,"{""long_momentum"": 0.13225435402094443, ""mean_reversion"": 0.10854190431339161, ""medium_momentum"": 0.1290816970920638, ""ridge"": 0.13481347776337024, ""risk_adjusted"": 0.12855879854999988, ""short_momentum"": 0.11521978536086334, ""trend"": 0.13398997870004214, ""volume_momentum"": 0.1175400041993245}",0.04258609715580554,0.7829161913732168,-0.04569505975723541,0.06303966545850756,2382.TW,2013-07-09,2013-07-10
0.032403610528819536,6200000,0,-0.021363968581080056,-0.021363968581080056,0.06336000428065222,D-1 estimated accounting; fill-day constraints require ledger audit,adaptive,V4_CAUSAL_7_EXPERTS_RIDGE_ANCHOR20,disabled,2013-07-09,neutral,0.019354419049189643,-0.007867615024526098,-0.019380768989699038,0.375,0.08088863409690729,0.484375,0.46875,2013-06-17,2013-06-24,"{""long_momentum"": 0.13225435402094443, ""mean_reversion"": 0.10854190431339161, ""medium_momentum"": 0.1290816970920638, ""ridge"": 0.13481347776337024, ""risk_adjusted"": 0.12855879854999988, ""short_momentum"": 0.11521978536086334, ""trend"": 0.13398997870004214, ""volume_momentum"": 0.1175400041993245}",0.07715310173937574,0.2487805278045874,-0.13259089967498316,0.08776619518474887,2408.TW,2013-07-09,2013-07-10
0.035513161599056445,355000,0,0.00827843761796006,0.00827843761796006,0.18334427950256643,D-1 estimated accounting; fill-day constraints require ledger audit,adaptive,V4_CAUSAL_7_EXPERTS_RIDGE_ANCHOR20,disabled,2013-07-09,neutral,0.019354419049189643,-0.007867615024526098,-0.019380768989699038,0.375,0.08088863409690729,0.484375,0.46875,2013-06-17,2013-06-24,"{""long_momentum"": 0.13225435402094443, ""mean_reversion"": 0.10854190431339161, ""medium_momentum"": 0.1290816970920638, ""ridge"": 0.13481347776337024, ""risk_adjusted"": 0.12855879854999988, ""short_momentum"": 0.11521978536086334, ""trend"": 0.13398997870004214, ""volume_momentum"": 0.1175400041993245}",0.04342310679589015,0.7829161913732168,-0.050459150177738346,0.06491925808558427,2412.TW,2013-07-09,2013-07-10
0.03757633833247363,1643000,0,0.0030380657375217047,0.0030380657375217047,0.12538561789744684,D-1 estimated accounting; fill-day constraints require ledger audit,adaptive,V4_CAUSAL_7_EXPERTS_RIDGE_ANCHOR20,disabled,2013-07-09,neutral,0.019354419049189643,-0.007867615024526098,-0.019380768989699038,0.375,0.08088863409690729,0.484375,0.46875,2013-06-17,2013-06-24,"{""long_momentum"": 0.13225435402094443, ""mean_reversion"": 0.10854190431339161, ""medium_momentum"": 0.1290816970920638, ""ridge"": 0.13481347776337024, ""risk_adjusted"": 0.12855879854999988, ""short_momentum"": 0.11521978536086334, ""trend"": 0.13398997870004214, ""volume_momentum"": 0.1175400041993245}",0.04215215478980548,0.7829161913732168,-0.05008811320928526,0.05406747735625446,2449.TW,2013-07-09,2013-07-10
0.037146175895306714,888000,0,0.006815082601273902,0.006815082601273902,0.14356607864377322,D-1 estimated accounting; fill-day constraints require ledger audit,adaptive,V4_CAUSAL_7_EXPERTS_RIDGE_ANCHOR20,disabled,2013-07-09,neutral,0.019354419049189643,-0.007867615024526098,-0.019380768989699038,0.375,0.08088863409690729,0.484375,0.46875,2013-06-17,2013-06-24,"{""long_momentum"": 0.13225435402094443, ""mean_reversion"": 0.10854190431339161, ""medium_momentum"": 0.1290816970920638, ""ridge"": 0.13481347776337024, ""risk_adjusted"": 0.12855879854999988, ""short_momentum"": 0.11521978536086334, ""trend"": 0.13398997870004214, ""volume_momentum"": 0.1175400041993245}",0.05261670768187267,0.7829161913732168,-0.07166108082733333,0.08319447870180693,2882.TW,2013-07-09,2013-07-10
0.03866034968412169,184000,0,0.02151335547560581,0.02151335547560581,0.2456387936367389,D-1 estimated accounting; fill-day constraints require ledger audit,adaptive,V4_CAUSAL_7_EXPERTS_RIDGE_ANCHOR20,disabled,2013-07-09,neutral,0.019354419049189643,-0.007867615024526098,-0.019380768989699038,0.375,0.08088863409690729,0.484375,0.46875,2013-06-17,2013-06-24,"{""long_momentum"": 0.13225435402094443, ""mean_reversion"": 0.10854190431339161, ""medium_momentum"": 0.1290816970920638, ""ridge"": 0.13481347776337024, ""risk_adjusted"": 0.12855879854999988, ""short_momentum"": 0.11521978536086334, ""trend"": 0.13398997870004214, ""volume_momentum"": 0.1175400041993245}",0.05799176271913238,0.7829161913732168,-0.06514580819289614,0.10607575181603357,2912.TW,2013-07-09,2013-07-10
0.033619301182680784,305000,0,0.0065376186042817456,0.0065376186042817456,0.16871002541717856,D-1 estimated accounting; fill-day constraints require ledger audit,adaptive,V4_CAUSAL_7_EXPERTS_RIDGE_ANCHOR20,disabled,2013-07-09,neutral,0.019354419049189643,-0.007867615024526098,-0.019380768989699038,0.375,0.08088863409690729,0.484375,0.46875,2013-06-17,2013-06-24,"{""long_momentum"": 0.13225435402094443, ""mean_reversion"": 0.10854190431339161, ""medium_momentum"": 0.1290816970920638, ""ridge"": 0.13481347776337024, ""risk_adjusted"": 0.12855879854999988, ""short_momentum"": 0.11521978536086334, ""trend"": 0.13398997870004214, ""volume_momentum"": 0.1175400041993245}",0.042003884888736326,0.7829161913732168,-0.045613407497528194,0.056591877378017484,3045.TW,2013-07-09,2013-07-10
0.03967996606313623,836000,0,0.05191022667913829,0.05191022667913829,0.2739776906344547,D-1 estimated accounting; fill-day constraints require ledger audit,adaptive,V4_CAUSAL_7_EXPERTS_RIDGE_ANCHOR20,disabled,2013-07-09,neutral,0.019354419049189643,-0.007867615024526098,-0.019380768989699038,0.375,0.08088863409690729,0.484375,0.46875,2013-06-17,2013-06-24,"{""long_momentum"": 0.13225435402094443, ""mean_reversion"": 0.10854190431339161, ""medium_momentum"": 0.1290816970920638, ""ridge"": 0.13481347776337024, ""risk_adjusted"": 0.12855879854999988, ""short_momentum"": 0.11521978536086334, ""trend"": 0.13398997870004214, ""volume_momentum"": 0.1175400041993245}",0.10571592663516424,0.7829161913732168,-0.09152341639982804,0.1932471024300304,3163.TWO,2013-07-09,2013-07-10
0.03537000024358789,318000,0,0.005746258274154142,0.005746258274154142,0.13883497325392807,D-1 estimated accounting; fill-day constraints require ledger audit,adaptive,V4_CAUSAL_7_EXPERTS_RIDGE_ANCHOR20,disabled,2013-07-09,neutral,0.019354419049189643,-0.007867615024526098,-0.019380768989699038,0.375,0.08088863409690729,0.484375,0.46875,2013-06-17,2013-06-24,"{""long_momentum"": 0.13225435402094443, ""mean_reversion"": 0.10854190431339161, ""medium_momentum"": 0.1290816970920638, ""ridge"": 0.13481347776337024, ""risk_adjusted"": 0.12855879854999988, ""short_momentum"": 0.11521978536086334, ""trend"": 0.13398997870004214, ""volume_momentum"": 0.1175400041993245}",0.04882010988776199,0.7695604292782733,-0.0660680591520891,0.0754638083723232,3189.TW,2013-07-09,2013-07-10
0.033584880147757665,542000,0,-0.007098868813044106,-0.007098868813044106,0.043608432538812324,D-1 estimated accounting; fill-day constraints require ledger audit,adaptive,V4_CAUSAL_7_EXPERTS_RIDGE_ANCHOR20,disabled,2013-07-09,neutral,0.019354419049189643,-0.007867615024526098,-0.019380768989699038,0.375,0.08088863409690729,0.484375,0.46875,2013-06-17,2013-06-24,"{""long_momentum"": 0.13225435402094443, ""mean_reversion"": 0.10854190431339161, ""medium_momentum"": 0.1290816970920638, ""ridge"": 0.13481347776337024, ""risk_adjusted"": 0.12855879854999988, ""short_momentum"": 0.11521978536086334, ""trend"": 0.13398997870004214, ""volume_momentum"": 0.1175400041993245}",0.05692362967893106,0.2487805278045874,-0.09220995838874269,0.07591545343458028,3260.TWO,2013-07-09,2013-07-10
0.0365044874048422,611000,0,0.009441819181864725,0.009441819181864725,0.1785495042024529,D-1 estimated accounting; fill-day constraints require ledger audit,adaptive,V4_CAUSAL_7_EXPERTS_RIDGE_ANCHOR20,disabled,2013-07-09,neutral,0.019354419049189643,-0.007867615024526098,-0.019380768989699038,0.375,0.08088863409690729,0.484375,0.46875,2013-06-17,2013-06-24,"{""long_momentum"": 0.13225435402094443, ""mean_reversion"": 0.10854190431339161, ""medium_momentum"": 0.1290816970920638, ""ridge"": 0.13481347776337024, ""risk_adjusted"": 0.12855879854999988, ""short_momentum"": 0.11521978536086334, ""trend"": 0.13398997870004214, ""volume_momentum"": 0.1175400041993245}",0.04888366649154139,0.7829161913732168,-0.06249362027339081,0.07928049130904606,3491.TWO,2013-07-09,2013-07-10
0.03530211291777602,451000,0,0.013213739859236512,0.013213739859236512,0.20715307272325897,D-1 estimated accounting; fill-day constraints require ledger audit,adaptive,V4_CAUSAL_7_EXPERTS_RIDGE_ANCHOR20,disabled,2013-07-09,neutral,0.019354419049189643,-0.007867615024526098,-0.019380768989699038,0.375,0.08088863409690729,0.484375,0.46875,2013-06-17,2013-06-24,"{""long_momentum"": 0.13225435402094443, ""mean_reversion"": 0.10854190431339161, ""medium_momentum"": 0.1290816970920638, ""ridge"": 0.13481347776337024, ""risk_adjusted"": 0.12855879854999988, ""short_momentum"": 0.11521978536086334, ""trend"": 0.13398997870004214, ""volume_momentum"": 0.1175400041993245}",0.049449139964718315,0.7695604292782733,-0.05978185300813572,0.08411256539853453,3529.TWO,2013-07-09,2013-07-10
0.036981005177361775,451000,0,0.01873509718164784,0.01873509718164784,0.25111415529931796,D-1 estimated accounting; fill-day constraints require ledger audit,adaptive,V4_CAUSAL_7_EXPERTS_RIDGE_ANCHOR20,disabled,2013-07-09,neutral,0.019354419049189643,-0.007867615024526098,-0.019380768989699038,0.375,0.08088863409690729,0.484375,0.46875,2013-06-17,2013-06-24,"{""long_momentum"": 0.13225435402094443, ""mean_reversion"": 0.10854190431339161, ""medium_momentum"": 0.1290816970920638, ""ridge"": 0.13481347776337024, ""risk_adjusted"": 0.12855879854999988, ""short_momentum"": 0.11521978536086334, ""trend"": 0.13398997870004214, ""volume_momentum"": 0.1175400041993245}",0.05026547783643188,0.7829161913732168,-0.05574077944774586,0.09111420648296734,4904.TW,2013-07-09,2013-07-10
0.0382874467641736,2070000,0,0.013106038239695486,0.013106038239695486,0.2127700946223499,D-1 estimated accounting; fill-day constraints require ledger audit,adaptive,V4_CAUSAL_7_EXPERTS_RIDGE_ANCHOR20,disabled,2013-07-09,neutral,0.019354419049189643,-0.007867615024526098,-0.019380768989699038,0.375,0.08088863409690729,0.484375,0.46875,2013-06-17,2013-06-24,"{""long_momentum"": 0.13225435402094443, ""mean_reversion"": 0.10854190431339161, ""medium_momentum"": 0.1290816970920638, ""ridge"": 0.13481347776337024, ""risk_adjusted"": 0.12855879854999988, ""short_momentum"": 0.11521978536086334, ""trend"": 0.13398997870004214, ""volume_momentum"": 0.1175400041993245}",0.04851756563020279,0.7829161913732168,-0.0581258785942252,0.08224118774554198,6187.TWO,2013-07-09,2013-07-10
0.036207461510783016,644000,0,0.001609827234597347,0.001609827234597347,0.06650453128241272,D-1 estimated accounting; fill-day constraints require ledger audit,adaptive,V4_CAUSAL_7_EXPERTS_RIDGE_ANCHOR20,disabled,2013-07-09,neutral,0.019354419049189643,-0.007867615024526098,-0.019380768989699038,0.375,0.08088863409690729,0.484375,0.46875,2013-06-17,2013-06-24,"{""long_momentum"": 0.13225435402094443, ""mean_reversion"": 0.10854190431339161, ""medium_momentum"": 0.1290816970920638, ""ridge"": 0.13481347776337024, ""risk_adjusted"": 0.12855879854999988, ""short_momentum"": 0.11521978536086334, ""trend"": 0.13398997870004214, ""volume_momentum"": 0.1175400041993245}",0.044321417945111075,0.5124428321782736,-0.0599603951967245,0.061083282337845,6239.TW,2013-07-09,2013-07-10
0.0363061016444386,1020000,0,-0.0008176626187786098,-0.0008176626187786098,0.033870979529192435,D-1 estimated accounting; fill-day constraints require ledger audit,adaptive,V4_CAUSAL_7_EXPERTS_RIDGE_ANCHOR20,disabled,2013-07-09,neutral,0.019354419049189643,-0.007867615024526098,-0.019380768989699038,0.375,0.08088863409690729,0.484375,0.46875,2013-06-17,2013-06-24,"{""long_momentum"": 0.13225435402094443, ""mean_reversion"": 0.10854190431339161, ""medium_momentum"": 0.1290816970920638, ""ridge"": 0.13481347776337024, ""risk_adjusted"": 0.12855879854999988, ""short_momentum"": 0.11521978536086334, ""trend"": 0.13398997870004214, ""volume_momentum"": 0.1175400041993245}",0.04164241262802571,0.2763170266954966,-0.04922536876692442,0.045493276201293,8210.TW,2013-07-09,2013-07-10
0.04164442728836879,3187000,0,0.029479053498001062,0.029479053498001062,0.17553846011214644,D-1 estimated accounting; fill-day constraints require ledger audit,adaptive,V4_CAUSAL_7_EXPERTS_RIDGE_ANCHOR20,disabled,2013-07-09,neutral,0.019354419049189643,-0.007867615024526098,-0.019380768989699038,0.375,0.08088863409690729,0.484375,0.46875,2013-06-17,2013-06-24,"{""long_momentum"": 0.13225435402094443, ""mean_reversion"": 0.10854190431339161, ""medium_momentum"": 0.1290816970920638, ""ridge"": 0.13481347776337024, ""risk_adjusted"": 0.12855879854999988, ""short_momentum"": 0.11521978536086334, ""trend"": 0.13398997870004214, ""volume_momentum"": 0.1175400041993245}",0.11930040445988785,0.7829161913732168,-0.12857934820641143,0.18544068787433934,8932.TWO,2013-07-09,2013-07-10
0.036715088435328155,501000,0,0.010626196825546143,0.010626196825546143,0.19372619582753525,D-1 estimated accounting; fill-day constraints require ledger audit,adaptive,V4_CAUSAL_7_EXPERTS_RIDGE_ANCHOR20,disabled,2013-07-10,neutral,0.019323290403115284,0.001366689472987237,-0.010762513009033192,0.5234375,0.08311121334961623,0.546875,0.53125,2013-06-17,2013-06-24,"{""long_momentum"": 0.13225435402094443, ""mean_reversion"": 0.10854190431339161, ""medium_momentum"": 0.1290816970920638, ""ridge"": 0.13481347776337024, ""risk_adjusted"": 0.12855879854999988, ""short_momentum"": 0.11521978536086334, ""trend"": 0.13398997870004214, ""volume_momentum"": 0.1175400041993245}",0.04752480065337073,0.7829161913732168,-0.05861913973111375,0.07777476605413183,1301.TW,2013-07-10,2013-07-11
0.03413353557099445,574000,0,0.0009301000982632894,0.0009301000982632894,0.005937798834920049,D-1 estimated accounting; fill-day constraints require ledger audit,adaptive,V4_CAUSAL_7_EXPERTS_RIDGE_ANCHOR20,disabled,2013-07-10,neutral,0.019323290403115284,0.001366689472987237,-0.010762513009033192,0.5234375,0.08311121334961623,0.546875,0.53125,2013-06-17,2013-06-24,"{""long_momentum"": 0.13225435402094443, ""mean_reversion"": 0.10854190431339161, ""medium_momentum"": 0.1290816970920638, ""ridge"": 0.13481347776337024, ""risk_adjusted"": 0.12855879854999988, ""short_momentum"": 0.11521978536086334, ""trend"": 0.13398997870004214, ""volume_momentum"": 0.1175400041993245}",0.04177762020702837,0.047769656726100534,-0.049307479334483484,0.049070912202935864,1303.TW,2013-07-10,2013-07-11
0.03689766163823182,1120000,0,0.009258385235246287,0.009258385235246287,0.1956466487793073,D-1 estimated accounting; fill-day constraints require ledger audit,adaptive,V4_CAUSAL_7_EXPERTS_RIDGE_ANCHOR20,disabled,2013-07-10,neutral,0.019323290403115284,0.001366689472987237,-0.010762513009033192,0.5234375,0.08311121334961623,0.546875,0.53125,2013-06-17,2013-06-24,"{""long_momentum"": 0.13225435402094443, ""mean_reversion"": 0.10854190431339161, ""medium_momentum"": 0.1290816970920638, ""ridge"": 0.13481347776337024, ""risk_adjusted"": 0.12855879854999988, ""short_momentum"": 0.11521978536086334, ""trend"": 0.13398997870004214, ""volume_momentum"": 0.1175400041993245}",0.042799176103835566,0.7829161913732168,-0.04710038446223674,0.06352038760465512,1402.TW,2013-07-10,2013-07-11
0.035184665792675915,690000,0,0.007147610586660512,0.007147610586660512,0.1466284181234512,D-1 estimated accounting; fill-day constraints require ledger audit,adaptive,V4_CAUSAL_7_EXPERTS_RIDGE_ANCHOR20,disabled,2013-07-10,neutral,0.019323290403115284,0.001366689472987237,-0.010762513009033192,0.5234375,0.08311121334961623,0.546875,0.53125,2013-06-17,2013-06-24,"{""long_momentum"": 0.13225435402094443, ""mean_reversion"": 0.10854190431339161, ""medium_momentum"": 0.1290816970920638, ""ridge"": 0.13481347776337024, ""risk_adjusted"": 0.12855879854999988, ""short_momentum"": 0.11521978536086334, ""trend"": 0.13398997870004214, ""volume_momentum"": 0.1175400041993245}",0.05160756414287321,0.7695604292782733,-0.06965364818252225,0.08185210202776907,2301.TW,2013-07-10,2013-07-11
0.03507102328882772,2505000,0,0.014242740892961746,0.014242740892961746,0.22200041057599512,D-1 estimated accounting; fill-day constraints require ledger audit,adaptive,V4_CAUSAL_7_EXPERTS_RIDGE_ANCHOR20,disabled,2013-07-10,neutral,0.019323290403115284,0.001366689472987237,-0.010762513009033192,0.5234375,0.08311121334961623,0.546875,0.53125,2013-06-17,2013-06-24,"{""long_momentum"": 0.13225435402094443, ""mean_reversion"": 0.10854190431339161, ""medium_momentum"": 0.1290816970920638, ""ridge"": 0.13481347776337024, ""risk_adjusted"": 0.12855879854999988, ""short_momentum"": 0.11521978536086334, ""trend"": 0.13398997870004214, ""volume_momentum"": 0.1175400041993245}",0.04746187421859004,0.7695604292782733,-0.054872314235678704,0.081261028693528,2303.TW,2013-07-10,2013-07-11
0.03688535078657436,1953000,0,0.005463466076508594,0.005463466076508594,0.15257298435991576,D-1 estimated accounting; fill-day constraints require ledger audit,adaptive,V4_CAUSAL_7_EXPERTS_RIDGE_ANCHOR20,disabled,2013-07-10,neutral,0.019323290403115284,0.001366689472987237,-0.010762513009033192,0.5234375,0.08311121334961623,0.546875,0.53125,2013-06-17,2013-06-24,"{""long_momentum"": 0.13225435402094443, ""mean_reversion"": 0.10854190431339161, ""medium_momentum"": 0.1290816970920638, ""ridge"": 0.13481347776337024, ""risk_adjusted"": 0.12855879854999988, ""short_momentum"": 0.11521978536086334, ""trend"": 0.13398997870004214, ""volume_momentum"": 0.1175400041993245}",0.04231304268326966,0.7695604292782733,-0.04858743898090101,0.057417603805843986,2345.TW,2013-07-10,2013-07-11
0.042720165785329015,2175000,0,0.040603427715750644,0.040603427715750644,0.28053385937952574,D-1 estimated accounting; fill-day constraints require ledger audit,adaptive,V4_CAUSAL_7_EXPERTS_RIDGE_ANCHOR20,disabled,2013-07-10,neutral,0.019323290403115284,0.001366689472987237,-0.010762513009033192,0.5234375,0.08311121334961623,0.546875,0.53125,2013-06-17,2013-06-24,"{""long_momentum"": 0.13225435402094443, ""mean_reversion"": 0.10854190431339161, ""medium_momentum"": 0.1290816970920638, ""ridge"": 0.13481347776337024, ""risk_adjusted"": 0.12855879854999988, ""short_momentum"": 0.11521978536086334, ""trend"": 0.13398997870004214, ""volume_momentum"": 0.1175400041993245}",0.08166699169011826,0.7829161913732168,-0.07592316682089958,0.15503325492432668,2356.TW,2013-07-10,2013-07-11
0.037292062051454224,2314000,0,0.005365464768594927,0.005365464768594927,0.15276773176256708,D-1 estimated accounting; fill-day constraints require ledger audit,adaptive,V4_CAUSAL_7_EXPERTS_RIDGE_ANCHOR20,disabled,2013-07-10,neutral,0.019323290403115284,0.001366689472987237,-0.010762513009033192,0.5234375,0.08311121334961623,0.546875,0.53125,2013-06-17,2013-06-24,"{""long_momentum"": 0.13225435402094443, ""mean_reversion"": 0.10854190431339161, ""medium_momentum"": 0.1290816970920638, ""ridge"": 0.13481347776337024, ""risk_adjusted"": 0.12855879854999988, ""short_momentum"": 0.11521978536086334, ""trend"": 0.13398997870004214, ""volume_momentum"": 0.1175400041993245}",0.042756291408648416,0.7829161913732168,-0.050810339829304066,0.059444502038419715,2377.TW,2013-07-10,2013-07-11
0.037569798892937024,558000,0,0.015092422535873623,0.015092422535873623,0.243334810316121,D-1 estimated accounting; fill-day constraints require ledger audit,adaptive,V4_CAUSAL_7_EXPERTS_RIDGE_ANCHOR20,disabled,2013-07-10,neutral,0.019323290403115284,0.001366689472987237,-0.010762513009033192,0.5234375,0.08311121334961623,0.546875,0.53125,2013-06-17,2013-06-24,"{""long_momentum"": 0.13225435402094443, ""mean_reversion"": 0.10854190431339161, ""medium_momentum"": 0.1290816970920638, ""ridge"": 0.13481347776337024, ""risk_adjusted"": 0.12855879854999988, ""short_momentum"": 0.11521978536086334, ""trend"": 0.13398997870004214, ""volume_momentum"": 0.1175400041993245}",0.04455382724158949,0.7829161913732168,-0.047137327793060874,0.07522540553673392,2382.TW,2013-07-10,2013-07-11
0.030221172089819694,6200000,0,-0.030125372551537244,-0.030125372551537244,0.11781217095363442,D-1 estimated accounting; fill-day constraints require ledger audit,adaptive,V4_CAUSAL_7_EXPERTS_RIDGE_ANCHOR20,disabled,2013-07-10,neutral,0.019323290403115284,0.001366689472987237,-0.010762513009033192,0.5234375,0.08311121334961623,0.546875,0.53125,2013-06-17,2013-06-24,"{""long_momentum"": 0.13225435402094443, ""mean_reversion"": 0.10854190431339161, ""medium_momentum"": 0.1290816970920638, ""ridge"": 0.13481347776337024, ""risk_adjusted"": 0.12855879854999988, ""short_momentum"": 0.11521978536086334, ""trend"": 0.13398997870004214, ""volume_momentum"": 0.1175400041993245}",0.11791039183393473,0.5132892358464762,-0.18669953222849417,0.1243520197973455,2408.TW,2013-07-10,2013-07-11
0.035584856586023506,355000,0,0.009666812711357461,0.009666812711357461,0.20152697655460147,D-1 estimated accounting; fill-day constraints require ledger audit,adaptive,V4_CAUSAL_7_EXPERTS_RIDGE_ANCHOR20,disabled,2013-07-10,neutral,0.019323290403115284,0.001366689472987237,-0.010762513009033192,0.5234375,0.08311121334961623,0.546875,0.53125,2013-06-17,2013-06-24,"{""long_momentum"": 0.13225435402094443, ""mean_reversion"": 0.10854190431339161, ""medium_momentum"": 0.1290816970920638, ""ridge"": 0.13481347776337024, ""risk_adjusted"": 0.12855879854999988, ""short_momentum"": 0.11521978536086334, ""trend"": 0.13398997870004214, ""volume_momentum"": 0.1175400041993245}",0.042312582027138536,0.7829161913732168,-0.0443815962725508,0.06161845436719152,2412.TW,2013-07-10,2013-07-11
0.03798320685830949,1643000,0,0.00846570042944667,0.00846570042944667,0.18865909390106822,D-1 estimated accounting; fill-day constraints require ledger audit,adaptive,V4_CAUSAL_7_EXPERTS_RIDGE_ANCHOR20,disabled,2013-07-10,neutral,0.019323290403115284,0.001366689472987237,-0.010762513009033192,0.5234375,0.08311121334961623,0.546875,0.53125,2013-06-17,2013-06-24,"{""long_momentum"": 0.13225435402094443, ""mean_reversion"": 0.10854190431339161, ""medium_momentum"": 0.1290816970920638, ""ridge"": 0.13481347776337024, ""risk_adjusted"": 0.12855879854999988, ""short_momentum"": 0.11521978536086334, ""trend"": 0.13398997870004214, ""volume_momentum"": 0.1175400041993245}",0.04241559676327447,0.7829161913732168,-0.046122969545537754,0.0609576030763569,2449.TW,2013-07-10,2013-07-11
0.03735537859934484,888000,0,0.00898180414468464,0.00898180414468464,0.16596355918158143,D-1 estimated accounting; fill-day constraints require ledger audit,adaptive,V4_CAUSAL_7_EXPERTS_RIDGE_ANCHOR20,disabled,2013-07-10,neutral,0.019323290403115284,0.001366689472987237,-0.010762513009033192,0.5234375,0.08311121334961623,0.546875,0.53125,2013-06-17,2013-06-24,"{""long_momentum"": 0.13225435402094443, ""mean_reversion"": 0.10854190431339161, ""medium_momentum"": 0.1290816970920638, ""ridge"": 0.13481347776337024, ""risk_adjusted"": 0.12855879854999988, ""short_momentum"": 0.11521978536086334, ""trend"": 0.13398997870004214, ""volume_momentum"": 0.1175400041993245}",0.051975933225276535,0.7829161913732168,-0.06843749022604044,0.08430433118733552,2882.TW,2013-07-10,2013-07-11
0.03864550046680188,184000,0,0.0196024341216323,0.0196024341216323,0.2574115724428348,D-1 estimated accounting; fill-day constraints require ledger audit,adaptive,V4_CAUSAL_7_EXPERTS_RIDGE_ANCHOR20,disabled,2013-07-10,neutral,0.019323290403115284,0.001366689472987237,-0.010762513009033192,0.5234375,0.08311121334961623,0.546875,0.53125,2013-06-17,2013-06-24,"{""long_momentum"": 0.13225435402094443, ""mean_reversion"": 0.10854190431339161, ""medium_momentum"": 0.1290816970920638, ""ridge"": 0.13481347776337024, ""risk_adjusted"": 0.12855879854999988, ""short_momentum"": 0.11521978536086334, ""trend"": 0.13398997870004214, ""volume_momentum"": 0.1175400041993245}",0.050225763531743996,0.7829161913732168,-0.05480268057678998,0.0919107814919804,2912.TW,2013-07-10,2013-07-11
0.03368717279003995,305000,0,0.008778267469566985,0.008778267469566985,0.18698617101221224,D-1 estimated accounting; fill-day constraints require ledger audit,adaptive,V4_CAUSAL_7_EXPERTS_RIDGE_ANCHOR20,disabled,2013-07-10,neutral,0.019323290403115284,0.001366689472987237,-0.010762513009033192,0.5234375,0.08311121334961623,0.546875,0.53125,2013-06-17,2013-06-24,"{""long_momentum"": 0.13225435402094443, ""mean_reversion"": 0.10854190431339161, ""medium_momentum"": 0.1290816970920638, ""ridge"": 0.13481347776337024, ""risk_adjusted"": 0.12855879854999988, ""short_momentum"": 0.11521978536086334, ""trend"": 0.13398997870004214, ""volume_momentum"": 0.1175400041993245}",0.04292758072868471,0.7695604292782733,-0.04811058157110748,0.06357034918216727,3045.TW,2013-07-10,2013-07-11
0.03963371694964492,836000,0,0.04461679937245596,0.04461679937245596,0.27849701341565586,D-1 estimated accounting; fill-day constraints require ledger audit,adaptive,V4_CAUSAL_7_EXPERTS_RIDGE_ANCHOR20,disabled,2013-07-10,neutral,0.019323290403115284,0.001366689472987237,-0.010762513009033192,0.5234375,0.08311121334961623,0.546875,0.53125,2013-06-17,2013-06-24,"{""long_momentum"": 0.13225435402094443, ""mean_reversion"": 0.10854190431339161, ""medium_momentum"": 0.1290816970920638, ""ridge"": 0.13481347776337024, ""risk_adjusted"": 0.12855879854999988, ""short_momentum"": 0.11521978536086334, ""trend"": 0.13398997870004214, ""volume_momentum"": 0.1175400041993245}",0.08986690681305709,0.7829161913732168,-0.08128989674475556,0.16842672816159326,3163.TWO,2013-07-10,2013-07-11
0.03576214292011722,318000,0,0.0009190551495686724,0.0009190551495686724,0.0009312792023913163,D-1 estimated accounting; fill-day constraints require ledger audit,adaptive,V4_CAUSAL_7_EXPERTS_RIDGE_ANCHOR20,disabled,2013-07-10,neutral,0.019323290403115284,0.001366689472987237,-0.010762513009033192,0.5234375,0.08311121334961623,0.546875,0.53125,2013-06-17,2013-06-24,"{""long_momentum"": 0.13225435402094443, ""mean_reversion"": 0.10854190431339161, ""medium_momentum"": 0.1290816970920638, ""ridge"": 0.13481347776337024, ""risk_adjusted"": 0.12855879854999988, ""short_momentum"": 0.11521978536086334, ""trend"": 0.13398997870004214, ""volume_momentum"": 0.1175400041993245}",0.04706996556366936,0.008337069295412336,-0.06737132120425,0.06711266417531316,3189.TW,2013-07-10,2013-07-11
0.03261469368859259,542000,0,-0.009550499098118765,-0.009550499098118765,0.04080482740350664,D-1 estimated accounting; fill-day constraints require ledger audit,adaptive,V4_CAUSAL_7_EXPERTS_RIDGE_ANCHOR20,disabled,2013-07-10,neutral,0.019323290403115284,0.001366689472987237,-0.010762513009033192,0.5234375,0.08311121334961623,0.546875,0.53125,2013-06-17,2013-06-24,"{""long_momentum"": 0.13225435402094443, ""mean_reversion"": 0.10854190431339161, ""medium_momentum"": 0.1290816970920638, ""ridge"": 0.13481347776337024, ""risk_adjusted"": 0.12855879854999988, ""short_momentum"": 0.11521978536086334, ""trend"": 0.13398997870004214, ""volume_momentum"": 0.1175400041993245}",0.07416157434491405,0.2487805278045874,-0.11719598734798674,0.09599822182367501,3260.TWO,2013-07-10,2013-07-11
0.03744029578265897,611000,0,0.01575991575111795,0.01575991575111795,0.20991366739608938,D-1 estimated accounting; fill-day constraints require ledger audit,adaptive,V4_CAUSAL_7_EXPERTS_RIDGE_ANCHOR20,disabled,2013-07-10,neutral,0.019323290403115284,0.001366689472987237,-0.010762513009033192,0.5234375,0.08311121334961623,0.546875,0.53125,2013-06-17,2013-06-24,"{""long_momentum"": 0.13225435402094443, ""mean_reversion"": 0.10854190431339161, ""medium_momentum"": 0.1290816970920638, ""ridge"": 0.13481347776337024, ""risk_adjusted"": 0.12855879854999988, ""short_momentum"": 0.11521978536086334, ""trend"": 0.13398997870004214, ""volume_momentum"": 0.1175400041993245}",0.05666845932664943,0.7829161913732168,-0.06897652206630249,0.09839958624046419,3491.TWO,2013-07-10,2013-07-11
0.034782309900672825,451000,0,0.009195632954158841,0.009195632954158841,0.16774331240116372,D-1 estimated accounting; fill-day constraints require ledger audit,adaptive,V4_CAUSAL_7_EXPERTS_RIDGE_ANCHOR20,disabled,2013-07-10,neutral,0.019323290403115284,0.001366689472987237,-0.010762513009033192,0.5234375,0.08311121334961623,0.546875,0.53125,2013-06-17,2013-06-24,"{""long_momentum"": 0.13225435402094443, ""mean_reversion"": 0.10854190431339161, ""medium_momentum"": 0.1290816970920638, ""ridge"": 0.13481347776337024, ""risk_adjusted"": 0.12855879854999988, ""short_momentum"": 0.11521978536086334, ""trend"": 0.13398997870004214, ""volume_momentum"": 0.1175400041993245}",0.050930047668823135,0.7695604292782733,-0.06644705272945917,0.08274155130970265,3529.TWO,2013-07-10,2013-07-11
0.03637365741246831,451000,0,0.01445856339194911,0.01445856339194911,0.2423205518223366,D-1 estimated accounting; fill-day constraints require ledger audit,adaptive,V4_CAUSAL_7_EXPERTS_RIDGE_ANCHOR20,disabled,2013-07-10,neutral,0.019323290403115284,0.001366689472987237,-0.010762513009033192,0.5234375,0.08311121334961623,0.546875,0.53125,2013-06-17,2013-06-24,"{""long_momentum"": 0.13225435402094443, ""mean_reversion"": 0.10854190431339161, ""medium_momentum"": 0.1290816970920638, ""ridge"": 0.13481347776337024, ""risk_adjusted"": 0.12855879854999988, ""short_momentum"": 0.11521978536086334, ""trend"": 0.13398997870004214, ""volume_momentum"": 0.1175400041993245}",0.043410327528985236,0.7829161913732168,-0.044234547390645265,0.07105490684646928,4904.TW,2013-07-10,2013-07-11
0.03878175062870407,2070000,0,0.014011595646092886,0.014011595646092886,0.21371580168657459,D-1 estimated accounting; fill-day constraints require ledger audit,adaptive,V4_CAUSAL_7_EXPERTS_RIDGE_ANCHOR20,disabled,2013-07-10,neutral,0.019323290403115284,0.001366689472987237,-0.010762513009033192,0.5234375,0.08311121334961623,0.546875,0.53125,2013-06-17,2013-06-24,"{""long_momentum"": 0.13225435402094443, ""mean_reversion"": 0.10854190431339161, ""medium_momentum"": 0.1290816970920638, ""ridge"": 0.13481347776337024, ""risk_adjusted"": 0.12855879854999988, ""short_momentum"": 0.11521978536086334, ""trend"": 0.13398997870004214, ""volume_momentum"": 0.1175400041993245}",0.05063456967113317,0.7829161913732168,-0.06111624027527132,0.0870426642393829,6187.TWO,2013-07-10,2013-07-11
0.03686468164708403,644000,0,0.00260654977945465,0.00260654977945465,0.11722204204648924,D-1 estimated accounting; fill-day constraints require ledger audit,adaptive,V4_CAUSAL_7_EXPERTS_RIDGE_ANCHOR20,disabled,2013-07-10,neutral,0.019323290403115284,0.001366689472987237,-0.010762513009033192,0.5234375,0.08311121334961623,0.546875,0.53125,2013-06-17,2013-06-24,"{""long_momentum"": 0.13225435402094443, ""mean_reversion"": 0.10854190431339161, ""medium_momentum"": 0.1290816970920638, ""ridge"": 0.13481347776337024, ""risk_adjusted"": 0.12855879854999988, ""short_momentum"": 0.11521978536086334, ""trend"": 0.13398997870004214, ""volume_momentum"": 0.1175400041993245}",0.042330301783685235,0.7695604292782733,-0.05153732531363206,0.05465365754446716,6239.TW,2013-07-10,2013-07-11
0.035762797484827025,1020000,0,-0.0037673157427341192,-0.0037673157427341192,0.08340117520313951,D-1 estimated accounting; fill-day constraints require ledger audit,adaptive,V4_CAUSAL_7_EXPERTS_RIDGE_ANCHOR20,disabled,2013-07-10,neutral,0.019323290403115284,0.001366689472987237,-0.010762513009033192,0.5234375,0.08311121334961623,0.546875,0.53125,2013-06-17,2013-06-24,"{""long_momentum"": 0.13225435402094443, ""mean_reversion"": 0.10854190431339161, ""medium_momentum"": 0.1290816970920638, ""ridge"": 0.13481347776337024, ""risk_adjusted"": 0.12855879854999988, ""short_momentum"": 0.11521978536086334, ""trend"": 0.13398997870004214, ""volume_momentum"": 0.1175400041993245}",0.0451907824141774,0.5132892358464762,-0.06769453956030945,0.05806314074676702,8210.TW,2013-07-10,2013-07-11
0.04060504062786187,3187000,0,0.029649227834733845,0.029649227834733845,0.2513617151793272,D-1 estimated accounting; fill-day constraints require ledger audit,adaptive,V4_CAUSAL_7_EXPERTS_RIDGE_ANCHOR20,disabled,2013-07-10,neutral,0.019323290403115284,0.001366689472987237,-0.010762513009033192,0.5234375,0.08311121334961623,0.546875,0.53125,2013-06-17,2013-06-24,"{""long_momentum"": 0.13225435402094443, ""mean_reversion"": 0.10854190431339161, ""medium_momentum"": 0.1290816970920638, ""ridge"": 0.13481347776337024, ""risk_adjusted"": 0.12855879854999988, ""short_momentum"": 0.11521978536086334, ""trend"": 0.13398997870004214, ""volume_momentum"": 0.1175400041993245}",0.07327270240448071,0.7829161913732168,-0.07691972229983082,0.13412141064122432,8932.TWO,2013-07-10,2013-07-11
0.03731420852626123,501000,0,0.013808243806198136,0.013808243806198136,0.18707092347970314,D-1 estimated accounting; fill-day constraints require ledger audit,adaptive,V4_CAUSAL_7_EXPERTS_RIDGE_ANCHOR20,disabled,2013-07-11,risk_on,0.019468905684951916,0.02481906545450563,0.024135421150160097,0.7421875,0.08484219978436894,0.71875,0.609375,2013-06-17,2013-06-24,"{""long_momentum"": 0.13225435402094443, ""mean_reversion"": 0.10854190431339161, ""medium_momentum"": 0.1290816970920638, ""ridge"": 0.13481347776337024, ""risk_adjusted"": 0.12855879854999988, ""short_momentum"": 0.11521978536086334, ""trend"": 0.13398997870004214, ""volume_momentum"": 0.1175400041993245}",0.059906707364528314,0.7829161913732168,-0.07555346511179009,0.10107318539611215,1301.TW,2013-07-11,2013-07-12
0.03533422011111103,574000,0,0.0038813913745963,0.0038813913745963,0.09740400164116987,D-1 estimated accounting; fill-day constraints require ledger audit,adaptive,V4_CAUSAL_7_EXPERTS_RIDGE_ANCHOR20,disabled,2013-07-11,risk_on,0.019468905684951916,0.02481906545450563,0.024135421150160097,0.7421875,0.08484219978436894,0.71875,0.609375,2013-06-17,2013-06-24,"{""long_momentum"": 0.13225435402094443, ""mean_reversion"": 0.10854190431339161, ""medium_momentum"": 0.1290816970920638, ""ridge"": 0.13481347776337024, ""risk_adjusted"": 0.12855879854999988, ""short_momentum"": 0.11521978536086334, ""trend"": 0.13398997870004214, ""volume_momentum"": 0.1175400041993245}",0.06250566656897466,0.7829161913732168,-0.08902371033487311,0.0946897257559915,1303.TW,2013-07-11,2013-07-12
0.03709114293240349,1120000,0,0.007644291997758475,0.007644291997758475,0.14952317234792015,D-1 estimated accounting; fill-day constraints require ledger audit,adaptive,V4_CAUSAL_7_EXPERTS_RIDGE_ANCHOR20,disabled,2013-07-11,risk_on,0.019468905684951916,0.02481906545450563,0.024135421150160097,0.7421875,0.08484219978436894,0.71875,0.609375,2013-06-17,2013-06-24,"{""long_momentum"": 0.13225435402094443, ""mean_reversion"": 0.10854190431339161, ""medium_momentum"": 0.1290816970920638, ""ridge"": 0.13481347776337024, ""risk_adjusted"": 0.12855879854999988, ""short_momentum"": 0.11521978536086334, ""trend"": 0.13398997870004214, ""volume_momentum"": 0.1175400041993245}",0.05356230847792764,0.7829161913732168,-0.07235330589266495,0.08554512256010771,1402.TW,2013-07-11,2013-07-12
0.03611567474029929,690000,0,0.00522121273854908,0.00522121273854908,0.15170748757011326,D-1 estimated accounting; fill-day constraints require ledger audit,adaptive,V4_CAUSAL_7_EXPERTS_RIDGE_ANCHOR20,disabled,2013-07-11,risk_on,0.019468905684951916,0.02481906545450563,0.024135421150160097,0.7421875,0.08484219978436894,0.71875,0.609375,2013-06-17,2013-06-24,"{""long_momentum"": 0.13225435402094443, ""mean_reversion"": 0.10854190431339161, ""medium_momentum"": 0.1290816970920638, ""ridge"": 0.13481347776337024, ""risk_adjusted"": 0.12855879854999988, ""short_momentum"": 0.11521978536086334, ""trend"": 0.13398997870004214, ""volume_momentum"": 0.1175400041993245}",0.04252735673981552,0.7829161913732168,-0.0499179061066559,0.058263564255679856,2301.TW,2013-07-11,2013-07-12
0.036332289883225025,2505000,0,0.012615392966039621,0.012615392966039621,0.21275538571237929,D-1 estimated accounting; fill-day constraints require ledger audit,adaptive,V4_CAUSAL_7_EXPERTS_RIDGE_ANCHOR20,disabled,2013-07-11,risk_on,0.019468905684951916,0.02481906545450563,0.024135421150160097,0.7421875,0.08484219978436894,0.71875,0.609375,2013-06-17,2013-06-24,"{""long_momentum"": 0.13225435402094443, ""mean_reversion"": 0.10854190431339161, ""medium_momentum"": 0.1290816970920638, ""ridge"": 0.13481347776337024, ""risk_adjusted"": 0.12855879854999988, ""short_momentum"": 0.11521978536086334, ""trend"": 0.13398997870004214, ""volume_momentum"": 0.1175400041993245}",0.04720729683020667,0.7829161913732168,-0.055966646754571796,0.07910066535857682,2303.TW,2013-07-11,2013-07-12
0.03663068574319949,1953000,0,0.006768581900509482,0.006768581900509482,0.1667439755785742,D-1 estimated accounting; fill-day constraints require ledger audit,adaptive,V4_CAUSAL_7_EXPERTS_RIDGE_ANCHOR20,disabled,2013-07-11,risk_on,0.019468905684951916,0.02481906545450563,0.024135421150160097,0.7421875,0.08484219978436894,0.71875,0.609375,2013-06-17,2013-06-24,"{""long_momentum"": 0.13225435402094443, ""mean_reversion"": 0.10854190431339161, ""medium_momentum"": 0.1290816970920638, ""ridge"": 0.13481347776337024, ""risk_adjusted"": 0.12855879854999988, ""short_momentum"": 0.11521978536086334, ""trend"": 0.13398997870004214, ""volume_momentum"": 0.1175400041993245}",0.04254603371260373,0.7695604292782733,-0.04845937444549715,0.05989977091844191,2345.TW,2013-07-11,2013-07-12
0.04264278103104862,2175000,0,0.043797793963298345,0.043797793963298345,0.3212658720828932,D-1 estimated accounting; fill-day constraints require ledger audit,adaptive,V4_CAUSAL_7_EXPERTS_RIDGE_ANCHOR20,disabled,2013-07-11,risk_on,0.019468905684951916,0.02481906545450563,0.024135421150160097,0.7421875,0.08484219978436894,0.71875,0.609375,2013-06-17,2013-06-24,"{""long_momentum"": 0.13225435402094443, ""mean_reversion"": 0.10854190431339161, ""medium_momentum"": 0.1290816970920638, ""ridge"": 0.13481347776337024, ""risk_adjusted"": 0.12855879854999988, ""short_momentum"": 0.11521978536086334, ""trend"": 0.13398997870004214, ""volume_momentum"": 0.1175400041993245}",0.07012110255523046,0.7829161913732168,-0.05890154257682505,0.14440036317534755,2356.TW,2013-07-11,2013-07-12
0.036918855888324394,2314000,0,0.0059505372497895455,0.0059505372497895455,0.16053365989897206,D-1 estimated accounting; fill-day constraints require ledger audit,adaptive,V4_CAUSAL_7_EXPERTS_RIDGE_ANCHOR20,disabled,2013-07-11,risk_on,0.019468905684951916,0.02481906545450563,0.024135421150160097,0.7421875,0.08484219978436894,0.71875,0.609375,2013-06-17,2013-06-24,"{""long_momentum"": 0.13225435402094443, ""mean_reversion"": 0.10854190431339161, ""medium_momentum"": 0.1290816970920638, ""ridge"": 0.13481347776337024, ""risk_adjusted"": 0.12855879854999988, ""short_momentum"": 0.11521978536086334, ""trend"": 0.13398997870004214, ""volume_momentum"": 0.1175400041993245}",0.04245479171667893,0.7829161913732168,-0.048835050423044285,0.05863935759454918,2377.TW,2013-07-11,2013-07-12
0.038930171493466045,558000,0,0.02117550490866281,0.02117550490866281,0.22828679057220713,D-1 estimated accounting; fill-day constraints require ledger audit,adaptive,V4_CAUSAL_7_EXPERTS_RIDGE_ANCHOR20,disabled,2013-07-11,risk_on,0.019468905684951916,0.02481906545450563,0.024135421150160097,0.7421875,0.08484219978436894,0.71875,0.609375,2013-06-17,2013-06-24,"{""long_momentum"": 0.13225435402094443, ""mean_reversion"": 0.10854190431339161, ""medium_momentum"": 0.1290816970920638, ""ridge"": 0.13481347776337024, ""risk_adjusted"": 0.12855879854999988, ""short_momentum"": 0.11521978536086334, ""trend"": 0.13398997870004214, ""volume_momentum"": 0.1175400041993245}",0.06359415087822871,0.7829161913732168,-0.07317781449373428,0.1134320569829857,2382.TW,2013-07-11,2013-07-12
0.030880648775074564,6200000,0,-0.022181152813749005,-0.022181152813749005,0.13360833220343682,D-1 estimated accounting; fill-day constraints require ledger audit,adaptive,V4_CAUSAL_7_EXPERTS_RIDGE_ANCHOR20,disabled,2013-07-11,risk_on,0.019468905684951916,0.02481906545450563,0.024135421150160097,0.7421875,0.08484219978436894,0.71875,0.609375,2013-06-17,2013-06-24,"{""long_momentum"": 0.13225435402094443, ""mean_reversion"": 0.10854190431339161, ""medium_momentum"": 0.1290816970920638, ""ridge"": 0.13481347776337024, ""risk_adjusted"": 0.12855879854999988, ""short_momentum"": 0.11521978536086334, ""trend"": 0.13398997870004214, ""volume_momentum"": 0.1175400041993245}",0.07724192415387622,0.5132892358464762,-0.13351351108921156,0.08705443813363936,2408.TW,2013-07-11,2013-07-12
0.03548138039865269,355000,0,0.00997839330244241,0.00997839330244241,0.2011646473159164,D-1 estimated accounting; fill-day constraints require ledger audit,adaptive,V4_CAUSAL_7_EXPERTS_RIDGE_ANCHOR20,disabled,2013-07-11,risk_on,0.019468905684951916,0.02481906545450563,0.024135421150160097,0.7421875,0.08484219978436894,0.71875,0.609375,2013-06-17,2013-06-24,"{""long_momentum"": 0.13225435402094443, ""mean_reversion"": 0.10854190431339161, ""medium_momentum"": 0.1290816970920638, ""ridge"": 0.13481347776337024, ""risk_adjusted"": 0.12855879854999988, ""short_momentum"": 0.11521978536086334, ""trend"": 0.13398997870004214, ""volume_momentum"": 0.1175400041993245}",0.04331627623172314,0.7829161913732168,-0.048382775539881726,0.06624279481669235,2412.TW,2013-07-11,2013-07-12
0.036734793021032226,1643000,0,0.01374294531623341,0.01374294531623341,0.22760162755766147,D-1 estimated accounting; fill-day constraints require ledger audit,adaptive,V4_CAUSAL_7_EXPERTS_RIDGE_ANCHOR20,disabled,2013-07-11,risk_on,0.019468905684951916,0.02481906545450563,0.024135421150160097,0.7421875,0.08484219978436894,0.71875,0.609375,2013-06-17,2013-06-24,"{""long_momentum"": 0.13225435402094443, ""mean_reversion"": 0.10854190431339161, ""medium_momentum"": 0.1290816970920638, ""ridge"": 0.13481347776337024, ""risk_adjusted"": 0.12855879854999988, ""short_momentum"": 0.11521978536086334, ""trend"": 0.13398997870004214, ""volume_momentum"": 0.1175400041993245}",0.04573003547729948,0.7829161913732168,-0.051519913703364534,0.07690903700775716,2449.TW,2013-07-11,2013-07-12
0.038119314808866815,888000,0,0.013382856038124209,0.013382856038124209,0.16585607310450387,D-1 estimated accounting; fill-day constraints require ledger audit,adaptive,V4_CAUSAL_7_EXPERTS_RIDGE_ANCHOR20,disabled,2013-07-11,risk_on,0.019468905684951916,0.02481906545450563,0.024135421150160097,0.7421875,0.08484219978436894,0.71875,0.609375,2013-06-17,2013-06-24,"{""long_momentum"": 0.13225435402094443, ""mean_reversion"": 0.10854190431339161, ""medium_momentum"": 0.1290816970920638, ""ridge"": 0.13481347776337024, ""risk_adjusted"": 0.12855879854999988, ""short_momentum"": 0.11521978536086334, ""trend"": 0.13398997870004214, ""volume_momentum"": 0.1175400041993245}",0.0683925955117384,0.7829161913732168,-0.08715476476428438,0.11182370951245861,2882.TW,2013-07-11,2013-07-12
0.039485760333043136,184000,0,0.030427355428014186,0.030427355428014186,0.31277346505322845,D-1 estimated accounting; fill-day constraints require ledger audit,adaptive,V4_CAUSAL_7_EXPERTS_RIDGE_ANCHOR20,disabled,2013-07-11,risk_on,0.019468905684951916,0.02481906545450563,0.024135421150160097,0.7421875,0.08484219978436894,0.71875,0.609375,2013-06-17,2013-06-24,"{""long_momentum"": 0.13225435402094443, ""mean_reversion"": 0.10854190431339161, ""medium_momentum"": 0.1290816970920638, ""ridge"": 0.13481347776337024, ""risk_adjusted"": 0.12855879854999988, ""short_momentum"": 0.11521978536086334, ""trend"": 0.13398997870004214, ""volume_momentum"": 0.1175400041993245}",0.05325232261758294,0.7829161913732168,-0.04907619322437835,0.10783413675233253,2912.TW,2013-07-11,2013-07-12
0.03391287074876932,305000,0,0.013003399439678785,0.013003399439678785,0.26498347458141985,D-1 estimated accounting; fill-day constraints require ledger audit,adaptive,V4_CAUSAL_7_EXPERTS_RIDGE_ANCHOR20,disabled,2013-07-11,risk_on,0.019468905684951916,0.02481906545450563,0.024135421150160097,0.7421875,0.08484219978436894,0.71875,0.609375,2013-06-17,2013-06-24,"{""long_momentum"": 0.13225435402094443, ""mean_reversion"": 0.10854190431339161, ""medium_momentum"": 0.1290816970920638, ""ridge"": 0.13481347776337024, ""risk_adjusted"": 0.12855879854999988, ""short_momentum"": 0.11521978536086334, ""trend"": 0.13398997870004214, ""volume_momentum"": 0.1175400041993245}",0.04256368386894483,0.8914580956866084,-0.042307746051028314,0.06621777760231168,3045.TW,2013-07-11,2013-07-12
0.03894179730619232,836000,0,0.03901904040804018,0.03901904040804018,0.46717852326522097,D-1 estimated accounting; fill-day constraints require ledger audit,adaptive,V4_CAUSAL_7_EXPERTS_RIDGE_ANCHOR20,disabled,2013-07-11,risk_on,0.019468905684951916,0.02481906545450563,0.024135421150160097,0.7421875,0.08484219978436894,0.71875,0.609375,2013-06-17,2013-06-24,"{""long_momentum"": 0.13225435402094443, ""mean_reversion"": 0.10854190431339161, ""medium_momentum"": 0.1290816970920638, ""ridge"": 0.13481347776337024, ""risk_adjusted"": 0.12855879854999988, ""short_momentum"": 0.11521978536086334, ""trend"": 0.13398997870004214, ""volume_momentum"": 0.1175400041993245}",0.050204127430200154,1.0,-0.03534747232135619,0.11128878580936236,3163.TWO,2013-07-11,2013-07-12
0.035833755032124,318000,0,0.003231855187188341,0.003231855187188341,0.0694571284607952,D-1 estimated accounting; fill-day constraints require ledger audit,adaptive,V4_CAUSAL_7_EXPERTS_RIDGE_ANCHOR20,disabled,2013-07-11,risk_on,0.019468905684951916,0.02481906545450563,0.024135421150160097,0.7421875,0.08484219978436894,0.71875,0.609375,2013-06-17,2013-06-24,"{""long_momentum"": 0.13225435402094443, ""mean_reversion"": 0.10854190431339161, ""medium_momentum"": 0.1290816970920638, ""ridge"": 0.13481347776337024, ""risk_adjusted"": 0.12855879854999988, ""short_momentum"": 0.11521978536086334, ""trend"": 0.13398997870004214, ""volume_momentum"": 0.1175400041993245}",0.04224912876247416,0.4259385165662326,-0.050465022254823126,0.05483196530112561,3189.TW,2013-07-11,2013-07-12
0.03363735148803044,542000,0,-0.011716300326171462,-0.011716300326171462,0.05363929859620503,D-1 estimated accounting; fill-day constraints require ledger audit,adaptive,V4_CAUSAL_7_EXPERTS_RIDGE_ANCHOR20,disabled,2013-07-11,risk_on,0.019468905684951916,0.02481906545450563,0.024135421150160097,0.7421875,0.08484219978436894,0.71875,0.609375,2013-06-17,2013-06-24,"{""long_momentum"": 0.13225435402094443, ""mean_reversion"": 0.10854190431339161, ""medium_momentum"": 0.1290816970920638, ""ridge"": 0.13481347776337024, ""risk_adjusted"": 0.12855879854999988, ""short_momentum"": 0.11521978536086334, ""trend"": 0.13398997870004214, ""volume_momentum"": 0.1175400041993245}",0.06081435587035007,0.2487805278045874,-0.1023303456731602,0.07680097769274308,3260.TWO,2013-07-11,2013-07-12
0.03736526209526566,611000,0,0.0205220865422317,0.0205220865422317,0.27928423901926763,D-1 estimated accounting; fill-day constraints require ledger audit,adaptive,V4_CAUSAL_7_EXPERTS_RIDGE_ANCHOR20,disabled,2013-07-11,risk_on,0.019468905684951916,0.02481906545450563,0.024135421150160097,0.7421875,0.08484219978436894,0.71875,0.609375,2013-06-17,2013-06-24,"{""long_momentum"": 0.13225435402094443, ""mean_reversion"": 0.10854190431339161, ""medium_momentum"": 0.1290816970920638, ""ridge"": 0.13481347776337024, ""risk_adjusted"": 0.12855879854999988, ""short_momentum"": 0.11521978536086334, ""trend"": 0.13398997870004214, ""volume_momentum"": 0.1175400041993245}",0.046023858412303144,0.7829161913732168,-0.04543667557280372,0.08438408132919292,3491.TWO,2013-07-11,2013-07-12
0.03431639895823625,451000,0,0.0015742268437010443,0.0015742268437010443,0.03391616577156776,D-1 estimated accounting; fill-day constraints require ledger audit,adaptive,V4_CAUSAL_7_EXPERTS_RIDGE_ANCHOR20,disabled,2013-07-11,risk_on,0.019468905684951916,0.02481906545450563,0.024135421150160097,0.7421875,0.08484219978436894,0.71875,0.609375,2013-06-17,2013-06-24,"{""long_momentum"": 0.13225435402094443, ""mean_reversion"": 0.10854190431339161, ""medium_momentum"": 0.1290816970920638, ""ridge"": 0.13481347776337024, ""risk_adjusted"": 0.12855879854999988, ""short_momentum"": 0.11521978536086334, ""trend"": 0.13398997870004214, ""volume_momentum"": 0.1175400041993245}",0.04698639160910887,0.2763170266954966,-0.0665371739895822,0.0675888603489101,3529.TWO,2013-07-11,2013-07-12
0.03530976840176415,451000,0,0.011209766856129457,0.011209766856129457,0.20862340630713017,D-1 estimated accounting; fill-day constraints require ledger audit,adaptive,V4_CAUSAL_7_EXPERTS_RIDGE_ANCHOR20,disabled,2013-07-11,risk_on,0.019468905684951916,0.02481906545450563,0.024135421150160097,0.7421875,0.08484219978436894,0.71875,0.609375,2013-06-17,2013-06-24,"{""long_momentum"": 0.13225435402094443, ""mean_reversion"": 0.10854190431339161, ""medium_momentum"": 0.1290816970920638, ""ridge"": 0.13481347776337024, ""risk_adjusted"": 0.12855879854999988, ""short_momentum"": 0.11521978536086334, ""trend"": 0.13398997870004214, ""volume_momentum"": 0.1175400041993245}",0.04358407584404781,0.7695604292782733,-0.0480761506803951,0.06839891706457982,4904.TW,2013-07-11,2013-07-12
0.03747867002327941,2070000,0,0.014796270344175333,0.014796270344175333,0.24215132129058448,D-1 estimated accounting; fill-day constraints require ledger audit,adaptive,V4_CAUSAL_7_EXPERTS_RIDGE_ANCHOR20,disabled,2013-07-11,risk_on,0.019468905684951916,0.02481906545450563,0.024135421150160097,0.7421875,0.08484219978436894,0.71875,0.609375,2013-06-17,2013-06-24,"{""long_momentum"": 0.13225435402094443, ""mean_reversion"": 0.10854190431339161, ""medium_momentum"": 0.1290816970920638, ""ridge"": 0.13481347776337024, ""risk_adjusted"": 0.12855879854999988, ""short_momentum"": 0.11521978536086334, ""trend"": 0.13398997870004214, ""volume_momentum"": 0.1175400041993245}",0.04311656541066585,0.7695604292782733,-0.042830568048441195,0.07032634140871766,6187.TWO,2013-07-11,2013-07-12
0.03719024986067653,644000,0,0.005566976850806548,0.005566976850806548,0.145750140611028,D-1 estimated accounting; fill-day constraints require ledger audit,adaptive,V4_CAUSAL_7_EXPERTS_RIDGE_ANCHOR20,disabled,2013-07-11,risk_on,0.019468905684951916,0.02481906545450563,0.024135421150160097,0.7421875,0.08484219978436894,0.71875,0.609375,2013-06-17,2013-06-24,"{""long_momentum"": 0.13225435402094443, ""mean_reversion"": 0.10854190431339161, ""medium_momentum"": 0.1290816970920638, ""ridge"": 0.13481347776337024, ""risk_adjusted"": 0.12855879854999988, ""short_momentum"": 0.11521978536086334, ""trend"": 0.13398997870004214, ""volume_momentum"": 0.1175400041993245}",0.04619493936882309,0.7829161913732168,-0.06078786934713419,0.06982505572067309,6239.TW,2013-07-11,2013-07-12
0.03332165441857945,1020000,0,-0.0005989791968465111,-0.0005989791968465111,0.029856157387650087,D-1 estimated accounting; fill-day constraints require ledger audit,adaptive,V4_CAUSAL_7_EXPERTS_RIDGE_ANCHOR20,disabled,2013-07-11,risk_on,0.019468905684951916,0.02481906545450563,0.024135421150160097,0.7421875,0.08484219978436894,0.71875,0.609375,2013-06-17,2013-06-24,"{""long_momentum"": 0.13225435402094443, ""mean_reversion"": 0.10854190431339161, ""medium_momentum"": 0.1290816970920638, ""ridge"": 0.13481347776337024, ""risk_adjusted"": 0.12855879854999988, ""short_momentum"": 0.11521978536086334, ""trend"": 0.13398997870004214, ""volume_momentum"": 0.1175400041993245}",0.04244135156443544,0.2561716387464765,-0.05531753766833906,0.05202281194657184,8210.TW,2013-07-11,2013-07-12
0.03984653555377472,3187000,0,0.03137926295346395,0.03137926295346395,0.4359224422516011,D-1 estimated accounting; fill-day constraints require ledger audit,adaptive,V4_CAUSAL_7_EXPERTS_RIDGE_ANCHOR20,disabled,2013-07-11,risk_on,0.019468905684951916,0.02481906545450563,0.024135421150160097,0.7421875,0.08484219978436894,0.71875,0.609375,2013-06-17,2013-06-24,"{""long_momentum"": 0.13225435402094443, ""mean_reversion"": 0.10854190431339161, ""medium_momentum"": 0.1290816970920638, ""ridge"": 0.13481347776337024, ""risk_adjusted"": 0.12855879854999988, ""short_momentum"": 0.11521978536086334, ""trend"": 0.13398997870004214, ""volume_momentum"": 0.1175400041993245}",0.04707425865363642,1.0,-0.036920276487399206,0.0975820350662529,8932.TWO,2013-07-11,2013-07-12
0.03759702157129832,501000,0,0.01338215803266529,0.01338215803266529,0.20531322167918822,D-1 estimated accounting; fill-day constraints require ledger audit,adaptive,V4_CAUSAL_7_EXPERTS_RIDGE_ANCHOR20,disabled,2013-07-12,risk_on,0.01978272159444426,0.01840494911458146,0.036470513570943774,0.6614173228346457,0.08229672681291776,0.7559055118110236,0.6614173228346457,2013-06-17,2013-06-24,"{""long_momentum"": 0.13225435402094443, ""mean_reversion"": 0.10854190431339161, ""medium_momentum"": 0.1290816970920638, ""ridge"": 0.13481347776337024, ""risk_adjusted"": 0.12855879854999988, ""short_momentum"": 0.11521978536086334, ""trend"": 0.13398997870004214, ""volume_momentum"": 0.1175400041993245}",0.05171410288248706,0.7829161913732168,-0.0635986708406564,0.08826621957791278,1301.TW,2013-07-12,2013-07-15
0.03560434194345165,574000,0,0.0015091107886929561,0.0015091107886929561,0.06055181549509761,D-1 estimated accounting; fill-day constraints require ledger audit,adaptive,V4_CAUSAL_7_EXPERTS_RIDGE_ANCHOR20,disabled,2013-07-12,risk_on,0.01978272159444426,0.01840494911458146,0.036470513570943774,0.6614173228346457,0.08229672681291776,0.7559055118110236,0.6614173228346457,2013-06-17,2013-06-24,"{""long_momentum"": 0.13225435402094443, ""mean_reversion"": 0.10854190431339161, ""medium_momentum"": 0.1290816970920638, ""ridge"": 0.13481347776337024, ""risk_adjusted"": 0.12855879854999988, ""short_momentum"": 0.11521978536086334, ""trend"": 0.13398997870004214, ""volume_momentum"": 0.1175400041993245}",0.052381384564412214,0.5478361829745677,-0.07658149660712928,0.07750295085644099,1303.TW,2013-07-12,2013-07-15
0.03684927941147354,1120000,0,0.006501529498124553,0.006501529498124553,0.16253591344414522,D-1 estimated accounting; fill-day constraints require ledger audit,adaptive,V4_CAUSAL_7_EXPERTS_RIDGE_ANCHOR20,disabled,2013-07-12,risk_on,0.01978272159444426,0.01840494911458146,0.036470513570943774,0.6614173228346457,0.08229672681291776,0.7559055118110236,0.6614173228346457,2013-06-17,2013-06-24,"{""long_momentum"": 0.13225435402094443, ""mean_reversion"": 0.10854190431339161, ""medium_momentum"": 0.1290816970920638, ""ridge"": 0.13481347776337024, ""risk_adjusted"": 0.12855879854999988, ""short_momentum"": 0.11521978536086334, ""trend"": 0.13398997870004214, ""volume_momentum"": 0.1175400041993245}",0.04389997210744411,0.7829161913732168,-0.05380379438886867,0.06471008605704358,1402.TW,2013-07-12,2013-07-15
0.035891223836199075,690000,0,0.0034577288548966753,0.0034577288548966753,0.052494003547372256,D-1 estimated accounting; fill-day constraints require ledger audit,adaptive,V4_CAUSAL_7_EXPERTS_RIDGE_ANCHOR20,disabled,2013-07-12,risk_on,0.01978272159444426,0.01840494911458146,0.036470513570943774,0.6614173228346457,0.08229672681291776,0.7559055118110236,0.6614173228346457,2013-06-17,2013-06-24,"{""long_momentum"": 0.13225435402094443, ""mean_reversion"": 0.10854190431339161, ""medium_momentum"": 0.1290816970920638, ""ridge"": 0.13481347776337024, ""risk_adjusted"": 0.12855879854999988, ""short_momentum"": 0.11521978536086334, ""trend"": 0.13398997870004214, ""volume_momentum"": 0.1175400041993245}",0.04268057846576269,0.317396612252841,-0.05238701231663284,0.057205702698351985,2301.TW,2013-07-12,2013-07-15
0.03568868222115396,2505000,0,0.010047559540506545,0.010047559540506545,0.14442115698840913,D-1 estimated accounting; fill-day constraints require ledger audit,adaptive,V4_CAUSAL_7_EXPERTS_RIDGE_ANCHOR20,disabled,2013-07-12,risk_on,0.01978272159444426,0.01840494911458146,0.036470513570943774,0.6614173228346457,0.08229672681291776,0.7559055118110236,0.6614173228346457,2013-06-17,2013-06-24,"{""long_momentum"": 0.13225435402094443, ""mean_reversion"": 0.10854190431339161, ""medium_momentum"": 0.1290816970920638, ""ridge"": 0.13481347776337024, ""risk_adjusted"": 0.12855879854999988, ""short_momentum"": 0.11521978536086334, ""trend"": 0.13398997870004214, ""volume_momentum"": 0.1175400041993245}",0.0425162006269761,0.5524766206514901,-0.045038088127005126,0.06303643987994402,2303.TW,2013-07-12,2013-07-15
0.03651541686033193,1953000,0,0.005782061707712894,0.005782061707712894,0.1560382319606201,D-1 estimated accounting; fill-day constraints require ledger audit,adaptive,V4_CAUSAL_7_EXPERTS_RIDGE_ANCHOR20,disabled,2013-07-12,risk_on,0.01978272159444426,0.01840494911458146,0.036470513570943774,0.6614173228346457,0.08229672681291776,0.7559055118110236,0.6614173228346457,2013-06-17,2013-06-24,"{""long_momentum"": 0.13225435402094443, ""mean_reversion"": 0.10854190431339161, ""medium_momentum"": 0.1290816970920638, ""ridge"": 0.13481347776337024, ""risk_adjusted"": 0.12855879854999988, ""short_momentum"": 0.11521978536086334, ""trend"": 0.13398997870004214, ""volume_momentum"": 0.1175400041993245}",0.042393675623035774,0.7695604292782733,-0.048694503764702336,0.058161859852053924,2345.TW,2013-07-12,2013-07-15
0.04110002940767018,2175000,0,0.03973346772962926,0.03973346772962926,0.3641186428046581,D-1 estimated accounting; fill-day constraints require ledger audit,adaptive,V4_CAUSAL_7_EXPERTS_RIDGE_ANCHOR20,disabled,2013-07-12,risk_on,0.01978272159444426,0.01840494911458146,0.036470513570943774,0.6614173228346457,0.08229672681291776,0.7559055118110236,0.6614173228346457,2013-06-17,2013-06-24,"{""long_momentum"": 0.13225435402094443, ""mean_reversion"": 0.10854190431339161, ""medium_momentum"": 0.1290816970920638, ""ridge"": 0.13481347776337024, ""risk_adjusted"": 0.12855879854999988, ""short_momentum"": 0.11521978536086334, ""trend"": 0.13398997870004214, ""volume_momentum"": 0.1175400041993245}",0.051450995422362915,0.7829161913732168,-0.03680264429430929,0.1141728124254936,2356.TW,2013-07-12,2013-07-15
0.037016760460706406,2314000,0,0.007319205413093662,0.007319205413093662,0.17674572095759028,D-1 estimated accounting; fill-day constraints require ledger audit,adaptive,V4_CAUSAL_7_EXPERTS_RIDGE_ANCHOR20,disabled,2013-07-12,risk_on,0.01978272159444426,0.01840494911458146,0.036470513570943774,0.6614173228346457,0.08229672681291776,0.7559055118110236,0.6614173228346457,2013-06-17,2013-06-24,"{""long_momentum"": 0.13225435402094443, ""mean_reversion"": 0.10854190431339161, ""medium_momentum"": 0.1290816970920638, ""ridge"": 0.13481347776337024, ""risk_adjusted"": 0.12855879854999988, ""short_momentum"": 0.11521978536086334, ""trend"": 0.13398997870004214, ""volume_momentum"": 0.1175400041993245}",0.04225018008890601,0.7829161913732168,-0.04638362690668818,0.058925270404801305,2377.TW,2013-07-12,2013-07-15
0.038520641323558334,558000,0,0.014885878856515752,0.014885878856515752,0.19316032724890458,D-1 estimated accounting; fill-day constraints require ledger audit,adaptive,V4_CAUSAL_7_EXPERTS_RIDGE_ANCHOR20,disabled,2013-07-12,risk_on,0.01978272159444426,0.01840494911458146,0.036470513570943774,0.6614173228346457,0.08229672681291776,0.7559055118110236,0.6614173228346457,2013-06-17,2013-06-24,"{""long_momentum"": 0.13225435402094443, ""mean_reversion"": 0.10854190431339161, ""medium_momentum"": 0.1290816970920638, ""ridge"": 0.13481347776337024, ""risk_adjusted"": 0.12855879854999988, ""short_momentum"": 0.11521978536086334, ""trend"": 0.13398997870004214, ""volume_momentum"": 0.1175400041993245}",0.06071543694261548,0.7829161913732168,-0.07559249934225878,0.1032674897272161,2382.TW,2013-07-12,2013-07-15
0.02875848033640826,6200000,0,-0.031754509080849536,-0.031754509080849536,0.13898038491785525,D-1 estimated accounting; fill-day constraints require ledger audit,adaptive,V4_CAUSAL_7_EXPERTS_RIDGE_ANCHOR20,disabled,2013-07-12,risk_on,0.01978272159444426,0.01840494911458146,0.036470513570943774,0.6614173228346457,0.08229672681291776,0.7559055118110236,0.6614173228346457,2013-06-17,2013-06-24,"{""long_momentum"": 0.13225435402094443, ""mean_reversion"": 0.10854190431339161, ""medium_momentum"": 0.1290816970920638, ""ridge"": 0.13481347776337024, ""risk_adjusted"": 0.12855879854999988, ""short_momentum"": 0.11521978536086334, ""trend"": 0.13398997870004214, ""volume_momentum"": 0.1175400041993245}",0.09898906287120866,0.5132892358464762,-0.1678252996411101,0.10221951415133682,2408.TW,2013-07-12,2013-07-15
0.03553537033857509,355000,0,0.0032534096569529036,0.0032534096569529036,0.08906942297591858,D-1 estimated accounting; fill-day constraints require ledger audit,adaptive,V4_CAUSAL_7_EXPERTS_RIDGE_ANCHOR20,disabled,2013-07-12,risk_on,0.01978272159444426,0.01840494911458146,0.036470513570943774,0.6614173228346457,0.08229672681291776,0.7559055118110236,0.6614173228346457,2013-06-17,2013-06-24,"{""long_momentum"": 0.13225435402094443, ""mean_reversion"": 0.10854190431339161, ""medium_momentum"": 0.1290816970920638, ""ridge"": 0.13481347776337024, ""risk_adjusted"": 0.12855879854999988, ""short_momentum"": 0.11521978536086334, ""trend"": 0.13398997870004214, ""volume_momentum"": 0.1175400041993245}",0.042510548297652724,0.5478361829745677,-0.05180502805948339,0.056215080045314995,2412.TW,2013-07-12,2013-07-15
0.03605997936073944,1643000,0,0.010892410932869386,0.010892410932869386,0.20956939726201912,D-1 estimated accounting; fill-day constraints require ledger audit,adaptive,V4_CAUSAL_7_EXPERTS_RIDGE_ANCHOR20,disabled,2013-07-12,risk_on,0.01978272159444426,0.01840494911458146,0.036470513570943774,0.6614173228346457,0.08229672681291776,0.7559055118110236,0.6614173228346457,2013-06-17,2013-06-24,"{""long_momentum"": 0.13225435402094443, ""mean_reversion"": 0.10854190431339161, ""medium_momentum"": 0.1290816970920638, ""ridge"": 0.13481347776337024, ""risk_adjusted"": 0.12855879854999988, ""short_momentum"": 0.11521978536086334, ""trend"": 0.13398997870004214, ""volume_momentum"": 0.1175400041993245}",0.04347897631096437,0.7829161913732168,-0.04803794600850537,0.06772600054616994,2449.TW,2013-07-12,2013-07-15
0.03858943800045151,888000,0,0.01832589765544912,0.01832589765544912,0.22879161013132848,D-1 estimated accounting; fill-day constraints require ledger audit,adaptive,V4_CAUSAL_7_EXPERTS_RIDGE_ANCHOR20,disabled,2013-07-12,risk_on,0.01978272159444426,0.01840494911458146,0.036470513570943774,0.6614173228346457,0.08229672681291776,0.7559055118110236,0.6614173228346457,2013-06-17,2013-06-24,"{""long_momentum"": 0.13225435402094443, ""mean_reversion"": 0.10854190431339161, ""medium_momentum"": 0.1290816970920638, ""ridge"": 0.13481347776337024, ""risk_adjusted"": 0.12855879854999988, ""short_momentum"": 0.11521978536086334, ""trend"": 0.13398997870004214, ""volume_momentum"": 0.1175400041993245}",0.056494437287265734,0.7829161913732168,-0.06615390506397893,0.10070893304680298,2882.TW,2013-07-12,2013-07-15
0.03937453977958443,184000,0,0.025867472913559477,0.025867472913559477,0.29785596157143257,D-1 estimated accounting; fill-day constraints require ledger audit,adaptive,V4_CAUSAL_7_EXPERTS_RIDGE_ANCHOR20,disabled,2013-07-12,risk_on,0.01978272159444426,0.01840494911458146,0.036470513570943774,0.6614173228346457,0.08229672681291776,0.7559055118110236,0.6614173228346457,2013-06-17,2013-06-24,"{""long_momentum"": 0.13225435402094443, ""mean_reversion"": 0.10854190431339161, ""medium_momentum"": 0.1290816970920638, ""ridge"": 0.13481347776337024, ""risk_adjusted"": 0.12855879854999988, ""short_momentum"": 0.11521978536086334, ""trend"": 0.13398997870004214, ""volume_momentum"": 0.1175400041993245}",0.050267865802849636,0.7829161913732168,-0.04861265466198565,0.09825083316103041,2912.TW,2013-07-12,2013-07-15
0.03374385789161837,305000,0,0.0023433915217861354,0.0023433915217861354,0.08084649664662644,D-1 estimated accounting; fill-day constraints require ledger audit,adaptive,V4_CAUSAL_7_EXPERTS_RIDGE_ANCHOR20,disabled,2013-07-12,risk_on,0.01978272159444426,0.01840494911458146,0.036470513570943774,0.6614173228346457,0.08229672681291776,0.7559055118110236,0.6614173228346457,2013-06-17,2013-06-24,"{""long_momentum"": 0.13225435402094443, ""mean_reversion"": 0.10854190431339161, ""medium_momentum"": 0.1290816970920638, ""ridge"": 0.13481347776337024, ""risk_adjusted"": 0.12855879854999988, ""short_momentum"": 0.11521978536086334, ""trend"": 0.13398997870004214, ""volume_momentum"": 0.1175400041993245}",0.04241727527577744,0.5478361829745677,-0.0522538027339888,0.054843818449486874,3045.TW,2013-07-12,2013-07-15
0.04097163226786737,836000,0,0.04570645762372524,0.04570645762372524,0.3403111358090792,D-1 estimated accounting; fill-day constraints require ledger audit,adaptive,V4_CAUSAL_7_EXPERTS_RIDGE_ANCHOR20,disabled,2013-07-12,risk_on,0.01978272159444426,0.01840494911458146,0.036470513570943774,0.6614173228346457,0.08229672681291776,0.7559055118110236,0.6614173228346457,2013-06-17,2013-06-24,"{""long_momentum"": 0.13225435402094443, ""mean_reversion"": 0.10854190431339161, ""medium_momentum"": 0.1290816970920638, ""ridge"": 0.13481347776337024, ""risk_adjusted"": 0.12855879854999988, ""short_momentum"": 0.11521978536086334, ""trend"": 0.13398997870004214, ""volume_momentum"": 0.1175400041993245}",0.06594828124167054,0.7829161913732168,-0.051718068936021745,0.14103421685539802,3163.TWO,2013-07-12,2013-07-15
0.035020582273192075,318000,0,-0.002724244307163724,-0.002724244307163724,0.0012721919062893743,D-1 estimated accounting; fill-day constraints require ledger audit,adaptive,V4_CAUSAL_7_EXPERTS_RIDGE_ANCHOR20,disabled,2013-07-12,risk_on,0.01978272159444426,0.01840494911458146,0.036470513570943774,0.6614173228346457,0.08229672681291776,0.7559055118110236,0.6614173228346457,2013-06-17,2013-06-24,"{""long_momentum"": 0.13225435402094443, ""mean_reversion"": 0.10854190431339161, ""medium_momentum"": 0.1290816970920638, ""ridge"": 0.13481347776337024, ""risk_adjusted"": 0.12855879854999988, ""short_momentum"": 0.11521978536086334, ""trend"": 0.13398997870004214, ""volume_momentum"": 0.1175400041993245}",0.04289513137440917,0.008337069295412336,-0.05948151116967235,0.0519362552272707,3189.TW,2013-07-12,2013-07-15
0.03362115840613145,542000,0,-0.005960599014881756,-0.005960599014881756,0.04199247081655277,D-1 estimated accounting; fill-day constraints require ledger audit,adaptive,V4_CAUSAL_7_EXPERTS_RIDGE_ANCHOR20,disabled,2013-07-12,risk_on,0.01978272159444426,0.01840494911458146,0.036470513570943774,0.6614173228346457,0.08229672681291776,0.7559055118110236,0.6614173228346457,2013-06-17,2013-06-24,"{""long_momentum"": 0.13225435402094443, ""mean_reversion"": 0.10854190431339161, ""medium_momentum"": 0.1290816970920638, ""ridge"": 0.13481347776337024, ""risk_adjusted"": 0.12855879854999988, ""short_momentum"": 0.11521978536086334, ""trend"": 0.13398997870004214, ""volume_momentum"": 0.1175400041993245}",0.05048842755915685,0.2354247657096439,-0.08083149772302037,0.06681353236518266,3260.TWO,2013-07-12,2013-07-15
0.038019647579150634,611000,0,0.02008722200840116,0.02008722200840116,0.23876981824692903,D-1 estimated accounting; fill-day constraints require ledger audit,adaptive,V4_CAUSAL_7_EXPERTS_RIDGE_ANCHOR20,disabled,2013-07-12,risk_on,0.01978272159444426,0.01840494911458146,0.036470513570943774,0.6614173228346457,0.08229672681291776,0.7559055118110236,0.6614173228346457,2013-06-17,2013-06-24,"{""long_momentum"": 0.13225435402094443, ""mean_reversion"": 0.10854190431339161, ""medium_momentum"": 0.1290816970920638, ""ridge"": 0.13481347776337024, ""risk_adjusted"": 0.12855879854999988, ""short_momentum"": 0.11521978536086334, ""trend"": 0.13398997870004214, ""volume_momentum"": 0.1175400041993245}",0.05717272378859824,0.7829161913732168,-0.06538774792236228,0.1034654246110904,3491.TWO,2013-07-12,2013-07-15
0.03497685027734643,451000,0,0.003342398360571405,0.003342398360571405,0.0877676538066583,D-1 estimated accounting; fill-day constraints require ledger audit,adaptive,V4_CAUSAL_7_EXPERTS_RIDGE_ANCHOR20,disabled,2013-07-12,risk_on,0.01978272159444426,0.01840494911458146,0.036470513570943774,0.6614173228346457,0.08229672681291776,0.7559055118110236,0.6614173228346457,2013-06-17,2013-06-24,"{""long_momentum"": 0.13225435402094443, ""mean_reversion"": 0.10854190431339161, ""medium_momentum"": 0.1290816970920638, ""ridge"": 0.13481347776337024, ""risk_adjusted"": 0.12855879854999988, ""short_momentum"": 0.11521978536086334, ""trend"": 0.13398997870004214, ""volume_momentum"": 0.1175400041993245}",0.04246047027627292,0.5344804208796242,-0.05147135846841458,0.056059387861483186,3529.TWO,2013-07-12,2013-07-15
0.0356989529927497,451000,0,0.009549431081659222,0.009549431081659222,0.1280649570650919,D-1 estimated accounting; fill-day constraints require ledger audit,adaptive,V4_CAUSAL_7_EXPERTS_RIDGE_ANCHOR20,disabled,2013-07-12,risk_on,0.01978272159444426,0.01840494911458146,0.036470513570943774,0.6614173228346457,0.08229672681291776,0.7559055118110236,0.6614173228346457,2013-06-17,2013-06-24,"{""long_momentum"": 0.13225435402094443, ""mean_reversion"": 0.10854190431339161, ""medium_momentum"": 0.1290816970920638, ""ridge"": 0.13481347776337024, ""risk_adjusted"": 0.12855879854999988, ""short_momentum"": 0.11521978536086334, ""trend"": 0.13398997870004214, ""volume_momentum"": 0.1175400041993245}",0.04617276979435234,0.5344804208796242,-0.05675444716687997,0.0737565420021242,4904.TW,2013-07-12,2013-07-15
0.038495451693951244,2070000,0,0.019421508406759075,0.019421508406759075,0.2757475619991756,D-1 estimated accounting; fill-day constraints require ledger audit,adaptive,V4_CAUSAL_7_EXPERTS_RIDGE_ANCHOR20,disabled,2013-07-12,risk_on,0.01978272159444426,0.01840494911458146,0.036470513570943774,0.6614173228346457,0.08229672681291776,0.7559055118110236,0.6614173228346457,2013-06-17,2013-06-24,"{""long_momentum"": 0.13225435402094443, ""mean_reversion"": 0.10854190431339161, ""medium_momentum"": 0.1290816970920638, ""ridge"": 0.13481347776337024, ""risk_adjusted"": 0.12855879854999988, ""short_momentum"": 0.11521978536086334, ""trend"": 0.13398997870004214, ""volume_momentum"": 0.1175400041993245}",0.044917252780424057,0.7829161913732168,-0.04379464047028349,0.08054088995572745,6187.TWO,2013-07-12,2013-07-15
0.037623310748229534,644000,0,0.007023197210844507,0.007023197210844507,0.14686649188343043,D-1 estimated accounting; fill-day constraints require ledger audit,adaptive,V4_CAUSAL_7_EXPERTS_RIDGE_ANCHOR20,disabled,2013-07-12,risk_on,0.01978272159444426,0.01840494911458146,0.036470513570943774,0.6614173228346457,0.08229672681291776,0.7559055118110236,0.6614173228346457,2013-06-17,2013-06-24,"{""long_momentum"": 0.13225435402094443, ""mean_reversion"": 0.10854190431339161, ""medium_momentum"": 0.1290816970920638, ""ridge"": 0.13481347776337024, ""risk_adjusted"": 0.12855879854999988, ""short_momentum"": 0.11521978536086334, ""trend"": 0.13398997870004214, ""volume_momentum"": 0.1175400041993245}",0.05207008674881316,0.7829161913732168,-0.07055280326080307,0.0825024303544179,6239.TW,2013-07-12,2013-07-15
0.03315260130778526,1020000,0,-0.002019567032324103,-0.002019567032324103,0.07251494286269221,D-1 estimated accounting; fill-day constraints require ledger audit,adaptive,V4_CAUSAL_7_EXPERTS_RIDGE_ANCHOR20,disabled,2013-07-12,risk_on,0.01978272159444426,0.01840494911458146,0.036470513570943774,0.6614173228346457,0.08229672681291776,0.7559055118110236,0.6614173228346457,2013-06-17,2013-06-24,"{""long_momentum"": 0.13225435402094443, ""mean_reversion"": 0.10854190431339161, ""medium_momentum"": 0.1290816970920638, ""ridge"": 0.13481347776337024, ""risk_adjusted"": 0.12855879854999988, ""short_momentum"": 0.11521978536086334, ""trend"": 0.13398997870004214, ""volume_momentum"": 0.1175400041993245}",0.0426676843913887,0.5132892358464762,-0.05780684320163257,0.05167094180891016,8210.TW,2013-07-12,2013-07-15
0.040783209840052424,3187000,0,0.03542349709472745,0.03542349709472745,0.44780355010314543,D-1 estimated accounting; fill-day constraints require ledger audit,adaptive,V4_CAUSAL_7_EXPERTS_RIDGE_ANCHOR20,disabled,2013-07-12,risk_on,0.01978272159444426,0.01840494911458146,0.036470513570943774,0.6614173228346457,0.08229672681291776,0.7559055118110236,0.6614173228346457,2013-06-17,2013-06-24,"{""long_momentum"": 0.13225435402094443, ""mean_reversion"": 0.10854190431339161, ""medium_momentum"": 0.1290816970920638, ""ridge"": 0.13481347776337024, ""risk_adjusted"": 0.12855879854999988, ""short_momentum"": 0.11521978536086334, ""trend"": 0.13398997870004214, ""volume_momentum"": 0.1175400041993245}",0.04984710724821815,1.0,-0.03830067054417124,0.10705089740555193,8932.TWO,2013-07-12,2013-07-15
0.03787488623096541,501000,0,0.019965359187513472,0.019965359187513472,0.23147169464619893,D-1 estimated accounting; fill-day constraints require ledger audit,adaptive,V4_CAUSAL_7_EXPERTS_RIDGE_ANCHOR20,disabled,2013-07-15,risk_on,0.019333200846863165,0.035627194053838185,0.030139554726996587,0.8359375,0.08473048326064474,0.8046875,0.7109375,2013-07-15,2013-06-24,"{""long_momentum"": 0.13225435402094443, ""mean_reversion"": 0.10854190431339161, ""medium_momentum"": 0.1290816970920638, ""ridge"": 0.13481347776337024, ""risk_adjusted"": 0.12855879854999988, ""short_momentum"": 0.11521978536086334, ""trend"": 0.13398997870004214, ""volume_momentum"": 0.1175400041993245}",0.0594759975028924,0.7829161913732168,-0.06879594835856179,0.10662989940551451,1301.TW,2013-07-15,2013-07-16
0.036393671330442134,574000,0,0.011226779372053663,0.011226779372053663,0.1374387958755581,D-1 estimated accounting; fill-day constraints require ledger audit,adaptive,V4_CAUSAL_7_EXPERTS_RIDGE_ANCHOR20,disabled,2013-07-15,risk_on,0.019333200846863165,0.035627194053838185,0.030139554726996587,0.8359375,0.08473048326064474,0.8046875,0.7109375,2013-07-15,2013-06-24,"{""long_momentum"": 0.13225435402094443, ""mean_reversion"": 0.10854190431339161, ""medium_momentum"": 0.1290816970920638, ""ridge"": 0.13481347776337024, ""risk_adjusted"": 0.12855879854999988, ""short_momentum"": 0.11521978536086334, ""trend"": 0.13398997870004214, ""volume_momentum"": 0.1175400041993245}",0.07620860776364685,0.7829161913732168,-0.09887596690091122,0.11923275831694435,1303.TW,2013-07-15,2013-07-16
0.03682186710441813,1120000,0,0.011336783090752834,0.011336783090752834,0.20920913406163555,D-1 estimated accounting; fill-day constraints require ledger audit,adaptive,V4_CAUSAL_7_EXPERTS_RIDGE_ANCHOR20,disabled,2013-07-15,risk_on,0.019333200846863165,0.035627194053838185,0.030139554726996587,0.8359375,0.08473048326064474,0.8046875,0.7109375,2013-07-15,2013-06-24,"{""long_momentum"": 0.13225435402094443, ""mean_reversion"": 0.10854190431339161, ""medium_momentum"": 0.1290816970920638, ""ridge"": 0.13481347776337024, ""risk_adjusted"": 0.12855879854999988, ""short_momentum"": 0.11521978536086334, ""trend"": 0.13398997870004214, ""volume_momentum"": 0.1175400041993245}",0.044799801858422424,0.7829161913732168,-0.05156610449527716,0.07214290334870863,1402.TW,2013-07-15,2013-07-16
0.0355404472038418,690000,0,0.0023191200900677168,0.0023191200900677168,0.07546694029236867,D-1 estimated accounting; fill-day constraints require ledger audit,adaptive,V4_CAUSAL_7_EXPERTS_RIDGE_ANCHOR20,disabled,2013-07-15,risk_on,0.019333200846863165,0.035627194053838185,0.030139554726996587,0.8359375,0.08473048326064474,0.8046875,0.7109375,2013-07-15,2013-06-24,"{""long_momentum"": 0.13225435402094443, ""mean_reversion"": 0.10854190431339161, ""medium_momentum"": 0.1290816970920638, ""ridge"": 0.13481347776337024, ""risk_adjusted"": 0.12855879854999988, ""short_momentum"": 0.11521978536086334, ""trend"": 0.13398997870004214, ""volume_momentum"": 0.1175400041993245}",0.04581247365603037,0.5478361829745677,-0.06314107894704618,0.06568255179910742,2301.TW,2013-07-15,2013-07-16
0.03571188388449978,2505000,0,0.006784205365943099,0.006784205365943099,0.10559016423586573,D-1 estimated accounting; fill-day constraints require ledger audit,adaptive,V4_CAUSAL_7_EXPERTS_RIDGE_ANCHOR20,disabled,2013-07-15,risk_on,0.019333200846863165,0.035627194053838185,0.030139554726996587,0.8359375,0.08473048326064474,0.8046875,0.7109375,2013-07-15,2013-06-24,"{""long_momentum"": 0.13225435402094443, ""mean_reversion"": 0.10854190431339161, ""medium_momentum"": 0.1290816970920638, ""ridge"": 0.13481347776337024, ""risk_adjusted"": 0.12855879854999988, ""short_momentum"": 0.11521978536086334, ""trend"": 0.13398997870004214, ""volume_momentum"": 0.1175400041993245}",0.049356092442911385,0.5478361829745677,-0.0660390208509536,0.0775106642547656,2303.TW,2013-07-15,2013-07-16
0.03673862331202011,1953000,0,0.0050693853400128035,0.0050693853400128035,0.10330412129388633,D-1 estimated accounting; fill-day constraints require ledger audit,adaptive,V4_CAUSAL_7_EXPERTS_RIDGE_ANCHOR20,disabled,2013-07-15,risk_on,0.019333200846863165,0.035627194053838185,0.030139554726996587,0.8359375,0.08473048326064474,0.8046875,0.7109375,2013-07-15,2013-06-24,"{""long_momentum"": 0.13225435402094443, ""mean_reversion"": 0.10854190431339161, ""medium_momentum"": 0.1290816970920638, ""ridge"": 0.13481347776337024, ""risk_adjusted"": 0.12855879854999988, ""short_momentum"": 0.11521978536086334, ""trend"": 0.13398997870004214, ""volume_momentum"": 0.1175400041993245}",0.04332997143762574,0.5478361829745677,-0.053340636993911804,0.061382640345863215,2345.TW,2013-07-15,2013-07-16
0.04252869428831302,2175000,0,0.041476536402963685,0.041476536402963685,0.3749198805024376,D-1 estimated accounting; fill-day constraints require ledger audit,adaptive,V4_CAUSAL_7_EXPERTS_RIDGE_ANCHOR20,disabled,2013-07-15,risk_on,0.019333200846863165,0.035627194053838185,0.030139554726996587,0.8359375,0.08473048326064474,0.8046875,0.7109375,2013-07-15,2013-06-24,"{""long_momentum"": 0.13225435402094443, ""mean_reversion"": 0.10854190431339161, ""medium_momentum"": 0.1290816970920638, ""ridge"": 0.13481347776337024, ""risk_adjusted"": 0.12855879854999988, ""short_momentum"": 0.11521978536086334, ""trend"": 0.13398997870004214, ""volume_momentum"": 0.1175400041993245}",0.050576820223694086,0.7829161913732168,-0.033549953735028504,0.11440625921288167,2356.TW,2013-07-15,2013-07-16
0.0369986240631277,2314000,0,0.008167334690741487,0.008167334690741487,0.18458061969038594,D-1 estimated accounting; fill-day constraints require ledger audit,adaptive,V4_CAUSAL_7_EXPERTS_RIDGE_ANCHOR20,disabled,2013-07-15,risk_on,0.019333200846863165,0.035627194053838185,0.030139554726996587,0.8359375,0.08473048326064474,0.8046875,0.7109375,2013-07-15,2013-06-24,"{""long_momentum"": 0.13225435402094443, ""mean_reversion"": 0.10854190431339161, ""medium_momentum"": 0.1290816970920638, ""ridge"": 0.13481347776337024, ""risk_adjusted"": 0.12855879854999988, ""short_momentum"": 0.11521978536086334, ""trend"": 0.13398997870004214, ""volume_momentum"": 0.1175400041993245}",0.04268316328626096,0.7829161913732168,-0.0476888870037373,0.061926789057146076,2377.TW,2013-07-15,2013-07-16
0.037867759532924206,558000,0,0.016208298490998654,0.016208298490998654,0.2415226611185209,D-1 estimated accounting; fill-day constraints require ledger audit,adaptive,V4_CAUSAL_7_EXPERTS_RIDGE_ANCHOR20,disabled,2013-07-15,risk_on,0.019333200846863165,0.035627194053838185,0.030139554726996587,0.8359375,0.08473048326064474,0.8046875,0.7109375,2013-07-15,2013-06-24,"{""long_momentum"": 0.13225435402094443, ""mean_reversion"": 0.10854190431339161, ""medium_momentum"": 0.1290816970920638, ""ridge"": 0.13481347776337024, ""risk_adjusted"": 0.12855879854999988, ""short_momentum"": 0.11521978536086334, ""trend"": 0.13398997870004214, ""volume_momentum"": 0.1175400041993245}",0.04754019990324053,0.7829161913732168,-0.0530688342774069,0.08338866393133,2382.TW,2013-07-15,2013-07-16
0.0266975759360631,6200000,0,-0.04838888435723353,-0.04838888435723353,0.1745621552278136,D-1 estimated accounting; fill-day constraints require ledger audit,adaptive,V4_CAUSAL_7_EXPERTS_RIDGE_ANCHOR20,disabled,2013-07-15,risk_on,0.019333200846863165,0.035627194053838185,0.030139554726996587,0.8359375,0.08473048326064474,0.8046875,0.7109375,2013-07-15,2013-06-24,"{""long_momentum"": 0.13225435402094443, ""mean_reversion"": 0.10854190431339161, ""medium_momentum"": 0.1290816970920638, ""ridge"": 0.13481347776337024, ""risk_adjusted"": 0.12855879854999988, ""short_momentum"": 0.11521978536086334, ""trend"": 0.13398997870004214, ""volume_momentum"": 0.1175400041993245}",0.10359783260129954,0.5132892358464762,-0.18951436618432943,0.09063983014178813,2408.TW,2013-07-15,2013-07-16
0.03515288350689243,355000,0,0.008041216786814022,0.008041216786814022,0.18532828341003038,D-1 estimated accounting; fill-day constraints require ledger audit,adaptive,V4_CAUSAL_7_EXPERTS_RIDGE_ANCHOR20,disabled,2013-07-15,risk_on,0.019333200846863165,0.035627194053838185,0.030139554726996587,0.8359375,0.08473048326064474,0.8046875,0.7109375,2013-07-15,2013-06-24,"{""long_momentum"": 0.13225435402094443, ""mean_reversion"": 0.10854190431339161, ""medium_momentum"": 0.1290816970920638, ""ridge"": 0.13481347776337024, ""risk_adjusted"": 0.12855879854999988, ""short_momentum"": 0.11521978536086334, ""trend"": 0.13398997870004214, ""volume_momentum"": 0.1175400041993245}",0.042051182439780746,0.7829161913732168,-0.04443707673465052,0.05842274298020436,2412.TW,2013-07-15,2013-07-16
0.034975507911200104,1643000,0,0.002880221143974857,0.002880221143974857,0.08161289518229835,D-1 estimated accounting; fill-day constraints require ledger audit,adaptive,V4_CAUSAL_7_EXPERTS_RIDGE_ANCHOR20,disabled,2013-07-15,risk_on,0.019333200846863165,0.035627194053838185,0.030139554726996587,0.8359375,0.08473048326064474,0.8046875,0.7109375,2013-07-15,2013-06-24,"{""long_momentum"": 0.13225435402094443, ""mean_reversion"": 0.10854190431339161, ""medium_momentum"": 0.1290816970920638, ""ridge"": 0.13481347776337024, ""risk_adjusted"": 0.12855879854999988, ""short_momentum"": 0.11521978536086334, ""trend"": 0.13398997870004214, ""volume_momentum"": 0.1175400041993245}",0.043727112528580976,0.5344804208796242,-0.05687589344302615,0.06053956840290166,2449.TW,2013-07-15,2013-07-16
0.037904481824219884,888000,0,0.018102328028307933,0.018102328028307933,0.24191637273429756,D-1 estimated accounting; fill-day constraints require ledger audit,adaptive,V4_CAUSAL_7_EXPERTS_RIDGE_ANCHOR20,disabled,2013-07-15,risk_on,0.019333200846863165,0.035627194053838185,0.030139554726996587,0.8359375,0.08473048326064474,0.8046875,0.7109375,2013-07-15,2013-06-24,"{""long_momentum"": 0.13225435402094443, ""mean_reversion"": 0.10854190431339161, ""medium_momentum"": 0.1290816970920638, ""ridge"": 0.13481347776337024, ""risk_adjusted"": 0.12855879854999988, ""short_momentum"": 0.11521978536086334, ""trend"": 0.13398997870004214, ""volume_momentum"": 0.1175400041993245}",0.051663949538374776,0.7829161913732168,-0.05879405273541361,0.0929019414639553,2882.TW,2013-07-15,2013-07-16
0.039811516932705425,184000,0,0.02623150177359496,0.02623150177359496,0.27082556503252536,D-1 estimated accounting; fill-day constraints require ledger audit,adaptive,V4_CAUSAL_7_EXPERTS_RIDGE_ANCHOR20,disabled,2013-07-15,risk_on,0.019333200846863165,0.035627194053838185,0.030139554726996587,0.8359375,0.08473048326064474,0.8046875,0.7109375,2013-07-15,2013-06-24,"{""long_momentum"": 0.13225435402094443, ""mean_reversion"": 0.10854190431339161, ""medium_momentum"": 0.1290816970920638, ""ridge"": 0.13481347776337024, ""risk_adjusted"": 0.12855879854999988, ""short_momentum"": 0.11521978536086334, ""trend"": 0.13398997870004214, ""volume_momentum"": 0.1175400041993245}",0.059054097433083555,0.7829161913732168,-0.06193763935562753,0.11230387557474325,2912.TW,2013-07-15,2013-07-16
0.0335652630453372,305000,0,0.00626741853514202,0.00626741853514202,0.16295430345906117,D-1 estimated accounting; fill-day constraints require ledger audit,adaptive,V4_CAUSAL_7_EXPERTS_RIDGE_ANCHOR20,disabled,2013-07-15,risk_on,0.019333200846863165,0.035627194053838185,0.030139554726996587,0.8359375,0.08473048326064474,0.8046875,0.7109375,2013-07-15,2013-06-24,"{""long_momentum"": 0.13225435402094443, ""mean_reversion"": 0.10854190431339161, ""medium_momentum"": 0.1290816970920638, ""ridge"": 0.13481347776337024, ""risk_adjusted"": 0.12855879854999988, ""short_momentum"": 0.11521978536086334, ""trend"": 0.13398997870004214, ""volume_momentum"": 0.1175400041993245}",0.042867048728912664,0.7829161913732168,-0.05037471130994848,0.060812781052158316,3045.TW,2013-07-15,2013-07-16
0.041730380380301024,836000,0,0.035309759715727675,0.035309759715727675,0.27956387803131444,D-1 estimated accounting; fill-day constraints require ledger audit,adaptive,V4_CAUSAL_7_EXPERTS_RIDGE_ANCHOR20,disabled,2013-07-15,risk_on,0.019333200846863165,0.035627194053838185,0.030139554726996587,0.8359375,0.08473048326064474,0.8046875,0.7109375,2013-07-15,2013-06-24,"{""long_momentum"": 0.13225435402094443, ""mean_reversion"": 0.10854190431339161, ""medium_momentum"": 0.1290816970920638, ""ridge"": 0.13481347776337024, ""risk_adjusted"": 0.12855879854999988, ""short_momentum"": 0.11521978536086334, ""trend"": 0.13398997870004214, ""volume_momentum"": 0.1175400041993245}",0.07257736924401595,0.7829161913732168,-0.07041273012505064,0.1389354822284318,3163.TWO,2013-07-15,2013-07-16
0.03483594340789309,318000,0,-0.004836621799432319,-0.004836621799432319,0.04605868459362729,D-1 estimated accounting; fill-day constraints require ledger audit,adaptive,V4_CAUSAL_7_EXPERTS_RIDGE_ANCHOR20,disabled,2013-07-15,risk_on,0.019333200846863165,0.035627194053838185,0.030139554726996587,0.8359375,0.08473048326064474,0.8046875,0.7109375,2013-07-15,2013-06-24,"{""long_momentum"": 0.13225435402094443, ""mean_reversion"": 0.10854190431339161, ""medium_momentum"": 0.1290816970920638, ""ridge"": 0.13481347776337024, ""risk_adjusted"": 0.12855879854999988, ""short_momentum"": 0.11521978536086334, ""trend"": 0.13398997870004214, ""volume_momentum"": 0.1175400041993245}",0.04329472540833126,0.2487805278045874,-0.0631205448714193,0.05135053394448047,3189.TW,2013-07-15,2013-07-16
0.03350735862375237,542000,0,-0.01143272072729017,-0.01143272072729017,0.04539556721292415,D-1 estimated accounting; fill-day constraints require ledger audit,adaptive,V4_CAUSAL_7_EXPERTS_RIDGE_ANCHOR20,disabled,2013-07-15,risk_on,0.019333200846863165,0.035627194053838185,0.030139554726996587,0.8359375,0.08473048326064474,0.8046875,0.7109375,2013-07-15,2013-06-24,"{""long_momentum"": 0.13225435402094443, ""mean_reversion"": 0.10854190431339161, ""medium_momentum"": 0.1290816970920638, ""ridge"": 0.13481347776337024, ""risk_adjusted"": 0.12855879854999988, ""short_momentum"": 0.11521978536086334, ""trend"": 0.13398997870004214, ""volume_momentum"": 0.1175400041993245}",0.06878858312928737,0.2354247657096439,-0.11246828988812128,0.08750608110546675,3260.TWO,2013-07-15,2013-07-16
0.03988758453610361,611000,0,0.029076152690551287,0.029076152690551287,0.23763339263000313,D-1 estimated accounting; fill-day constraints require ledger audit,adaptive,V4_CAUSAL_7_EXPERTS_RIDGE_ANCHOR20,disabled,2013-07-15,risk_on,0.019333200846863165,0.035627194053838185,0.030139554726996587,0.8359375,0.08473048326064474,0.8046875,0.7109375,2013-07-15,2013-06-24,"{""long_momentum"": 0.13225435402094443, ""mean_reversion"": 0.10854190431339161, ""medium_momentum"": 0.1290816970920638, ""ridge"": 0.13481347776337024, ""risk_adjusted"": 0.12855879854999988, ""short_momentum"": 0.11521978536086334, ""trend"": 0.13398997870004214, ""volume_momentum"": 0.1175400041993245}",0.07819246152175195,0.7829161913732168,-0.08338138984843829,0.13943692790146667,3491.TWO,2013-07-15,2013-07-16
0.036020410520533785,451000,0,0.006748098466109247,0.006748098466109247,0.13564934225083677,D-1 estimated accounting; fill-day constraints require ledger audit,adaptive,V4_CAUSAL_7_EXPERTS_RIDGE_ANCHOR20,disabled,2013-07-15,risk_on,0.019333200846863165,0.035627194053838185,0.030139554726996587,0.8359375,0.08473048326064474,0.8046875,0.7109375,2013-07-15,2013-06-24,"{""long_momentum"": 0.13225435402094443, ""mean_reversion"": 0.10854190431339161, ""medium_momentum"": 0.1290816970920638, ""ridge"": 0.13481347776337024, ""risk_adjusted"": 0.12855879854999988, ""short_momentum"": 0.11521978536086334, ""trend"": 0.13398997870004214, ""volume_momentum"": 0.1175400041993245}",0.05605743862197821,0.7829161913732168,-0.07708307796937951,0.0884825075735238,3529.TWO,2013-07-15,2013-07-16
0.0357522685067333,451000,0,0.011467221950536635,0.011467221950536635,0.2797867937755561,D-1 estimated accounting; fill-day constraints require ledger audit,adaptive,V4_CAUSAL_7_EXPERTS_RIDGE_ANCHOR20,disabled,2013-07-15,risk_on,0.019333200846863165,0.035627194053838185,0.030139554726996587,0.8359375,0.08473048326064474,0.8046875,0.7109375,2013-07-15,2013-06-24,"{""long_momentum"": 0.13225435402094443, ""mean_reversion"": 0.10854190431339161, ""medium_momentum"": 0.1290816970920638, ""ridge"": 0.13481347776337024, ""risk_adjusted"": 0.12855879854999988, ""short_momentum"": 0.11521978536086334, ""trend"": 0.13398997870004214, ""volume_momentum"": 0.1175400041993245}",0.042389101210114674,1.0,-0.042985764408753256,0.06382344098175233,4904.TW,2013-07-15,2013-07-16
0.03945134648135195,2070000,0,0.019231059911242,0.019231059911242,0.25038390849234105,D-1 estimated accounting; fill-day constraints require ledger audit,adaptive,V4_CAUSAL_7_EXPERTS_RIDGE_ANCHOR20,disabled,2013-07-15,risk_on,0.019333200846863165,0.035627194053838185,0.030139554726996587,0.8359375,0.08473048326064474,0.8046875,0.7109375,2013-07-15,2013-06-24,"{""long_momentum"": 0.13225435402094443, ""mean_reversion"": 0.10854190431339161, ""medium_momentum"": 0.1290816970920638, ""ridge"": 0.13481347776337024, ""risk_adjusted"": 0.12855879854999988, ""short_momentum"": 0.11521978536086334, ""trend"": 0.13398997870004214, ""volume_momentum"": 0.1175400041993245}",0.05153614594825963,0.7829161913732168,-0.057449439817719626,0.09381479231212944,6187.TWO,2013-07-15,2013-07-16
0.03706422432877786,644000,0,0.003522443513854626,0.003522443513854626,0.0456474387940899,D-1 estimated accounting; fill-day constraints require ledger audit,adaptive,V4_CAUSAL_7_EXPERTS_RIDGE_ANCHOR20,disabled,2013-07-15,risk_on,0.019333200846863165,0.035627194053838185,0.030139554726996587,0.8359375,0.08473048326064474,0.8046875,0.7109375,2013-07-15,2013-06-24,"{""long_momentum"": 0.13225435402094443, ""mean_reversion"": 0.10854190431339161, ""medium_momentum"": 0.1290816970920638, ""ridge"": 0.13481347776337024, ""risk_adjusted"": 0.12855879854999988, ""short_momentum"": 0.11521978536086334, ""trend"": 0.13398997870004214, ""volume_momentum"": 0.1175400041993245}",0.04555988936583587,0.2896727887904401,-0.061327659579228186,0.06627577927886324,6239.TW,2013-07-15,2013-07-16
0.032828590126285806,1020000,0,-0.003685838764877952,-0.003685838764877952,0.0811272249200193,D-1 estimated accounting; fill-day constraints require ledger audit,adaptive,V4_CAUSAL_7_EXPERTS_RIDGE_ANCHOR20,disabled,2013-07-15,risk_on,0.019333200846863165,0.035627194053838185,0.030139554726996587,0.8359375,0.08473048326064474,0.8046875,0.7109375,2013-07-15,2013-06-24,"{""long_momentum"": 0.13225435402094443, ""mean_reversion"": 0.10854190431339161, ""medium_momentum"": 0.1290816970920638, ""ridge"": 0.13481347776337024, ""risk_adjusted"": 0.12855879854999988, ""short_momentum"": 0.11521978536086334, ""trend"": 0.13398997870004214, ""volume_momentum"": 0.1175400041993245}",0.04198297820176728,0.47325544737325975,-0.0556864049631088,0.046217960105278705,8210.TW,2013-07-15,2013-07-16
0.04038462223351934,3187000,0,0.030708195777538583,0.030708195777538583,0.3219303431951134,D-1 estimated accounting; fill-day constraints require ledger audit,adaptive,V4_CAUSAL_7_EXPERTS_RIDGE_ANCHOR20,disabled,2013-07-15,risk_on,0.019333200846863165,0.035627194053838185,0.030139554726996587,0.8359375,0.08473048326064474,0.8046875,0.7109375,2013-07-15,2013-06-24,"{""long_momentum"": 0.13225435402094443, ""mean_reversion"": 0.10854190431339161, ""medium_momentum"": 0.1290816970920638, ""ridge"": 0.13481347776337024, ""risk_adjusted"": 0.12855879854999988, ""short_momentum"": 0.11521978536086334, ""trend"": 0.13398997870004214, ""volume_momentum"": 0.1175400041993245}",0.05113209508008953,0.7829161913732168,-0.04528310378973463,0.10460272801673759,8932.TWO,2013-07-15,2013-07-16
0.03774043428211765,501000,0,0.02392263126423937,0.02392263126423937,0.2805500187086111,D-1 estimated accounting; fill-day constraints require ledger audit,adaptive,V4_CAUSAL_7_EXPERTS_RIDGE_ANCHOR20,disabled,2013-07-16,risk_on,0.019192877528050947,0.03065665488258007,0.033970644492582025,0.8515625,0.08765360704835091,0.78125,0.7578125,2013-07-15,2013-06-24,"{""long_momentum"": 0.13225435402094443, ""mean_reversion"": 0.10854190431339161, ""medium_momentum"": 0.1290816970920638, ""ridge"": 0.13481347776337024, ""risk_adjusted"": 0.12855879854999988, ""short_momentum"": 0.11521978536086334, ""trend"": 0.13398997870004214, ""volume_momentum"": 0.1175400041993245}",0.051790235618186485,0.7829161913732168,-0.05318610396972748,0.098934599170132,1301.TW,2013-07-16,2013-07-17
0.03610383278922099,574000,0,0.01622101738146005,0.01622101738146005,0.2235570340475081,D-1 estimated accounting; fill-day constraints require ledger audit,adaptive,V4_CAUSAL_7_EXPERTS_RIDGE_ANCHOR20,disabled,2013-07-16,risk_on,0.019192877528050947,0.03065665488258007,0.033970644492582025,0.8515625,0.08765360704835091,0.78125,0.7578125,2013-07-15,2013-06-24,"{""long_momentum"": 0.13225435402094443, ""mean_reversion"": 0.10854190431339161, ""medium_momentum"": 0.1290816970920638, ""ridge"": 0.13481347776337024, ""risk_adjusted"": 0.12855879854999988, ""short_momentum"": 0.11521978536086334, ""trend"": 0.13398997870004214, ""volume_momentum"": 0.1175400041993245}",0.053096832540572986,0.7829161913732168,-0.06303302609207226,0.09337829352691816,1303.TW,2013-07-16,2013-07-17
0.03675349906345511,1120000,0,0.011022240367562056,0.011022240367562056,0.21274871434635165,D-1 estimated accounting; fill-day constraints require ledger audit,adaptive,V4_CAUSAL_7_EXPERTS_RIDGE_ANCHOR20,disabled,2013-07-16,risk_on,0.019192877528050947,0.03065665488258007,0.033970644492582025,0.8515625,0.08765360704835091,0.78125,0.7578125,2013-07-15,2013-06-24,"{""long_momentum"": 0.13225435402094443, ""mean_reversion"": 0.10854190431339161, ""medium_momentum"": 0.1290816970920638, ""ridge"": 0.13481347776337024, ""risk_adjusted"": 0.12855879854999988, ""short_momentum"": 0.11521978536086334, ""trend"": 0.13398997870004214, ""volume_momentum"": 0.1175400041993245}",0.04293967366504798,0.7829161913732168,-0.04591525672923061,0.06586297013628052,1402.TW,2013-07-16,2013-07-17
0.035299913253604015,690000,0,0.006041761603496098,0.006041761603496098,0.11122496340375762,D-1 estimated accounting; fill-day constraints require ledger audit,adaptive,V4_CAUSAL_7_EXPERTS_RIDGE_ANCHOR20,disabled,2013-07-16,risk_on,0.019192877528050947,0.03065665488258007,0.033970644492582025,0.8515625,0.08765360704835091,0.78125,0.7578125,2013-07-15,2013-06-24,"{""long_momentum"": 0.13225435402094443, ""mean_reversion"": 0.10854190431339161, ""medium_momentum"": 0.1290816970920638, ""ridge"": 0.13481347776337024, ""risk_adjusted"": 0.12855879854999988, ""short_momentum"": 0.11521978536086334, ""trend"": 0.13398997870004214, ""volume_momentum"": 0.1175400041993245}",0.04201831779311973,0.5344804208796242,-0.04621098007125985,0.05619773595017785,2301.TW,2013-07-16,2013-07-17
0.03442795384550925,2505000,0,0.006903441915123571,0.006903441915123571,0.1044663545254284,D-1 estimated accounting; fill-day constraints require ledger audit,adaptive,V4_CAUSAL_7_EXPERTS_RIDGE_ANCHOR20,disabled,2013-07-16,risk_on,0.019192877528050947,0.03065665488258007,0.033970644492582025,0.8515625,0.08765360704835091,0.78125,0.7578125,2013-07-15,2013-06-24,"{""long_momentum"": 0.13225435402094443, ""mean_reversion"": 0.10854190431339161, ""medium_momentum"": 0.1290816970920638, ""ridge"": 0.13481347776337024, ""risk_adjusted"": 0.12855879854999988, ""short_momentum"": 0.11521978536086334, ""trend"": 0.13398997870004214, ""volume_momentum"": 0.1175400041993245}",0.048998048077645136,0.5344804208796242,-0.06524894491426647,0.07695906141643942,2303.TW,2013-07-16,2013-07-17
0.036464077195474155,1953000,0,0.0047788421241442315,0.0047788421241442315,0.10193637461505337,D-1 estimated accounting; fill-day constraints require ledger audit,adaptive,V4_CAUSAL_7_EXPERTS_RIDGE_ANCHOR20,disabled,2013-07-16,risk_on,0.019192877528050947,0.03065665488258007,0.033970644492582025,0.8515625,0.08765360704835091,0.78125,0.7578125,2013-07-15,2013-06-24,"{""long_momentum"": 0.13225435402094443, ""mean_reversion"": 0.10854190431339161, ""medium_momentum"": 0.1290816970920638, ""ridge"": 0.13481347776337024, ""risk_adjusted"": 0.12855879854999988, ""short_momentum"": 0.11521978536086334, ""trend"": 0.13398997870004214, ""volume_momentum"": 0.1175400041993245}",0.04277554352506807,0.5478361829745677,-0.05147949118543642,0.05894040810565068,2345.TW,2013-07-16,2013-07-17
0.04232225357748097,2175000,0,0.047695320199262044,0.047695320199262044,0.3467492330599984,D-1 estimated accounting; fill-day constraints require ledger audit,adaptive,V4_CAUSAL_7_EXPERTS_RIDGE_ANCHOR20,disabled,2013-07-16,risk_on,0.019192877528050947,0.03065665488258007,0.033970644492582025,0.8515625,0.08765360704835091,0.78125,0.7578125,2013-07-15,2013-06-24,"{""long_momentum"": 0.13225435402094443, ""mean_reversion"": 0.10854190431339161, ""medium_momentum"": 0.1290816970920638, ""ridge"": 0.13481347776337024, ""risk_adjusted"": 0.12855879854999988, ""short_momentum"": 0.11521978536086334, ""trend"": 0.13398997870004214, ""volume_momentum"": 0.1175400041993245}",0.0662840904529882,0.7829161913732168,-0.050161162032999244,0.14345503510344915,2356.TW,2013-07-16,2013-07-17
0.03807292590650963,2314000,0,0.011366093468389262,0.011366093468389262,0.18038376910655282,D-1 estimated accounting; fill-day constraints require ledger audit,adaptive,V4_CAUSAL_7_EXPERTS_RIDGE_ANCHOR20,disabled,2013-07-16,risk_on,0.019192877528050947,0.03065665488258007,0.033970644492582025,0.8515625,0.08765360704835091,0.78125,0.7578125,2013-07-15,2013-06-24,"{""long_momentum"": 0.13225435402094443, ""mean_reversion"": 0.10854190431339161, ""medium_momentum"": 0.1290816970920638, ""ridge"": 0.13481347776337024, ""risk_adjusted"": 0.12855879854999988, ""short_momentum"": 0.11521978536086334, ""trend"": 0.13398997870004214, ""volume_momentum"": 0.1175400041993245}",0.05466734612206849,0.7829161913732168,-0.07035877343036914,0.09099419303907347,2377.TW,2013-07-16,2013-07-17
0.03806903509946964,558000,0,0.024099190676344744,0.024099190676344744,0.4026706786782844,D-1 estimated accounting; fill-day constraints require ledger audit,adaptive,V4_CAUSAL_7_EXPERTS_RIDGE_ANCHOR20,disabled,2013-07-16,risk_on,0.019192877528050947,0.03065665488258007,0.033970644492582025,0.8515625,0.08765360704835091,0.78125,0.7578125,2013-07-15,2013-06-24,"{""long_momentum"": 0.13225435402094443, ""mean_reversion"": 0.10854190431339161, ""medium_momentum"": 0.1290816970920638, ""ridge"": 0.13481347776337024, ""risk_adjusted"": 0.12855879854999988, ""short_momentum"": 0.11521978536086334, ""trend"": 0.13398997870004214, ""volume_momentum"": 0.1175400041993245}",0.043166291309726754,1.0,-0.03371452324564234,0.07981613727025763,2382.TW,2013-07-16,2013-07-17
0.028400256478291773,6200000,0,-0.03768340345201717,-0.03768340345201717,0.18363445270082435,D-1 estimated accounting; fill-day constraints require ledger audit,adaptive,V4_CAUSAL_7_EXPERTS_RIDGE_ANCHOR20,disabled,2013-07-16,risk_on,0.019192877528050947,0.03065665488258007,0.033970644492582025,0.8515625,0.08765360704835091,0.78125,0.7578125,2013-07-15,2013-06-24,"{""long_momentum"": 0.13225435402094443, ""mean_reversion"": 0.10854190431339161, ""medium_momentum"": 0.1290816970920638, ""ridge"": 0.13481347776337024, ""risk_adjusted"": 0.12855879854999988, ""short_momentum"": 0.11521978536086334, ""trend"": 0.13398997870004214, ""volume_momentum"": 0.1175400041993245}",0.07662390091807605,0.5132892358464762,-0.14828116427872415,0.07081759004661561,2408.TW,2013-07-16,2013-07-17
0.034947228833181715,355000,0,0.007476496277472006,0.007476496277472006,0.20495903561227471,D-1 estimated accounting; fill-day constraints require ledger audit,adaptive,V4_CAUSAL_7_EXPERTS_RIDGE_ANCHOR20,disabled,2013-07-16,risk_on,0.019192877528050947,0.03065665488258007,0.033970644492582025,0.8515625,0.08765360704835091,0.78125,0.7578125,2013-07-15,2013-06-24,"{""long_momentum"": 0.13225435402094443, ""mean_reversion"": 0.10854190431339161, ""medium_momentum"": 0.1290816970920638, ""ridge"": 0.13481347776337024, ""risk_adjusted"": 0.12855879854999988, ""short_momentum"": 0.11521978536086334, ""trend"": 0.13398997870004214, ""volume_momentum"": 0.1175400041993245}",0.0417893406939533,0.8914580956866084,-0.04288178770518018,0.05573801293204998,2412.TW,2013-07-16,2013-07-17
0.0343200701389131,1643000,0,0.002406488930842085,0.002406488930842085,0.03323387506606313,D-1 estimated accounting; fill-day constraints require ledger audit,adaptive,V4_CAUSAL_7_EXPERTS_RIDGE_ANCHOR20,disabled,2013-07-16,risk_on,0.019192877528050947,0.03065665488258007,0.033970644492582025,0.8515625,0.08765360704835091,0.78125,0.7578125,2013-07-15,2013-06-24,"{""long_momentum"": 0.13225435402094443, ""mean_reversion"": 0.10854190431339161, ""medium_momentum"": 0.1290816970920638, ""ridge"": 0.13481347776337024, ""risk_adjusted"": 0.12855879854999988, ""short_momentum"": 0.11521978536086334, ""trend"": 0.13398997870004214, ""volume_momentum"": 0.1175400041993245}",0.05417341998905459,0.2763170266954966,-0.07855260325856256,0.08126881379217253,2449.TW,2013-07-16,2013-07-17
0.03807056187185242,888000,0,0.020542328689451213,0.020542328689451213,0.2800652341017633,D-1 estimated accounting; fill-day constraints require ledger audit,adaptive,V4_CAUSAL_7_EXPERTS_RIDGE_ANCHOR20,disabled,2013-07-16,risk_on,0.019192877528050947,0.03065665488258007,0.033970644492582025,0.8515625,0.08765360704835091,0.78125,0.7578125,2013-07-15,2013-06-24,"{""long_momentum"": 0.13225435402094443, ""mean_reversion"": 0.10854190431339161, ""medium_momentum"": 0.1290816970920638, ""ridge"": 0.13481347776337024, ""risk_adjusted"": 0.12855879854999988, ""short_momentum"": 0.11521978536086334, ""trend"": 0.13398997870004214, ""volume_momentum"": 0.1175400041993245}",0.04586068839863827,0.7829161913732168,-0.04503251592496932,0.08402040597579756,2882.TW,2013-07-16,2013-07-17
0.039709133393630094,184000,0,0.02903266713163195,0.02903266713163195,0.3160234638687178,D-1 estimated accounting; fill-day constraints require ledger audit,adaptive,V4_CAUSAL_7_EXPERTS_RIDGE_ANCHOR20,disabled,2013-07-16,risk_on,0.019192877528050947,0.03065665488258007,0.033970644492582025,0.8515625,0.08765360704835091,0.78125,0.7578125,2013-07-15,2013-06-24,"{""long_momentum"": 0.13225435402094443, ""mean_reversion"": 0.10854190431339161, ""medium_momentum"": 0.1290816970920638, ""ridge"": 0.13481347776337024, ""risk_adjusted"": 0.12855879854999988, ""short_momentum"": 0.11521978536086334, ""trend"": 0.13398997870004214, ""volume_momentum"": 0.1175400041993245}",0.05027982601931483,0.7829161913732168,-0.04546874487673948,0.10143731181192919,2912.TW,2013-07-16,2013-07-17
0.03340233218469593,305000,0,0.0065700845851364206,0.0065700845851364206,0.1700696775404226,D-1 estimated accounting; fill-day constraints require ledger audit,adaptive,V4_CAUSAL_7_EXPERTS_RIDGE_ANCHOR20,disabled,2013-07-16,risk_on,0.019192877528050947,0.03065665488258007,0.033970644492582025,0.8515625,0.08765360704835091,0.78125,0.7578125,2013-07-15,2013-06-24,"{""long_momentum"": 0.13225435402094443, ""mean_reversion"": 0.10854190431339161, ""medium_momentum"": 0.1290816970920638, ""ridge"": 0.13481347776337024, ""risk_adjusted"": 0.12855879854999988, ""short_momentum"": 0.11521978536086334, ""trend"": 0.13398997870004214, ""volume_momentum"": 0.1175400041993245}",0.041692829111562656,0.7829161913732168,-0.04265347210448452,0.05369687394668317,3045.TW,2013-07-16,2013-07-17
0.04086864314226886,836000,0,0.03230099771692397,0.03230099771692397,0.275284224862354,D-1 estimated accounting; fill-day constraints require ledger audit,adaptive,V4_CAUSAL_7_EXPERTS_RIDGE_ANCHOR20,disabled,2013-07-16,risk_on,0.019192877528050947,0.03065665488258007,0.033970644492582025,0.8515625,0.08765360704835091,0.78125,0.7578125,2013-07-15,2013-06-24,"{""long_momentum"": 0.13225435402094443, ""mean_reversion"": 0.10854190431339161, ""medium_momentum"": 0.1290816970920638, ""ridge"": 0.13481347776337024, ""risk_adjusted"": 0.12855879854999988, ""short_momentum"": 0.11521978536086334, ""trend"": 0.13398997870004214, ""volume_momentum"": 0.1175400041993245}",0.06878410425925123,0.7829161913732168,-0.06872894863517254,0.13123417674094628,3163.TWO,2013-07-16,2013-07-17
0.034666844472692374,318000,0,-0.002340015364776843,-0.002340015364776843,0.03564276810906998,D-1 estimated accounting; fill-day constraints require ledger audit,adaptive,V4_CAUSAL_7_EXPERTS_RIDGE_ANCHOR20,disabled,2013-07-16,risk_on,0.019192877528050947,0.03065665488258007,0.033970644492582025,0.8515625,0.08765360704835091,0.78125,0.7578125,2013-07-15,2013-06-24,"{""long_momentum"": 0.13225435402094443, ""mean_reversion"": 0.10854190431339161, ""medium_momentum"": 0.1290816970920638, ""ridge"": 0.13481347776337024, ""risk_adjusted"": 0.12855879854999988, ""short_momentum"": 0.11521978536086334, ""trend"": 0.13398997870004214, ""volume_momentum"": 0.1175400041993245}",0.04389205760315547,0.2487805278045874,-0.06262061611997982,0.05584381806235194,3189.TW,2013-07-16,2013-07-17
0.03419970137428356,542000,0,-0.007538744213477033,-0.007538744213477033,0.06349316645501293,D-1 estimated accounting; fill-day constraints require ledger audit,adaptive,V4_CAUSAL_7_EXPERTS_RIDGE_ANCHOR20,disabled,2013-07-16,risk_on,0.019192877528050947,0.03065665488258007,0.033970644492582025,0.8515625,0.08765360704835091,0.78125,0.7578125,2013-07-15,2013-06-24,"{""long_momentum"": 0.13225435402094443, ""mean_reversion"": 0.10854190431339161, ""medium_momentum"": 0.1290816970920638, ""ridge"": 0.13481347776337024, ""risk_adjusted"": 0.12855879854999988, ""short_momentum"": 0.11521978536086334, ""trend"": 0.13398997870004214, ""volume_momentum"": 0.1175400041993245}",0.08719977413000918,0.5050517212363844,-0.13042414674251335,0.11324989098748509,3260.TWO,2013-07-16,2013-07-17
0.039693964171246335,611000,0,0.03172687031167124,0.03172687031167124,0.2518108439276553,D-1 estimated accounting; fill-day constraints require ledger audit,adaptive,V4_CAUSAL_7_EXPERTS_RIDGE_ANCHOR20,disabled,2013-07-16,risk_on,0.019192877528050947,0.03065665488258007,0.033970644492582025,0.8515625,0.08765360704835091,0.78125,0.7578125,2013-07-15,2013-06-24,"{""long_momentum"": 0.13225435402094443, ""mean_reversion"": 0.10854190431339161, ""medium_momentum"": 0.1290816970920638, ""ridge"": 0.13481347776337024, ""risk_adjusted"": 0.12855879854999988, ""short_momentum"": 0.11521978536086334, ""trend"": 0.13398997870004214, ""volume_momentum"": 0.1175400041993245}",0.07746226061285993,0.7829161913732168,-0.07986680180787908,0.14122377510314738,3491.TWO,2013-07-16,2013-07-17
0.037580024680481654,451000,0,0.00794973875201289,0.00794973875201289,0.10003177879214412,D-1 estimated accounting; fill-day constraints require ledger audit,adaptive,V4_CAUSAL_7_EXPERTS_RIDGE_ANCHOR20,disabled,2013-07-16,risk_on,0.019192877528050947,0.03065665488258007,0.033970644492582025,0.8515625,0.08765360704835091,0.78125,0.7578125,2013-07-15,2013-06-24,"{""long_momentum"": 0.13225435402094443, ""mean_reversion"": 0.10854190431339161, ""medium_momentum"": 0.1290816970920638, ""ridge"": 0.13481347776337024, ""risk_adjusted"": 0.12855879854999988, ""short_momentum"": 0.11521978536086334, ""trend"": 0.13398997870004214, ""volume_momentum"": 0.1175400041993245}",0.08840365379407975,0.7829161913732168,-0.1163026007828246,0.1301053109587762,3529.TWO,2013-07-16,2013-07-17
0.03531188117905613,451000,0,0.0060974666799149665,0.0060974666799149665,0.11219025593344141,D-1 estimated accounting; fill-day constraints require ledger audit,adaptive,V4_CAUSAL_7_EXPERTS_RIDGE_ANCHOR20,disabled,2013-07-16,risk_on,0.019192877528050947,0.03065665488258007,0.033970644492582025,0.8515625,0.08765360704835091,0.78125,0.7578125,2013-07-15,2013-06-24,"{""long_momentum"": 0.13225435402094443, ""mean_reversion"": 0.10854190431339161, ""medium_momentum"": 0.1290816970920638, ""ridge"": 0.13481347776337024, ""risk_adjusted"": 0.12855879854999988, ""short_momentum"": 0.11521978536086334, ""trend"": 0.13398997870004214, ""volume_momentum"": 0.1175400041993245}",0.043551583169381174,0.5524766206514901,-0.053079477886085774,0.0631776439178415,4904.TW,2013-07-16,2013-07-17
0.039157870062002276,2070000,0,0.01790295841617436,0.01790295841617436,0.21025828463082222,D-1 estimated accounting; fill-day constraints require ledger audit,adaptive,V4_CAUSAL_7_EXPERTS_RIDGE_ANCHOR20,disabled,2013-07-16,risk_on,0.019192877528050947,0.03065665488258007,0.033970644492582025,0.8515625,0.08765360704835091,0.78125,0.7578125,2013-07-15,2013-06-24,"{""long_momentum"": 0.13225435402094443, ""mean_reversion"": 0.10854190431339161, ""medium_momentum"": 0.1290816970920638, ""ridge"": 0.13481347776337024, ""risk_adjusted"": 0.12855879854999988, ""short_momentum"": 0.11521978536086334, ""trend"": 0.13398997870004214, ""volume_momentum"": 0.1175400041993245}",0.06237832791151707,0.7829161913732168,-0.074831438108742,0.10854058761301652,6187.TWO,2013-07-16,2013-07-17
0.03707476152322535,644000,0,0.007616179388974786,0.007616179388974786,0.17586612925618564,D-1 estimated accounting; fill-day constraints require ledger audit,adaptive,V4_CAUSAL_7_EXPERTS_RIDGE_ANCHOR20,disabled,2013-07-16,risk_on,0.019192877528050947,0.03065665488258007,0.033970644492582025,0.8515625,0.08765360704835091,0.78125,0.7578125,2013-07-15,2013-06-24,"{""long_momentum"": 0.13225435402094443, ""mean_reversion"": 0.10854190431339161, ""medium_momentum"": 0.1290816970920638, ""ridge"": 0.13481347776337024, ""risk_adjusted"": 0.12855879854999988, ""short_momentum"": 0.11521978536086334, ""trend"": 0.13398997870004214, ""volume_momentum"": 0.1175400041993245}",0.04354819494889962,0.7829161913732168,-0.051549353667597456,0.06468494511747282,6239.TW,2013-07-16,2013-07-17
0.03266923518735116,1020000,0,-0.0018150583666567976,-0.0018150583666567976,0.0011641049250296351,D-1 estimated accounting; fill-day constraints require ledger audit,adaptive,V4_CAUSAL_7_EXPERTS_RIDGE_ANCHOR20,disabled,2013-07-16,risk_on,0.019192877528050947,0.03065665488258007,0.033970644492582025,0.8515625,0.08765360704835091,0.78125,0.7578125,2013-07-15,2013-06-24,"{""long_momentum"": 0.13225435402094443, ""mean_reversion"": 0.10854190431339161, ""medium_momentum"": 0.1290816970920638, ""ridge"": 0.13481347776337024, ""risk_adjusted"": 0.12855879854999988, ""short_momentum"": 0.11521978536086334, ""trend"": 0.13398997870004214, ""volume_momentum"": 0.1175400041993245}",0.04199292503196245,0.008337069295412336,-0.05388768403138111,0.04816079996999332,8210.TW,2013-07-16,2013-07-17
0.04113050923127673,3187000,0,0.02861015965418652,0.02861015965418652,0.27774051942474204,D-1 estimated accounting; fill-day constraints require ledger audit,adaptive,V4_CAUSAL_7_EXPERTS_RIDGE_ANCHOR20,disabled,2013-07-16,risk_on,0.019192877528050947,0.03065665488258007,0.033970644492582025,0.8515625,0.08765360704835091,0.78125,0.7578125,2013-07-15,2013-06-24,"{""long_momentum"": 0.13225435402094443, ""mean_reversion"": 0.10854190431339161, ""medium_momentum"": 0.1290816970920638, ""ridge"": 0.13481347776337024, ""risk_adjusted"": 0.12855879854999988, ""short_momentum"": 0.11521978536086334, ""trend"": 0.13398997870004214, ""volume_momentum"": 0.1175400041993245}",0.06113272569219024,0.7829161913732168,-0.0624392233639056,0.11756277534420445,8932.TWO,2013-07-16,2013-07-17
