target_weight,target_shares,order_shares,expected_return,score,confidence,reason,family,model_ensemble_id,regime,observed_date,prior_regime,market_volatility,median_R5,median_R20,breadth,dispersion,above_EMA20,above_EMA50,model_train_end,latest_label_end,expert_weights,uncertainty,sign_agreement,lower_bound,upper_bound,symbol,signal_date,decision_date
0.041293225,3455000,3455000,0.013531615721137034,0.013531615721137034,0.2365511477920248,D-1 estimated accounting; fill-day constraints require ledger audit,adaptive,V4_CAUSAL_7_EXPERTS_RIDGE_ANCHOR20,disabled,2009-12-31,risk_on,0.01680976771907229,0.02405599526189517,0.0710495999006755,0.8839285714285714,0.10732147728060136,0.9642857142857143,0.9553571428571429,2009-12-21,2009-12-28,"{""long_momentum"": 0.10797846692710765, ""mean_reversion"": 0.2441507315102464, ""medium_momentum"": 0.10797846692710765, ""ridge"": 0.10797846692710765, ""risk_adjusted"": 0.10797846692710765, ""short_momentum"": 0.10797846692710765, ""trend"": 0.10797846692710765, ""volume_momentum"": 0.10797846692710765}",0.05980922470222031,1.0,-0.07702088593153747,0.0836452972871935,1605.TW,2009-12-31,2010-01-04
0.0412804,2243000,2243000,0.02479357142681588,0.02479357142681588,0.0710713366457188,D-1 estimated accounting; fill-day constraints require ledger audit,adaptive,V4_CAUSAL_7_EXPERTS_RIDGE_ANCHOR20,disabled,2009-12-31,risk_on,0.01680976771907229,0.02405599526189517,0.0710495999006755,0.8839285714285714,0.10732147728060136,0.9642857142857143,0.9553571428571429,2009-12-21,2009-12-28,"{""long_momentum"": 0.10797846692710765, ""mean_reversion"": 0.2441507315102464, ""medium_momentum"": 0.10797846692710765, ""ridge"": 0.10797846692710765, ""risk_adjusted"": 0.10797846692710765, ""short_momentum"": 0.10797846692710765, ""trend"": 0.10797846692710765, ""volume_momentum"": 0.10797846692710765}",0.1847138183313375,0.5116985369795071,-0.22587008711099443,0.2550184098780081,1815.TWO,2009-12-31,2010-01-04
0.041293425,3544000,3544000,0.032048631163255806,0.032048631163255806,0.09792082623725888,D-1 estimated accounting; fill-day constraints require ledger audit,adaptive,V4_CAUSAL_7_EXPERTS_RIDGE_ANCHOR20,disabled,2009-12-31,risk_on,0.01680976771907229,0.02405599526189517,0.0710495999006755,0.8839285714285714,0.10732147728060136,0.9642857142857143,0.9553571428571429,2009-12-21,2009-12-28,"{""long_momentum"": 0.10797846692710765, ""mean_reversion"": 0.2441507315102464, ""medium_momentum"": 0.10797846692710765, ""ridge"": 0.10797846692710765, ""risk_adjusted"": 0.10797846692710765, ""short_momentum"": 0.10797846692710765, ""trend"": 0.10797846692710765, ""volume_momentum"": 0.10797846692710765}",0.15655400774215356,0.5116985369795071,-0.1886698747894981,0.2323283170293916,2313.TW,2009-12-31,2010-01-04
0.04128345,3528000,3528000,0.038385459116079275,0.038385459116079275,0.18614790998114594,D-1 estimated accounting; fill-day constraints require ledger audit,adaptive,V4_CAUSAL_7_EXPERTS_RIDGE_ANCHOR20,disabled,2009-12-31,risk_on,0.01680976771907229,0.02405599526189517,0.0710495999006755,0.8839285714285714,0.10732147728060136,0.9642857142857143,0.9553571428571429,2009-12-21,2009-12-28,"{""long_momentum"": 0.10797846692710765, ""mean_reversion"": 0.2441507315102464, ""medium_momentum"": 0.10797846692710765, ""ridge"": 0.10797846692710765, ""risk_adjusted"": 0.10797846692710765, ""short_momentum"": 0.10797846692710765, ""trend"": 0.10797846692710765, ""volume_momentum"": 0.10797846692710765}",0.07587602471218688,0.5116985369795071,-0.08598552181850919,0.14231761996404968,2327.TW,2009-12-31,2010-01-04
0.041283135,4225000,4225000,0.06233108613626065,0.06233108613626065,0.17245067926706076,D-1 estimated accounting; fill-day constraints require ledger audit,adaptive,V4_CAUSAL_7_EXPERTS_RIDGE_ANCHOR20,disabled,2009-12-31,risk_on,0.01680976771907229,0.02405599526189517,0.0710495999006755,0.8839285714285714,0.10732147728060136,0.9642857142857143,0.9553571428571429,2009-12-21,2009-12-28,"{""long_momentum"": 0.10797846692710765, ""mean_reversion"": 0.2441507315102464, ""medium_momentum"": 0.10797846692710765, ""ridge"": 0.10797846692710765, ""risk_adjusted"": 0.10797846692710765, ""short_momentum"": 0.10797846692710765, ""trend"": 0.10797846692710765, ""volume_momentum"": 0.10797846692710765}",0.1324548376745164,0.5116985369795071,-0.13207109743831819,0.23629444962422144,2344.TW,2009-12-31,2010-01-04
0.04125725,567000,567000,0.013482066162065955,0.013482066162065955,0.18428442093012246,D-1 estimated accounting; fill-day constraints require ledger audit,adaptive,V4_CAUSAL_7_EXPERTS_RIDGE_ANCHOR20,disabled,2009-12-31,risk_on,0.01680976771907229,0.02405599526189517,0.0710495999006755,0.8839285714285714,0.10732147728060136,0.9642857142857143,0.9553571428571429,2009-12-21,2009-12-28,"{""long_momentum"": 0.10797846692710765, ""mean_reversion"": 0.2441507315102464, ""medium_momentum"": 0.10797846692710765, ""ridge"": 0.10797846692710765, ""risk_adjusted"": 0.10797846692710765, ""short_momentum"": 0.10797846692710765, ""trend"": 0.10797846692710765, ""volume_momentum"": 0.10797846692710765}",0.06015038550844226,0.7840430661457847,-0.07835232122301061,0.08487763346052447,2360.TW,2009-12-31,2010-01-04
0.041272275,1316000,1316000,0.018355127212411528,0.018355127212411528,0.2819523115945703,D-1 estimated accounting; fill-day constraints require ledger audit,adaptive,V4_CAUSAL_7_EXPERTS_RIDGE_ANCHOR20,disabled,2009-12-31,risk_on,0.01680976771907229,0.02405599526189517,0.0710495999006755,0.8839285714285714,0.10732147728060136,0.9642857142857143,0.9553571428571429,2009-12-21,2009-12-28,"{""long_momentum"": 0.10797846692710765, ""mean_reversion"": 0.2441507315102464, ""medium_momentum"": 0.10797846692710765, ""ridge"": 0.10797846692710765, ""risk_adjusted"": 0.10797846692710765, ""short_momentum"": 0.10797846692710765, ""trend"": 0.10797846692710765, ""volume_momentum"": 0.10797846692710765}",0.059478480642503787,1.0,-0.070850716048612,0.087122150386817,2376.TW,2009-12-31,2010-01-04
0.04128215,1956000,1956000,0.021112297144955078,0.021112297144955078,0.23724861606318362,D-1 estimated accounting; fill-day constraints require ledger audit,adaptive,V4_CAUSAL_7_EXPERTS_RIDGE_ANCHOR20,disabled,2009-12-31,risk_on,0.01680976771907229,0.02405599526189517,0.0710495999006755,0.8839285714285714,0.10732147728060136,0.9642857142857143,0.9553571428571429,2009-12-21,2009-12-28,"{""long_momentum"": 0.10797846692710765, ""mean_reversion"": 0.2441507315102464, ""medium_momentum"": 0.10797846692710765, ""ridge"": 0.10797846692710765, ""risk_adjusted"": 0.10797846692710765, ""short_momentum"": 0.10797846692710765, ""trend"": 0.10797846692710765, ""volume_momentum"": 0.10797846692710765}",0.06018184381723297,0.7840430661457847,-0.07083569396928129,0.09262146817257338,2377.TW,2009-12-31,2010-01-04
0.0412491,574000,574000,0.015540749679719924,0.015540749679719924,0.14399104179743097,D-1 estimated accounting; fill-day constraints require ledger audit,adaptive,V4_CAUSAL_7_EXPERTS_RIDGE_ANCHOR20,disabled,2009-12-31,risk_on,0.01680976771907229,0.02405599526189517,0.0710495999006755,0.8839285714285714,0.10732147728060136,0.9642857142857143,0.9553571428571429,2009-12-21,2009-12-28,"{""long_momentum"": 0.10797846692710765, ""mean_reversion"": 0.2441507315102464, ""medium_momentum"": 0.10797846692710765, ""ridge"": 0.10797846692710765, ""risk_adjusted"": 0.10797846692710765, ""short_momentum"": 0.10797846692710765, ""trend"": 0.10797846692710765, ""volume_momentum"": 0.10797846692710765}",0.06049842396788387,0.5680861322915693,-0.07751331155041084,0.08815599082323264,2395.TW,2009-12-31,2010-01-04
0.041267625,1492000,1492000,0.018821242151391436,0.018821242151391436,0.22573062672899624,D-1 estimated accounting; fill-day constraints require ledger audit,adaptive,V4_CAUSAL_7_EXPERTS_RIDGE_ANCHOR20,disabled,2009-12-31,risk_on,0.01680976771907229,0.02405599526189517,0.0710495999006755,0.8839285714285714,0.10732147728060136,0.9642857142857143,0.9553571428571429,2009-12-21,2009-12-28,"{""long_momentum"": 0.10797846692710765, ""mean_reversion"": 0.2441507315102464, ""medium_momentum"": 0.10797846692710765, ""ridge"": 0.10797846692710765, ""risk_adjusted"": 0.10797846692710765, ""short_momentum"": 0.10797846692710765, ""trend"": 0.10797846692710765, ""volume_momentum"": 0.10797846692710765}",0.05891843746771897,0.7840430661457847,-0.06776721506246058,0.08497087927862543,2404.TW,2009-12-31,2010-01-04
0.04128375,1262000,1262000,0.03404762993637467,0.03404762993637467,0.09028493367232075,D-1 estimated accounting; fill-day constraints require ledger audit,adaptive,V4_CAUSAL_7_EXPERTS_RIDGE_ANCHOR20,disabled,2009-12-31,risk_on,0.01680976771907229,0.02405599526189517,0.0710495999006755,0.8839285714285714,0.10732147728060136,0.9642857142857143,0.9553571428571429,2009-12-21,2009-12-28,"{""long_momentum"": 0.10797846692710765, ""mean_reversion"": 0.2441507315102464, ""medium_momentum"": 0.10797846692710765, ""ridge"": 0.10797846692710765, ""risk_adjusted"": 0.10797846692710765, ""short_momentum"": 0.10797846692710765, ""trend"": 0.10797846692710765, ""volume_momentum"": 0.10797846692710765}",0.18225856477688243,0.5116985369795071,-0.2140289959128636,0.2616854356989949,2408.TW,2009-12-31,2010-01-04
0.0412756,2715000,2715000,0.0146727249112189,0.0146727249112189,0.12316688110943227,D-1 estimated accounting; fill-day constraints require ledger audit,adaptive,V4_CAUSAL_7_EXPERTS_RIDGE_ANCHOR20,disabled,2009-12-31,risk_on,0.01680976771907229,0.02405599526189517,0.0710495999006755,0.8839285714285714,0.10732147728060136,0.9642857142857143,0.9553571428571429,2009-12-21,2009-12-28,"{""long_momentum"": 0.10797846692710765, ""mean_reversion"": 0.2441507315102464, ""medium_momentum"": 0.10797846692710765, ""ridge"": 0.10797846692710765, ""risk_adjusted"": 0.10797846692710765, ""short_momentum"": 0.10797846692710765, ""trend"": 0.10797846692710765, ""volume_momentum"": 0.10797846692710765}",0.0620578869610347,0.5116985369795071,-0.08311438648616977,0.09202101622198952,2449.TW,2009-12-31,2010-01-04
0.04122,343000,343000,0.014723259627417877,0.014723259627417877,0.12440447466953394,D-1 estimated accounting; fill-day constraints require ledger audit,adaptive,V4_CAUSAL_7_EXPERTS_RIDGE_ANCHOR20,disabled,2009-12-31,risk_on,0.01680976771907229,0.02405599526189517,0.0710495999006755,0.8839285714285714,0.10732147728060136,0.9642857142857143,0.9553571428571429,2009-12-21,2009-12-28,"{""long_momentum"": 0.10797846692710765, ""mean_reversion"": 0.2441507315102464, ""medium_momentum"": 0.10797846692710765, ""ridge"": 0.10797846692710765, ""risk_adjusted"": 0.10797846692710765, ""short_momentum"": 0.10797846692710765, ""trend"": 0.10797846692710765, ""volume_momentum"": 0.10797846692710765}",0.06140214299677147,0.5116985369795071,-0.08119160173210066,0.09019930090031839,2451.TW,2009-12-31,2010-01-04
0.0412965,3277000,3277000,0.011174247438671318,0.011174247438671318,0.1693238737016603,D-1 estimated accounting; fill-day constraints require ledger audit,adaptive,V4_CAUSAL_7_EXPERTS_RIDGE_ANCHOR20,disabled,2009-12-31,risk_on,0.01680976771907229,0.02405599526189517,0.0710495999006755,0.8839285714285714,0.10732147728060136,0.9642857142857143,0.9553571428571429,2009-12-21,2009-12-28,"{""long_momentum"": 0.10797846692710765, ""mean_reversion"": 0.2441507315102464, ""medium_momentum"": 0.10797846692710765, ""ridge"": 0.10797846692710765, ""risk_adjusted"": 0.10797846692710765, ""short_momentum"": 0.10797846692710765, ""trend"": 0.10797846692710765, ""volume_momentum"": 0.10797846692710765}",0.05871954206179957,0.7840430661457847,-0.07433271530878738,0.07624239009951195,2887.TW,2009-12-31,2010-01-04
0.04128645,3200000,3200000,0.016306183907280534,0.016306183907280534,0.11647632045735536,D-1 estimated accounting; fill-day constraints require ledger audit,adaptive,V4_CAUSAL_7_EXPERTS_RIDGE_ANCHOR20,disabled,2009-12-31,risk_on,0.01680976771907229,0.02405599526189517,0.0710495999006755,0.8839285714285714,0.10732147728060136,0.9642857142857143,0.9553571428571429,2009-12-21,2009-12-28,"{""long_momentum"": 0.10797846692710765, ""mean_reversion"": 0.2441507315102464, ""medium_momentum"": 0.10797846692710765, ""ridge"": 0.10797846692710765, ""risk_adjusted"": 0.10797846692710765, ""short_momentum"": 0.10797846692710765, ""trend"": 0.10797846692710765, ""volume_momentum"": 0.10797846692710765}",0.07229518580600264,0.5116985369795071,-0.10233180872689349,0.1145053564548365,2890.TW,2009-12-31,2010-01-04
0.041270125,1514000,1514000,0.013649486629715504,0.013649486629715504,0.24136094060210012,D-1 estimated accounting; fill-day constraints require ledger audit,adaptive,V4_CAUSAL_7_EXPERTS_RIDGE_ANCHOR20,disabled,2009-12-31,risk_on,0.01680976771907229,0.02405599526189517,0.0710495999006755,0.8839285714285714,0.10732147728060136,0.9642857142857143,0.9553571428571429,2009-12-21,2009-12-28,"{""long_momentum"": 0.10797846692710765, ""mean_reversion"": 0.2441507315102464, ""medium_momentum"": 0.10797846692710765, ""ridge"": 0.10797846692710765, ""risk_adjusted"": 0.10797846692710765, ""short_momentum"": 0.10797846692710765, ""trend"": 0.10797846692710765, ""volume_momentum"": 0.10797846692710765}",0.05861855261139953,1.0,-0.07126377425106718,0.07812392742388014,3036.TW,2009-12-31,2010-01-04
0.041202,381000,381000,0.02308005256229662,0.02308005256229662,0.15658648815209247,D-1 estimated accounting; fill-day constraints require ledger audit,adaptive,V4_CAUSAL_7_EXPERTS_RIDGE_ANCHOR20,disabled,2009-12-31,risk_on,0.01680976771907229,0.02405599526189517,0.0710495999006755,0.8839285714285714,0.10732147728060136,0.9642857142857143,0.9553571428571429,2009-12-21,2009-12-28,"{""long_momentum"": 0.10797846692710765, ""mean_reversion"": 0.2441507315102464, ""medium_momentum"": 0.10797846692710765, ""ridge"": 0.10797846692710765, ""risk_adjusted"": 0.10797846692710765, ""short_momentum"": 0.10797846692710765, ""trend"": 0.10797846692710765, ""volume_momentum"": 0.10797846692710765}",0.06368087766866107,0.5116985369795071,-0.07885012901838011,0.10457141405635528,3044.TW,2009-12-31,2010-01-04
0.0413015,365000,365000,0.020308015549118912,0.020308015549118912,0.144802617182734,D-1 estimated accounting; fill-day constraints require ledger audit,adaptive,V4_CAUSAL_7_EXPERTS_RIDGE_ANCHOR20,disabled,2009-12-31,risk_on,0.01680976771907229,0.02405599526189517,0.0710495999006755,0.8839285714285714,0.10732147728060136,0.9642857142857143,0.9553571428571429,2009-12-21,2009-12-28,"{""long_momentum"": 0.10797846692710765, ""mean_reversion"": 0.2441507315102464, ""medium_momentum"": 0.10797846692710765, ""ridge"": 0.10797846692710765, ""risk_adjusted"": 0.10797846692710765, ""short_momentum"": 0.10797846692710765, ""trend"": 0.10797846692710765, ""volume_momentum"": 0.10797846692710765}",0.06412458437410201,0.5116985369795071,-0.08266380731503925,0.10284101832665903,3211.TWO,2009-12-31,2010-01-04
0.04122525,394000,394000,0.028291579519639853,0.028291579519639853,0.09368029185258639,D-1 estimated accounting; fill-day constraints require ledger audit,adaptive,V4_CAUSAL_7_EXPERTS_RIDGE_ANCHOR20,disabled,2009-12-31,risk_on,0.01680976771907229,0.02405599526189517,0.0710495999006755,0.8839285714285714,0.10732147728060136,0.9642857142857143,0.9553571428571429,2009-12-21,2009-12-28,"{""long_momentum"": 0.10797846692710765, ""mean_reversion"": 0.2441507315102464, ""medium_momentum"": 0.10797846692710765, ""ridge"": 0.10797846692710765, ""risk_adjusted"": 0.10797846692710765, ""short_momentum"": 0.10797846692710765, ""trend"": 0.10797846692710765, ""volume_momentum"": 0.10797846692710765}",0.14855299202314523,0.5116985369795071,-0.18378041696445563,0.21992475591711727,3260.TWO,2009-12-31,2010-01-04
0.04110375,242000,242000,0.015096439771819386,0.015096439771819386,0.1970637972540048,D-1 estimated accounting; fill-day constraints require ledger audit,adaptive,V4_CAUSAL_7_EXPERTS_RIDGE_ANCHOR20,disabled,2009-12-31,risk_on,0.01680976771907229,0.02405599526189517,0.0710495999006755,0.8839285714285714,0.10732147728060136,0.9642857142857143,0.9553571428571429,2009-12-21,2009-12-28,"{""long_momentum"": 0.10797846692710765, ""mean_reversion"": 0.2441507315102464, ""medium_momentum"": 0.10797846692710765, ""ridge"": 0.10797846692710765, ""risk_adjusted"": 0.10797846692710765, ""short_momentum"": 0.10797846692710765, ""trend"": 0.10797846692710765, ""volume_momentum"": 0.10797846692710765}",0.059859769724144515,0.7840430661457847,-0.07565219090529841,0.08540625036231914,3443.TW,2009-12-31,2010-01-04
0.041282125,954000,954000,0.021819432159167394,0.021819432159167394,0.1700491719165189,D-1 estimated accounting; fill-day constraints require ledger audit,adaptive,V4_CAUSAL_7_EXPERTS_RIDGE_ANCHOR20,disabled,2009-12-31,risk_on,0.01680976771907229,0.02405599526189517,0.0710495999006755,0.8839285714285714,0.10732147728060136,0.9642857142857143,0.9553571428571429,2009-12-21,2009-12-28,"{""long_momentum"": 0.10797846692710765, ""mean_reversion"": 0.2441507315102464, ""medium_momentum"": 0.10797846692710765, ""ridge"": 0.10797846692710765, ""risk_adjusted"": 0.10797846692710765, ""short_momentum"": 0.10797846692710765, ""trend"": 0.10797846692710765, ""volume_momentum"": 0.10797846692710765}",0.0627766965008247,0.5680861322915693,-0.07787599673275752,0.10107604096447426,6139.TW,2009-12-31,2010-01-04
0.04117575,379000,379000,0.01738919793625985,0.01738919793625985,0.12961505459997705,D-1 estimated accounting; fill-day constraints require ledger audit,adaptive,V4_CAUSAL_7_EXPERTS_RIDGE_ANCHOR20,disabled,2009-12-31,risk_on,0.01680976771907229,0.02405599526189517,0.0710495999006755,0.8839285714285714,0.10732147728060136,0.9642857142857143,0.9553571428571429,2009-12-21,2009-12-28,"{""long_momentum"": 0.10797846692710765, ""mean_reversion"": 0.2441507315102464, ""medium_momentum"": 0.10797846692710765, ""ridge"": 0.10797846692710765, ""risk_adjusted"": 0.10797846692710765, ""short_momentum"": 0.10797846692710765, ""trend"": 0.10797846692710765, ""volume_momentum"": 0.10797846692710765}",0.06599960738798522,0.5116985369795071,-0.08967785789537347,0.10401743368127511,6239.TW,2009-12-31,2010-01-04
0.044341418461669245,3455000,0,0.003657243033456583,0.003657243033456583,0.03688313632289807,D-1 estimated accounting; fill-day constraints require ledger audit,adaptive,V4_CAUSAL_7_EXPERTS_RIDGE_ANCHOR20,disabled,2010-01-04,risk_on,0.01722988108630424,0.02187153504986017,0.0722380777399485,0.8214285714285714,0.10202390274449406,0.9375,0.9375,2009-12-21,2009-12-28,"{""long_momentum"": 0.10797846692710765, ""mean_reversion"": 0.2441507315102464, ""medium_momentum"": 0.10797846692710765, ""ridge"": 0.10797846692710765, ""risk_adjusted"": 0.10797846692710765, ""short_momentum"": 0.10797846692710765, ""trend"": 0.10797846692710765, ""volume_momentum"": 0.10797846692710765}",0.11144909921774616,0.5116985369795071,-0.16685447827084848,0.1537301442511436,1605.TW,2010-01-04,2010-01-05
0.03917545532085305,2243000,0,0.04688430996999886,0.04688430996999886,0.167000186729287,D-1 estimated accounting; fill-day constraints require ledger audit,adaptive,V4_CAUSAL_7_EXPERTS_RIDGE_ANCHOR20,disabled,2010-01-04,risk_on,0.01722988108630424,0.02187153504986017,0.0722380777399485,0.8214285714285714,0.10202390274449406,0.9375,0.9375,2009-12-21,2009-12-28,"{""long_momentum"": 0.10797846692710765, ""mean_reversion"": 0.2441507315102464, ""medium_momentum"": 0.10797846692710765, ""ridge"": 0.10797846692710765, ""risk_adjusted"": 0.10797846692710765, ""short_momentum"": 0.10797846692710765, ""trend"": 0.10797846692710765, ""volume_momentum"": 0.10797846692710765}",0.10709231169615956,0.5116985369795071,-0.11849258954182341,0.19182238939520307,1815.TWO,2010-01-04,2010-01-05
0.039419014143366155,3544000,0,0.02131761441130466,0.02131761441130466,0.0553424360361573,D-1 estimated accounting; fill-day constraints require ledger audit,adaptive,V4_CAUSAL_7_EXPERTS_RIDGE_ANCHOR20,disabled,2010-01-04,risk_on,0.01722988108630424,0.02187153504986017,0.0722380777399485,0.8214285714285714,0.10202390274449406,0.9375,0.9375,2009-12-21,2009-12-28,"{""long_momentum"": 0.10797846692710765, ""mean_reversion"": 0.2441507315102464, ""medium_momentum"": 0.10797846692710765, ""ridge"": 0.10797846692710765, ""risk_adjusted"": 0.10797846692710765, ""short_momentum"": 0.10797846692710765, ""trend"": 0.10797846692710765, ""volume_momentum"": 0.10797846692710765}",0.11431973431955814,0.2957416031252918,-0.1525364660024009,0.17473287473839216,2313.TW,2010-01-04,2010-01-05
0.04190449670166286,3528000,0,0.03098716215490489,0.03098716215490489,0.1699596038069202,D-1 estimated accounting; fill-day constraints require ledger audit,adaptive,V4_CAUSAL_7_EXPERTS_RIDGE_ANCHOR20,disabled,2010-01-04,risk_on,0.01722988108630424,0.02187153504986017,0.0722380777399485,0.8214285714285714,0.10202390274449406,0.9375,0.9375,2009-12-21,2009-12-28,"{""long_momentum"": 0.10797846692710765, ""mean_reversion"": 0.2441507315102464, ""medium_momentum"": 0.10797846692710765, ""ridge"": 0.10797846692710765, ""risk_adjusted"": 0.10797846692710765, ""short_momentum"": 0.10797846692710765, ""trend"": 0.10797846692710765, ""volume_momentum"": 0.10797846692710765}",0.07235963209644376,0.5116985369795071,-0.087758080961601,0.12929358518479273,2327.TW,2010-01-04,2010-01-05
0.040018078267021015,4225000,0,0.061765013162537526,0.061765013162537526,0.1954133928084229,D-1 estimated accounting; fill-day constraints require ledger audit,adaptive,V4_CAUSAL_7_EXPERTS_RIDGE_ANCHOR20,disabled,2010-01-04,risk_on,0.01722988108630424,0.02187153504986017,0.0722380777399485,0.8214285714285714,0.10202390274449406,0.9375,0.9375,2009-12-21,2009-12-28,"{""long_momentum"": 0.10797846692710765, ""mean_reversion"": 0.2441507315102464, ""medium_momentum"": 0.10797846692710765, ""ridge"": 0.10797846692710765, ""risk_adjusted"": 0.10797846692710765, ""short_momentum"": 0.10797846692710765, ""trend"": 0.10797846692710765, ""volume_momentum"": 0.10797846692710765}",0.10806210111913739,0.5116985369795071,-0.10476185949923428,0.20785306573769127,2344.TW,2010-01-04,2010-01-05
0.04089473402964881,567000,0,0.008401451213097348,0.008401451213097348,0.10369067709646633,D-1 estimated accounting; fill-day constraints require ledger audit,adaptive,V4_CAUSAL_7_EXPERTS_RIDGE_ANCHOR20,disabled,2010-01-04,risk_on,0.01722988108630424,0.02187153504986017,0.0722380777399485,0.8214285714285714,0.10202390274449406,0.9375,0.9375,2009-12-21,2009-12-28,"{""long_momentum"": 0.10797846692710765, ""mean_reversion"": 0.2441507315102464, ""medium_momentum"": 0.10797846692710765, ""ridge"": 0.10797846692710765, ""risk_adjusted"": 0.10797846692710765, ""short_momentum"": 0.10797846692710765, ""trend"": 0.10797846692710765, ""volume_momentum"": 0.10797846692710765}",0.060020565113981704,0.5680861322915693,-0.08295630836208788,0.07932039070166452,2360.TW,2010-01-04,2010-01-05
0.04074313879146271,1316000,0,0.016221766067091904,0.016221766067091904,0.20757096505906103,D-1 estimated accounting; fill-day constraints require ledger audit,adaptive,V4_CAUSAL_7_EXPERTS_RIDGE_ANCHOR20,disabled,2010-01-04,risk_on,0.01722988108630424,0.02187153504986017,0.0722380777399485,0.8214285714285714,0.10202390274449406,0.9375,0.9375,2009-12-21,2009-12-28,"{""long_momentum"": 0.10797846692710765, ""mean_reversion"": 0.2441507315102464, ""medium_momentum"": 0.10797846692710765, ""ridge"": 0.10797846692710765, ""risk_adjusted"": 0.10797846692710765, ""short_momentum"": 0.10797846692710765, ""trend"": 0.10797846692710765, ""volume_momentum"": 0.10797846692710765}",0.05893770388351995,0.7840430661457847,-0.07046621375423628,0.08247092580180203,2376.TW,2010-01-04,2010-01-05
0.04174497573733093,1956000,0,0.017181113960642237,0.017181113960642237,0.1363021862726549,D-1 estimated accounting; fill-day constraints require ledger audit,adaptive,V4_CAUSAL_7_EXPERTS_RIDGE_ANCHOR20,disabled,2010-01-04,risk_on,0.01722988108630424,0.02187153504986017,0.0722380777399485,0.8214285714285714,0.10202390274449406,0.9375,0.9375,2009-12-21,2009-12-28,"{""long_momentum"": 0.10797846692710765, ""mean_reversion"": 0.2441507315102464, ""medium_momentum"": 0.10797846692710765, ""ridge"": 0.10797846692710765, ""risk_adjusted"": 0.10797846692710765, ""short_momentum"": 0.10797846692710765, ""trend"": 0.10797846692710765, ""volume_momentum"": 0.10797846692710765}",0.06109006365298796,0.5116985369795071,-0.07778807006301794,0.09171147789768436,2377.TW,2010-01-04,2010-01-05
0.04186172294151076,574000,0,0.006803095500565411,0.006803095500565411,0.09295662446053882,D-1 estimated accounting; fill-day constraints require ledger audit,adaptive,V4_CAUSAL_7_EXPERTS_RIDGE_ANCHOR20,disabled,2010-01-04,risk_on,0.01722988108630424,0.02187153504986017,0.0722380777399485,0.8214285714285714,0.10202390274449406,0.9375,0.9375,2009-12-21,2009-12-28,"{""long_momentum"": 0.10797846692710765, ""mean_reversion"": 0.2441507315102464, ""medium_momentum"": 0.10797846692710765, ""ridge"": 0.10797846692710765, ""risk_adjusted"": 0.10797846692710765, ""short_momentum"": 0.10797846692710765, ""trend"": 0.10797846692710765, ""volume_momentum"": 0.10797846692710765}",0.06032920180365367,0.5680861322915693,-0.08566784250167545,0.07883521341618821,2395.TW,2010-01-04,2010-01-05
0.041458341222241124,1492000,0,0.019092249040052627,0.019092249040052627,0.22737937379617423,D-1 estimated accounting; fill-day constraints require ledger audit,adaptive,V4_CAUSAL_7_EXPERTS_RIDGE_ANCHOR20,disabled,2010-01-04,risk_on,0.01722988108630424,0.02187153504986017,0.0722380777399485,0.8214285714285714,0.10202390274449406,0.9375,0.9375,2009-12-21,2009-12-28,"{""long_momentum"": 0.10797846692710765, ""mean_reversion"": 0.2441507315102464, ""medium_momentum"": 0.10797846692710765, ""ridge"": 0.10797846692710765, ""risk_adjusted"": 0.10797846692710765, ""short_momentum"": 0.10797846692710765, ""trend"": 0.10797846692710765, ""volume_momentum"": 0.10797846692710765}",0.058981956383009904,0.7840430661457847,-0.06782123228566528,0.08556691027915247,2404.TW,2010-01-04,2010-01-05
0.040279043493812484,1262000,0,0.05108490371210845,0.05108490371210845,0.16463413155056986,D-1 estimated accounting; fill-day constraints require ledger audit,adaptive,V4_CAUSAL_7_EXPERTS_RIDGE_ANCHOR20,disabled,2010-01-04,risk_on,0.01722988108630424,0.02187153504986017,0.0722380777399485,0.8214285714285714,0.10202390274449406,0.9375,0.9375,2009-12-21,2009-12-28,"{""long_momentum"": 0.10797846692710765, ""mean_reversion"": 0.2441507315102464, ""medium_momentum"": 0.10797846692710765, ""ridge"": 0.10797846692710765, ""risk_adjusted"": 0.10797846692710765, ""short_momentum"": 0.10797846692710765, ""trend"": 0.10797846692710765, ""volume_momentum"": 0.10797846692710765}",0.11823231049998353,0.5116985369795071,-0.12727894485578856,0.20900993219338743,2408.TW,2010-01-04,2010-01-05
0.040994874950475484,2715000,0,0.014291146552554496,0.014291146552554496,0.1939849255231882,D-1 estimated accounting; fill-day constraints require ledger audit,adaptive,V4_CAUSAL_7_EXPERTS_RIDGE_ANCHOR20,disabled,2010-01-04,risk_on,0.01722988108630424,0.02187153504986017,0.0722380777399485,0.8214285714285714,0.10202390274449406,0.9375,0.9375,2009-12-21,2009-12-28,"{""long_momentum"": 0.10797846692710765, ""mean_reversion"": 0.2441507315102464, ""medium_momentum"": 0.10797846692710765, ""ridge"": 0.10797846692710765, ""risk_adjusted"": 0.10797846692710765, ""short_momentum"": 0.10797846692710765, ""trend"": 0.10797846692710765, ""volume_momentum"": 0.10797846692710765}",0.05867929188094387,0.7840430661457847,-0.0709832766934129,0.07912674971190382,2449.TW,2010-01-04,2010-01-05
0.0414855151404554,343000,0,0.017758682174344998,0.017758682174344998,0.1373353839262105,D-1 estimated accounting; fill-day constraints require ledger audit,adaptive,V4_CAUSAL_7_EXPERTS_RIDGE_ANCHOR20,disabled,2010-01-04,risk_on,0.01722988108630424,0.02187153504986017,0.0722380777399485,0.8214285714285714,0.10202390274449406,0.9375,0.9375,2009-12-21,2009-12-28,"{""long_momentum"": 0.10797846692710765, ""mean_reversion"": 0.2441507315102464, ""medium_momentum"": 0.10797846692710765, ""ridge"": 0.10797846692710765, ""risk_adjusted"": 0.10797846692710765, ""short_momentum"": 0.10797846692710765, ""trend"": 0.10797846692710765, ""volume_momentum"": 0.10797846692710765}",0.062037996141645485,0.5116985369795071,-0.07997364789440312,0.09505219215647505,2451.TW,2010-01-04,2010-01-05
0.04156250790872917,3277000,0,0.011720153011977083,0.011720153011977083,0.1724891876889849,D-1 estimated accounting; fill-day constraints require ledger audit,adaptive,V4_CAUSAL_7_EXPERTS_RIDGE_ANCHOR20,disabled,2010-01-04,risk_on,0.01722988108630424,0.02187153504986017,0.0722380777399485,0.8214285714285714,0.10202390274449406,0.9375,0.9375,2009-12-21,2009-12-28,"{""long_momentum"": 0.10797846692710765, ""mean_reversion"": 0.2441507315102464, ""medium_momentum"": 0.10797846692710765, ""ridge"": 0.10797846692710765, ""risk_adjusted"": 0.10797846692710765, ""short_momentum"": 0.10797846692710765, ""trend"": 0.10797846692710765, ""volume_momentum"": 0.10797846692710765}",0.05928066889214477,0.7840430661457847,-0.07661829812077033,0.07961978405810644,2887.TW,2010-01-04,2010-01-05
0.04090817002254365,3200000,0,0.015620393835511904,0.015620393835511904,0.07208172665763189,D-1 estimated accounting; fill-day constraints require ledger audit,adaptive,V4_CAUSAL_7_EXPERTS_RIDGE_ANCHOR20,disabled,2010-01-04,risk_on,0.01722988108630424,0.02187153504986017,0.0722380777399485,0.8214285714285714,0.10202390274449406,0.9375,0.9375,2009-12-21,2009-12-28,"{""long_momentum"": 0.10797846692710765, ""mean_reversion"": 0.2441507315102464, ""medium_momentum"": 0.10797846692710765, ""ridge"": 0.10797846692710765, ""risk_adjusted"": 0.10797846692710765, ""short_momentum"": 0.10797846692710765, ""trend"": 0.10797846692710765, ""volume_momentum"": 0.10797846692710765}",0.06398230108818824,0.2957416031252918,-0.08702093561081585,0.0978229031952216,2890.TW,2010-01-04,2010-01-05
0.04100247358316133,1514000,0,0.011236081478181628,0.011236081478181628,0.12320059343981837,D-1 estimated accounting; fill-day constraints require ledger audit,adaptive,V4_CAUSAL_7_EXPERTS_RIDGE_ANCHOR20,disabled,2010-01-04,risk_on,0.01722988108630424,0.02187153504986017,0.0722380777399485,0.8214285714285714,0.10202390274449406,0.9375,0.9375,2009-12-21,2009-12-28,"{""long_momentum"": 0.10797846692710765, ""mean_reversion"": 0.2441507315102464, ""medium_momentum"": 0.10797846692710765, ""ridge"": 0.10797846692710765, ""risk_adjusted"": 0.10797846692710765, ""short_momentum"": 0.10797846692710765, ""trend"": 0.10797846692710765, ""volume_momentum"": 0.10797846692710765}",0.05862957032581332,0.5680861322915693,-0.07374365723557114,0.07577700010531634,3036.TW,2010-01-04,2010-01-05
0.04069948439507219,381000,0,0.027840639662087413,0.027840639662087413,0.34376563400965726,D-1 estimated accounting; fill-day constraints require ledger audit,adaptive,V4_CAUSAL_7_EXPERTS_RIDGE_ANCHOR20,disabled,2010-01-04,risk_on,0.01722988108630424,0.02187153504986017,0.0722380777399485,0.8214285714285714,0.10202390274449406,0.9375,0.9375,2009-12-21,2009-12-28,"{""long_momentum"": 0.10797846692710765, ""mean_reversion"": 0.2441507315102464, ""medium_momentum"": 0.10797846692710765, ""ridge"": 0.10797846692710765, ""risk_adjusted"": 0.10797846692710765, ""short_momentum"": 0.10797846692710765, ""trend"": 0.10797846692710765, ""volume_momentum"": 0.10797846692710765}",0.06269142175730634,1.0,-0.07163513852121606,0.10687759775877283,3044.TW,2010-01-04,2010-01-05
0.04064790427253584,365000,0,0.023536658517178677,0.023536658517178677,0.3181204858932937,D-1 estimated accounting; fill-day constraints require ledger audit,adaptive,V4_CAUSAL_7_EXPERTS_RIDGE_ANCHOR20,disabled,2010-01-04,risk_on,0.01722988108630424,0.02187153504986017,0.0722380777399485,0.8214285714285714,0.10202390274449406,0.9375,0.9375,2009-12-21,2009-12-28,"{""long_momentum"": 0.10797846692710765, ""mean_reversion"": 0.2441507315102464, ""medium_momentum"": 0.10797846692710765, ""ridge"": 0.10797846692710765, ""risk_adjusted"": 0.10797846692710765, ""short_momentum"": 0.10797846692710765, ""trend"": 0.10797846692710765, ""volume_momentum"": 0.10797846692710765}",0.06116727374309912,1.0,-0.07167020537741164,0.09830470232515096,3211.TWO,2010-01-04,2010-01-05
0.039902634404474044,394000,0,0.04342993047911383,0.04342993047911383,0.19670339376913618,D-1 estimated accounting; fill-day constraints require ledger audit,adaptive,V4_CAUSAL_7_EXPERTS_RIDGE_ANCHOR20,disabled,2010-01-04,risk_on,0.01722988108630424,0.02187153504986017,0.0722380777399485,0.8214285714285714,0.10202390274449406,0.9375,0.9375,2009-12-21,2009-12-28,"{""long_momentum"": 0.10797846692710765, ""mean_reversion"": 0.2441507315102464, ""medium_momentum"": 0.10797846692710765, ""ridge"": 0.10797846692710765, ""risk_adjusted"": 0.10797846692710765, ""short_momentum"": 0.10797846692710765, ""trend"": 0.10797846692710765, ""volume_momentum"": 0.10797846692710765}",0.07755429428351017,0.5116985369795071,-0.08349470799125891,0.14991574886286851,3260.TWO,2010-01-04,2010-01-05
0.04002617508820745,242000,0,0.014606515361775851,0.014606515361775851,0.18613037270602642,D-1 estimated accounting; fill-day constraints require ledger audit,adaptive,V4_CAUSAL_7_EXPERTS_RIDGE_ANCHOR20,disabled,2010-01-04,risk_on,0.01722988108630424,0.02187153504986017,0.0722380777399485,0.8214285714285714,0.10202390274449406,0.9375,0.9375,2009-12-21,2009-12-28,"{""long_momentum"": 0.10797846692710765, ""mean_reversion"": 0.2441507315102464, ""medium_momentum"": 0.10797846692710765, ""ridge"": 0.10797846692710765, ""risk_adjusted"": 0.10797846692710765, ""short_momentum"": 0.10797846692710765, ""trend"": 0.10797846692710765, ""volume_momentum"": 0.10797846692710765}",0.06298265156027293,0.7840430661457847,-0.08561265102751103,0.09438686166444467,3443.TW,2010-01-04,2010-01-05
0.03957871123494577,954000,0,0.028517619276929765,0.028517619276929765,0.18125947748302262,D-1 estimated accounting; fill-day constraints require ledger audit,adaptive,V4_CAUSAL_7_EXPERTS_RIDGE_ANCHOR20,disabled,2010-01-04,risk_on,0.01722988108630424,0.02187153504986017,0.0722380777399485,0.8214285714285714,0.10202390274449406,0.9375,0.9375,2009-12-21,2009-12-28,"{""long_momentum"": 0.10797846692710765, ""mean_reversion"": 0.2441507315102464, ""medium_momentum"": 0.10797846692710765, ""ridge"": 0.10797846692710765, ""risk_adjusted"": 0.10797846692710765, ""short_momentum"": 0.10797846692710765, ""trend"": 0.10797846692710765, ""volume_momentum"": 0.10797846692710765}",0.07153009995439048,0.5680861322915693,-0.08883380072573227,0.12543021919297373,6139.TW,2010-01-04,2010-01-05
0.041631952366387864,379000,0,0.023736515146019647,0.023736515146019647,0.16098632247222633,D-1 estimated accounting; fill-day constraints require ledger audit,adaptive,V4_CAUSAL_7_EXPERTS_RIDGE_ANCHOR20,disabled,2010-01-04,risk_on,0.01722988108630424,0.02187153504986017,0.0722380777399485,0.8214285714285714,0.10202390274449406,0.9375,0.9375,2009-12-21,2009-12-28,"{""long_momentum"": 0.10797846692710765, ""mean_reversion"": 0.2441507315102464, ""medium_momentum"": 0.10797846692710765, ""ridge"": 0.10797846692710765, ""risk_adjusted"": 0.10797846692710765, ""short_momentum"": 0.10797846692710765, ""trend"": 0.10797846692710765, ""volume_momentum"": 0.10797846692710765}",0.06260312496933573,0.5116985369795071,-0.07551003031479267,0.10254424052021391,6239.TW,2010-01-04,2010-01-05
0.043740127833580375,3455000,0,0.004637851761705882,0.004637851761705882,0.03174934022413787,D-1 estimated accounting; fill-day constraints require ledger audit,adaptive,V4_CAUSAL_7_EXPERTS_RIDGE_ANCHOR20,disabled,2010-01-05,risk_on,0.017347532081688592,0.012004628710030163,0.045715001437087954,0.6428571428571429,0.09211874238499353,0.8214285714285714,0.9464285714285714,2009-12-21,2009-12-28,"{""long_momentum"": 0.10797846692710765, ""mean_reversion"": 0.2441507315102464, ""medium_momentum"": 0.10797846692710765, ""ridge"": 0.10797846692710765, ""risk_adjusted"": 0.10797846692710765, ""short_momentum"": 0.10797846692710765, ""trend"": 0.10797846692710765, ""volume_momentum"": 0.10797846692710765}",0.08013767461360524,0.2957416031252918,-0.12608734854374445,0.11492423198053817,1605.TW,2010-01-05,2010-01-06
0.04014565433688152,2243000,0,0.061867111059572356,0.061867111059572356,0.44296536880222226,D-1 estimated accounting; fill-day constraints require ledger audit,adaptive,V4_CAUSAL_7_EXPERTS_RIDGE_ANCHOR20,disabled,2010-01-05,risk_on,0.017347532081688592,0.012004628710030163,0.045715001437087954,0.6428571428571429,0.09211874238499353,0.8214285714285714,0.9464285714285714,2009-12-21,2009-12-28,"{""long_momentum"": 0.10797846692710765, ""mean_reversion"": 0.2441507315102464, ""medium_momentum"": 0.10797846692710765, ""ridge"": 0.10797846692710765, ""risk_adjusted"": 0.10797846692710765, ""short_momentum"": 0.10797846692710765, ""trend"": 0.10797846692710765, ""volume_momentum"": 0.10797846692710765}",0.08408624956178035,1.0,-0.07442165187345101,0.1777170539059777,1815.TWO,2010-01-05,2010-01-06
0.03801957340040819,3544000,0,0.04360574439040862,0.04360574439040862,0.32196770587189993,D-1 estimated accounting; fill-day constraints require ledger audit,adaptive,V4_CAUSAL_7_EXPERTS_RIDGE_ANCHOR20,disabled,2010-01-05,risk_on,0.017347532081688592,0.012004628710030163,0.045715001437087954,0.6428571428571429,0.09211874238499353,0.8214285714285714,0.9464285714285714,2009-12-21,2009-12-28,"{""long_momentum"": 0.10797846692710765, ""mean_reversion"": 0.2441507315102464, ""medium_momentum"": 0.10797846692710765, ""ridge"": 0.10797846692710765, ""risk_adjusted"": 0.10797846692710765, ""short_momentum"": 0.10797846692710765, ""trend"": 0.10797846692710765, ""volume_momentum"": 0.10797846692710765}",0.06975704842744165,0.7840430661457847,-0.07065888081738464,0.13743154951158382,2313.TW,2010-01-05,2010-01-06
0.0423323061487403,3528000,0,0.030669575732680445,0.030669575732680445,0.17821395847986893,D-1 estimated accounting; fill-day constraints require ledger audit,adaptive,V4_CAUSAL_7_EXPERTS_RIDGE_ANCHOR20,disabled,2010-01-05,risk_on,0.017347532081688592,0.012004628710030163,0.045715001437087954,0.6428571428571429,0.09211874238499353,0.8214285714285714,0.9464285714285714,2009-12-21,2009-12-28,"{""long_momentum"": 0.10797846692710765, ""mean_reversion"": 0.2441507315102464, ""medium_momentum"": 0.10797846692710765, ""ridge"": 0.10797846692710765, ""risk_adjusted"": 0.10797846692710765, ""short_momentum"": 0.10797846692710765, ""trend"": 0.10797846692710765, ""volume_momentum"": 0.10797846692710765}",0.06674703558541711,0.5116985369795071,-0.07791935142930892,0.11881968280805175,2327.TW,2010-01-05,2010-01-06
0.04124289460068307,4225000,0,0.05379118639750501,0.05379118639750501,0.1714969863521721,D-1 estimated accounting; fill-day constraints require ledger audit,adaptive,V4_CAUSAL_7_EXPERTS_RIDGE_ANCHOR20,disabled,2010-01-05,risk_on,0.017347532081688592,0.012004628710030163,0.045715001437087954,0.6428571428571429,0.09211874238499353,0.8214285714285714,0.9464285714285714,2009-12-21,2009-12-28,"{""long_momentum"": 0.10797846692710765, ""mean_reversion"": 0.2441507315102464, ""medium_momentum"": 0.10797846692710765, ""ridge"": 0.10797846692710765, ""risk_adjusted"": 0.10797846692710765, ""short_momentum"": 0.10797846692710765, ""trend"": 0.10797846692710765, ""volume_momentum"": 0.10797846692710765}",0.11662509762462989,0.5116985369795071,-0.12272614388995973,0.2098696965983517,2344.TW,2010-01-05,2010-01-06
0.04010056296762689,567000,0,0.005888251705572014,0.005888251705572014,0.010376714712611923,D-1 estimated accounting; fill-day constraints require ledger audit,adaptive,V4_CAUSAL_7_EXPERTS_RIDGE_ANCHOR20,disabled,2010-01-05,risk_on,0.017347532081688592,0.012004628710030163,0.045715001437087954,0.6428571428571429,0.09211874238499353,0.8214285714285714,0.9464285714285714,2009-12-21,2009-12-28,"{""long_momentum"": 0.10797846692710765, ""mean_reversion"": 0.2441507315102464, ""medium_momentum"": 0.10797846692710765, ""ridge"": 0.10797846692710765, ""risk_adjusted"": 0.10797846692710765, ""short_momentum"": 0.10797846692710765, ""trend"": 0.10797846692710765, ""volume_momentum"": 0.10797846692710765}",0.07282953232615585,0.07978466927107654,-0.11363397645809271,0.10497165978261869,2360.TW,2010-01-05,2010-01-06
0.04035598752773951,1316000,0,0.011834895537261544,0.011834895537261544,0.16315323187942765,D-1 estimated accounting; fill-day constraints require ledger audit,adaptive,V4_CAUSAL_7_EXPERTS_RIDGE_ANCHOR20,disabled,2010-01-05,risk_on,0.017347532081688592,0.012004628710030163,0.045715001437087954,0.6428571428571429,0.09211874238499353,0.8214285714285714,0.9464285714285714,2009-12-21,2009-12-28,"{""long_momentum"": 0.10797846692710765, ""mean_reversion"": 0.2441507315102464, ""medium_momentum"": 0.10797846692710765, ""ridge"": 0.10797846692710765, ""risk_adjusted"": 0.10797846692710765, ""short_momentum"": 0.10797846692710765, ""trend"": 0.10797846692710765, ""volume_momentum"": 0.10797846692710765}",0.06406624851750636,0.7840430661457847,-0.09100181555238321,0.09423278654028823,2376.TW,2010-01-05,2010-01-06
0.04097763331007352,1956000,0,0.014237536445180153,0.014237536445180153,0.18427753215414125,D-1 estimated accounting; fill-day constraints require ledger audit,adaptive,V4_CAUSAL_7_EXPERTS_RIDGE_ANCHOR20,disabled,2010-01-05,risk_on,0.017347532081688592,0.012004628710030163,0.045715001437087954,0.6428571428571429,0.09211874238499353,0.8214285714285714,0.9464285714285714,2009-12-21,2009-12-28,"{""long_momentum"": 0.10797846692710765, ""mean_reversion"": 0.2441507315102464, ""medium_momentum"": 0.10797846692710765, ""ridge"": 0.10797846692710765, ""risk_adjusted"": 0.10797846692710765, ""short_momentum"": 0.10797846692710765, ""trend"": 0.10797846692710765, ""volume_momentum"": 0.10797846692710765}",0.06261214367183983,0.7840430661457847,-0.08503250838437254,0.09306876118811479,2377.TW,2010-01-05,2010-01-06
0.04240591641106352,574000,0,0.009453967343078311,0.009453967343078311,0.10031287551392983,D-1 estimated accounting; fill-day constraints require ledger audit,adaptive,V4_CAUSAL_7_EXPERTS_RIDGE_ANCHOR20,disabled,2010-01-05,risk_on,0.017347532081688592,0.012004628710030163,0.045715001437087954,0.6428571428571429,0.09211874238499353,0.8214285714285714,0.9464285714285714,2009-12-21,2009-12-28,"{""long_momentum"": 0.10797846692710765, ""mean_reversion"": 0.2441507315102464, ""medium_momentum"": 0.10797846692710765, ""ridge"": 0.10797846692710765, ""risk_adjusted"": 0.10797846692710765, ""short_momentum"": 0.10797846692710765, ""trend"": 0.10797846692710765, ""volume_momentum"": 0.10797846692710765}",0.05927608879488673,0.5116985369795071,-0.07886375483195118,0.07733286943148975,2395.TW,2010-01-05,2010-01-06
0.0415781059748263,1492000,0,0.013872157286075599,0.013872157286075599,0.1346857405134248,D-1 estimated accounting; fill-day constraints require ledger audit,adaptive,V4_CAUSAL_7_EXPERTS_RIDGE_ANCHOR20,disabled,2010-01-05,risk_on,0.017347532081688592,0.012004628710030163,0.045715001437087954,0.6428571428571429,0.09211874238499353,0.8214285714285714,0.9464285714285714,2009-12-21,2009-12-28,"{""long_momentum"": 0.10797846692710765, ""mean_reversion"": 0.2441507315102464, ""medium_momentum"": 0.10797846692710765, ""ridge"": 0.10797846692710765, ""risk_adjusted"": 0.10797846692710765, ""short_momentum"": 0.10797846692710765, ""trend"": 0.10797846692710765, ""volume_momentum"": 0.10797846692710765}",0.060728034982060086,0.5680861322915693,-0.07994635391311469,0.08725184839864784,2404.TW,2010-01-05,2010-01-06
0.041909682588088235,1262000,0,0.05015565852251152,0.05015565852251152,0.1551679202534286,D-1 estimated accounting; fill-day constraints require ledger audit,adaptive,V4_CAUSAL_7_EXPERTS_RIDGE_ANCHOR20,disabled,2010-01-05,risk_on,0.017347532081688592,0.012004628710030163,0.045715001437087954,0.6428571428571429,0.09211874238499353,0.8214285714285714,0.9464285714285714,2009-12-21,2009-12-28,"{""long_momentum"": 0.10797846692710765, ""mean_reversion"": 0.2441507315102464, ""medium_momentum"": 0.10797846692710765, ""ridge"": 0.10797846692710765, ""risk_adjusted"": 0.10797846692710765, ""short_momentum"": 0.10797846692710765, ""trend"": 0.10797846692710765, ""volume_momentum"": 0.10797846692710765}",0.12673161383388137,0.5116985369795071,-0.13785120852321314,0.21772370548161812,2408.TW,2010-01-05,2010-01-06
0.040723174630474805,2715000,0,0.017697776162337572,0.017697776162337572,0.20701458051508562,D-1 estimated accounting; fill-day constraints require ledger audit,adaptive,V4_CAUSAL_7_EXPERTS_RIDGE_ANCHOR20,disabled,2010-01-05,risk_on,0.017347532081688592,0.012004628710030163,0.045715001437087954,0.6428571428571429,0.09211874238499353,0.8214285714285714,0.9464285714285714,2009-12-21,2009-12-28,"{""long_momentum"": 0.10797846692710765, ""mean_reversion"": 0.2441507315102464, ""medium_momentum"": 0.10797846692710765, ""ridge"": 0.10797846692710765, ""risk_adjusted"": 0.10797846692710765, ""short_momentum"": 0.10797846692710765, ""trend"": 0.10797846692710765, ""volume_momentum"": 0.10797846692710765}",0.0632673475150887,0.7840430661457847,-0.08323051002174478,0.09818724225980187,2449.TW,2010-01-05,2010-01-06
0.039813594783362626,343000,0,0.0246052286641231,0.0246052286641231,0.23457129973425253,D-1 estimated accounting; fill-day constraints require ledger audit,adaptive,V4_CAUSAL_7_EXPERTS_RIDGE_ANCHOR20,disabled,2010-01-05,risk_on,0.017347532081688592,0.012004628710030163,0.045715001437087954,0.6428571428571429,0.09211874238499353,0.8214285714285714,0.9464285714285714,2009-12-21,2009-12-28,"{""long_momentum"": 0.10797846692710765, ""mean_reversion"": 0.2441507315102464, ""medium_momentum"": 0.10797846692710765, ""ridge"": 0.10797846692710765, ""risk_adjusted"": 0.10797846692710765, ""short_momentum"": 0.10797846692710765, ""trend"": 0.10797846692710765, ""volume_momentum"": 0.10797846692710765}",0.06934879632556204,0.7840430661457847,-0.08892504650330879,0.11769668374493691,2451.TW,2010-01-05,2010-01-06
0.04315312666020582,3277000,0,0.0032174805791611604,0.0032174805791611604,0.0550078330452078,D-1 estimated accounting; fill-day constraints require ledger audit,adaptive,V4_CAUSAL_7_EXPERTS_RIDGE_ANCHOR20,disabled,2010-01-05,risk_on,0.017347532081688592,0.012004628710030163,0.045715001437087954,0.6428571428571429,0.09211874238499353,0.8214285714285714,0.9464285714285714,2009-12-21,2009-12-28,"{""long_momentum"": 0.10797846692710765, ""mean_reversion"": 0.2441507315102464, ""medium_momentum"": 0.10797846692710765, ""ridge"": 0.10797846692710765, ""risk_adjusted"": 0.10797846692710765, ""short_momentum"": 0.10797846692710765, ""trend"": 0.10797846692710765, ""volume_momentum"": 0.10797846692710765}",0.06822386526623023,0.5116985369795071,-0.10823612396121401,0.09423226503291827,2887.TW,2010-01-05,2010-01-06
0.04116310778665246,3200000,0,0.009930284974443225,0.009930284974443225,0.05859931343673332,D-1 estimated accounting; fill-day constraints require ledger audit,adaptive,V4_CAUSAL_7_EXPERTS_RIDGE_ANCHOR20,disabled,2010-01-05,risk_on,0.017347532081688592,0.012004628710030163,0.045715001437087954,0.6428571428571429,0.09211874238499353,0.8214285714285714,0.9464285714285714,2009-12-21,2009-12-28,"{""long_momentum"": 0.10797846692710765, ""mean_reversion"": 0.2441507315102464, ""medium_momentum"": 0.10797846692710765, ""ridge"": 0.10797846692710765, ""risk_adjusted"": 0.10797846692710765, ""short_momentum"": 0.10797846692710765, ""trend"": 0.10797846692710765, ""volume_momentum"": 0.10797846692710765}",0.06042053663930301,0.2957416031252918,-0.08285758716915598,0.08227933703142437,2890.TW,2010-01-05,2010-01-06
0.0411131107611035,1514000,0,0.01165046784786895,0.01165046784786895,0.12428802793338949,D-1 estimated accounting; fill-day constraints require ledger audit,adaptive,V4_CAUSAL_7_EXPERTS_RIDGE_ANCHOR20,disabled,2010-01-05,risk_on,0.017347532081688592,0.012004628710030163,0.045715001437087954,0.6428571428571429,0.09211874238499353,0.8214285714285714,0.9464285714285714,2009-12-21,2009-12-28,"{""long_momentum"": 0.10797846692710765, ""mean_reversion"": 0.2441507315102464, ""medium_momentum"": 0.10797846692710765, ""ridge"": 0.10797846692710765, ""risk_adjusted"": 0.10797846692710765, ""short_momentum"": 0.10797846692710765, ""trend"": 0.10797846692710765, ""volume_momentum"": 0.10797846692710765}",0.05945420641416355,0.5680861322915693,-0.07745170235687007,0.08031381796598992,3036.TW,2010-01-05,2010-01-06
0.04053317576622544,381000,0,0.024387928886497153,0.024387928886497153,0.2508960771595227,D-1 estimated accounting; fill-day constraints require ledger audit,adaptive,V4_CAUSAL_7_EXPERTS_RIDGE_ANCHOR20,disabled,2010-01-05,risk_on,0.017347532081688592,0.012004628710030163,0.045715001437087954,0.6428571428571429,0.09211874238499353,0.8214285714285714,0.9464285714285714,2009-12-21,2009-12-28,"{""long_momentum"": 0.10797846692710765, ""mean_reversion"": 0.2441507315102464, ""medium_momentum"": 0.10797846692710765, ""ridge"": 0.10797846692710765, ""risk_adjusted"": 0.10797846692710765, ""short_momentum"": 0.10797846692710765, ""trend"": 0.10797846692710765, ""volume_momentum"": 0.10797846692710765}",0.06244850846518573,0.7840430661457847,-0.07445264203280585,0.10278967971918213,3044.TW,2010-01-05,2010-01-06
0.040133860427448514,365000,0,0.021446521004576252,0.021446521004576252,0.2216348164742994,D-1 estimated accounting; fill-day constraints require ledger audit,adaptive,V4_CAUSAL_7_EXPERTS_RIDGE_ANCHOR20,disabled,2010-01-05,risk_on,0.017347532081688592,0.012004628710030163,0.045715001437087954,0.6428571428571429,0.09211874238499353,0.8214285714285714,0.9464285714285714,2009-12-21,2009-12-28,"{""long_momentum"": 0.10797846692710765, ""mean_reversion"": 0.2441507315102464, ""medium_momentum"": 0.10797846692710765, ""ridge"": 0.10797846692710765, ""risk_adjusted"": 0.10797846692710765, ""short_momentum"": 0.10797846692710765, ""trend"": 0.10797846692710765, ""volume_momentum"": 0.10797846692710765}",0.06710922870644129,0.7840430661457847,-0.0878613377886905,0.11031555971122495,3211.TWO,2010-01-05,2010-01-06
0.04031000653169575,394000,0,0.05660394836103781,0.05660394836103781,0.45989206655610615,D-1 estimated accounting; fill-day constraints require ledger audit,adaptive,V4_CAUSAL_7_EXPERTS_RIDGE_ANCHOR20,disabled,2010-01-05,risk_on,0.017347532081688592,0.012004628710030163,0.045715001437087954,0.6428571428571429,0.09211874238499353,0.8214285714285714,0.9464285714285714,2009-12-21,2009-12-28,"{""long_momentum"": 0.10797846692710765, ""mean_reversion"": 0.2441507315102464, ""medium_momentum"": 0.10797846692710765, ""ridge"": 0.10797846692710765, ""risk_adjusted"": 0.10797846692710765, ""short_momentum"": 0.10797846692710765, ""trend"": 0.10797846692710765, ""volume_momentum"": 0.10797846692710765}",0.07234910897773716,1.0,-0.06212379389216459,0.15489287052762216,3260.TWO,2010-01-05,2010-01-06
0.03944859362073776,242000,0,0.01469841655414892,0.01469841655414892,0.0730772926209437,D-1 estimated accounting; fill-day constraints require ledger audit,adaptive,V4_CAUSAL_7_EXPERTS_RIDGE_ANCHOR20,disabled,2010-01-05,risk_on,0.017347532081688592,0.012004628710030163,0.045715001437087954,0.6428571428571429,0.09211874238499353,0.8214285714285714,0.9464285714285714,2009-12-21,2009-12-28,"{""long_momentum"": 0.10797846692710765, ""mean_reversion"": 0.2441507315102464, ""medium_momentum"": 0.10797846692710765, ""ridge"": 0.10797846692710765, ""risk_adjusted"": 0.10797846692710765, ""short_momentum"": 0.10797846692710765, ""trend"": 0.10797846692710765, ""volume_momentum"": 0.10797846692710765}",0.07522009209500186,0.3521291984373541,-0.10865357692631714,0.11761158994799692,3443.TW,2010-01-05,2010-01-06
0.03838152441404176,954000,0,0.03361835667054682,0.03361835667054682,0.15935687291662992,D-1 estimated accounting; fill-day constraints require ledger audit,adaptive,V4_CAUSAL_7_EXPERTS_RIDGE_ANCHOR20,disabled,2010-01-05,risk_on,0.017347532081688592,0.012004628710030163,0.045715001437087954,0.6428571428571429,0.09211874238499353,0.8214285714285714,0.9464285714285714,2009-12-21,2009-12-28,"{""long_momentum"": 0.10797846692710765, ""mean_reversion"": 0.2441507315102464, ""medium_momentum"": 0.10797846692710765, ""ridge"": 0.10797846692710765, ""risk_adjusted"": 0.10797846692710765, ""short_momentum"": 0.10797846692710765, ""trend"": 0.10797846692710765, ""volume_momentum"": 0.10797846692710765}",0.09905096674736921,0.5680861322915693,-0.12204040618506803,0.16883829943954362,6139.TW,2010-01-05,2010-01-06
0.04167113551906077,379000,0,0.01801891592555496,0.01801891592555496,0.14005473684022138,D-1 estimated accounting; fill-day constraints require ledger audit,adaptive,V4_CAUSAL_7_EXPERTS_RIDGE_ANCHOR20,disabled,2010-01-05,risk_on,0.017347532081688592,0.012004628710030163,0.045715001437087954,0.6428571428571429,0.09211874238499353,0.8214285714285714,0.9464285714285714,2009-12-21,2009-12-28,"{""long_momentum"": 0.10797846692710765, ""mean_reversion"": 0.2441507315102464, ""medium_momentum"": 0.10797846692710765, ""ridge"": 0.10797846692710765, ""risk_adjusted"": 0.10797846692710765, ""short_momentum"": 0.10797846692710765, ""trend"": 0.10797846692710765, ""volume_momentum"": 0.10797846692710765}",0.06108209963237147,0.5116985369795071,-0.07692560620942883,0.0925246179739207,6239.TW,2010-01-05,2010-01-06
0.044530524303352324,3455000,0,0.007551551927307859,0.007551551927307859,0.06209684883764942,D-1 estimated accounting; fill-day constraints require ledger audit,adaptive,V4_CAUSAL_7_EXPERTS_RIDGE_ANCHOR20,disabled,2010-01-06,risk_on,0.0177746423030569,0.012092120252533478,0.07109950778735774,0.6428571428571429,0.08618590322051446,0.8482142857142857,0.9732142857142857,2009-12-21,2009-12-28,"{""long_momentum"": 0.10797846692710765, ""mean_reversion"": 0.2441507315102464, ""medium_momentum"": 0.10797846692710765, ""ridge"": 0.10797846692710765, ""risk_adjusted"": 0.10797846692710765, ""short_momentum"": 0.10797846692710765, ""trend"": 0.10797846692710765, ""volume_momentum"": 0.10797846692710765}",0.0908773801078344,0.5116985369795071,-0.13779535899682166,0.1324596427648193,1605.TW,2010-01-06,2010-01-07
0.03961124680106083,2243000,0,0.06968110300849573,0.06968110300849573,0.35602917553987545,D-1 estimated accounting; fill-day constraints require ledger audit,adaptive,V4_CAUSAL_7_EXPERTS_RIDGE_ANCHOR20,disabled,2010-01-06,risk_on,0.0177746423030569,0.012092120252533478,0.07109950778735774,0.6428571428571429,0.08618590322051446,0.8482142857142857,0.9732142857142857,2009-12-21,2009-12-28,"{""long_momentum"": 0.10797846692710765, ""mean_reversion"": 0.2441507315102464, ""medium_momentum"": 0.10797846692710765, ""ridge"": 0.10797846692710765, ""risk_adjusted"": 0.10797846692710765, ""short_momentum"": 0.10797846692710765, ""trend"": 0.10797846692710765, ""volume_momentum"": 0.10797846692710765}",0.08978070239591049,0.7840430661457847,-0.07423846150644528,0.1931618474368187,1815.TWO,2010-01-06,2010-01-07
0.038124489430139616,3544000,0,0.05338239267580394,0.05338239267580394,0.3166481357989698,D-1 estimated accounting; fill-day constraints require ledger audit,adaptive,V4_CAUSAL_7_EXPERTS_RIDGE_ANCHOR20,disabled,2010-01-06,risk_on,0.0177746423030569,0.012092120252533478,0.07109950778735774,0.6428571428571429,0.08618590322051446,0.8482142857142857,0.9732142857142857,2009-12-21,2009-12-28,"{""long_momentum"": 0.10797846692710765, ""mean_reversion"": 0.2441507315102464, ""medium_momentum"": 0.10797846692710765, ""ridge"": 0.10797846692710765, ""risk_adjusted"": 0.10797846692710765, ""short_momentum"": 0.10797846692710765, ""trend"": 0.10797846692710765, ""volume_momentum"": 0.10797846692710765}",0.08617651984381762,0.7840430661457847,-0.08575433776467489,0.1720803030296647,2313.TW,2010-01-06,2010-01-07
0.043502036655091704,3528000,0,0.02744900896506137,0.02744900896506137,0.14547514889433188,D-1 estimated accounting; fill-day constraints require ledger audit,adaptive,V4_CAUSAL_7_EXPERTS_RIDGE_ANCHOR20,disabled,2010-01-06,risk_on,0.0177746423030569,0.012092120252533478,0.07109950778735774,0.6428571428571429,0.08618590322051446,0.8482142857142857,0.9732142857142857,2009-12-21,2009-12-28,"{""long_momentum"": 0.10797846692710765, ""mean_reversion"": 0.2441507315102464, ""medium_momentum"": 0.10797846692710765, ""ridge"": 0.10797846692710765, ""risk_adjusted"": 0.10797846692710765, ""short_momentum"": 0.10797846692710765, ""trend"": 0.10797846692710765, ""volume_momentum"": 0.10797846692710765}",0.08168808276541327,0.5116985369795071,-0.10549247293322557,0.13995167077673026,2327.TW,2010-01-06,2010-01-07
0.04060422964423783,4225000,0,0.0739553016246549,0.0739553016246549,0.3627499882739355,D-1 estimated accounting; fill-day constraints require ledger audit,adaptive,V4_CAUSAL_7_EXPERTS_RIDGE_ANCHOR20,disabled,2010-01-06,risk_on,0.0177746423030569,0.012092120252533478,0.07109950778735774,0.6428571428571429,0.08618590322051446,0.8482142857142857,0.9732142857142857,2009-12-21,2009-12-28,"{""long_momentum"": 0.10797846692710765, ""mean_reversion"": 0.2441507315102464, ""medium_momentum"": 0.10797846692710765, ""ridge"": 0.10797846692710765, ""risk_adjusted"": 0.10797846692710765, ""short_momentum"": 0.10797846692710765, ""trend"": 0.10797846692710765, ""volume_momentum"": 0.10797846692710765}",0.09169765158098872,0.7840430661457847,-0.07245154294165869,0.19992332610435043,2344.TW,2010-01-06,2010-01-07
0.04019430084510351,567000,0,0.007434956314374714,0.007434956314374714,0.01218425772997844,D-1 estimated accounting; fill-day constraints require ledger audit,adaptive,V4_CAUSAL_7_EXPERTS_RIDGE_ANCHOR20,disabled,2010-01-06,risk_on,0.0177746423030569,0.012092120252533478,0.07109950778735774,0.6428571428571429,0.08618590322051446,0.8482142857142857,0.9732142857142857,2009-12-21,2009-12-28,"{""long_momentum"": 0.10797846692710765, ""mean_reversion"": 0.2441507315102464, ""medium_momentum"": 0.10797846692710765, ""ridge"": 0.10797846692710765, ""risk_adjusted"": 0.10797846692710765, ""short_momentum"": 0.10797846692710765, ""trend"": 0.10797846692710765, ""volume_momentum"": 0.10797846692710765}",0.06899133151780389,0.07978466927107654,-0.10544419757798787,0.09987529012011924,2360.TW,2010-01-06,2010-01-07
0.04074402156971214,1316000,0,0.011150199872795905,0.011150199872795905,0.16153439026949562,D-1 estimated accounting; fill-day constraints require ledger audit,adaptive,V4_CAUSAL_7_EXPERTS_RIDGE_ANCHOR20,disabled,2010-01-06,risk_on,0.0177746423030569,0.012092120252533478,0.07109950778735774,0.6428571428571429,0.08618590322051446,0.8482142857142857,0.9732142857142857,2009-12-21,2009-12-28,"{""long_momentum"": 0.10797846692710765, ""mean_reversion"": 0.2441507315102464, ""medium_momentum"": 0.10797846692710765, ""ridge"": 0.10797846692710765, ""risk_adjusted"": 0.10797846692710765, ""short_momentum"": 0.10797846692710765, ""trend"": 0.10797846692710765, ""volume_momentum"": 0.10797846692710765}",0.062238384787156584,0.7840430661457847,-0.08712885446707266,0.08899043412604643,2376.TW,2010-01-06,2010-01-07
0.04179026669407918,1956000,0,0.009050151261700163,0.009050151261700163,0.15124642135843835,D-1 estimated accounting; fill-day constraints require ledger audit,adaptive,V4_CAUSAL_7_EXPERTS_RIDGE_ANCHOR20,disabled,2010-01-06,risk_on,0.0177746423030569,0.012092120252533478,0.07109950778735774,0.6428571428571429,0.08618590322051446,0.8482142857142857,0.9732142857142857,2009-12-21,2009-12-28,"{""long_momentum"": 0.10797846692710765, ""mean_reversion"": 0.2441507315102464, ""medium_momentum"": 0.10797846692710765, ""ridge"": 0.10797846692710765, ""risk_adjusted"": 0.10797846692710765, ""short_momentum"": 0.10797846692710765, ""trend"": 0.10797846692710765, ""volume_momentum"": 0.10797846692710765}",0.0587841252527098,0.7840430661457847,-0.07681963436535379,0.07448111680213607,2377.TW,2010-01-06,2010-01-07
0.04197258523804606,574000,0,0.009435803040746897,0.009435803040746897,0.058159416555466324,D-1 estimated accounting; fill-day constraints require ledger audit,adaptive,V4_CAUSAL_7_EXPERTS_RIDGE_ANCHOR20,disabled,2010-01-06,risk_on,0.0177746423030569,0.012092120252533478,0.07109950778735774,0.6428571428571429,0.08618590322051446,0.8482142857142857,0.9732142857142857,2009-12-21,2009-12-28,"{""long_momentum"": 0.10797846692710765, ""mean_reversion"": 0.2441507315102464, ""medium_momentum"": 0.10797846692710765, ""ridge"": 0.10797846692710765, ""risk_adjusted"": 0.10797846692710765, ""short_momentum"": 0.10797846692710765, ""trend"": 0.10797846692710765, ""volume_momentum"": 0.10797846692710765}",0.05897049617134839,0.29574160312529185,-0.07741968300367613,0.07585246899855189,2395.TW,2010-01-06,2010-01-07
0.03990599553660434,1492000,0,0.01437730046745871,0.01437730046745871,0.07400656420827618,D-1 estimated accounting; fill-day constraints require ledger audit,adaptive,V4_CAUSAL_7_EXPERTS_RIDGE_ANCHOR20,disabled,2010-01-06,risk_on,0.0177746423030569,0.012092120252533478,0.07109950778735774,0.6428571428571429,0.08618590322051446,0.8482142857142857,0.9732142857142857,2009-12-21,2009-12-28,"{""long_momentum"": 0.10797846692710765, ""mean_reversion"": 0.2441507315102464, ""medium_momentum"": 0.10797846692710765, ""ridge"": 0.10797846692710765, ""risk_adjusted"": 0.10797846692710765, ""short_momentum"": 0.10797846692710765, ""trend"": 0.10797846692710765, ""volume_momentum"": 0.10797846692710765}",0.07282145723034762,0.3521291984373541,-0.1051316484648227,0.11344742931312204,2404.TW,2010-01-06,2010-01-07
0.04310817583505139,1262000,0,0.06177193255341327,0.06177193255341327,0.1969804896817694,D-1 estimated accounting; fill-day constraints require ledger audit,adaptive,V4_CAUSAL_7_EXPERTS_RIDGE_ANCHOR20,disabled,2010-01-06,risk_on,0.0177746423030569,0.012092120252533478,0.07109950778735774,0.6428571428571429,0.08618590322051446,0.8482142857142857,0.9732142857142857,2009-12-21,2009-12-28,"{""long_momentum"": 0.10797846692710765, ""mean_reversion"": 0.2441507315102464, ""medium_momentum"": 0.10797846692710765, ""ridge"": 0.10797846692710765, ""risk_adjusted"": 0.10797846692710765, ""short_momentum"": 0.10797846692710765, ""trend"": 0.10797846692710765, ""volume_momentum"": 0.10797846692710765}",0.10668230270650682,0.5116985369795071,-0.10311749839095921,0.2062225434111677,2408.TW,2010-01-06,2010-01-07
0.04133179402883452,2715000,0,0.014879218063095733,0.014879218063095733,0.19769626954182953,D-1 estimated accounting; fill-day constraints require ledger audit,adaptive,V4_CAUSAL_7_EXPERTS_RIDGE_ANCHOR20,disabled,2010-01-06,risk_on,0.0177746423030569,0.012092120252533478,0.07109950778735774,0.6428571428571429,0.08618590322051446,0.8482142857142857,0.9732142857142857,2009-12-21,2009-12-28,"{""long_momentum"": 0.10797846692710765, ""mean_reversion"": 0.2441507315102464, ""medium_momentum"": 0.10797846692710765, ""ridge"": 0.10797846692710765, ""risk_adjusted"": 0.10797846692710765, ""short_momentum"": 0.10797846692710765, ""trend"": 0.10797846692710765, ""volume_momentum"": 0.10797846692710765}",0.05895971561477242,0.7840430661457847,-0.07192145716136177,0.08124107320093518,2449.TW,2010-01-06,2010-01-07
0.0397351432486376,343000,0,0.021517422508352712,0.021517422508352712,0.21202554325789083,D-1 estimated accounting; fill-day constraints require ledger audit,adaptive,V4_CAUSAL_7_EXPERTS_RIDGE_ANCHOR20,disabled,2010-01-06,risk_on,0.0177746423030569,0.012092120252533478,0.07109950778735774,0.6428571428571429,0.08618590322051446,0.8482142857142857,0.9732142857142857,2009-12-21,2009-12-28,"{""long_momentum"": 0.10797846692710765, ""mean_reversion"": 0.2441507315102464, ""medium_momentum"": 0.10797846692710765, ""ridge"": 0.10797846692710765, ""risk_adjusted"": 0.10797846692710765, ""short_momentum"": 0.10797846692710765, ""trend"": 0.10797846692710765, ""volume_momentum"": 0.10797846692710765}",0.07154057998639315,0.7840430661457847,-0.09585179228856902,0.1184478172186564,2451.TW,2010-01-06,2010-01-07
0.043566952914172154,3277000,0,0.0004550023142185861,0.0004550023142185861,0.03675769188072828,D-1 estimated accounting; fill-day constraints require ledger audit,adaptive,V4_CAUSAL_7_EXPERTS_RIDGE_ANCHOR20,disabled,2010-01-06,risk_on,0.0177746423030569,0.012092120252533478,0.07109950778735774,0.6428571428571429,0.08618590322051446,0.8482142857142857,0.9732142857142857,2009-12-21,2009-12-28,"{""long_momentum"": 0.10797846692710765, ""mean_reversion"": 0.2441507315102464, ""medium_momentum"": 0.10797846692710765, ""ridge"": 0.10797846692710765, ""risk_adjusted"": 0.10797846692710765, ""short_momentum"": 0.10797846692710765, ""trend"": 0.10797846692710765, ""volume_momentum"": 0.10797846692710765}",0.07048329959175441,0.5116985369795071,-0.11509314234496941,0.09556432688678854,2887.TW,2010-01-06,2010-01-07
0.04156913538090828,3200000,0,0.01499561928169299,0.01499561928169299,0.25280912018420965,D-1 estimated accounting; fill-day constraints require ledger audit,adaptive,V4_CAUSAL_7_EXPERTS_RIDGE_ANCHOR20,disabled,2010-01-06,risk_on,0.0177746423030569,0.012092120252533478,0.07109950778735774,0.6428571428571429,0.08618590322051446,0.8482142857142857,0.9732142857142857,2009-12-21,2009-12-28,"{""long_momentum"": 0.10797846692710765, ""mean_reversion"": 0.2441507315102464, ""medium_momentum"": 0.10797846692710765, ""ridge"": 0.10797846692710765, ""risk_adjusted"": 0.10797846692710765, ""short_momentum"": 0.10797846692710765, ""trend"": 0.10797846692710765, ""volume_momentum"": 0.10797846692710765}",0.05909812253870953,1.0,-0.07249085407670854,0.08204327255347646,2890.TW,2010-01-06,2010-01-07
0.04110893770369899,1514000,0,0.013334711932006431,0.013334711932006431,0.18439431740510162,D-1 estimated accounting; fill-day constraints require ledger audit,adaptive,V4_CAUSAL_7_EXPERTS_RIDGE_ANCHOR20,disabled,2010-01-06,risk_on,0.0177746423030569,0.012092120252533478,0.07109950778735774,0.6428571428571429,0.08618590322051446,0.8482142857142857,0.9732142857142857,2009-12-21,2009-12-28,"{""long_momentum"": 0.10797846692710765, ""mean_reversion"": 0.2441507315102464, ""medium_momentum"": 0.10797846692710765, ""ridge"": 0.10797846692710765, ""risk_adjusted"": 0.10797846692710765, ""short_momentum"": 0.10797846692710765, ""trend"": 0.10797846692710765, ""volume_momentum"": 0.10797846692710765}",0.05962432694926611,0.7840430661457847,-0.07647936926456578,0.08270997304196057,3036.TW,2010-01-06,2010-01-07
0.039485523870227406,381000,0,0.02943443744813857,0.02943443744813857,0.2490679893873267,D-1 estimated accounting; fill-day constraints require ledger audit,adaptive,V4_CAUSAL_7_EXPERTS_RIDGE_ANCHOR20,disabled,2010-01-06,risk_on,0.0177746423030569,0.012092120252533478,0.07109950778735774,0.6428571428571429,0.08618590322051446,0.8482142857142857,0.9732142857142857,2009-12-21,2009-12-28,"{""long_momentum"": 0.10797846692710765, ""mean_reversion"": 0.2441507315102464, ""medium_momentum"": 0.10797846692710765, ""ridge"": 0.10797846692710765, ""risk_adjusted"": 0.10797846692710765, ""short_momentum"": 0.10797846692710765, ""trend"": 0.10797846692710765, ""volume_momentum"": 0.10797846692710765}",0.07396199673136154,0.7840430661457847,-0.09192623828758792,0.130356293097247,3044.TW,2010-01-06,2010-01-07
0.0402402166047501,365000,0,0.01719061959345359,0.01719061959345359,0.19554890864590513,D-1 estimated accounting; fill-day constraints require ledger audit,adaptive,V4_CAUSAL_7_EXPERTS_RIDGE_ANCHOR20,disabled,2010-01-06,risk_on,0.0177746423030569,0.012092120252533478,0.07109950778735774,0.6428571428571429,0.08618590322051446,0.8482142857142857,0.9732142857142857,2009-12-21,2009-12-28,"{""long_momentum"": 0.10797846692710765, ""mean_reversion"": 0.2441507315102464, ""medium_momentum"": 0.10797846692710765, ""ridge"": 0.10797846692710765, ""risk_adjusted"": 0.10797846692710765, ""short_momentum"": 0.10797846692710765, ""trend"": 0.10797846692710765, ""volume_momentum"": 0.10797846692710765}",0.06678150275794573,0.7840430661457847,-0.09146721958342327,0.10540963868371239,3211.TWO,2010-01-06,2010-01-07
0.039950363859047364,394000,0,0.05109289250446437,0.05109289250446437,0.3407686070092159,D-1 estimated accounting; fill-day constraints require ledger audit,adaptive,V4_CAUSAL_7_EXPERTS_RIDGE_ANCHOR20,disabled,2010-01-06,risk_on,0.0177746423030569,0.012092120252533478,0.07109950778735774,0.6428571428571429,0.08618590322051446,0.8482142857142857,0.9732142857142857,2009-12-21,2009-12-28,"{""long_momentum"": 0.10797846692710765, ""mean_reversion"": 0.2441507315102464, ""medium_momentum"": 0.10797846692710765, ""ridge"": 0.10797846692710765, ""risk_adjusted"": 0.10797846692710765, ""short_momentum"": 0.10797846692710765, ""trend"": 0.10797846692710765, ""volume_momentum"": 0.10797846692710765}",0.0729660716242259,0.7840430661457847,-0.06865349210348798,0.15040045702579866,3260.TWO,2010-01-06,2010-01-07
0.03949389525182043,242000,0,0.015081649269943776,0.015081649269943776,0.016931568149983832,D-1 estimated accounting; fill-day constraints require ledger audit,adaptive,V4_CAUSAL_7_EXPERTS_RIDGE_ANCHOR20,disabled,2010-01-06,risk_on,0.0177746423030569,0.012092120252533478,0.07109950778735774,0.6428571428571429,0.08618590322051446,0.8482142857142857,0.9732142857142857,2009-12-21,2009-12-28,"{""long_momentum"": 0.10797846692710765, ""mean_reversion"": 0.2441507315102464, ""medium_momentum"": 0.10797846692710765, ""ridge"": 0.10797846692710765, ""risk_adjusted"": 0.10797846692710765, ""short_momentum"": 0.10797846692710765, ""trend"": 0.10797846692710765, ""volume_momentum"": 0.10797846692710765}",0.07454678273514191,0.07978466927107654,-0.10721092507196438,0.11693540352523388,3443.TW,2010-01-06,2010-01-07
0.03767634146885969,954000,0,0.031861482312060936,0.031861482312060936,0.08994248633221827,D-1 estimated accounting; fill-day constraints require ledger audit,adaptive,V4_CAUSAL_7_EXPERTS_RIDGE_ANCHOR20,disabled,2010-01-06,risk_on,0.0177746423030569,0.012092120252533478,0.07109950778735774,0.6428571428571429,0.08618590322051446,0.8482142857142857,0.9732142857142857,2009-12-21,2009-12-28,"{""long_momentum"": 0.10797846692710765, ""mean_reversion"": 0.2441507315102464, ""medium_momentum"": 0.10797846692710765, ""ridge"": 0.10797846692710765, ""risk_adjusted"": 0.10797846692710765, ""short_momentum"": 0.10797846692710765, ""trend"": 0.10797846692710765, ""volume_momentum"": 0.10797846692710765}",0.1074530096379927,0.3521291984373541,-0.13394362418498482,0.17722776872248863,6139.TW,2010-01-06,2010-01-07
0.04120394020086832,379000,0,0.019968279870509066,0.019968279870509066,0.2302677378028564,D-1 estimated accounting; fill-day constraints require ledger audit,adaptive,V4_CAUSAL_7_EXPERTS_RIDGE_ANCHOR20,disabled,2010-01-06,risk_on,0.0177746423030569,0.012092120252533478,0.07109950778735774,0.6428571428571429,0.08618590322051446,0.8482142857142857,0.9732142857142857,2009-12-21,2009-12-28,"{""long_momentum"": 0.10797846692710765, ""mean_reversion"": 0.2441507315102464, ""medium_momentum"": 0.10797846692710765, ""ridge"": 0.10797846692710765, ""risk_adjusted"": 0.10797846692710765, ""short_momentum"": 0.10797846692710765, ""trend"": 0.10797846692710765, ""volume_momentum"": 0.10797846692710765}",0.06004669831466841,0.7840430661457847,-0.07148646834024772,0.09098420799464779,6239.TW,2010-01-06,2010-01-07
0.045035613384334344,3455000,0,0.029950276886566134,0.029950276886566134,0.26263466174373823,D-1 estimated accounting; fill-day constraints require ledger audit,adaptive,V4_CAUSAL_7_EXPERTS_RIDGE_ANCHOR20,disabled,2010-01-07,risk_on,0.01785541942013002,0.0,0.04708143293641498,0.49107142857142855,0.08771799889657743,0.7232142857142857,0.8839285714285714,2009-12-21,2009-12-28,"{""long_momentum"": 0.10797846692710765, ""mean_reversion"": 0.2441507315102464, ""medium_momentum"": 0.10797846692710765, ""ridge"": 0.10797846692710765, ""risk_adjusted"": 0.10797846692710765, ""short_momentum"": 0.10797846692710765, ""trend"": 0.10797846692710765, ""volume_momentum"": 0.10797846692710765}",0.06563485168264564,0.7558492684897535,-0.07635355527872996,0.11581528896524418,1605.TW,2010-01-07,2010-01-08
0.041508749397234854,2243000,0,0.03281808527881115,0.03281808527881115,0.14285450856776247,D-1 estimated accounting; fill-day constraints require ledger audit,adaptive,V4_CAUSAL_7_EXPERTS_RIDGE_ANCHOR20,disabled,2010-01-07,risk_on,0.01785541942013002,0.0,0.04708143293641498,0.49107142857142855,0.08771799889657743,0.7232142857142857,0.8839285714285714,2009-12-21,2009-12-28,"{""long_momentum"": 0.10797846692710765, ""mean_reversion"": 0.2441507315102464, ""medium_momentum"": 0.10797846692710765, ""ridge"": 0.10797846692710765, ""risk_adjusted"": 0.10797846692710765, ""short_momentum"": 0.10797846692710765, ""trend"": 0.10797846692710765, ""volume_momentum"": 0.10797846692710765}",0.09764462501678035,0.5116985369795071,-0.12110221383966839,0.16629956431067267,1815.TWO,2010-01-07,2010-01-08
0.0385868732591517,3544000,0,0.027988641610725146,0.027988641610725146,0.2638476302753938,D-1 estimated accounting; fill-day constraints require ledger audit,adaptive,V4_CAUSAL_7_EXPERTS_RIDGE_ANCHOR20,disabled,2010-01-07,risk_on,0.01785541942013002,0.0,0.04708143293641498,0.49107142857142855,0.08771799889657743,0.7232142857142857,0.8839285714285714,2009-12-21,2009-12-28,"{""long_momentum"": 0.10797846692710765, ""mean_reversion"": 0.2441507315102464, ""medium_momentum"": 0.10797846692710765, ""ridge"": 0.10797846692710765, ""risk_adjusted"": 0.10797846692710765, ""short_momentum"": 0.10797846692710765, ""trend"": 0.10797846692710765, ""volume_momentum"": 0.10797846692710765}",0.06503958661122626,0.7840430661457847,-0.07703726437996875,0.11257572751480098,2313.TW,2010-01-07,2010-01-08
0.0427408812355521,3528000,0,0.024124025697325583,0.024124025697325583,0.1628141300912401,D-1 estimated accounting; fill-day constraints require ledger audit,adaptive,V4_CAUSAL_7_EXPERTS_RIDGE_ANCHOR20,disabled,2010-01-07,risk_on,0.01785541942013002,0.0,0.04708143293641498,0.49107142857142855,0.08771799889657743,0.7232142857142857,0.8839285714285714,2009-12-21,2009-12-28,"{""long_momentum"": 0.10797846692710765, ""mean_reversion"": 0.2441507315102464, ""medium_momentum"": 0.10797846692710765, ""ridge"": 0.10797846692710765, ""risk_adjusted"": 0.10797846692710765, ""short_momentum"": 0.10797846692710765, ""trend"": 0.10797846692710765, ""volume_momentum"": 0.10797846692710765}",0.06240808722139757,0.5116985369795071,-0.07460942315176007,0.10241865445979317,2327.TW,2010-01-07,2010-01-08
0.040299044581655494,4225000,0,0.05007025201040652,0.05007025201040652,0.4242465113362351,D-1 estimated accounting; fill-day constraints require ledger audit,adaptive,V4_CAUSAL_7_EXPERTS_RIDGE_ANCHOR20,disabled,2010-01-07,risk_on,0.01785541942013002,0.0,0.04708143293641498,0.49107142857142855,0.08771799889657743,0.7232142857142857,0.8839285714285714,2009-12-21,2009-12-28,"{""long_momentum"": 0.10797846692710765, ""mean_reversion"": 0.2441507315102464, ""medium_momentum"": 0.10797846692710765, ""ridge"": 0.10797846692710765, ""risk_adjusted"": 0.10797846692710765, ""short_momentum"": 0.10797846692710765, ""trend"": 0.10797846692710765, ""volume_momentum"": 0.10797846692710765}",0.07473694861206549,1.0,-0.07252297037589317,0.15222465431008814,2344.TW,2010-01-07,2010-01-08
0.03944661838901807,567000,0,0.005889295649888903,0.005889295649888903,0.009975992157950333,D-1 estimated accounting; fill-day constraints require ledger audit,adaptive,V4_CAUSAL_7_EXPERTS_RIDGE_ANCHOR20,disabled,2010-01-07,risk_on,0.01785541942013002,0.0,0.04708143293641498,0.49107142857142855,0.08771799889657743,0.7232142857142857,0.8839285714285714,2009-12-21,2009-12-28,"{""long_momentum"": 0.10797846692710765, ""mean_reversion"": 0.2441507315102464, ""medium_momentum"": 0.10797846692710765, ""ridge"": 0.10797846692710765, ""risk_adjusted"": 0.10797846692710765, ""short_momentum"": 0.10797846692710765, ""trend"": 0.10797846692710765, ""volume_momentum"": 0.10797846692710765}",0.07619967136869203,0.07978466927107654,-0.11897995522850524,0.11031972644166499,2360.TW,2010-01-07,2010-01-08
0.04057356605961752,1316000,0,0.005812504308215723,0.005812504308215723,0.05324234798460863,D-1 estimated accounting; fill-day constraints require ledger audit,adaptive,V4_CAUSAL_7_EXPERTS_RIDGE_ANCHOR20,disabled,2010-01-07,risk_on,0.01785541942013002,0.0,0.04708143293641498,0.49107142857142855,0.08771799889657743,0.7232142857142857,0.8839285714285714,2009-12-21,2009-12-28,"{""long_momentum"": 0.10797846692710765, ""mean_reversion"": 0.2441507315102464, ""medium_momentum"": 0.10797846692710765, ""ridge"": 0.10797846692710765, ""risk_adjusted"": 0.10797846692710765, ""short_momentum"": 0.10797846692710765, ""trend"": 0.10797846692710765, ""volume_momentum"": 0.10797846692710765}",0.0606982126168359,0.3521291984373541,-0.08790834333108705,0.07909453186090046,2376.TW,2010-01-07,2010-01-08
0.04159854948600073,1956000,0,0.012431903331202015,0.012431903331202015,0.176179382445646,D-1 estimated accounting; fill-day constraints require ledger audit,adaptive,V4_CAUSAL_7_EXPERTS_RIDGE_ANCHOR20,disabled,2010-01-07,risk_on,0.01785541942013002,0.0,0.04708143293641498,0.49107142857142855,0.08771799889657743,0.7232142857142857,0.8839285714285714,2009-12-21,2009-12-28,"{""long_momentum"": 0.10797846692710765, ""mean_reversion"": 0.2441507315102464, ""medium_momentum"": 0.10797846692710765, ""ridge"": 0.10797846692710765, ""risk_adjusted"": 0.10797846692710765, ""short_momentum"": 0.10797846692710765, ""trend"": 0.10797846692710765, ""volume_momentum"": 0.10797846692710765}",0.060144500597726136,0.7840430661457847,-0.07938115239930756,0.08380613897509354,2377.TW,2010-01-07,2010-01-08
0.04239964600923145,574000,0,0.01202422434042642,0.01202422434042642,0.17654773361236953,D-1 estimated accounting; fill-day constraints require ledger audit,adaptive,V4_CAUSAL_7_EXPERTS_RIDGE_ANCHOR20,disabled,2010-01-07,risk_on,0.01785541942013002,0.0,0.04708143293641498,0.49107142857142855,0.08771799889657743,0.7232142857142857,0.8839285714285714,2009-12-21,2009-12-28,"{""long_momentum"": 0.10797846692710765, ""mean_reversion"": 0.2441507315102464, ""medium_momentum"": 0.10797846692710765, ""ridge"": 0.10797846692710765, ""risk_adjusted"": 0.10797846692710765, ""short_momentum"": 0.10797846692710765, ""trend"": 0.10797846692710765, ""volume_momentum"": 0.10797846692710765}",0.058579833426342,0.7840430661457847,-0.07265180713160559,0.07626143572584038,2395.TW,2010-01-07,2010-01-08
0.04042920615596401,1492000,0,0.011300186882469638,0.011300186882469638,0.025896613711423242,D-1 estimated accounting; fill-day constraints require ledger audit,adaptive,V4_CAUSAL_7_EXPERTS_RIDGE_ANCHOR20,disabled,2010-01-07,risk_on,0.01785541942013002,0.0,0.04708143293641498,0.49107142857142855,0.08771799889657743,0.7232142857142857,0.8839285714285714,2009-12-21,2009-12-28,"{""long_momentum"": 0.10797846692710765, ""mean_reversion"": 0.2441507315102464, ""medium_momentum"": 0.10797846692710765, ""ridge"": 0.10797846692710765, ""risk_adjusted"": 0.10797846692710765, ""short_momentum"": 0.10797846692710765, ""trend"": 0.10797846692710765, ""volume_momentum"": 0.10797846692710765}",0.06941114918828317,0.13617226458313875,-0.10234287411328287,0.1045044277916041,2404.TW,2010-01-07,2010-01-08
0.042329216571371814,1262000,0,0.04480748573422352,0.04480748573422352,0.17400249465253667,D-1 estimated accounting; fill-day constraints require ledger audit,adaptive,V4_CAUSAL_7_EXPERTS_RIDGE_ANCHOR20,disabled,2010-01-07,risk_on,0.01785541942013002,0.0,0.04708143293641498,0.49107142857142855,0.08771799889657743,0.7232142857142857,0.8839285714285714,2009-12-21,2009-12-28,"{""long_momentum"": 0.10797846692710765, ""mean_reversion"": 0.2441507315102464, ""medium_momentum"": 0.10797846692710765, ""ridge"": 0.10797846692710765, ""risk_adjusted"": 0.10797846692710765, ""short_momentum"": 0.10797846692710765, ""trend"": 0.10797846692710765, ""volume_momentum"": 0.10797846692710765}",0.09666407854836531,0.5116985369795071,-0.10789272408488051,0.17706887546670952,2408.TW,2010-01-07,2010-01-08
0.04163667746905102,2715000,0,0.007457957849102073,0.007457957849102073,0.09496979563152053,D-1 estimated accounting; fill-day constraints require ledger audit,adaptive,V4_CAUSAL_7_EXPERTS_RIDGE_ANCHOR20,disabled,2010-01-07,risk_on,0.01785541942013002,0.0,0.04708143293641498,0.49107142857142855,0.08771799889657743,0.7232142857142857,0.8839285714285714,2009-12-21,2009-12-28,"{""long_momentum"": 0.10797846692710765, ""mean_reversion"": 0.2441507315102464, ""medium_momentum"": 0.10797846692710765, ""ridge"": 0.10797846692710765, ""risk_adjusted"": 0.10797846692710765, ""short_momentum"": 0.10797846692710765, ""trend"": 0.10797846692710765, ""volume_momentum"": 0.10797846692710765}",0.05836409565977689,0.5398923346355382,-0.07577185717894863,0.07024895279053472,2449.TW,2010-01-07,2010-01-08
0.03967712402381267,343000,0,0.02051317930237484,0.02051317930237484,0.1410274162588972,D-1 estimated accounting; fill-day constraints require ledger audit,adaptive,V4_CAUSAL_7_EXPERTS_RIDGE_ANCHOR20,disabled,2010-01-07,risk_on,0.01785541942013002,0.0,0.04708143293641498,0.49107142857142855,0.08771799889657743,0.7232142857142857,0.8839285714285714,2009-12-21,2009-12-28,"{""long_momentum"": 0.10797846692710765, ""mean_reversion"": 0.2441507315102464, ""medium_momentum"": 0.10797846692710765, ""ridge"": 0.10797846692710765, ""risk_adjusted"": 0.10797846692710765, ""short_momentum"": 0.10797846692710765, ""trend"": 0.10797846692710765, ""volume_momentum"": 0.10797846692710765}",0.07725891804456964,0.5680861322915693,-0.10596725600174162,0.12655479451987323,2451.TW,2010-01-07,2010-01-08
0.04305076054015513,3277000,0,0.0032248086609425854,0.0032248086609425854,0.05997518755001515,D-1 estimated accounting; fill-day constraints require ledger audit,adaptive,V4_CAUSAL_7_EXPERTS_RIDGE_ANCHOR20,disabled,2010-01-07,risk_on,0.01785541942013002,0.0,0.04708143293641498,0.49107142857142855,0.08771799889657743,0.7232142857142857,0.8839285714285714,2009-12-21,2009-12-28,"{""long_momentum"": 0.10797846692710765, ""mean_reversion"": 0.2441507315102464, ""medium_momentum"": 0.10797846692710765, ""ridge"": 0.10797846692710765, ""risk_adjusted"": 0.10797846692710765, ""short_momentum"": 0.10797846692710765, ""trend"": 0.10797846692710765, ""volume_momentum"": 0.10797846692710765}",0.061947919940047606,0.5116985369795071,-0.0942579768457307,0.0802687740809978,2887.TW,2010-01-07,2010-01-08
0.04105788344217043,3200000,0,0.012170049886307965,0.012170049886307965,0.176575054945241,D-1 estimated accounting; fill-day constraints require ledger audit,adaptive,V4_CAUSAL_7_EXPERTS_RIDGE_ANCHOR20,disabled,2010-01-07,risk_on,0.01785541942013002,0.0,0.04708143293641498,0.49107142857142855,0.08771799889657743,0.7232142857142857,0.8839285714285714,2009-12-21,2009-12-28,"{""long_momentum"": 0.10797846692710765, ""mean_reversion"": 0.2441507315102464, ""medium_momentum"": 0.10797846692710765, ""ridge"": 0.10797846692710765, ""risk_adjusted"": 0.10797846692710765, ""short_momentum"": 0.10797846692710765, ""trend"": 0.10797846692710765, ""volume_momentum"": 0.10797846692710765}",0.05906981628794749,0.7840430661457847,-0.07517919635496201,0.07908047604095987,2890.TW,2010-01-07,2010-01-08
0.03955443471642366,1514000,0,0.014788223398248843,0.014788223398248843,0.07427654942352495,D-1 estimated accounting; fill-day constraints require ledger audit,adaptive,V4_CAUSAL_7_EXPERTS_RIDGE_ANCHOR20,disabled,2010-01-07,risk_on,0.01785541942013002,0.0,0.04708143293641498,0.49107142857142855,0.08771799889657743,0.7232142857142857,0.8839285714285714,2009-12-21,2009-12-28,"{""long_momentum"": 0.10797846692710765, ""mean_reversion"": 0.2441507315102464, ""medium_momentum"": 0.10797846692710765, ""ridge"": 0.10797846692710765, ""risk_adjusted"": 0.10797846692710765, ""short_momentum"": 0.10797846692710765, ""trend"": 0.10797846692710765, ""volume_momentum"": 0.10797846692710765}",0.07402350180714612,0.3521291984373541,-0.10667100099693208,0.1158086277068117,3036.TW,2010-01-07,2010-01-08
0.04016675683563801,381000,0,0.019577861910678524,0.019577861910678524,0.21934099262142645,D-1 estimated accounting; fill-day constraints require ledger audit,adaptive,V4_CAUSAL_7_EXPERTS_RIDGE_ANCHOR20,disabled,2010-01-07,risk_on,0.01785541942013002,0.0,0.04708143293641498,0.49107142857142855,0.08771799889657743,0.7232142857142857,0.8839285714285714,2009-12-21,2009-12-28,"{""long_momentum"": 0.10797846692710765, ""mean_reversion"": 0.2441507315102464, ""medium_momentum"": 0.10797846692710765, ""ridge"": 0.10797846692710765, ""risk_adjusted"": 0.10797846692710765, ""short_momentum"": 0.10797846692710765, ""trend"": 0.10797846692710765, ""volume_momentum"": 0.10797846692710765}",0.06327667900961123,0.7840430661457847,-0.08137338956562572,0.1000902933003647,3044.TW,2010-01-07,2010-01-08
0.0399766280193551,365000,0,0.011061681789407309,0.011061681789407309,0.11257562243861408,D-1 estimated accounting; fill-day constraints require ledger audit,adaptive,V4_CAUSAL_7_EXPERTS_RIDGE_ANCHOR20,disabled,2010-01-07,risk_on,0.01785541942013002,0.0,0.04708143293641498,0.49107142857142855,0.08771799889657743,0.7232142857142857,0.8839285714285714,2009-12-21,2009-12-28,"{""long_momentum"": 0.10797846692710765, ""mean_reversion"": 0.2441507315102464, ""medium_momentum"": 0.10797846692710765, ""ridge"": 0.10797846692710765, ""risk_adjusted"": 0.10797846692710765, ""short_momentum"": 0.10797846692710765, ""trend"": 0.10797846692710765, ""volume_momentum"": 0.10797846692710765}",0.06498977933680365,0.5680861322915693,-0.09385534419056309,0.09553988768275964,3211.TWO,2010-01-07,2010-01-08
0.03802714322379625,394000,0,0.03561375794375359,0.03561375794375359,0.26274754972634445,D-1 estimated accounting; fill-day constraints require ledger audit,adaptive,V4_CAUSAL_7_EXPERTS_RIDGE_ANCHOR20,disabled,2010-01-07,risk_on,0.01785541942013002,0.0,0.04708143293641498,0.49107142857142855,0.08771799889657743,0.7232142857142857,0.8839285714285714,2009-12-21,2009-12-28,"{""long_momentum"": 0.10797846692710765, ""mean_reversion"": 0.2441507315102464, ""medium_momentum"": 0.10797846692710765, ""ridge"": 0.10797846692710765, ""risk_adjusted"": 0.10797846692710765, ""short_momentum"": 0.10797846692710765, ""trend"": 0.10797846692710765, ""volume_momentum"": 0.10797846692710765}",0.08057837244561894,0.7840430661457847,-0.09574595805416056,0.14653465385504968,3260.TWO,2010-01-07,2010-01-08
0.039785221455650936,242000,0,0.003322974713827186,0.003322974713827186,0.009434023179813327,D-1 estimated accounting; fill-day constraints require ledger audit,adaptive,V4_CAUSAL_7_EXPERTS_RIDGE_ANCHOR20,disabled,2010-01-07,risk_on,0.01785541942013002,0.0,0.04708143293641498,0.49107142857142855,0.08771799889657743,0.7232142857142857,0.8839285714285714,2009-12-21,2009-12-28,"{""long_momentum"": 0.10797846692710765, ""mean_reversion"": 0.2441507315102464, ""medium_momentum"": 0.10797846692710765, ""ridge"": 0.10797846692710765, ""risk_adjusted"": 0.10797846692710765, ""short_momentum"": 0.10797846692710765, ""trend"": 0.10797846692710765, ""volume_momentum"": 0.10797846692710765}",0.06206542398283305,0.07978466927107654,-0.09448486425675057,0.08069199359778688,3443.TW,2010-01-07,2010-01-08
0.0385396732694105,954000,0,0.012895337389454828,0.012895337389454828,0.026549581426979604,D-1 estimated accounting; fill-day constraints require ledger audit,adaptive,V4_CAUSAL_7_EXPERTS_RIDGE_ANCHOR20,disabled,2010-01-07,risk_on,0.01785541942013002,0.0,0.04708143293641498,0.49107142857142855,0.08771799889657743,0.7232142857142857,0.8839285714285714,2009-12-21,2009-12-28,"{""long_momentum"": 0.10797846692710765, ""mean_reversion"": 0.2441507315102464, ""medium_momentum"": 0.10797846692710765, ""ridge"": 0.10797846692710765, ""risk_adjusted"": 0.10797846692710765, ""short_momentum"": 0.10797846692710765, ""trend"": 0.10797846692710765, ""volume_momentum"": 0.10797846692710765}",0.07388948507577095,0.13617226458313877,-0.10834898850697916,0.11370084319927076,6139.TW,2010-01-07,2010-01-08
0.0422837287631751,379000,0,0.017770472056955432,0.017770472056955432,0.20836339609304025,D-1 estimated accounting; fill-day constraints require ledger audit,adaptive,V4_CAUSAL_7_EXPERTS_RIDGE_ANCHOR20,disabled,2010-01-07,risk_on,0.01785541942013002,0.0,0.04708143293641498,0.49107142857142855,0.08771799889657743,0.7232142857142857,0.8839285714285714,2009-12-21,2009-12-28,"{""long_momentum"": 0.10797846692710765, ""mean_reversion"": 0.2441507315102464, ""medium_momentum"": 0.10797846692710765, ""ridge"": 0.10797846692710765, ""risk_adjusted"": 0.10797846692710765, ""short_momentum"": 0.10797846692710765, ""trend"": 0.10797846692710765, ""volume_momentum"": 0.10797846692710765}",0.05983062280968281,0.7558492684897535,-0.07286534486740873,0.08796746889470154,6239.TW,2010-01-07,2010-01-08
0.045404813776476975,3455000,0,0.01643374005453754,0.01643374005453754,0.11672756162797768,D-1 estimated accounting; fill-day constraints require ledger audit,adaptive,V4_CAUSAL_7_EXPERTS_RIDGE_ANCHOR20,disabled,2010-01-08,risk_on,0.016749498541955014,-0.007176305691695306,0.07250000239510712,0.42857142857142855,0.08773619379915833,0.7589285714285714,0.8660714285714286,2009-12-21,2009-12-28,"{""long_momentum"": 0.10797846692710765, ""mean_reversion"": 0.2441507315102464, ""medium_momentum"": 0.10797846692710765, ""ridge"": 0.10797846692710765, ""risk_adjusted"": 0.10797846692710765, ""short_momentum"": 0.10797846692710765, ""trend"": 0.10797846692710765, ""volume_momentum"": 0.10797846692710765}",0.07252533246392036,0.5116985369795071,-0.10258648845202406,0.11501514847448108,1605.TW,2010-01-08,2010-01-11
0.04152336324387214,2243000,0,0.03023095119877631,0.03023095119877631,0.1515092689300027,D-1 estimated accounting; fill-day constraints require ledger audit,adaptive,V4_CAUSAL_7_EXPERTS_RIDGE_ANCHOR20,disabled,2010-01-08,risk_on,0.016749498541955014,-0.007176305691695306,0.07250000239510712,0.42857142857142855,0.08773619379915833,0.7589285714285714,0.8660714285714286,2009-12-21,2009-12-28,"{""long_momentum"": 0.10797846692710765, ""mean_reversion"": 0.2441507315102464, ""medium_momentum"": 0.10797846692710765, ""ridge"": 0.10797846692710765, ""risk_adjusted"": 0.10797846692710765, ""short_momentum"": 0.10797846692710765, ""trend"": 0.10797846692710765, ""volume_momentum"": 0.10797846692710765}",0.08375600129677706,0.5116985369795071,-0.10560220487089297,0.14562528718182752,1815.TWO,2010-01-08,2010-01-11
0.03805678998230617,3544000,0,0.0131999750943643,0.0131999750943643,0.174989359080154,D-1 estimated accounting; fill-day constraints require ledger audit,adaptive,V4_CAUSAL_7_EXPERTS_RIDGE_ANCHOR20,disabled,2010-01-08,risk_on,0.016749498541955014,-0.007176305691695306,0.07250000239510712,0.42857142857142855,0.08773619379915833,0.7589285714285714,0.8660714285714286,2009-12-21,2009-12-28,"{""long_momentum"": 0.10797846692710765, ""mean_reversion"": 0.2441507315102464, ""medium_momentum"": 0.10797846692710765, ""ridge"": 0.10797846692710765, ""risk_adjusted"": 0.10797846692710765, ""short_momentum"": 0.10797846692710765, ""trend"": 0.10797846692710765, ""volume_momentum"": 0.10797846692710765}",0.06334535058584531,0.7840430661457847,-0.08791975756660547,0.09388088766871601,2313.TW,2010-01-08,2010-01-11
0.04239511934835771,3528000,0,0.021079430635981326,0.021079430635981326,0.2359058282572368,D-1 estimated accounting; fill-day constraints require ledger audit,adaptive,V4_CAUSAL_7_EXPERTS_RIDGE_ANCHOR20,disabled,2010-01-08,risk_on,0.016749498541955014,-0.007176305691695306,0.07250000239510712,0.42857142857142855,0.08773619379915833,0.7589285714285714,0.8660714285714286,2009-12-21,2009-12-28,"{""long_momentum"": 0.10797846692710765, ""mean_reversion"": 0.2441507315102464, ""medium_momentum"": 0.10797846692710765, ""ridge"": 0.10797846692710765, ""risk_adjusted"": 0.10797846692710765, ""short_momentum"": 0.10797846692710765, ""trend"": 0.10797846692710765, ""volume_momentum"": 0.10797846692710765}",0.060596667662339766,0.7840430661457847,-0.07230530079330985,0.09402534197865445,2327.TW,2010-01-08,2010-01-11
0.03975152618331982,4225000,0,0.04516966594617236,0.04516966594617236,0.3212115153267629,D-1 estimated accounting; fill-day constraints require ledger audit,adaptive,V4_CAUSAL_7_EXPERTS_RIDGE_ANCHOR20,disabled,2010-01-08,risk_on,0.016749498541955014,-0.007176305691695306,0.07250000239510712,0.42857142857142855,0.08773619379915833,0.7589285714285714,0.8660714285714286,2009-12-21,2009-12-28,"{""long_momentum"": 0.10797846692710765, ""mean_reversion"": 0.2441507315102464, ""medium_momentum"": 0.10797846692710765, ""ridge"": 0.10797846692710765, ""risk_adjusted"": 0.10797846692710765, ""short_momentum"": 0.10797846692710765, ""trend"": 0.10797846692710765, ""volume_momentum"": 0.10797846692710765}",0.07228914028912632,0.7840430661457847,-0.07345825714762941,0.14335876895335609,2344.TW,2010-01-08,2010-01-11
0.03975065700917382,567000,0,-0.002524877598673639,-0.002524877598673639,0.008716447146186168,D-1 estimated accounting; fill-day constraints require ledger audit,adaptive,V4_CAUSAL_7_EXPERTS_RIDGE_ANCHOR20,disabled,2010-01-08,risk_on,0.016749498541955014,-0.007176305691695306,0.07250000239510712,0.42857142857142855,0.08773619379915833,0.7589285714285714,0.8660714285714286,2009-12-21,2009-12-28,"{""long_momentum"": 0.10797846692710765, ""mean_reversion"": 0.2441507315102464, ""medium_momentum"": 0.10797846692710765, ""ridge"": 0.10797846692710765, ""risk_adjusted"": 0.10797846692710765, ""short_momentum"": 0.10797846692710765, ""trend"": 0.10797846692710765, ""volume_momentum"": 0.10797846692710765}",0.06135294159147626,0.07978466927107654,-0.0982932232077481,0.07280464792378277,2360.TW,2010-01-08,2010-01-11
0.041059019738348086,1316000,0,-1.9355495954511814e-07,-1.9355495954511814e-07,0.023075934837872156,D-1 estimated accounting; fill-day constraints require ledger audit,adaptive,V4_CAUSAL_7_EXPERTS_RIDGE_ANCHOR20,disabled,2010-01-08,risk_on,0.016749498541955014,-0.007176305691695306,0.07250000239510712,0.42857142857142855,0.08773619379915833,0.7589285714285714,0.8660714285714286,2009-12-21,2009-12-28,"{""long_momentum"": 0.10797846692710765, ""mean_reversion"": 0.2441507315102464, ""medium_momentum"": 0.10797846692710765, ""ridge"": 0.10797846692710765, ""risk_adjusted"": 0.10797846692710765, ""short_momentum"": 0.10797846692710765, ""trend"": 0.10797846692710765, ""volume_momentum"": 0.10797846692710765}",0.059082378538871425,0.29574160312529185,-0.08741052358691893,0.06697131639038179,2376.TW,2010-01-08,2010-01-11
0.04171322666688068,1956000,0,0.001294273095547471,0.001294273095547471,0.04915621116332989,D-1 estimated accounting; fill-day constraints require ledger audit,adaptive,V4_CAUSAL_7_EXPERTS_RIDGE_ANCHOR20,disabled,2010-01-08,risk_on,0.016749498541955014,-0.007176305691695306,0.07250000239510712,0.42857142857142855,0.08773619379915833,0.7589285714285714,0.8660714285714286,2009-12-21,2009-12-28,"{""long_momentum"": 0.10797846692710765, ""mean_reversion"": 0.2441507315102464, ""medium_momentum"": 0.10797846692710765, ""ridge"": 0.10797846692710765, ""risk_adjusted"": 0.10797846692710765, ""short_momentum"": 0.10797846692710765, ""trend"": 0.10797846692710765, ""volume_momentum"": 0.10797846692710765}",0.05922685349493681,0.5116985369795071,-0.0867986095439226,0.06894833564839949,2377.TW,2010-01-08,2010-01-11
0.04229708161747879,574000,0,0.012869054605605446,0.012869054605605446,0.13220964739386326,D-1 estimated accounting; fill-day constraints require ledger audit,adaptive,V4_CAUSAL_7_EXPERTS_RIDGE_ANCHOR20,disabled,2010-01-08,risk_on,0.016749498541955014,-0.007176305691695306,0.07250000239510712,0.42857142857142855,0.08773619379915833,0.7589285714285714,0.8660714285714286,2009-12-21,2009-12-28,"{""long_momentum"": 0.10797846692710765, ""mean_reversion"": 0.2441507315102464, ""medium_momentum"": 0.10797846692710765, ""ridge"": 0.10797846692710765, ""risk_adjusted"": 0.10797846692710765, ""short_momentum"": 0.10797846692710765, ""trend"": 0.10797846692710765, ""volume_momentum"": 0.10797846692710765}",0.05891174255032461,0.5680861322915693,-0.07368462222408967,0.07898391134868252,2395.TW,2010-01-08,2010-01-11
0.039680356159130264,1492000,0,0.0135363364334255,0.0135363364334255,0.026900577878361212,D-1 estimated accounting; fill-day constraints require ledger audit,adaptive,V4_CAUSAL_7_EXPERTS_RIDGE_ANCHOR20,disabled,2010-01-08,risk_on,0.016749498541955014,-0.007176305691695306,0.07250000239510712,0.42857142857142855,0.08773619379915833,0.7589285714285714,0.8660714285714286,2009-12-21,2009-12-28,"{""long_momentum"": 0.10797846692710765, ""mean_reversion"": 0.2441507315102464, ""medium_momentum"": 0.10797846692710765, ""ridge"": 0.10797846692710765, ""risk_adjusted"": 0.10797846692710765, ""short_momentum"": 0.10797846692710765, ""trend"": 0.10797846692710765, ""volume_momentum"": 0.10797846692710765}",0.07529565931878854,0.13617226458313877,-0.10993369275254716,0.1165675455327801,2404.TW,2010-01-08,2010-01-11
0.04131133588014078,1262000,0,0.044773394726755886,0.044773394726755886,0.32529768725682634,D-1 estimated accounting; fill-day constraints require ledger audit,adaptive,V4_CAUSAL_7_EXPERTS_RIDGE_ANCHOR20,disabled,2010-01-08,risk_on,0.016749498541955014,-0.007176305691695306,0.07250000239510712,0.42857142857142855,0.08773619379915833,0.7589285714285714,0.8660714285714286,2009-12-21,2009-12-28,"{""long_momentum"": 0.10797846692710765, ""mean_reversion"": 0.2441507315102464, ""medium_momentum"": 0.10797846692710765, ""ridge"": 0.10797846692710765, ""risk_adjusted"": 0.10797846692710765, ""short_momentum"": 0.10797846692710765, ""trend"": 0.10797846692710765, ""volume_momentum"": 0.10797846692710765}",0.07019206012518663,0.7840430661457847,-0.07026341537879774,0.13937138474569147,2408.TW,2010-01-08,2010-01-11
0.04151249856704723,2715000,0,0.0015537239969631476,0.0015537239969631476,0.05076025164199537,D-1 estimated accounting; fill-day constraints require ledger audit,adaptive,V4_CAUSAL_7_EXPERTS_RIDGE_ANCHOR20,disabled,2010-01-08,risk_on,0.016749498541955014,-0.007176305691695306,0.07250000239510712,0.42857142857142855,0.08773619379915833,0.7589285714285714,0.8660714285714286,2009-12-21,2009-12-28,"{""long_momentum"": 0.10797846692710765, ""mean_reversion"": 0.2441507315102464, ""medium_momentum"": 0.10797846692710765, ""ridge"": 0.10797846692710765, ""risk_adjusted"": 0.10797846692710765, ""short_momentum"": 0.10797846692710765, ""trend"": 0.10797846692710765, ""volume_momentum"": 0.10797846692710765}",0.05951235866680088,0.5116985369795071,-0.08779560648377556,0.07046423439108379,2449.TW,2010-01-08,2010-01-11
0.03969109301622783,343000,0,0.002352779507452931,0.002352779507452931,0.03804484845003748,D-1 estimated accounting; fill-day constraints require ledger audit,adaptive,V4_CAUSAL_7_EXPERTS_RIDGE_ANCHOR20,disabled,2010-01-08,risk_on,0.016749498541955014,-0.007176305691695306,0.07250000239510712,0.42857142857142855,0.08773619379915833,0.7589285714285714,0.8660714285714286,2009-12-21,2009-12-28,"{""long_momentum"": 0.10797846692710765, ""mean_reversion"": 0.2441507315102464, ""medium_momentum"": 0.10797846692710765, ""ridge"": 0.10797846692710765, ""risk_adjusted"": 0.10797846692710765, ""short_momentum"": 0.10797846692710765, ""trend"": 0.10797846692710765, ""volume_momentum"": 0.10797846692710765}",0.060701857578200985,0.3521291984373541,-0.09138002988214751,0.07564676881043532,2451.TW,2010-01-08,2010-01-11
0.04340106060261733,3277000,0,0.012735347275617545,0.012735347275617545,0.17480984021669255,D-1 estimated accounting; fill-day constraints require ledger audit,adaptive,V4_CAUSAL_7_EXPERTS_RIDGE_ANCHOR20,disabled,2010-01-08,risk_on,0.016749498541955014,-0.007176305691695306,0.07250000239510712,0.42857142857142855,0.08773619379915833,0.7589285714285714,0.8660714285714286,2009-12-21,2009-12-28,"{""long_momentum"": 0.10797846692710765, ""mean_reversion"": 0.2441507315102464, ""medium_momentum"": 0.10797846692710765, ""ridge"": 0.10797846692710765, ""risk_adjusted"": 0.10797846692710765, ""short_momentum"": 0.10797846692710765, ""trend"": 0.10797846692710765, ""volume_momentum"": 0.10797846692710765}",0.05894940484171322,0.7558492684897535,-0.07401267102298385,0.0790445454876009,2887.TW,2010-01-08,2010-01-11
0.041235973368894084,3200000,0,0.008386915970856713,0.008386915970856713,0.14537181214218697,D-1 estimated accounting; fill-day constraints require ledger audit,adaptive,V4_CAUSAL_7_EXPERTS_RIDGE_ANCHOR20,disabled,2010-01-08,risk_on,0.016749498541955014,-0.007176305691695306,0.07250000239510712,0.42857142857142855,0.08773619379915833,0.7589285714285714,0.8660714285714286,2009-12-21,2009-12-28,"{""long_momentum"": 0.10797846692710765, ""mean_reversion"": 0.2441507315102464, ""medium_momentum"": 0.10797846692710765, ""ridge"": 0.10797846692710765, ""risk_adjusted"": 0.10797846692710765, ""short_momentum"": 0.10797846692710765, ""trend"": 0.10797846692710765, ""volume_momentum"": 0.10797846692710765}",0.05881359174353086,0.7840430661457847,-0.07764448994265376,0.07397950179774912,2890.TW,2010-01-08,2010-01-11
0.040032959659003275,1514000,0,0.011736736260091802,0.011736736260091802,0.07163561203661485,D-1 estimated accounting; fill-day constraints require ledger audit,adaptive,V4_CAUSAL_7_EXPERTS_RIDGE_ANCHOR20,disabled,2010-01-08,risk_on,0.016749498541955014,-0.007176305691695306,0.07250000239510712,0.42857142857142855,0.08773619379915833,0.7589285714285714,0.8660714285714286,2009-12-21,2009-12-28,"{""long_momentum"": 0.10797846692710765, ""mean_reversion"": 0.2441507315102464, ""medium_momentum"": 0.10797846692710765, ""ridge"": 0.10797846692710765, ""risk_adjusted"": 0.10797846692710765, ""short_momentum"": 0.10797846692710765, ""trend"": 0.10797846692710765, ""volume_momentum"": 0.10797846692710765}",0.0655337065569697,0.3521291984373541,-0.09435287812942668,0.09738753056299224,3036.TW,2010-01-08,2010-01-11
0.040180898211440386,381000,0,0.011149801450100793,0.011149801450100793,0.11875736277319904,D-1 estimated accounting; fill-day constraints require ledger audit,adaptive,V4_CAUSAL_7_EXPERTS_RIDGE_ANCHOR20,disabled,2010-01-08,risk_on,0.016749498541955014,-0.007176305691695306,0.07250000239510712,0.42857142857142855,0.08773619379915833,0.7589285714285714,0.8660714285714286,2009-12-21,2009-12-28,"{""long_momentum"": 0.10797846692710765, ""mean_reversion"": 0.2441507315102464, ""medium_momentum"": 0.10797846692710765, ""ridge"": 0.10797846692710765, ""risk_adjusted"": 0.10797846692710765, ""short_momentum"": 0.10797846692710765, ""trend"": 0.10797846692710765, ""volume_momentum"": 0.10797846692710765}",0.06110417277788719,0.5680861322915693,-0.08386300616936249,0.08572378898294601,3044.TW,2010-01-08,2010-01-11
0.040738192222694765,365000,0,0.0024122427112830943,0.0024122427112830943,0.03286352719470553,D-1 estimated accounting; fill-day constraints require ledger audit,adaptive,V4_CAUSAL_7_EXPERTS_RIDGE_ANCHOR20,disabled,2010-01-08,risk_on,0.016749498541955014,-0.007176305691695306,0.07250000239510712,0.42857142857142855,0.08773619379915833,0.7589285714285714,0.8660714285714286,2009-12-21,2009-12-28,"{""long_momentum"": 0.10797846692710765, ""mean_reversion"": 0.2441507315102464, ""medium_momentum"": 0.10797846692710765, ""ridge"": 0.10797846692710765, ""risk_adjusted"": 0.10797846692710765, ""short_momentum"": 0.10797846692710765, ""trend"": 0.10797846692710765, ""volume_momentum"": 0.10797846692710765}",0.05929114336170609,0.29574160312529185,-0.08597349781315396,0.0703591631491021,3211.TWO,2010-01-08,2010-01-11
0.03953310783322085,394000,0,0.025692969781195327,0.025692969781195327,0.25226615118390805,D-1 estimated accounting; fill-day constraints require ledger audit,adaptive,V4_CAUSAL_7_EXPERTS_RIDGE_ANCHOR20,disabled,2010-01-08,risk_on,0.016749498541955014,-0.007176305691695306,0.07250000239510712,0.42857142857142855,0.08773619379915833,0.7589285714285714,0.8660714285714286,2009-12-21,2009-12-28,"{""long_momentum"": 0.10797846692710765, ""mean_reversion"": 0.2441507315102464, ""medium_momentum"": 0.10797846692710765, ""ridge"": 0.10797846692710765, ""risk_adjusted"": 0.10797846692710765, ""short_momentum"": 0.10797846692710765, ""trend"": 0.10797846692710765, ""volume_momentum"": 0.10797846692710765}",0.06470076427084015,0.7840430661457847,-0.07858589318823501,0.10953301266400761,3260.TWO,2010-01-08,2010-01-11
0.03942727309897347,242000,0,-0.005774511822682672,-0.005774511822682672,0.020688987748457663,D-1 estimated accounting; fill-day constraints require ledger audit,adaptive,V4_CAUSAL_7_EXPERTS_RIDGE_ANCHOR20,disabled,2010-01-08,risk_on,0.016749498541955014,-0.007176305691695306,0.07250000239510712,0.42857142857142855,0.08773619379915833,0.7589285714285714,0.8660714285714286,2009-12-21,2009-12-28,"{""long_momentum"": 0.10797846692710765, ""mean_reversion"": 0.2441507315102464, ""medium_momentum"": 0.10797846692710765, ""ridge"": 0.10797846692710765, ""risk_adjusted"": 0.10797846692710765, ""short_momentum"": 0.10797846692710765, ""trend"": 0.10797846692710765, ""volume_momentum"": 0.10797846692710765}",0.060141943467976904,0.13617226458313877,-0.09757829055027048,0.06559044681828709,3443.TW,2010-01-08,2010-01-11
0.03767481350908769,954000,0,0.004323809984988063,0.004323809984988063,0.016324291636236492,D-1 estimated accounting; fill-day constraints require ledger audit,adaptive,V4_CAUSAL_7_EXPERTS_RIDGE_ANCHOR20,disabled,2010-01-08,risk_on,0.016749498541955014,-0.007176305691695306,0.07250000239510712,0.42857142857142855,0.08773619379915833,0.7589285714285714,0.8660714285714286,2009-12-21,2009-12-28,"{""long_momentum"": 0.10797846692710765, ""mean_reversion"": 0.2441507315102464, ""medium_momentum"": 0.10797846692710765, ""ridge"": 0.10797846692710765, ""risk_adjusted"": 0.10797846692710765, ""short_momentum"": 0.10797846692710765, ""trend"": 0.10797846692710765, ""volume_momentum"": 0.10797846692710765}",0.06845257066851376,0.13617226458313877,-0.10755872792589735,0.0957675278092554,6139.TW,2010-01-08,2010-01-11
0.04229861545420701,379000,0,0.01240721754338221,0.01240721754338221,0.11374610083148906,D-1 estimated accounting; fill-day constraints require ledger audit,adaptive,V4_CAUSAL_7_EXPERTS_RIDGE_ANCHOR20,disabled,2010-01-08,risk_on,0.016749498541955014,-0.007176305691695306,0.07250000239510712,0.42857142857142855,0.08773619379915833,0.7589285714285714,0.8660714285714286,2009-12-21,2009-12-28,"{""long_momentum"": 0.10797846692710765, ""mean_reversion"": 0.2441507315102464, ""medium_momentum"": 0.10797846692710765, ""ridge"": 0.10797846692710765, ""risk_adjusted"": 0.10797846692710765, ""short_momentum"": 0.10797846692710765, ""trend"": 0.10797846692710765, ""volume_momentum"": 0.10797846692710765}",0.06090094145917092,0.5116985369795071,-0.0819686349419843,0.08634424994213066,6239.TW,2010-01-08,2010-01-11
0.04619512338225141,3455000,0,0.0160253636928285,0.0160253636928285,0.11587480415660496,D-1 estimated accounting; fill-day constraints require ledger audit,adaptive,V4_CAUSAL_7_EXPERTS_RIDGE_ANCHOR20,disabled,2010-01-11,risk_on,0.016718965885115775,0.003116130375150128,0.06103200869922221,0.5446428571428571,0.08284916510800606,0.7678571428571429,0.9196428571428571,2009-12-21,2009-12-28,"{""long_momentum"": 0.10797846692710765, ""mean_reversion"": 0.2441507315102464, ""medium_momentum"": 0.10797846692710765, ""ridge"": 0.10797846692710765, ""risk_adjusted"": 0.10797846692710765, ""short_momentum"": 0.10797846692710765, ""trend"": 0.10797846692710765, ""volume_momentum"": 0.10797846692710765}",0.07182180804039888,0.5116985369795071,-0.10181955575579962,0.11343146305483856,1605.TW,2010-01-11,2010-01-12
0.04006619136637837,2243000,0,0.02467188301713124,0.02467188301713124,0.16133364220458557,D-1 estimated accounting; fill-day constraints require ledger audit,adaptive,V4_CAUSAL_7_EXPERTS_RIDGE_ANCHOR20,disabled,2010-01-11,risk_on,0.016718965885115775,0.003116130375150128,0.06103200869922221,0.5446428571428571,0.08284916510800606,0.7678571428571429,0.9196428571428571,2009-12-21,2009-12-28,"{""long_momentum"": 0.10797846692710765, ""mean_reversion"": 0.2441507315102464, ""medium_momentum"": 0.10797846692710765, ""ridge"": 0.10797846692710765, ""risk_adjusted"": 0.10797846692710765, ""short_momentum"": 0.10797846692710765, ""trend"": 0.10797846692710765, ""volume_momentum"": 0.10797846692710765}",0.06443780744680594,0.5116985369795071,-0.07901647360372452,0.10792141955136894,1815.TWO,2010-01-11,2010-01-12
0.0372568509044088,3544000,0,0.014584913238360692,0.014584913238360692,0.13173494651500042,D-1 estimated accounting; fill-day constraints require ledger audit,adaptive,V4_CAUSAL_7_EXPERTS_RIDGE_ANCHOR20,disabled,2010-01-11,risk_on,0.016718965885115775,0.003116130375150128,0.06103200869922221,0.5446428571428571,0.08284916510800606,0.7678571428571429,0.9196428571428571,2009-12-21,2009-12-28,"{""long_momentum"": 0.10797846692710765, ""mean_reversion"": 0.2441507315102464, ""medium_momentum"": 0.10797846692710765, ""ridge"": 0.10797846692710765, ""risk_adjusted"": 0.10797846692710765, ""short_momentum"": 0.10797846692710765, ""trend"": 0.10797846692710765, ""volume_momentum"": 0.10797846692710765}",0.06487192913474028,0.5680861322915693,-0.09007322057166274,0.09880422696176606,2313.TW,2010-01-11,2010-01-12
0.042489935078173516,3528000,0,0.027452127585209547,0.027452127585209547,0.2685766576955282,D-1 estimated accounting; fill-day constraints require ledger audit,adaptive,V4_CAUSAL_7_EXPERTS_RIDGE_ANCHOR20,disabled,2010-01-11,risk_on,0.016718965885115775,0.003116130375150128,0.06103200869922221,0.5446428571428571,0.08284916510800606,0.7678571428571429,0.9196428571428571,2009-12-21,2009-12-28,"{""long_momentum"": 0.10797846692710765, ""mean_reversion"": 0.2441507315102464, ""medium_momentum"": 0.10797846692710765, ""ridge"": 0.10797846692710765, ""risk_adjusted"": 0.10797846692710765, ""short_momentum"": 0.10797846692710765, ""trend"": 0.10797846692710765, ""volume_momentum"": 0.10797846692710765}",0.06228382539439122,0.7840430661457847,-0.07094935006409714,0.10541478514789818,2327.TW,2010-01-11,2010-01-12
0.03911103703985458,4225000,0,0.036017397471288674,0.036017397471288674,0.2943737931787411,D-1 estimated accounting; fill-day constraints require ledger audit,adaptive,V4_CAUSAL_7_EXPERTS_RIDGE_ANCHOR20,disabled,2010-01-11,risk_on,0.016718965885115775,0.003116130375150128,0.06103200869922221,0.5446428571428571,0.08284916510800606,0.7678571428571429,0.9196428571428571,2009-12-21,2009-12-28,"{""long_momentum"": 0.10797846692710765, ""mean_reversion"": 0.2441507315102464, ""medium_momentum"": 0.10797846692710765, ""ridge"": 0.10797846692710765, ""risk_adjusted"": 0.10797846692710765, ""short_momentum"": 0.10797846692710765, ""trend"": 0.10797846692710765, ""volume_momentum"": 0.10797846692710765}",0.06822944047390378,0.7840430661457847,-0.07544670649824836,0.12704268135420765,2344.TW,2010-01-11,2010-01-12
0.039207438778653646,567000,0,-0.001029755976930503,-0.001029755976930503,0.006598640202631096,D-1 estimated accounting; fill-day constraints require ledger audit,adaptive,V4_CAUSAL_7_EXPERTS_RIDGE_ANCHOR20,disabled,2010-01-11,risk_on,0.016718965885115775,0.003116130375150128,0.06103200869922221,0.5446428571428571,0.08284916510800606,0.7678571428571429,0.9196428571428571,2009-12-21,2009-12-28,"{""long_momentum"": 0.10797846692710765, ""mean_reversion"": 0.2441507315102464, ""medium_momentum"": 0.10797846692710765, ""ridge"": 0.10797846692710765, ""risk_adjusted"": 0.10797846692710765, ""short_momentum"": 0.10797846692710765, ""trend"": 0.10797846692710765, ""volume_momentum"": 0.10797846692710765}",0.06687649010281087,0.07978466927107654,-0.10987696010382911,0.08737862806335005,2360.TW,2010-01-11,2010-01-12
0.041379526651906993,1316000,0,0.0018897499016192667,0.0018897499016192667,0.053608885377346725,D-1 estimated accounting; fill-day constraints require ledger audit,adaptive,V4_CAUSAL_7_EXPERTS_RIDGE_ANCHOR20,disabled,2010-01-11,risk_on,0.016718965885115775,0.003116130375150128,0.06103200869922221,0.5446428571428571,0.08284916510800606,0.7678571428571429,0.9196428571428571,2009-12-21,2009-12-28,"{""long_momentum"": 0.10797846692710765, ""mean_reversion"": 0.2441507315102464, ""medium_momentum"": 0.10797846692710765, ""ridge"": 0.10797846692710765, ""risk_adjusted"": 0.10797846692710765, ""short_momentum"": 0.10797846692710765, ""trend"": 0.10797846692710765, ""volume_momentum"": 0.10797846692710765}",0.058873134739571696,0.5116985369795071,-0.08446131415927977,0.06780199387590023,2376.TW,2010-01-11,2010-01-12
0.042428016108167335,1956000,0,0.0074299885132625915,0.0074299885132625915,0.08820259021945276,D-1 estimated accounting; fill-day constraints require ledger audit,adaptive,V4_CAUSAL_7_EXPERTS_RIDGE_ANCHOR20,disabled,2010-01-11,risk_on,0.016718965885115775,0.003116130375150128,0.06103200869922221,0.5446428571428571,0.08284916510800606,0.7678571428571429,0.9196428571428571,2009-12-21,2009-12-28,"{""long_momentum"": 0.10797846692710765, ""mean_reversion"": 0.2441507315102464, ""medium_momentum"": 0.10797846692710765, ""ridge"": 0.10797846692710765, ""risk_adjusted"": 0.10797846692710765, ""short_momentum"": 0.10797846692710765, ""trend"": 0.10797846692710765, ""volume_momentum"": 0.10797846692710765}",0.05968135108666881,0.5116985369795071,-0.08261550767907407,0.07703666461898119,2377.TW,2010-01-11,2010-01-12
0.041977540931653505,574000,0,0.009255090646085831,0.009255090646085831,0.11044265812798691,D-1 estimated accounting; fill-day constraints require ledger audit,adaptive,V4_CAUSAL_7_EXPERTS_RIDGE_ANCHOR20,disabled,2010-01-11,risk_on,0.016718965885115775,0.003116130375150128,0.06103200869922221,0.5446428571428571,0.08284916510800606,0.7678571428571429,0.9196428571428571,2009-12-21,2009-12-28,"{""long_momentum"": 0.10797846692710765, ""mean_reversion"": 0.2441507315102464, ""medium_momentum"": 0.10797846692710765, ""ridge"": 0.10797846692710765, ""risk_adjusted"": 0.10797846692710765, ""short_momentum"": 0.10797846692710765, ""trend"": 0.10797846692710765, ""volume_momentum"": 0.10797846692710765}",0.059069107158136624,0.5680861322915693,-0.07809069866542574,0.07616205987097935,2395.TW,2010-01-11,2010-01-12
0.040362136999700024,1492000,0,-0.001680676459873611,-0.001680676459873611,0.03562244704122985,D-1 estimated accounting; fill-day constraints require ledger audit,adaptive,V4_CAUSAL_7_EXPERTS_RIDGE_ANCHOR20,disabled,2010-01-11,risk_on,0.016718965885115775,0.003116130375150128,0.06103200869922221,0.5446428571428571,0.08284916510800606,0.7678571428571429,0.9196428571428571,2009-12-21,2009-12-28,"{""long_momentum"": 0.10797846692710765, ""mean_reversion"": 0.2441507315102464, ""medium_momentum"": 0.10797846692710765, ""ridge"": 0.10797846692710765, ""risk_adjusted"": 0.10797846692710765, ""short_momentum"": 0.10797846692710765, ""trend"": 0.10797846692710765, ""volume_momentum"": 0.10797846692710765}",0.05935805591895,0.352129198437354,-0.09036477946071224,0.06656460645434696,2404.TW,2010-01-11,2010-01-12
0.04090619222647453,1262000,0,0.04827843886180133,0.04827843886180133,0.33574536641548525,D-1 estimated accounting; fill-day constraints require ledger audit,adaptive,V4_CAUSAL_7_EXPERTS_RIDGE_ANCHOR20,disabled,2010-01-11,risk_on,0.016718965885115775,0.003116130375150128,0.06103200869922221,0.5446428571428571,0.08284916510800606,0.7678571428571429,0.9196428571428571,2009-12-21,2009-12-28,"{""long_momentum"": 0.10797846692710765, ""mean_reversion"": 0.2441507315102464, ""medium_momentum"": 0.10797846692710765, ""ridge"": 0.10797846692710765, ""risk_adjusted"": 0.10797846692710765, ""short_momentum"": 0.10797846692710765, ""trend"": 0.10797846692710765, ""volume_momentum"": 0.10797846692710765}",0.07113903563872183,0.7840430661457847,-0.06840539858507683,0.14452345622206142,2408.TW,2010-01-11,2010-01-12
0.04156760520439382,2715000,0,0.0032777814770151093,0.0032777814770151093,0.02690242405969149,D-1 estimated accounting; fill-day constraints require ledger audit,adaptive,V4_CAUSAL_7_EXPERTS_RIDGE_ANCHOR20,disabled,2010-01-11,risk_on,0.016718965885115775,0.003116130375150128,0.06103200869922221,0.5446428571428571,0.08284916510800606,0.7678571428571429,0.9196428571428571,2009-12-21,2009-12-28,"{""long_momentum"": 0.10797846692710765, ""mean_reversion"": 0.2441507315102464, ""medium_momentum"": 0.10797846692710765, ""ridge"": 0.10797846692710765, ""risk_adjusted"": 0.10797846692710765, ""short_momentum"": 0.10797846692710765, ""trend"": 0.10797846692710765, ""volume_momentum"": 0.10797846692710765}",0.05817140923252651,0.2159569338542153,-0.07839744069610081,0.06451418356351299,2449.TW,2010-01-11,2010-01-12
0.03873494626752287,343000,0,0.005689821812820689,0.005689821812820689,0.018575922263604636,D-1 estimated accounting; fill-day constraints require ledger audit,adaptive,V4_CAUSAL_7_EXPERTS_RIDGE_ANCHOR20,disabled,2010-01-11,risk_on,0.016718965885115775,0.003116130375150128,0.06103200869922221,0.5446428571428571,0.08284916510800606,0.7678571428571429,0.9196428571428571,2009-12-21,2009-12-28,"{""long_momentum"": 0.10797846692710765, ""mean_reversion"": 0.2441507315102464, ""medium_momentum"": 0.10797846692710765, ""ridge"": 0.10797846692710765, ""risk_adjusted"": 0.10797846692710765, ""short_momentum"": 0.10797846692710765, ""trend"": 0.10797846692710765, ""volume_momentum"": 0.10797846692710765}",0.06767276086734382,0.13617226458313877,-0.10471481951069703,0.09565564304972035,2451.TW,2010-01-11,2010-01-12
0.04448445557143387,3277000,0,0.016938188471053075,0.016938188471053075,0.12775682314083772,D-1 estimated accounting; fill-day constraints require ledger audit,adaptive,V4_CAUSAL_7_EXPERTS_RIDGE_ANCHOR20,disabled,2010-01-11,risk_on,0.016718965885115775,0.003116130375150128,0.06103200869922221,0.5446428571428571,0.08284916510800606,0.7678571428571429,0.9196428571428571,2009-12-21,2009-12-28,"{""long_momentum"": 0.10797846692710765, ""mean_reversion"": 0.2441507315102464, ""medium_momentum"": 0.10797846692710765, ""ridge"": 0.10797846692710765, ""risk_adjusted"": 0.10797846692710765, ""short_momentum"": 0.10797846692710765, ""trend"": 0.10797846692710765, ""volume_momentum"": 0.10797846692710765}",0.06592983038413884,0.5116985369795071,-0.0899839613154937,0.1034215181709818,2887.TW,2010-01-11,2010-01-12
0.04131638307928018,3200000,0,0.013026036317209104,0.013026036317209104,0.18373056095196272,D-1 estimated accounting; fill-day constraints require ledger audit,adaptive,V4_CAUSAL_7_EXPERTS_RIDGE_ANCHOR20,disabled,2010-01-11,risk_on,0.016718965885115775,0.003116130375150128,0.06103200869922221,0.5446428571428571,0.08284916510800606,0.7678571428571429,0.9196428571428571,2009-12-21,2009-12-28,"{""long_momentum"": 0.10797846692710765, ""mean_reversion"": 0.2441507315102464, ""medium_momentum"": 0.10797846692710765, ""ridge"": 0.10797846692710765, ""risk_adjusted"": 0.10797846692710765, ""short_momentum"": 0.10797846692710765, ""trend"": 0.10797846692710765, ""volume_momentum"": 0.10797846692710765}",0.05889741458487075,0.7840430661457847,-0.07345285815630787,0.07906611070410802,2890.TW,2010-01-11,2010-01-12
0.04033886954990784,1514000,0,0.010644397724799368,0.010644397724799368,0.07088754667808433,D-1 estimated accounting; fill-day constraints require ledger audit,adaptive,V4_CAUSAL_7_EXPERTS_RIDGE_ANCHOR20,disabled,2010-01-11,risk_on,0.016718965885115775,0.003116130375150128,0.06103200869922221,0.5446428571428571,0.08284916510800606,0.7678571428571429,0.9196428571428571,2009-12-21,2009-12-28,"{""long_momentum"": 0.10797846692710765, ""mean_reversion"": 0.2441507315102464, ""medium_momentum"": 0.10797846692710765, ""ridge"": 0.10797846692710765, ""risk_adjusted"": 0.10797846692710765, ""short_momentum"": 0.10797846692710765, ""trend"": 0.10797846692710765, ""volume_momentum"": 0.10797846692710765}",0.062068112991443096,0.3521291984373541,-0.08717083229637085,0.08802080765935155,3036.TW,2010-01-11,2010-01-12
0.04282537414601085,381000,0,-0.0016575870567456718,-0.0016575870567456718,0.033417180453782995,D-1 estimated accounting; fill-day constraints require ledger audit,adaptive,V4_CAUSAL_7_EXPERTS_RIDGE_ANCHOR20,disabled,2010-01-11,risk_on,0.016718965885115775,0.003116130375150128,0.06103200869922221,0.5446428571428571,0.08284916510800606,0.7678571428571429,0.9196428571428571,2009-12-21,2009-12-28,"{""long_momentum"": 0.10797846692710765, ""mean_reversion"": 0.2441507315102464, ""medium_momentum"": 0.10797846692710765, ""ridge"": 0.10797846692710765, ""risk_adjusted"": 0.10797846692710765, ""short_momentum"": 0.10797846692710765, ""trend"": 0.10797846692710765, ""volume_momentum"": 0.10797846692710765}",0.09528630858286415,0.5116985369795071,-0.15263168545135034,0.12887769125124093,3044.TW,2010-01-11,2010-01-12
0.03991030965779257,365000,0,0.007552490829565131,0.007552490829565131,0.09871747154889965,D-1 estimated accounting; fill-day constraints require ledger audit,adaptive,V4_CAUSAL_7_EXPERTS_RIDGE_ANCHOR20,disabled,2010-01-11,risk_on,0.016718965885115775,0.003116130375150128,0.06103200869922221,0.5446428571428571,0.08284916510800606,0.7678571428571429,0.9196428571428571,2009-12-21,2009-12-28,"{""long_momentum"": 0.10797846692710765, ""mean_reversion"": 0.2441507315102464, ""medium_momentum"": 0.10797846692710765, ""ridge"": 0.10797846692710765, ""risk_adjusted"": 0.10797846692710765, ""short_momentum"": 0.10797846692710765, ""trend"": 0.10797846692710765, ""volume_momentum"": 0.10797846692710765}",0.059682908376954884,0.5680861322915693,-0.08249927754129698,0.07716543911380919,3211.TWO,2010-01-11,2010-01-12
0.03844716465167216,394000,0,0.025950818854716486,0.025950818854716486,0.24327132507326588,D-1 estimated accounting; fill-day constraints require ledger audit,adaptive,V4_CAUSAL_7_EXPERTS_RIDGE_ANCHOR20,disabled,2010-01-11,risk_on,0.016718965885115775,0.003116130375150128,0.06103200869922221,0.5446428571428571,0.08284916510800606,0.7678571428571429,0.9196428571428571,2009-12-21,2009-12-28,"{""long_momentum"": 0.10797846692710765, ""mean_reversion"": 0.2441507315102464, ""medium_momentum"": 0.10797846692710765, ""ridge"": 0.10797846692710765, ""risk_adjusted"": 0.10797846692710765, ""short_momentum"": 0.10797846692710765, ""trend"": 0.10797846692710765, ""volume_momentum"": 0.10797846692710765}",0.06880107301854999,0.7840430661457847,-0.0865785418752068,0.11804135949802172,3260.TWO,2010-01-11,2010-01-12
0.0394717488442754,242000,0,-0.0028173167081783235,-0.0028173167081783235,0.009343341991718417,D-1 estimated accounting; fill-day constraints require ledger audit,adaptive,V4_CAUSAL_7_EXPERTS_RIDGE_ANCHOR20,disabled,2010-01-11,risk_on,0.016718965885115775,0.003116130375150128,0.06103200869922221,0.5446428571428571,0.08284916510800606,0.7678571428571429,0.9196428571428571,2009-12-21,2009-12-28,"{""long_momentum"": 0.10797846692710765, ""mean_reversion"": 0.2441507315102464, ""medium_momentum"": 0.10797846692710765, ""ridge"": 0.10797846692710765, ""risk_adjusted"": 0.10797846692710765, ""short_momentum"": 0.10797846692710765, ""trend"": 0.10797846692710765, ""volume_momentum"": 0.10797846692710765}",0.058936316916930756,0.07978466927107654,-0.0894981598255543,0.0634247063225796,3443.TW,2010-01-11,2010-01-12
0.03818351791246992,954000,0,-0.002287685474886601,-0.002287685474886601,0.03752500179811854,D-1 estimated accounting; fill-day constraints require ledger audit,adaptive,V4_CAUSAL_7_EXPERTS_RIDGE_ANCHOR20,disabled,2010-01-11,risk_on,0.016718965885115775,0.003116130375150128,0.06103200869922221,0.5446428571428571,0.08284916510800606,0.7678571428571429,0.9196428571428571,2009-12-21,2009-12-28,"{""long_momentum"": 0.10797846692710765, ""mean_reversion"": 0.2441507315102464, ""medium_momentum"": 0.10797846692710765, ""ridge"": 0.10797846692710765, ""risk_adjusted"": 0.10797846692710765, ""short_momentum"": 0.10797846692710765, ""trend"": 0.10797846692710765, ""volume_momentum"": 0.10797846692710765}",0.06109890271347248,0.352129198437354,-0.0972842088206006,0.07227001778420936,6139.TW,2010-01-11,2010-01-12
0.04221358308678212,379000,0,0.007777198904353983,0.007777198904353983,0.08688173097969211,D-1 estimated accounting; fill-day constraints require ledger audit,adaptive,V4_CAUSAL_7_EXPERTS_RIDGE_ANCHOR20,disabled,2010-01-11,risk_on,0.016718965885115775,0.003116130375150128,0.06103200869922221,0.5446428571428571,0.08284916510800606,0.7678571428571429,0.9196428571428571,2009-12-21,2009-12-28,"{""long_momentum"": 0.10797846692710765, ""mean_reversion"": 0.2441507315102464, ""medium_momentum"": 0.10797846692710765, ""ridge"": 0.10797846692710765, ""risk_adjusted"": 0.10797846692710765, ""short_momentum"": 0.10797846692710765, ""trend"": 0.10797846692710765, ""volume_momentum"": 0.10797846692710765}",0.062475376203551224,0.5116985369795071,-0.09113434544205368,0.08624992316414358,6239.TW,2010-01-11,2010-01-12
0.04464793042682863,3455000,0,0.01784565119371094,0.01784565119371094,0.20987002756893613,D-1 estimated accounting; fill-day constraints require ledger audit,adaptive,V4_CAUSAL_7_EXPERTS_RIDGE_ANCHOR20,disabled,2010-01-12,risk_on,0.01661164911519728,0.005120911189428146,0.04784369301672875,0.5535714285714286,0.0859185797521924,0.8035714285714286,0.9107142857142857,2009-12-21,2009-12-28,"{""long_momentum"": 0.10797846692710765, ""mean_reversion"": 0.2441507315102464, ""medium_momentum"": 0.10797846692710765, ""ridge"": 0.10797846692710765, ""risk_adjusted"": 0.10797846692710765, ""short_momentum"": 0.10797846692710765, ""trend"": 0.10797846692710765, ""volume_momentum"": 0.10797846692710765}",0.05943321893826392,0.7558492684897535,-0.07116628921216248,0.0864187715129663,1605.TW,2010-01-12,2010-01-13
0.04035568114369472,2243000,0,0.03212610561286747,0.03212610561286747,0.2947829941097092,D-1 estimated accounting; fill-day constraints require ledger audit,adaptive,V4_CAUSAL_7_EXPERTS_RIDGE_ANCHOR20,disabled,2010-01-12,risk_on,0.01661164911519728,0.005120911189428146,0.04784369301672875,0.5535714285714286,0.0859185797521924,0.8035714285714286,0.9107142857142857,2009-12-21,2009-12-28,"{""long_momentum"": 0.10797846692710765, ""mean_reversion"": 0.2441507315102464, ""medium_momentum"": 0.10797846692710765, ""ridge"": 0.10797846692710765, ""risk_adjusted"": 0.10797846692710765, ""short_momentum"": 0.10797846692710765, ""trend"": 0.10797846692710765, ""volume_momentum"": 0.10797846692710765}",0.06161929782085828,0.7840430661457847,-0.06442474656594467,0.10823813770506155,1815.TWO,2010-01-12,2010-01-13
0.0373567056721305,3544000,0,0.016389126947395805,0.016389126947395805,0.14759622782493093,D-1 estimated accounting; fill-day constraints require ledger audit,adaptive,V4_CAUSAL_7_EXPERTS_RIDGE_ANCHOR20,disabled,2010-01-12,risk_on,0.01661164911519728,0.005120911189428146,0.04784369301672875,0.5535714285714286,0.0859185797521924,0.8035714285714286,0.9107142857142857,2009-12-21,2009-12-28,"{""long_momentum"": 0.10797846692710765, ""mean_reversion"": 0.2441507315102464, ""medium_momentum"": 0.10797846692710765, ""ridge"": 0.10797846692710765, ""risk_adjusted"": 0.10797846692710765, ""short_momentum"": 0.10797846692710765, ""trend"": 0.10797846692710765, ""volume_momentum"": 0.10797846692710765}",0.06093592010632724,0.5680861322915693,-0.07809770175698158,0.09043713556515512,2313.TW,2010-01-12,2010-01-13
0.04165779685704586,3528000,0,0.019312607403461444,0.019312607403461444,0.22474750737791913,D-1 estimated accounting; fill-day constraints require ledger audit,adaptive,V4_CAUSAL_7_EXPERTS_RIDGE_ANCHOR20,disabled,2010-01-12,risk_on,0.01661164911519728,0.005120911189428146,0.04784369301672875,0.5535714285714286,0.0859185797521924,0.8035714285714286,0.9107142857142857,2009-12-21,2009-12-28,"{""long_momentum"": 0.10797846692710765, ""mean_reversion"": 0.2441507315102464, ""medium_momentum"": 0.10797846692710765, ""ridge"": 0.10797846692710765, ""risk_adjusted"": 0.10797846692710765, ""short_momentum"": 0.10797846692710765, ""trend"": 0.10797846692710765, ""volume_momentum"": 0.10797846692710765}",0.0605031553028858,0.7840430661457847,-0.0737575067103997,0.09194390143070452,2327.TW,2010-01-12,2010-01-13
0.03926699728526528,4225000,0,0.023339898804908027,0.023339898804908027,0.24217546180059243,D-1 estimated accounting; fill-day constraints require ledger audit,adaptive,V4_CAUSAL_7_EXPERTS_RIDGE_ANCHOR20,disabled,2010-01-12,risk_on,0.01661164911519728,0.005120911189428146,0.04784369301672875,0.5535714285714286,0.0859185797521924,0.8035714285714286,0.9107142857142857,2009-12-21,2009-12-28,"{""long_momentum"": 0.10797846692710765, ""mean_reversion"": 0.2441507315102464, ""medium_momentum"": 0.10797846692710765, ""ridge"": 0.10797846692710765, ""risk_adjusted"": 0.10797846692710765, ""short_momentum"": 0.10797846692710765, ""trend"": 0.10797846692710765, ""volume_momentum"": 0.10797846692710765}",0.06341052457843656,0.7840430661457847,-0.0779388935084785,0.1041798710316765,2344.TW,2010-01-12,2010-01-13
0.03910704753538841,567000,0,-0.009326734175296312,-0.009326734175296312,0.05762093436216747,D-1 estimated accounting; fill-day constraints require ledger audit,adaptive,V4_CAUSAL_7_EXPERTS_RIDGE_ANCHOR20,disabled,2010-01-12,risk_on,0.01661164911519728,0.005120911189428146,0.04784369301672875,0.5535714285714286,0.0859185797521924,0.8035714285714286,0.9107142857142857,2009-12-21,2009-12-28,"{""long_momentum"": 0.10797846692710765, ""mean_reversion"": 0.2441507315102464, ""medium_momentum"": 0.10797846692710765, ""ridge"": 0.10797846692710765, ""risk_adjusted"": 0.10797846692710765, ""short_momentum"": 0.10797846692710765, ""trend"": 0.10797846692710765, ""volume_momentum"": 0.10797846692710765}",0.05920576541801048,0.2957416031252918,-0.09732216207724867,0.058229873640037996,2360.TW,2010-01-12,2010-01-13
0.04129160531449824,1316000,0,-0.003917845169578446,-0.003917845169578446,0.0365983059099046,D-1 estimated accounting; fill-day constraints require ledger audit,adaptive,V4_CAUSAL_7_EXPERTS_RIDGE_ANCHOR20,disabled,2010-01-12,risk_on,0.01661164911519728,0.005120911189428146,0.04784369301672875,0.5535714285714286,0.0859185797521924,0.8035714285714286,0.9107142857142857,2009-12-21,2009-12-28,"{""long_momentum"": 0.10797846692710765, ""mean_reversion"": 0.2441507315102464, ""medium_momentum"": 0.10797846692710765, ""ridge"": 0.10797846692710765, ""risk_adjusted"": 0.10797846692710765, ""short_momentum"": 0.10797846692710765, ""trend"": 0.10797846692710765, ""volume_momentum"": 0.10797846692710765}",0.06314499384179001,0.29574160312529185,-0.10454340850747007,0.07626889808169511,2376.TW,2010-01-12,2010-01-13
0.04163699685314164,1956000,0,0.001375320650484323,0.001375320650484323,0.028756717203045068,D-1 estimated accounting; fill-day constraints require ledger audit,adaptive,V4_CAUSAL_7_EXPERTS_RIDGE_ANCHOR20,disabled,2010-01-12,risk_on,0.01661164911519728,0.005120911189428146,0.04784369301672875,0.5535714285714286,0.0859185797521924,0.8035714285714286,0.9107142857142857,2009-12-21,2009-12-28,"{""long_momentum"": 0.10797846692710765, ""mean_reversion"": 0.2441507315102464, ""medium_momentum"": 0.10797846692710765, ""ridge"": 0.10797846692710765, ""risk_adjusted"": 0.10797846692710765, ""short_momentum"": 0.10797846692710765, ""trend"": 0.10797846692710765, ""volume_momentum"": 0.10797846692710765}",0.059190144847516286,0.29574160312529185,-0.08654745978432384,0.06885928099867442,2377.TW,2010-01-12,2010-01-13
0.0413360175031025,574000,0,0.01120516466285508,0.01120516466285508,0.12056863019725436,D-1 estimated accounting; fill-day constraints require ledger audit,adaptive,V4_CAUSAL_7_EXPERTS_RIDGE_ANCHOR20,disabled,2010-01-12,risk_on,0.01661164911519728,0.005120911189428146,0.04784369301672875,0.5535714285714286,0.0859185797521924,0.8035714285714286,0.9107142857142857,2009-12-21,2009-12-28,"{""long_momentum"": 0.10797846692710765, ""mean_reversion"": 0.2441507315102464, ""medium_momentum"": 0.10797846692710765, ""ridge"": 0.10797846692710765, ""risk_adjusted"": 0.10797846692710765, ""short_momentum"": 0.10797846692710765, ""trend"": 0.10797846692710765, ""volume_momentum"": 0.10797846692710765}",0.06014910179441614,0.5680861322915693,-0.0806245716688122,0.08259608090790431,2395.TW,2010-01-12,2010-01-13
0.04144242434402543,1492000,0,-0.009540167853284908,-0.009540167853284908,0.06424556650403272,D-1 estimated accounting; fill-day constraints require ledger audit,adaptive,V4_CAUSAL_7_EXPERTS_RIDGE_ANCHOR20,disabled,2010-01-12,risk_on,0.01661164911519728,0.005120911189428146,0.04784369301672875,0.5535714285714286,0.0859185797521924,0.8035714285714286,0.9107142857142857,2009-12-21,2009-12-28,"{""long_momentum"": 0.10797846692710765, ""mean_reversion"": 0.2441507315102464, ""medium_momentum"": 0.10797846692710765, ""ridge"": 0.10797846692710765, ""risk_adjusted"": 0.10797846692710765, ""short_momentum"": 0.10797846692710765, ""trend"": 0.10797846692710765, ""volume_momentum"": 0.10797846692710765}",0.06515432205366317,0.3521291984373541,-0.1148157013805121,0.07529654558732424,2404.TW,2010-01-12,2010-01-13
0.04222071438049027,1262000,0,0.034165367997545625,0.034165367997545625,0.18828018816649977,D-1 estimated accounting; fill-day constraints require ledger audit,adaptive,V4_CAUSAL_7_EXPERTS_RIDGE_ANCHOR20,disabled,2010-01-12,risk_on,0.01661164911519728,0.005120911189428146,0.04784369301672875,0.5535714285714286,0.0859185797521924,0.8035714285714286,0.9107142857142857,2009-12-21,2009-12-28,"{""long_momentum"": 0.10797846692710765, ""mean_reversion"": 0.2441507315102464, ""medium_momentum"": 0.10797846692710765, ""ridge"": 0.10797846692710765, ""risk_adjusted"": 0.10797846692710765, ""short_momentum"": 0.10797846692710765, ""trend"": 0.10797846692710765, ""volume_momentum"": 0.10797846692710765}",0.06727632244141647,0.5116985369795071,-0.0754703833611571,0.1233622992696303,2408.TW,2010-01-12,2010-01-13
0.041966224685949606,2715000,0,0.0025409707404255217,0.0025409707404255217,0.05645259765527494,D-1 estimated accounting; fill-day constraints require ledger audit,adaptive,V4_CAUSAL_7_EXPERTS_RIDGE_ANCHOR20,disabled,2010-01-12,risk_on,0.01661164911519728,0.005120911189428146,0.04784369301672875,0.5535714285714286,0.0859185797521924,0.8035714285714286,0.9107142857142857,2009-12-21,2009-12-28,"{""long_momentum"": 0.10797846692710765, ""mean_reversion"": 0.2441507315102464, ""medium_momentum"": 0.10797846692710765, ""ridge"": 0.10797846692710765, ""risk_adjusted"": 0.10797846692710765, ""short_momentum"": 0.10797846692710765, ""trend"": 0.10797846692710765, ""volume_momentum"": 0.10797846692710765}",0.0608120166427946,0.5116985369795071,-0.09155010343874034,0.07619322483297332,2449.TW,2010-01-12,2010-01-13
0.03881341532436538,343000,0,0.005246686726237796,0.005246686726237796,0.019810154888052326,D-1 estimated accounting; fill-day constraints require ledger audit,adaptive,V4_CAUSAL_7_EXPERTS_RIDGE_ANCHOR20,disabled,2010-01-12,risk_on,0.01661164911519728,0.005120911189428146,0.04784369301672875,0.5535714285714286,0.0859185797521924,0.8035714285714286,0.9107142857142857,2009-12-21,2009-12-28,"{""long_momentum"": 0.10797846692710765, ""mean_reversion"": 0.2441507315102464, ""medium_momentum"": 0.10797846692710765, ""ridge"": 0.10797846692710765, ""risk_adjusted"": 0.10797846692710765, ""short_momentum"": 0.10797846692710765, ""trend"": 0.10797846692710765, ""volume_momentum"": 0.10797846692710765}",0.06018762052026008,0.13617226458313877,-0.08672208812379326,0.07677664148965077,2451.TW,2010-01-12,2010-01-13
0.04384265865570119,3277000,0,0.004950241159740433,0.004950241159740433,0.06777190605305468,D-1 estimated accounting; fill-day constraints require ledger audit,adaptive,V4_CAUSAL_7_EXPERTS_RIDGE_ANCHOR20,disabled,2010-01-12,risk_on,0.01661164911519728,0.005120911189428146,0.04784369301672875,0.5535714285714286,0.0859185797521924,0.8035714285714286,0.9107142857142857,2009-12-21,2009-12-28,"{""long_momentum"": 0.10797846692710765, ""mean_reversion"": 0.2441507315102464, ""medium_momentum"": 0.10797846692710765, ""ridge"": 0.10797846692710765, ""risk_adjusted"": 0.10797846692710765, ""short_momentum"": 0.10797846692710765, ""trend"": 0.10797846692710765, ""volume_momentum"": 0.10797846692710765}",0.06517711087380863,0.5116985369795071,-0.10037467912821427,0.08983634136107707,2887.TW,2010-01-12,2010-01-13
0.040380104047182744,3200000,0,0.004976316332967447,0.004976316332967447,0.08272287632393878,D-1 estimated accounting; fill-day constraints require ledger audit,adaptive,V4_CAUSAL_7_EXPERTS_RIDGE_ANCHOR20,disabled,2010-01-12,risk_on,0.01661164911519728,0.005120911189428146,0.04784369301672875,0.5535714285714286,0.0859185797521924,0.8035714285714286,0.9107142857142857,2009-12-21,2009-12-28,"{""long_momentum"": 0.10797846692710765, ""mean_reversion"": 0.2441507315102464, ""medium_momentum"": 0.10797846692710765, ""ridge"": 0.10797846692710765, ""risk_adjusted"": 0.10797846692710765, ""short_momentum"": 0.10797846692710765, ""trend"": 0.10797846692710765, ""volume_momentum"": 0.10797846692710765}",0.05853444165759611,0.5680861322915693,-0.07941399151741746,0.0689278040967343,2890.TW,2010-01-12,2010-01-13
0.040595248545544055,1514000,0,-0.010812843118795696,-0.010812843118795696,0.015703356255994602,D-1 estimated accounting; fill-day constraints require ledger audit,adaptive,V4_CAUSAL_7_EXPERTS_RIDGE_ANCHOR20,disabled,2010-01-12,risk_on,0.01661164911519728,0.005120911189428146,0.04784369301672875,0.5535714285714286,0.0859185797521924,0.8035714285714286,0.9107142857142857,2009-12-21,2009-12-28,"{""long_momentum"": 0.10797846692710765, ""mean_reversion"": 0.2441507315102464, ""medium_momentum"": 0.10797846692710765, ""ridge"": 0.10797846692710765, ""risk_adjusted"": 0.10797846692710765, ""short_momentum"": 0.10797846692710765, ""trend"": 0.10797846692710765, ""volume_momentum"": 0.10797846692710765}",0.06452810042866547,0.07978466927107655,-0.11470506483773424,0.07264055851352479,3036.TW,2010-01-12,2010-01-13
0.04484693655431663,381000,0,-0.0073672609113976575,-0.0073672609113976575,0.04297992506926448,D-1 estimated accounting; fill-day constraints require ledger audit,adaptive,V4_CAUSAL_7_EXPERTS_RIDGE_ANCHOR20,disabled,2010-01-12,risk_on,0.01661164911519728,0.005120911189428146,0.04784369301672875,0.5535714285714286,0.0859185797521924,0.8035714285714286,0.9107142857142857,2009-12-21,2009-12-28,"{""long_momentum"": 0.10797846692710765, ""mean_reversion"": 0.2441507315102464, ""medium_momentum"": 0.10797846692710765, ""ridge"": 0.10797846692710765, ""risk_adjusted"": 0.10797846692710765, ""short_momentum"": 0.10797846692710765, ""trend"": 0.10797846692710765, ""volume_momentum"": 0.10797846692710765}",0.13487146285574741,0.5116985369795071,-0.20444979112889605,0.1692764492194827,3044.TW,2010-01-12,2010-01-13
0.04129928180802197,365000,0,-0.004925311035419322,-0.004925311035419322,0.03671175621752696,D-1 estimated accounting; fill-day constraints require ledger audit,adaptive,V4_CAUSAL_7_EXPERTS_RIDGE_ANCHOR20,disabled,2010-01-12,risk_on,0.01661164911519728,0.005120911189428146,0.04784369301672875,0.5535714285714286,0.0859185797521924,0.8035714285714286,0.9107142857142857,2009-12-21,2009-12-28,"{""long_momentum"": 0.10797846692710765, ""mean_reversion"": 0.2441507315102464, ""medium_momentum"": 0.10797846692710765, ""ridge"": 0.10797846692710765, ""risk_adjusted"": 0.10797846692710765, ""short_momentum"": 0.10797846692710765, ""trend"": 0.10797846692710765, ""volume_momentum"": 0.10797846692710765}",0.07003074935404999,0.29574160312529185,-0.11967698148582105,0.08938753932836435,3211.TWO,2010-01-12,2010-01-13
0.03861929884456741,394000,0,0.005001852286179154,0.005001852286179154,0.06882331968482304,D-1 estimated accounting; fill-day constraints require ledger audit,adaptive,V4_CAUSAL_7_EXPERTS_RIDGE_ANCHOR20,disabled,2010-01-12,risk_on,0.01661164911519728,0.005120911189428146,0.04784369301672875,0.5535714285714286,0.0859185797521924,0.8035714285714286,0.9107142857142857,2009-12-21,2009-12-28,"{""long_momentum"": 0.10797846692710765, ""mean_reversion"": 0.2441507315102464, ""medium_momentum"": 0.10797846692710765, ""ridge"": 0.10797846692710765, ""risk_adjusted"": 0.10797846692710765, ""short_momentum"": 0.10797846692710765, ""trend"": 0.10797846692710765, ""volume_momentum"": 0.10797846692710765}",0.06436150602551852,0.5116985369795071,-0.09851330886630336,0.08807819335204362,3260.TWO,2010-01-12,2010-01-13
0.03944273578353812,242000,0,-0.0017636277354773167,-0.0017636277354773167,0.014143878810825197,D-1 estimated accounting; fill-day constraints require ledger audit,adaptive,V4_CAUSAL_7_EXPERTS_RIDGE_ANCHOR20,disabled,2010-01-12,risk_on,0.01661164911519728,0.005120911189428146,0.04784369301672875,0.5535714285714286,0.0859185797521924,0.8035714285714286,0.9107142857142857,2009-12-21,2009-12-28,"{""long_momentum"": 0.10797846692710765, ""mean_reversion"": 0.2441507315102464, ""medium_momentum"": 0.10797846692710765, ""ridge"": 0.10797846692710765, ""risk_adjusted"": 0.10797846692710765, ""short_momentum"": 0.10797846692710765, ""trend"": 0.10797846692710765, ""volume_momentum"": 0.10797846692710765}",0.05835418880239909,0.13617226458313875,-0.08492083824305,0.060954762685477316,3443.TW,2010-01-12,2010-01-13
0.03888501192732924,954000,0,-0.0021692392560705236,-0.0021692392560705236,0.014127203140135346,D-1 estimated accounting; fill-day constraints require ledger audit,adaptive,V4_CAUSAL_7_EXPERTS_RIDGE_ANCHOR20,disabled,2010-01-12,risk_on,0.01661164911519728,0.005120911189428146,0.04784369301672875,0.5535714285714286,0.0859185797521924,0.8035714285714286,0.9107142857142857,2009-12-21,2009-12-28,"{""long_momentum"": 0.10797846692710765, ""mean_reversion"": 0.2441507315102464, ""medium_momentum"": 0.10797846692710765, ""ridge"": 0.10797846692710765, ""risk_adjusted"": 0.10797846692710765, ""short_momentum"": 0.10797846692710765, ""trend"": 0.10797846692710765, ""volume_momentum"": 0.10797846692710765}",0.0619351358388081,0.13617226458313875,-0.09961641051043447,0.07483911191167536,6139.TW,2010-01-12,2010-01-13
0.0405736884927761,379000,0,0.014547465171910787,0.014547465171910787,0.13318141928614022,D-1 estimated accounting; fill-day constraints require ledger audit,adaptive,V4_CAUSAL_7_EXPERTS_RIDGE_ANCHOR20,disabled,2010-01-12,risk_on,0.01661164911519728,0.005120911189428146,0.04784369301672875,0.5535714285714286,0.0859185797521924,0.8035714285714286,0.9107142857142857,2009-12-21,2009-12-28,"{""long_momentum"": 0.10797846692710765, ""mean_reversion"": 0.2441507315102464, ""medium_momentum"": 0.10797846692710765, ""ridge"": 0.10797846692710765, ""risk_adjusted"": 0.10797846692710765, ""short_momentum"": 0.10797846692710765, ""trend"": 0.10797846692710765, ""volume_momentum"": 0.10797846692710765}",0.06383236322409566,0.5680861322915693,-0.08774203261786936,0.09639814287507288,6239.TW,2010-01-12,2010-01-13
0.04345745767317806,3455000,0,0.02360849780122171,0.02360849780122171,0.23343616960896907,D-1 estimated accounting; fill-day constraints require ledger audit,adaptive,V4_CAUSAL_7_EXPERTS_RIDGE_ANCHOR20,disabled,2010-01-13,neutral,0.01672422872569391,-0.012749436667792824,0.031065617275415125,0.3125,0.08521267196411364,0.5892857142857143,0.8571428571428571,2009-12-21,2009-12-28,"{""long_momentum"": 0.10797846692710765, ""mean_reversion"": 0.2441507315102464, ""medium_momentum"": 0.10797846692710765, ""ridge"": 0.10797846692710765, ""risk_adjusted"": 0.10797846692710765, ""short_momentum"": 0.10797846692710765, ""trend"": 0.10797846692710765, ""volume_momentum"": 0.10797846692710765}",0.06747898671957037,0.7840430661457847,-0.08642187798061055,0.11320005349643589,1605.TW,2010-01-13,2010-01-14
0.04037263066420658,2243000,0,0.02781017936304319,0.02781017936304319,0.27467162290036345,D-1 estimated accounting; fill-day constraints require ledger audit,adaptive,V4_CAUSAL_7_EXPERTS_RIDGE_ANCHOR20,disabled,2010-01-13,neutral,0.01672422872569391,-0.012749436667792824,0.031065617275415125,0.3125,0.08521267196411364,0.5892857142857143,0.8571428571428571,2009-12-21,2009-12-28,"{""long_momentum"": 0.10797846692710765, ""mean_reversion"": 0.2441507315102464, ""medium_momentum"": 0.10797846692710765, ""ridge"": 0.10797846692710765, ""risk_adjusted"": 0.10797846692710765, ""short_momentum"": 0.10797846692710765, ""trend"": 0.10797846692710765, ""volume_momentum"": 0.10797846692710765}",0.06084563173588883,0.7840430661457847,-0.06638899947149887,0.1015705381109672,1815.TWO,2010-01-13,2010-01-14
0.03787211664804329,3544000,0,0.011371737365710417,0.011371737365710417,0.17062391595660803,D-1 estimated accounting; fill-day constraints require ledger audit,adaptive,V4_CAUSAL_7_EXPERTS_RIDGE_ANCHOR20,disabled,2010-01-13,neutral,0.01672422872569391,-0.012749436667792824,0.031065617275415125,0.3125,0.08521267196411364,0.5892857142857143,0.8571428571428571,2009-12-21,2009-12-28,"{""long_momentum"": 0.10797846692710765, ""mean_reversion"": 0.2441507315102464, ""medium_momentum"": 0.10797846692710765, ""ridge"": 0.10797846692710765, ""risk_adjusted"": 0.10797846692710765, ""short_momentum"": 0.10797846692710765, ""trend"": 0.10797846692710765, ""volume_momentum"": 0.10797846692710765}",0.058858907121487454,0.7840430661457847,-0.07490375737676996,0.07720841202157273,2313.TW,2010-01-13,2010-01-14
0.042752033741136945,3528000,0,0.013099879067930573,0.013099879067930573,0.06707943879399117,D-1 estimated accounting; fill-day constraints require ledger audit,adaptive,V4_CAUSAL_7_EXPERTS_RIDGE_ANCHOR20,disabled,2010-01-13,neutral,0.01672422872569391,-0.012749436667792824,0.031065617275415125,0.3125,0.08521267196411364,0.5892857142857143,0.8571428571428571,2009-12-21,2009-12-28,"{""long_momentum"": 0.10797846692710765, ""mean_reversion"": 0.2441507315102464, ""medium_momentum"": 0.10797846692710765, ""ridge"": 0.10797846692710765, ""risk_adjusted"": 0.10797846692710765, ""short_momentum"": 0.10797846692710765, ""trend"": 0.10797846692710765, ""volume_momentum"": 0.10797846692710765}",0.06169934627089563,0.29574160312529185,-0.0836812323338817,0.08944217038312478,2327.TW,2010-01-13,2010-01-14
0.039661496267027294,4225000,0,0.019722616326482815,0.019722616326482815,0.22134711921924513,D-1 estimated accounting; fill-day constraints require ledger audit,adaptive,V4_CAUSAL_7_EXPERTS_RIDGE_ANCHOR20,disabled,2010-01-13,neutral,0.01672422872569391,-0.012749436667792824,0.031065617275415125,0.3125,0.08521267196411364,0.5892857142857143,0.8571428571428571,2009-12-21,2009-12-28,"{""long_momentum"": 0.10797846692710765, ""mean_reversion"": 0.2441507315102464, ""medium_momentum"": 0.10797846692710765, ""ridge"": 0.10797846692710765, ""risk_adjusted"": 0.10797846692710765, ""short_momentum"": 0.10797846692710765, ""trend"": 0.10797846692710765, ""volume_momentum"": 0.10797846692710765}",0.06284841679169344,0.7840430661457847,-0.08015626273200599,0.09916267529835356,2344.TW,2010-01-13,2010-01-14
0.03893468748657709,567000,0,-0.0049954072520570604,-0.0049954072520570604,0.04038568791659556,D-1 estimated accounting; fill-day constraints require ledger audit,adaptive,V4_CAUSAL_7_EXPERTS_RIDGE_ANCHOR20,disabled,2010-01-13,neutral,0.01672422872569391,-0.012749436667792824,0.031065617275415125,0.3125,0.08521267196411364,0.5892857142857143,0.8571428571428571,2009-12-21,2009-12-28,"{""long_momentum"": 0.10797846692710765, ""mean_reversion"": 0.2441507315102464, ""medium_momentum"": 0.10797846692710765, ""ridge"": 0.10797846692710765, ""risk_adjusted"": 0.10797846692710765, ""short_momentum"": 0.10797846692710765, ""trend"": 0.10797846692710765, ""volume_momentum"": 0.10797846692710765}",0.06320026965998086,0.2957416031252918,-0.10575810380770201,0.07532846921696984,2360.TW,2010-01-13,2010-01-14
0.042737872605566024,1316000,0,-0.0029689272674213833,-0.0029689272674213833,0.05224327270035326,D-1 estimated accounting; fill-day constraints require ledger audit,adaptive,V4_CAUSAL_7_EXPERTS_RIDGE_ANCHOR20,disabled,2010-01-13,neutral,0.01672422872569391,-0.012749436667792824,0.031065617275415125,0.3125,0.08521267196411364,0.5892857142857143,0.8571428571428571,2009-12-21,2009-12-28,"{""long_momentum"": 0.10797846692710765, ""mean_reversion"": 0.2441507315102464, ""medium_momentum"": 0.10797846692710765, ""ridge"": 0.10797846692710765, ""risk_adjusted"": 0.10797846692710765, ""short_momentum"": 0.10797846692710765, ""trend"": 0.10797846692710765, ""volume_momentum"": 0.10797846692710765}",0.0700830058000882,0.5116985369795071,-0.11781312121250596,0.09143644659104513,2376.TW,2010-01-13,2010-01-14
0.041609403919555976,1956000,0,0.0035123989537132576,0.0035123989537132576,0.07240754275989943,D-1 estimated accounting; fill-day constraints require ledger audit,adaptive,V4_CAUSAL_7_EXPERTS_RIDGE_ANCHOR20,disabled,2010-01-13,neutral,0.01672422872569391,-0.012749436667792824,0.031065617275415125,0.3125,0.08521267196411364,0.5892857142857143,0.8571428571428571,2009-12-21,2009-12-28,"{""long_momentum"": 0.10797846692710765, ""mean_reversion"": 0.2441507315102464, ""medium_momentum"": 0.10797846692710765, ""ridge"": 0.10797846692710765, ""risk_adjusted"": 0.10797846692710765, ""short_momentum"": 0.10797846692710765, ""trend"": 0.10797846692710765, ""volume_momentum"": 0.10797846692710765}",0.058273126611945135,0.5680861322915693,-0.0790241778919094,0.06561015571271786,2377.TW,2010-01-13,2010-01-14
0.04082471341458086,574000,0,0.014331714255537009,0.014331714255537009,0.12912090919164973,D-1 estimated accounting; fill-day constraints require ledger audit,adaptive,V4_CAUSAL_7_EXPERTS_RIDGE_ANCHOR20,disabled,2010-01-13,neutral,0.01672422872569391,-0.012749436667792824,0.031065617275415125,0.3125,0.08521267196411364,0.5892857142857143,0.8571428571428571,2009-12-21,2009-12-28,"{""long_momentum"": 0.10797846692710765, ""mean_reversion"": 0.2441507315102464, ""medium_momentum"": 0.10797846692710765, ""ridge"": 0.10797846692710765, ""risk_adjusted"": 0.10797846692710765, ""short_momentum"": 0.10797846692710765, ""trend"": 0.10797846692710765, ""volume_momentum"": 0.10797846692710765}",0.06572096118445306,0.5680861322915693,-0.09215359226425048,0.10037820068870643,2395.TW,2010-01-13,2010-01-14
0.042652496806275614,1492000,0,-0.01567641127123244,-0.01567641127123244,0.055575588971184975,D-1 estimated accounting; fill-day constraints require ledger audit,adaptive,V4_CAUSAL_7_EXPERTS_RIDGE_ANCHOR20,disabled,2010-01-13,neutral,0.01672422872569391,-0.012749436667792824,0.031065617275415125,0.3125,0.08521267196411364,0.5892857142857143,0.8571428571428571,2009-12-21,2009-12-28,"{""long_momentum"": 0.10797846692710765, ""mean_reversion"": 0.2441507315102464, ""medium_momentum"": 0.10797846692710765, ""ridge"": 0.10797846692710765, ""risk_adjusted"": 0.10797846692710765, ""short_momentum"": 0.10797846692710765, ""trend"": 0.10797846692710765, ""volume_momentum"": 0.10797846692710765}",0.08935166273447172,0.29574160312529185,-0.1590342389131943,0.10724259628411137,2404.TW,2010-01-13,2010-01-14
0.04130757235128618,1262000,0,0.024833441065502337,0.024833441065502337,0.1697960413768502,D-1 estimated accounting; fill-day constraints require ledger audit,adaptive,V4_CAUSAL_7_EXPERTS_RIDGE_ANCHOR20,disabled,2010-01-13,neutral,0.01672422872569391,-0.012749436667792824,0.031065617275415125,0.3125,0.08521267196411364,0.5892857142857143,0.8571428571428571,2009-12-21,2009-12-28,"{""long_momentum"": 0.10797846692710765, ""mean_reversion"": 0.2441507315102464, ""medium_momentum"": 0.10797846692710765, ""ridge"": 0.10797846692710765, ""risk_adjusted"": 0.10797846692710765, ""short_momentum"": 0.10797846692710765, ""trend"": 0.10797846692710765, ""volume_momentum"": 0.10797846692710765}",0.06502652160770156,0.5398923346355382,-0.08016393495295099,0.1093919969973376,2408.TW,2010-01-13,2010-01-14
0.04164754185145456,2715000,0,0.0026612459631817215,0.0026612459631817215,0.03438651830954808,D-1 estimated accounting; fill-day constraints require ledger audit,adaptive,V4_CAUSAL_7_EXPERTS_RIDGE_ANCHOR20,disabled,2010-01-13,neutral,0.01672422872569391,-0.012749436667792824,0.031065617275415125,0.3125,0.08521267196411364,0.5892857142857143,0.8571428571428571,2009-12-21,2009-12-28,"{""long_momentum"": 0.10797846692710765, ""mean_reversion"": 0.2441507315102464, ""medium_momentum"": 0.10797846692710765, ""ridge"": 0.10797846692710765, ""risk_adjusted"": 0.10797846692710765, ""short_momentum"": 0.10797846692710765, ""trend"": 0.10797846692710765, ""volume_momentum"": 0.10797846692710765}",0.05822937845805852,0.29574160312529185,-0.07951778182017533,0.06440145365992071,2449.TW,2010-01-13,2010-01-14
0.03916065217691457,343000,0,0.005242273691434352,0.005242273691434352,0.01983541488533121,D-1 estimated accounting; fill-day constraints require ledger audit,adaptive,V4_CAUSAL_7_EXPERTS_RIDGE_ANCHOR20,disabled,2010-01-13,neutral,0.01672422872569391,-0.012749436667792824,0.031065617275415125,0.3125,0.08521267196411364,0.5892857142857143,0.8571428571428571,2009-12-21,2009-12-28,"{""long_momentum"": 0.10797846692710765, ""mean_reversion"": 0.2441507315102464, ""medium_momentum"": 0.10797846692710765, ""ridge"": 0.10797846692710765, ""risk_adjusted"": 0.10797846692710765, ""short_momentum"": 0.10797846692710765, ""trend"": 0.10797846692710765, ""volume_momentum"": 0.10797846692710765}",0.060072040937514795,0.13617226458313877,-0.08630601847202159,0.07635174576827224,2451.TW,2010-01-13,2010-01-14
0.04373221948951716,3277000,0,0.007032813748335362,0.007032813748335362,0.08630462134254373,D-1 estimated accounting; fill-day constraints require ledger audit,adaptive,V4_CAUSAL_7_EXPERTS_RIDGE_ANCHOR20,disabled,2010-01-13,neutral,0.01672422872569391,-0.012749436667792824,0.031065617275415125,0.3125,0.08521267196411364,0.5892857142857143,0.8571428571428571,2009-12-21,2009-12-28,"{""long_momentum"": 0.10797846692710765, ""mean_reversion"": 0.2441507315102464, ""medium_momentum"": 0.10797846692710765, ""ridge"": 0.10797846692710765, ""risk_adjusted"": 0.10797846692710765, ""short_momentum"": 0.10797846692710765, ""trend"": 0.10797846692710765, ""volume_momentum"": 0.10797846692710765}",0.059309521053554734,0.5116985369795071,-0.08143550889746332,0.07506231630751599,2887.TW,2010-01-13,2010-01-14
0.039923257445187016,3200000,0,0.00691125476322901,0.00691125476322901,0.02092395318435725,D-1 estimated accounting; fill-day constraints require ledger audit,adaptive,V4_CAUSAL_7_EXPERTS_RIDGE_ANCHOR20,disabled,2010-01-13,neutral,0.01672422872569391,-0.012749436667792824,0.031065617275415125,0.3125,0.08521267196411364,0.5892857142857143,0.8571428571428571,2009-12-21,2009-12-28,"{""long_momentum"": 0.10797846692710765, ""mean_reversion"": 0.2441507315102464, ""medium_momentum"": 0.10797846692710765, ""ridge"": 0.10797846692710765, ""risk_adjusted"": 0.10797846692710765, ""short_momentum"": 0.10797846692710765, ""trend"": 0.10797846692710765, ""volume_momentum"": 0.10797846692710765}",0.06560672287916923,0.13617226458313877,-0.099333118125285,0.09271680756512497,2890.TW,2010-01-13,2010-01-14
0.040726147821148584,1514000,0,-0.005758014204053657,-0.005758014204053657,0.020837560061838553,D-1 estimated accounting; fill-day constraints require ledger audit,adaptive,V4_CAUSAL_7_EXPERTS_RIDGE_ANCHOR20,disabled,2010-01-13,neutral,0.01672422872569391,-0.012749436667792824,0.031065617275415125,0.3125,0.08521267196411364,0.5892857142857143,0.8571428571428571,2009-12-21,2009-12-28,"{""long_momentum"": 0.10797846692710765, ""mean_reversion"": 0.2441507315102464, ""medium_momentum"": 0.10797846692710765, ""ridge"": 0.10797846692710765, ""risk_adjusted"": 0.10797846692710765, ""short_momentum"": 0.10797846692710765, ""trend"": 0.10797846692710765, ""volume_momentum"": 0.10797846692710765}",0.05954499402896993,0.13617226458313875,-0.09524427918532162,0.06328943069059625,3036.TW,2010-01-13,2010-01-14
0.044663045756331565,381000,0,-0.0037593052302655463,-0.0037593052302655463,0.033649459453435976,D-1 estimated accounting; fill-day constraints require ledger audit,adaptive,V4_CAUSAL_7_EXPERTS_RIDGE_ANCHOR20,disabled,2010-01-13,neutral,0.01672422872569391,-0.012749436667792824,0.031065617275415125,0.3125,0.08521267196411364,0.5892857142857143,0.8571428571428571,2009-12-21,2009-12-28,"{""long_momentum"": 0.10797846692710765, ""mean_reversion"": 0.2441507315102464, ""medium_momentum"": 0.10797846692710765, ""ridge"": 0.10797846692710765, ""risk_adjusted"": 0.10797846692710765, ""short_momentum"": 0.10797846692710765, ""trend"": 0.10797846692710765, ""volume_momentum"": 0.10797846692710765}",0.12444116051528897,0.5116985369795071,-0.1891860383922478,0.16122860784509863,3044.TW,2010-01-13,2010-01-14
0.040734480908145194,365000,0,0.004190109262398432,0.004190109262398432,0.040301516331741546,D-1 estimated accounting; fill-day constraints require ledger audit,adaptive,V4_CAUSAL_7_EXPERTS_RIDGE_ANCHOR20,disabled,2010-01-13,neutral,0.01672422872569391,-0.012749436667792824,0.031065617275415125,0.3125,0.08521267196411364,0.5892857142857143,0.8571428571428571,2009-12-21,2009-12-28,"{""long_momentum"": 0.10797846692710765, ""mean_reversion"": 0.2441507315102464, ""medium_momentum"": 0.10797846692710765, ""ridge"": 0.10797846692710765, ""risk_adjusted"": 0.10797846692710765, ""short_momentum"": 0.10797846692710765, ""trend"": 0.10797846692710765, ""volume_momentum"": 0.10797846692710765}",0.0582489822046808,0.29574160312529185,-0.07815132797311147,0.06609272641129028,3211.TWO,2010-01-13,2010-01-14
0.03848076429981091,394000,0,0.0159197118310689,0.0159197118310689,0.14004936538868185,D-1 estimated accounting; fill-day constraints require ledger audit,adaptive,V4_CAUSAL_7_EXPERTS_RIDGE_ANCHOR20,disabled,2010-01-13,neutral,0.01672422872569391,-0.012749436667792824,0.031065617275415125,0.3125,0.08521267196411364,0.5892857142857143,0.8571428571428571,2009-12-21,2009-12-28,"{""long_momentum"": 0.10797846692710765, ""mean_reversion"": 0.2441507315102464, ""medium_momentum"": 0.10797846692710765, ""ridge"": 0.10797846692710765, ""risk_adjusted"": 0.10797846692710765, ""short_momentum"": 0.10797846692710765, ""trend"": 0.10797846692710765, ""volume_momentum"": 0.10797846692710765}",0.06393749655244403,0.5680861322915693,-0.08661687170621746,0.09801747528173718,3260.TWO,2010-01-13,2010-01-14
0.039299707370968405,242000,0,-0.0024893458801666067,-0.0024893458801666067,0.015451837837246208,D-1 estimated accounting; fill-day constraints require ledger audit,adaptive,V4_CAUSAL_7_EXPERTS_RIDGE_ANCHOR20,disabled,2010-01-13,neutral,0.01672422872569391,-0.012749436667792824,0.031065617275415125,0.3125,0.08521267196411364,0.5892857142857143,0.8571428571428571,2009-12-21,2009-12-28,"{""long_momentum"": 0.10797846692710765, ""mean_reversion"": 0.2441507315102464, ""medium_momentum"": 0.10797846692710765, ""ridge"": 0.10797846692710765, ""risk_adjusted"": 0.10797846692710765, ""short_momentum"": 0.10797846692710765, ""trend"": 0.10797846692710765, ""volume_momentum"": 0.10797846692710765}",0.05851194144181071,0.13617226458313877,-0.08673475191617483,0.06131724006922355,3443.TW,2010-01-13,2010-01-14
0.03854972954127364,954000,0,-0.008522660260430755,-0.008522660260430755,0.06212445476676406,D-1 estimated accounting; fill-day constraints require ledger audit,adaptive,V4_CAUSAL_7_EXPERTS_RIDGE_ANCHOR20,disabled,2010-01-13,neutral,0.01672422872569391,-0.012749436667792824,0.031065617275415125,0.3125,0.08521267196411364,0.5892857142857143,0.8571428571428571,2009-12-21,2009-12-28,"{""long_momentum"": 0.10797846692710765, ""mean_reversion"": 0.2441507315102464, ""medium_momentum"": 0.10797846692710765, ""ridge"": 0.10797846692710765, ""risk_adjusted"": 0.10797846692710765, ""short_momentum"": 0.10797846692710765, ""trend"": 0.10797846692710765, ""volume_momentum"": 0.10797846692710765}",0.06312547349178073,0.3521291984373541,-0.1090996472926547,0.07161550668517516,6139.TW,2010-01-13,2010-01-14
0.039578584607572694,379000,0,0.016892436881446028,0.016892436881446028,0.07431134533502055,D-1 estimated accounting; fill-day constraints require ledger audit,adaptive,V4_CAUSAL_7_EXPERTS_RIDGE_ANCHOR20,disabled,2010-01-13,neutral,0.01672422872569391,-0.012749436667792824,0.031065617275415125,0.3125,0.08521267196411364,0.5892857142857143,0.8571428571428571,2009-12-21,2009-12-28,"{""long_momentum"": 0.10797846692710765, ""mean_reversion"": 0.2441507315102464, ""medium_momentum"": 0.10797846692710765, ""ridge"": 0.10797846692710765, ""risk_adjusted"": 0.10797846692710765, ""short_momentum"": 0.10797846692710765, ""trend"": 0.10797846692710765, ""volume_momentum"": 0.10797846692710765}",0.08184631547392236,0.3521291984373541,-0.11627280133118882,0.1296188550074628,6239.TW,2010-01-13,2010-01-14
0.04395008941170886,3455000,0,0.025902720293290774,0.025902720293290774,0.2496152376663321,D-1 estimated accounting; fill-day constraints require ledger audit,adaptive,V4_CAUSAL_7_EXPERTS_RIDGE_ANCHOR20,disabled,2010-01-14,risk_on,0.0166611150570875,0.005489247583788659,0.056960987314049305,0.5535714285714286,0.08997550145553561,0.7232142857142857,0.8928571428571429,2009-12-21,2009-12-28,"{""long_momentum"": 0.10797846692710765, ""mean_reversion"": 0.2441507315102464, ""medium_momentum"": 0.10797846692710765, ""ridge"": 0.10797846692710765, ""risk_adjusted"": 0.10797846692710765, ""short_momentum"": 0.10797846692710765, ""trend"": 0.10797846692710765, ""volume_momentum"": 0.10797846692710765}",0.06616292280412683,0.7840430661457847,-0.08150153328978649,0.11286815378974997,1605.TW,2010-01-14,2010-01-15
0.04069904743701558,2243000,0,0.007143202898888113,0.007143202898888113,0.08136439407214688,D-1 estimated accounting; fill-day constraints require ledger audit,adaptive,V4_CAUSAL_7_EXPERTS_RIDGE_ANCHOR20,disabled,2010-01-14,risk_on,0.0166611150570875,0.005489247583788659,0.056960987314049305,0.5535714285714286,0.08997550145553561,0.7232142857142857,0.8928571428571429,2009-12-21,2009-12-28,"{""long_momentum"": 0.10797846692710765, ""mean_reversion"": 0.2441507315102464, ""medium_momentum"": 0.10797846692710765, ""ridge"": 0.10797846692710765, ""risk_adjusted"": 0.10797846692710765, ""short_momentum"": 0.10797846692710765, ""trend"": 0.10797846692710765, ""volume_momentum"": 0.10797846692710765}",0.06422508114556286,0.5116985369795071,-0.09606013552568331,0.08990772123684147,1815.TWO,2010-01-14,2010-01-15
0.037718066300168655,3544000,0,0.0005808922335963894,0.0005808922335963894,0.024617506328532688,D-1 estimated accounting; fill-day constraints require ledger audit,adaptive,V4_CAUSAL_7_EXPERTS_RIDGE_ANCHOR20,disabled,2010-01-14,risk_on,0.0166611150570875,0.005489247583788659,0.056960987314049305,0.5535714285714286,0.08997550145553561,0.7232142857142857,0.8928571428571429,2009-12-21,2009-12-28,"{""long_momentum"": 0.10797846692710765, ""mean_reversion"": 0.2441507315102464, ""medium_momentum"": 0.10797846692710765, ""ridge"": 0.10797846692710765, ""risk_adjusted"": 0.10797846692710765, ""short_momentum"": 0.10797846692710765, ""trend"": 0.10797846692710765, ""volume_momentum"": 0.10797846692710765}",0.06146497317643047,0.29574160312529185,-0.09551974294503339,0.07624270732560812,2313.TW,2010-01-14,2010-01-15
0.04255417967710475,3528000,0,0.013988883727173667,0.013988883727173667,0.12113917659316509,D-1 estimated accounting; fill-day constraints require ledger audit,adaptive,V4_CAUSAL_7_EXPERTS_RIDGE_ANCHOR20,disabled,2010-01-14,risk_on,0.0166611150570875,0.005489247583788659,0.056960987314049305,0.5535714285714286,0.08997550145553561,0.7232142857142857,0.8928571428571429,2009-12-21,2009-12-28,"{""long_momentum"": 0.10797846692710765, ""mean_reversion"": 0.2441507315102464, ""medium_momentum"": 0.10797846692710765, ""ridge"": 0.10797846692710765, ""risk_adjusted"": 0.10797846692710765, ""short_momentum"": 0.10797846692710765, ""trend"": 0.10797846692710765, ""volume_momentum"": 0.10797846692710765}",0.06122120433295074,0.5116985369795071,-0.08138250936906541,0.08892145673679469,2327.TW,2010-01-14,2010-01-15
0.039526189357544615,4225000,0,0.014483033033088634,0.014483033033088634,0.11701376225477007,D-1 estimated accounting; fill-day constraints require ledger audit,adaptive,V4_CAUSAL_7_EXPERTS_RIDGE_ANCHOR20,disabled,2010-01-14,risk_on,0.0166611150570875,0.005489247583788659,0.056960987314049305,0.5535714285714286,0.08997550145553561,0.7232142857142857,0.8928571428571429,2009-12-21,2009-12-28,"{""long_momentum"": 0.10797846692710765, ""mean_reversion"": 0.2441507315102464, ""medium_momentum"": 0.10797846692710765, ""ridge"": 0.10797846692710765, ""risk_adjusted"": 0.10797846692710765, ""short_momentum"": 0.10797846692710765, ""trend"": 0.10797846692710765, ""volume_momentum"": 0.10797846692710765}",0.06571582996260535,0.5116985369795071,-0.09199148240561475,0.10051872838517396,2344.TW,2010-01-14,2010-01-15
0.03951188441814617,567000,0,-0.00993377270244969,-0.00993377270244969,0.07063322377611642,D-1 estimated accounting; fill-day constraints require ledger audit,adaptive,V4_CAUSAL_7_EXPERTS_RIDGE_ANCHOR20,disabled,2010-01-14,risk_on,0.0166611150570875,0.005489247583788659,0.056960987314049305,0.5535714285714286,0.08997550145553561,0.7232142857142857,0.8928571428571429,2009-12-21,2009-12-28,"{""long_momentum"": 0.10797846692710765, ""mean_reversion"": 0.2441507315102464, ""medium_momentum"": 0.10797846692710765, ""ridge"": 0.10797846692710765, ""risk_adjusted"": 0.10797846692710765, ""short_momentum"": 0.10797846692710765, ""trend"": 0.10797846692710765, ""volume_momentum"": 0.10797846692710765}",0.059515857800432316,0.3521291984373541,-0.09929784506610918,0.05899147957459175,2360.TW,2010-01-14,2010-01-15
0.04269489812099242,1316000,0,0.001231268586313892,0.001231268586313892,0.041429001403912646,D-1 estimated accounting; fill-day constraints require ledger audit,adaptive,V4_CAUSAL_7_EXPERTS_RIDGE_ANCHOR20,disabled,2010-01-14,risk_on,0.0166611150570875,0.005489247583788659,0.056960987314049305,0.5535714285714286,0.08997550145553561,0.7232142857142857,0.8928571428571429,2009-12-21,2009-12-28,"{""long_momentum"": 0.10797846692710765, ""mean_reversion"": 0.2441507315102464, ""medium_momentum"": 0.10797846692710765, ""ridge"": 0.10797846692710765, ""risk_adjusted"": 0.10797846692710765, ""short_momentum"": 0.10797846692710765, ""trend"": 0.10797846692710765, ""volume_momentum"": 0.10797846692710765}",0.07073247447030846,0.5116985369795071,-0.11475091646757515,0.09677463355358487,2376.TW,2010-01-14,2010-01-15
0.042829079770043396,1956000,0,0.006154499763687166,0.006154499763687166,0.07874492932203292,D-1 estimated accounting; fill-day constraints require ledger audit,adaptive,V4_CAUSAL_7_EXPERTS_RIDGE_ANCHOR20,disabled,2010-01-14,risk_on,0.0166611150570875,0.005489247583788659,0.056960987314049305,0.5535714285714286,0.08997550145553561,0.7232142857142857,0.8928571428571429,2009-12-21,2009-12-28,"{""long_momentum"": 0.10797846692710765, ""mean_reversion"": 0.2441507315102464, ""medium_momentum"": 0.10797846692710765, ""ridge"": 0.10797846692710765, ""risk_adjusted"": 0.10797846692710765, ""short_momentum"": 0.10797846692710765, ""trend"": 0.10797846692710765, ""volume_momentum"": 0.10797846692710765}",0.06132942090217275,0.5116985369795071,-0.0895434753657758,0.08141365480653207,2377.TW,2010-01-14,2010-01-15
0.04075615571438735,574000,0,0.008444808368583597,0.008444808368583597,0.06303876210865306,D-1 estimated accounting; fill-day constraints require ledger audit,adaptive,V4_CAUSAL_7_EXPERTS_RIDGE_ANCHOR20,disabled,2010-01-14,risk_on,0.0166611150570875,0.005489247583788659,0.056960987314049305,0.5535714285714286,0.08997550145553561,0.7232142857142857,0.8928571428571429,2009-12-21,2009-12-28,"{""long_momentum"": 0.10797846692710765, ""mean_reversion"": 0.2441507315102464, ""medium_momentum"": 0.10797846692710765, ""ridge"": 0.10797846692710765, ""risk_adjusted"": 0.10797846692710765, ""short_momentum"": 0.10797846692710765, ""trend"": 0.10797846692710765, ""volume_momentum"": 0.10797846692710765}",0.061656755107760655,0.3521291984373541,-0.08821406041459022,0.08466485706513935,2395.TW,2010-01-14,2010-01-15
0.04197420382203945,1492000,0,-0.008028720545927475,-0.008028720545927475,0.012078161698413999,D-1 estimated accounting; fill-day constraints require ledger audit,adaptive,V4_CAUSAL_7_EXPERTS_RIDGE_ANCHOR20,disabled,2010-01-14,risk_on,0.0166611150570875,0.005489247583788659,0.056960987314049305,0.5535714285714286,0.08997550145553561,0.7232142857142857,0.8928571428571429,2009-12-21,2009-12-28,"{""long_momentum"": 0.10797846692710765, ""mean_reversion"": 0.2441507315102464, ""medium_momentum"": 0.10797846692710765, ""ridge"": 0.10797846692710765, ""risk_adjusted"": 0.10797846692710765, ""short_momentum"": 0.10797846692710765, ""trend"": 0.10797846692710765, ""volume_momentum"": 0.10797846692710765}",0.07303505188382901,0.07978466927107655,-0.127888080741402,0.091391819562929,2404.TW,2010-01-14,2010-01-15
0.040815696287512304,1262000,0,0.021712287000675803,0.021712287000675803,0.0869850391144666,D-1 estimated accounting; fill-day constraints require ledger audit,adaptive,V4_CAUSAL_7_EXPERTS_RIDGE_ANCHOR20,disabled,2010-01-14,risk_on,0.0166611150570875,0.005489247583788659,0.056960987314049305,0.5535714285714286,0.08997550145553561,0.7232142857142857,0.8928571428571429,2009-12-21,2009-12-28,"{""long_momentum"": 0.10797846692710765, ""mean_reversion"": 0.2441507315102464, ""medium_momentum"": 0.10797846692710765, ""ridge"": 0.10797846692710765, ""risk_adjusted"": 0.10797846692710765, ""short_momentum"": 0.10797846692710765, ""trend"": 0.10797846692710765, ""volume_momentum"": 0.10797846692710765}",0.06410717645127438,0.29574160312529185,-0.08121927346954641,0.10420502738427995,2408.TW,2010-01-14,2010-01-15
0.041968629810938386,2715000,0,0.0019828548525453495,0.0019828548525453495,0.04176557498121304,D-1 estimated accounting; fill-day constraints require ledger audit,adaptive,V4_CAUSAL_7_EXPERTS_RIDGE_ANCHOR20,disabled,2010-01-14,risk_on,0.0166611150570875,0.005489247583788659,0.056960987314049305,0.5535714285714286,0.08997550145553561,0.7232142857142857,0.8928571428571429,2009-12-21,2009-12-28,"{""long_momentum"": 0.10797846692710765, ""mean_reversion"": 0.2441507315102464, ""medium_momentum"": 0.10797846692710765, ""ridge"": 0.10797846692710765, ""risk_adjusted"": 0.10797846692710765, ""short_momentum"": 0.10797846692710765, ""trend"": 0.10797846692710765, ""volume_momentum"": 0.10797846692710765}",0.06051576456077388,0.4037200700523995,-0.09112997678085627,0.07465686639932892,2449.TW,2010-01-14,2010-01-15
0.03933782325330852,343000,0,-0.004812074511791535,-0.004812074511791535,0.01869853668529987,D-1 estimated accounting; fill-day constraints require ledger audit,adaptive,V4_CAUSAL_7_EXPERTS_RIDGE_ANCHOR20,disabled,2010-01-14,risk_on,0.0166611150570875,0.005489247583788659,0.056960987314049305,0.5535714285714286,0.08997550145553561,0.7232142857142857,0.8928571428571429,2009-12-21,2009-12-28,"{""long_momentum"": 0.10797846692710765, ""mean_reversion"": 0.2441507315102464, ""medium_momentum"": 0.10797846692710765, ""ridge"": 0.10797846692710765, ""risk_adjusted"": 0.10797846692710765, ""short_momentum"": 0.10797846692710765, ""trend"": 0.10797846692710765, ""volume_momentum"": 0.10797846692710765}",0.061644447943228646,0.13617226458313875,-0.1014355057128088,0.07137253660260766,2451.TW,2010-01-14,2010-01-15
0.04284869015455348,3277000,0,0.019212394759358514,0.019212394759358514,0.1597617161995465,D-1 estimated accounting; fill-day constraints require ledger audit,adaptive,V4_CAUSAL_7_EXPERTS_RIDGE_ANCHOR20,disabled,2010-01-14,risk_on,0.0166611150570875,0.005489247583788659,0.056960987314049305,0.5535714285714286,0.08997550145553561,0.7232142857142857,0.8928571428571429,2009-12-21,2009-12-28,"{""long_momentum"": 0.10797846692710765, ""mean_reversion"": 0.2441507315102464, ""medium_momentum"": 0.10797846692710765, ""ridge"": 0.10797846692710765, ""risk_adjusted"": 0.10797846692710765, ""short_momentum"": 0.10797846692710765, ""trend"": 0.10797846692710765, ""volume_momentum"": 0.10797846692710765}",0.061882860221381904,0.5680861322915693,-0.07808862493234696,0.09607459436444593,2887.TW,2010-01-14,2010-01-15
0.03973370472355426,3200000,0,0.010322621223939753,0.010322621223939753,0.015357077918940783,D-1 estimated accounting; fill-day constraints require ledger audit,adaptive,V4_CAUSAL_7_EXPERTS_RIDGE_ANCHOR20,disabled,2010-01-14,risk_on,0.0166611150570875,0.005489247583788659,0.056960987314049305,0.5535714285714286,0.08997550145553561,0.7232142857142857,0.8928571428571429,2009-12-21,2009-12-28,"{""long_momentum"": 0.10797846692710765, ""mean_reversion"": 0.2441507315102464, ""medium_momentum"": 0.10797846692710765, ""ridge"": 0.10797846692710765, ""risk_adjusted"": 0.10797846692710765, ""short_momentum"": 0.10797846692710765, ""trend"": 0.10797846692710765, ""volume_momentum"": 0.10797846692710765}",0.06428303508455738,0.07978466927107648,-0.09301352274403485,0.09321994510529633,2890.TW,2010-01-14,2010-01-15
0.04098129509004198,1514000,0,-0.005675325323897663,-0.005675325323897663,0.051408958346002634,D-1 estimated accounting; fill-day constraints require ledger audit,adaptive,V4_CAUSAL_7_EXPERTS_RIDGE_ANCHOR20,disabled,2010-01-14,risk_on,0.0166611150570875,0.005489247583788659,0.056960987314049305,0.5535714285714286,0.08997550145553561,0.7232142857142857,0.8928571428571429,2009-12-21,2009-12-28,"{""long_momentum"": 0.10797846692710765, ""mean_reversion"": 0.2441507315102464, ""medium_momentum"": 0.10797846692710765, ""ridge"": 0.10797846692710765, ""risk_adjusted"": 0.10797846692710765, ""short_momentum"": 0.10797846692710765, ""trend"": 0.10797846692710765, ""volume_momentum"": 0.10797846692710765}",0.062446050216565206,0.3521291984373541,-0.10450939344037391,0.07271992270596052,3036.TW,2010-01-14,2010-01-15
0.04388292257794108,381000,0,0.01775850894288919,0.01775850894288919,0.12220846221826492,D-1 estimated accounting; fill-day constraints require ledger audit,adaptive,V4_CAUSAL_7_EXPERTS_RIDGE_ANCHOR20,disabled,2010-01-14,risk_on,0.0166611150570875,0.005489247583788659,0.056960987314049305,0.5535714285714286,0.08997550145553561,0.7232142857142857,0.8928571428571429,2009-12-21,2009-12-28,"{""long_momentum"": 0.10797846692710765, ""mean_reversion"": 0.2441507315102464, ""medium_momentum"": 0.10797846692710765, ""ridge"": 0.10797846692710765, ""risk_adjusted"": 0.10797846692710765, ""short_momentum"": 0.10797846692710765, ""trend"": 0.10797846692710765, ""volume_momentum"": 0.10797846692710765}",0.07253354791249053,0.5116985369795071,-0.10127532477253898,0.1163535225716993,3044.TW,2010-01-14,2010-01-15
0.04037560277466952,365000,0,-0.0010305087652526168,-0.0010305087652526168,0.02657779731329013,D-1 estimated accounting; fill-day constraints require ledger audit,adaptive,V4_CAUSAL_7_EXPERTS_RIDGE_ANCHOR20,disabled,2010-01-14,risk_on,0.0166611150570875,0.005489247583788659,0.056960987314049305,0.5535714285714286,0.08997550145553561,0.7232142857142857,0.8928571428571429,2009-12-21,2009-12-28,"{""long_momentum"": 0.10797846692710765, ""mean_reversion"": 0.2441507315102464, ""medium_momentum"": 0.10797846692710765, ""ridge"": 0.10797846692710765, ""risk_adjusted"": 0.10797846692710765, ""short_momentum"": 0.10797846692710765, ""trend"": 0.10797846692710765, ""volume_momentum"": 0.10797846692710765}",0.06107333392246005,0.29574160312529185,-0.09594785445897673,0.07344801684185345,3211.TWO,2010-01-14,2010-01-15
0.038781435599766344,394000,0,0.005926578741015461,0.005926578741015461,0.04401411486397299,D-1 estimated accounting; fill-day constraints require ledger audit,adaptive,V4_CAUSAL_7_EXPERTS_RIDGE_ANCHOR20,disabled,2010-01-14,risk_on,0.0166611150570875,0.005489247583788659,0.056960987314049305,0.5535714285714286,0.08997550145553561,0.7232142857142857,0.8928571428571429,2009-12-21,2009-12-28,"{""long_momentum"": 0.10797846692710765, ""mean_reversion"": 0.2441507315102464, ""medium_momentum"": 0.10797846692710765, ""ridge"": 0.10797846692710765, ""risk_adjusted"": 0.10797846692710765, ""short_momentum"": 0.10797846692710765, ""trend"": 0.10797846692710765, ""volume_momentum"": 0.10797846692710765}",0.06249177633733894,0.29574160312529185,-0.09302819855950967,0.08444253595492254,3260.TWO,2010-01-14,2010-01-15
0.03932211467656917,242000,0,-0.003053559147600682,-0.003053559147600682,0.016551848187339336,D-1 estimated accounting; fill-day constraints require ledger audit,adaptive,V4_CAUSAL_7_EXPERTS_RIDGE_ANCHOR20,disabled,2010-01-14,risk_on,0.0166611150570875,0.005489247583788659,0.056960987314049305,0.5535714285714286,0.08997550145553561,0.7232142857142857,0.8928571428571429,2009-12-21,2009-12-28,"{""long_momentum"": 0.10797846692710765, ""mean_reversion"": 0.2441507315102464, ""medium_momentum"": 0.10797846692710765, ""ridge"": 0.10797846692710765, ""risk_adjusted"": 0.10797846692710765, ""short_momentum"": 0.10797846692710765, ""trend"": 0.10797846692710765, ""volume_momentum"": 0.10797846692710765}",0.05820317391752565,0.13617226458313875,-0.0850094593139507,0.05846352093213127,3443.TW,2010-01-14,2010-01-15
0.03835520110543392,954000,0,-0.008537690478324119,-0.008537690478324119,0.06384236925284333,D-1 estimated accounting; fill-day constraints require ledger audit,adaptive,V4_CAUSAL_7_EXPERTS_RIDGE_ANCHOR20,disabled,2010-01-14,risk_on,0.0166611150570875,0.005489247583788659,0.056960987314049305,0.5535714285714286,0.08997550145553561,0.7232142857142857,0.8928571428571429,2009-12-21,2009-12-28,"{""long_momentum"": 0.10797846692710765, ""mean_reversion"": 0.2441507315102464, ""medium_momentum"": 0.10797846692710765, ""ridge"": 0.10797846692710765, ""risk_adjusted"": 0.10797846692710765, ""short_momentum"": 0.10797846692710765, ""trend"": 0.10797846692710765, ""volume_momentum"": 0.10797846692710765}",0.06113084317126259,0.3521291984373541,-0.1036327251932754,0.06611852415000911,6139.TW,2010-01-14,2010-01-15
0.04096062057613987,379000,0,0.013415996372555866,0.013415996372555866,0.13118670442329394,D-1 estimated accounting; fill-day constraints require ledger audit,adaptive,V4_CAUSAL_7_EXPERTS_RIDGE_ANCHOR20,disabled,2010-01-14,risk_on,0.0166611150570875,0.005489247583788659,0.056960987314049305,0.5535714285714286,0.08997550145553561,0.7232142857142857,0.8928571428571429,2009-12-21,2009-12-28,"{""long_momentum"": 0.10797846692710765, ""mean_reversion"": 0.2441507315102464, ""medium_momentum"": 0.10797846692710765, ""ridge"": 0.10797846692710765, ""risk_adjusted"": 0.10797846692710765, ""short_momentum"": 0.10797846692710765, ""trend"": 0.10797846692710765, ""volume_momentum"": 0.10797846692710765}",0.061331964349317314,0.5680861322915693,-0.08228959874031079,0.08868277139880447,6239.TW,2010-01-14,2010-01-15
0.043278063850850375,3455000,0,0.016329446158176688,0.016329446158176688,0.20421274105720466,D-1 estimated accounting; fill-day constraints require ledger audit,adaptive,V4_CAUSAL_7_EXPERTS_RIDGE_ANCHOR20,disabled,2010-01-15,risk_on,0.01618427624676224,0.005658687577290267,0.06799199540212642,0.5625,0.09286381225846267,0.7767857142857143,0.9017857142857143,2009-12-21,2009-12-28,"{""long_momentum"": 0.10797846692710765, ""mean_reversion"": 0.2441507315102464, ""medium_momentum"": 0.10797846692710765, ""ridge"": 0.10797846692710765, ""risk_adjusted"": 0.10797846692710765, ""short_momentum"": 0.10797846692710765, ""trend"": 0.10797846692710765, ""volume_momentum"": 0.10797846692710765}",0.06056164583967141,0.7840430661457847,-0.07693804222364861,0.08915811445338394,1605.TW,2010-01-15,2010-01-18
0.040461827289570616,2243000,0,0.010446482565723666,0.010446482565723666,0.05865964846697397,D-1 estimated accounting; fill-day constraints require ledger audit,adaptive,V4_CAUSAL_7_EXPERTS_RIDGE_ANCHOR20,disabled,2010-01-15,risk_on,0.01618427624676224,0.005658687577290267,0.06799199540212642,0.5625,0.09286381225846267,0.7767857142857143,0.9017857142857143,2009-12-21,2009-12-28,"{""long_momentum"": 0.10797846692710765, ""mean_reversion"": 0.2441507315102464, ""medium_momentum"": 0.10797846692710765, ""ridge"": 0.10797846692710765, ""risk_adjusted"": 0.10797846692710765, ""short_momentum"": 0.10797846692710765, ""trend"": 0.10797846692710765, ""volume_momentum"": 0.10797846692710765}",0.06242932535368311,0.29574160312529185,-0.08834330244813761,0.08879744749296689,1815.TWO,2010-01-15,2010-01-18
0.03711232682939301,3544000,0,0.0027383199078510924,0.0027383199078510924,0.009136887473561488,D-1 estimated accounting; fill-day constraints require ledger audit,adaptive,V4_CAUSAL_7_EXPERTS_RIDGE_ANCHOR20,disabled,2010-01-15,risk_on,0.01618427624676224,0.005658687577290267,0.06799199540212642,0.5625,0.09286381225846267,0.7767857142857143,0.9017857142857143,2009-12-21,2009-12-28,"{""long_momentum"": 0.10797846692710765, ""mean_reversion"": 0.2441507315102464, ""medium_momentum"": 0.10797846692710765, ""ridge"": 0.10797846692710765, ""risk_adjusted"": 0.10797846692710765, ""short_momentum"": 0.10797846692710765, ""trend"": 0.10797846692710765, ""volume_momentum"": 0.10797846692710765}",0.059833848004711525,0.07978466927107655,-0.0879100181079174,0.07294783783700153,2313.TW,2010-01-15,2010-01-18
0.042778190002083154,3528000,0,0.007302790362735593,0.007302790362735593,0.07373667582678221,D-1 estimated accounting; fill-day constraints require ledger audit,adaptive,V4_CAUSAL_7_EXPERTS_RIDGE_ANCHOR20,disabled,2010-01-15,risk_on,0.01618427624676224,0.005658687577290267,0.06799199540212642,0.5625,0.09286381225846267,0.7767857142857143,0.9017857142857143,2009-12-21,2009-12-28,"{""long_momentum"": 0.10797846692710765, ""mean_reversion"": 0.2441507315102464, ""medium_momentum"": 0.10797846692710765, ""ridge"": 0.10797846692710765, ""risk_adjusted"": 0.10797846692710765, ""short_momentum"": 0.10797846692710765, ""trend"": 0.10797846692710765, ""volume_momentum"": 0.10797846692710765}",0.07307290305970686,0.5116985369795071,-0.11261848622216301,0.10678524686101615,2327.TW,2010-01-15,2010-01-18
0.039373857719147906,4225000,0,0.014095111428577056,0.014095111428577056,0.06701407690755487,D-1 estimated accounting; fill-day constraints require ledger audit,adaptive,V4_CAUSAL_7_EXPERTS_RIDGE_ANCHOR20,disabled,2010-01-15,risk_on,0.01618427624676224,0.005658687577290267,0.06799199540212642,0.5625,0.09286381225846267,0.7767857142857143,0.9017857142857143,2009-12-21,2009-12-28,"{""long_momentum"": 0.10797846692710765, ""mean_reversion"": 0.2441507315102464, ""medium_momentum"": 0.10797846692710765, ""ridge"": 0.10797846692710765, ""risk_adjusted"": 0.10797846692710765, ""short_momentum"": 0.10797846692710765, ""trend"": 0.10797846692710765, ""volume_momentum"": 0.10797846692710765}",0.06517403210575429,0.29574160312529185,-0.09122314043903694,0.098974543209573,2344.TW,2010-01-15,2010-01-18
0.03923393512347674,567000,0,-0.009070843926416307,-0.009070843926416307,0.10900885453713911,D-1 estimated accounting; fill-day constraints require ledger audit,adaptive,V4_CAUSAL_7_EXPERTS_RIDGE_ANCHOR20,disabled,2010-01-15,risk_on,0.01618427624676224,0.005658687577290267,0.06799199540212642,0.5625,0.09286381225846267,0.7767857142857143,0.9017857142857143,2009-12-21,2009-12-28,"{""long_momentum"": 0.10797846692710765, ""mean_reversion"": 0.2441507315102464, ""medium_momentum"": 0.10797846692710765, ""ridge"": 0.10797846692710765, ""risk_adjusted"": 0.10797846692710765, ""short_momentum"": 0.10797846692710765, ""trend"": 0.10797846692710765, ""volume_momentum"": 0.10797846692710765}",0.05925761492380311,0.5680861322915693,-0.0973046365632649,0.05872412862381426,2360.TW,2010-01-15,2010-01-18
0.04240809398506894,1316000,0,0.0018235187879494016,0.0018235187879494016,0.045091554576341314,D-1 estimated accounting; fill-day constraints require ledger audit,adaptive,V4_CAUSAL_7_EXPERTS_RIDGE_ANCHOR20,disabled,2010-01-15,risk_on,0.01618427624676224,0.005658687577290267,0.06799199540212642,0.5625,0.09286381225846267,0.7767857142857143,0.9017857142857143,2009-12-21,2009-12-28,"{""long_momentum"": 0.10797846692710765, ""mean_reversion"": 0.2441507315102464, ""medium_momentum"": 0.10797846692710765, ""ridge"": 0.10797846692710765, ""risk_adjusted"": 0.10797846692710765, ""short_momentum"": 0.10797846692710765, ""trend"": 0.10797846692710765, ""volume_momentum"": 0.10797846692710765}",0.07060970820214103,0.5116985369795071,-0.11394520776038902,0.09715342524966976,2376.TW,2010-01-15,2010-01-18
0.04332305149528743,1956000,0,0.0010080069660353846,0.0010080069660353846,0.03633735378310062,D-1 estimated accounting; fill-day constraints require ledger audit,adaptive,V4_CAUSAL_7_EXPERTS_RIDGE_ANCHOR20,disabled,2010-01-15,risk_on,0.01618427624676224,0.005658687577290267,0.06799199540212642,0.5625,0.09286381225846267,0.7767857142857143,0.9017857142857143,2009-12-21,2009-12-28,"{""long_momentum"": 0.10797846692710765, ""mean_reversion"": 0.2441507315102464, ""medium_momentum"": 0.10797846692710765, ""ridge"": 0.10797846692710765, ""risk_adjusted"": 0.10797846692710765, ""short_momentum"": 0.10797846692710765, ""trend"": 0.10797846692710765, ""volume_momentum"": 0.10797846692710765}",0.07859607271003476,0.5116985369795071,-0.12746681501640672,0.10904400886185944,2377.TW,2010-01-15,2010-01-18
0.04052374792267106,574000,0,0.0017745891721621114,0.0017745891721621114,0.008218047500169778,D-1 estimated accounting; fill-day constraints require ledger audit,adaptive,V4_CAUSAL_7_EXPERTS_RIDGE_ANCHOR20,disabled,2010-01-15,risk_on,0.01618427624676224,0.005658687577290267,0.06799199540212642,0.5625,0.09286381225846267,0.7767857142857143,0.9017857142857143,2009-12-21,2009-12-28,"{""long_momentum"": 0.10797846692710765, ""mean_reversion"": 0.2441507315102464, ""medium_momentum"": 0.10797846692710765, ""ridge"": 0.10797846692710765, ""risk_adjusted"": 0.10797846692710765, ""short_momentum"": 0.10797846692710765, ""trend"": 0.10797846692710765, ""volume_momentum"": 0.10797846692710765}",0.05899630793414006,0.07978466927107654,-0.08521113153394538,0.06832148979165154,2395.TW,2010-01-15,2010-01-18
0.04104909640083277,1492000,0,0.008268565445273011,0.008268565445273011,0.05412547622675268,D-1 estimated accounting; fill-day constraints require ledger audit,adaptive,V4_CAUSAL_7_EXPERTS_RIDGE_ANCHOR20,disabled,2010-01-15,risk_on,0.01618427624676224,0.005658687577290267,0.06799199540212642,0.5625,0.09286381225846267,0.7767857142857143,0.9017857142857143,2009-12-21,2009-12-28,"{""long_momentum"": 0.10797846692710765, ""mean_reversion"": 0.2441507315102464, ""medium_momentum"": 0.10797846692710765, ""ridge"": 0.10797846692710765, ""risk_adjusted"": 0.10797846692710765, ""short_momentum"": 0.10797846692710765, ""trend"": 0.10797846692710765, ""volume_momentum"": 0.10797846692710765}",0.05923087639831373,0.29574160312529185,-0.07984282849221389,0.07594113929614185,2404.TW,2010-01-15,2010-01-18
0.042882292814043294,1262000,0,0.024611491569041497,0.024611491569041497,0.14785190407580928,D-1 estimated accounting; fill-day constraints require ledger audit,adaptive,V4_CAUSAL_7_EXPERTS_RIDGE_ANCHOR20,disabled,2010-01-15,risk_on,0.01618427624676224,0.005658687577290267,0.06799199540212642,0.5625,0.09286381225846267,0.7767857142857143,0.9017857142857143,2009-12-21,2009-12-28,"{""long_momentum"": 0.10797846692710765, ""mean_reversion"": 0.2441507315102464, ""medium_momentum"": 0.10797846692710765, ""ridge"": 0.10797846692710765, ""risk_adjusted"": 0.10797846692710765, ""short_momentum"": 0.10797846692710765, ""trend"": 0.10797846692710765, ""volume_momentum"": 0.10797846692710765}",0.07287049544608992,0.5116985369795071,-0.0949780605196731,0.12376222357113803,2408.TW,2010-01-15,2010-01-18
0.0443490503350101,2715000,0,0.0029042222291621664,0.0029042222291621664,0.04060343416732658,D-1 estimated accounting; fill-day constraints require ledger audit,adaptive,V4_CAUSAL_7_EXPERTS_RIDGE_ANCHOR20,disabled,2010-01-15,risk_on,0.01618427624676224,0.005658687577290267,0.06799199540212642,0.5625,0.09286381225846267,0.7767857142857143,0.9017857142857143,2009-12-21,2009-12-28,"{""long_momentum"": 0.10797846692710765, ""mean_reversion"": 0.2441507315102464, ""medium_momentum"": 0.10797846692710765, ""ridge"": 0.10797846692710765, ""risk_adjusted"": 0.10797846692710765, ""short_momentum"": 0.10797846692710765, ""trend"": 0.10797846692710765, ""volume_momentum"": 0.10797846692710765}",0.09170752326890301,0.5116985369795071,-0.1435153397307181,0.12888496410242437,2449.TW,2010-01-15,2010-01-18
0.03923543805146462,343000,0,-0.007068802920547717,-0.007068802920547717,0.022449635681010494,D-1 estimated accounting; fill-day constraints require ledger audit,adaptive,V4_CAUSAL_7_EXPERTS_RIDGE_ANCHOR20,disabled,2010-01-15,risk_on,0.01618427624676224,0.005658687577290267,0.06799199540212642,0.5625,0.09286381225846267,0.7767857142857143,0.9017857142857143,2009-12-21,2009-12-28,"{""long_momentum"": 0.10797846692710765, ""mean_reversion"": 0.2441507315102464, ""medium_momentum"": 0.10797846692710765, ""ridge"": 0.10797846692710765, ""risk_adjusted"": 0.10797846692710765, ""short_momentum"": 0.10797846692710765, ""trend"": 0.10797846692710765, ""volume_momentum"": 0.10797846692710765}",0.06113667122835873,0.13617226458313875,-0.10218176552052313,0.06760533959280964,2451.TW,2010-01-15,2010-01-18
0.04252647461291389,3277000,0,0.015784796395417064,0.015784796395417064,0.20262649394730678,D-1 estimated accounting; fill-day constraints require ledger audit,adaptive,V4_CAUSAL_7_EXPERTS_RIDGE_ANCHOR20,disabled,2010-01-15,risk_on,0.01618427624676224,0.005658687577290267,0.06799199540212642,0.5625,0.09286381225846267,0.7767857142857143,0.9017857142857143,2009-12-21,2009-12-28,"{""long_momentum"": 0.10797846692710765, ""mean_reversion"": 0.2441507315102464, ""medium_momentum"": 0.10797846692710765, ""ridge"": 0.10797846692710765, ""risk_adjusted"": 0.10797846692710765, ""short_momentum"": 0.10797846692710765, ""trend"": 0.10797846692710765, ""volume_momentum"": 0.10797846692710765}",0.05963990610827668,0.7840430661457847,-0.07409284900075656,0.08522362170497264,2887.TW,2010-01-15,2010-01-18
0.04008434187661601,3200000,0,0.0014768535005264664,0.0014768535005264664,0.007909788295913336,D-1 estimated accounting; fill-day constraints require ledger audit,adaptive,V4_CAUSAL_7_EXPERTS_RIDGE_ANCHOR20,disabled,2010-01-15,risk_on,0.01618427624676224,0.005658687577290267,0.06799199540212642,0.5625,0.09286381225846267,0.7767857142857143,0.9017857142857143,2009-12-21,2009-12-28,"{""long_momentum"": 0.10797846692710765, ""mean_reversion"": 0.2441507315102464, ""medium_momentum"": 0.10797846692710765, ""ridge"": 0.10797846692710765, ""risk_adjusted"": 0.10797846692710765, ""short_momentum"": 0.10797846692710765, ""trend"": 0.10797846692710765, ""volume_momentum"": 0.10797846692710765}",0.05885404982133665,0.07978466927107655,-0.08477272746157649,0.06728761437601136,2890.TW,2010-01-15,2010-01-18
0.04066782861910868,1514000,0,-0.000754321291747553,-0.000754321291747553,0.011926542684856602,D-1 estimated accounting; fill-day constraints require ledger audit,adaptive,V4_CAUSAL_7_EXPERTS_RIDGE_ANCHOR20,disabled,2010-01-15,risk_on,0.01618427624676224,0.005658687577290267,0.06799199540212642,0.5625,0.09286381225846267,0.7767857142857143,0.9017857142857143,2009-12-21,2009-12-28,"{""long_momentum"": 0.10797846692710765, ""mean_reversion"": 0.2441507315102464, ""medium_momentum"": 0.10797846692710765, ""ridge"": 0.10797846692710765, ""risk_adjusted"": 0.10797846692710765, ""short_momentum"": 0.10797846692710765, ""trend"": 0.10797846692710765, ""volume_momentum"": 0.10797846692710765}",0.05994610691626651,0.13617226458313875,-0.09183272454441119,0.06988526187429801,3036.TW,2010-01-15,2010-01-18
0.043575894080447604,381000,0,0.03344061904638196,0.03344061904638196,0.3966168679511132,D-1 estimated accounting; fill-day constraints require ledger audit,adaptive,V4_CAUSAL_7_EXPERTS_RIDGE_ANCHOR20,disabled,2010-01-15,risk_on,0.01618427624676224,0.005658687577290267,0.06799199540212642,0.5625,0.09286381225846267,0.7767857142857143,0.9017857142857143,2009-12-21,2009-12-28,"{""long_momentum"": 0.10797846692710765, ""mean_reversion"": 0.2441507315102464, ""medium_momentum"": 0.10797846692710765, ""ridge"": 0.10797846692710765, ""risk_adjusted"": 0.10797846692710765, ""short_momentum"": 0.10797846692710765, ""trend"": 0.10797846692710765, ""volume_momentum"": 0.10797846692710765}",0.05848067238774872,1.0,-0.05059955237760816,0.09704197038375402,3044.TW,2010-01-15,2010-01-18
0.04028347983500945,365000,0,0.008935472811066766,0.008935472811066766,0.10872441678737292,D-1 estimated accounting; fill-day constraints require ledger audit,adaptive,V4_CAUSAL_7_EXPERTS_RIDGE_ANCHOR20,disabled,2010-01-15,risk_on,0.01618427624676224,0.005658687577290267,0.06799199540212642,0.5625,0.09286381225846267,0.7767857142857143,0.9017857142857143,2009-12-21,2009-12-28,"{""long_momentum"": 0.10797846692710765, ""mean_reversion"": 0.2441507315102464, ""medium_momentum"": 0.10797846692710765, ""ridge"": 0.10797846692710765, ""risk_adjusted"": 0.10797846692710765, ""short_momentum"": 0.10797846692710765, ""trend"": 0.10797846692710765, ""volume_momentum"": 0.10797846692710765}",0.05887750779452484,0.5680861322915693,-0.07743871921148361,0.0748708447469991,3211.TWO,2010-01-15,2010-01-18
0.038024979850030095,394000,0,0.007823798100783647,0.007823798100783647,0.10015605770210886,D-1 estimated accounting; fill-day constraints require ledger audit,adaptive,V4_CAUSAL_7_EXPERTS_RIDGE_ANCHOR20,disabled,2010-01-15,risk_on,0.01618427624676224,0.005658687577290267,0.06799199540212642,0.5625,0.09286381225846267,0.7767857142857143,0.9017857142857143,2009-12-21,2009-12-28,"{""long_momentum"": 0.10797846692710765, ""mean_reversion"": 0.2441507315102464, ""medium_momentum"": 0.10797846692710765, ""ridge"": 0.10797846692710765, ""risk_adjusted"": 0.10797846692710765, ""short_momentum"": 0.10797846692710765, ""trend"": 0.10797846692710765, ""volume_momentum"": 0.10797846692710765}",0.05991290930866506,0.5680861322915693,-0.08312856636216116,0.07833734247711041,3260.TWO,2010-01-15,2010-01-18
0.038997223965386435,242000,0,-0.0007552293362360629,-0.0007552293362360629,0.03167833229942569,D-1 estimated accounting; fill-day constraints require ledger audit,adaptive,V4_CAUSAL_7_EXPERTS_RIDGE_ANCHOR20,disabled,2010-01-15,risk_on,0.01618427624676224,0.005658687577290267,0.06799199540212642,0.5625,0.09286381225846267,0.7767857142857143,0.9017857142857143,2009-12-21,2009-12-28,"{""long_momentum"": 0.10797846692710765, ""mean_reversion"": 0.2441507315102464, ""medium_momentum"": 0.10797846692710765, ""ridge"": 0.10797846692710765, ""risk_adjusted"": 0.10797846692710765, ""short_momentum"": 0.10797846692710765, ""trend"": 0.10797846692710765, ""volume_momentum"": 0.10797846692710765}",0.05821860217220767,0.3521291984373541,-0.08284336552421703,0.06089408676512685,3443.TW,2010-01-15,2010-01-18
0.03796761809849287,954000,0,0.0016050008353034216,0.0016050008353034216,0.01316734803584715,D-1 estimated accounting; fill-day constraints require ledger audit,adaptive,V4_CAUSAL_7_EXPERTS_RIDGE_ANCHOR20,disabled,2010-01-15,risk_on,0.01618427624676224,0.005658687577290267,0.06799199540212642,0.5625,0.09286381225846267,0.7767857142857143,0.9017857142857143,2009-12-21,2009-12-28,"{""long_momentum"": 0.10797846692710765, ""mean_reversion"": 0.2441507315102464, ""medium_momentum"": 0.10797846692710765, ""ridge"": 0.10797846692710765, ""risk_adjusted"": 0.10797846692710765, ""short_momentum"": 0.10797846692710765, ""trend"": 0.10797846692710765, ""volume_momentum"": 0.10797846692710765}",0.06170168619599475,0.13617226458313875,-0.09518280883095719,0.07795399041494597,6139.TW,2010-01-15,2010-01-18
0.042586967464425855,379000,0,-0.0030568827226948323,-0.0030568827226948323,0.04565104615725052,D-1 estimated accounting; fill-day constraints require ledger audit,adaptive,V4_CAUSAL_7_EXPERTS_RIDGE_ANCHOR20,disabled,2010-01-15,risk_on,0.01618427624676224,0.005658687577290267,0.06799199540212642,0.5625,0.09286381225846267,0.7767857142857143,0.9017857142857143,2009-12-21,2009-12-28,"{""long_momentum"": 0.10797846692710765, ""mean_reversion"": 0.2441507315102464, ""medium_momentum"": 0.10797846692710765, ""ridge"": 0.10797846692710765, ""risk_adjusted"": 0.10797846692710765, ""short_momentum"": 0.10797846692710765, ""trend"": 0.10797846692710765, ""volume_momentum"": 0.10797846692710765}",0.08225200280902539,0.5116985369795071,-0.13679384751805557,0.11024126198604786,6239.TW,2010-01-15,2010-01-18
0.043441389243222876,3455000,0,-0.001614480126196674,-0.001614480126196674,0.007769830464994615,D-1 estimated accounting; fill-day constraints require ledger audit,adaptive,V4_CAUSAL_7_EXPERTS_RIDGE_ANCHOR20,disabled,2010-01-18,risk_on,0.016354612689187364,-0.0018668553063505011,0.06494029763666498,0.44642857142857145,0.0968715255696888,0.7142857142857143,0.8571428571428571,2009-12-21,2009-12-28,"{""long_momentum"": 0.10797846692710765, ""mean_reversion"": 0.2441507315102464, ""medium_momentum"": 0.10797846692710765, ""ridge"": 0.10797846692710765, ""risk_adjusted"": 0.10797846692710765, ""short_momentum"": 0.10797846692710765, ""trend"": 0.10797846692710765, ""volume_momentum"": 0.10797846692710765}",0.06130644963492342,0.07978466927107655,-0.09724352042363482,0.0735757400846234,1605.TW,2010-01-18,2010-01-19
0.040003239144838915,2243000,0,0.014677338023533815,0.014677338023533815,0.12336120923133881,D-1 estimated accounting; fill-day constraints require ledger audit,adaptive,V4_CAUSAL_7_EXPERTS_RIDGE_ANCHOR20,disabled,2010-01-18,risk_on,0.016354612689187364,-0.0018668553063505011,0.06494029763666498,0.44642857142857145,0.0968715255696888,0.7142857142857143,0.8571428571428571,2009-12-21,2009-12-28,"{""long_momentum"": 0.10797846692710765, ""mean_reversion"": 0.2441507315102464, ""medium_momentum"": 0.10797846692710765, ""ridge"": 0.10797846692710765, ""risk_adjusted"": 0.10797846692710765, ""short_momentum"": 0.10797846692710765, ""trend"": 0.10797846692710765, ""volume_momentum"": 0.10797846692710765}",0.06194366051427536,0.5116985369795071,-0.08279358699275635,0.0917094429532059,1815.TWO,2010-01-18,2010-01-19
0.037281498663135605,3544000,0,0.006284778066449833,0.006284778066449833,0.04736574228990696,D-1 estimated accounting; fill-day constraints require ledger audit,adaptive,V4_CAUSAL_7_EXPERTS_RIDGE_ANCHOR20,disabled,2010-01-18,risk_on,0.016354612689187364,-0.0018668553063505011,0.06494029763666498,0.44642857142857145,0.0968715255696888,0.7142857142857143,0.8571428571428571,2009-12-21,2009-12-28,"{""long_momentum"": 0.10797846692710765, ""mean_reversion"": 0.2441507315102464, ""medium_momentum"": 0.10797846692710765, ""ridge"": 0.10797846692710765, ""risk_adjusted"": 0.10797846692710765, ""short_momentum"": 0.10797846692710765, ""trend"": 0.10797846692710765, ""volume_momentum"": 0.10797846692710765}",0.059174971848546386,0.29574160312529185,-0.08156705461142004,0.07369779065770166,2313.TW,2010-01-18,2010-01-19
0.04206163646135059,3528000,0,0.01277972430663929,0.01277972430663929,0.11735684707222688,D-1 estimated accounting; fill-day constraints require ledger audit,adaptive,V4_CAUSAL_7_EXPERTS_RIDGE_ANCHOR20,disabled,2010-01-18,risk_on,0.016354612689187364,-0.0018668553063505011,0.06494029763666498,0.44642857142857145,0.0968715255696888,0.7142857142857143,0.8571428571428571,2009-12-21,2009-12-28,"{""long_momentum"": 0.10797846692710765, ""mean_reversion"": 0.2441507315102464, ""medium_momentum"": 0.10797846692710765, ""ridge"": 0.10797846692710765, ""risk_adjusted"": 0.10797846692710765, ""short_momentum"": 0.10797846692710765, ""trend"": 0.10797846692710765, ""volume_momentum"": 0.10797846692710765}",0.05974331028892257,0.5116985369795071,-0.07751342934356042,0.08263405787022095,2327.TW,2010-01-18,2010-01-19
0.03856075826117819,4225000,0,0.020509401060933408,0.020509401060933408,0.16677705304402374,D-1 estimated accounting; fill-day constraints require ledger audit,adaptive,V4_CAUSAL_7_EXPERTS_RIDGE_ANCHOR20,disabled,2010-01-18,risk_on,0.016354612689187364,-0.0018668553063505011,0.06494029763666498,0.44642857142857145,0.0968715255696888,0.7142857142857143,0.8571428571428571,2009-12-21,2009-12-28,"{""long_momentum"": 0.10797846692710765, ""mean_reversion"": 0.2441507315102464, ""medium_momentum"": 0.10797846692710765, ""ridge"": 0.10797846692710765, ""risk_adjusted"": 0.10797846692710765, ""short_momentum"": 0.10797846692710765, ""trend"": 0.10797846692710765, ""volume_momentum"": 0.10797846692710765}",0.06138227091239747,0.5680861322915693,-0.07534639483301733,0.0959263768682661,2344.TW,2010-01-18,2010-01-19
0.038940858302428785,567000,0,-0.01049622841235393,-0.01049622841235393,0.11604426225115702,D-1 estimated accounting; fill-day constraints require ledger audit,adaptive,V4_CAUSAL_7_EXPERTS_RIDGE_ANCHOR20,disabled,2010-01-18,risk_on,0.016354612689187364,-0.0018668553063505011,0.06494029763666498,0.44642857142857145,0.0968715255696888,0.7142857142857143,0.8571428571428571,2009-12-21,2009-12-28,"{""long_momentum"": 0.10797846692710765, ""mean_reversion"": 0.2441507315102464, ""medium_momentum"": 0.10797846692710765, ""ridge"": 0.10797846692710765, ""risk_adjusted"": 0.10797846692710765, ""short_momentum"": 0.10797846692710765, ""trend"": 0.10797846692710765, ""volume_momentum"": 0.10797846692710765}",0.06036441556182151,0.5680861322915693,-0.10308998736713745,0.06165871045581154,2360.TW,2010-01-18,2010-01-19
0.042068848890812055,1316000,0,0.011444337180918866,0.011444337180918866,0.11124774895378733,D-1 estimated accounting; fill-day constraints require ledger audit,adaptive,V4_CAUSAL_7_EXPERTS_RIDGE_ANCHOR20,disabled,2010-01-18,risk_on,0.016354612689187364,-0.0018668553063505011,0.06494029763666498,0.44642857142857145,0.0968715255696888,0.7142857142857143,0.8571428571428571,2009-12-21,2009-12-28,"{""long_momentum"": 0.10797846692710765, ""mean_reversion"": 0.2441507315102464, ""medium_momentum"": 0.10797846692710765, ""ridge"": 0.10797846692710765, ""risk_adjusted"": 0.10797846692710765, ""short_momentum"": 0.10797846692710765, ""trend"": 0.10797846692710765, ""volume_momentum"": 0.10797846692710765}",0.05919353734874305,0.5116985369795071,-0.0764942546213917,0.07894410889661138,2376.TW,2010-01-18,2010-01-19
0.0446852077642729,1956000,0,-0.00593161755242154,-0.00593161755242154,0.04653643260727579,D-1 estimated accounting; fill-day constraints require ledger audit,adaptive,V4_CAUSAL_7_EXPERTS_RIDGE_ANCHOR20,disabled,2010-01-18,risk_on,0.016354612689187364,-0.0018668553063505011,0.06494029763666498,0.44642857142857145,0.0968715255696888,0.7142857142857143,0.8571428571428571,2009-12-21,2009-12-28,"{""long_momentum"": 0.10797846692710765, ""mean_reversion"": 0.2441507315102464, ""medium_momentum"": 0.10797846692710765, ""ridge"": 0.10797846692710765, ""risk_adjusted"": 0.10797846692710765, ""short_momentum"": 0.10797846692710765, ""trend"": 0.10797846692710765, ""volume_momentum"": 0.10797846692710765}",0.10926867273624684,0.5116985369795071,-0.17388348838547257,0.14158143319401145,2377.TW,2010-01-18,2010-01-19
0.04155050560958522,574000,0,-0.01221140545658677,-0.01221140545658677,0.07219020812746649,D-1 estimated accounting; fill-day constraints require ledger audit,adaptive,V4_CAUSAL_7_EXPERTS_RIDGE_ANCHOR20,disabled,2010-01-18,risk_on,0.016354612689187364,-0.0018668553063505011,0.06494029763666498,0.44642857142857145,0.0968715255696888,0.7142857142857143,0.8571428571428571,2009-12-21,2009-12-28,"{""long_momentum"": 0.10797846692710765, ""mean_reversion"": 0.2441507315102464, ""medium_momentum"": 0.10797846692710765, ""ridge"": 0.10797846692710765, ""risk_adjusted"": 0.10797846692710765, ""short_momentum"": 0.10797846692710765, ""trend"": 0.10797846692710765, ""volume_momentum"": 0.10797846692710765}",0.06674234069007777,0.3521291984373541,-0.12079093760684267,0.07592930660705108,2395.TW,2010-01-18,2010-01-19
0.04103985057781903,1492000,0,0.013870272070217089,0.013870272070217089,0.1894764050836636,D-1 estimated accounting; fill-day constraints require ledger audit,adaptive,V4_CAUSAL_7_EXPERTS_RIDGE_ANCHOR20,disabled,2010-01-18,risk_on,0.016354612689187364,-0.0018668553063505011,0.06494029763666498,0.44642857142857145,0.0968715255696888,0.7142857142857143,0.8571428571428571,2009-12-21,2009-12-28,"{""long_momentum"": 0.10797846692710765, ""mean_reversion"": 0.2441507315102464, ""medium_momentum"": 0.10797846692710765, ""ridge"": 0.10797846692710765, ""risk_adjusted"": 0.10797846692710765, ""short_momentum"": 0.10797846692710765, ""trend"": 0.10797846692710765, ""volume_momentum"": 0.10797846692710765}",0.05921388815229382,0.7840430661457847,-0.07416277730738402,0.08146450136120013,2404.TW,2010-01-18,2010-01-19
0.04299910203239347,1262000,0,0.01671346146337016,0.01671346146337016,0.09741061979932275,D-1 estimated accounting; fill-day constraints require ledger audit,adaptive,V4_CAUSAL_7_EXPERTS_RIDGE_ANCHOR20,disabled,2010-01-18,risk_on,0.016354612689187364,-0.0018668553063505011,0.06494029763666498,0.44642857142857145,0.0968715255696888,0.7142857142857143,0.8571428571428571,2009-12-21,2009-12-28,"{""long_momentum"": 0.10797846692710765, ""mean_reversion"": 0.2441507315102464, ""medium_momentum"": 0.10797846692710765, ""ridge"": 0.10797846692710765, ""risk_adjusted"": 0.10797846692710765, ""short_momentum"": 0.10797846692710765, ""trend"": 0.10797846692710765, ""volume_momentum"": 0.10797846692710765}",0.09234747446391224,0.5116985369795071,-0.13052862542198865,0.14351672826211093,2408.TW,2010-01-18,2010-01-19
0.046651220871467454,2715000,0,-0.0059571439344083,-0.0059571439344083,0.03409159784789325,D-1 estimated accounting; fill-day constraints require ledger audit,adaptive,V4_CAUSAL_7_EXPERTS_RIDGE_ANCHOR20,disabled,2010-01-18,risk_on,0.016354612689187364,-0.0018668553063505011,0.06494029763666498,0.44642857142857145,0.0968715255696888,0.7142857142857143,0.8571428571428571,2009-12-21,2009-12-28,"{""long_momentum"": 0.10797846692710765, ""mean_reversion"": 0.2441507315102464, ""medium_momentum"": 0.10797846692710765, ""ridge"": 0.10797846692710765, ""risk_adjusted"": 0.10797846692710765, ""short_momentum"": 0.10797846692710765, ""trend"": 0.10797846692710765, ""volume_momentum"": 0.10797846692710765}",0.15350433263604485,0.5116985369795071,-0.22338885041476836,0.1910357424593337,2449.TW,2010-01-18,2010-01-19
0.03853841475574237,343000,0,-0.0019135827625587397,-0.0019135827625587397,0.01435999884063662,D-1 estimated accounting; fill-day constraints require ledger audit,adaptive,V4_CAUSAL_7_EXPERTS_RIDGE_ANCHOR20,disabled,2010-01-18,risk_on,0.016354612689187364,-0.0018668553063505011,0.06494029763666498,0.44642857142857145,0.0968715255696888,0.7142857142857143,0.8571428571428571,2009-12-21,2009-12-28,"{""long_momentum"": 0.10797846692710765, ""mean_reversion"": 0.2441507315102464, ""medium_momentum"": 0.10797846692710765, ""ridge"": 0.10797846692710765, ""risk_adjusted"": 0.10797846692710765, ""short_momentum"": 0.10797846692710765, ""trend"": 0.10797846692710765, ""volume_momentum"": 0.10797846692710765}",0.05864618723522486,0.13617226458313875,-0.08699275792775647,0.06272677231602095,2451.TW,2010-01-18,2010-01-19
0.04218858022850388,3277000,0,0.011340619713610927,0.011340619713610927,0.12123493833778558,D-1 estimated accounting; fill-day constraints require ledger audit,adaptive,V4_CAUSAL_7_EXPERTS_RIDGE_ANCHOR20,disabled,2010-01-18,risk_on,0.016354612689187364,-0.0018668553063505011,0.06494029763666498,0.44642857142857145,0.0968715255696888,0.7142857142857143,0.8571428571428571,2009-12-21,2009-12-28,"{""long_momentum"": 0.10797846692710765, ""mean_reversion"": 0.2441507315102464, ""medium_momentum"": 0.10797846692710765, ""ridge"": 0.10797846692710765, ""risk_adjusted"": 0.10797846692710765, ""short_momentum"": 0.10797846692710765, ""trend"": 0.10797846692710765, ""volume_momentum"": 0.10797846692710765}",0.06022872225684139,0.5680861322915693,-0.08077535172140893,0.08301777106201273,2887.TW,2010-01-18,2010-01-19
0.039273807086075065,3200000,0,-0.0018519707146486015,-0.0018519707146486015,0.05934709703775012,D-1 estimated accounting; fill-day constraints require ledger audit,adaptive,V4_CAUSAL_7_EXPERTS_RIDGE_ANCHOR20,disabled,2010-01-18,risk_on,0.016354612689187364,-0.0018668553063505011,0.06494029763666498,0.44642857142857145,0.0968715255696888,0.7142857142857143,0.8571428571428571,2009-12-21,2009-12-28,"{""long_momentum"": 0.10797846692710765, ""mean_reversion"": 0.2441507315102464, ""medium_momentum"": 0.10797846692710765, ""ridge"": 0.10797846692710765, ""risk_adjusted"": 0.10797846692710765, ""short_momentum"": 0.10797846692710765, ""trend"": 0.10797846692710765, ""volume_momentum"": 0.10797846692710765}",0.058736907868306126,0.5680861322915693,-0.0874577007866194,0.06331493927070414,2890.TW,2010-01-18,2010-01-19
0.04096209157268765,1514000,0,-0.004805791531649453,-0.004805791531649453,0.018241344228678787,D-1 estimated accounting; fill-day constraints require ledger audit,adaptive,V4_CAUSAL_7_EXPERTS_RIDGE_ANCHOR20,disabled,2010-01-18,risk_on,0.016354612689187364,-0.0018668553063505011,0.06494029763666498,0.44642857142857145,0.0968715255696888,0.7142857142857143,0.8571428571428571,2009-12-21,2009-12-28,"{""long_momentum"": 0.10797846692710765, ""mean_reversion"": 0.2441507315102464, ""medium_momentum"": 0.10797846692710765, ""ridge"": 0.10797846692710765, ""risk_adjusted"": 0.10797846692710765, ""short_momentum"": 0.10797846692710765, ""trend"": 0.10797846692710765, ""volume_momentum"": 0.10797846692710765}",0.06339478086890682,0.13617226458313877,-0.1060462348572999,0.07599583170738294,3036.TW,2010-01-18,2010-01-19
0.04394823771499551,381000,0,0.027028825874789934,0.027028825874789934,0.17385250957532877,D-1 estimated accounting; fill-day constraints require ledger audit,adaptive,V4_CAUSAL_7_EXPERTS_RIDGE_ANCHOR20,disabled,2010-01-18,risk_on,0.016354612689187364,-0.0018668553063505011,0.06494029763666498,0.44642857142857145,0.0968715255696888,0.7142857142857143,0.8571428571428571,2009-12-21,2009-12-28,"{""long_momentum"": 0.10797846692710765, ""mean_reversion"": 0.2441507315102464, ""medium_momentum"": 0.10797846692710765, ""ridge"": 0.10797846692710765, ""risk_adjusted"": 0.10797846692710765, ""short_momentum"": 0.10797846692710765, ""trend"": 0.10797846692710765, ""volume_momentum"": 0.10797846692710765}",0.062241330945696664,0.5116985369795071,-0.07125818281679883,0.10487701447976064,3044.TW,2010-01-18,2010-01-19
0.040091340974163295,365000,0,0.005661802862957782,0.005661802862957782,0.04551027263808486,D-1 estimated accounting; fill-day constraints require ledger audit,adaptive,V4_CAUSAL_7_EXPERTS_RIDGE_ANCHOR20,disabled,2010-01-18,risk_on,0.016354612689187364,-0.0018668553063505011,0.06494029763666498,0.44642857142857145,0.0968715255696888,0.7142857142857143,0.8571428571428571,2009-12-21,2009-12-28,"{""long_momentum"": 0.10797846692710765, ""mean_reversion"": 0.2441507315102464, ""medium_momentum"": 0.10797846692710765, ""ridge"": 0.10797846692710765, ""risk_adjusted"": 0.10797846692710765, ""short_momentum"": 0.10797846692710765, ""trend"": 0.10797846692710765, ""volume_momentum"": 0.10797846692710765}",0.05862230571560269,0.29574160312529185,-0.0792741529389227,0.07015893857822021,3211.TWO,2010-01-18,2010-01-19
0.03734460742092339,394000,0,0.010047084456300882,0.010047084456300882,0.11452719432144891,D-1 estimated accounting; fill-day constraints require ledger audit,adaptive,V4_CAUSAL_7_EXPERTS_RIDGE_ANCHOR20,disabled,2010-01-18,risk_on,0.016354612689187364,-0.0018668553063505011,0.06494029763666498,0.44642857142857145,0.0968715255696888,0.7142857142857143,0.8571428571428571,2009-12-21,2009-12-28,"{""long_momentum"": 0.10797846692710765, ""mean_reversion"": 0.2441507315102464, ""medium_momentum"": 0.10797846692710765, ""ridge"": 0.10797846692710765, ""risk_adjusted"": 0.10797846692710765, ""short_momentum"": 0.10797846692710765, ""trend"": 0.10797846692710765, ""volume_momentum"": 0.10797846692710765}",0.05959056000613456,0.5680861322915693,-0.07962832250823132,0.07928367133421504,3260.TWO,2010-01-18,2010-01-19
0.038866980986764506,242000,0,-0.003190760264377153,-0.003190760264377153,0.01673917782558647,D-1 estimated accounting; fill-day constraints require ledger audit,adaptive,V4_CAUSAL_7_EXPERTS_RIDGE_ANCHOR20,disabled,2010-01-18,risk_on,0.016354612689187364,-0.0018668553063505011,0.06494029763666498,0.44642857142857145,0.0968715255696888,0.7142857142857143,0.8571428571428571,2009-12-21,2009-12-28,"{""long_momentum"": 0.10797846692710765, ""mean_reversion"": 0.2441507315102464, ""medium_momentum"": 0.10797846692710765, ""ridge"": 0.10797846692710765, ""risk_adjusted"": 0.10797846692710765, ""short_momentum"": 0.10797846692710765, ""trend"": 0.10797846692710765, ""volume_momentum"": 0.10797846692710765}",0.058440611089654565,0.13617226458313875,-0.08696095166444281,0.06014061104907047,3443.TW,2010-01-18,2010-01-19
0.03728976290522686,954000,0,0.0011912151465318765,0.0011912151465318765,0.0073094869491416,D-1 estimated accounting; fill-day constraints require ledger audit,adaptive,V4_CAUSAL_7_EXPERTS_RIDGE_ANCHOR20,disabled,2010-01-18,risk_on,0.016354612689187364,-0.0018668553063505011,0.06494029763666498,0.44642857142857145,0.0968715255696888,0.7142857142857143,0.8571428571428571,2009-12-21,2009-12-28,"{""long_momentum"": 0.10797846692710765, ""mean_reversion"": 0.2441507315102464, ""medium_momentum"": 0.10797846692710765, ""ridge"": 0.10797846692710765, ""risk_adjusted"": 0.10797846692710765, ""short_momentum"": 0.10797846692710765, ""trend"": 0.10797846692710765, ""volume_momentum"": 0.10797846692710765}",0.06138726967587209,0.07978466927107654,-0.09467945259915589,0.07662306280560159,6139.TW,2010-01-18,2010-01-19
0.042957530390358656,379000,0,-0.01654020289525809,-0.01654020289525809,0.08224363754765533,D-1 estimated accounting; fill-day constraints require ledger audit,adaptive,V4_CAUSAL_7_EXPERTS_RIDGE_ANCHOR20,disabled,2010-01-18,risk_on,0.016354612689187364,-0.0018668553063505011,0.06494029763666498,0.44642857142857145,0.0968715255696888,0.7142857142857143,0.8571428571428571,2009-12-21,2009-12-28,"{""long_momentum"": 0.10797846692710765, ""mean_reversion"": 0.2441507315102464, ""medium_momentum"": 0.10797846692710765, ""ridge"": 0.10797846692710765, ""risk_adjusted"": 0.10797846692710765, ""short_momentum"": 0.10797846692710765, ""trend"": 0.10797846692710765, ""volume_momentum"": 0.10797846692710765}",0.11247734103157342,0.5116985369795071,-0.18825262606105228,0.13473340018391805,6239.TW,2010-01-18,2010-01-19
