target_weight,target_shares,order_shares,expected_return,score,confidence,reason,family,model_ensemble_id,regime,observed_date,prior_regime,market_volatility,median_R5,median_R20,breadth,dispersion,above_EMA20,above_EMA50,model_train_end,latest_label_end,expert_weights,symbol,signal_date,decision_date
0.04133385,1481000,1481000,0.03823529411764706,0.9143731215113783,1.0,D-1 estimated accounting; fill-day constraints require ledger audit,momentum,V4_MOMENTUM_full,disabled,2016-12-30,risk_on,0.011362855274280513,0.012244866818797995,0.009316746271814669,0.7883211678832117,0.08542522300399938,0.6861313868613139,0.6131386861313869,,,{},1504.TW,2016-12-30,2017-01-03
0.04135635,3109000,3109000,0.03676470588235294,0.8865428653213112,1.0,D-1 estimated accounting; fill-day constraints require ledger audit,momentum,V4_MOMENTUM_full,disabled,2016-12-30,risk_on,0.011362855274280513,0.012244866818797995,0.009316746271814669,0.7883211678832117,0.08542522300399938,0.6861313868613139,0.6131386861313869,,,{},1815.TWO,2016-12-30,2017-01-03
0.0410745,98000,98000,0.047058823529411764,1.1473379132674966,1.0,D-1 estimated accounting; fill-day constraints require ledger audit,momentum,V4_MOMENTUM_full,disabled,2016-12-30,risk_on,0.011362855274280513,0.012244866818797995,0.009316746271814669,0.7883211678832117,0.08542522300399938,0.6861313868613139,0.6131386861313869,,,{},2059.TW,2016-12-30,2017-01-03
0.041357475,8932000,8932000,0.04411764705882353,1.0165378560183196,1.0,D-1 estimated accounting; fill-day constraints require ledger audit,momentum,V4_MOMENTUM_full,disabled,2016-12-30,risk_on,0.011362855274280513,0.012244866818797995,0.009316746271814669,0.7883211678832117,0.08542522300399938,0.6861313868613139,0.6131386861313869,,,{},2337.TW,2016-12-30,2017-01-03
0.04135625,812000,812000,0.04852941176470589,1.1619471876341778,1.0,D-1 estimated accounting; fill-day constraints require ledger audit,momentum,V4_MOMENTUM_full,disabled,2016-12-30,risk_on,0.011362855274280513,0.012244866818797995,0.009316746271814669,0.7883211678832117,0.08542522300399938,0.6861313868613139,0.6131386861313869,,,{},2345.TW,2016-12-30,2017-01-03
0.04131135,958000,958000,0.03529411764705882,0.8545012165450121,1.0,D-1 estimated accounting; fill-day constraints require ledger audit,momentum,V4_MOMENTUM_full,disabled,2016-12-30,risk_on,0.011362855274280513,0.012244866818797995,0.009316746271814669,0.7883211678832117,0.08542522300399938,0.6861313868613139,0.6131386861313869,,,{},2376.TW,2016-12-30,2017-01-03
0.041265,458000,458000,0.04558823529411765,1.102808787748676,1.0,D-1 estimated accounting; fill-day constraints require ledger audit,momentum,V4_MOMENTUM_full,disabled,2016-12-30,risk_on,0.011362855274280513,0.012244866818797995,0.009316746271814669,0.7883211678832117,0.08542522300399938,0.6861313868613139,0.6131386861313869,,,{},2383.TW,2016-12-30,2017-01-03
0.041340075,2410000,2410000,0.04264705882352942,0.9898382710748533,1.0,D-1 estimated accounting; fill-day constraints require ledger audit,momentum,V4_MOMENTUM_full,disabled,2016-12-30,risk_on,0.011362855274280513,0.012244866818797995,0.009316746271814669,0.7883211678832117,0.08542522300399938,0.6861313868613139,0.6131386861313869,,,{},2801.TW,2016-12-30,2017-01-03
0.041358,3446000,3446000,0.03897058823529412,0.9378595963933019,1.0,D-1 estimated accounting; fill-day constraints require ledger audit,momentum,V4_MOMENTUM_full,disabled,2016-12-30,risk_on,0.011362855274280513,0.012244866818797995,0.009316746271814669,0.7883211678832117,0.08542522300399938,0.6861313868613139,0.6131386861313869,,,{},2885.TW,2016-12-30,2017-01-03
0.039795,10000,10000,0.04191176470588235,0.977357950479462,1.0,D-1 estimated accounting; fill-day constraints require ledger audit,momentum,V4_MOMENTUM_full,disabled,2016-12-30,risk_on,0.011362855274280513,0.012244866818797995,0.009316746271814669,0.7883211678832117,0.08542522300399938,0.6861313868613139,0.6131386861313869,,,{},3008.TW,2016-12-30,2017-01-03
0.041329675,1656000,1656000,0.04632352941176471,1.1357342206955774,1.0,D-1 estimated accounting; fill-day constraints require ledger audit,momentum,V4_MOMENTUM_full,disabled,2016-12-30,risk_on,0.011362855274280513,0.012244866818797995,0.009316746271814669,0.7883211678832117,0.08542522300399938,0.6861313868613139,0.6131386861313869,,,{},3231.TW,2016-12-30,2017-01-03
0.0413362,1455000,1455000,0.036029411764705886,0.8848575926721053,1.0,D-1 estimated accounting; fill-day constraints require ledger audit,momentum,V4_MOMENTUM_full,disabled,2016-12-30,risk_on,0.011362855274280513,0.012244866818797995,0.009316746271814669,0.7883211678832117,0.08542522300399938,0.6861313868613139,0.6131386861313869,,,{},3363.TWO,2016-12-30,2017-01-03
0.04133025,526000,526000,0.03455882352941177,0.8361313868613139,1.0,D-1 estimated accounting; fill-day constraints require ledger audit,momentum,V4_MOMENTUM_full,disabled,2016-12-30,risk_on,0.011362855274280513,0.012244866818797995,0.009316746271814669,0.7883211678832117,0.08542522300399938,0.6861313868613139,0.6131386861313869,,,{},3443.TW,2016-12-30,2017-01-03
0.041356,105000,105000,0.037500000000000006,0.8955775010734222,1.0,D-1 estimated accounting; fill-day constraints require ledger audit,momentum,V4_MOMENTUM_full,disabled,2016-12-30,risk_on,0.011362855274280513,0.012244866818797995,0.009316746271814669,0.7883211678832117,0.08542522300399938,0.6861313868613139,0.6131386861313869,,,{},3529.TWO,2016-12-30,2017-01-03
0.041328125,1322000,1322000,0.03970588235294118,0.9546908544439674,1.0,D-1 estimated accounting; fill-day constraints require ledger audit,momentum,V4_MOMENTUM_full,disabled,2016-12-30,risk_on,0.011362855274280513,0.012244866818797995,0.009316746271814669,0.7883211678832117,0.08542522300399938,0.6861313868613139,0.6131386861313869,,,{},3661.TW,2016-12-30,2017-01-03
0.04136535,1178000,1178000,0.041176470588235294,0.9720910261914986,1.0,D-1 estimated accounting; fill-day constraints require ledger audit,momentum,V4_MOMENTUM_full,disabled,2016-12-30,risk_on,0.011362855274280513,0.012244866818797995,0.009316746271814669,0.7883211678832117,0.08542522300399938,0.6861313868613139,0.6131386861313869,,,{},4979.TWO,2016-12-30,2017-01-03
0.04134375,1102000,1102000,0.05,1.1931658794904823,1.0,D-1 estimated accounting; fill-day constraints require ledger audit,momentum,V4_MOMENTUM_full,disabled,2016-12-30,risk_on,0.011362855274280513,0.012244866818797995,0.009316746271814669,0.7883211678832117,0.08542522300399938,0.6861313868613139,0.6131386861313869,,,{},6139.TW,2016-12-30,2017-01-03
0.0413496,2871000,2871000,0.04926470588235295,1.1916630885931014,1.0,D-1 estimated accounting; fill-day constraints require ledger audit,momentum,V4_MOMENTUM_full,disabled,2016-12-30,risk_on,0.011362855274280513,0.012244866818797995,0.009316746271814669,0.7883211678832117,0.08542522300399938,0.6861313868613139,0.6131386861313869,,,{},6182.TWO,2016-12-30,2017-01-03
0.041366125,1110000,1110000,0.043382352941176476,1.0104694432517534,1.0,D-1 estimated accounting; fill-day constraints require ledger audit,momentum,V4_MOMENTUM_full,disabled,2016-12-30,risk_on,0.011362855274280513,0.012244866818797995,0.009316746271814669,0.7883211678832117,0.08542522300399938,0.6861313868613139,0.6131386861313869,,,{},6274.TWO,2016-12-30,2017-01-03
0.0413425,359000,359000,0.04044117647058824,0.9560111635895234,1.0,D-1 estimated accounting; fill-day constraints require ledger audit,momentum,V4_MOMENTUM_full,disabled,2016-12-30,risk_on,0.011362855274280513,0.012244866818797995,0.009316746271814669,0.7883211678832117,0.08542522300399938,0.6861313868613139,0.6131386861313869,,,{},6488.TWO,2016-12-30,2017-01-03
0.041272,368000,368000,0.04485294117647059,1.0601366824101905,1.0,D-1 estimated accounting; fill-day constraints require ledger audit,momentum,V4_MOMENTUM_full,disabled,2016-12-30,risk_on,0.011362855274280513,0.012244866818797995,0.009316746271814669,0.7883211678832117,0.08542522300399938,0.6861313868613139,0.6131386861313869,,,{},6505.TW,2016-12-30,2017-01-03
0.0413595,1060000,1060000,0.04779411764705882,1.161428366967225,1.0,D-1 estimated accounting; fill-day constraints require ledger audit,momentum,V4_MOMENTUM_full,disabled,2016-12-30,risk_on,0.011362855274280513,0.012244866818797995,0.009316746271814669,0.7883211678832117,0.08542522300399938,0.6861313868613139,0.6131386861313869,,,{},8358.TWO,2016-12-30,2017-01-03
0.04128333335186183,1481000,0,0.030147058823529416,0.827712179762416,1.0,D-1 estimated accounting; fill-day constraints require ledger audit,momentum,V4_MOMENTUM_full,disabled,2017-01-03,risk_on,0.011424251128484997,0.012048152830467007,0.01524394325633005,0.8321167883211679,0.08483758626070476,0.6788321167883211,0.6277372262773723,,,{},1504.TW,2017-01-03,2017-01-04
0.0412168317540479,3109000,0,0.033088235294117654,0.8680406469157005,1.0,D-1 estimated accounting; fill-day constraints require ledger audit,momentum,V4_MOMENTUM_full,disabled,2017-01-03,risk_on,0.011424251128484997,0.012048152830467007,0.01524394325633005,0.8321167883211679,0.08483758626070476,0.6788321167883211,0.6277372262773723,,,{},1815.TWO,2017-01-03,2017-01-04
0.04075149630026195,98000,0,0.04191176470588235,1.0430621153570918,1.0,D-1 estimated accounting; fill-day constraints require ledger audit,momentum,V4_MOMENTUM_full,disabled,2017-01-03,risk_on,0.011424251128484997,0.012048152830467007,0.01524394325633005,0.8321167883211679,0.08483758626070476,0.6788321167883211,0.6277372262773723,,,{},2059.TW,2017-01-03,2017-01-04
0.04126111594375865,8932000,0,0.03455882352941177,0.8935666237297839,1.0,D-1 estimated accounting; fill-day constraints require ledger audit,momentum,V4_MOMENTUM_full,disabled,2017-01-03,risk_on,0.011424251128484997,0.012048152830467007,0.01524394325633005,0.8321167883211679,0.08483758626070476,0.6788321167883211,0.6277372262773723,,,{},2337.TW,2017-01-03,2017-01-04
0.04218169487612436,812000,0,0.04632352941176471,1.132642765135251,1.0,D-1 estimated accounting; fill-day constraints require ledger audit,momentum,V4_MOMENTUM_full,disabled,2017-01-03,risk_on,0.011424251128484997,0.012048152830467007,0.01524394325633005,0.8321167883211679,0.08483758626070476,0.6788321167883211,0.6277372262773723,,,{},2345.TW,2017-01-03,2017-01-04
0.04119514153867937,958000,0,0.00220588235294118,0.6043688278231001,1.0,D-1 estimated accounting; fill-day constraints require ledger audit,momentum,V4_MOMENTUM_full,disabled,2017-01-03,risk_on,0.011424251128484997,0.012048152830467007,0.01524394325633005,0.8321167883211679,0.08483758626070476,0.6788321167883211,0.6277372262773723,,,{},2376.TW,2017-01-03,2017-01-04
0.04106901695301792,458000,0,0.041176470588235294,1.0263560898812079,1.0,D-1 estimated accounting; fill-day constraints require ledger audit,momentum,V4_MOMENTUM_full,disabled,2017-01-03,risk_on,0.011424251128484997,0.012048152830467007,0.01524394325633005,0.8321167883211679,0.08483758626070476,0.6788321167883211,0.6277372262773723,,,{},2383.TW,2017-01-03,2017-01-04
0.04139170911545667,2410000,0,0.032352941176470584,0.859739516244454,1.0,D-1 estimated accounting; fill-day constraints require ledger audit,momentum,V4_MOMENTUM_full,disabled,2017-01-03,risk_on,0.011424251128484997,0.012048152830467007,0.01524394325633005,0.8321167883211679,0.08483758626070476,0.6788321167883211,0.6277372262773723,,,{},2801.TW,2017-01-03,2017-01-04
0.04135769263186366,3446000,0,0.03382352941176471,0.8717332188349792,1.0,D-1 estimated accounting; fill-day constraints require ledger audit,momentum,V4_MOMENTUM_full,disabled,2017-01-03,risk_on,0.011424251128484997,0.012048152830467007,0.01524394325633005,0.8321167883211679,0.08483758626070476,0.6788321167883211,0.6277372262773723,,,{},2885.TW,2017-01-03,2017-01-04
0.04001392856006821,10000,0,0.03970588235294118,0.987544725919565,1.0,D-1 estimated accounting; fill-day constraints require ledger audit,momentum,V4_MOMENTUM_full,disabled,2017-01-03,risk_on,0.011424251128484997,0.012048152830467007,0.01524394325633005,0.8321167883211679,0.08483758626070476,0.6788321167883211,0.6277372262773723,,,{},3008.TW,2017-01-03,2017-01-04
0.04158546499764916,1656000,0,0.04558823529411765,1.1226062687848863,1.0,D-1 estimated accounting; fill-day constraints require ledger audit,momentum,V4_MOMENTUM_full,disabled,2017-01-03,risk_on,0.011424251128484997,0.012048152830467007,0.01524394325633005,0.8321167883211679,0.08483758626070476,0.6788321167883211,0.6277372262773723,,,{},3231.TW,2017-01-03,2017-01-04
0.0,0,-1455000,-0.04044117647058824,0.23196650923142986,1.0,D-1 estimated accounting; fill-day constraints require ledger audit,momentum,V4_MOMENTUM_full,disabled,2017-01-03,risk_on,0.011424251128484997,0.012048152830467007,0.01524394325633005,0.8321167883211679,0.08483758626070476,0.6788321167883211,0.6277372262773723,,,{},3363.TWO,2017-01-03,2017-01-04
0.04171435106906354,526000,0,0.03529411764705882,0.8941033347645628,1.0,D-1 estimated accounting; fill-day constraints require ledger audit,momentum,V4_MOMENTUM_full,disabled,2017-01-03,risk_on,0.011424251128484997,0.012048152830467007,0.01524394325633005,0.8321167883211679,0.08483758626070476,0.6788321167883211,0.6277372262773723,,,{},3443.TW,2017-01-03,2017-01-04
0.04317693434148313,3553000,3553000,0.047058823529411764,1.1355410047230572,1.0,D-1 estimated accounting; fill-day constraints require ledger audit,momentum,V4_MOMENTUM_full,disabled,2017-01-03,risk_on,0.011424251128484997,0.012048152830467007,0.01524394325633005,0.8321167883211679,0.08483758626070476,0.6788321167883211,0.6277372262773723,,,{},3481.TW,2017-01-03,2017-01-04
0.043153888487654064,639000,639000,0.04779411764705882,1.1366752540432232,1.0,D-1 estimated accounting; fill-day constraints require ledger audit,momentum,V4_MOMENTUM_full,disabled,2017-01-03,risk_on,0.011424251128484997,0.012048152830467007,0.01524394325633005,0.8321167883211679,0.08483758626070476,0.6788321167883211,0.6277372262773723,,,{},3491.TWO,2017-01-03,2017-01-04
0.04168763997050785,105000,0,0.04411764705882353,1.063922284242164,1.0,D-1 estimated accounting; fill-day constraints require ledger audit,momentum,V4_MOMENTUM_full,disabled,2017-01-03,risk_on,0.011424251128484997,0.012048152830467007,0.01524394325633005,0.8321167883211679,0.08483758626070476,0.6788321167883211,0.6277372262773723,,,{},3529.TWO,2017-01-03,2017-01-04
0.040836725792363984,1322000,0,0.02132352941176471,0.7430227565478745,1.0,D-1 estimated accounting; fill-day constraints require ledger audit,momentum,V4_MOMENTUM_full,disabled,2017-01-03,risk_on,0.011424251128484997,0.012048152830467007,0.01524394325633005,0.8321167883211679,0.08483758626070476,0.6788321167883211,0.6277372262773723,,,{},3661.TW,2017-01-03,2017-01-04
0.0,0,-1178000,-0.01985294117647059,0.43383068555889515,1.0,D-1 estimated accounting; fill-day constraints require ledger audit,momentum,V4_MOMENTUM_full,disabled,2017-01-03,risk_on,0.011424251128484997,0.012048152830467007,0.01524394325633005,0.8321167883211679,0.08483758626070476,0.6788321167883211,0.6277372262773723,,,{},4979.TWO,2017-01-03,2017-01-04
0.040520033585333896,1102000,0,0.04926470588235295,1.1863424932016602,1.0,D-1 estimated accounting; fill-day constraints require ledger audit,momentum,V4_MOMENTUM_full,disabled,2017-01-03,risk_on,0.011424251128484997,0.012048152830467007,0.01524394325633005,0.8321167883211679,0.08483758626070476,0.6788321167883211,0.6277372262773723,,,{},6139.TW,2017-01-03,2017-01-04
0.041378127626435404,2871000,0,0.05,1.1931336768283956,1.0,D-1 estimated accounting; fill-day constraints require ledger audit,momentum,V4_MOMENTUM_full,disabled,2017-01-03,risk_on,0.011424251128484997,0.012048152830467007,0.01524394325633005,0.8321167883211679,0.08483758626070476,0.6788321167883211,0.6277372262773723,,,{},6182.TWO,2017-01-03,2017-01-04
0.04120435485932781,1110000,0,0.04044117647058824,1.0074101903535135,1.0,D-1 estimated accounting; fill-day constraints require ledger audit,momentum,V4_MOMENTUM_full,disabled,2017-01-03,risk_on,0.011424251128484997,0.012048152830467007,0.01524394325633005,0.8321167883211679,0.08483758626070476,0.6788321167883211,0.6277372262773723,,,{},6274.TWO,2017-01-03,2017-01-04
0.041515172633028924,359000,0,0.04264705882352942,1.0545369972806642,1.0,D-1 estimated accounting; fill-day constraints require ledger audit,momentum,V4_MOMENTUM_full,disabled,2017-01-03,risk_on,0.011424251128484997,0.012048152830467007,0.01524394325633005,0.8321167883211679,0.08483758626070476,0.6788321167883211,0.6277372262773723,,,{},6488.TWO,2017-01-03,2017-01-04
0.04051928045285582,368000,0,0.037500000000000006,0.9350114498354086,1.0,D-1 estimated accounting; fill-day constraints require ledger audit,momentum,V4_MOMENTUM_full,disabled,2017-01-03,risk_on,0.011424251128484997,0.012048152830467007,0.01524394325633005,0.8321167883211679,0.08483758626070476,0.6788321167883211,0.6277372262773723,,,{},6505.TW,2017-01-03,2017-01-04
0.04339586995285922,1060000,0,0.04852941176470589,1.1672033777014454,1.0,D-1 estimated accounting; fill-day constraints require ledger audit,momentum,V4_MOMENTUM_full,disabled,2017-01-03,risk_on,0.011424251128484997,0.012048152830467007,0.01524394325633005,0.8321167883211679,0.08483758626070476,0.6788321167883211,0.6277372262773723,,,{},8358.TWO,2017-01-03,2017-01-04
0.04105889417201815,1481000,0,0.018613138686131393,0.7508515815085158,1.0,D-1 estimated accounting; fill-day constraints require ledger audit,momentum,V4_MOMENTUM_full,disabled,2017-01-04,risk_on,0.01126219127444575,0.017142813546317193,0.008547117043324448,0.8394160583941606,0.08611498643832141,0.7226277372262774,0.656934306569343,,,{},1504.TW,2017-01-04,2017-01-05
0.039950791424109226,3798000,3798000,0.05,1.1854014598540146,1.0,D-1 estimated accounting; fill-day constraints require ledger audit,momentum,V4_MOMENTUM_full,disabled,2017-01-04,risk_on,0.01126219127444575,0.017142813546317193,0.008547117043324448,0.8394160583941606,0.08611498643832141,0.7226277372262774,0.656934306569343,,,{},1785.TWO,2017-01-04,2017-01-05
0.04122901876114629,3109000,0,0.03467153284671533,0.8944038929440388,1.0,D-1 estimated accounting; fill-day constraints require ledger audit,momentum,V4_MOMENTUM_full,disabled,2017-01-04,risk_on,0.01126219127444575,0.017142813546317193,0.008547117043324448,0.8394160583941606,0.08611498643832141,0.7226277372262774,0.656934306569343,,,{},1815.TWO,2017-01-04,2017-01-05
0.04055524962219373,98000,0,0.03905109489051095,0.9343065693430656,1.0,D-1 estimated accounting; fill-day constraints require ledger audit,momentum,V4_MOMENTUM_full,disabled,2017-01-04,risk_on,0.01126219127444575,0.017142813546317193,0.008547117043324448,0.8394160583941606,0.08611498643832141,0.7226277372262774,0.656934306569343,,,{},2059.TW,2017-01-04,2017-01-05
0.04078489040218592,8932000,0,0.006204379562043794,0.6394160583941605,1.0,D-1 estimated accounting; fill-day constraints require ledger audit,momentum,V4_MOMENTUM_full,disabled,2017-01-04,risk_on,0.01126219127444575,0.017142813546317193,0.008547117043324448,0.8394160583941606,0.08611498643832141,0.7226277372262774,0.656934306569343,,,{},2337.TW,2017-01-04,2017-01-05
0.043334914935036044,812000,0,0.04416058394160584,1.1094890510948905,1.0,D-1 estimated accounting; fill-day constraints require ledger audit,momentum,V4_MOMENTUM_full,disabled,2017-01-04,risk_on,0.01126219127444575,0.017142813546317193,0.008547117043324448,0.8394160583941606,0.08611498643832141,0.7226277372262774,0.656934306569343,,,{},2345.TW,2017-01-04,2017-01-05
0.0,0,-958000,-0.01642335766423358,0.47883211678832105,1.0,D-1 estimated accounting; fill-day constraints require ledger audit,momentum,V4_MOMENTUM_full,disabled,2017-01-04,risk_on,0.01126219127444575,0.017142813546317193,0.008547117043324448,0.8394160583941606,0.08611498643832141,0.7226277372262774,0.656934306569343,,,{},2376.TW,2017-01-04,2017-01-05
0.04369764468454834,458000,0,0.04708029197080293,1.1605839416058394,1.0,D-1 estimated accounting; fill-day constraints require ledger audit,momentum,V4_MOMENTUM_full,disabled,2017-01-04,risk_on,0.01126219127444575,0.017142813546317193,0.008547117043324448,0.8394160583941606,0.08611498643832141,0.7226277372262774,0.656934306569343,,,{},2383.TW,2017-01-04,2017-01-05
0.040852332115953974,2410000,0,0.01058394160583942,0.6817518248175183,1.0,D-1 estimated accounting; fill-day constraints require ledger audit,momentum,V4_MOMENTUM_full,disabled,2017-01-04,risk_on,0.01126219127444575,0.017142813546317193,0.008547117043324448,0.8394160583941606,0.08611498643832141,0.7226277372262774,0.656934306569343,,,{},2801.TW,2017-01-04,2017-01-05
0.041058869248990146,3446000,0,0.028832116788321174,0.8277372262773722,1.0,D-1 estimated accounting; fill-day constraints require ledger audit,momentum,V4_MOMENTUM_full,disabled,2017-01-04,risk_on,0.01126219127444575,0.017142813546317193,0.008547117043324448,0.8394160583941606,0.08611498643832141,0.7226277372262774,0.656934306569343,,,{},2885.TW,2017-01-04,2017-01-05
0.03956779925283291,10000,0,0.03832116788321169,0.9270072992700729,1.0,D-1 estimated accounting; fill-day constraints require ledger audit,momentum,V4_MOMENTUM_full,disabled,2017-01-04,risk_on,0.01126219127444575,0.017142813546317193,0.008547117043324448,0.8394160583941606,0.08611498643832141,0.7226277372262774,0.656934306569343,,,{},3008.TW,2017-01-04,2017-01-05
0.04087214592321399,1656000,0,0.0427007299270073,1.0729927007299271,1.0,D-1 estimated accounting; fill-day constraints require ledger audit,momentum,V4_MOMENTUM_full,disabled,2017-01-04,risk_on,0.01126219127444575,0.017142813546317193,0.008547117043324448,0.8394160583941606,0.08611498643832141,0.7226277372262774,0.656934306569343,,,{},3231.TW,2017-01-04,2017-01-05
0.039938429602221215,1208000,1208000,0.04124087591240876,0.9639902676399026,1.0,D-1 estimated accounting; fill-day constraints require ledger audit,momentum,V4_MOMENTUM_full,disabled,2017-01-04,risk_on,0.01126219127444575,0.017142813546317193,0.008547117043324448,0.8394160583941606,0.08611498643832141,0.7226277372262774,0.656934306569343,,,{},3374.TWO,2017-01-04,2017-01-05
0.04199031757443492,526000,0,0.04197080291970803,1.0175182481751825,1.0,D-1 estimated accounting; fill-day constraints require ledger audit,momentum,V4_MOMENTUM_full,disabled,2017-01-04,risk_on,0.01126219127444575,0.017142813546317193,0.008547117043324448,0.8394160583941606,0.08611498643832141,0.7226277372262774,0.656934306569343,,,{},3443.TW,2017-01-04,2017-01-05
0.043042094279063796,3553000,0,0.04489051094890511,1.1284671532846717,1.0,D-1 estimated accounting; fill-day constraints require ledger audit,momentum,V4_MOMENTUM_full,disabled,2017-01-04,risk_on,0.01126219127444575,0.017142813546317193,0.008547117043324448,0.8394160583941606,0.08611498643832141,0.7226277372262774,0.656934306569343,,,{},3481.TW,2017-01-04,2017-01-05
0.043352111824356054,639000,0,0.045620437956204386,1.1352798053527982,1.0,D-1 estimated accounting; fill-day constraints require ledger audit,momentum,V4_MOMENTUM_full,disabled,2017-01-04,risk_on,0.01126219127444575,0.017142813546317193,0.008547117043324448,0.8394160583941606,0.08611498643832141,0.7226277372262774,0.656934306569343,,,{},3491.TWO,2017-01-04,2017-01-05
0.040597618769793765,105000,0,0.032481751824817516,0.8851581508515814,1.0,D-1 estimated accounting; fill-day constraints require ledger audit,momentum,V4_MOMENTUM_full,disabled,2017-01-04,risk_on,0.01126219127444575,0.017142813546317193,0.008547117043324448,0.8394160583941606,0.08611498643832141,0.7226277372262774,0.656934306569343,,,{},3529.TWO,2017-01-04,2017-01-05
0.0,0,-1322000,-0.01788321167883212,0.4734793187347932,1.0,D-1 estimated accounting; fill-day constraints require ledger audit,momentum,V4_MOMENTUM_full,disabled,2017-01-04,risk_on,0.01126219127444575,0.017142813546317193,0.008547117043324448,0.8394160583941606,0.08611498643832141,0.7226277372262774,0.656934306569343,,,{},3661.TW,2017-01-04,2017-01-05
0.04094168117133405,1102000,0,0.04854014598540146,1.1824817518248174,1.0,D-1 estimated accounting; fill-day constraints require ledger audit,momentum,V4_MOMENTUM_full,disabled,2017-01-04,risk_on,0.01126219127444575,0.017142813546317193,0.008547117043324448,0.8394160583941606,0.08611498643832141,0.7226277372262774,0.656934306569343,,,{},6139.TW,2017-01-04,2017-01-05
0.040792890694173925,2871000,0,0.04927007299270073,1.183941605839416,1.0,D-1 estimated accounting; fill-day constraints require ledger audit,momentum,V4_MOMENTUM_full,disabled,2017-01-04,risk_on,0.01126219127444575,0.017142813546317193,0.008547117043324448,0.8394160583941606,0.08611498643832141,0.7226277372262774,0.656934306569343,,,{},6182.TWO,2017-01-04,2017-01-05
0.04251190670441936,1110000,0,0.04343065693430657,1.0978102189781023,1.0,D-1 estimated accounting; fill-day constraints require ledger audit,momentum,V4_MOMENTUM_full,disabled,2017-01-04,risk_on,0.01126219127444575,0.017142813546317193,0.008547117043324448,0.8394160583941606,0.08611498643832141,0.7226277372262774,0.656934306569343,,,{},6274.TWO,2017-01-04,2017-01-05
0.042290390831555176,359000,0,0.04635036496350366,1.145985401459854,1.0,D-1 estimated accounting; fill-day constraints require ledger audit,momentum,V4_MOMENTUM_full,disabled,2017-01-04,risk_on,0.01126219127444575,0.017142813546317193,0.008547117043324448,0.8394160583941606,0.08611498643832141,0.7226277372262774,0.656934306569343,,,{},6488.TWO,2017-01-04,2017-01-05
0.04022651488287346,368000,0,0.02007299270072993,0.7527980535279806,1.0,D-1 estimated accounting; fill-day constraints require ledger audit,momentum,V4_MOMENTUM_full,disabled,2017-01-04,risk_on,0.01126219127444575,0.017142813546317193,0.008547117043324448,0.8394160583941606,0.08611498643832141,0.7226277372262774,0.656934306569343,,,{},6505.TW,2017-01-04,2017-01-05
0.04535537496894172,1060000,0,0.0478102189781022,1.1673965936739659,1.0,D-1 estimated accounting; fill-day constraints require ledger audit,momentum,V4_MOMENTUM_full,disabled,2017-01-04,risk_on,0.01126219127444575,0.017142813546317193,0.008547117043324448,0.8394160583941606,0.08611498643832141,0.7226277372262774,0.656934306569343,,,{},8358.TWO,2017-01-04,2017-01-05
0.04075829769921893,1481000,0,0.02299270072992701,0.7742092457420924,1.0,D-1 estimated accounting; fill-day constraints require ledger audit,momentum,V4_MOMENTUM_full,disabled,2017-01-05,risk_on,0.01153205275017117,0.016064203649140074,0.012738853503185155,0.8394160583941606,0.0896898365703143,0.8613138686131386,0.7591240875912408,,,{},1504.TW,2017-01-05,2017-01-06
0.04329387609569462,3798000,0,0.05,1.1858880778588807,1.0,D-1 estimated accounting; fill-day constraints require ledger audit,momentum,V4_MOMENTUM_full,disabled,2017-01-05,risk_on,0.01153205275017117,0.016064203649140074,0.012738853503185155,0.8394160583941606,0.0896898365703143,0.8613138686131386,0.7591240875912408,,,{},1785.TWO,2017-01-05,2017-01-06
0.04063483981131799,3109000,0,0.028102189781021903,0.8063260340632603,1.0,D-1 estimated accounting; fill-day constraints require ledger audit,momentum,V4_MOMENTUM_full,disabled,2017-01-05,risk_on,0.01153205275017117,0.016064203649140074,0.012738853503185155,0.8394160583941606,0.0896898365703143,0.8613138686131386,0.7591240875912408,,,{},1815.TWO,2017-01-05,2017-01-06
0.03968043615503005,98000,0,0.009124087591240882,0.6982968369829684,1.0,D-1 estimated accounting; fill-day constraints require ledger audit,momentum,V4_MOMENTUM_full,disabled,2017-01-05,risk_on,0.01153205275017117,0.016064203649140074,0.012738853503185155,0.8394160583941606,0.0896898365703143,0.8613138686131386,0.7591240875912408,,,{},2059.TW,2017-01-05,2017-01-06
0.04168914462759263,8932000,0,0.032481751824817516,0.8939172749391728,1.0,D-1 estimated accounting; fill-day constraints require ledger audit,momentum,V4_MOMENTUM_full,disabled,2017-01-05,risk_on,0.01153205275017117,0.016064203649140074,0.012738853503185155,0.8394160583941606,0.0896898365703143,0.8613138686131386,0.7591240875912408,,,{},2337.TW,2017-01-05,2017-01-06
0.04310954899843862,812000,0,0.04343065693430657,1.058394160583942,1.0,D-1 estimated accounting; fill-day constraints require ledger audit,momentum,V4_MOMENTUM_full,disabled,2017-01-05,risk_on,0.01153205275017117,0.016064203649140074,0.012738853503185155,0.8394160583941606,0.0896898365703143,0.8613138686131386,0.7591240875912408,,,{},2345.TW,2017-01-05,2017-01-06
0.04437434140751532,458000,0,0.04708029197080293,1.1440389294403892,1.0,D-1 estimated accounting; fill-day constraints require ledger audit,momentum,V4_MOMENTUM_full,disabled,2017-01-05,risk_on,0.01153205275017117,0.016064203649140074,0.012738853503185155,0.8394160583941606,0.0896898365703143,0.8613138686131386,0.7591240875912408,,,{},2383.TW,2017-01-05,2017-01-06
0.04050042644828696,2410000,0,0.007664233576642332,0.6739659367396595,1.0,D-1 estimated accounting; fill-day constraints require ledger audit,momentum,V4_MOMENTUM_full,disabled,2017-01-05,risk_on,0.01153205275017117,0.016064203649140074,0.012738853503185155,0.8394160583941606,0.0896898365703143,0.8613138686131386,0.7591240875912408,,,{},2801.TW,2017-01-05,2017-01-06
0.04080577961273117,3446000,0,0.028832116788321174,0.8072992700729926,1.0,D-1 estimated accounting; fill-day constraints require ledger audit,momentum,V4_MOMENTUM_full,disabled,2017-01-05,risk_on,0.01153205275017117,0.016064203649140074,0.012738853503185155,0.8394160583941606,0.0896898365703143,0.8613138686131386,0.7591240875912408,,,{},2885.TW,2017-01-05,2017-01-06
0.0417831013369482,10000,0,0.0427007299270073,1.054014598540146,1.0,D-1 estimated accounting; fill-day constraints require ledger audit,momentum,V4_MOMENTUM_full,disabled,2017-01-05,risk_on,0.01153205275017117,0.016064203649140074,0.012738853503185155,0.8394160583941606,0.0896898365703143,0.8613138686131386,0.7591240875912408,,,{},3008.TW,2017-01-05,2017-01-06
0.03979482998391081,1656000,0,0.03759124087591242,0.9255474452554745,1.0,D-1 estimated accounting; fill-day constraints require ledger audit,momentum,V4_MOMENTUM_full,disabled,2017-01-05,risk_on,0.01153205275017117,0.016064203649140074,0.012738853503185155,0.8394160583941606,0.0896898365703143,0.8613138686131386,0.7591240875912408,,,{},3231.TW,2017-01-05,2017-01-06
0.04328132397060163,1208000,0,0.04416058394160584,1.119221411192214,1.0,D-1 estimated accounting; fill-day constraints require ledger audit,momentum,V4_MOMENTUM_full,disabled,2017-01-05,risk_on,0.01153205275017117,0.016064203649140074,0.012738853503185155,0.8394160583941606,0.0896898365703143,0.8613138686131386,0.7591240875912408,,,{},3374.TWO,2017-01-05,2017-01-06
0.041643824332491704,526000,0,0.03175182481751825,0.8856447688564477,1.0,D-1 estimated accounting; fill-day constraints require ledger audit,momentum,V4_MOMENTUM_full,disabled,2017-01-05,risk_on,0.01153205275017117,0.016064203649140074,0.012738853503185155,0.8394160583941606,0.0896898365703143,0.8613138686131386,0.7591240875912408,,,{},3443.TW,2017-01-05,2017-01-06
0.04381838789043175,3553000,0,0.0478102189781022,1.1503649635036497,1.0,D-1 estimated accounting; fill-day constraints require ledger audit,momentum,V4_MOMENTUM_full,disabled,2017-01-05,risk_on,0.01153205275017117,0.016064203649140074,0.012738853503185155,0.8394160583941606,0.0896898365703143,0.8613138686131386,0.7591240875912408,,,{},3481.TW,2017-01-05,2017-01-06
0.04360701599918869,639000,0,0.045620437956204386,1.135279805352798,1.0,D-1 estimated accounting; fill-day constraints require ledger audit,momentum,V4_MOMENTUM_full,disabled,2017-01-05,risk_on,0.01153205275017117,0.016064203649140074,0.012738853503185155,0.8394160583941606,0.0896898365703143,0.8613138686131386,0.7591240875912408,,,{},3491.TWO,2017-01-05,2017-01-06
0.040271687918216614,105000,0,0.019343065693430663,0.7605839416058395,1.0,D-1 estimated accounting; fill-day constraints require ledger audit,momentum,V4_MOMENTUM_full,disabled,2017-01-05,risk_on,0.01153205275017117,0.016064203649140074,0.012738853503185155,0.8394160583941606,0.0896898365703143,0.8613138686131386,0.7591240875912408,,,{},3529.TWO,2017-01-05,2017-01-06
0.0398100104404812,1102000,0,0.04854014598540146,1.1781021897810218,1.0,D-1 estimated accounting; fill-day constraints require ledger audit,momentum,V4_MOMENTUM_full,disabled,2017-01-05,risk_on,0.01153205275017117,0.016064203649140074,0.012738853503185155,0.8394160583941606,0.0896898365703143,0.8613138686131386,0.7591240875912408,,,{},6139.TW,2017-01-05,2017-01-06
0.0407692777381946,2871000,0,0.04635036496350366,1.1416058394160584,1.0,D-1 estimated accounting; fill-day constraints require ledger audit,momentum,V4_MOMENTUM_full,disabled,2017-01-05,risk_on,0.01153205275017117,0.016064203649140074,0.012738853503185155,0.8394160583941606,0.0896898365703143,0.8613138686131386,0.7591240875912408,,,{},6182.TWO,2017-01-05,2017-01-06
0.04375415343423179,1110000,0,0.04489051094890511,1.1328467153284674,1.0,D-1 estimated accounting; fill-day constraints require ledger audit,momentum,V4_MOMENTUM_full,disabled,2017-01-05,risk_on,0.01153205275017117,0.016064203649140074,0.012738853503185155,0.8394160583941606,0.0896898365703143,0.8613138686131386,0.7591240875912408,,,{},6274.TWO,2017-01-05,2017-01-06
0.04132768763983649,359000,0,0.02007299270072993,0.7654501216545011,1.0,D-1 estimated accounting; fill-day constraints require ledger audit,momentum,V4_MOMENTUM_full,disabled,2017-01-05,risk_on,0.01153205275017117,0.016064203649140074,0.012738853503185155,0.8394160583941606,0.0896898365703143,0.8613138686131386,0.7591240875912408,,,{},6488.TWO,2017-01-05,2017-01-06
0.04018989031242471,368000,0,0.02956204379562044,0.8209245742092458,1.0,D-1 estimated accounting; fill-day constraints require ledger audit,momentum,V4_MOMENTUM_full,disabled,2017-01-05,risk_on,0.01153205275017117,0.016064203649140074,0.012738853503185155,0.8394160583941606,0.0896898365703143,0.8613138686131386,0.7591240875912408,,,{},6505.TW,2017-01-05,2017-01-06
0.04558742692163947,1060000,0,0.04927007299270073,1.178102189781022,1.0,D-1 estimated accounting; fill-day constraints require ledger audit,momentum,V4_MOMENTUM_full,disabled,2017-01-05,risk_on,0.01153205275017117,0.016064203649140074,0.012738853503185155,0.8394160583941606,0.0896898365703143,0.8613138686131386,0.7591240875912408,,,{},8358.TWO,2017-01-05,2017-01-06
0.040235692022307465,1481000,0,-0.0029197080291970823,0.567883211678832,1.0,D-1 estimated accounting; fill-day constraints require ledger audit,momentum,V4_MOMENTUM_full,disabled,2017-01-06,risk_on,0.011087210379377613,0.02002233836284506,0.003906296781952756,0.8759124087591241,0.08992479610818593,0.8540145985401459,0.7737226277372263,,,{},1504.TW,2017-01-06,2017-01-09
0.0471441632190292,3798000,0,0.05,1.189294403892944,1.0,D-1 estimated accounting; fill-day constraints require ledger audit,momentum,V4_MOMENTUM_full,disabled,2017-01-06,risk_on,0.011087210379377613,0.02002233836284506,0.003906296781952756,0.8759124087591241,0.08992479610818593,0.8540145985401459,0.7737226277372263,,,{},1785.TWO,2017-01-06,2017-01-09
0.040257594242170895,3109000,0,-0.004744525547445255,0.548418491484185,1.0,D-1 estimated accounting; fill-day constraints require ledger audit,momentum,V4_MOMENTUM_full,disabled,2017-01-06,risk_on,0.011087210379377613,0.02002233836284506,0.003906296781952756,0.8759124087591241,0.08992479610818593,0.8540145985401459,0.7737226277372263,,,{},1815.TWO,2017-01-06,2017-01-09
0.03935999260056795,98000,0,0.0069343065693430635,0.6384428223844283,1.0,D-1 estimated accounting; fill-day constraints require ledger audit,momentum,V4_MOMENTUM_full,disabled,2017-01-06,risk_on,0.011087210379377613,0.02002233836284506,0.003906296781952756,0.8759124087591241,0.08992479610818593,0.8540145985401459,0.7737226277372263,,,{},2059.TW,2017-01-06,2017-01-09
0.0438237136803341,8932000,0,0.04635036496350366,1.1260340632603407,1.0,D-1 estimated accounting; fill-day constraints require ledger audit,momentum,V4_MOMENTUM_full,disabled,2017-01-06,risk_on,0.011087210379377613,0.02002233836284506,0.003906296781952756,0.8759124087591241,0.08992479610818593,0.8540145985401459,0.7737226277372263,,,{},2337.TW,2017-01-06,2017-01-09
0.04342115087924431,812000,0,0.04197080291970803,1.0661800486618007,1.0,D-1 estimated accounting; fill-day constraints require ledger audit,momentum,V4_MOMENTUM_full,disabled,2017-01-06,risk_on,0.011087210379377613,0.02002233836284506,0.003906296781952756,0.8759124087591241,0.08992479610818593,0.8540145985401459,0.7737226277372263,,,{},2345.TW,2017-01-06,2017-01-09
0.0425787915032969,458000,0,0.0427007299270073,1.0783454987834549,1.0,D-1 estimated accounting; fill-day constraints require ledger audit,momentum,V4_MOMENTUM_full,disabled,2017-01-06,risk_on,0.011087210379377613,0.02002233836284506,0.003906296781952756,0.8759124087591241,0.08992479610818593,0.8540145985401459,0.7737226277372263,,,{},2383.TW,2017-01-06,2017-01-09
0.04024175163646968,2410000,0,0.007664233576642332,0.6408759124087592,1.0,D-1 estimated accounting; fill-day constraints require ledger audit,momentum,V4_MOMENTUM_full,disabled,2017-01-06,risk_on,0.011087210379377613,0.02002233836284506,0.003906296781952756,0.8759124087591241,0.08992479610818593,0.8540145985401459,0.7737226277372263,,,{},2801.TW,2017-01-06,2017-01-09
0.04042694707331488,3446000,0,0.02153284671532847,0.7776155717761557,1.0,D-1 estimated accounting; fill-day constraints require ledger audit,momentum,V4_MOMENTUM_full,disabled,2017-01-06,risk_on,0.011087210379377613,0.02002233836284506,0.003906296781952756,0.8759124087591241,0.08992479610818593,0.8540145985401459,0.7737226277372263,,,{},2885.TW,2017-01-06,2017-01-09
0.04236619395582257,10000,0,0.04343065693430657,1.0958637469586376,1.0,D-1 estimated accounting; fill-day constraints require ledger audit,momentum,V4_MOMENTUM_full,disabled,2017-01-06,risk_on,0.011087210379377613,0.02002233836284506,0.003906296781952756,0.8759124087591241,0.08992479610818593,0.8540145985401459,0.7737226277372263,,,{},3008.TW,2017-01-06,2017-01-09
0.04047350145842459,1656000,0,0.02226277372262774,0.7815085158150852,1.0,D-1 estimated accounting; fill-day constraints require ledger audit,momentum,V4_MOMENTUM_full,disabled,2017-01-06,risk_on,0.011087210379377613,0.02002233836284506,0.003906296781952756,0.8759124087591241,0.08992479610818593,0.8540145985401459,0.7737226277372263,,,{},3231.TW,2017-01-06,2017-01-09
0.042820689353788535,1208000,0,0.04489051094890511,1.1226277372262774,1.0,D-1 estimated accounting; fill-day constraints require ledger audit,momentum,V4_MOMENTUM_full,disabled,2017-01-06,risk_on,0.011087210379377613,0.02002233836284506,0.003906296781952756,0.8759124087591241,0.08992479610818593,0.8540145985401459,0.7737226277372263,,,{},3374.TWO,2017-01-06,2017-01-09
0.04151346752913981,526000,0,0.03905109489051095,0.9790754257907544,1.0,D-1 estimated accounting; fill-day constraints require ledger audit,momentum,V4_MOMENTUM_full,disabled,2017-01-06,risk_on,0.011087210379377613,0.02002233836284506,0.003906296781952756,0.8759124087591241,0.08992479610818593,0.8540145985401459,0.7737226277372263,,,{},3443.TW,2017-01-06,2017-01-09
0.04479522314607619,3553000,0,0.04854014598540146,1.175669099756691,1.0,D-1 estimated accounting; fill-day constraints require ledger audit,momentum,V4_MOMENTUM_full,disabled,2017-01-06,risk_on,0.011087210379377613,0.02002233836284506,0.003906296781952756,0.8759124087591241,0.08992479610818593,0.8540145985401459,0.7737226277372263,,,{},3481.TW,2017-01-06,2017-01-09
0.04500745565655278,639000,0,0.04927007299270073,1.180535279805353,1.0,D-1 estimated accounting; fill-day constraints require ledger audit,momentum,V4_MOMENTUM_full,disabled,2017-01-06,risk_on,0.011087210379377613,0.02002233836284506,0.003906296781952756,0.8759124087591241,0.08992479610818593,0.8540145985401459,0.7737226277372263,,,{},3491.TWO,2017-01-06,2017-01-09
0.04041129915401246,105000,0,0.02408759124087592,0.7951338199513381,1.0,D-1 estimated accounting; fill-day constraints require ledger audit,momentum,V4_MOMENTUM_full,disabled,2017-01-06,risk_on,0.011087210379377613,0.02002233836284506,0.003906296781952756,0.8759124087591241,0.08992479610818593,0.8540145985401459,0.7737226277372263,,,{},3529.TWO,2017-01-06,2017-01-09
0.03933310154173564,1102000,0,0.04416058394160584,1.116788321167883,1.0,D-1 estimated accounting; fill-day constraints require ledger audit,momentum,V4_MOMENTUM_full,disabled,2017-01-06,risk_on,0.011087210379377613,0.02002233836284506,0.003906296781952756,0.8759124087591241,0.08992479610818593,0.8540145985401459,0.7737226277372263,,,{},6139.TW,2017-01-06,2017-01-09
0.0395522210835693,2871000,0,0.045620437956204386,1.124574209245742,1.0,D-1 estimated accounting; fill-day constraints require ledger audit,momentum,V4_MOMENTUM_full,disabled,2017-01-06,risk_on,0.011087210379377613,0.02002233836284506,0.003906296781952756,0.8759124087591241,0.08992479610818593,0.8540145985401459,0.7737226277372263,,,{},6182.TWO,2017-01-06,2017-01-09
0.04367224766207858,1110000,0,0.04708029197080293,1.127007299270073,1.0,D-1 estimated accounting; fill-day constraints require ledger audit,momentum,V4_MOMENTUM_full,disabled,2017-01-06,risk_on,0.011087210379377613,0.02002233836284506,0.003906296781952756,0.8759124087591241,0.08992479610818593,0.8540145985401459,0.7737226277372263,,,{},6274.TWO,2017-01-06,2017-01-09
0.040244112209054966,359000,0,0.016423357664233574,0.7124087591240875,1.0,D-1 estimated accounting; fill-day constraints require ledger audit,momentum,V4_MOMENTUM_full,disabled,2017-01-06,risk_on,0.011087210379377613,0.02002233836284506,0.003906296781952756,0.8759124087591241,0.08992479610818593,0.8540145985401459,0.7737226277372263,,,{},6488.TWO,2017-01-06,2017-01-09
0.03909935618419317,368000,0,-0.008394160583941606,0.5279805352798053,1.0,D-1 estimated accounting; fill-day constraints require ledger audit,momentum,V4_MOMENTUM_full,disabled,2017-01-06,risk_on,0.011087210379377613,0.02002233836284506,0.003906296781952756,0.8759124087591241,0.08992479610818593,0.8540145985401459,0.7737226277372263,,,{},6505.TW,2017-01-06,2017-01-09
0.044493191534159524,1060000,0,0.0478102189781022,1.159610705596107,1.0,D-1 estimated accounting; fill-day constraints require ledger audit,momentum,V4_MOMENTUM_full,disabled,2017-01-06,risk_on,0.011087210379377613,0.02002233836284506,0.003906296781952756,0.8759124087591241,0.08992479610818593,0.8540145985401459,0.7737226277372263,,,{},8358.TWO,2017-01-06,2017-01-09
0.040439700317867235,1481000,0,-0.009124087591240877,0.5428223844282238,1.0,D-1 estimated accounting; fill-day constraints require ledger audit,momentum,V4_MOMENTUM_full,disabled,2017-01-09,neutral,0.011114048606840492,0.009052839399126933,-0.003030302328277612,0.6788321167883211,0.09083448751991803,0.7153284671532847,0.7445255474452555,,,{},1504.TW,2017-01-09,2017-01-10
0.051842795024441,3798000,0,0.05,1.2,1.0,D-1 estimated accounting; fill-day constraints require ledger audit,momentum,V4_MOMENTUM_full,disabled,2017-01-09,neutral,0.011114048606840492,0.009052839399126933,-0.003030302328277612,0.6788321167883211,0.09083448751991803,0.7153284671532847,0.7445255474452555,,,{},1785.TWO,2017-01-09,2017-01-10
0.040613825294468074,3109000,0,-0.00036496350364963463,0.6014598540145987,1.0,D-1 estimated accounting; fill-day constraints require ledger audit,momentum,V4_MOMENTUM_full,disabled,2017-01-09,neutral,0.011114048606840492,0.009052839399126933,-0.003030302328277612,0.6788321167883211,0.09083448751991803,0.7153284671532847,0.7445255474452555,,,{},1815.TWO,2017-01-09,2017-01-10
0.03902953015338563,98000,0,-0.0076642335766423375,0.5557177615571777,1.0,D-1 estimated accounting; fill-day constraints require ledger audit,momentum,V4_MOMENTUM_full,disabled,2017-01-09,neutral,0.011114048606840492,0.009052839399126933,-0.003030302328277612,0.6788321167883211,0.09083448751991803,0.7153284671532847,0.7445255474452555,,,{},2059.TW,2017-01-09,2017-01-10
0.044745055933997614,8932000,0,0.0478102189781022,1.1498783454987835,1.0,D-1 estimated accounting; fill-day constraints require ledger audit,momentum,V4_MOMENTUM_full,disabled,2017-01-09,neutral,0.011114048606840492,0.009052839399126933,-0.003030302328277612,0.6788321167883211,0.09083448751991803,0.7153284671532847,0.7445255474452555,,,{},2337.TW,2017-01-09,2017-01-10
0.042528417342983814,812000,0,0.04343065693430657,1.0622871046228712,1.0,D-1 estimated accounting; fill-day constraints require ledger audit,momentum,V4_MOMENTUM_full,disabled,2017-01-09,neutral,0.011114048606840492,0.009052839399126933,-0.003030302328277612,0.6788321167883211,0.09083448751991803,0.7153284671532847,0.7445255474452555,,,{},2345.TW,2017-01-09,2017-01-10
0.042615247468975236,458000,0,0.04489051094890511,1.0895377128953772,1.0,D-1 estimated accounting; fill-day constraints require ledger audit,momentum,V4_MOMENTUM_full,disabled,2017-01-09,neutral,0.011114048606840492,0.009052839399126933,-0.003030302328277612,0.6788321167883211,0.09083448751991803,0.7153284671532847,0.7445255474452555,,,{},2383.TW,2017-01-09,2017-01-10
0.04317861600192186,3434000,3434000,0.04708029197080293,1.1343065693430658,1.0,D-1 estimated accounting; fill-day constraints require ledger audit,momentum,V4_MOMENTUM_full,disabled,2017-01-09,neutral,0.011114048606840492,0.009052839399126933,-0.003030302328277612,0.6788321167883211,0.09083448751991803,0.7153284671532847,0.7445255474452555,,,{},2409.TW,2017-01-09,2017-01-10
0.04032787289926645,2410000,0,0.01058394160583942,0.6588807785888078,1.0,D-1 estimated accounting; fill-day constraints require ledger audit,momentum,V4_MOMENTUM_full,disabled,2017-01-09,neutral,0.011114048606840492,0.009052839399126933,-0.003030302328277612,0.6788321167883211,0.09083448751991803,0.7153284671532847,0.7445255474452555,,,{},2801.TW,2017-01-09,2017-01-10
0.04046332789581307,3446000,0,0.006204379562043794,0.6194647201946472,1.0,D-1 estimated accounting; fill-day constraints require ledger audit,momentum,V4_MOMENTUM_full,disabled,2017-01-09,neutral,0.011114048606840492,0.009052839399126933,-0.003030302328277612,0.6788321167883211,0.09083448751991803,0.7153284671532847,0.7445255474452555,,,{},2885.TW,2017-01-09,2017-01-10
0.04119416850556626,10000,0,0.0427007299270073,1.0437956204379564,1.0,D-1 estimated accounting; fill-day constraints require ledger audit,momentum,V4_MOMENTUM_full,disabled,2017-01-09,neutral,0.011114048606840492,0.009052839399126933,-0.003030302328277612,0.6788321167883211,0.09083448751991803,0.7153284671532847,0.7445255474452555,,,{},3008.TW,2017-01-09,2017-01-10
0.040516648930928933,1656000,0,0.02153284671532847,0.7824817518248175,1.0,D-1 estimated accounting; fill-day constraints require ledger audit,momentum,V4_MOMENTUM_full,disabled,2017-01-09,neutral,0.011114048606840492,0.009052839399126933,-0.003030302328277612,0.6788321167883211,0.09083448751991803,0.7153284671532847,0.7445255474452555,,,{},3231.TW,2017-01-09,2017-01-10
0.04197368290425549,1208000,0,0.04635036496350366,1.121167883211679,1.0,D-1 estimated accounting; fill-day constraints require ledger audit,momentum,V4_MOMENTUM_full,disabled,2017-01-09,neutral,0.011114048606840492,0.009052839399126933,-0.003030302328277612,0.6788321167883211,0.09083448751991803,0.7153284671532847,0.7445255474452555,,,{},3374.TWO,2017-01-09,2017-01-10
0.041208844019818336,526000,0,0.0354014598540146,0.9372262773722628,1.0,D-1 estimated accounting; fill-day constraints require ledger audit,momentum,V4_MOMENTUM_full,disabled,2017-01-09,neutral,0.011114048606840492,0.009052839399126933,-0.003030302328277612,0.6788321167883211,0.09083448751991803,0.7153284671532847,0.7445255474452555,,,{},3443.TW,2017-01-09,2017-01-10
0.04467468684315893,3553000,0,0.04854014598540146,1.1902676399026764,1.0,D-1 estimated accounting; fill-day constraints require ledger audit,momentum,V4_MOMENTUM_full,disabled,2017-01-09,neutral,0.011114048606840492,0.009052839399126933,-0.003030302328277612,0.6788321167883211,0.09083448751991803,0.7153284671532847,0.7445255474452555,,,{},3481.TW,2017-01-09,2017-01-10
0.04548592481182305,639000,0,0.04927007299270073,1.1975669099756692,1.0,D-1 estimated accounting; fill-day constraints require ledger audit,momentum,V4_MOMENTUM_full,disabled,2017-01-09,neutral,0.011114048606840492,0.009052839399126933,-0.003030302328277612,0.6788321167883211,0.09083448751991803,0.7153284671532847,0.7445255474452555,,,{},3491.TWO,2017-01-09,2017-01-10
0.041080677862016905,105000,0,0.04124087591240876,1.0180048661800487,1.0,D-1 estimated accounting; fill-day constraints require ledger audit,momentum,V4_MOMENTUM_full,disabled,2017-01-09,neutral,0.011114048606840492,0.009052839399126933,-0.003030302328277612,0.6788321167883211,0.09083448751991803,0.7153284671532847,0.7445255474452555,,,{},3529.TWO,2017-01-09,2017-01-10
0.0386156806514772,1102000,0,0.023722627737226276,0.7956204379562044,1.0,D-1 estimated accounting; fill-day constraints require ledger audit,momentum,V4_MOMENTUM_full,disabled,2017-01-09,neutral,0.011114048606840492,0.009052839399126933,-0.003030302328277612,0.6788321167883211,0.09083448751991803,0.7153284671532847,0.7445255474452555,,,{},6139.TW,2017-01-09,2017-01-10
0.03961229482433541,2871000,0,0.025912408759124084,0.8053527980535279,1.0,D-1 estimated accounting; fill-day constraints require ledger audit,momentum,V4_MOMENTUM_full,disabled,2017-01-09,neutral,0.011114048606840492,0.009052839399126933,-0.003030302328277612,0.6788321167883211,0.09083448751991803,0.7153284671532847,0.7445255474452555,,,{},6182.TWO,2017-01-09,2017-01-10
0.04242693616193073,1110000,0,0.04416058394160584,1.0841849148418492,1.0,D-1 estimated accounting; fill-day constraints require ledger audit,momentum,V4_MOMENTUM_full,disabled,2017-01-09,neutral,0.011114048606840492,0.009052839399126933,-0.003030302328277612,0.6788321167883211,0.09083448751991803,0.7153284671532847,0.7445255474452555,,,{},6274.TWO,2017-01-09,2017-01-10
0.03956885530214928,359000,0,0.014233576642335766,0.6846715328467154,1.0,D-1 estimated accounting; fill-day constraints require ledger audit,momentum,V4_MOMENTUM_full,disabled,2017-01-09,neutral,0.011114048606840492,0.009052839399126933,-0.003030302328277612,0.6788321167883211,0.09083448751991803,0.7153284671532847,0.7445255474452555,,,{},6488.TWO,2017-01-09,2017-01-10
0.0,0,-368000,-0.03029197080291971,0.3221411192214112,1.0,D-1 estimated accounting; fill-day constraints require ledger audit,momentum,V4_MOMENTUM_full,disabled,2017-01-09,neutral,0.011114048606840492,0.009052839399126933,-0.003030302328277612,0.6788321167883211,0.09083448751991803,0.7153284671532847,0.7445255474452555,,,{},6505.TW,2017-01-09,2017-01-10
0.04253991316248127,1060000,0,0.045620437956204386,1.1148418491484184,1.0,D-1 estimated accounting; fill-day constraints require ledger audit,momentum,V4_MOMENTUM_full,disabled,2017-01-09,neutral,0.011114048606840492,0.009052839399126933,-0.003030302328277612,0.6788321167883211,0.09083448751991803,0.7153284671532847,0.7445255474452555,,,{},8358.TWO,2017-01-09,2017-01-10
0.03994097748908534,1481000,0,-0.002554744525547448,0.5873479318734792,1.0,D-1 estimated accounting; fill-day constraints require ledger audit,momentum,V4_MOMENTUM_full,disabled,2017-01-10,risk_on,0.011398273483842784,0.007575797075001889,0.005291025095436996,0.6496350364963503,0.09482815941862104,0.6715328467153284,0.7153284671532847,,,{},1504.TW,2017-01-10,2017-01-11
0.051111516279302056,3798000,0,0.05,1.2,1.0,D-1 estimated accounting; fill-day constraints require ledger audit,momentum,V4_MOMENTUM_full,disabled,2017-01-10,risk_on,0.011398273483842784,0.007575797075001889,0.005291025095436996,0.6496350364963503,0.09482815941862104,0.6715328467153284,0.7153284671532847,,,{},1785.TWO,2017-01-10,2017-01-11
0.04003446563585803,3109000,0,0.002554744525547448,0.6311435523114355,1.0,D-1 estimated accounting; fill-day constraints require ledger audit,momentum,V4_MOMENTUM_full,disabled,2017-01-10,risk_on,0.011398273483842784,0.007575797075001889,0.005291025095436996,0.6496350364963503,0.09482815941862104,0.6715328467153284,0.7153284671532847,,,{},1815.TWO,2017-01-10,2017-01-11
0.0,0,-98000,-0.02226277372262774,0.432603406326034,1.0,D-1 estimated accounting; fill-day constraints require ledger audit,momentum,V4_MOMENTUM_full,disabled,2017-01-10,risk_on,0.011398273483842784,0.007575797075001889,0.005291025095436996,0.6496350364963503,0.09482815941862104,0.6715328467153284,0.7153284671532847,,,{},2059.TW,2017-01-10,2017-01-11
0.04703961499866701,8932000,0,0.04927007299270073,1.1849148418491486,1.0,D-1 estimated accounting; fill-day constraints require ledger audit,momentum,V4_MOMENTUM_full,disabled,2017-01-10,risk_on,0.011398273483842784,0.007575797075001889,0.005291025095436996,0.6496350364963503,0.09482815941862104,0.6715328467153284,0.7153284671532847,,,{},2337.TW,2017-01-10,2017-01-11
0.04365240609403328,812000,0,0.04708029197080293,1.1362530413625305,1.0,D-1 estimated accounting; fill-day constraints require ledger audit,momentum,V4_MOMENTUM_full,disabled,2017-01-10,risk_on,0.011398273483842784,0.007575797075001889,0.005291025095436996,0.6496350364963503,0.09482815941862104,0.6715328467153284,0.7153284671532847,,,{},2345.TW,2017-01-10,2017-01-11
0.04283102693238034,458000,0,0.04343065693430657,1.0982968369829686,1.0,D-1 estimated accounting; fill-day constraints require ledger audit,momentum,V4_MOMENTUM_full,disabled,2017-01-10,risk_on,0.011398273483842784,0.007575797075001889,0.005291025095436996,0.6496350364963503,0.09482815941862104,0.6715328467153284,0.7153284671532847,,,{},2383.TW,2017-01-10,2017-01-11
0.04255644331517014,3434000,0,0.04416058394160584,1.1036496350364964,1.0,D-1 estimated accounting; fill-day constraints require ledger audit,momentum,V4_MOMENTUM_full,disabled,2017-01-10,risk_on,0.011398273483842784,0.007575797075001889,0.005291025095436996,0.6496350364963503,0.09482815941862104,0.6715328467153284,0.7153284671532847,,,{},2409.TW,2017-01-10,2017-01-11
0.04001871083814925,2410000,0,0.026642335766423355,0.7756690997566911,1.0,D-1 estimated accounting; fill-day constraints require ledger audit,momentum,V4_MOMENTUM_full,disabled,2017-01-10,risk_on,0.011398273483842784,0.007575797075001889,0.005291025095436996,0.6496350364963503,0.09482815941862104,0.6715328467153284,0.7153284671532847,,,{},2801.TW,2017-01-10,2017-01-11
0.04020287982519047,3446000,0,0.023722627737226276,0.7493917274939172,1.0,D-1 estimated accounting; fill-day constraints require ledger audit,momentum,V4_MOMENTUM_full,disabled,2017-01-10,risk_on,0.011398273483842784,0.007575797075001889,0.005291025095436996,0.6496350364963503,0.09482815941862104,0.6715328467153284,0.7153284671532847,,,{},2885.TW,2017-01-10,2017-01-11
0.04202973453278314,10000,0,0.0427007299270073,1.0832116788321169,1.0,D-1 estimated accounting; fill-day constraints require ledger audit,momentum,V4_MOMENTUM_full,disabled,2017-01-10,risk_on,0.011398273483842784,0.007575797075001889,0.005291025095436996,0.6496350364963503,0.09482815941862104,0.6715328467153284,0.7153284671532847,,,{},3008.TW,2017-01-10,2017-01-11
0.039848287972611245,1656000,0,0.02153284671532847,0.7206812652068126,1.0,D-1 estimated accounting; fill-day constraints require ledger audit,momentum,V4_MOMENTUM_full,disabled,2017-01-10,risk_on,0.011398273483842784,0.007575797075001889,0.005291025095436996,0.6496350364963503,0.09482815941862104,0.6715328467153284,0.7153284671532847,,,{},3231.TW,2017-01-10,2017-01-11
0.04188143130642459,1208000,0,0.045620437956204386,1.1182481751824818,1.0,D-1 estimated accounting; fill-day constraints require ledger audit,momentum,V4_MOMENTUM_full,disabled,2017-01-10,risk_on,0.011398273483842784,0.007575797075001889,0.005291025095436996,0.6496350364963503,0.09482815941862104,0.6715328467153284,0.7153284671532847,,,{},3374.TWO,2017-01-10,2017-01-11
0.040722739747744,526000,0,0.03467153284671533,0.8793187347931873,1.0,D-1 estimated accounting; fill-day constraints require ledger audit,momentum,V4_MOMENTUM_full,disabled,2017-01-10,risk_on,0.011398273483842784,0.007575797075001889,0.005291025095436996,0.6496350364963503,0.09482815941862104,0.6715328467153284,0.7153284671532847,,,{},3443.TW,2017-01-10,2017-01-11
0.04403095685557056,3553000,0,0.04635036496350366,1.1309002433090023,1.0,D-1 estimated accounting; fill-day constraints require ledger audit,momentum,V4_MOMENTUM_full,disabled,2017-01-10,risk_on,0.011398273483842784,0.007575797075001889,0.005291025095436996,0.6496350364963503,0.09482815941862104,0.6715328467153284,0.7153284671532847,,,{},3481.TW,2017-01-10,2017-01-11
0.045377060324323044,639000,0,0.04854014598540146,1.180535279805353,1.0,D-1 estimated accounting; fill-day constraints require ledger audit,momentum,V4_MOMENTUM_full,disabled,2017-01-10,risk_on,0.011398273483842784,0.007575797075001889,0.005291025095436996,0.6496350364963503,0.09482815941862104,0.6715328467153284,0.7153284671532847,,,{},3491.TWO,2017-01-10,2017-01-11
0.043097963059458476,105000,0,0.04489051094890511,1.1163017031630171,1.0,D-1 estimated accounting; fill-day constraints require ledger audit,momentum,V4_MOMENTUM_full,disabled,2017-01-10,risk_on,0.011398273483842784,0.007575797075001889,0.005291025095436996,0.6496350364963503,0.09482815941862104,0.6715328467153284,0.7153284671532847,,,{},3529.TWO,2017-01-10,2017-01-11
0.03948863812814087,1102000,0,0.03832116788321169,0.9600973236009733,1.0,D-1 estimated accounting; fill-day constraints require ledger audit,momentum,V4_MOMENTUM_full,disabled,2017-01-10,risk_on,0.011398273483842784,0.007575797075001889,0.005291025095436996,0.6496350364963503,0.09482815941862104,0.6715328467153284,0.7153284671532847,,,{},6139.TW,2017-01-10,2017-01-11
0.038360100913462036,2871000,0,0.02007299270072993,0.715815085158151,1.0,D-1 estimated accounting; fill-day constraints require ledger audit,momentum,V4_MOMENTUM_full,disabled,2017-01-10,risk_on,0.011398273483842784,0.007575797075001889,0.005291025095436996,0.6496350364963503,0.09482815941862104,0.6715328467153284,0.7153284671532847,,,{},6182.TWO,2017-01-10,2017-01-11
0.04318968453920699,498000,498000,0.04197080291970803,1.0788321167883212,1.0,D-1 estimated accounting; fill-day constraints require ledger audit,momentum,V4_MOMENTUM_full,disabled,2017-01-10,risk_on,0.011398273483842784,0.007575797075001889,0.005291025095436996,0.6496350364963503,0.09482815941862104,0.6715328467153284,0.7153284671532847,,,{},6223.TWO,2017-01-10,2017-01-11
0.04450519804743123,1110000,0,0.0478102189781022,1.1557177615571776,1.0,D-1 estimated accounting; fill-day constraints require ledger audit,momentum,V4_MOMENTUM_full,disabled,2017-01-10,risk_on,0.011398273483842784,0.007575797075001889,0.005291025095436996,0.6496350364963503,0.09482815941862104,0.6715328467153284,0.7153284671532847,,,{},6274.TWO,2017-01-10,2017-01-11
0.038455016914404956,359000,0,-0.004744525547445255,0.5771289537712895,1.0,D-1 estimated accounting; fill-day constraints require ledger audit,momentum,V4_MOMENTUM_full,disabled,2017-01-10,risk_on,0.011398273483842784,0.007575797075001889,0.005291025095436996,0.6496350364963503,0.09482815941862104,0.6715328467153284,0.7153284671532847,,,{},6488.TWO,2017-01-10,2017-01-11
0.04275801276235362,1060000,0,0.04124087591240876,1.0632603406326036,1.0,D-1 estimated accounting; fill-day constraints require ledger audit,momentum,V4_MOMENTUM_full,disabled,2017-01-10,risk_on,0.011398273483842784,0.007575797075001889,0.005291025095436996,0.6496350364963503,0.09482815941862104,0.6715328467153284,0.7153284671532847,,,{},8358.TWO,2017-01-10,2017-01-11
0.039886281822385475,1481000,0,-0.004744525547445255,0.5746958637469586,1.0,D-1 estimated accounting; fill-day constraints require ledger audit,momentum,V4_MOMENTUM_full,disabled,2017-01-11,risk_on,0.01184927218420454,0.00539573848904773,0.004255254079769788,0.583941605839416,0.0918289347796139,0.7226277372262774,0.7153284671532847,,,{},1504.TW,2017-01-11,2017-01-12
0.04591937221810214,3798000,0,0.04927007299270073,1.1854014598540146,1.0,D-1 estimated accounting; fill-day constraints require ledger audit,momentum,V4_MOMENTUM_full,disabled,2017-01-11,risk_on,0.01184927218420454,0.00539573848904773,0.004255254079769788,0.583941605839416,0.0918289347796139,0.7226277372262774,0.7153284671532847,,,{},1785.TWO,2017-01-11,2017-01-12
0.0,0,-3109000,-0.017153284671532848,0.46082725060827257,1.0,D-1 estimated accounting; fill-day constraints require ledger audit,momentum,V4_MOMENTUM_full,disabled,2017-01-11,risk_on,0.01184927218420454,0.00539573848904773,0.004255254079769788,0.583941605839416,0.0918289347796139,0.7226277372262774,0.7153284671532847,,,{},1815.TWO,2017-01-11,2017-01-12
0.0481838099667966,8932000,0,0.05,1.1897810218978102,1.0,D-1 estimated accounting; fill-day constraints require ledger audit,momentum,V4_MOMENTUM_full,disabled,2017-01-11,risk_on,0.01184927218420454,0.00539573848904773,0.004255254079769788,0.583941605839416,0.0918289347796139,0.7226277372262774,0.7153284671532847,,,{},2337.TW,2017-01-11,2017-01-12
0.04468888956153432,812000,0,0.04635036496350366,1.1177615571776154,1.0,D-1 estimated accounting; fill-day constraints require ledger audit,momentum,V4_MOMENTUM_full,disabled,2017-01-11,risk_on,0.01184927218420454,0.00539573848904773,0.004255254079769788,0.583941605839416,0.0918289347796139,0.7226277372262774,0.7153284671532847,,,{},2345.TW,2017-01-11,2017-01-12
0.04226602087956472,458000,0,0.032481751824817516,0.8773722627737226,1.0,D-1 estimated accounting; fill-day constraints require ledger audit,momentum,V4_MOMENTUM_full,disabled,2017-01-11,risk_on,0.01184927218420454,0.00539573848904773,0.004255254079769788,0.583941605839416,0.0918289347796139,0.7226277372262774,0.7153284671532847,,,{},2383.TW,2017-01-11,2017-01-12
0.04234611531398836,3434000,0,0.04124087591240876,1.0778588807785887,1.0,D-1 estimated accounting; fill-day constraints require ledger audit,momentum,V4_MOMENTUM_full,disabled,2017-01-11,risk_on,0.01184927218420454,0.00539573848904773,0.004255254079769788,0.583941605839416,0.0918289347796139,0.7226277372262774,0.7153284671532847,,,{},2409.TW,2017-01-11,2017-01-12
0.03222616185138362,1895000,1895000,0.0478102189781022,1.1333333333333333,1.0,D-1 estimated accounting; fill-day constraints require ledger audit,momentum,V4_MOMENTUM_full,disabled,2017-01-11,risk_on,0.01184927218420454,0.00539573848904773,0.004255254079769788,0.583941605839416,0.0918289347796139,0.7226277372262774,0.7153284671532847,,,{},2615.TW,2017-01-11,2017-01-12
0.04005311713257398,2410000,0,0.03029197080291971,0.8277372262773722,1.0,D-1 estimated accounting; fill-day constraints require ledger audit,momentum,V4_MOMENTUM_full,disabled,2017-01-11,risk_on,0.01184927218420454,0.00539573848904773,0.004255254079769788,0.583941605839416,0.0918289347796139,0.7226277372262774,0.7153284671532847,,,{},2801.TW,2017-01-11,2017-01-12
0.04033616884099713,3446000,0,0.027372262773722636,0.7980535279805352,1.0,D-1 estimated accounting; fill-day constraints require ledger audit,momentum,V4_MOMENTUM_full,disabled,2017-01-11,risk_on,0.01184927218420454,0.00539573848904773,0.004255254079769788,0.583941605839416,0.0918289347796139,0.7226277372262774,0.7153284671532847,,,{},2885.TW,2017-01-11,2017-01-12
0.04217600494574766,10000,0,0.04197080291970803,1.081265206812652,1.0,D-1 estimated accounting; fill-day constraints require ledger audit,momentum,V4_MOMENTUM_full,disabled,2017-01-11,risk_on,0.01184927218420454,0.00539573848904773,0.004255254079769788,0.583941605839416,0.0918289347796139,0.7226277372262774,0.7153284671532847,,,{},3008.TW,2017-01-11,2017-01-12
0.04260325553370441,1656000,0,0.04489051094890511,1.1138686131386863,1.0,D-1 estimated accounting; fill-day constraints require ledger audit,momentum,V4_MOMENTUM_full,disabled,2017-01-11,risk_on,0.01184927218420454,0.00539573848904773,0.004255254079769788,0.583941605839416,0.0918289347796139,0.7226277372262774,0.7153284671532847,,,{},3231.TW,2017-01-11,2017-01-12
0.043187757070785135,1208000,0,0.04708029197080293,1.1318734793187348,1.0,D-1 estimated accounting; fill-day constraints require ledger audit,momentum,V4_MOMENTUM_full,disabled,2017-01-11,risk_on,0.01184927218420454,0.00539573848904773,0.004255254079769788,0.583941605839416,0.0918289347796139,0.7226277372262774,0.7153284671532847,,,{},3374.TWO,2017-01-11,2017-01-12
0.040927196412873054,526000,0,0.0354014598540146,0.8968369829683698,1.0,D-1 estimated accounting; fill-day constraints require ledger audit,momentum,V4_MOMENTUM_full,disabled,2017-01-11,risk_on,0.01184927218420454,0.00539573848904773,0.004255254079769788,0.583941605839416,0.0918289347796139,0.7226277372262774,0.7153284671532847,,,{},3443.TW,2017-01-11,2017-01-12
0.04364219545683699,3553000,0,0.0427007299270073,1.0900243309002433,1.0,D-1 estimated accounting; fill-day constraints require ledger audit,momentum,V4_MOMENTUM_full,disabled,2017-01-11,risk_on,0.01184927218420454,0.00539573848904773,0.004255254079769788,0.583941605839416,0.0918289347796139,0.7226277372262774,0.7153284671532847,,,{},3481.TW,2017-01-11,2017-01-12
0.044105592089913964,639000,0,0.045620437956204386,1.115815085158151,1.0,D-1 estimated accounting; fill-day constraints require ledger audit,momentum,V4_MOMENTUM_full,disabled,2017-01-11,risk_on,0.01184927218420454,0.00539573848904773,0.004255254079769788,0.583941605839416,0.0918289347796139,0.7226277372262774,0.7153284671532847,,,{},3491.TWO,2017-01-11,2017-01-12
0.04705150680786715,105000,0,0.04854014598540146,1.1722627737226277,1.0,D-1 estimated accounting; fill-day constraints require ledger audit,momentum,V4_MOMENTUM_full,disabled,2017-01-11,risk_on,0.01184927218420454,0.00539573848904773,0.004255254079769788,0.583941605839416,0.0918289347796139,0.7226277372262774,0.7153284671532847,,,{},3529.TWO,2017-01-11,2017-01-12
0.04035545796967222,1102000,0,0.036861313868613146,0.9902676399026764,1.0,D-1 estimated accounting; fill-day constraints require ledger audit,momentum,V4_MOMENTUM_full,disabled,2017-01-11,risk_on,0.01184927218420454,0.00539573848904773,0.004255254079769788,0.583941605839416,0.0918289347796139,0.7226277372262774,0.7153284671532847,,,{},6139.TW,2017-01-11,2017-01-12
0.0381705126226712,2871000,0,0.014233576642335766,0.68661800486618,1.0,D-1 estimated accounting; fill-day constraints require ledger audit,momentum,V4_MOMENTUM_full,disabled,2017-01-11,risk_on,0.01184927218420454,0.00539573848904773,0.004255254079769788,0.583941605839416,0.0918289347796139,0.7226277372262774,0.7153284671532847,,,{},6182.TWO,2017-01-11,2017-01-12
0.03219165333528949,591000,591000,0.04051094890510949,1.0632603406326036,1.0,D-1 estimated accounting; fill-day constraints require ledger audit,momentum,V4_MOMENTUM_full,disabled,2017-01-11,risk_on,0.01184927218420454,0.00539573848904773,0.004255254079769788,0.583941605839416,0.0918289347796139,0.7226277372262774,0.7153284671532847,,,{},6187.TWO,2017-01-11,2017-01-12
0.04369649880909955,498000,0,0.04416058394160584,1.1099756690997569,1.0,D-1 estimated accounting; fill-day constraints require ledger audit,momentum,V4_MOMENTUM_full,disabled,2017-01-11,risk_on,0.01184927218420454,0.00539573848904773,0.004255254079769788,0.583941605839416,0.0918289347796139,0.7226277372262774,0.7153284671532847,,,{},6223.TWO,2017-01-11,2017-01-12
0.04358993901585704,1110000,0,0.04343065693430657,1.0978102189781023,1.0,D-1 estimated accounting; fill-day constraints require ledger audit,momentum,V4_MOMENTUM_full,disabled,2017-01-11,risk_on,0.01184927218420454,0.00539573848904773,0.004255254079769788,0.583941605839416,0.0918289347796139,0.7226277372262774,0.7153284671532847,,,{},6274.TWO,2017-01-11,2017-01-12
0.0,0,-359000,-0.018613138686131386,0.4520681265206813,1.0,D-1 estimated accounting; fill-day constraints require ledger audit,momentum,V4_MOMENTUM_full,disabled,2017-01-11,risk_on,0.01184927218420454,0.00539573848904773,0.004255254079769788,0.583941605839416,0.0918289347796139,0.7226277372262774,0.7153284671532847,,,{},6488.TWO,2017-01-11,2017-01-12
0.04152515940180069,1060000,0,0.02299270072992701,0.748905109489051,1.0,D-1 estimated accounting; fill-day constraints require ledger audit,momentum,V4_MOMENTUM_full,disabled,2017-01-11,risk_on,0.01184927218420454,0.00539573848904773,0.004255254079769788,0.583941605839416,0.0918289347796139,0.7226277372262774,0.7153284671532847,,,{},8358.TWO,2017-01-11,2017-01-12
0.03964024267563944,1481000,0,0.0018248175182481786,0.602433090024331,1.0,D-1 estimated accounting; fill-day constraints require ledger audit,momentum,V4_MOMENTUM_full,disabled,2017-01-12,risk_on,0.011908206426636835,0.004201624092259992,0.00852800267262288,0.5620437956204379,0.0912926783491097,0.7518248175182481,0.7591240875912408,,,{},1504.TW,2017-01-12,2017-01-13
0.04619809830436487,3798000,0,0.04854014598540146,1.172749391727494,1.0,D-1 estimated accounting; fill-day constraints require ledger audit,momentum,V4_MOMENTUM_full,disabled,2017-01-12,risk_on,0.011908206426636835,0.004201624092259992,0.00852800267262288,0.5620437956204379,0.0912926783491097,0.7518248175182481,0.7591240875912408,,,{},1785.TWO,2017-01-12,2017-01-13
0.04839752398504546,8932000,0,0.05,1.186861313868613,1.0,D-1 estimated accounting; fill-day constraints require ledger audit,momentum,V4_MOMENTUM_full,disabled,2017-01-12,risk_on,0.011908206426636835,0.004201624092259992,0.00852800267262288,0.5620437956204379,0.0912926783491097,0.7518248175182481,0.7591240875912408,,,{},2337.TW,2017-01-12,2017-01-13
0.04378986442604536,812000,0,0.04416058394160584,1.072506082725061,1.0,D-1 estimated accounting; fill-day constraints require ledger audit,momentum,V4_MOMENTUM_full,disabled,2017-01-12,risk_on,0.011908206426636835,0.004201624092259992,0.00852800267262288,0.5620437956204379,0.0912926783491097,0.7518248175182481,0.7591240875912408,,,{},2345.TW,2017-01-12,2017-01-13
0.044392250797945655,458000,0,0.04489051094890511,1.075425790754258,1.0,D-1 estimated accounting; fill-day constraints require ledger audit,momentum,V4_MOMENTUM_full,disabled,2017-01-12,risk_on,0.011908206426636835,0.004201624092259992,0.00852800267262288,0.5620437956204379,0.0912926783491097,0.7518248175182481,0.7591240875912408,,,{},2383.TW,2017-01-12,2017-01-13
0.04226248349384149,3434000,0,0.04343065693430657,1.0700729927007298,1.0,D-1 estimated accounting; fill-day constraints require ledger audit,momentum,V4_MOMENTUM_full,disabled,2017-01-12,risk_on,0.011908206426636835,0.004201624092259992,0.00852800267262288,0.5620437956204379,0.0912926783491097,0.7518248175182481,0.7591240875912408,,,{},2409.TW,2017-01-12,2017-01-13
0.03164197773380438,1895000,0,0.04635036496350366,1.1094890510948905,1.0,D-1 estimated accounting; fill-day constraints require ledger audit,momentum,V4_MOMENTUM_full,disabled,2017-01-12,risk_on,0.011908206426636835,0.004201624092259992,0.00852800267262288,0.5620437956204379,0.0912926783491097,0.7518248175182481,0.7591240875912408,,,{},2615.TW,2017-01-12,2017-01-13
0.04023898038899259,2410000,0,0.03722627737226277,1.0043795620437956,1.0,D-1 estimated accounting; fill-day constraints require ledger audit,momentum,V4_MOMENTUM_full,disabled,2017-01-12,risk_on,0.011908206426636835,0.004201624092259992,0.00852800267262288,0.5620437956204379,0.0912926783491097,0.7518248175182481,0.7591240875912408,,,{},2801.TW,2017-01-12,2017-01-13
0.04093072312413557,3446000,0,0.03722627737226277,1.0043795620437956,1.0,D-1 estimated accounting; fill-day constraints require ledger audit,momentum,V4_MOMENTUM_full,disabled,2017-01-12,risk_on,0.011908206426636835,0.004201624092259992,0.00852800267262288,0.5620437956204379,0.0912926783491097,0.7518248175182481,0.7591240875912408,,,{},2885.TW,2017-01-12,2017-01-13
0.042467523795725846,10000,0,0.04051094890510949,1.040389294403893,1.0,D-1 estimated accounting; fill-day constraints require ledger audit,momentum,V4_MOMENTUM_full,disabled,2017-01-12,risk_on,0.011908206426636835,0.004201624092259992,0.00852800267262288,0.5620437956204379,0.0912926783491097,0.7518248175182481,0.7591240875912408,,,{},3008.TW,2017-01-12,2017-01-13
0.042268516896537094,1656000,0,0.045620437956204386,1.0987834549878346,1.0,D-1 estimated accounting; fill-day constraints require ledger audit,momentum,V4_MOMENTUM_full,disabled,2017-01-12,risk_on,0.011908206426636835,0.004201624092259992,0.00852800267262288,0.5620437956204379,0.0912926783491097,0.7518248175182481,0.7591240875912408,,,{},3231.TW,2017-01-12,2017-01-13
0.04236486056013476,1208000,0,0.03467153284671533,0.9430656934306568,1.0,D-1 estimated accounting; fill-day constraints require ledger audit,momentum,V4_MOMENTUM_full,disabled,2017-01-12,risk_on,0.011908206426636835,0.004201624092259992,0.00852800267262288,0.5620437956204379,0.0912926783491097,0.7518248175182481,0.7591240875912408,,,{},3374.TWO,2017-01-12,2017-01-13
0.0400777239896739,526000,0,0.004744525547445255,0.6248175182481752,1.0,D-1 estimated accounting; fill-day constraints require ledger audit,momentum,V4_MOMENTUM_full,disabled,2017-01-12,risk_on,0.011908206426636835,0.004201624092259992,0.00852800267262288,0.5620437956204379,0.0912926783491097,0.7518248175182481,0.7591240875912408,,,{},3443.TW,2017-01-12,2017-01-13
0.0435573280241293,3553000,0,0.03905109489051095,1.0218978102189782,1.0,D-1 estimated accounting; fill-day constraints require ledger audit,momentum,V4_MOMENTUM_full,disabled,2017-01-12,risk_on,0.011908206426636835,0.004201624092259992,0.00852800267262288,0.5620437956204379,0.0912926783491097,0.7518248175182481,0.7591240875912408,,,{},3481.TW,2017-01-12,2017-01-13
0.04349425154140261,639000,0,0.0427007299270073,1.0695863746958638,1.0,D-1 estimated accounting; fill-day constraints require ledger audit,momentum,V4_MOMENTUM_full,disabled,2017-01-12,risk_on,0.011908206426636835,0.004201624092259992,0.00852800267262288,0.5620437956204379,0.0912926783491097,0.7518248175182481,0.7591240875912408,,,{},3491.TWO,2017-01-12,2017-01-13
0.04538692758226715,105000,0,0.04927007299270073,1.1776155717761558,1.0,D-1 estimated accounting; fill-day constraints require ledger audit,momentum,V4_MOMENTUM_full,disabled,2017-01-12,risk_on,0.011908206426636835,0.004201624092259992,0.00852800267262288,0.5620437956204379,0.0912926783491097,0.7518248175182481,0.7591240875912408,,,{},3529.TWO,2017-01-12,2017-01-13
0.03870153583648223,1102000,0,0.03321167883211679,0.9138686131386862,1.0,D-1 estimated accounting; fill-day constraints require ledger audit,momentum,V4_MOMENTUM_full,disabled,2017-01-12,risk_on,0.011908206426636835,0.004201624092259992,0.00852800267262288,0.5620437956204379,0.0912926783491097,0.7518248175182481,0.7591240875912408,,,{},6139.TW,2017-01-12,2017-01-13
0.03821068394840529,2871000,0,0.014233576642335766,0.6958637469586375,1.0,D-1 estimated accounting; fill-day constraints require ledger audit,momentum,V4_MOMENTUM_full,disabled,2017-01-12,risk_on,0.011908206426636835,0.004201624092259992,0.00852800267262288,0.5620437956204379,0.0912926783491097,0.7518248175182481,0.7591240875912408,,,{},6182.TWO,2017-01-12,2017-01-13
0.032330405674581,591000,0,0.03978102189781022,1.0394160583941605,1.0,D-1 estimated accounting; fill-day constraints require ledger audit,momentum,V4_MOMENTUM_full,disabled,2017-01-12,risk_on,0.011908206426636835,0.004201624092259992,0.00852800267262288,0.5620437956204379,0.0912926783491097,0.7518248175182481,0.7591240875912408,,,{},6187.TWO,2017-01-12,2017-01-13
0.0475517983202366,498000,0,0.0478102189781022,1.1669099756690997,1.0,D-1 estimated accounting; fill-day constraints require ledger audit,momentum,V4_MOMENTUM_full,disabled,2017-01-12,risk_on,0.011908206426636835,0.004201624092259992,0.00852800267262288,0.5620437956204379,0.0912926783491097,0.7518248175182481,0.7591240875912408,,,{},6223.TWO,2017-01-12,2017-01-13
0.04353736771560671,1110000,0,0.03832116788321169,1.0189781021897808,1.0,D-1 estimated accounting; fill-day constraints require ledger audit,momentum,V4_MOMENTUM_full,disabled,2017-01-12,risk_on,0.011908206426636835,0.004201624092259992,0.00852800267262288,0.5620437956204379,0.0912926783491097,0.7518248175182481,0.7591240875912408,,,{},6274.TWO,2017-01-12,2017-01-13
0.04167826887235245,1060000,0,0.012773722627737228,0.6841849148418492,1.0,D-1 estimated accounting; fill-day constraints require ledger audit,momentum,V4_MOMENTUM_full,disabled,2017-01-12,risk_on,0.011908206426636835,0.004201624092259992,0.00852800267262288,0.5620437956204379,0.0912926783491097,0.7518248175182481,0.7591240875912408,,,{},8358.TWO,2017-01-12,2017-01-13
0.03956097892804543,1481000,0,0.012773722627737228,0.7090024330900243,1.0,D-1 estimated accounting; fill-day constraints require ledger audit,momentum,V4_MOMENTUM_full,disabled,2017-01-13,risk_on,0.011846702656996532,2.220446049250313e-16,0.007543100169479233,0.5255474452554745,0.09241242031022529,0.6934306569343066,0.7372262773722628,,,{},1504.TW,2017-01-13,2017-01-16
0.04846423810207547,3798000,0,0.04708029197080293,1.1338199513381997,1.0,D-1 estimated accounting; fill-day constraints require ledger audit,momentum,V4_MOMENTUM_full,disabled,2017-01-13,risk_on,0.011846702656996532,2.220446049250313e-16,0.007543100169479233,0.5255474452554745,0.09241242031022529,0.6934306569343066,0.7372262773722628,,,{},1785.TWO,2017-01-13,2017-01-16
0.043182552433536026,702000,702000,0.0427007299270073,1.0301703163017033,1.0,D-1 estimated accounting; fill-day constraints require ledger audit,momentum,V4_MOMENTUM_full,disabled,2017-01-13,risk_on,0.011846702656996532,2.220446049250313e-16,0.007543100169479233,0.5255474452554745,0.09241242031022529,0.6934306569343066,0.7372262773722628,,,{},2327.TW,2017-01-13,2017-01-16
0.0528742949251434,8932000,0,0.05,1.1897810218978104,1.0,D-1 estimated accounting; fill-day constraints require ledger audit,momentum,V4_MOMENTUM_full,disabled,2017-01-13,risk_on,0.011846702656996532,2.220446049250313e-16,0.007543100169479233,0.5255474452554745,0.09241242031022529,0.6934306569343066,0.7372262773722628,,,{},2337.TW,2017-01-13,2017-01-16
0.04385535295445966,812000,0,0.04489051094890511,1.102676399026764,1.0,D-1 estimated accounting; fill-day constraints require ledger audit,momentum,V4_MOMENTUM_full,disabled,2017-01-13,risk_on,0.011846702656996532,2.220446049250313e-16,0.007543100169479233,0.5255474452554745,0.09241242031022529,0.6934306569343066,0.7372262773722628,,,{},2345.TW,2017-01-13,2017-01-16
0.04323273381888232,458000,0,0.04343065693430657,1.0618004866180049,1.0,D-1 estimated accounting; fill-day constraints require ledger audit,momentum,V4_MOMENTUM_full,disabled,2017-01-13,risk_on,0.011846702656996532,2.220446049250313e-16,0.007543100169479233,0.5255474452554745,0.09241242031022529,0.6934306569343066,0.7372262773722628,,,{},2383.TW,2017-01-13,2017-01-16
0.04251684276054177,3434000,0,0.04416058394160584,1.071046228710462,1.0,D-1 estimated accounting; fill-day constraints require ledger audit,momentum,V4_MOMENTUM_full,disabled,2017-01-13,risk_on,0.011846702656996532,2.220446049250313e-16,0.007543100169479233,0.5255474452554745,0.09241242031022529,0.6934306569343066,0.7372262773722628,,,{},2409.TW,2017-01-13,2017-01-16
0.03146652700696217,1895000,0,0.045620437956204386,1.1109489051094892,1.0,D-1 estimated accounting; fill-day constraints require ledger audit,momentum,V4_MOMENTUM_full,disabled,2017-01-13,risk_on,0.011846702656996532,2.220446049250313e-16,0.007543100169479233,0.5255474452554745,0.09241242031022529,0.6934306569343066,0.7372262773722628,,,{},2615.TW,2017-01-13,2017-01-16
0.040015860379995945,2410000,0,0.04124087591240876,1.018978102189781,1.0,D-1 estimated accounting; fill-day constraints require ledger audit,momentum,V4_MOMENTUM_full,disabled,2017-01-13,risk_on,0.011846702656996532,2.220446049250313e-16,0.007543100169479233,0.5255474452554745,0.09241242031022529,0.6934306569343066,0.7372262773722628,,,{},2801.TW,2017-01-13,2017-01-16
0.040703767489986484,3446000,0,0.03759124087591242,0.9956204379562044,1.0,D-1 estimated accounting; fill-day constraints require ledger audit,momentum,V4_MOMENTUM_full,disabled,2017-01-13,risk_on,0.011846702656996532,2.220446049250313e-16,0.007543100169479233,0.5255474452554745,0.09241242031022529,0.6934306569343066,0.7372262773722628,,,{},2885.TW,2017-01-13,2017-01-16
0.042232046798054215,10000,0,0.04051094890510949,1.0087591240875915,1.0,D-1 estimated accounting; fill-day constraints require ledger audit,momentum,V4_MOMENTUM_full,disabled,2017-01-13,risk_on,0.011846702656996532,2.220446049250313e-16,0.007543100169479233,0.5255474452554745,0.09241242031022529,0.6934306569343066,0.7372262773722628,,,{},3008.TW,2017-01-13,2017-01-16
0.041955574874440266,1656000,0,0.04635036496350366,1.11338199513382,1.0,D-1 estimated accounting; fill-day constraints require ledger audit,momentum,V4_MOMENTUM_full,disabled,2017-01-13,risk_on,0.011846702656996532,2.220446049250313e-16,0.007543100169479233,0.5255474452554745,0.09241242031022529,0.6934306569343066,0.7372262773722628,,,{},3231.TW,2017-01-13,2017-01-16
0.04127015786154867,1208000,0,0.02153284671532847,0.7766423357664234,1.0,D-1 estimated accounting; fill-day constraints require ledger audit,momentum,V4_MOMENTUM_full,disabled,2017-01-13,risk_on,0.011846702656996532,2.220446049250313e-16,0.007543100169479233,0.5255474452554745,0.09241242031022529,0.6934306569343066,0.7372262773722628,,,{},3374.TWO,2017-01-13,2017-01-16
0.0,0,-526000,-0.01642335766423358,0.4545012165450122,1.0,D-1 estimated accounting; fill-day constraints require ledger audit,momentum,V4_MOMENTUM_full,disabled,2017-01-13,risk_on,0.011846702656996532,2.220446049250313e-16,0.007543100169479233,0.5255474452554745,0.09241242031022529,0.6934306569343066,0.7372262773722628,,,{},3443.TW,2017-01-13,2017-01-16
0.043821440203493114,3553000,0,0.03467153284671533,0.9270072992700731,1.0,D-1 estimated accounting; fill-day constraints require ledger audit,momentum,V4_MOMENTUM_full,disabled,2017-01-13,risk_on,0.011846702656996532,2.220446049250313e-16,0.007543100169479233,0.5255474452554745,0.09241242031022529,0.6934306569343066,0.7372262773722628,,,{},3481.TW,2017-01-13,2017-01-16
0.04276777340248371,639000,0,0.02956204379562044,0.8399026763990267,1.0,D-1 estimated accounting; fill-day constraints require ledger audit,momentum,V4_MOMENTUM_full,disabled,2017-01-13,risk_on,0.011846702656996532,2.220446049250313e-16,0.007543100169479233,0.5255474452554745,0.09241242031022529,0.6934306569343066,0.7372262773722628,,,{},3491.TWO,2017-01-13,2017-01-16
0.0442845982638963,105000,0,0.04927007299270073,1.1746958637469587,1.0,D-1 estimated accounting; fill-day constraints require ledger audit,momentum,V4_MOMENTUM_full,disabled,2017-01-13,risk_on,0.011846702656996532,2.220446049250313e-16,0.007543100169479233,0.5255474452554745,0.09241242031022529,0.6934306569343066,0.7372262773722628,,,{},3529.TWO,2017-01-13,2017-01-16
0.03864381687847897,1102000,0,0.03394160583941606,0.926520681265207,1.0,D-1 estimated accounting; fill-day constraints require ledger audit,momentum,V4_MOMENTUM_full,disabled,2017-01-13,risk_on,0.011846702656996532,2.220446049250313e-16,0.007543100169479233,0.5255474452554745,0.09241242031022529,0.6934306569343066,0.7372262773722628,,,{},6139.TW,2017-01-13,2017-01-16
0.03772641767680785,2871000,0,0.014233576642335766,0.7158150851581508,1.0,D-1 estimated accounting; fill-day constraints require ledger audit,momentum,V4_MOMENTUM_full,disabled,2017-01-13,risk_on,0.011846702656996532,2.220446049250313e-16,0.007543100169479233,0.5255474452554745,0.09241242031022529,0.6934306569343066,0.7372262773722628,,,{},6182.TWO,2017-01-13,2017-01-16
0.03321723127399157,591000,0,0.0478102189781022,1.1445255474452556,1.0,D-1 estimated accounting; fill-day constraints require ledger audit,momentum,V4_MOMENTUM_full,disabled,2017-01-13,risk_on,0.011846702656996532,2.220446049250313e-16,0.007543100169479233,0.5255474452554745,0.09241242031022529,0.6934306569343066,0.7372262773722628,,,{},6187.TWO,2017-01-13,2017-01-16
0.04681524837273523,498000,0,0.04854014598540146,1.1742092457420925,1.0,D-1 estimated accounting; fill-day constraints require ledger audit,momentum,V4_MOMENTUM_full,disabled,2017-01-13,risk_on,0.011846702656996532,2.220446049250313e-16,0.007543100169479233,0.5255474452554745,0.09241242031022529,0.6934306569343066,0.7372262773722628,,,{},6223.TWO,2017-01-13,2017-01-16
0.04308527264020403,1110000,0,0.03832116788321169,0.9970802919708028,1.0,D-1 estimated accounting; fill-day constraints require ledger audit,momentum,V4_MOMENTUM_full,disabled,2017-01-13,risk_on,0.011846702656996532,2.220446049250313e-16,0.007543100169479233,0.5255474452554745,0.09241242031022529,0.6934306569343066,0.7372262773722628,,,{},6274.TWO,2017-01-13,2017-01-16
0.041447168192467736,1060000,0,0.009854014598540151,0.6807785888077859,1.0,D-1 estimated accounting; fill-day constraints require ledger audit,momentum,V4_MOMENTUM_full,disabled,2017-01-13,risk_on,0.011846702656996532,2.220446049250313e-16,0.007543100169479233,0.5255474452554745,0.09241242031022529,0.6934306569343066,0.7372262773722628,,,{},8358.TWO,2017-01-13,2017-01-16
0.03956407578443079,1481000,0,0.013503649635036497,0.7085158150851582,1.0,D-1 estimated accounting; fill-day constraints require ledger audit,momentum,V4_MOMENTUM_full,disabled,2017-01-16,neutral,0.011849325405618658,-0.001795330530618977,0.0010152717696996216,0.45985401459854014,0.08525759042022715,0.5547445255474452,0.6204379562043796,,,{},1504.TW,2017-01-16,2017-01-17
0.050085126404349235,3798000,0,0.03394160583941606,0.9109489051094892,1.0,D-1 estimated accounting; fill-day constraints require ledger audit,momentum,V4_MOMENTUM_full,disabled,2017-01-16,neutral,0.011849325405618658,-0.001795330530618977,0.0010152717696996216,0.45985401459854014,0.08525759042022715,0.5547445255474452,0.6204379562043796,,,{},1785.TWO,2017-01-16,2017-01-17
0.04255524973359256,702000,0,0.032481751824817516,0.8924574209245741,1.0,D-1 estimated accounting; fill-day constraints require ledger audit,momentum,V4_MOMENTUM_full,disabled,2017-01-16,neutral,0.011849325405618658,-0.001795330530618977,0.0010152717696996216,0.45985401459854014,0.08525759042022715,0.5547445255474452,0.6204379562043796,,,{},2327.TW,2017-01-16,2017-01-17
0.051635211061983655,8932000,0,0.05,1.1868613138686135,1.0,D-1 estimated accounting; fill-day constraints require ledger audit,momentum,V4_MOMENTUM_full,disabled,2017-01-16,neutral,0.011849325405618658,-0.001795330530618977,0.0010152717696996216,0.45985401459854014,0.08525759042022715,0.5547445255474452,0.6204379562043796,,,{},2337.TW,2017-01-16,2017-01-17
0.04409499141653393,812000,0,0.04708029197080293,1.1289537712895379,1.0,D-1 estimated accounting; fill-day constraints require ledger audit,momentum,V4_MOMENTUM_full,disabled,2017-01-16,neutral,0.011849325405618658,-0.001795330530618977,0.0010152717696996216,0.45985401459854014,0.08525759042022715,0.5547445255474452,0.6204379562043796,,,{},2345.TW,2017-01-16,2017-01-17
0.043326458234607845,458000,0,0.04306569343065694,1.048661800486618,1.0,D-1 estimated accounting; fill-day constraints require ledger audit,momentum,V4_MOMENTUM_full,disabled,2017-01-16,neutral,0.011849325405618658,-0.001795330530618977,0.0010152717696996216,0.45985401459854014,0.08525759042022715,0.5547445255474452,0.6204379562043796,,,{},2383.TW,2017-01-16,2017-01-17
0.042168116729319666,3434000,0,0.03029197080291971,0.8618004866180048,1.0,D-1 estimated accounting; fill-day constraints require ledger audit,momentum,V4_MOMENTUM_full,disabled,2017-01-16,neutral,0.011849325405618658,-0.001795330530618977,0.0010152717696996216,0.45985401459854014,0.08525759042022715,0.5547445255474452,0.6204379562043796,,,{},2409.TW,2017-01-16,2017-01-17
0.031060287418097233,1895000,0,0.04306569343065694,1.048661800486618,1.0,D-1 estimated accounting; fill-day constraints require ledger audit,momentum,V4_MOMENTUM_full,disabled,2017-01-16,neutral,0.011849325405618658,-0.001795330530618977,0.0010152717696996216,0.45985401459854014,0.08525759042022715,0.5547445255474452,0.6204379562043796,,,{},2615.TW,2017-01-16,2017-01-17
0.04019019599841247,2410000,0,0.04197080291970803,1.0330900243309002,1.0,D-1 estimated accounting; fill-day constraints require ledger audit,momentum,V4_MOMENTUM_full,disabled,2017-01-16,neutral,0.011849325405618658,-0.001795330530618977,0.0010152717696996216,0.45985401459854014,0.08525759042022715,0.5547445255474452,0.6204379562043796,,,{},2801.TW,2017-01-16,2017-01-17
0.04050428323683934,3446000,0,0.03832116788321169,0.9746958637469586,1.0,D-1 estimated accounting; fill-day constraints require ledger audit,momentum,V4_MOMENTUM_full,disabled,2017-01-16,neutral,0.011849325405618658,-0.001795330530618977,0.0010152717696996216,0.45985401459854014,0.08525759042022715,0.5547445255474452,0.6204379562043796,,,{},2885.TW,2017-01-16,2017-01-17
0.04263789798402658,10000,0,0.03905109489051095,1.0038929440389295,1.0,D-1 estimated accounting; fill-day constraints require ledger audit,momentum,V4_MOMENTUM_full,disabled,2017-01-16,neutral,0.011849325405618658,-0.001795330530618977,0.0010152717696996216,0.45985401459854014,0.08525759042022715,0.5547445255474452,0.6204379562043796,,,{},3008.TW,2017-01-16,2017-01-17
0.04225910146512984,1656000,0,0.04635036496350366,1.1284671532846713,1.0,D-1 estimated accounting; fill-day constraints require ledger audit,momentum,V4_MOMENTUM_full,disabled,2017-01-16,neutral,0.011849325405618658,-0.001795330530618977,0.0010152717696996216,0.45985401459854014,0.08525759042022715,0.5547445255474452,0.6204379562043796,,,{},3231.TW,2017-01-16,2017-01-17
0.0402408359668865,1208000,0,0.01131386861313869,0.7055961070559612,1.0,D-1 estimated accounting; fill-day constraints require ledger audit,momentum,V4_MOMENTUM_full,disabled,2017-01-16,neutral,0.011849325405618658,-0.001795330530618977,0.0010152717696996216,0.45985401459854014,0.08525759042022715,0.5547445255474452,0.6204379562043796,,,{},3374.TWO,2017-01-16,2017-01-17
0.04345941203862974,3553000,0,0.02956204379562044,0.8593673965936739,1.0,D-1 estimated accounting; fill-day constraints require ledger audit,momentum,V4_MOMENTUM_full,disabled,2017-01-16,neutral,0.011849325405618658,-0.001795330530618977,0.0010152717696996216,0.45985401459854014,0.08525759042022715,0.5547445255474452,0.6204379562043796,,,{},3481.TW,2017-01-16,2017-01-17
0.044910247135410586,639000,0,0.04416058394160584,1.0681265206812653,1.0,D-1 estimated accounting; fill-day constraints require ledger audit,momentum,V4_MOMENTUM_full,disabled,2017-01-16,neutral,0.011849325405618658,-0.001795330530618977,0.0010152717696996216,0.45985401459854014,0.08525759042022715,0.5547445255474452,0.6204379562043796,,,{},3491.TWO,2017-01-16,2017-01-17
0.04284093559347433,105000,0,0.0478102189781022,1.1318734793187346,1.0,D-1 estimated accounting; fill-day constraints require ledger audit,momentum,V4_MOMENTUM_full,disabled,2017-01-16,neutral,0.011849325405618658,-0.001795330530618977,0.0010152717696996216,0.45985401459854014,0.08525759042022715,0.5547445255474452,0.6204379562043796,,,{},3529.TWO,2017-01-16,2017-01-17
0.03950275842637757,1102000,0,0.04124087591240876,1.0330900243309,1.0,D-1 estimated accounting; fill-day constraints require ledger audit,momentum,V4_MOMENTUM_full,disabled,2017-01-16,neutral,0.011849325405618658,-0.001795330530618977,0.0010152717696996216,0.45985401459854014,0.08525759042022715,0.5547445255474452,0.6204379562043796,,,{},6139.TW,2017-01-16,2017-01-17
0.03799934853213855,2871000,0,0.017153284671532845,0.727007299270073,1.0,D-1 estimated accounting; fill-day constraints require ledger audit,momentum,V4_MOMENTUM_full,disabled,2017-01-16,neutral,0.011849325405618658,-0.001795330530618977,0.0010152717696996216,0.45985401459854014,0.08525759042022715,0.5547445255474452,0.6204379562043796,,,{},6182.TWO,2017-01-16,2017-01-17
0.033570572760976414,591000,0,0.04927007299270073,1.1673965936739659,1.0,D-1 estimated accounting; fill-day constraints require ledger audit,momentum,V4_MOMENTUM_full,disabled,2017-01-16,neutral,0.011849325405618658,-0.001795330530618977,0.0010152717696996216,0.45985401459854014,0.08525759042022715,0.5547445255474452,0.6204379562043796,,,{},6187.TWO,2017-01-16,2017-01-17
0.0460108065257277,498000,0,0.04854014598540146,1.1542579075425787,1.0,D-1 estimated accounting; fill-day constraints require ledger audit,momentum,V4_MOMENTUM_full,disabled,2017-01-16,neutral,0.011849325405618658,-0.001795330530618977,0.0010152717696996216,0.45985401459854014,0.08525759042022715,0.5547445255474452,0.6204379562043796,,,{},6223.TWO,2017-01-16,2017-01-17
0.04244202640785346,1110000,0,0.03978102189781022,1.0121654501216546,1.0,D-1 estimated accounting; fill-day constraints require ledger audit,momentum,V4_MOMENTUM_full,disabled,2017-01-16,neutral,0.011849325405618658,-0.001795330530618977,0.0010152717696996216,0.45985401459854014,0.08525759042022715,0.5547445255474452,0.6204379562043796,,,{},6274.TWO,2017-01-16,2017-01-17
0.041037722753802526,1060000,0,0.02007299270072993,0.751824817518248,1.0,D-1 estimated accounting; fill-day constraints require ledger audit,momentum,V4_MOMENTUM_full,disabled,2017-01-16,neutral,0.011849325405618658,-0.001795330530618977,0.0010152717696996216,0.45985401459854014,0.08525759042022715,0.5547445255474452,0.6204379562043796,,,{},8358.TWO,2017-01-16,2017-01-17
0.039404571261307794,1481000,0,0.016423357664233574,0.7333333333333334,1.0,D-1 estimated accounting; fill-day constraints require ledger audit,momentum,V4_MOMENTUM_full,disabled,2017-01-17,risk_on,0.012050216343741229,0.002873519538294733,0.012727261198538509,0.5474452554744526,0.0918371765288704,0.6788321167883211,0.7007299270072993,,,{},1504.TW,2017-01-17,2017-01-18
0.05447075493678443,3798000,0,0.04927007299270073,1.1766423357664235,1.0,D-1 estimated accounting; fill-day constraints require ledger audit,momentum,V4_MOMENTUM_full,disabled,2017-01-17,risk_on,0.012050216343741229,0.002873519538294733,0.012727261198538509,0.5474452554744526,0.0918371765288704,0.6788321167883211,0.7007299270072993,,,{},1785.TWO,2017-01-17,2017-01-18
0.04229042747585514,702000,0,0.03029197080291971,0.8885644768856448,1.0,D-1 estimated accounting; fill-day constraints require ledger audit,momentum,V4_MOMENTUM_full,disabled,2017-01-17,risk_on,0.012050216343741229,0.002873519538294733,0.012727261198538509,0.5474452554744526,0.0918371765288704,0.6788321167883211,0.7007299270072993,,,{},2327.TW,2017-01-17,2017-01-18
0.053435359306731135,8932000,0,0.05,1.1781021897810222,1.0,D-1 estimated accounting; fill-day constraints require ledger audit,momentum,V4_MOMENTUM_full,disabled,2017-01-17,risk_on,0.012050216343741229,0.002873519538294733,0.012727261198538509,0.5474452554744526,0.0918371765288704,0.6788321167883211,0.7007299270072993,,,{},2337.TW,2017-01-17,2017-01-18
0.04291372357677169,812000,0,0.03321167883211679,0.9017031630170318,1.0,D-1 estimated accounting; fill-day constraints require ledger audit,momentum,V4_MOMENTUM_full,disabled,2017-01-17,risk_on,0.012050216343741229,0.002873519538294733,0.012727261198538509,0.5474452554744526,0.0918371765288704,0.6788321167883211,0.7007299270072993,,,{},2345.TW,2017-01-17,2017-01-18
0.04335542612117975,458000,0,0.04343065693430657,1.0360097323600974,1.0,D-1 estimated accounting; fill-day constraints require ledger audit,momentum,V4_MOMENTUM_full,disabled,2017-01-17,risk_on,0.012050216343741229,0.002873519538294733,0.012727261198538509,0.5474452554744526,0.0918371765288704,0.6788321167883211,0.7007299270072993,,,{},2383.TW,2017-01-17,2017-01-18
0.0417739246666408,3434000,0,0.0208029197080292,0.7469586374695865,1.0,D-1 estimated accounting; fill-day constraints require ledger audit,momentum,V4_MOMENTUM_full,disabled,2017-01-17,risk_on,0.012050216343741229,0.002873519538294733,0.012727261198538509,0.5474452554744526,0.0918371765288704,0.6788321167883211,0.7007299270072993,,,{},2409.TW,2017-01-17,2017-01-18
0.030859640789281648,1895000,0,0.04051094890510949,0.9888077858880778,1.0,D-1 estimated accounting; fill-day constraints require ledger audit,momentum,V4_MOMENTUM_full,disabled,2017-01-17,risk_on,0.012050216343741229,0.002873519538294733,0.012727261198538509,0.5474452554744526,0.0918371765288704,0.6788321167883211,0.7007299270072993,,,{},2615.TW,2017-01-17,2017-01-18
0.039586330462186306,2410000,0,0.0354014598540146,0.9343065693430657,1.0,D-1 estimated accounting; fill-day constraints require ledger audit,momentum,V4_MOMENTUM_full,disabled,2017-01-17,risk_on,0.012050216343741229,0.002873519538294733,0.012727261198538509,0.5474452554744526,0.0918371765288704,0.6788321167883211,0.7007299270072993,,,{},2801.TW,2017-01-17,2017-01-18
0.040288757245011166,3446000,0,0.036861313868613146,0.9698296836982969,1.0,D-1 estimated accounting; fill-day constraints require ledger audit,momentum,V4_MOMENTUM_full,disabled,2017-01-17,risk_on,0.012050216343741229,0.002873519538294733,0.012727261198538509,0.5474452554744526,0.0918371765288704,0.6788321167883211,0.7007299270072993,,,{},2885.TW,2017-01-17,2017-01-18
0.04373011368617264,10000,0,0.04489051094890511,1.0525547445255474,1.0,D-1 estimated accounting; fill-day constraints require ledger audit,momentum,V4_MOMENTUM_full,disabled,2017-01-17,risk_on,0.012050216343741229,0.002873519538294733,0.012727261198538509,0.5474452554744526,0.0918371765288704,0.6788321167883211,0.7007299270072993,,,{},3008.TW,2017-01-17,2017-01-18
0.042569632893270266,1656000,0,0.04708029197080293,1.1260340632603407,1.0,D-1 estimated accounting; fill-day constraints require ledger audit,momentum,V4_MOMENTUM_full,disabled,2017-01-17,risk_on,0.012050216343741229,0.002873519538294733,0.012727261198538509,0.5474452554744526,0.0918371765288704,0.6788321167883211,0.7007299270072993,,,{},3231.TW,2017-01-17,2017-01-18
0.0401506335038931,1208000,0,0.0010948905109489093,0.6311435523114355,1.0,D-1 estimated accounting; fill-day constraints require ledger audit,momentum,V4_MOMENTUM_full,disabled,2017-01-17,risk_on,0.012050216343741229,0.002873519538294733,0.012727261198538509,0.5474452554744526,0.0918371765288704,0.6788321167883211,0.7007299270072993,,,{},3374.TWO,2017-01-17,2017-01-18
0.043221325171905106,3553000,0,0.028102189781021903,0.8501216545012165,1.0,D-1 estimated accounting; fill-day constraints require ledger audit,momentum,V4_MOMENTUM_full,disabled,2017-01-17,risk_on,0.012050216343741229,0.002873519538294733,0.012727261198538509,0.5474452554744526,0.0918371765288704,0.6788321167883211,0.7007299270072993,,,{},3481.TW,2017-01-17,2017-01-18
0.04442989015907713,639000,0,0.03832116788321169,0.9800486618004868,1.0,D-1 estimated accounting; fill-day constraints require ledger audit,momentum,V4_MOMENTUM_full,disabled,2017-01-17,risk_on,0.012050216343741229,0.002873519538294733,0.012727261198538509,0.5474452554744526,0.0918371765288704,0.6788321167883211,0.7007299270072993,,,{},3491.TWO,2017-01-17,2017-01-18
0.04144185503170679,105000,0,0.026642335766423355,0.7970802919708029,1.0,D-1 estimated accounting; fill-day constraints require ledger audit,momentum,V4_MOMENTUM_full,disabled,2017-01-17,risk_on,0.012050216343741229,0.002873519538294733,0.012727261198538509,0.5474452554744526,0.0918371765288704,0.6788321167883211,0.7007299270072993,,,{},3529.TWO,2017-01-17,2017-01-18
0.039081304441466444,1102000,0,0.03613138686131386,0.9493917274939173,1.0,D-1 estimated accounting; fill-day constraints require ledger audit,momentum,V4_MOMENTUM_full,disabled,2017-01-17,risk_on,0.012050216343741229,0.002873519538294733,0.012727261198538509,0.5474452554744526,0.0918371765288704,0.6788321167883211,0.7007299270072993,,,{},6139.TW,2017-01-17,2017-01-18
0.03737232781245379,2871000,0,0.02153284671532847,0.7503649635036496,1.0,D-1 estimated accounting; fill-day constraints require ledger audit,momentum,V4_MOMENTUM_full,disabled,2017-01-17,risk_on,0.012050216343741229,0.002873519538294733,0.012727261198538509,0.5474452554744526,0.0918371765288704,0.6788321167883211,0.7007299270072993,,,{},6182.TWO,2017-01-17,2017-01-18
0.03247292229938365,591000,0,0.0478102189781022,1.1299270072992702,1.0,D-1 estimated accounting; fill-day constraints require ledger audit,momentum,V4_MOMENTUM_full,disabled,2017-01-17,risk_on,0.012050216343741229,0.002873519538294733,0.012727261198538509,0.5474452554744526,0.0918371765288704,0.6788321167883211,0.7007299270072993,,,{},6187.TWO,2017-01-17,2017-01-18
0.04671313215547942,498000,0,0.04854014598540146,1.1742092457420925,1.0,D-1 estimated accounting; fill-day constraints require ledger audit,momentum,V4_MOMENTUM_full,disabled,2017-01-17,risk_on,0.012050216343741229,0.002873519538294733,0.012727261198538509,0.5474452554744526,0.0918371765288704,0.6788321167883211,0.7007299270072993,,,{},6223.TWO,2017-01-17,2017-01-18
0.042675952915343845,1110000,0,0.025182481751824817,0.7907542579075426,1.0,D-1 estimated accounting; fill-day constraints require ledger audit,momentum,V4_MOMENTUM_full,disabled,2017-01-17,risk_on,0.012050216343741229,0.002873519538294733,0.012727261198538509,0.5474452554744526,0.0918371765288704,0.6788321167883211,0.7007299270072993,,,{},6274.TWO,2017-01-17,2017-01-18
0.040654097734838454,1060000,0,0.002554744525547448,0.64330900243309,1.0,D-1 estimated accounting; fill-day constraints require ledger audit,momentum,V4_MOMENTUM_full,disabled,2017-01-17,risk_on,0.012050216343741229,0.002873519538294733,0.012727261198538509,0.5474452554744526,0.0918371765288704,0.6788321167883211,0.7007299270072993,,,{},8358.TWO,2017-01-17,2017-01-18
0.038862574944654414,1481000,0,0.01131386861313869,0.6715328467153284,1.0,D-1 estimated accounting; fill-day constraints require ledger audit,momentum,V4_MOMENTUM_full,disabled,2017-01-18,neutral,0.01202974075908059,0.0,0.008992806002193099,0.49635036496350365,0.09708766953121764,0.5985401459854015,0.708029197080292,,,{},1504.TW,2017-01-18,2017-01-19
0.05665912577860044,3798000,0,0.05,1.1956204379562043,1.0,D-1 estimated accounting; fill-day constraints require ledger audit,momentum,V4_MOMENTUM_full,disabled,2017-01-18,neutral,0.01202974075908059,0.0,0.008992806002193099,0.49635036496350365,0.09708766953121764,0.5985401459854015,0.708029197080292,,,{},1785.TWO,2017-01-18,2017-01-19
0.04224296103954111,702000,0,0.026642335766423355,0.8656934306569342,1.0,D-1 estimated accounting; fill-day constraints require ledger audit,momentum,V4_MOMENTUM_full,disabled,2017-01-18,neutral,0.01202974075908059,0.0,0.008992806002193099,0.49635036496350365,0.09708766953121764,0.5985401459854015,0.708029197080292,,,{},2327.TW,2017-01-18,2017-01-19
0.054715626464722,8932000,0,0.04854014598540146,1.170316301703163,1.0,D-1 estimated accounting; fill-day constraints require ledger audit,momentum,V4_MOMENTUM_full,disabled,2017-01-18,neutral,0.01202974075908059,0.0,0.008992806002193099,0.49635036496350365,0.09708766953121764,0.5985401459854015,0.708029197080292,,,{},2337.TW,2017-01-18,2017-01-19
0.043184667911638476,4141000,4141000,0.0478102189781022,1.1231143552311438,1.0,D-1 estimated accounting; fill-day constraints require ledger audit,momentum,V4_MOMENTUM_full,disabled,2017-01-18,neutral,0.01202974075908059,0.0,0.008992806002193099,0.49635036496350365,0.09708766953121764,0.5985401459854015,0.708029197080292,,,{},2344.TW,2017-01-18,2017-01-19
0.04148709860067948,812000,0,0.009124087591240882,0.6583941605839415,1.0,D-1 estimated accounting; fill-day constraints require ledger audit,momentum,V4_MOMENTUM_full,disabled,2017-01-18,neutral,0.01202974075908059,0.0,0.008992806002193099,0.49635036496350365,0.09708766953121764,0.5985401459854015,0.708029197080292,,,{},2345.TW,2017-01-18,2017-01-19
0.04330696659452388,458000,0,0.045620437956204386,1.0846715328467154,1.0,D-1 estimated accounting; fill-day constraints require ledger audit,momentum,V4_MOMENTUM_full,disabled,2017-01-18,neutral,0.01202974075908059,0.0,0.008992806002193099,0.49635036496350365,0.09708766953121764,0.5985401459854015,0.708029197080292,,,{},2383.TW,2017-01-18,2017-01-19
0.04159396674815973,3434000,0,0.025182481751824817,0.8155717761557177,1.0,D-1 estimated accounting; fill-day constraints require ledger audit,momentum,V4_MOMENTUM_full,disabled,2017-01-18,neutral,0.01202974075908059,0.0,0.008992806002193099,0.49635036496350365,0.09708766953121764,0.5985401459854015,0.708029197080292,,,{},2409.TW,2017-01-18,2017-01-19
0.031818909605786504,1895000,0,0.04416058394160584,1.0360097323600974,1.0,D-1 estimated accounting; fill-day constraints require ledger audit,momentum,V4_MOMENTUM_full,disabled,2017-01-18,neutral,0.01202974075908059,0.0,0.008992806002193099,0.49635036496350365,0.09708766953121764,0.5985401459854015,0.708029197080292,,,{},2615.TW,2017-01-18,2017-01-19
0.03911142739746119,2410000,0,0.032481751824817516,0.9114355231143552,1.0,D-1 estimated accounting; fill-day constraints require ledger audit,momentum,V4_MOMENTUM_full,disabled,2017-01-18,neutral,0.01202974075908059,0.0,0.008992806002193099,0.49635036496350365,0.09708766953121764,0.5985401459854015,0.708029197080292,,,{},2801.TW,2017-01-18,2017-01-19
0.03980542741710762,3446000,0,0.0354014598540146,0.9343065693430657,1.0,D-1 estimated accounting; fill-day constraints require ledger audit,momentum,V4_MOMENTUM_full,disabled,2017-01-18,neutral,0.01202974075908059,0.0,0.008992806002193099,0.49635036496350365,0.09708766953121764,0.5985401459854015,0.708029197080292,,,{},2885.TW,2017-01-18,2017-01-19
0.04364737355740125,10000,0,0.04489051094890511,1.0559610705596105,1.0,D-1 estimated accounting; fill-day constraints require ledger audit,momentum,V4_MOMENTUM_full,disabled,2017-01-18,neutral,0.01202974075908059,0.0,0.008992806002193099,0.49635036496350365,0.09708766953121764,0.5985401459854015,0.708029197080292,,,{},3008.TW,2017-01-18,2017-01-19
0.0418265703795929,1656000,0,0.04124087591240876,1.0233576642335767,1.0,D-1 estimated accounting; fill-day constraints require ledger audit,momentum,V4_MOMENTUM_full,disabled,2017-01-18,neutral,0.01202974075908059,0.0,0.008992806002193099,0.49635036496350365,0.09708766953121764,0.5985401459854015,0.708029197080292,,,{},3231.TW,2017-01-18,2017-01-19
0.0,0,-1208000,-0.011313868613138683,0.4968369829683698,1.0,D-1 estimated accounting; fill-day constraints require ledger audit,momentum,V4_MOMENTUM_full,disabled,2017-01-18,neutral,0.01202974075908059,0.0,0.008992806002193099,0.49635036496350365,0.09708766953121764,0.5985401459854015,0.708029197080292,,,{},3374.TWO,2017-01-18,2017-01-19
0.04386592604977609,3553000,0,0.04197080291970803,1.0277372262773723,1.0,D-1 estimated accounting; fill-day constraints require ledger audit,momentum,V4_MOMENTUM_full,disabled,2017-01-18,neutral,0.01202974075908059,0.0,0.008992806002193099,0.49635036496350365,0.09708766953121764,0.5985401459854015,0.708029197080292,,,{},3481.TW,2017-01-18,2017-01-19
0.04317922046504847,639000,0,0.04051094890510949,1.0019464720194646,1.0,D-1 estimated accounting; fill-day constraints require ledger audit,momentum,V4_MOMENTUM_full,disabled,2017-01-18,neutral,0.01202974075908059,0.0,0.008992806002193099,0.49635036496350365,0.09708766953121764,0.5985401459854015,0.708029197080292,,,{},3491.TWO,2017-01-18,2017-01-19
0.04133933953437557,105000,0,0.02007299270072993,0.745985401459854,1.0,D-1 estimated accounting; fill-day constraints require ledger audit,momentum,V4_MOMENTUM_full,disabled,2017-01-18,neutral,0.01202974075908059,0.0,0.008992806002193099,0.49635036496350365,0.09708766953121764,0.5985401459854015,0.708029197080292,,,{},3529.TWO,2017-01-18,2017-01-19
0.03820004386539488,1102000,0,0.014233576642335766,0.6793187347931874,1.0,D-1 estimated accounting; fill-day constraints require ledger audit,momentum,V4_MOMENTUM_full,disabled,2017-01-18,neutral,0.01202974075908059,0.0,0.008992806002193099,0.49635036496350365,0.09708766953121764,0.5985401459854015,0.708029197080292,,,{},6139.TW,2017-01-18,2017-01-19
0.03772959957233042,2871000,0,0.031021897810218982,0.9051094890510948,1.0,D-1 estimated accounting; fill-day constraints require ledger audit,momentum,V4_MOMENTUM_full,disabled,2017-01-18,neutral,0.01202974075908059,0.0,0.008992806002193099,0.49635036496350365,0.09708766953121764,0.5985401459854015,0.708029197080292,,,{},6182.TWO,2017-01-18,2017-01-19
0.03235993690852999,591000,0,0.04708029197080293,1.102676399026764,1.0,D-1 estimated accounting; fill-day constraints require ledger audit,momentum,V4_MOMENTUM_full,disabled,2017-01-18,neutral,0.01202974075908059,0.0,0.008992806002193099,0.49635036496350365,0.09708766953121764,0.5985401459854015,0.708029197080292,,,{},6187.TWO,2017-01-18,2017-01-19
0.04894986663299105,498000,0,0.04927007299270073,1.1805352798053528,1.0,D-1 estimated accounting; fill-day constraints require ledger audit,momentum,V4_MOMENTUM_full,disabled,2017-01-18,neutral,0.01202974075908059,0.0,0.008992806002193099,0.49635036496350365,0.09708766953121764,0.5985401459854015,0.708029197080292,,,{},6223.TWO,2017-01-18,2017-01-19
0.042371689112178666,1110000,0,0.03029197080291971,0.8944038929440389,1.0,D-1 estimated accounting; fill-day constraints require ledger audit,momentum,V4_MOMENTUM_full,disabled,2017-01-18,neutral,0.01202974075908059,0.0,0.008992806002193099,0.49635036496350365,0.09708766953121764,0.5985401459854015,0.708029197080292,,,{},6274.TWO,2017-01-18,2017-01-19
0.041158147641360485,1060000,0,0.03321167883211679,0.916301703163017,1.0,D-1 estimated accounting; fill-day constraints require ledger audit,momentum,V4_MOMENTUM_full,disabled,2017-01-18,neutral,0.01202974075908059,0.0,0.008992806002193099,0.49635036496350365,0.09708766953121764,0.5985401459854015,0.708029197080292,,,{},8358.TWO,2017-01-18,2017-01-19
0.03891614179142408,1481000,0,-0.003284671532846717,0.5746958637469587,1.0,D-1 estimated accounting; fill-day constraints require ledger audit,momentum,V4_MOMENTUM_full,disabled,2017-01-19,neutral,0.012036638728865916,-0.006644581212759015,0.007399512409121067,0.40875912408759124,0.09453575669379649,0.5620437956204379,0.6058394160583942,,,{},1504.TW,2017-01-19,2017-01-20
0.056965534520149894,3798000,0,0.05,1.1941605839416058,1.0,D-1 estimated accounting; fill-day constraints require ledger audit,momentum,V4_MOMENTUM_full,disabled,2017-01-19,neutral,0.012036638728865916,-0.006644581212759015,0.007399512409121067,0.40875912408759124,0.09453575669379649,0.5620437956204379,0.6058394160583942,,,{},1785.TWO,2017-01-19,2017-01-20
0.04366512069439375,702000,0,0.03321167883211679,0.8861313868613139,1.0,D-1 estimated accounting; fill-day constraints require ledger audit,momentum,V4_MOMENTUM_full,disabled,2017-01-19,neutral,0.012036638728865916,-0.006644581212759015,0.007399512409121067,0.40875912408759124,0.09453575669379649,0.5620437956204379,0.6058394160583942,,,{},2327.TW,2017-01-19,2017-01-20
0.052656981974558696,8932000,0,0.04927007299270073,1.1639902676399028,1.0,D-1 estimated accounting; fill-day constraints require ledger audit,momentum,V4_MOMENTUM_full,disabled,2017-01-19,neutral,0.012036638728865916,-0.006644581212759015,0.007399512409121067,0.40875912408759124,0.09453575669379649,0.5620437956204379,0.6058394160583942,,,{},2337.TW,2017-01-19,2017-01-20
0.04335943018700246,4141000,0,0.04635036496350366,1.1002433090024333,1.0,D-1 estimated accounting; fill-day constraints require ledger audit,momentum,V4_MOMENTUM_full,disabled,2017-01-19,neutral,0.012036638728865916,-0.006644581212759015,0.007399512409121067,0.40875912408759124,0.09453575669379649,0.5620437956204379,0.6058394160583942,,,{},2344.TW,2017-01-19,2017-01-20
0.04230243522523742,812000,0,0.015693430656934303,0.6900243309002433,1.0,D-1 estimated accounting; fill-day constraints require ledger audit,momentum,V4_MOMENTUM_full,disabled,2017-01-19,neutral,0.012036638728865916,-0.006644581212759015,0.007399512409121067,0.40875912408759124,0.09453575669379649,0.5620437956204379,0.6058394160583942,,,{},2345.TW,2017-01-19,2017-01-20
0.04294291390170782,458000,0,0.02226277372262774,0.754257907542579,1.0,D-1 estimated accounting; fill-day constraints require ledger audit,momentum,V4_MOMENTUM_full,disabled,2017-01-19,neutral,0.012036638728865916,-0.006644581212759015,0.007399512409121067,0.40875912408759124,0.09453575669379649,0.5620437956204379,0.6058394160583942,,,{},2383.TW,2017-01-19,2017-01-20
0.0416264687198852,3434000,0,0.014233576642335766,0.6822384428223844,1.0,D-1 estimated accounting; fill-day constraints require ledger audit,momentum,V4_MOMENTUM_full,disabled,2017-01-19,neutral,0.012036638728865916,-0.006644581212759015,0.007399512409121067,0.40875912408759124,0.09453575669379649,0.5620437956204379,0.6058394160583942,,,{},2409.TW,2017-01-19,2017-01-20
0.03164462670365762,1895000,0,0.04124087591240876,1.0150851581508515,1.0,D-1 estimated accounting; fill-day constraints require ledger audit,momentum,V4_MOMENTUM_full,disabled,2017-01-19,neutral,0.012036638728865916,-0.006644581212759015,0.007399512409121067,0.40875912408759124,0.09453575669379649,0.5620437956204379,0.6058394160583942,,,{},2615.TW,2017-01-19,2017-01-20
0.03933291745619893,2410000,0,0.025182481751824817,0.8019464720194648,1.0,D-1 estimated accounting; fill-day constraints require ledger audit,momentum,V4_MOMENTUM_full,disabled,2017-01-19,neutral,0.012036638728865916,-0.006644581212759015,0.007399512409121067,0.40875912408759124,0.09453575669379649,0.5620437956204379,0.6058394160583942,,,{},2801.TW,2017-01-19,2017-01-20
0.04014654372567876,3446000,0,0.02299270072992701,0.7727493917274939,1.0,D-1 estimated accounting; fill-day constraints require ledger audit,momentum,V4_MOMENTUM_full,disabled,2017-01-19,neutral,0.012036638728865916,-0.006644581212759015,0.007399512409121067,0.40875912408759124,0.09453575669379649,0.5620437956204379,0.6058394160583942,,,{},2885.TW,2017-01-19,2017-01-20
0.04253587675741682,10000,0,0.03978102189781022,1.007785888077859,1.0,D-1 estimated accounting; fill-day constraints require ledger audit,momentum,V4_MOMENTUM_full,disabled,2017-01-19,neutral,0.012036638728865916,-0.006644581212759015,0.007399512409121067,0.40875912408759124,0.09453575669379649,0.5620437956204379,0.6058394160583942,,,{},3008.TW,2017-01-19,2017-01-20
0.04109132169232847,1656000,0,0.02956204379562044,0.8423357664233577,1.0,D-1 estimated accounting; fill-day constraints require ledger audit,momentum,V4_MOMENTUM_full,disabled,2017-01-19,neutral,0.012036638728865916,-0.006644581212759015,0.007399512409121067,0.40875912408759124,0.09453575669379649,0.5620437956204379,0.6058394160583942,,,{},3231.TW,2017-01-19,2017-01-20
0.04407425645447909,3553000,0,0.03832116788321169,0.981021897810219,1.0,D-1 estimated accounting; fill-day constraints require ledger audit,momentum,V4_MOMENTUM_full,disabled,2017-01-19,neutral,0.012036638728865916,-0.006644581212759015,0.007399512409121067,0.40875912408759124,0.09453575669379649,0.5620437956204379,0.6058394160583942,,,{},3481.TW,2017-01-19,2017-01-20
0.04366988384484832,639000,0,0.0427007299270073,1.0525547445255474,1.0,D-1 estimated accounting; fill-day constraints require ledger audit,momentum,V4_MOMENTUM_full,disabled,2017-01-19,neutral,0.012036638728865916,-0.006644581212759015,0.007399512409121067,0.40875912408759124,0.09453575669379649,0.5620437956204379,0.6058394160583942,,,{},3491.TWO,2017-01-19,2017-01-20
0.04030049723715344,105000,0,0.009124087591240882,0.6452554744525547,1.0,D-1 estimated accounting; fill-day constraints require ledger audit,momentum,V4_MOMENTUM_full,disabled,2017-01-19,neutral,0.012036638728865916,-0.006644581212759015,0.007399512409121067,0.40875912408759124,0.09453575669379649,0.5620437956204379,0.6058394160583942,,,{},3529.TWO,2017-01-19,2017-01-20
0.03753952057019522,1102000,0,0.01131386861313869,0.654014598540146,1.0,D-1 estimated accounting; fill-day constraints require ledger audit,momentum,V4_MOMENTUM_full,disabled,2017-01-19,neutral,0.012036638728865916,-0.006644581212759015,0.007399512409121067,0.40875912408759124,0.09453575669379649,0.5620437956204379,0.6058394160583942,,,{},6139.TW,2017-01-19,2017-01-20
0.03900086456163828,2871000,0,0.03759124087591242,0.9630170316301702,1.0,D-1 estimated accounting; fill-day constraints require ledger audit,momentum,V4_MOMENTUM_full,disabled,2017-01-19,neutral,0.012036638728865916,-0.006644581212759015,0.007399512409121067,0.40875912408759124,0.09453575669379649,0.5620437956204379,0.6058394160583942,,,{},6182.TWO,2017-01-19,2017-01-20
0.03230250738525412,591000,0,0.04197080291970803,1.021897810218978,1.0,D-1 estimated accounting; fill-day constraints require ledger audit,momentum,V4_MOMENTUM_full,disabled,2017-01-19,neutral,0.012036638728865916,-0.006644581212759015,0.007399512409121067,0.40875912408759124,0.09453575669379649,0.5620437956204379,0.6058394160583942,,,{},6187.TWO,2017-01-19,2017-01-20
0.047958794289802605,498000,0,0.0478102189781022,1.1206812652068128,1.0,D-1 estimated accounting; fill-day constraints require ledger audit,momentum,V4_MOMENTUM_full,disabled,2017-01-19,neutral,0.012036638728865916,-0.006644581212759015,0.007399512409121067,0.40875912408759124,0.09453575669379649,0.5620437956204379,0.6058394160583942,,,{},6223.TWO,2017-01-19,2017-01-20
0.042525312938586884,1110000,0,0.024452554744525547,0.7999999999999999,1.0,D-1 estimated accounting; fill-day constraints require ledger audit,momentum,V4_MOMENTUM_full,disabled,2017-01-19,neutral,0.012036638728865916,-0.006644581212759015,0.007399512409121067,0.40875912408759124,0.09453575669379649,0.5620437956204379,0.6058394160583942,,,{},6274.TWO,2017-01-19,2017-01-20
0.04171090853066645,1060000,0,0.03467153284671533,0.891970802919708,1.0,D-1 estimated accounting; fill-day constraints require ledger audit,momentum,V4_MOMENTUM_full,disabled,2017-01-19,neutral,0.012036638728865916,-0.006644581212759015,0.007399512409121067,0.40875912408759124,0.09453575669379649,0.5620437956204379,0.6058394160583942,,,{},8358.TWO,2017-01-19,2017-01-20
0.03866116985854593,1481000,0,0.004744525547445255,0.6014598540145986,1.0,D-1 estimated accounting; fill-day constraints require ledger audit,momentum,V4_MOMENTUM_full,disabled,2017-01-20,neutral,0.01144635379556652,-0.004901960784313708,0.016528886713268465,0.38686131386861317,0.0978525591790891,0.5693430656934306,0.6423357664233577,,,{},1504.TW,2017-01-20,2017-01-23
0.05694823249334219,3798000,0,0.05,1.1941605839416058,1.0,D-1 estimated accounting; fill-day constraints require ledger audit,momentum,V4_MOMENTUM_full,disabled,2017-01-20,neutral,0.01144635379556652,-0.004901960784313708,0.016528886713268465,0.38686131386861317,0.0978525591790891,0.5693430656934306,0.6423357664233577,,,{},1785.TWO,2017-01-20,2017-01-23
0.04607788161215121,702000,0,0.0478102189781022,1.1318734793187348,1.0,D-1 estimated accounting; fill-day constraints require ledger audit,momentum,V4_MOMENTUM_full,disabled,2017-01-20,neutral,0.01144635379556652,-0.004901960784313708,0.016528886713268465,0.38686131386861317,0.0978525591790891,0.5693430656934306,0.6423357664233577,,,{},2327.TW,2017-01-20,2017-01-23
0.052563079912626244,8932000,0,0.04124087591240876,1.04963503649635,1.0,D-1 estimated accounting; fill-day constraints require ledger audit,momentum,V4_MOMENTUM_full,disabled,2017-01-20,neutral,0.01144635379556652,-0.004901960784313708,0.016528886713268465,0.38686131386861317,0.0978525591790891,0.5693430656934306,0.6423357664233577,,,{},2337.TW,2017-01-20,2017-01-23
0.04540374369805132,4141000,0,0.04927007299270073,1.1688564476885646,1.0,D-1 estimated accounting; fill-day constraints require ledger audit,momentum,V4_MOMENTUM_full,disabled,2017-01-20,neutral,0.01144635379556652,-0.004901960784313708,0.016528886713268465,0.38686131386861317,0.0978525591790891,0.5693430656934306,0.6423357664233577,,,{},2344.TW,2017-01-20,2017-01-23
0.04134008214287944,812000,0,0.0018248175182481786,0.5878345498783455,1.0,D-1 estimated accounting; fill-day constraints require ledger audit,momentum,V4_MOMENTUM_full,disabled,2017-01-20,neutral,0.01144635379556652,-0.004901960784313708,0.016528886713268465,0.38686131386861317,0.0978525591790891,0.5693430656934306,0.6423357664233577,,,{},2345.TW,2017-01-20,2017-01-23
0.04360672974063833,458000,0,0.03905109489051095,0.9800486618004866,1.0,D-1 estimated accounting; fill-day constraints require ledger audit,momentum,V4_MOMENTUM_full,disabled,2017-01-20,neutral,0.01144635379556652,-0.004901960784313708,0.016528886713268465,0.38686131386861317,0.0978525591790891,0.5693430656934306,0.6423357664233577,,,{},2383.TW,2017-01-20,2017-01-23
0.04119282969559221,3434000,0,-0.0029197080291970823,0.567396593673966,1.0,D-1 estimated accounting; fill-day constraints require ledger audit,momentum,V4_MOMENTUM_full,disabled,2017-01-20,neutral,0.01144635379556652,-0.004901960784313708,0.016528886713268465,0.38686131386861317,0.0978525591790891,0.5693430656934306,0.6423357664233577,,,{},2409.TW,2017-01-20,2017-01-23
0.03134849057684689,1895000,0,0.03832116788321169,0.9751824817518249,1.0,D-1 estimated accounting; fill-day constraints require ledger audit,momentum,V4_MOMENTUM_full,disabled,2017-01-20,neutral,0.01144635379556652,-0.004901960784313708,0.016528886713268465,0.38686131386861317,0.0978525591790891,0.5693430656934306,0.6423357664233577,,,{},2615.TW,2017-01-20,2017-01-23
0.03918814902720224,2410000,0,0.02956204379562044,0.8433090024330901,1.0,D-1 estimated accounting; fill-day constraints require ledger audit,momentum,V4_MOMENTUM_full,disabled,2017-01-20,neutral,0.01144635379556652,-0.004901960784313708,0.016528886713268465,0.38686131386861317,0.0978525591790891,0.5693430656934306,0.6423357664233577,,,{},2801.TW,2017-01-20,2017-01-23
0.03939909530270678,3446000,0,0.014233576642335766,0.6705596107055962,1.0,D-1 estimated accounting; fill-day constraints require ledger audit,momentum,V4_MOMENTUM_full,disabled,2017-01-20,neutral,0.01144635379556652,-0.004901960784313708,0.016528886713268465,0.38686131386861317,0.0978525591790891,0.5693430656934306,0.6423357664233577,,,{},2885.TW,2017-01-20,2017-01-23
0.0431918648279026,10000,0,0.0427007299270073,1.072992700729927,1.0,D-1 estimated accounting; fill-day constraints require ledger audit,momentum,V4_MOMENTUM_full,disabled,2017-01-20,neutral,0.01144635379556652,-0.004901960784313708,0.016528886713268465,0.38686131386861317,0.0978525591790891,0.5693430656934306,0.6423357664233577,,,{},3008.TW,2017-01-20,2017-01-23
0.04105492400720851,1656000,0,0.03029197080291971,0.8442822384428225,1.0,D-1 estimated accounting; fill-day constraints require ledger audit,momentum,V4_MOMENTUM_full,disabled,2017-01-20,neutral,0.01144635379556652,-0.004901960784313708,0.016528886713268465,0.38686131386861317,0.0978525591790891,0.5693430656934306,0.6423357664233577,,,{},3231.TW,2017-01-20,2017-01-23
0.04361900468215576,3553000,0,0.0354014598540146,0.9260340632603407,1.0,D-1 estimated accounting; fill-day constraints require ledger audit,momentum,V4_MOMENTUM_full,disabled,2017-01-20,neutral,0.01144635379556652,-0.004901960784313708,0.016528886713268465,0.38686131386861317,0.0978525591790891,0.5693430656934306,0.6423357664233577,,,{},3481.TW,2017-01-20,2017-01-23
0.043144076887643934,639000,0,0.03978102189781022,1.0399026763990267,1.0,D-1 estimated accounting; fill-day constraints require ledger audit,momentum,V4_MOMENTUM_full,disabled,2017-01-20,neutral,0.01144635379556652,-0.004901960784313708,0.016528886713268465,0.38686131386861317,0.0978525591790891,0.5693430656934306,0.6423357664233577,,,{},3491.TWO,2017-01-20,2017-01-23
0.03964103346299671,105000,0,-0.00036496350364963463,0.5829683698296837,1.0,D-1 estimated accounting; fill-day constraints require ledger audit,momentum,V4_MOMENTUM_full,disabled,2017-01-20,neutral,0.01144635379556652,-0.004901960784313708,0.016528886713268465,0.38686131386861317,0.0978525591790891,0.5693430656934306,0.6423357664233577,,,{},3529.TWO,2017-01-20,2017-01-23
0.0371386086011675,1102000,0,0.009124087591240882,0.6311435523114356,1.0,D-1 estimated accounting; fill-day constraints require ledger audit,momentum,V4_MOMENTUM_full,disabled,2017-01-20,neutral,0.01144635379556652,-0.004901960784313708,0.016528886713268465,0.38686131386861317,0.0978525591790891,0.5693430656934306,0.6423357664233577,,,{},6139.TW,2017-01-20,2017-01-23
0.03780361058551206,2871000,0,0.032481751824817516,0.8705596107055961,1.0,D-1 estimated accounting; fill-day constraints require ledger audit,momentum,V4_MOMENTUM_full,disabled,2017-01-20,neutral,0.01144635379556652,-0.004901960784313708,0.016528886713268465,0.38686131386861317,0.0978525591790891,0.5693430656934306,0.6423357664233577,,,{},6182.TWO,2017-01-20,2017-01-23
0.03192459293703379,591000,0,0.026642335766423355,0.7961070559610706,1.0,D-1 estimated accounting; fill-day constraints require ledger audit,momentum,V4_MOMENTUM_full,disabled,2017-01-20,neutral,0.01144635379556652,-0.004901960784313708,0.016528886713268465,0.38686131386861317,0.0978525591790891,0.5693430656934306,0.6423357664233577,,,{},6187.TWO,2017-01-20,2017-01-23
0.04811168012845369,498000,0,0.04854014598540146,1.14014598540146,1.0,D-1 estimated accounting; fill-day constraints require ledger audit,momentum,V4_MOMENTUM_full,disabled,2017-01-20,neutral,0.01144635379556652,-0.004901960784313708,0.016528886713268465,0.38686131386861317,0.0978525591790891,0.5693430656934306,0.6423357664233577,,,{},6223.TWO,2017-01-20,2017-01-23
0.04370347689420121,1110000,0,0.04416058394160584,1.0832116788321167,1.0,D-1 estimated accounting; fill-day constraints require ledger audit,momentum,V4_MOMENTUM_full,disabled,2017-01-20,neutral,0.01144635379556652,-0.004901960784313708,0.016528886713268465,0.38686131386861317,0.0978525591790891,0.5693430656934306,0.6423357664233577,,,{},6274.TWO,2017-01-20,2017-01-23
0.04173573817766807,1060000,0,0.03759124087591242,0.9605839416058395,1.0,D-1 estimated accounting; fill-day constraints require ledger audit,momentum,V4_MOMENTUM_full,disabled,2017-01-20,neutral,0.01144635379556652,-0.004901960784313708,0.016528886713268465,0.38686131386861317,0.0978525591790891,0.5693430656934306,0.6423357664233577,,,{},8358.TWO,2017-01-20,2017-01-23
0.038100785250433734,1481000,0,0.02226277372262774,0.7547445255474453,1.0,D-1 estimated accounting; fill-day constraints require ledger audit,momentum,V4_MOMENTUM_full,disabled,2017-01-23,risk_on,0.011732819464545621,0.007884422103922262,0.027818544790735755,0.656934306569343,0.10939074146481709,0.6715328467153284,0.7007299270072993,,,{},1504.TW,2017-01-23,2017-01-24
0.057463950596086055,3798000,0,0.05,1.1868613138686133,1.0,D-1 estimated accounting; fill-day constraints require ledger audit,momentum,V4_MOMENTUM_full,disabled,2017-01-23,risk_on,0.011732819464545621,0.007884422103922262,0.027818544790735755,0.656934306569343,0.10939074146481709,0.6715328467153284,0.7007299270072993,,,{},1785.TWO,2017-01-23,2017-01-24
0.04508621458330891,702000,0,0.04708029197080293,1.1323600973236012,1.0,D-1 estimated accounting; fill-day constraints require ledger audit,momentum,V4_MOMENTUM_full,disabled,2017-01-23,risk_on,0.011732819464545621,0.007884422103922262,0.027818544790735755,0.656934306569343,0.10939074146481709,0.6715328467153284,0.7007299270072993,,,{},2327.TW,2017-01-23,2017-01-24
0.05405257219423864,8932000,0,0.04343065693430657,1.0802919708029195,1.0,D-1 estimated accounting; fill-day constraints require ledger audit,momentum,V4_MOMENTUM_full,disabled,2017-01-23,risk_on,0.011732819464545621,0.007884422103922262,0.027818544790735755,0.656934306569343,0.10939074146481709,0.6715328467153284,0.7007299270072993,,,{},2337.TW,2017-01-23,2017-01-24
0.048793300791124435,4141000,0,0.04927007299270073,1.1805352798053528,1.0,D-1 estimated accounting; fill-day constraints require ledger audit,momentum,V4_MOMENTUM_full,disabled,2017-01-23,risk_on,0.011732819464545621,0.007884422103922262,0.027818544790735755,0.656934306569343,0.10939074146481709,0.6715328467153284,0.7007299270072993,,,{},2344.TW,2017-01-23,2017-01-24
0.04231273620782321,812000,0,0.025182481751824817,0.770559610705596,1.0,D-1 estimated accounting; fill-day constraints require ledger audit,momentum,V4_MOMENTUM_full,disabled,2017-01-23,risk_on,0.011732819464545621,0.007884422103922262,0.027818544790735755,0.656934306569343,0.10939074146481709,0.6715328467153284,0.7007299270072993,,,{},2345.TW,2017-01-23,2017-01-24
0.046872013758797265,458000,0,0.04635036496350366,1.1265206812652067,1.0,D-1 estimated accounting; fill-day constraints require ledger audit,momentum,V4_MOMENTUM_full,disabled,2017-01-23,risk_on,0.011732819464545621,0.007884422103922262,0.027818544790735755,0.656934306569343,0.10939074146481709,0.6715328467153284,0.7007299270072993,,,{},2383.TW,2017-01-23,2017-01-24
0.040463742983729775,3434000,0,0.004744525547445255,0.6257907542579076,1.0,D-1 estimated accounting; fill-day constraints require ledger audit,momentum,V4_MOMENTUM_full,disabled,2017-01-23,risk_on,0.011732819464545621,0.007884422103922262,0.027818544790735755,0.656934306569343,0.10939074146481709,0.6715328467153284,0.7007299270072993,,,{},2409.TW,2017-01-23,2017-01-24
0.0307607174264386,1895000,0,0.03759124087591242,0.9654501216545013,1.0,D-1 estimated accounting; fill-day constraints require ledger audit,momentum,V4_MOMENTUM_full,disabled,2017-01-23,risk_on,0.011732819464545621,0.007884422103922262,0.027818544790735755,0.656934306569343,0.10939074146481709,0.6715328467153284,0.7007299270072993,,,{},2615.TW,2017-01-23,2017-01-24
0.03845526329239147,2410000,0,0.024452554744525547,0.770316301703163,1.0,D-1 estimated accounting; fill-day constraints require ledger audit,momentum,V4_MOMENTUM_full,disabled,2017-01-23,risk_on,0.011732819464545621,0.007884422103922262,0.027818544790735755,0.656934306569343,0.10939074146481709,0.6715328467153284,0.7007299270072993,,,{},2801.TW,2017-01-23,2017-01-24
0.039183152377448696,3446000,0,0.02299270072992701,0.7639902676399026,1.0,D-1 estimated accounting; fill-day constraints require ledger audit,momentum,V4_MOMENTUM_full,disabled,2017-01-23,risk_on,0.011732819464545621,0.007884422103922262,0.027818544790735755,0.656934306569343,0.10939074146481709,0.6715328467153284,0.7007299270072993,,,{},2885.TW,2017-01-23,2017-01-24
0.041925366087610744,10000,0,0.04124087591240876,1.002433090024331,1.0,D-1 estimated accounting; fill-day constraints require ledger audit,momentum,V4_MOMENTUM_full,disabled,2017-01-23,risk_on,0.011732819464545621,0.007884422103922262,0.027818544790735755,0.656934306569343,0.10939074146481709,0.6715328467153284,0.7007299270072993,,,{},3008.TW,2017-01-23,2017-01-24
0.040475111952938375,1656000,0,0.02153284671532847,0.7474452554744526,1.0,D-1 estimated accounting; fill-day constraints require ledger audit,momentum,V4_MOMENTUM_full,disabled,2017-01-23,risk_on,0.011732819464545621,0.007884422103922262,0.027818544790735755,0.656934306569343,0.10939074146481709,0.6715328467153284,0.7007299270072993,,,{},3231.TW,2017-01-23,2017-01-24
0.042680256474538394,3553000,0,0.03467153284671533,0.908029197080292,1.0,D-1 estimated accounting; fill-day constraints require ledger audit,momentum,V4_MOMENTUM_full,disabled,2017-01-23,risk_on,0.011732819464545621,0.007884422103922262,0.027818544790735755,0.656934306569343,0.10939074146481709,0.6715328467153284,0.7007299270072993,,,{},3481.TW,2017-01-23,2017-01-24
0.04415042922663469,639000,0,0.04051094890510949,0.9956204379562045,1.0,D-1 estimated accounting; fill-day constraints require ledger audit,momentum,V4_MOMENTUM_full,disabled,2017-01-23,risk_on,0.011732819464545621,0.007884422103922262,0.027818544790735755,0.656934306569343,0.10939074146481709,0.6715328467153284,0.7007299270072993,,,{},3491.TWO,2017-01-23,2017-01-24
0.0,0,-105000,-0.02153284671532847,0.4418491484184915,1.0,D-1 estimated accounting; fill-day constraints require ledger audit,momentum,V4_MOMENTUM_full,disabled,2017-01-23,risk_on,0.011732819464545621,0.007884422103922262,0.027818544790735755,0.656934306569343,0.10939074146481709,0.6715328467153284,0.7007299270072993,,,{},3529.TWO,2017-01-23,2017-01-24
0.03649095296328094,1102000,0,-0.001824817518248173,0.5781021897810219,1.0,D-1 estimated accounting; fill-day constraints require ledger audit,momentum,V4_MOMENTUM_full,disabled,2017-01-23,risk_on,0.011732819464545621,0.007884422103922262,0.027818544790735755,0.656934306569343,0.10939074146481709,0.6715328467153284,0.7007299270072993,,,{},6139.TW,2017-01-23,2017-01-24
0.03817475231421631,2871000,0,0.03613138686131386,0.9527980535279805,1.0,D-1 estimated accounting; fill-day constraints require ledger audit,momentum,V4_MOMENTUM_full,disabled,2017-01-23,risk_on,0.011732819464545621,0.007884422103922262,0.027818544790735755,0.656934306569343,0.10939074146481709,0.6715328467153284,0.7007299270072993,,,{},6182.TWO,2017-01-23,2017-01-24
0.03226793101369842,591000,0,0.026642335766423355,0.8029197080291972,1.0,D-1 estimated accounting; fill-day constraints require ledger audit,momentum,V4_MOMENTUM_full,disabled,2017-01-23,risk_on,0.011732819464545621,0.007884422103922262,0.027818544790735755,0.656934306569343,0.10939074146481709,0.6715328467153284,0.7007299270072993,,,{},6187.TWO,2017-01-23,2017-01-24
0.04661919172175919,498000,0,0.04489051094890511,1.11970802919708,1.0,D-1 estimated accounting; fill-day constraints require ledger audit,momentum,V4_MOMENTUM_full,disabled,2017-01-23,risk_on,0.011732819464545621,0.007884422103922262,0.027818544790735755,0.656934306569343,0.10939074146481709,0.6715328467153284,0.7007299270072993,,,{},6223.TWO,2017-01-23,2017-01-24
0.04479923979602725,1110000,0,0.045620437956204386,1.121167883211679,1.0,D-1 estimated accounting; fill-day constraints require ledger audit,momentum,V4_MOMENTUM_full,disabled,2017-01-23,risk_on,0.011732819464545621,0.007884422103922262,0.027818544790735755,0.656934306569343,0.10939074146481709,0.6715328467153284,0.7007299270072993,,,{},6274.TWO,2017-01-23,2017-01-24
0.043196123452378735,320000,320000,0.04854014598540146,1.1596107055961071,1.0,D-1 estimated accounting; fill-day constraints require ledger audit,momentum,V4_MOMENTUM_full,disabled,2017-01-23,risk_on,0.011732819464545621,0.007884422103922262,0.027818544790735755,0.656934306569343,0.10939074146481709,0.6715328467153284,0.7007299270072993,,,{},6488.TWO,2017-01-23,2017-01-24
0.040788904671619365,1060000,0,0.0354014598540146,0.932360097323601,1.0,D-1 estimated accounting; fill-day constraints require ledger audit,momentum,V4_MOMENTUM_full,disabled,2017-01-23,risk_on,0.011732819464545621,0.007884422103922262,0.027818544790735755,0.656934306569343,0.10939074146481709,0.6715328467153284,0.7007299270072993,,,{},8358.TWO,2017-01-23,2017-01-24
0.03815756052152486,1481000,0,0.024452554744525547,0.778588807785888,1.0,D-1 estimated accounting; fill-day constraints require ledger audit,momentum,V4_MOMENTUM_full,disabled,2017-01-24,risk_on,0.01173691640627774,0.004092706819554426,0.029677458732359163,0.583941605839416,0.1158760798044931,0.6861313868613139,0.7299270072992701,,,{},1504.TW,2017-01-24,2017-02-02
0.059671975418468665,3798000,0,0.05,1.1800486618004866,1.0,D-1 estimated accounting; fill-day constraints require ledger audit,momentum,V4_MOMENTUM_full,disabled,2017-01-24,risk_on,0.01173691640627774,0.004092706819554426,0.029677458732359163,0.583941605839416,0.1158760798044931,0.6861313868613139,0.7299270072992701,,,{},1785.TWO,2017-01-24,2017-02-02
0.048762926118205194,702000,0,0.04854014598540146,1.1766423357664235,1.0,D-1 estimated accounting; fill-day constraints require ledger audit,momentum,V4_MOMENTUM_full,disabled,2017-01-24,risk_on,0.01173691640627774,0.004092706819554426,0.029677458732359163,0.583941605839416,0.1158760798044931,0.6861313868613139,0.7299270072992701,,,{},2327.TW,2017-01-24,2017-02-02
0.056782185228582895,8932000,0,0.04343065693430657,1.0686131386861313,1.0,D-1 estimated accounting; fill-day constraints require ledger audit,momentum,V4_MOMENTUM_full,disabled,2017-01-24,risk_on,0.01173691640627774,0.004092706819554426,0.029677458732359163,0.583941605839416,0.1158760798044931,0.6861313868613139,0.7299270072992701,,,{},2337.TW,2017-01-24,2017-02-02
0.048416955029732145,4141000,0,0.04927007299270073,1.1795620437956205,1.0,D-1 estimated accounting; fill-day constraints require ledger audit,momentum,V4_MOMENTUM_full,disabled,2017-01-24,risk_on,0.01173691640627774,0.004092706819554426,0.029677458732359163,0.583941605839416,0.1158760798044931,0.6861313868613139,0.7299270072992701,,,{},2344.TW,2017-01-24,2017-02-02
0.04192775945146764,812000,0,0.03175182481751825,0.8564476885644767,1.0,D-1 estimated accounting; fill-day constraints require ledger audit,momentum,V4_MOMENTUM_full,disabled,2017-01-24,risk_on,0.01173691640627774,0.004092706819554426,0.029677458732359163,0.583941605839416,0.1158760798044931,0.6861313868613139,0.7299270072992701,,,{},2345.TW,2017-01-24,2017-02-02
0.04585464090577038,458000,0,0.045620437956204386,1.1109489051094892,1.0,D-1 estimated accounting; fill-day constraints require ledger audit,momentum,V4_MOMENTUM_full,disabled,2017-01-24,risk_on,0.01173691640627774,0.004092706819554426,0.029677458732359163,0.583941605839416,0.1158760798044931,0.6861313868613139,0.7299270072992701,,,{},2383.TW,2017-01-24,2017-02-02
0.04046532833514492,3434000,0,0.023722627737226276,0.7776155717761557,1.0,D-1 estimated accounting; fill-day constraints require ledger audit,momentum,V4_MOMENTUM_full,disabled,2017-01-24,risk_on,0.01173691640627774,0.004092706819554426,0.029677458732359163,0.583941605839416,0.1158760798044931,0.6861313868613139,0.7299270072992701,,,{},2409.TW,2017-01-24,2017-02-02
0.030123322726218548,1895000,0,0.031021897810218982,0.8535279805352798,1.0,D-1 estimated accounting; fill-day constraints require ledger audit,momentum,V4_MOMENTUM_full,disabled,2017-01-24,risk_on,0.01173691640627774,0.004092706819554426,0.029677458732359163,0.583941605839416,0.1158760798044931,0.6861313868613139,0.7299270072992701,,,{},2615.TW,2017-01-24,2017-02-02
0.038197633070381126,2410000,0,0.019343065693430663,0.7437956204379561,1.0,D-1 estimated accounting; fill-day constraints require ledger audit,momentum,V4_MOMENTUM_full,disabled,2017-01-24,risk_on,0.01173691640627774,0.004092706819554426,0.029677458732359163,0.583941605839416,0.1158760798044931,0.6861313868613139,0.7299270072992701,,,{},2801.TW,2017-01-24,2017-02-02
0.039032808921957075,3446000,0,0.02299270072992701,0.7635036496350366,1.0,D-1 estimated accounting; fill-day constraints require ledger audit,momentum,V4_MOMENTUM_full,disabled,2017-01-24,risk_on,0.01173691640627774,0.004092706819554426,0.029677458732359163,0.583941605839416,0.1158760798044931,0.6861313868613139,0.7299270072992701,,,{},2885.TW,2017-01-24,2017-02-02
0.04267555202983963,10000,0,0.03759124087591242,0.9411192214111923,1.0,D-1 estimated accounting; fill-day constraints require ledger audit,momentum,V4_MOMENTUM_full,disabled,2017-01-24,risk_on,0.01173691640627774,0.004092706819554426,0.029677458732359163,0.583941605839416,0.1158760798044931,0.6861313868613139,0.7299270072992701,,,{},3008.TW,2017-01-24,2017-02-02
0.0403198113243979,1656000,0,0.01131386861313869,0.6627737226277373,1.0,D-1 estimated accounting; fill-day constraints require ledger audit,momentum,V4_MOMENTUM_full,disabled,2017-01-24,risk_on,0.01173691640627774,0.004092706819554426,0.029677458732359163,0.583941605839416,0.1158760798044931,0.6861313868613139,0.7299270072992701,,,{},3231.TW,2017-01-24,2017-02-02
0.04284104823161185,3553000,0,0.03905109489051095,0.9708029197080293,1.0,D-1 estimated accounting; fill-day constraints require ledger audit,momentum,V4_MOMENTUM_full,disabled,2017-01-24,risk_on,0.01173691640627774,0.004092706819554426,0.029677458732359163,0.583941605839416,0.1158760798044931,0.6861313868613139,0.7299270072992701,,,{},3481.TW,2017-01-24,2017-02-02
0.04292968733968025,639000,0,0.028102189781021903,0.8253041362530413,1.0,D-1 estimated accounting; fill-day constraints require ledger audit,momentum,V4_MOMENTUM_full,disabled,2017-01-24,risk_on,0.01173691640627774,0.004092706819554426,0.029677458732359163,0.583941605839416,0.1158760798044931,0.6861313868613139,0.7299270072992701,,,{},3491.TWO,2017-01-24,2017-02-02
0.0431664692950304,1187000,1187000,0.04708029197080293,1.1464720194647202,1.0,D-1 estimated accounting; fill-day constraints require ledger audit,momentum,V4_MOMENTUM_full,disabled,2017-01-24,risk_on,0.01173691640627774,0.004092706819554426,0.029677458732359163,0.583941605839416,0.1158760798044931,0.6861313868613139,0.7299270072992701,,,{},5483.TWO,2017-01-24,2017-02-02
0.0,0,-1102000,-0.02299270072992701,0.4291970802919708,1.0,D-1 estimated accounting; fill-day constraints require ledger audit,momentum,V4_MOMENTUM_full,disabled,2017-01-24,risk_on,0.01173691640627774,0.004092706819554426,0.029677458732359163,0.583941605839416,0.1158760798044931,0.6861313868613139,0.7299270072992701,,,{},6139.TW,2017-01-24,2017-02-02
0.037241486071317706,2871000,0,0.0354014598540146,0.9270072992700729,1.0,D-1 estimated accounting; fill-day constraints require ledger audit,momentum,V4_MOMENTUM_full,disabled,2017-01-24,risk_on,0.01173691640627774,0.004092706819554426,0.029677458732359163,0.583941605839416,0.1158760798044931,0.6861313868613139,0.7299270072992701,,,{},6182.TWO,2017-01-24,2017-02-02
0.032090097124100984,591000,0,0.03978102189781022,0.9990267639902674,1.0,D-1 estimated accounting; fill-day constraints require ledger audit,momentum,V4_MOMENTUM_full,disabled,2017-01-24,risk_on,0.01173691640627774,0.004092706819554426,0.029677458732359163,0.583941605839416,0.1158760798044931,0.6861313868613139,0.7299270072992701,,,{},6187.TWO,2017-01-24,2017-02-02
0.04689561384158653,498000,0,0.04635036496350366,1.1236009732360097,1.0,D-1 estimated accounting; fill-day constraints require ledger audit,momentum,V4_MOMENTUM_full,disabled,2017-01-24,risk_on,0.01173691640627774,0.004092706819554426,0.029677458732359163,0.583941605839416,0.1158760798044931,0.6861313868613139,0.7299270072992701,,,{},6223.TWO,2017-01-24,2017-02-02
0.04325809957341229,1110000,0,0.04416058394160584,1.0720194647201948,1.0,D-1 estimated accounting; fill-day constraints require ledger audit,momentum,V4_MOMENTUM_full,disabled,2017-01-24,risk_on,0.01173691640627774,0.004092706819554426,0.029677458732359163,0.583941605839416,0.1158760798044931,0.6861313868613139,0.7299270072992701,,,{},6274.TWO,2017-01-24,2017-02-02
0.04185948770156436,320000,0,0.0478102189781022,1.1605839416058397,1.0,D-1 estimated accounting; fill-day constraints require ledger audit,momentum,V4_MOMENTUM_full,disabled,2017-01-24,risk_on,0.01173691640627774,0.004092706819554426,0.029677458732359163,0.583941605839416,0.1158760798044931,0.6861313868613139,0.7299270072992701,,,{},6488.TWO,2017-01-24,2017-02-02
0.04048711136170269,1060000,0,0.03613138686131386,0.934793187347932,1.0,D-1 estimated accounting; fill-day constraints require ledger audit,momentum,V4_MOMENTUM_full,disabled,2017-01-24,risk_on,0.01173691640627774,0.004092706819554426,0.029677458732359163,0.583941605839416,0.1158760798044931,0.6861313868613139,0.7299270072992701,,,{},8358.TWO,2017-01-24,2017-02-02
0.03796841107999326,1481000,0,0.0354014598540146,0.9445255474452555,1.0,D-1 estimated accounting; fill-day constraints require ledger audit,momentum,V4_MOMENTUM_full,disabled,2017-02-02,risk_on,0.01284208547158387,0.007268951194184581,0.029498551575973808,0.6204379562043796,0.1261106368110437,0.6715328467153284,0.7007299270072993,,,{},1504.TW,2017-02-02,2017-02-03
0.05827367344916868,3798000,0,0.045620437956204386,1.089051094890511,1.0,D-1 estimated accounting; fill-day constraints require ledger audit,momentum,V4_MOMENTUM_full,disabled,2017-02-02,risk_on,0.01284208547158387,0.007268951194184581,0.029498551575973808,0.6204379562043796,0.1261106368110437,0.6715328467153284,0.7007299270072993,,,{},1785.TWO,2017-02-02,2017-02-03
0.04744488748477276,702000,0,0.04854014598540146,1.1557177615571779,1.0,D-1 estimated accounting; fill-day constraints require ledger audit,momentum,V4_MOMENTUM_full,disabled,2017-02-02,risk_on,0.01284208547158387,0.007268951194184581,0.029498551575973808,0.6204379562043796,0.1261106368110437,0.6715328467153284,0.7007299270072993,,,{},2327.TW,2017-02-02,2017-02-03
0.05888933546630511,8932000,0,0.04489051094890511,1.0632603406326036,1.0,D-1 estimated accounting; fill-day constraints require ledger audit,momentum,V4_MOMENTUM_full,disabled,2017-02-02,risk_on,0.01284208547158387,0.007268951194184581,0.029498551575973808,0.6204379562043796,0.1261106368110437,0.6715328467153284,0.7007299270072993,,,{},2337.TW,2017-02-02,2017-02-03
0.04742024311343661,4141000,0,0.04927007299270073,1.1659367396593674,1.0,D-1 estimated accounting; fill-day constraints require ledger audit,momentum,V4_MOMENTUM_full,disabled,2017-02-02,risk_on,0.01284208547158387,0.007268951194184581,0.029498551575973808,0.6204379562043796,0.1261106368110437,0.6715328467153284,0.7007299270072993,,,{},2344.TW,2017-02-02,2017-02-03
0.04106463417968654,812000,0,0.025912408759124084,0.8374695863746957,1.0,D-1 estimated accounting; fill-day constraints require ledger audit,momentum,V4_MOMENTUM_full,disabled,2017-02-02,risk_on,0.01284208547158387,0.007268951194184581,0.029498551575973808,0.6204379562043796,0.1261106368110437,0.6715328467153284,0.7007299270072993,,,{},2345.TW,2017-02-02,2017-02-03
0.04921718006951893,458000,0,0.0478102189781022,1.1255474452554741,1.0,D-1 estimated accounting; fill-day constraints require ledger audit,momentum,V4_MOMENTUM_full,disabled,2017-02-02,risk_on,0.01284208547158387,0.007268951194184581,0.029498551575973808,0.6204379562043796,0.1261106368110437,0.6715328467153284,0.7007299270072993,,,{},2383.TW,2017-02-02,2017-02-03
0.04116844468036025,3434000,0,0.03321167883211679,0.9357664233576645,1.0,D-1 estimated accounting; fill-day constraints require ledger audit,momentum,V4_MOMENTUM_full,disabled,2017-02-02,risk_on,0.01284208547158387,0.007268951194184581,0.029498551575973808,0.6204379562043796,0.1261106368110437,0.6715328467153284,0.7007299270072993,,,{},2409.TW,2017-02-02,2017-02-03
0.0297575416688862,1895000,0,0.0010948905109489093,0.6014598540145984,1.0,D-1 estimated accounting; fill-day constraints require ledger audit,momentum,V4_MOMENTUM_full,disabled,2017-02-02,risk_on,0.01284208547158387,0.007268951194184581,0.029498551575973808,0.6204379562043796,0.1261106368110437,0.6715328467153284,0.7007299270072993,,,{},2615.TW,2017-02-02,2017-02-03
0.03741129621726523,2410000,0,0.016423357664233574,0.7265206812652069,1.0,D-1 estimated accounting; fill-day constraints require ledger audit,momentum,V4_MOMENTUM_full,disabled,2017-02-02,risk_on,0.01284208547158387,0.007268951194184581,0.029498551575973808,0.6204379562043796,0.1261106368110437,0.6715328467153284,0.7007299270072993,,,{},2801.TW,2017-02-02,2017-02-03
0.03776682817325633,3446000,0,-0.002554744525547448,0.5644768856447688,1.0,D-1 estimated accounting; fill-day constraints require ledger audit,momentum,V4_MOMENTUM_full,disabled,2017-02-02,risk_on,0.01284208547158387,0.007268951194184581,0.029498551575973808,0.6204379562043796,0.1261106368110437,0.6715328467153284,0.7007299270072993,,,{},2885.TW,2017-02-02,2017-02-03
0.042736291854257855,10000,0,0.03759124087591242,0.9673965936739657,1.0,D-1 estimated accounting; fill-day constraints require ledger audit,momentum,V4_MOMENTUM_full,disabled,2017-02-02,risk_on,0.01284208547158387,0.007268951194184581,0.029498551575973808,0.6204379562043796,0.1261106368110437,0.6715328467153284,0.7007299270072993,,,{},3008.TW,2017-02-02,2017-02-03
0.03897115968828896,1656000,0,-0.001824817518248173,0.5776155717761556,1.0,D-1 estimated accounting; fill-day constraints require ledger audit,momentum,V4_MOMENTUM_full,disabled,2017-02-02,risk_on,0.01284208547158387,0.007268951194184581,0.029498551575973808,0.6204379562043796,0.1261106368110437,0.6715328467153284,0.7007299270072993,,,{},3231.TW,2017-02-02,2017-02-03
0.045137843350670746,3553000,0,0.04197080291970803,1.0160583941605839,1.0,D-1 estimated accounting; fill-day constraints require ledger audit,momentum,V4_MOMENTUM_full,disabled,2017-02-02,risk_on,0.01284208547158387,0.007268951194184581,0.029498551575973808,0.6204379562043796,0.1261106368110437,0.6715328467153284,0.7007299270072993,,,{},3481.TW,2017-02-02,2017-02-03
0.04175990959242797,639000,0,0.0208029197080292,0.8092457420924574,1.0,D-1 estimated accounting; fill-day constraints require ledger audit,momentum,V4_MOMENTUM_full,disabled,2017-02-02,risk_on,0.01284208547158387,0.007268951194184581,0.029498551575973808,0.6204379562043796,0.1261106368110437,0.6715328467153284,0.7007299270072993,,,{},3491.TWO,2017-02-02,2017-02-03
0.04647376060158535,1187000,0,0.05,1.1771289537712895,1.0,D-1 estimated accounting; fill-day constraints require ledger audit,momentum,V4_MOMENTUM_full,disabled,2017-02-02,risk_on,0.01284208547158387,0.007268951194184581,0.029498551575973808,0.6204379562043796,0.1261106368110437,0.6715328467153284,0.7007299270072993,,,{},5483.TWO,2017-02-02,2017-02-03
0.03930034766112762,2871000,0,0.04124087591240876,1.0155717761557175,1.0,D-1 estimated accounting; fill-day constraints require ledger audit,momentum,V4_MOMENTUM_full,disabled,2017-02-02,risk_on,0.01284208547158387,0.007268951194184581,0.029498551575973808,0.6204379562043796,0.1261106368110437,0.6715328467153284,0.7007299270072993,,,{},6182.TWO,2017-02-02,2017-02-03
0.03254063365474205,591000,0,0.04051094890510949,1.0014598540145987,1.0,D-1 estimated accounting; fill-day constraints require ledger audit,momentum,V4_MOMENTUM_full,disabled,2017-02-02,risk_on,0.01284208547158387,0.007268951194184581,0.029498551575973808,0.6204379562043796,0.1261106368110437,0.6715328467153284,0.7007299270072993,,,{},6187.TWO,2017-02-02,2017-02-03
0.04682206920735723,498000,0,0.027372262773722636,0.8486618004866181,1.0,D-1 estimated accounting; fill-day constraints require ledger audit,momentum,V4_MOMENTUM_full,disabled,2017-02-02,risk_on,0.01284208547158387,0.007268951194184581,0.029498551575973808,0.6204379562043796,0.1261106368110437,0.6715328467153284,0.7007299270072993,,,{},6223.TWO,2017-02-02,2017-02-03
0.043013283853685816,1110000,0,0.03978102189781022,0.9936739659367397,1.0,D-1 estimated accounting; fill-day constraints require ledger audit,momentum,V4_MOMENTUM_full,disabled,2017-02-02,risk_on,0.01284208547158387,0.007268951194184581,0.029498551575973808,0.6204379562043796,0.1261106368110437,0.6715328467153284,0.7007299270072993,,,{},6274.TWO,2017-02-02,2017-02-03
0.042144558582429666,320000,0,0.04708029197080293,1.1065693430656933,1.0,D-1 estimated accounting; fill-day constraints require ledger audit,momentum,V4_MOMENTUM_full,disabled,2017-02-02,risk_on,0.01284208547158387,0.007268951194184581,0.029498551575973808,0.6204379562043796,0.1261106368110437,0.6715328467153284,0.7007299270072993,,,{},6488.TWO,2017-02-02,2017-02-03
0.039843373636431166,1060000,0,0.025182481751824817,0.8364963503649637,1.0,D-1 estimated accounting; fill-day constraints require ledger audit,momentum,V4_MOMENTUM_full,disabled,2017-02-02,risk_on,0.01284208547158387,0.007268951194184581,0.029498551575973808,0.6204379562043796,0.1261106368110437,0.6715328467153284,0.7007299270072993,,,{},8358.TWO,2017-02-02,2017-02-03
0.03806846858019122,1481000,0,0.023722627737226276,0.8116788321167883,1.0,D-1 estimated accounting; fill-day constraints require ledger audit,momentum,V4_MOMENTUM_full,disabled,2017-02-03,risk_on,0.013315114840746,0.014950148311192235,0.030075121425374718,0.7737226277372263,0.11323928186775543,0.7737226277372263,0.7737226277372263,,,{},1504.TW,2017-02-03,2017-02-06
0.05575027010707136,3798000,0,0.032481751824817516,0.9318734793187347,1.0,D-1 estimated accounting; fill-day constraints require ledger audit,momentum,V4_MOMENTUM_full,disabled,2017-02-03,risk_on,0.013315114840746,0.014950148311192235,0.030075121425374718,0.7737226277372263,0.11323928186775543,0.7737226277372263,0.7737226277372263,,,{},1785.TWO,2017-02-03,2017-02-06
0.047460182757424946,702000,0,0.04927007299270073,1.1396593673965936,1.0,D-1 estimated accounting; fill-day constraints require ledger audit,momentum,V4_MOMENTUM_full,disabled,2017-02-03,risk_on,0.013315114840746,0.014950148311192235,0.030075121425374718,0.7737226277372263,0.11323928186775543,0.7737226277372263,0.7737226277372263,,,{},2327.TW,2017-02-03,2017-02-06
0.05768468779829474,8932000,0,0.045620437956204386,1.0866180048661802,1.0,D-1 estimated accounting; fill-day constraints require ledger audit,momentum,V4_MOMENTUM_full,disabled,2017-02-03,risk_on,0.013315114840746,0.014950148311192235,0.030075121425374718,0.7737226277372263,0.11323928186775543,0.7737226277372263,0.7737226277372263,,,{},2337.TW,2017-02-03,2017-02-06
0.046196184065502535,4141000,0,0.0478102189781022,1.1206812652068128,1.0,D-1 estimated accounting; fill-day constraints require ledger audit,momentum,V4_MOMENTUM_full,disabled,2017-02-03,risk_on,0.013315114840746,0.014950148311192235,0.030075121425374718,0.7737226277372263,0.11323928186775543,0.7737226277372263,0.7737226277372263,,,{},2344.TW,2017-02-03,2017-02-06
0.04109536825057254,812000,0,0.012773722627737228,0.6836982968369829,1.0,D-1 estimated accounting; fill-day constraints require ledger audit,momentum,V4_MOMENTUM_full,disabled,2017-02-03,risk_on,0.013315114840746,0.014950148311192235,0.030075121425374718,0.7737226277372263,0.11323928186775543,0.7737226277372263,0.7737226277372263,,,{},2345.TW,2017-02-03,2017-02-06
0.04927966889678272,458000,0,0.04854014598540146,1.1289537712895379,1.0,D-1 estimated accounting; fill-day constraints require ledger audit,momentum,V4_MOMENTUM_full,disabled,2017-02-03,risk_on,0.013315114840746,0.014950148311192235,0.030075121425374718,0.7737226277372263,0.11323928186775543,0.7737226277372263,0.7737226277372263,,,{},2383.TW,2017-02-03,2017-02-06
0.04079160122360829,3434000,0,0.02299270072992701,0.8004866180048662,1.0,D-1 estimated accounting; fill-day constraints require ledger audit,momentum,V4_MOMENTUM_full,disabled,2017-02-03,risk_on,0.013315114840746,0.014950148311192235,0.030075121425374718,0.7737226277372263,0.11323928186775543,0.7737226277372263,0.7737226277372263,,,{},2409.TW,2017-02-03,2017-02-06
0.0,0,-1895000,-0.011313868613138683,0.49440389294403897,1.0,D-1 estimated accounting; fill-day constraints require ledger audit,momentum,V4_MOMENTUM_full,disabled,2017-02-03,risk_on,0.013315114840746,0.014950148311192235,0.030075121425374718,0.7737226277372263,0.11323928186775543,0.7737226277372263,0.7737226277372263,,,{},2615.TW,2017-02-03,2017-02-06
0.03799129057542174,2410000,0,0.01058394160583942,0.6734793187347932,1.0,D-1 estimated accounting; fill-day constraints require ledger audit,momentum,V4_MOMENTUM_full,disabled,2017-02-03,risk_on,0.013315114840746,0.014950148311192235,0.030075121425374718,0.7737226277372263,0.11323928186775543,0.7737226277372263,0.7737226277372263,,,{},2801.TW,2017-02-03,2017-02-06
0.0,0,-3446000,-0.012773722627737228,0.4695863746958637,1.0,D-1 estimated accounting; fill-day constraints require ledger audit,momentum,V4_MOMENTUM_full,disabled,2017-02-03,risk_on,0.013315114840746,0.014950148311192235,0.030075121425374718,0.7737226277372263,0.11323928186775543,0.7737226277372263,0.7737226277372263,,,{},2885.TW,2017-02-03,2017-02-06
0.0425811238719394,10000,0,0.03321167883211679,0.9338199513381996,1.0,D-1 estimated accounting; fill-day constraints require ledger audit,momentum,V4_MOMENTUM_full,disabled,2017-02-03,risk_on,0.013315114840746,0.014950148311192235,0.030075121425374718,0.7737226277372263,0.11323928186775543,0.7737226277372263,0.7737226277372263,,,{},3008.TW,2017-02-03,2017-02-06
0.02623329606237098,92000,92000,0.04635036496350366,1.0909975669099756,1.0,D-1 estimated accounting; fill-day constraints require ledger audit,momentum,V4_MOMENTUM_full,disabled,2017-02-03,risk_on,0.013315114840746,0.014950148311192235,0.030075121425374718,0.7737226277372263,0.11323928186775543,0.7737226277372263,0.7737226277372263,,,{},3081.TWO,2017-02-03,2017-02-06
0.026323209115323605,293000,293000,0.04708029197080293,1.1055961070559612,1.0,D-1 estimated accounting; fill-day constraints require ledger audit,momentum,V4_MOMENTUM_full,disabled,2017-02-03,risk_on,0.013315114840746,0.014950148311192235,0.030075121425374718,0.7737226277372263,0.11323928186775543,0.7737226277372263,0.7737226277372263,,,{},3105.TWO,2017-02-03,2017-02-06
0.04024622955912693,1656000,0,0.019343065693430663,0.7766423357664234,1.0,D-1 estimated accounting; fill-day constraints require ledger audit,momentum,V4_MOMENTUM_full,disabled,2017-02-03,risk_on,0.013315114840746,0.014950148311192235,0.030075121425374718,0.7737226277372263,0.11323928186775543,0.7737226277372263,0.7737226277372263,,,{},3231.TW,2017-02-03,2017-02-06
0.04477256825371018,3553000,0,0.036861313868613146,0.9600973236009733,1.0,D-1 estimated accounting; fill-day constraints require ledger audit,momentum,V4_MOMENTUM_full,disabled,2017-02-03,risk_on,0.013315114840746,0.014950148311192235,0.030075121425374718,0.7737226277372263,0.11323928186775543,0.7737226277372263,0.7737226277372263,,,{},3481.TW,2017-02-03,2017-02-06
0.04187550285115347,639000,0,0.009124087591240882,0.659367396593674,1.0,D-1 estimated accounting; fill-day constraints require ledger audit,momentum,V4_MOMENTUM_full,disabled,2017-02-03,risk_on,0.013315114840746,0.014950148311192235,0.030075121425374718,0.7737226277372263,0.11323928186775543,0.7737226277372263,0.7737226277372263,,,{},3491.TWO,2017-02-03,2017-02-06
0.04804996903143867,1187000,0,0.05,1.186374695863747,1.0,D-1 estimated accounting; fill-day constraints require ledger audit,momentum,V4_MOMENTUM_full,disabled,2017-02-03,risk_on,0.013315114840746,0.014950148311192235,0.030075121425374718,0.7737226277372263,0.11323928186775543,0.7737226277372263,0.7737226277372263,,,{},5483.TWO,2017-02-03,2017-02-06
0.0400699484932301,2871000,0,0.04197080291970803,1.02676399026764,1.0,D-1 estimated accounting; fill-day constraints require ledger audit,momentum,V4_MOMENTUM_full,disabled,2017-02-03,risk_on,0.013315114840746,0.014950148311192235,0.030075121425374718,0.7737226277372263,0.11323928186775543,0.7737226277372263,0.7737226277372263,,,{},6182.TWO,2017-02-03,2017-02-06
0.03317629078868722,591000,0,0.03978102189781022,1.0107055961070561,1.0,D-1 estimated accounting; fill-day constraints require ledger audit,momentum,V4_MOMENTUM_full,disabled,2017-02-03,risk_on,0.013315114840746,0.014950148311192235,0.030075121425374718,0.7737226277372263,0.11323928186775543,0.7737226277372263,0.7737226277372263,,,{},6187.TWO,2017-02-03,2017-02-06
0.04637499407713786,498000,0,0.02226277372262774,0.7951338199513382,1.0,D-1 estimated accounting; fill-day constraints require ledger audit,momentum,V4_MOMENTUM_full,disabled,2017-02-03,risk_on,0.013315114840746,0.014950148311192235,0.030075121425374718,0.7737226277372263,0.11323928186775543,0.7737226277372263,0.7737226277372263,,,{},6223.TWO,2017-02-03,2017-02-06
0.041925314050252786,1110000,0,0.028832116788321174,0.8671532846715326,1.0,D-1 estimated accounting; fill-day constraints require ledger audit,momentum,V4_MOMENTUM_full,disabled,2017-02-03,risk_on,0.013315114840746,0.014950148311192235,0.030075121425374718,0.7737226277372263,0.11323928186775543,0.7737226277372263,0.7737226277372263,,,{},6274.TWO,2017-02-03,2017-02-06
0.04139477736211243,320000,0,0.04051094890510949,1.018004866180049,1.0,D-1 estimated accounting; fill-day constraints require ledger audit,momentum,V4_MOMENTUM_full,disabled,2017-02-03,risk_on,0.013315114840746,0.014950148311192235,0.030075121425374718,0.7737226277372263,0.11323928186775543,0.7737226277372263,0.7737226277372263,,,{},6488.TWO,2017-02-03,2017-02-06
0.04185752927251201,1060000,0,0.03467153284671533,0.9493917274939172,1.0,D-1 estimated accounting; fill-day constraints require ledger audit,momentum,V4_MOMENTUM_full,disabled,2017-02-03,risk_on,0.013315114840746,0.014950148311192235,0.030075121425374718,0.7737226277372263,0.11323928186775543,0.7737226277372263,0.7737226277372263,,,{},8358.TWO,2017-02-03,2017-02-06
0.033651648016233375,1388000,1388000,0.04635036496350366,1.07007299270073,1.0,D-1 estimated accounting; fill-day constraints require ledger audit,momentum,V4_MOMENTUM_full,disabled,2017-02-06,risk_on,0.013501875599923394,0.024096350201967542,0.044932103689643066,0.8467153284671532,0.10952851735303348,0.8613138686131386,0.8613138686131386,,,{},1402.TW,2017-02-06,2017-02-07
0.03844167628242701,1481000,0,0.025912408759124084,0.8340632603406326,1.0,D-1 estimated accounting; fill-day constraints require ledger audit,momentum,V4_MOMENTUM_full,disabled,2017-02-06,risk_on,0.013501875599923394,0.024096350201967542,0.044932103689643066,0.8467153284671532,0.10952851735303348,0.8613138686131386,0.8613138686131386,,,{},1504.TW,2017-02-06,2017-02-07
0.05492819667352731,3798000,0,0.016423357664233574,0.7576642335766424,1.0,D-1 estimated accounting; fill-day constraints require ledger audit,momentum,V4_MOMENTUM_full,disabled,2017-02-06,risk_on,0.013501875599923394,0.024096350201967542,0.044932103689643066,0.8467153284671532,0.10952851735303348,0.8613138686131386,0.8613138686131386,,,{},1785.TWO,2017-02-06,2017-02-07
0.04576071477954212,702000,0,0.036861313868613146,0.9542579075425791,1.0,D-1 estimated accounting; fill-day constraints require ledger audit,momentum,V4_MOMENTUM_full,disabled,2017-02-06,risk_on,0.013501875599923394,0.024096350201967542,0.044932103689643066,0.8467153284671532,0.10952851735303348,0.8613138686131386,0.8613138686131386,,,{},2327.TW,2017-02-06,2017-02-07
0.056817994388031604,8932000,0,0.0427007299270073,1.0452554744525546,1.0,D-1 estimated accounting; fill-day constraints require ledger audit,momentum,V4_MOMENTUM_full,disabled,2017-02-06,risk_on,0.013501875599923394,0.024096350201967542,0.044932103689643066,0.8467153284671532,0.10952851735303348,0.8613138686131386,0.8613138686131386,,,{},2337.TW,2017-02-06,2017-02-07
0.04794783111756053,4141000,0,0.0478102189781022,1.1250608272506084,1.0,D-1 estimated accounting; fill-day constraints require ledger audit,momentum,V4_MOMENTUM_full,disabled,2017-02-06,risk_on,0.013501875599923394,0.024096350201967542,0.044932103689643066,0.8467153284671532,0.10952851735303348,0.8613138686131386,0.8613138686131386,,,{},2344.TW,2017-02-06,2017-02-07
0.0,0,-812000,-0.009854014598540146,0.49245742092457423,1.0,D-1 estimated accounting; fill-day constraints require ledger audit,momentum,V4_MOMENTUM_full,disabled,2017-02-06,risk_on,0.013501875599923394,0.024096350201967542,0.044932103689643066,0.8467153284671532,0.10952851735303348,0.8613138686131386,0.8613138686131386,,,{},2345.TW,2017-02-06,2017-02-07
0.047918752455215326,458000,0,0.04708029197080293,1.0875912408759127,1.0,D-1 estimated accounting; fill-day constraints require ledger audit,momentum,V4_MOMENTUM_full,disabled,2017-02-06,risk_on,0.013501875599923394,0.024096350201967542,0.044932103689643066,0.8467153284671532,0.10952851735303348,0.8613138686131386,0.8613138686131386,,,{},2383.TW,2017-02-06,2017-02-07
0.03366664909223795,674000,674000,0.04927007299270073,1.1450121654501215,1.0,D-1 estimated accounting; fill-day constraints require ledger audit,momentum,V4_MOMENTUM_full,disabled,2017-02-06,risk_on,0.013501875599923394,0.024096350201967542,0.044932103689643066,0.8467153284671532,0.10952851735303348,0.8613138686131386,0.8613138686131386,,,{},2404.TW,2017-02-06,2017-02-07
0.0408456324983674,3434000,0,0.020437956204379562,0.7912408759124088,1.0,D-1 estimated accounting; fill-day constraints require ledger audit,momentum,V4_MOMENTUM_full,disabled,2017-02-06,risk_on,0.013501875599923394,0.024096350201967542,0.044932103689643066,0.8467153284671532,0.10952851735303348,0.8613138686131386,0.8613138686131386,,,{},2409.TW,2017-02-06,2017-02-07
0.03811469336897594,2410000,0,0.004014598540145986,0.621897810218978,1.0,D-1 estimated accounting; fill-day constraints require ledger audit,momentum,V4_MOMENTUM_full,disabled,2017-02-06,risk_on,0.013501875599923394,0.024096350201967542,0.044932103689643066,0.8467153284671532,0.10952851735303348,0.8613138686131386,0.8613138686131386,,,{},2801.TW,2017-02-06,2017-02-07
0.0426179217841692,10000,0,0.023722627737226276,0.821411192214112,1.0,D-1 estimated accounting; fill-day constraints require ledger audit,momentum,V4_MOMENTUM_full,disabled,2017-02-06,risk_on,0.013501875599923394,0.024096350201967542,0.044932103689643066,0.8467153284671532,0.10952851735303348,0.8613138686131386,0.8613138686131386,,,{},3008.TW,2017-02-06,2017-02-07
0.02583518645232391,92000,0,0.04416058394160584,1.048661800486618,1.0,D-1 estimated accounting; fill-day constraints require ledger audit,momentum,V4_MOMENTUM_full,disabled,2017-02-06,risk_on,0.013501875599923394,0.024096350201967542,0.044932103689643066,0.8467153284671532,0.10952851735303348,0.8613138686131386,0.8613138686131386,,,{},3081.TWO,2017-02-06,2017-02-07
0.026972204945883902,293000,0,0.04854014598540146,1.14014598540146,1.0,D-1 estimated accounting; fill-day constraints require ledger audit,momentum,V4_MOMENTUM_full,disabled,2017-02-06,risk_on,0.013501875599923394,0.024096350201967542,0.044932103689643066,0.8467153284671532,0.10952851735303348,0.8613138686131386,0.8613138686131386,,,{},3105.TWO,2017-02-06,2017-02-07
0.040445378563530615,1656000,0,0.007664233576642332,0.6871046228710462,1.0,D-1 estimated accounting; fill-day constraints require ledger audit,momentum,V4_MOMENTUM_full,disabled,2017-02-06,risk_on,0.013501875599923394,0.024096350201967542,0.044932103689643066,0.8467153284671532,0.10952851735303348,0.8613138686131386,0.8613138686131386,,,{},3231.TW,2017-02-06,2017-02-07
0.04450197584344651,3553000,0,0.03394160583941606,0.9352798053527981,1.0,D-1 estimated accounting; fill-day constraints require ledger audit,momentum,V4_MOMENTUM_full,disabled,2017-02-06,risk_on,0.013501875599923394,0.024096350201967542,0.044932103689643066,0.8467153284671532,0.10952851735303348,0.8613138686131386,0.8613138686131386,,,{},3481.TW,2017-02-06,2017-02-07
0.0437887264849467,639000,0,0.032481751824817516,0.9231143552311436,1.0,D-1 estimated accounting; fill-day constraints require ledger audit,momentum,V4_MOMENTUM_full,disabled,2017-02-06,risk_on,0.013501875599923394,0.024096350201967542,0.044932103689643066,0.8467153284671532,0.10952851735303348,0.8613138686131386,0.8613138686131386,,,{},3491.TWO,2017-02-06,2017-02-07
0.04755690217591577,1187000,0,0.05,1.1805352798053528,1.0,D-1 estimated accounting; fill-day constraints require ledger audit,momentum,V4_MOMENTUM_full,disabled,2017-02-06,risk_on,0.013501875599923394,0.024096350201967542,0.044932103689643066,0.8467153284671532,0.10952851735303348,0.8613138686131386,0.8613138686131386,,,{},5483.TWO,2017-02-06,2017-02-07
0.041135247866635916,2871000,0,0.04489051094890511,1.0525547445255474,1.0,D-1 estimated accounting; fill-day constraints require ledger audit,momentum,V4_MOMENTUM_full,disabled,2017-02-06,risk_on,0.013501875599923394,0.024096350201967542,0.044932103689643066,0.8467153284671532,0.10952851735303348,0.8613138686131386,0.8613138686131386,,,{},6182.TWO,2017-02-06,2017-02-07
0.03378719827959003,591000,0,0.04197080291970803,1.0437956204379564,1.0,D-1 estimated accounting; fill-day constraints require ledger audit,momentum,V4_MOMENTUM_full,disabled,2017-02-06,risk_on,0.013501875599923394,0.024096350201967542,0.044932103689643066,0.8467153284671532,0.10952851735303348,0.8613138686131386,0.8613138686131386,,,{},6187.TWO,2017-02-06,2017-02-07
0.0,0,-498000,-0.01642335766423358,0.44233576642335765,1.0,D-1 estimated accounting; fill-day constraints require ledger audit,momentum,V4_MOMENTUM_full,disabled,2017-02-06,risk_on,0.013501875599923394,0.024096350201967542,0.044932103689643066,0.8467153284671532,0.10952851735303348,0.8613138686131386,0.8613138686131386,,,{},6223.TWO,2017-02-06,2017-02-07
0.041471645869831604,1110000,0,-0.004744525547445255,0.5323600973236011,1.0,D-1 estimated accounting; fill-day constraints require ledger audit,momentum,V4_MOMENTUM_full,disabled,2017-02-06,risk_on,0.013501875599923394,0.024096350201967542,0.044932103689643066,0.8467153284671532,0.10952851735303348,0.8613138686131386,0.8613138686131386,,,{},6274.TWO,2017-02-06,2017-02-07
0.04057070286816944,320000,0,0.0354014598540146,0.9435523114355233,1.0,D-1 estimated accounting; fill-day constraints require ledger audit,momentum,V4_MOMENTUM_full,disabled,2017-02-06,risk_on,0.013501875599923394,0.024096350201967542,0.044932103689643066,0.8467153284671532,0.10952851735303348,0.8613138686131386,0.8613138686131386,,,{},6488.TWO,2017-02-06,2017-02-07
0.04591052282234458,1060000,0,0.04343065693430657,1.046228710462287,1.0,D-1 estimated accounting; fill-day constraints require ledger audit,momentum,V4_MOMENTUM_full,disabled,2017-02-06,risk_on,0.013501875599923394,0.024096350201967542,0.044932103689643066,0.8467153284671532,0.10952851735303348,0.8613138686131386,0.8613138686131386,,,{},8358.TWO,2017-02-06,2017-02-07
0.03358854176836853,1388000,0,0.04051094890510949,0.9990267639902676,1.0,D-1 estimated accounting; fill-day constraints require ledger audit,momentum,V4_MOMENTUM_full,disabled,2017-02-07,risk_on,0.013542822740188802,0.02176868672273602,0.03448277462977112,0.7664233576642335,0.11466326642784833,0.8686131386861314,0.8686131386861314,,,{},1402.TW,2017-02-07,2017-02-08
0.038086417005777126,1481000,0,0.013503649635036497,0.7347931873479319,1.0,D-1 estimated accounting; fill-day constraints require ledger audit,momentum,V4_MOMENTUM_full,disabled,2017-02-07,risk_on,0.013542822740188802,0.02176868672273602,0.03448277462977112,0.7664233576642335,0.11466326642784833,0.8686131386861314,0.8686131386861314,,,{},1504.TW,2017-02-07,2017-02-08
0.05560731854777647,3798000,0,0.014233576642335766,0.7357664233576644,1.0,D-1 estimated accounting; fill-day constraints require ledger audit,momentum,V4_MOMENTUM_full,disabled,2017-02-07,risk_on,0.013542822740188802,0.02176868672273602,0.03448277462977112,0.7664233576642335,0.11466326642784833,0.8686131386861314,0.8686131386861314,,,{},1785.TWO,2017-02-07,2017-02-08
0.04489886116205384,702000,0,0.0354014598540146,0.8866180048661801,1.0,D-1 estimated accounting; fill-day constraints require ledger audit,momentum,V4_MOMENTUM_full,disabled,2017-02-07,risk_on,0.013542822740188802,0.02176868672273602,0.03448277462977112,0.7664233576642335,0.11466326642784833,0.8686131386861314,0.8686131386861314,,,{},2327.TW,2017-02-07,2017-02-08
0.05948231012310668,8932000,0,0.04197080291970803,1.0472019464720197,1.0,D-1 estimated accounting; fill-day constraints require ledger audit,momentum,V4_MOMENTUM_full,disabled,2017-02-07,risk_on,0.013542822740188802,0.02176868672273602,0.03448277462977112,0.7664233576642335,0.11466326642784833,0.8686131386861314,0.8686131386861314,,,{},2337.TW,2017-02-07,2017-02-08
0.04731987731036141,4141000,0,0.031021897810218982,0.8447688564476886,1.0,D-1 estimated accounting; fill-day constraints require ledger audit,momentum,V4_MOMENTUM_full,disabled,2017-02-07,risk_on,0.013542822740188802,0.02176868672273602,0.03448277462977112,0.7664233576642335,0.11466326642784833,0.8686131386861314,0.8686131386861314,,,{},2344.TW,2017-02-07,2017-02-08
0.048499098379132785,458000,0,0.03978102189781022,0.9824817518248178,1.0,D-1 estimated accounting; fill-day constraints require ledger audit,momentum,V4_MOMENTUM_full,disabled,2017-02-07,risk_on,0.013542822740188802,0.02176868672273602,0.03448277462977112,0.7664233576642335,0.11466326642784833,0.8686131386861314,0.8686131386861314,,,{},2383.TW,2017-02-07,2017-02-08
0.03317489274428265,674000,0,0.04708029197080293,1.0914841849148418,1.0,D-1 estimated accounting; fill-day constraints require ledger audit,momentum,V4_MOMENTUM_full,disabled,2017-02-07,risk_on,0.013542822740188802,0.02176868672273602,0.03448277462977112,0.7664233576642335,0.11466326642784833,0.8686131386861314,0.8686131386861314,,,{},2404.TW,2017-02-07,2017-02-08
0.039548426185965005,3434000,0,-0.009854014598540146,0.5236009732360096,1.0,D-1 estimated accounting; fill-day constraints require ledger audit,momentum,V4_MOMENTUM_full,disabled,2017-02-07,risk_on,0.013542822740188802,0.02176868672273602,0.03448277462977112,0.7664233576642335,0.11466326642784833,0.8686131386861314,0.8686131386861314,,,{},2409.TW,2017-02-07,2017-02-08
0.038085211942802344,2410000,0,0.007664233576642332,0.6875912408759124,1.0,D-1 estimated accounting; fill-day constraints require ledger audit,momentum,V4_MOMENTUM_full,disabled,2017-02-07,risk_on,0.013542822740188802,0.02176868672273602,0.03448277462977112,0.7664233576642335,0.11466326642784833,0.8686131386861314,0.8686131386861314,,,{},2801.TW,2017-02-07,2017-02-08
0.04198974987699582,10000,0,0.024452554744525547,0.8068126520681266,1.0,D-1 estimated accounting; fill-day constraints require ledger audit,momentum,V4_MOMENTUM_full,disabled,2017-02-07,risk_on,0.013542822740188802,0.02176868672273602,0.03448277462977112,0.7664233576642335,0.11466326642784833,0.8686131386861314,0.8686131386861314,,,{},3008.TW,2017-02-07,2017-02-08
0.027000105429515968,92000,0,0.04927007299270073,1.14014598540146,1.0,D-1 estimated accounting; fill-day constraints require ledger audit,momentum,V4_MOMENTUM_full,disabled,2017-02-07,risk_on,0.013542822740188802,0.02176868672273602,0.03448277462977112,0.7664233576642335,0.11466326642784833,0.8686131386861314,0.8686131386861314,,,{},3081.TWO,2017-02-07,2017-02-08
0.026722940945315132,293000,0,0.04598540145985402,1.089051094890511,1.0,D-1 estimated accounting; fill-day constraints require ledger audit,momentum,V4_MOMENTUM_full,disabled,2017-02-07,risk_on,0.013542822740188802,0.02176868672273602,0.03448277462977112,0.7664233576642335,0.11466326642784833,0.8686131386861314,0.8686131386861314,,,{},3105.TWO,2017-02-07,2017-02-08
0.03970193781936416,1656000,0,-0.003284671532846717,0.5795620437956206,1.0,D-1 estimated accounting; fill-day constraints require ledger audit,momentum,V4_MOMENTUM_full,disabled,2017-02-07,risk_on,0.013542822740188802,0.02176868672273602,0.03448277462977112,0.7664233576642335,0.11466326642784833,0.8686131386861314,0.8686131386861314,,,{},3231.TW,2017-02-07,2017-02-08
0.042980512486099236,3553000,0,0.025912408759124084,0.8199513381995134,1.0,D-1 estimated accounting; fill-day constraints require ledger audit,momentum,V4_MOMENTUM_full,disabled,2017-02-07,risk_on,0.013542822740188802,0.02176868672273602,0.03448277462977112,0.7664233576642335,0.11466326642784833,0.8686131386861314,0.8686131386861314,,,{},3481.TW,2017-02-07,2017-02-08
0.04349822092965601,639000,0,0.017153284671532845,0.7464720194647203,1.0,D-1 estimated accounting; fill-day constraints require ledger audit,momentum,V4_MOMENTUM_full,disabled,2017-02-07,risk_on,0.013542822740188802,0.02176868672273602,0.03448277462977112,0.7664233576642335,0.11466326642784833,0.8686131386861314,0.8686131386861314,,,{},3491.TWO,2017-02-07,2017-02-08
0.047541408053892946,1187000,0,0.05,1.1673965936739659,1.0,D-1 estimated accounting; fill-day constraints require ledger audit,momentum,V4_MOMENTUM_full,disabled,2017-02-07,risk_on,0.013542822740188802,0.02176868672273602,0.03448277462977112,0.7664233576642335,0.11466326642784833,0.8686131386861314,0.8686131386861314,,,{},5483.TWO,2017-02-07,2017-02-08
0.041524059985183985,2871000,0,0.04343065693430657,1.051094890510949,1.0,D-1 estimated accounting; fill-day constraints require ledger audit,momentum,V4_MOMENTUM_full,disabled,2017-02-07,risk_on,0.013542822740188802,0.02176868672273602,0.03448277462977112,0.7664233576642335,0.11466326642784833,0.8686131386861314,0.8686131386861314,,,{},6182.TWO,2017-02-07,2017-02-08
0.034689344479854736,591000,0,0.04854014598540146,1.1051094890510949,1.0,D-1 estimated accounting; fill-day constraints require ledger audit,momentum,V4_MOMENTUM_full,disabled,2017-02-07,risk_on,0.013542822740188802,0.02176868672273602,0.03448277462977112,0.7664233576642335,0.11466326642784833,0.8686131386861314,0.8686131386861314,,,{},6187.TWO,2017-02-07,2017-02-08
0.04272399028433687,1110000,0,0.0018248175182481786,0.621897810218978,1.0,D-1 estimated accounting; fill-day constraints require ledger audit,momentum,V4_MOMENTUM_full,disabled,2017-02-07,risk_on,0.013542822740188802,0.02176868672273602,0.03448277462977112,0.7664233576642335,0.11466326642784833,0.8686131386861314,0.8686131386861314,,,{},6274.TWO,2017-02-07,2017-02-08
0.041197086231358655,320000,0,0.0069343065693430635,0.6836982968369829,1.0,D-1 estimated accounting; fill-day constraints require ledger audit,momentum,V4_MOMENTUM_full,disabled,2017-02-07,risk_on,0.013542822740188802,0.02176868672273602,0.03448277462977112,0.7664233576642335,0.11466326642784833,0.8686131386861314,0.8686131386861314,,,{},6488.TWO,2017-02-07,2017-02-08
0.048089510863591554,1060000,0,0.0478102189781022,1.1031630170316302,1.0,D-1 estimated accounting; fill-day constraints require ledger audit,momentum,V4_MOMENTUM_full,disabled,2017-02-07,risk_on,0.013542822740188802,0.02176868672273602,0.03448277462977112,0.7664233576642335,0.11466326642784833,0.8686131386861314,0.8686131386861314,,,{},8358.TWO,2017-02-07,2017-02-08
0.03285924175579302,1388000,0,0.024452554744525547,0.8170316301703163,1.0,D-1 estimated accounting; fill-day constraints require ledger audit,momentum,V4_MOMENTUM_full,disabled,2017-02-08,risk_on,0.013542822740188802,0.021186486525278436,0.033707910038551336,0.7445255474452555,0.11201954558472384,0.7883211678832117,0.8248175182481752,,,{},1402.TW,2017-02-08,2017-02-09
0.03750309620736624,1481000,0,-0.005839416058394159,0.5450121654501217,1.0,D-1 estimated accounting; fill-day constraints require ledger audit,momentum,V4_MOMENTUM_full,disabled,2017-02-08,risk_on,0.013542822740188802,0.021186486525278436,0.033707910038551336,0.7445255474452555,0.11201954558472384,0.7883211678832117,0.8248175182481752,,,{},1504.TW,2017-02-08,2017-02-09
0.054341834518832614,3798000,0,0.0069343065693430635,0.6525547445255475,1.0,D-1 estimated accounting; fill-day constraints require ledger audit,momentum,V4_MOMENTUM_full,disabled,2017-02-08,risk_on,0.013542822740188802,0.021186486525278436,0.033707910038551336,0.7445255474452555,0.11201954558472384,0.7883211678832117,0.8248175182481752,,,{},1785.TWO,2017-02-08,2017-02-09
0.03927099515394423,2622000,2622000,0.05,1.1586374695863748,1.0,D-1 estimated accounting; fill-day constraints require ledger audit,momentum,V4_MOMENTUM_full,disabled,2017-02-08,risk_on,0.013542822740188802,0.021186486525278436,0.033707910038551336,0.7445255474452555,0.11201954558472384,0.7883211678832117,0.8248175182481752,,,{},1815.TWO,2017-02-08,2017-02-09
0.045209598931082395,702000,0,0.007664233576642332,0.6579075425790754,1.0,D-1 estimated accounting; fill-day constraints require ledger audit,momentum,V4_MOMENTUM_full,disabled,2017-02-08,risk_on,0.013542822740188802,0.021186486525278436,0.033707910038551336,0.7445255474452555,0.11201954558472384,0.7883211678832117,0.8248175182481752,,,{},2327.TW,2017-02-08,2017-02-09
0.0637753233315852,8932000,0,0.045620437956204386,1.0871046228710461,1.0,D-1 estimated accounting; fill-day constraints require ledger audit,momentum,V4_MOMENTUM_full,disabled,2017-02-08,risk_on,0.013542822740188802,0.021186486525278436,0.033707910038551336,0.7445255474452555,0.11201954558472384,0.7883211678832117,0.8248175182481752,,,{},2337.TW,2017-02-08,2017-02-09
0.04374446850052683,4141000,0,0.008394160583941601,0.6593673965936739,1.0,D-1 estimated accounting; fill-day constraints require ledger audit,momentum,V4_MOMENTUM_full,disabled,2017-02-08,risk_on,0.013542822740188802,0.021186486525278436,0.033707910038551336,0.7445255474452555,0.11201954558472384,0.7883211678832117,0.8248175182481752,,,{},2344.TW,2017-02-08,2017-02-09
0.046794192231616336,458000,0,0.03175182481751825,0.8905109489051094,1.0,D-1 estimated accounting; fill-day constraints require ledger audit,momentum,V4_MOMENTUM_full,disabled,2017-02-08,risk_on,0.013542822740188802,0.021186486525278436,0.033707910038551336,0.7445255474452555,0.11201954558472384,0.7883211678832117,0.8248175182481752,,,{},2383.TW,2017-02-08,2017-02-09
0.03342749817200615,674000,0,0.04416058394160584,1.0768856447688564,1.0,D-1 estimated accounting; fill-day constraints require ledger audit,momentum,V4_MOMENTUM_full,disabled,2017-02-08,risk_on,0.013542822740188802,0.021186486525278436,0.033707910038551336,0.7445255474452555,0.11201954558472384,0.7883211678832117,0.8248175182481752,,,{},2404.TW,2017-02-08,2017-02-09
0.0,0,-3434000,-0.03686131386861314,0.27347931873479314,1.0,D-1 estimated accounting; fill-day constraints require ledger audit,momentum,V4_MOMENTUM_full,disabled,2017-02-08,risk_on,0.013542822740188802,0.021186486525278436,0.033707910038551336,0.7445255474452555,0.11201954558472384,0.7883211678832117,0.8248175182481752,,,{},2409.TW,2017-02-08,2017-02-09
0.03803010551066574,2410000,0,0.014963503649635036,0.7279805352798054,1.0,D-1 estimated accounting; fill-day constraints require ledger audit,momentum,V4_MOMENTUM_full,disabled,2017-02-08,risk_on,0.013542822740188802,0.021186486525278436,0.033707910038551336,0.7445255474452555,0.11201954558472384,0.7883211678832117,0.8248175182481752,,,{},2801.TW,2017-02-08,2017-02-09
0.041835402368477284,10000,0,0.01131386861313869,0.6763990267639904,1.0,D-1 estimated accounting; fill-day constraints require ledger audit,momentum,V4_MOMENTUM_full,disabled,2017-02-08,risk_on,0.013542822740188802,0.021186486525278436,0.033707910038551336,0.7445255474452555,0.11201954558472384,0.7883211678832117,0.8248175182481752,,,{},3008.TW,2017-02-08,2017-02-09
0.02708471279895905,92000,0,0.04854014598540146,1.15036496350365,1.0,D-1 estimated accounting; fill-day constraints require ledger audit,momentum,V4_MOMENTUM_full,disabled,2017-02-08,risk_on,0.013542822740188802,0.021186486525278436,0.033707910038551336,0.7445255474452555,0.11201954558472384,0.7883211678832117,0.8248175182481752,,,{},3081.TWO,2017-02-08,2017-02-09
0.02668427486321731,293000,0,0.04489051094890511,1.0861313868613138,1.0,D-1 estimated accounting; fill-day constraints require ledger audit,momentum,V4_MOMENTUM_full,disabled,2017-02-08,risk_on,0.013542822740188802,0.021186486525278436,0.033707910038551336,0.7445255474452555,0.11201954558472384,0.7883211678832117,0.8248175182481752,,,{},3105.TWO,2017-02-08,2017-02-09
0.039570666236852126,1656000,0,-0.004744525547445255,0.557177615571776,1.0,D-1 estimated accounting; fill-day constraints require ledger audit,momentum,V4_MOMENTUM_full,disabled,2017-02-08,risk_on,0.013542822740188802,0.021186486525278436,0.033707910038551336,0.7445255474452555,0.11201954558472384,0.7883211678832117,0.8248175182481752,,,{},3231.TW,2017-02-08,2017-02-09
0.0,0,-3553000,-0.012773722627737228,0.49002433090024344,1.0,D-1 estimated accounting; fill-day constraints require ledger audit,momentum,V4_MOMENTUM_full,disabled,2017-02-08,risk_on,0.013542822740188802,0.021186486525278436,0.033707910038551336,0.7445255474452555,0.11201954558472384,0.7883211678832117,0.8248175182481752,,,{},3481.TW,2017-02-08,2017-02-09
0.04326427723300882,639000,0,0.02007299270072993,0.7922141119221411,1.0,D-1 estimated accounting; fill-day constraints require ledger audit,momentum,V4_MOMENTUM_full,disabled,2017-02-08,risk_on,0.013542822740188802,0.021186486525278436,0.033707910038551336,0.7445255474452555,0.11201954558472384,0.7883211678832117,0.8248175182481752,,,{},3491.TWO,2017-02-08,2017-02-09
0.039243853617732014,776000,776000,0.04708029197080293,1.1158150851581508,1.0,D-1 estimated accounting; fill-day constraints require ledger audit,momentum,V4_MOMENTUM_full,disabled,2017-02-08,risk_on,0.013542822740188802,0.021186486525278436,0.033707910038551336,0.7445255474452555,0.11201954558472384,0.7883211678832117,0.8248175182481752,,,{},3653.TW,2017-02-08,2017-02-09
0.04858401833060222,1187000,0,0.04927007299270073,1.1508515815085159,1.0,D-1 estimated accounting; fill-day constraints require ledger audit,momentum,V4_MOMENTUM_full,disabled,2017-02-08,risk_on,0.013542822740188802,0.021186486525278436,0.033707910038551336,0.7445255474452555,0.11201954558472384,0.7883211678832117,0.8248175182481752,,,{},5483.TWO,2017-02-08,2017-02-09
0.04274373020023604,2871000,0,0.0478102189781022,1.118248175182482,1.0,D-1 estimated accounting; fill-day constraints require ledger audit,momentum,V4_MOMENTUM_full,disabled,2017-02-08,risk_on,0.013542822740188802,0.021186486525278436,0.033707910038551336,0.7445255474452555,0.11201954558472384,0.7883211678832117,0.8248175182481752,,,{},6182.TWO,2017-02-08,2017-02-09
0.03527183018033118,591000,0,0.04343065693430657,1.0749391727493918,1.0,D-1 estimated accounting; fill-day constraints require ledger audit,momentum,V4_MOMENTUM_full,disabled,2017-02-08,risk_on,0.013542822740188802,0.021186486525278436,0.033707910038551336,0.7445255474452555,0.11201954558472384,0.7883211678832117,0.8248175182481752,,,{},6187.TWO,2017-02-08,2017-02-09
0.04261267981069251,1110000,0,0.013503649635036497,0.7143552311435524,1.0,D-1 estimated accounting; fill-day constraints require ledger audit,momentum,V4_MOMENTUM_full,disabled,2017-02-08,risk_on,0.013542822740188802,0.021186486525278436,0.033707910038551336,0.7445255474452555,0.11201954558472384,0.7883211678832117,0.8248175182481752,,,{},6274.TWO,2017-02-08,2017-02-09
0.045136954096885507,320000,0,0.03759124087591242,0.9746958637469586,1.0,D-1 estimated accounting; fill-day constraints require ledger audit,momentum,V4_MOMENTUM_full,disabled,2017-02-08,risk_on,0.013542822740188802,0.021186486525278436,0.033707910038551336,0.7445255474452555,0.11201954558472384,0.7883211678832117,0.8248175182481752,,,{},6488.TWO,2017-02-08,2017-02-09
0.048303511222359756,1060000,0,0.04635036496350366,1.1007299270072994,1.0,D-1 estimated accounting; fill-day constraints require ledger audit,momentum,V4_MOMENTUM_full,disabled,2017-02-08,risk_on,0.013542822740188802,0.021186486525278436,0.033707910038551336,0.7445255474452555,0.11201954558472384,0.7883211678832117,0.8248175182481752,,,{},8358.TWO,2017-02-08,2017-02-09
0.03313549765810764,1388000,0,0.015693430656934303,0.7177615571776157,1.0,D-1 estimated accounting; fill-day constraints require ledger audit,momentum,V4_MOMENTUM_full,disabled,2017-02-09,risk_on,0.013889817011124711,0.02062970275888687,0.03393665099792731,0.7883211678832117,0.11089471001212575,0.8175182481751825,0.8540145985401459,,,{},1402.TW,2017-02-09,2017-02-10
0.0,0,-1481000,-0.0281021897810219,0.35669099756691003,1.0,D-1 estimated accounting; fill-day constraints require ledger audit,momentum,V4_MOMENTUM_full,disabled,2017-02-09,risk_on,0.013889817011124711,0.02062970275888687,0.03393665099792731,0.7883211678832117,0.11089471001212575,0.8175182481751825,0.8540145985401459,,,{},1504.TW,2017-02-09,2017-02-10
0.054388990070286726,3798000,0,0.0069343065693430635,0.6554744525547447,1.0,D-1 estimated accounting; fill-day constraints require ledger audit,momentum,V4_MOMENTUM_full,disabled,2017-02-09,risk_on,0.013889817011124711,0.02062970275888687,0.03393665099792731,0.7883211678832117,0.11089471001212575,0.8175182481751825,0.8540145985401459,,,{},1785.TWO,2017-02-09,2017-02-10
0.03894113700691944,2622000,0,0.05,1.1785888077858881,1.0,D-1 estimated accounting; fill-day constraints require ledger audit,momentum,V4_MOMENTUM_full,disabled,2017-02-09,risk_on,0.013889817011124711,0.02062970275888687,0.03393665099792731,0.7883211678832117,0.11089471001212575,0.8175182481751825,0.8540145985401459,,,{},1815.TWO,2017-02-09,2017-02-10
0.04408476465256308,702000,0,-0.001824817518248173,0.578588807785888,1.0,D-1 estimated accounting; fill-day constraints require ledger audit,momentum,V4_MOMENTUM_full,disabled,2017-02-09,risk_on,0.013889817011124711,0.02062970275888687,0.03393665099792731,0.7883211678832117,0.11089471001212575,0.8175182481751825,0.8540145985401459,,,{},2327.TW,2017-02-09,2017-02-10
0.06347649277695391,8932000,0,0.04197080291970803,1.0666666666666667,1.0,D-1 estimated accounting; fill-day constraints require ledger audit,momentum,V4_MOMENTUM_full,disabled,2017-02-09,risk_on,0.013889817011124711,0.02062970275888687,0.03393665099792731,0.7883211678832117,0.11089471001212575,0.8175182481751825,0.8540145985401459,,,{},2337.TW,2017-02-09,2017-02-10
0.042644933391209935,4141000,0,-0.004744525547445255,0.5547445255474452,1.0,D-1 estimated accounting; fill-day constraints require ledger audit,momentum,V4_MOMENTUM_full,disabled,2017-02-09,risk_on,0.013889817011124711,0.02062970275888687,0.03393665099792731,0.7883211678832117,0.11089471001212575,0.8175182481751825,0.8540145985401459,,,{},2344.TW,2017-02-09,2017-02-10
0.04599589256334459,458000,0,0.002554744525547448,0.6131386861313868,1.0,D-1 estimated accounting; fill-day constraints require ledger audit,momentum,V4_MOMENTUM_full,disabled,2017-02-09,risk_on,0.013889817011124711,0.02062970275888687,0.03393665099792731,0.7883211678832117,0.11089471001212575,0.8175182481751825,0.8540145985401459,,,{},2383.TW,2017-02-09,2017-02-10
0.03314672268965668,674000,0,0.04124087591240876,1.0642335766423356,1.0,D-1 estimated accounting; fill-day constraints require ledger audit,momentum,V4_MOMENTUM_full,disabled,2017-02-09,risk_on,0.013889817011124711,0.02062970275888687,0.03393665099792731,0.7883211678832117,0.11089471001212575,0.8175182481751825,0.8540145985401459,,,{},2404.TW,2017-02-09,2017-02-10
0.03771067026117104,2410000,0,0.008394160583941601,0.6734793187347933,1.0,D-1 estimated accounting; fill-day constraints require ledger audit,momentum,V4_MOMENTUM_full,disabled,2017-02-09,risk_on,0.013889817011124711,0.02062970275888687,0.03393665099792731,0.7883211678832117,0.11089471001212575,0.8175182481751825,0.8540145985401459,,,{},2801.TW,2017-02-09,2017-02-10
0.04278327969540005,10000,0,0.0208029197080292,0.759124087591241,1.0,D-1 estimated accounting; fill-day constraints require ledger audit,momentum,V4_MOMENTUM_full,disabled,2017-02-09,risk_on,0.013889817011124711,0.02062970275888687,0.03393665099792731,0.7883211678832117,0.11089471001212575,0.8175182481751825,0.8540145985401459,,,{},3008.TW,2017-02-09,2017-02-10
0.026325792495144933,92000,0,0.03978102189781022,1.0549878345498784,1.0,D-1 estimated accounting; fill-day constraints require ledger audit,momentum,V4_MOMENTUM_full,disabled,2017-02-09,risk_on,0.013889817011124711,0.02062970275888687,0.03393665099792731,0.7883211678832117,0.11089471001212575,0.8175182481751825,0.8540145985401459,,,{},3081.TWO,2017-02-09,2017-02-10
0.0268492590254538,293000,0,0.04489051094890511,1.0871046228710461,1.0,D-1 estimated accounting; fill-day constraints require ledger audit,momentum,V4_MOMENTUM_full,disabled,2017-02-09,risk_on,0.013889817011124711,0.02062970275888687,0.03393665099792731,0.7883211678832117,0.11089471001212575,0.8175182481751825,0.8540145985401459,,,{},3105.TWO,2017-02-09,2017-02-10
0.03909187945815486,1656000,0,-0.004014598540145986,0.5571776155717763,1.0,D-1 estimated accounting; fill-day constraints require ledger audit,momentum,V4_MOMENTUM_full,disabled,2017-02-09,risk_on,0.013889817011124711,0.02062970275888687,0.03393665099792731,0.7883211678832117,0.11089471001212575,0.8175182481751825,0.8540145985401459,,,{},3231.TW,2017-02-09,2017-02-10
0.04239217131268722,639000,0,0.017153284671532845,0.7231143552311435,1.0,D-1 estimated accounting; fill-day constraints require ledger audit,momentum,V4_MOMENTUM_full,disabled,2017-02-09,risk_on,0.013889817011124711,0.02062970275888687,0.03393665099792731,0.7883211678832117,0.11089471001212575,0.8175182481751825,0.8540145985401459,,,{},3491.TWO,2017-02-09,2017-02-10
0.0386396962974862,776000,0,0.0427007299270073,1.0710462287104625,1.0,D-1 estimated accounting; fill-day constraints require ledger audit,momentum,V4_MOMENTUM_full,disabled,2017-02-09,risk_on,0.013889817011124711,0.02062970275888687,0.03393665099792731,0.7883211678832117,0.11089471001212575,0.8175182481751825,0.8540145985401459,,,{},3653.TW,2017-02-09,2017-02-10
0.04316996877435341,1395000,1395000,0.04708029197080293,1.1148418491484184,1.0,D-1 estimated accounting; fill-day constraints require ledger audit,momentum,V4_MOMENTUM_full,disabled,2017-02-09,risk_on,0.013889817011124711,0.02062970275888687,0.03393665099792731,0.7883211678832117,0.11089471001212575,0.8175182481751825,0.8540145985401459,,,{},3661.TW,2017-02-09,2017-02-10
0.050957334411504206,1187000,0,0.04927007299270073,1.151338199513382,1.0,D-1 estimated accounting; fill-day constraints require ledger audit,momentum,V4_MOMENTUM_full,disabled,2017-02-09,risk_on,0.013889817011124711,0.02062970275888687,0.03393665099792731,0.7883211678832117,0.11089471001212575,0.8175182481751825,0.8540145985401459,,,{},5483.TWO,2017-02-09,2017-02-10
0.04441510760858324,2871000,0,0.04854014598540146,1.1498783454987835,1.0,D-1 estimated accounting; fill-day constraints require ledger audit,momentum,V4_MOMENTUM_full,disabled,2017-02-09,risk_on,0.013889817011124711,0.02062970275888687,0.03393665099792731,0.7883211678832117,0.11089471001212575,0.8175182481751825,0.8540145985401459,,,{},6182.TWO,2017-02-09,2017-02-10
0.034139077348845,591000,0,0.03832116788321169,1.0238442822384428,1.0,D-1 estimated accounting; fill-day constraints require ledger audit,momentum,V4_MOMENTUM_full,disabled,2017-02-09,risk_on,0.013889817011124711,0.02062970275888687,0.03393665099792731,0.7883211678832117,0.11089471001212575,0.8175182481751825,0.8540145985401459,,,{},6187.TWO,2017-02-09,2017-02-10
0.04240198216703324,1110000,0,0.0018248175182481786,0.6126520681265206,1.0,D-1 estimated accounting; fill-day constraints require ledger audit,momentum,V4_MOMENTUM_full,disabled,2017-02-09,risk_on,0.013889817011124711,0.02062970275888687,0.03393665099792731,0.7883211678832117,0.11089471001212575,0.8175182481751825,0.8540145985401459,,,{},6274.TWO,2017-02-09,2017-02-10
0.049148623865348344,320000,0,0.03759124087591242,1.0194647201946472,1.0,D-1 estimated accounting; fill-day constraints require ledger audit,momentum,V4_MOMENTUM_full,disabled,2017-02-09,risk_on,0.013889817011124711,0.02062970275888687,0.03393665099792731,0.7883211678832117,0.11089471001212575,0.8175182481751825,0.8540145985401459,,,{},6488.TWO,2017-02-09,2017-02-10
0.049022585322128345,1060000,0,0.0478102189781022,1.1445255474452556,1.0,D-1 estimated accounting; fill-day constraints require ledger audit,momentum,V4_MOMENTUM_full,disabled,2017-02-09,risk_on,0.013889817011124711,0.02062970275888687,0.03393665099792731,0.7883211678832117,0.11089471001212575,0.8175182481751825,0.8540145985401459,,,{},8358.TWO,2017-02-09,2017-02-10
0.03381664436201185,1388000,0,0.03321167883211679,0.9036496350364963,1.0,D-1 estimated accounting; fill-day constraints require ledger audit,momentum,V4_MOMENTUM_full,disabled,2017-02-10,risk_on,0.013973592750348504,0.01869164658882916,0.035856579660578314,0.7883211678832117,0.10383196981075421,0.8686131386861314,0.8613138686131386,,,{},1402.TW,2017-02-10,2017-02-13
0.054329610273663474,3798000,0,0.01204379562043796,0.689537712895377,1.0,D-1 estimated accounting; fill-day constraints require ledger audit,momentum,V4_MOMENTUM_full,disabled,2017-02-10,risk_on,0.013973592750348504,0.01869164658882916,0.035856579660578314,0.7883211678832117,0.10383196981075421,0.8686131386861314,0.8613138686131386,,,{},1785.TWO,2017-02-10,2017-02-13
0.03948356427195845,2622000,0,0.05,1.1897810218978102,1.0,D-1 estimated accounting; fill-day constraints require ledger audit,momentum,V4_MOMENTUM_full,disabled,2017-02-10,risk_on,0.013973592750348504,0.01869164658882916,0.035856579660578314,0.7883211678832117,0.10383196981075421,0.8686131386861314,0.8613138686131386,,,{},1815.TWO,2017-02-10,2017-02-13
0.04454626365312035,702000,0,-0.00036496350364963463,0.5951338199513381,1.0,D-1 estimated accounting; fill-day constraints require ledger audit,momentum,V4_MOMENTUM_full,disabled,2017-02-10,risk_on,0.013973592750348504,0.01869164658882916,0.035856579660578314,0.7883211678832117,0.10383196981075421,0.8686131386861314,0.8613138686131386,,,{},2327.TW,2017-02-10,2017-02-13
0.06724250483494162,8932000,0,0.04854014598540146,1.0997566909975671,1.0,D-1 estimated accounting; fill-day constraints require ledger audit,momentum,V4_MOMENTUM_full,disabled,2017-02-10,risk_on,0.013973592750348504,0.01869164658882916,0.035856579660578314,0.7883211678832117,0.10383196981075421,0.8686131386861314,0.8613138686131386,,,{},2337.TW,2017-02-10,2017-02-13
0.042730258816497065,4141000,0,-0.0076642335766423375,0.5381995133819951,1.0,D-1 estimated accounting; fill-day constraints require ledger audit,momentum,V4_MOMENTUM_full,disabled,2017-02-10,risk_on,0.013973592750348504,0.01869164658882916,0.035856579660578314,0.7883211678832117,0.10383196981075421,0.8686131386861314,0.8613138686131386,,,{},2344.TW,2017-02-10,2017-02-13
0.04690004468701925,458000,0,0.004744525547445255,0.6447688564476886,1.0,D-1 estimated accounting; fill-day constraints require ledger audit,momentum,V4_MOMENTUM_full,disabled,2017-02-10,risk_on,0.013973592750348504,0.01869164658882916,0.035856579660578314,0.7883211678832117,0.10383196981075421,0.8686131386861314,0.8613138686131386,,,{},2383.TW,2017-02-10,2017-02-13
0.03333251515415527,674000,0,0.04124087591240876,1.032116788321168,1.0,D-1 estimated accounting; fill-day constraints require ledger audit,momentum,V4_MOMENTUM_full,disabled,2017-02-10,risk_on,0.013973592750348504,0.01869164658882916,0.035856579660578314,0.7883211678832117,0.10383196981075421,0.8686131386861314,0.8613138686131386,,,{},2404.TW,2017-02-10,2017-02-13
0.03810634442762007,2410000,0,0.015693430656934303,0.7216545012165451,1.0,D-1 estimated accounting; fill-day constraints require ledger audit,momentum,V4_MOMENTUM_full,disabled,2017-02-10,risk_on,0.013973592750348504,0.01869164658882916,0.035856579660578314,0.7883211678832117,0.10383196981075421,0.8686131386861314,0.8613138686131386,,,{},2801.TW,2017-02-10,2017-02-13
0.04407776580082705,10000,0,0.03613138686131386,0.9406326034063259,1.0,D-1 estimated accounting; fill-day constraints require ledger audit,momentum,V4_MOMENTUM_full,disabled,2017-02-10,risk_on,0.013973592750348504,0.01869164658882916,0.035856579660578314,0.7883211678832117,0.10383196981075421,0.8686131386861314,0.8613138686131386,,,{},3008.TW,2017-02-10,2017-02-13
0.02543637795875033,92000,0,0.014963503649635036,0.719221411192214,1.0,D-1 estimated accounting; fill-day constraints require ledger audit,momentum,V4_MOMENTUM_full,disabled,2017-02-10,risk_on,0.013973592750348504,0.01869164658882916,0.035856579660578314,0.7883211678832117,0.10383196981075421,0.8686131386861314,0.8613138686131386,,,{},3081.TWO,2017-02-10,2017-02-13
0.02716291210439454,293000,0,0.0427007299270073,1.056447688564477,1.0,D-1 estimated accounting; fill-day constraints require ledger audit,momentum,V4_MOMENTUM_full,disabled,2017-02-10,risk_on,0.013973592750348504,0.01869164658882916,0.035856579660578314,0.7883211678832117,0.10383196981075421,0.8686131386861314,0.8613138686131386,,,{},3105.TWO,2017-02-10,2017-02-13
0.0,0,-1656000,-0.01204379562043796,0.49781021897810224,1.0,D-1 estimated accounting; fill-day constraints require ledger audit,momentum,V4_MOMENTUM_full,disabled,2017-02-10,risk_on,0.013973592750348504,0.01869164658882916,0.035856579660578314,0.7883211678832117,0.10383196981075421,0.8686131386861314,0.8613138686131386,,,{},3231.TW,2017-02-10,2017-02-13
0.0420239030990248,639000,0,0.007664233576642332,0.6690997566909974,1.0,D-1 estimated accounting; fill-day constraints require ledger audit,momentum,V4_MOMENTUM_full,disabled,2017-02-10,risk_on,0.013973592750348504,0.01869164658882916,0.035856579660578314,0.7883211678832117,0.10383196981075421,0.8686131386861314,0.8613138686131386,,,{},3491.TWO,2017-02-10,2017-02-13
0.038923315233469334,776000,0,0.04343065693430657,1.0583941605839418,1.0,D-1 estimated accounting; fill-day constraints require ledger audit,momentum,V4_MOMENTUM_full,disabled,2017-02-10,risk_on,0.013973592750348504,0.01869164658882916,0.035856579660578314,0.7883211678832117,0.10383196981075421,0.8686131386861314,0.8613138686131386,,,{},3653.TW,2017-02-10,2017-02-13
0.0420204491451043,1395000,0,0.04416058394160584,1.0598540145985402,1.0,D-1 estimated accounting; fill-day constraints require ledger audit,momentum,V4_MOMENTUM_full,disabled,2017-02-10,risk_on,0.013973592750348504,0.01869164658882916,0.035856579660578314,0.7883211678832117,0.10383196981075421,0.8686131386861314,0.8613138686131386,,,{},3661.TW,2017-02-10,2017-02-13
0.04963951724204051,1187000,0,0.0478102189781022,1.0900243309002435,1.0,D-1 estimated accounting; fill-day constraints require ledger audit,momentum,V4_MOMENTUM_full,disabled,2017-02-10,risk_on,0.013973592750348504,0.01869164658882916,0.035856579660578314,0.7883211678832117,0.10383196981075421,0.8686131386861314,0.8613138686131386,,,{},5483.TWO,2017-02-10,2017-02-13
0.04208804479458688,2871000,0,0.045620437956204386,1.072506082725061,1.0,D-1 estimated accounting; fill-day constraints require ledger audit,momentum,V4_MOMENTUM_full,disabled,2017-02-10,risk_on,0.013973592750348504,0.01869164658882916,0.035856579660578314,0.7883211678832117,0.10383196981075421,0.8686131386861314,0.8613138686131386,,,{},6182.TWO,2017-02-10,2017-02-13
0.033840689195073784,591000,0,0.03759124087591242,0.981508515815085,1.0,D-1 estimated accounting; fill-day constraints require ledger audit,momentum,V4_MOMENTUM_full,disabled,2017-02-10,risk_on,0.013973592750348504,0.01869164658882916,0.035856579660578314,0.7883211678832117,0.10383196981075421,0.8686131386861314,0.8613138686131386,,,{},6187.TWO,2017-02-10,2017-02-13
0.04170002849678726,1110000,0,-0.001094890510948904,0.589294403892944,1.0,D-1 estimated accounting; fill-day constraints require ledger audit,momentum,V4_MOMENTUM_full,disabled,2017-02-10,risk_on,0.013973592750348504,0.01869164658882916,0.035856579660578314,0.7883211678832117,0.10383196981075421,0.8686131386861314,0.8613138686131386,,,{},6274.TWO,2017-02-10,2017-02-13
0.04782774128489681,320000,0,0.04197080291970803,1.0520681265206815,1.0,D-1 estimated accounting; fill-day constraints require ledger audit,momentum,V4_MOMENTUM_full,disabled,2017-02-10,risk_on,0.013973592750348504,0.01869164658882916,0.035856579660578314,0.7883211678832117,0.10383196981075421,0.8686131386861314,0.8613138686131386,,,{},6488.TWO,2017-02-10,2017-02-13
0.04307257664704086,35000,35000,0.04708029197080293,1.0763990267639902,1.0,D-1 estimated accounting; fill-day constraints require ledger audit,momentum,V4_MOMENTUM_full,disabled,2017-02-10,risk_on,0.013973592750348504,0.01869164658882916,0.035856579660578314,0.7883211678832117,0.10383196981075421,0.8686131386861314,0.8613138686131386,,,{},6510.TWO,2017-02-10,2017-02-13
0.048087540613763045,1060000,0,0.04927007299270073,1.116788321167883,1.0,D-1 estimated accounting; fill-day constraints require ledger audit,momentum,V4_MOMENTUM_full,disabled,2017-02-10,risk_on,0.013973592750348504,0.01869164658882916,0.035856579660578314,0.7883211678832117,0.10383196981075421,0.8686131386861314,0.8613138686131386,,,{},8358.TWO,2017-02-10,2017-02-13
