target_weight,target_shares,order_shares,expected_return,score,confidence,reason,family,model_ensemble_id,regime,observed_date,prior_regime,market_volatility,median_R5,median_R20,breadth,dispersion,above_EMA20,above_EMA50,model_train_end,latest_label_end,expert_weights,symbol,signal_date,decision_date
0.004433,15000,15000,0.034090909090909095,0.9444444444444444,1.0,D-1 estimated accounting; fill-day constraints require ledger audit,momentum,V4_MOMENTUM_full,disabled,2014-12-31,risk_on,0.015134139321802818,0.008719909405504822,0.013216116621443286,0.7121212121212122,0.06878435588365131,0.8636363636363636,0.8333333333333334,,,{},1590.TW,2014-12-31,2015-01-05
0.05005455,2026000,2026000,0.043939393939393945,1.0626262626262626,1.0,D-1 estimated accounting; fill-day constraints require ledger audit,momentum,V4_MOMENTUM_full,disabled,2014-12-31,risk_on,0.015134139321802818,0.008719909405504822,0.013216116621443286,0.7121212121212122,0.06878435588365131,0.8636363636363636,0.8333333333333334,,,{},1802.TW,2014-12-31,2015-01-05
0.021721,53000,53000,0.03787878787878788,1.0055555555555553,1.0,D-1 estimated accounting; fill-day constraints require ledger audit,momentum,V4_MOMENTUM_full,disabled,2014-12-31,risk_on,0.015134139321802818,0.008719909405504822,0.013216116621443286,0.7121212121212122,0.06878435588365131,0.8636363636363636,0.8333333333333334,,,{},2059.TW,2014-12-31,2015-01-05
0.0325635,638000,638000,0.04015151515151515,1.0303030303030303,1.0,D-1 estimated accounting; fill-day constraints require ledger audit,momentum,V4_MOMENTUM_full,disabled,2014-12-31,risk_on,0.015134139321802818,0.008719909405504822,0.013216116621443286,0.7121212121212122,0.06878435588365131,0.8636363636363636,0.8333333333333334,,,{},2327.TW,2014-12-31,2015-01-05
0.011604285,1674000,1674000,0.035606060606060606,0.9616161616161614,1.0,D-1 estimated accounting; fill-day constraints require ledger audit,momentum,V4_MOMENTUM_full,disabled,2014-12-31,risk_on,0.015134139321802818,0.008719909405504822,0.013216116621443286,0.7121212121212122,0.06878435588365131,0.8636363636363636,0.8333333333333334,,,{},2337.TW,2014-12-31,2015-01-05
0.071029525,6546000,6546000,0.04848484848484849,1.1606060606060606,1.0,D-1 estimated accounting; fill-day constraints require ledger audit,momentum,V4_MOMENTUM_full,disabled,2014-12-31,risk_on,0.015134139321802818,0.008719909405504822,0.013216116621443286,0.7121212121212122,0.06878435588365131,0.8636363636363636,0.8333333333333334,,,{},2344.TW,2014-12-31,2015-01-05
0.03599575,153000,153000,0.04090909090909091,1.0358585858585858,1.0,D-1 estimated accounting; fill-day constraints require ledger audit,momentum,V4_MOMENTUM_full,disabled,2014-12-31,risk_on,0.015134139321802818,0.008719909405504822,0.013216116621443286,0.7121212121212122,0.06878435588365131,0.8636363636363636,0.8333333333333334,,,{},2395.TW,2014-12-31,2015-01-05
0.0779625,962000,962000,0.05,1.1762626262626261,1.0,D-1 estimated accounting; fill-day constraints require ledger audit,momentum,V4_MOMENTUM_full,disabled,2014-12-31,risk_on,0.015134139321802818,0.008719909405504822,0.013216116621443286,0.7121212121212122,0.06878435588365131,0.8636363636363636,0.8333333333333334,,,{},2408.TW,2014-12-31,2015-01-05
0.0185808,829000,829000,0.037121212121212124,0.9777777777777777,1.0,D-1 estimated accounting; fill-day constraints require ledger audit,momentum,V4_MOMENTUM_full,disabled,2014-12-31,risk_on,0.015134139321802818,0.008719909405504822,0.013216116621443286,0.7121212121212122,0.06878435588365131,0.8636363636363636,0.8333333333333334,,,{},2603.TW,2014-12-31,2015-01-05
0.067526375,4007000,4007000,0.04772727272727273,1.1464646464646464,1.0,D-1 estimated accounting; fill-day constraints require ledger audit,momentum,V4_MOMENTUM_full,disabled,2014-12-31,risk_on,0.015134139321802818,0.008719909405504822,0.013216116621443286,0.7121212121212122,0.06878435588365131,0.8636363636363636,0.8333333333333334,,,{},2609.TW,2014-12-31,2015-01-05
0.057041925,2323000,2323000,0.04545454545454546,1.0858585858585859,1.0,D-1 estimated accounting; fill-day constraints require ledger audit,momentum,V4_MOMENTUM_full,disabled,2014-12-31,risk_on,0.015134139321802818,0.008719909405504822,0.013216116621443286,0.7121212121212122,0.06878435588365131,0.8636363636363636,0.8333333333333334,,,{},3017.TW,2014-12-31,2015-01-05
0.028925,162000,162000,0.0393939393939394,1.0227272727272727,1.0,D-1 estimated accounting; fill-day constraints require ledger audit,momentum,V4_MOMENTUM_full,disabled,2014-12-31,risk_on,0.015134139321802818,0.008719909405504822,0.013216116621443286,0.7121212121212122,0.06878435588365131,0.8636363636363636,0.8333333333333334,,,{},3034.TW,2014-12-31,2015-01-05
0.03955325,378000,378000,0.041666666666666664,1.0444444444444443,1.0,D-1 estimated accounting; fill-day constraints require ledger audit,momentum,V4_MOMENTUM_full,disabled,2014-12-31,risk_on,0.015134139321802818,0.008719909405504822,0.013216116621443286,0.7121212121212122,0.06878435588365131,0.8636363636363636,0.8333333333333334,,,{},3045.TW,2014-12-31,2015-01-05
0.0080575,137000,137000,0.03484848484848485,0.9575757575757577,1.0,D-1 estimated accounting; fill-day constraints require ledger audit,momentum,V4_MOMENTUM_full,disabled,2014-12-31,risk_on,0.015134139321802818,0.008719909405504822,0.013216116621443286,0.7121212121212122,0.06878435588365131,0.8636363636363636,0.8333333333333334,,,{},3260.TWO,2014-12-31,2015-01-05
0.07451825,2147000,2147000,0.04924242424242425,1.1686868686868688,1.0,D-1 estimated accounting; fill-day constraints require ledger audit,momentum,V4_MOMENTUM_full,disabled,2014-12-31,risk_on,0.015134139321802818,0.008719909405504822,0.013216116621443286,0.7121212121212122,0.06878435588365131,0.8636363636363636,0.8333333333333334,,,{},3363.TWO,2014-12-31,2015-01-05
0.0535245,1049000,1049000,0.04469696969696971,1.0747474747474746,1.0,D-1 estimated accounting; fill-day constraints require ledger audit,momentum,V4_MOMENTUM_full,disabled,2014-12-31,risk_on,0.015134139321802818,0.008719909405504822,0.013216116621443286,0.7121212121212122,0.06878435588365131,0.8636363636363636,0.8333333333333334,,,{},3680.TWO,2014-12-31,2015-01-05
0.0430335,589000,589000,0.04242424242424242,1.0454545454545454,1.0,D-1 estimated accounting; fill-day constraints require ledger audit,momentum,V4_MOMENTUM_full,disabled,2014-12-31,risk_on,0.015134139321802818,0.008719909405504822,0.013216116621443286,0.7121212121212122,0.06878435588365131,0.8636363636363636,0.8333333333333334,,,{},4904.TW,2014-12-31,2015-01-05
0.04652145,771000,771000,0.04318181818181818,1.055050505050505,1.0,D-1 estimated accounting; fill-day constraints require ledger audit,momentum,V4_MOMENTUM_full,disabled,2014-12-31,risk_on,0.015134139321802818,0.008719909405504822,0.013216116621443286,0.7121212121212122,0.06878435588365131,0.8636363636363636,0.8333333333333334,,,{},4979.TWO,2014-12-31,2015-01-05
0.06053725,1157000,1157000,0.04621212121212122,1.1111111111111112,1.0,D-1 estimated accounting; fill-day constraints require ledger audit,momentum,V4_MOMENTUM_full,disabled,2014-12-31,risk_on,0.015134139321802818,0.008719909405504822,0.013216116621443286,0.7121212121212122,0.06878435588365131,0.8636363636363636,0.8333333333333334,,,{},5347.TWO,2014-12-31,2015-01-05
0.02557625,462000,462000,0.038636363636363635,1.0156565656565655,1.0,D-1 estimated accounting; fill-day constraints require ledger audit,momentum,V4_MOMENTUM_full,disabled,2014-12-31,risk_on,0.015134139321802818,0.008719909405504822,0.013216116621443286,0.7121212121212122,0.06878435588365131,0.8636363636363636,0.8333333333333334,,,{},5483.TWO,2014-12-31,2015-01-05
0.064032525,4144000,4144000,0.046969696969696974,1.1272727272727274,1.0,D-1 estimated accounting; fill-day constraints require ledger audit,momentum,V4_MOMENTUM_full,disabled,2014-12-31,risk_on,0.015134139321802818,0.008719909405504822,0.013216116621443286,0.7121212121212122,0.06878435588365131,0.8636363636363636,0.8333333333333334,,,{},6182.TWO,2014-12-31,2015-01-05
0.0150015,68000,68000,0.03636363636363637,0.9757575757575757,1.0,D-1 estimated accounting; fill-day constraints require ledger audit,momentum,V4_MOMENTUM_full,disabled,2014-12-31,risk_on,0.015134139321802818,0.008719909405504822,0.013216116621443286,0.7121212121212122,0.06878435588365131,0.8636363636363636,0.8333333333333334,,,{},8299.TWO,2014-12-31,2015-01-05
0.004341123512252206,15000,0,0.02272727272727273,0.8030303030303031,1.0,D-1 estimated accounting; fill-day constraints require ledger audit,momentum,V4_MOMENTUM_full,disabled,2015-01-05,risk_on,0.014754078076557885,0.009892996598376835,0.009504423678468266,0.7424242424242424,0.06831789194829804,0.7727272727272727,0.7954545454545454,,,{},1590.TW,2015-01-05,2015-01-06
0.04887942612820895,2026000,0,0.03181818181818182,0.9121212121212121,1.0,D-1 estimated accounting; fill-day constraints require ledger audit,momentum,V4_MOMENTUM_full,disabled,2015-01-05,risk_on,0.014754078076557885,0.009892996598376835,0.009504423678468266,0.7424242424242424,0.06831789194829804,0.7727272727272727,0.7954545454545454,,,{},1802.TW,2015-01-05,2015-01-06
0.021729289168060703,53000,0,0.031060606060606056,0.8994949494949493,1.0,D-1 estimated accounting; fill-day constraints require ledger audit,momentum,V4_MOMENTUM_full,disabled,2015-01-05,risk_on,0.014754078076557885,0.009892996598376835,0.009504423678468266,0.7424242424242424,0.06831789194829804,0.7727272727272727,0.7954545454545454,,,{},2059.TW,2015-01-05,2015-01-06
0.03153324642761882,638000,0,0.006818181818181824,0.6601010101010101,1.0,D-1 estimated accounting; fill-day constraints require ledger audit,momentum,V4_MOMENTUM_full,disabled,2015-01-05,risk_on,0.014754078076557885,0.009892996598376835,0.009504423678468266,0.7424242424242424,0.06831789194829804,0.7727272727272727,0.7954545454545454,,,{},2327.TW,2015-01-05,2015-01-06
0.011782948439476571,1674000,0,0.034090909090909095,0.942929292929293,1.0,D-1 estimated accounting; fill-day constraints require ledger audit,momentum,V4_MOMENTUM_full,disabled,2015-01-05,risk_on,0.014754078076557885,0.009892996598376835,0.009504423678468266,0.7424242424242424,0.06831789194829804,0.7727272727272727,0.7954545454545454,,,{},2337.TW,2015-01-05,2015-01-06
0.07340502974877498,6546000,0,0.04924242424242425,1.1691919191919191,1.0,D-1 estimated accounting; fill-day constraints require ledger audit,momentum,V4_MOMENTUM_full,disabled,2015-01-05,risk_on,0.014754078076557885,0.009892996598376835,0.009504423678468266,0.7424242424242424,0.06831789194829804,0.7727272727272727,0.7954545454545454,,,{},2344.TW,2015-01-05,2015-01-06
0.036029929772766166,153000,0,0.041666666666666664,1.0161616161616163,1.0,D-1 estimated accounting; fill-day constraints require ledger audit,momentum,V4_MOMENTUM_full,disabled,2015-01-05,risk_on,0.014754078076557885,0.009892996598376835,0.009504423678468266,0.7424242424242424,0.06831789194829804,0.7727272727272727,0.7954545454545454,,,{},2395.TW,2015-01-05,2015-01-06
0.08307737287452689,962000,0,0.05,1.18989898989899,1.0,D-1 estimated accounting; fill-day constraints require ledger audit,momentum,V4_MOMENTUM_full,disabled,2015-01-05,risk_on,0.014754078076557885,0.009892996598376835,0.009504423678468266,0.7424242424242424,0.06831789194829804,0.7727272727272727,0.7954545454545454,,,{},2408.TW,2015-01-05,2015-01-06
0.018560807221702776,829000,0,0.035606060606060606,0.9696969696969697,1.0,D-1 estimated accounting; fill-day constraints require ledger audit,momentum,V4_MOMENTUM_full,disabled,2015-01-05,risk_on,0.014754078076557885,0.009892996598376835,0.009504423678468266,0.7424242424242424,0.06831789194829804,0.7727272727272727,0.7954545454545454,,,{},2603.TW,2015-01-05,2015-01-06
0.06730348621505212,4007000,0,0.04772727272727273,1.1090909090909096,1.0,D-1 estimated accounting; fill-day constraints require ledger audit,momentum,V4_MOMENTUM_full,disabled,2015-01-05,risk_on,0.014754078076557885,0.009892996598376835,0.009504423678468266,0.7424242424242424,0.06831789194829804,0.7727272727272727,0.7954545454545454,,,{},2609.TW,2015-01-05,2015-01-06
0.056506268334179585,2323000,0,0.04090909090909091,1.0146464646464648,1.0,D-1 estimated accounting; fill-day constraints require ledger audit,momentum,V4_MOMENTUM_full,disabled,2015-01-05,risk_on,0.014754078076557885,0.009892996598376835,0.009504423678468266,0.7424242424242424,0.06831789194829804,0.7727272727272727,0.7954545454545454,,,{},3017.TW,2015-01-05,2015-01-06
0.028505598082978548,162000,0,0.03484848484848485,0.9474747474747475,1.0,D-1 estimated accounting; fill-day constraints require ledger audit,momentum,V4_MOMENTUM_full,disabled,2015-01-05,risk_on,0.014754078076557885,0.009892996598376835,0.009504423678468266,0.7424242424242424,0.06831789194829804,0.7727272727272727,0.7954545454545454,,,{},3034.TW,2015-01-05,2015-01-06
0.039234068634208655,378000,0,0.038636363636363635,0.9909090909090911,1.0,D-1 estimated accounting; fill-day constraints require ledger audit,momentum,V4_MOMENTUM_full,disabled,2015-01-05,risk_on,0.014754078076557885,0.009892996598376835,0.009504423678468266,0.7424242424242424,0.06831789194829804,0.7727272727272727,0.7954545454545454,,,{},3045.TW,2015-01-05,2015-01-06
0.00811313176207851,137000,0,0.03787878787878788,0.9813131313131312,1.0,D-1 estimated accounting; fill-day constraints require ledger audit,momentum,V4_MOMENTUM_full,disabled,2015-01-05,risk_on,0.014754078076557885,0.009892996598376835,0.009504423678468266,0.7424242424242424,0.06831789194829804,0.7727272727272727,0.7954545454545454,,,{},3260.TWO,2015-01-05,2015-01-06
0.07352313860796494,2147000,0,0.04848484848484849,1.1570707070707071,1.0,D-1 estimated accounting; fill-day constraints require ledger audit,momentum,V4_MOMENTUM_full,disabled,2015-01-05,risk_on,0.014754078076557885,0.009892996598376835,0.009504423678468266,0.7424242424242424,0.06831789194829804,0.7727272727272727,0.7954545454545454,,,{},3363.TWO,2015-01-05,2015-01-06
0.054080053224616974,1049000,0,0.04621212121212122,1.0974747474747477,1.0,D-1 estimated accounting; fill-day constraints require ledger audit,momentum,V4_MOMENTUM_full,disabled,2015-01-05,risk_on,0.014754078076557885,0.009892996598376835,0.009504423678468266,0.7424242424242424,0.06831789194829804,0.7727272727272727,0.7954545454545454,,,{},3680.TWO,2015-01-05,2015-01-06
0.04148132639636571,589000,0,0.017424242424242422,0.751010101010101,1.0,D-1 estimated accounting; fill-day constraints require ledger audit,momentum,V4_MOMENTUM_full,disabled,2015-01-05,risk_on,0.014754078076557885,0.009892996598376835,0.009504423678468266,0.7424242424242424,0.06831789194829804,0.7727272727272727,0.7954545454545454,,,{},4904.TW,2015-01-05,2015-01-06
0.04844406790294164,771000,0,0.043939393939393945,1.087878787878788,1.0,D-1 estimated accounting; fill-day constraints require ledger audit,momentum,V4_MOMENTUM_full,disabled,2015-01-05,risk_on,0.014754078076557885,0.009892996598376835,0.009504423678468266,0.7424242424242424,0.06831789194829804,0.7727272727272727,0.7954545454545454,,,{},4979.TWO,2015-01-05,2015-01-06
0.06079890242871371,1157000,0,0.04545454545454546,1.0964646464646464,1.0,D-1 estimated accounting; fill-day constraints require ledger audit,momentum,V4_MOMENTUM_full,disabled,2015-01-05,risk_on,0.014754078076557885,0.009892996598376835,0.009504423678468266,0.7424242424242424,0.06831789194829804,0.7727272727272727,0.7954545454545454,,,{},5347.TWO,2015-01-05,2015-01-06
0.025169147398266287,462000,0,0.032575757575757584,0.9156565656565656,1.0,D-1 estimated accounting; fill-day constraints require ledger audit,momentum,V4_MOMENTUM_full,disabled,2015-01-05,risk_on,0.014754078076557885,0.009892996598376835,0.009504423678468266,0.7424242424242424,0.06831789194829804,0.7727272727272727,0.7954545454545454,,,{},5483.TWO,2015-01-05,2015-01-06
0.06258192260530786,4144000,0,0.046969696969696974,1.1015151515151516,1.0,D-1 estimated accounting; fill-day constraints require ledger audit,momentum,V4_MOMENTUM_full,disabled,2015-01-05,risk_on,0.014754078076557885,0.009892996598376835,0.009504423678468266,0.7424242424242424,0.06831789194829804,0.7727272727272727,0.7954545454545454,,,{},6182.TWO,2015-01-05,2015-01-06
0.014781298810143098,68000,0,0.026515151515151516,0.8323232323232324,1.0,D-1 estimated accounting; fill-day constraints require ledger audit,momentum,V4_MOMENTUM_full,disabled,2015-01-05,risk_on,0.014754078076557885,0.009892996598376835,0.009504423678468266,0.7424242424242424,0.06831789194829804,0.7727272727272727,0.7954545454545454,,,{},8299.TWO,2015-01-05,2015-01-06
0.0043577545109376985,15000,0,0.024242424242424246,0.78989898989899,1.0,D-1 estimated accounting; fill-day constraints require ledger audit,momentum,V4_MOMENTUM_full,disabled,2015-01-06,neutral,0.015549313605727783,-0.009823783006795372,-0.008587488839407187,0.36363636363636365,0.06515262838543079,0.4696969696969697,0.5151515151515151,,,{},1590.TW,2015-01-06,2015-01-07
0.04806544440606069,2026000,0,0.006060606060606055,0.6646464646464646,1.0,D-1 estimated accounting; fill-day constraints require ledger audit,momentum,V4_MOMENTUM_full,disabled,2015-01-06,neutral,0.015549313605727783,-0.009823783006795372,-0.008587488839407187,0.36363636363636365,0.06515262838543079,0.4696969696969697,0.5151515151515151,,,{},1802.TW,2015-01-06,2015-01-07
0.02187822792588076,53000,0,0.017424242424242422,0.7479797979797981,1.0,D-1 estimated accounting; fill-day constraints require ledger audit,momentum,V4_MOMENTUM_full,disabled,2015-01-06,neutral,0.015549313605727783,-0.009823783006795372,-0.008587488839407187,0.36363636363636365,0.06515262838543079,0.4696969696969697,0.5151515151515151,,,{},2059.TW,2015-01-06,2015-01-07
0.0,0,-638000,-0.02272727272727273,0.3833333333333334,1.0,D-1 estimated accounting; fill-day constraints require ledger audit,momentum,V4_MOMENTUM_full,disabled,2015-01-06,neutral,0.015549313605727783,-0.009823783006795372,-0.008587488839407187,0.36363636363636365,0.06515262838543079,0.4696969696969697,0.5151515151515151,,,{},2327.TW,2015-01-06,2015-01-07
0.011863607109667253,1674000,0,0.03636363636363637,0.9590909090909091,1.0,D-1 estimated accounting; fill-day constraints require ledger audit,momentum,V4_MOMENTUM_full,disabled,2015-01-06,neutral,0.015549313605727783,-0.009823783006795372,-0.008587488839407187,0.36363636363636365,0.06515262838543079,0.4696969696969697,0.5151515151515151,,,{},2337.TW,2015-01-06,2015-01-07
0.07194754932268074,6546000,0,0.04848484848484849,1.13989898989899,1.0,D-1 estimated accounting; fill-day constraints require ledger audit,momentum,V4_MOMENTUM_full,disabled,2015-01-06,neutral,0.015549313605727783,-0.009823783006795372,-0.008587488839407187,0.36363636363636365,0.06515262838543079,0.4696969696969697,0.5151515151515151,,,{},2344.TW,2015-01-06,2015-01-07
0.06659773474522077,1732000,1732000,0.04924242424242425,1.141919191919192,1.0,D-1 estimated accounting; fill-day constraints require ledger audit,momentum,V4_MOMENTUM_full,disabled,2015-01-06,neutral,0.015549313605727783,-0.009823783006795372,-0.008587488839407187,0.36363636363636365,0.06515262838543079,0.4696969696969697,0.5151515151515151,,,{},2376.TW,2015-01-06,2015-01-07
0.0353877780833373,153000,0,0.028787878787878786,0.8691919191919192,1.0,D-1 estimated accounting; fill-day constraints require ledger audit,momentum,V4_MOMENTUM_full,disabled,2015-01-06,neutral,0.015549313605727783,-0.009823783006795372,-0.008587488839407187,0.36363636363636365,0.06515262838543079,0.4696969696969697,0.5151515151515151,,,{},2395.TW,2015-01-06,2015-01-07
0.08127915026529602,962000,0,0.05,1.1914141414141413,1.0,D-1 estimated accounting; fill-day constraints require ledger audit,momentum,V4_MOMENTUM_full,disabled,2015-01-06,neutral,0.015549313605727783,-0.009823783006795372,-0.008587488839407187,0.36363636363636365,0.06515262838543079,0.4696969696969697,0.5151515151515151,,,{},2408.TW,2015-01-06,2015-01-07
0.01882641959964026,829000,0,0.03787878787878788,0.9797979797979798,1.0,D-1 estimated accounting; fill-day constraints require ledger audit,momentum,V4_MOMENTUM_full,disabled,2015-01-06,neutral,0.015549313605727783,-0.009823783006795372,-0.008587488839407187,0.36363636363636365,0.06515262838543079,0.4696969696969697,0.5151515151515151,,,{},2603.TW,2015-01-06,2015-01-07
0.06821598241008893,4007000,0,0.04318181818181818,1.0838383838383838,1.0,D-1 estimated accounting; fill-day constraints require ledger audit,momentum,V4_MOMENTUM_full,disabled,2015-01-06,neutral,0.015549313605727783,-0.009823783006795372,-0.008587488839407187,0.36363636363636365,0.06515262838543079,0.4696969696969697,0.5151515151515151,,,{},2609.TW,2015-01-06,2015-01-07
0.057960333041734965,2323000,0,0.03484848484848485,0.952020202020202,1.0,D-1 estimated accounting; fill-day constraints require ledger audit,momentum,V4_MOMENTUM_full,disabled,2015-01-06,neutral,0.015549313605727783,-0.009823783006795372,-0.008587488839407187,0.36363636363636365,0.06515262838543079,0.4696969696969697,0.5151515151515151,,,{},3017.TW,2015-01-06,2015-01-07
0.029239127041130363,162000,0,0.04545454545454546,1.101010101010101,1.0,D-1 estimated accounting; fill-day constraints require ledger audit,momentum,V4_MOMENTUM_full,disabled,2015-01-06,neutral,0.015549313605727783,-0.009823783006795372,-0.008587488839407187,0.36363636363636365,0.06515262838543079,0.4696969696969697,0.5151515151515151,,,{},3034.TW,2015-01-06,2015-01-07
0.039276275275677834,378000,0,0.035606060606060606,0.9540404040404041,1.0,D-1 estimated accounting; fill-day constraints require ledger audit,momentum,V4_MOMENTUM_full,disabled,2015-01-06,neutral,0.015549313605727783,-0.009823783006795372,-0.008587488839407187,0.36363636363636365,0.06515262838543079,0.4696969696969697,0.5151515151515151,,,{},3045.TW,2015-01-06,2015-01-07
0.008125103572006418,137000,0,0.03181818181818182,0.8853535353535356,1.0,D-1 estimated accounting; fill-day constraints require ledger audit,momentum,V4_MOMENTUM_full,disabled,2015-01-06,neutral,0.015549313605727783,-0.009823783006795372,-0.008587488839407187,0.36363636363636365,0.06515262838543079,0.4696969696969697,0.5151515151515151,,,{},3260.TWO,2015-01-06,2015-01-07
0.07354892826040978,2147000,0,0.04242424242424242,1.0732323232323233,1.0,D-1 estimated accounting; fill-day constraints require ledger audit,momentum,V4_MOMENTUM_full,disabled,2015-01-06,neutral,0.015549313605727783,-0.009823783006795372,-0.008587488839407187,0.36363636363636365,0.06515262838543079,0.4696969696969697,0.5151515151515151,,,{},3363.TWO,2015-01-06,2015-01-07
0.05547168461516603,1049000,0,0.04772727272727273,1.1388888888888888,1.0,D-1 estimated accounting; fill-day constraints require ledger audit,momentum,V4_MOMENTUM_full,disabled,2015-01-06,neutral,0.015549313605727783,-0.009823783006795372,-0.008587488839407187,0.36363636363636365,0.06515262838543079,0.4696969696969697,0.5151515151515151,,,{},3680.TWO,2015-01-06,2015-01-07
0.041825548885237644,589000,0,0.021969696969696972,0.7823232323232323,1.0,D-1 estimated accounting; fill-day constraints require ledger audit,momentum,V4_MOMENTUM_full,disabled,2015-01-06,neutral,0.015549313605727783,-0.009823783006795372,-0.008587488839407187,0.36363636363636365,0.06515262838543079,0.4696969696969697,0.5151515151515151,,,{},4904.TW,2015-01-06,2015-01-07
0.04842868433045627,771000,0,0.04090909090909091,1.0666666666666667,1.0,D-1 estimated accounting; fill-day constraints require ledger audit,momentum,V4_MOMENTUM_full,disabled,2015-01-06,neutral,0.015549313605727783,-0.009823783006795372,-0.008587488839407187,0.36363636363636365,0.06515262838543079,0.4696969696969697,0.5151515151515151,,,{},4979.TWO,2015-01-06,2015-01-07
0.06047004181855031,1157000,0,0.04015151515151515,1.0459595959595958,1.0,D-1 estimated accounting; fill-day constraints require ledger audit,momentum,V4_MOMENTUM_full,disabled,2015-01-06,neutral,0.015549313605727783,-0.009823783006795372,-0.008587488839407187,0.36363636363636365,0.06515262838543079,0.4696969696969697,0.5151515151515151,,,{},5347.TWO,2015-01-06,2015-01-07
0.024776581952510292,462000,0,0.005303030303030299,0.6287878787878789,1.0,D-1 estimated accounting; fill-day constraints require ledger audit,momentum,V4_MOMENTUM_full,disabled,2015-01-06,neutral,0.015549313605727783,-0.009823783006795372,-0.008587488839407187,0.36363636363636365,0.06515262838543079,0.4696969696969697,0.5151515151515151,,,{},5483.TWO,2015-01-06,2015-01-07
0.06037892513332162,4144000,0,0.019696969696969702,0.7525252525252525,1.0,D-1 estimated accounting; fill-day constraints require ledger audit,momentum,V4_MOMENTUM_full,disabled,2015-01-06,neutral,0.015549313605727783,-0.009823783006795372,-0.008587488839407187,0.36363636363636365,0.06515262838543079,0.4696969696969697,0.5151515151515151,,,{},6182.TWO,2015-01-06,2015-01-07
0.01509163229368553,68000,0,0.02803030303030303,0.834848484848485,1.0,D-1 estimated accounting; fill-day constraints require ledger audit,momentum,V4_MOMENTUM_full,disabled,2015-01-06,neutral,0.015549313605727783,-0.009823783006795372,-0.008587488839407187,0.36363636363636365,0.06515262838543079,0.4696969696969697,0.5151515151515151,,,{},8299.TWO,2015-01-06,2015-01-07
0.004357039812113537,15000,0,0.01515151515151515,0.696969696969697,1.0,D-1 estimated accounting; fill-day constraints require ledger audit,momentum,V4_MOMENTUM_full,disabled,2015-01-07,neutral,0.015606180510089693,-0.016464164600923592,-0.008500166126928554,0.30303030303030304,0.06777426116641415,0.4621212121212121,0.5378787878787878,,,{},1590.TW,2015-01-07,2015-01-08
0.0,0,-2026000,-0.01590909090909091,0.46464646464646464,1.0,D-1 estimated accounting; fill-day constraints require ledger audit,momentum,V4_MOMENTUM_full,disabled,2015-01-07,neutral,0.015606180510089693,-0.016464164600923592,-0.008500166126928554,0.30303030303030304,0.06777426116641415,0.4621212121212121,0.5378787878787878,,,{},1802.TW,2015-01-07,2015-01-08
0.021683236662618517,53000,0,-0.002272727272727271,0.5696969696969696,1.0,D-1 estimated accounting; fill-day constraints require ledger audit,momentum,V4_MOMENTUM_full,disabled,2015-01-07,neutral,0.015606180510089693,-0.016464164600923592,-0.008500166126928554,0.30303030303030304,0.06777426116641415,0.4621212121212121,0.5378787878787878,,,{},2059.TW,2015-01-07,2015-01-08
0.011895894193412226,1674000,0,0.031060606060606056,0.8878787878787879,1.0,D-1 estimated accounting; fill-day constraints require ledger audit,momentum,V4_MOMENTUM_full,disabled,2015-01-07,neutral,0.015606180510089693,-0.016464164600923592,-0.008500166126928554,0.30303030303030304,0.06777426116641415,0.4621212121212121,0.5378787878787878,,,{},2337.TW,2015-01-07,2015-01-08
0.07126657971484188,6546000,0,0.03787878787878788,1.0515151515151515,1.0,D-1 estimated accounting; fill-day constraints require ledger audit,momentum,V4_MOMENTUM_full,disabled,2015-01-07,neutral,0.015606180510089693,-0.016464164600923592,-0.008500166126928554,0.30303030303030304,0.06777426116641415,0.4621212121212121,0.5378787878787878,,,{},2344.TW,2015-01-07,2015-01-08
0.06658681230280353,1732000,0,0.04545454545454546,1.1156565656565656,1.0,D-1 estimated accounting; fill-day constraints require ledger audit,momentum,V4_MOMENTUM_full,disabled,2015-01-07,neutral,0.015606180510089693,-0.016464164600923592,-0.008500166126928554,0.30303030303030304,0.06777426116641415,0.4621212121212121,0.5378787878787878,,,{},2376.TW,2015-01-07,2015-01-08
0.035146617454477856,153000,0,0.02045454545454546,0.7237373737373738,1.0,D-1 estimated accounting; fill-day constraints require ledger audit,momentum,V4_MOMENTUM_full,disabled,2015-01-07,neutral,0.015606180510089693,-0.016464164600923592,-0.008500166126928554,0.30303030303030304,0.06777426116641415,0.4621212121212121,0.5378787878787878,,,{},2395.TW,2015-01-07,2015-01-08
0.07929812458046635,962000,0,0.04621212121212122,1.116161616161616,1.0,D-1 estimated accounting; fill-day constraints require ledger audit,momentum,V4_MOMENTUM_full,disabled,2015-01-07,neutral,0.015606180510089693,-0.016464164600923592,-0.008500166126928554,0.30303030303030304,0.06777426116641415,0.4621212121212121,0.5378787878787878,,,{},2408.TW,2015-01-07,2015-01-08
0.019713624677171884,829000,0,0.046969696969696974,1.1232323232323231,1.0,D-1 estimated accounting; fill-day constraints require ledger audit,momentum,V4_MOMENTUM_full,disabled,2015-01-07,neutral,0.015606180510089693,-0.016464164600923592,-0.008500166126928554,0.30303030303030304,0.06777426116641415,0.4621212121212121,0.5378787878787878,,,{},2603.TW,2015-01-07,2015-01-08
0.07025298659397577,4007000,0,0.04848484848484849,1.1282828282828283,1.0,D-1 estimated accounting; fill-day constraints require ledger audit,momentum,V4_MOMENTUM_full,disabled,2015-01-07,neutral,0.015606180510089693,-0.016464164600923592,-0.008500166126928554,0.30303030303030304,0.06777426116641415,0.4621212121212121,0.5378787878787878,,,{},2609.TW,2015-01-07,2015-01-08
0.052209475329828406,3222000,3222000,0.05,1.162121212121212,1.0,D-1 estimated accounting; fill-day constraints require ledger audit,momentum,V4_MOMENTUM_full,disabled,2015-01-07,neutral,0.015606180510089693,-0.016464164600923592,-0.008500166126928554,0.30303030303030304,0.06777426116641415,0.4621212121212121,0.5378787878787878,,,{},2610.TW,2015-01-07,2015-01-08
0.059613350917651534,2323000,0,0.043939393939393945,1.1055555555555556,1.0,D-1 estimated accounting; fill-day constraints require ledger audit,momentum,V4_MOMENTUM_full,disabled,2015-01-07,neutral,0.015606180510089693,-0.016464164600923592,-0.008500166126928554,0.30303030303030304,0.06777426116641415,0.4621212121212121,0.5378787878787878,,,{},3017.TW,2015-01-07,2015-01-08
0.028985175406978175,162000,0,0.03484848484848485,0.9797979797979798,1.0,D-1 estimated accounting; fill-day constraints require ledger audit,momentum,V4_MOMENTUM_full,disabled,2015-01-07,neutral,0.015606180510089693,-0.016464164600923592,-0.008500166126928554,0.30303030303030304,0.06777426116641415,0.4621212121212121,0.5378787878787878,,,{},3034.TW,2015-01-07,2015-01-08
0.03888293880890085,378000,0,0.026893939393939394,0.8303030303030303,1.0,D-1 estimated accounting; fill-day constraints require ledger audit,momentum,V4_MOMENTUM_full,disabled,2015-01-07,neutral,0.015606180510089693,-0.016464164600923592,-0.008500166126928554,0.30303030303030304,0.06777426116641415,0.4621212121212121,0.5378787878787878,,,{},3045.TW,2015-01-07,2015-01-08
0.008081606103113818,137000,0,0.021212121212121217,0.7469696969696971,1.0,D-1 estimated accounting; fill-day constraints require ledger audit,momentum,V4_MOMENTUM_full,disabled,2015-01-07,neutral,0.015606180510089693,-0.016464164600923592,-0.008500166126928554,0.30303030303030304,0.06777426116641415,0.4621212121212121,0.5378787878787878,,,{},3260.TWO,2015-01-07,2015-01-08
0.07331735274687662,2147000,0,0.0303030303030303,0.8757575757575757,1.0,D-1 estimated accounting; fill-day constraints require ledger audit,momentum,V4_MOMENTUM_full,disabled,2015-01-07,neutral,0.015606180510089693,-0.016464164600923592,-0.008500166126928554,0.30303030303030304,0.06777426116641415,0.4621212121212121,0.5378787878787878,,,{},3363.TWO,2015-01-07,2015-01-08
0.05524803145217069,1049000,0,0.04469696969696971,1.1070707070707073,1.0,D-1 estimated accounting; fill-day constraints require ledger audit,momentum,V4_MOMENTUM_full,disabled,2015-01-07,neutral,0.015606180510089693,-0.016464164600923592,-0.008500166126928554,0.30303030303030304,0.06777426116641415,0.4621212121212121,0.5378787878787878,,,{},3680.TWO,2015-01-07,2015-01-08
0.04224049157625553,589000,0,0.02954545454545454,0.8616161616161616,1.0,D-1 estimated accounting; fill-day constraints require ledger audit,momentum,V4_MOMENTUM_full,disabled,2015-01-07,neutral,0.015606180510089693,-0.016464164600923592,-0.008500166126928554,0.30303030303030304,0.06777426116641415,0.4621212121212121,0.5378787878787878,,,{},4904.TW,2015-01-07,2015-01-08
0.04849960286810651,771000,0,0.035606060606060606,1.0116161616161616,1.0,D-1 estimated accounting; fill-day constraints require ledger audit,momentum,V4_MOMENTUM_full,disabled,2015-01-07,neutral,0.015606180510089693,-0.016464164600923592,-0.008500166126928554,0.30303030303030304,0.06777426116641415,0.4621212121212121,0.5378787878787878,,,{},4979.TWO,2015-01-07,2015-01-08
0.05927695166787639,1157000,0,0.026893939393939394,0.8303030303030303,1.0,D-1 estimated accounting; fill-day constraints require ledger audit,momentum,V4_MOMENTUM_full,disabled,2015-01-07,neutral,0.015606180510089693,-0.016464164600923592,-0.008500166126928554,0.30303030303030304,0.06777426116641415,0.4621212121212121,0.5378787878787878,,,{},5347.TWO,2015-01-07,2015-01-08
0.024725242640530512,462000,0,-0.0015151515151515138,0.5727272727272728,1.0,D-1 estimated accounting; fill-day constraints require ledger audit,momentum,V4_MOMENTUM_full,disabled,2015-01-07,neutral,0.015606180510089693,-0.016464164600923592,-0.008500166126928554,0.30303030303030304,0.06777426116641415,0.4621212121212121,0.5378787878787878,,,{},5483.TWO,2015-01-07,2015-01-08
0.061428128274232496,4144000,0,0.018939393939393947,0.7176767676767677,1.0,D-1 estimated accounting; fill-day constraints require ledger audit,momentum,V4_MOMENTUM_full,disabled,2015-01-07,neutral,0.015606180510089693,-0.016464164600923592,-0.008500166126928554,0.30303030303030304,0.06777426116641415,0.4621212121212121,0.5378787878787878,,,{},6182.TWO,2015-01-07,2015-01-08
0.01526420539924726,68000,0,0.034090909090909095,0.9666666666666667,1.0,D-1 estimated accounting; fill-day constraints require ledger audit,momentum,V4_MOMENTUM_full,disabled,2015-01-07,neutral,0.015606180510089693,-0.016464164600923592,-0.008500166126928554,0.30303030303030304,0.06777426116641415,0.4621212121212121,0.5378787878787878,,,{},8299.TWO,2015-01-07,2015-01-08
0.00430918875413231,15000,0,0.013636363636363636,0.6964646464646465,1.0,D-1 estimated accounting; fill-day constraints require ledger audit,momentum,V4_MOMENTUM_full,disabled,2015-01-08,risk_on,0.015343662797591652,-0.0016835767874679441,0.009772366201771576,0.4621212121212121,0.0697640227777357,0.7196969696969697,0.7121212121212122,,,{},1590.TW,2015-01-08,2015-01-09
0.02171553119904998,53000,0,0.0030303030303030277,0.5828282828282829,1.0,D-1 estimated accounting; fill-day constraints require ledger audit,momentum,V4_MOMENTUM_full,disabled,2015-01-08,risk_on,0.015343662797591652,-0.0016835767874679441,0.009772366201771576,0.4621212121212121,0.0697640227777357,0.7196969696969697,0.7121212121212122,,,{},2059.TW,2015-01-08,2015-01-09
0.011680605823972413,1674000,0,0.019696969696969702,0.7550505050505051,1.0,D-1 estimated accounting; fill-day constraints require ledger audit,momentum,V4_MOMENTUM_full,disabled,2015-01-08,risk_on,0.015343662797591652,-0.0016835767874679441,0.009772366201771576,0.4621212121212121,0.0697640227777357,0.7196969696969697,0.7121212121212122,,,{},2337.TW,2015-01-08,2015-01-09
0.07213844822294571,6546000,0,0.03181818181818182,0.9545454545454546,1.0,D-1 estimated accounting; fill-day constraints require ledger audit,momentum,V4_MOMENTUM_full,disabled,2015-01-08,risk_on,0.015343662797591652,-0.0016835767874679441,0.009772366201771576,0.4621212121212121,0.0697640227777357,0.7196969696969697,0.7121212121212122,,,{},2344.TW,2015-01-08,2015-01-09
0.06690641068190203,1732000,0,0.0465909090909091,1.1111111111111112,1.0,D-1 estimated accounting; fill-day constraints require ledger audit,momentum,V4_MOMENTUM_full,disabled,2015-01-08,risk_on,0.015343662797591652,-0.0016835767874679441,0.009772366201771576,0.4621212121212121,0.0697640227777357,0.7196969696969697,0.7121212121212122,,,{},2376.TW,2015-01-08,2015-01-09
0.035691708848009665,153000,0,0.005303030303030299,0.6095959595959596,1.0,D-1 estimated accounting; fill-day constraints require ledger audit,momentum,V4_MOMENTUM_full,disabled,2015-01-08,risk_on,0.015343662797591652,-0.0016835767874679441,0.009772366201771576,0.4621212121212121,0.0697640227777357,0.7196969696969697,0.7121212121212122,,,{},2395.TW,2015-01-08,2015-01-09
0.07959488647148903,962000,0,0.03636363636363637,1.036868686868687,1.0,D-1 estimated accounting; fill-day constraints require ledger audit,momentum,V4_MOMENTUM_full,disabled,2015-01-08,risk_on,0.015343662797591652,-0.0016835767874679441,0.009772366201771576,0.4621212121212121,0.0697640227777357,0.7196969696969697,0.7121212121212122,,,{},2408.TW,2015-01-08,2015-01-09
0.019119756769830548,829000,0,0.03901515151515152,1.0510101010101012,1.0,D-1 estimated accounting; fill-day constraints require ledger audit,momentum,V4_MOMENTUM_full,disabled,2015-01-08,risk_on,0.015343662797591652,-0.0016835767874679441,0.009772366201771576,0.4621212121212121,0.0697640227777357,0.7196969696969697,0.7121212121212122,,,{},2603.TW,2015-01-08,2015-01-09
0.06806344681776232,4007000,0,0.0303030303030303,0.9303030303030304,1.0,D-1 estimated accounting; fill-day constraints require ledger audit,momentum,V4_MOMENTUM_full,disabled,2015-01-08,risk_on,0.015343662797591652,-0.0016835767874679441,0.009772366201771576,0.4621212121212121,0.0697640227777357,0.7196969696969697,0.7121212121212122,,,{},2609.TW,2015-01-08,2015-01-09
0.051636086345814236,3222000,0,0.04772727272727273,1.128787878787879,1.0,D-1 estimated accounting; fill-day constraints require ledger audit,momentum,V4_MOMENTUM_full,disabled,2015-01-08,risk_on,0.015343662797591652,-0.0016835767874679441,0.009772366201771576,0.4621212121212121,0.0697640227777357,0.7196969696969697,0.7121212121212122,,,{},2610.TW,2015-01-08,2015-01-09
0.047742955452506126,1473000,1473000,0.05,1.1696969696969697,1.0,D-1 estimated accounting; fill-day constraints require ledger audit,momentum,V4_MOMENTUM_full,disabled,2015-01-08,risk_on,0.015343662797591652,-0.0016835767874679441,0.009772366201771576,0.4621212121212121,0.0697640227777357,0.7196969696969697,0.7121212121212122,,,{},2615.TW,2015-01-08,2015-01-09
0.05860630656941917,2323000,0,0.03787878787878788,1.0454545454545454,1.0,D-1 estimated accounting; fill-day constraints require ledger audit,momentum,V4_MOMENTUM_full,disabled,2015-01-08,risk_on,0.015343662797591652,-0.0016835767874679441,0.009772366201771576,0.4621212121212121,0.0697640227777357,0.7196969696969697,0.7121212121212122,,,{},3017.TW,2015-01-08,2015-01-09
0.029488246210462594,162000,0,0.02954545454545454,0.9146464646464647,1.0,D-1 estimated accounting; fill-day constraints require ledger audit,momentum,V4_MOMENTUM_full,disabled,2015-01-08,risk_on,0.015343662797591652,-0.0016835767874679441,0.009772366201771576,0.4621212121212121,0.0697640227777357,0.7196969696969697,0.7121212121212122,,,{},3034.TW,2015-01-08,2015-01-09
0.03998649151657097,378000,0,0.026515151515151516,0.8646464646464647,1.0,D-1 estimated accounting; fill-day constraints require ledger audit,momentum,V4_MOMENTUM_full,disabled,2015-01-08,risk_on,0.015343662797591652,-0.0016835767874679441,0.009772366201771576,0.4621212121212121,0.0697640227777357,0.7196969696969697,0.7121212121212122,,,{},3045.TW,2015-01-08,2015-01-09
0.007992850108471219,137000,0,0.016666666666666663,0.7126262626262625,1.0,D-1 estimated accounting; fill-day constraints require ledger audit,momentum,V4_MOMENTUM_full,disabled,2015-01-08,risk_on,0.015343662797591652,-0.0016835767874679441,0.009772366201771576,0.4621212121212121,0.0697640227777357,0.7196969696969697,0.7121212121212122,,,{},3260.TWO,2015-01-08,2015-01-09
0.07196939154507831,2147000,0,0.01515151515151515,0.7025252525252526,1.0,D-1 estimated accounting; fill-day constraints require ledger audit,momentum,V4_MOMENTUM_full,disabled,2015-01-08,risk_on,0.015343662797591652,-0.0016835767874679441,0.009772366201771576,0.4621212121212121,0.0697640227777357,0.7196969696969697,0.7121212121212122,,,{},3363.TWO,2015-01-08,2015-01-09
0.05464127161742774,1049000,0,0.03901515151515152,1.0510101010101012,1.0,D-1 estimated accounting; fill-day constraints require ledger audit,momentum,V4_MOMENTUM_full,disabled,2015-01-08,risk_on,0.015343662797591652,-0.0016835767874679441,0.009772366201771576,0.4621212121212121,0.0697640227777357,0.7196969696969697,0.7121212121212122,,,{},3680.TWO,2015-01-08,2015-01-09
0.04320688348754774,589000,0,0.03333333333333334,0.9631313131313131,1.0,D-1 estimated accounting; fill-day constraints require ledger audit,momentum,V4_MOMENTUM_full,disabled,2015-01-08,risk_on,0.015343662797591652,-0.0016835767874679441,0.009772366201771576,0.4621212121212121,0.0697640227777357,0.7196969696969697,0.7121212121212122,,,{},4904.TW,2015-01-08,2015-01-09
0.048746907973798784,771000,0,0.035606060606060606,0.996969696969697,1.0,D-1 estimated accounting; fill-day constraints require ledger audit,momentum,V4_MOMENTUM_full,disabled,2015-01-08,risk_on,0.015343662797591652,-0.0016835767874679441,0.009772366201771576,0.4621212121212121,0.0697640227777357,0.7196969696969697,0.7121212121212122,,,{},4979.TWO,2015-01-08,2015-01-09
0.06272156919269836,1157000,0,0.034090909090909095,0.9727272727272729,1.0,D-1 estimated accounting; fill-day constraints require ledger audit,momentum,V4_MOMENTUM_full,disabled,2015-01-08,risk_on,0.015343662797591652,-0.0016835767874679441,0.009772366201771576,0.4621212121212121,0.0697640227777357,0.7196969696969697,0.7121212121212122,,,{},5347.TWO,2015-01-08,2015-01-09
0.0,0,-462000,-0.02121212121212121,0.4343434343434343,1.0,D-1 estimated accounting; fill-day constraints require ledger audit,momentum,V4_MOMENTUM_full,disabled,2015-01-08,risk_on,0.015343662797591652,-0.0016835767874679441,0.009772366201771576,0.4621212121212121,0.0697640227777357,0.7196969696969697,0.7121212121212122,,,{},5483.TWO,2015-01-08,2015-01-09
0.060334506087418076,4144000,0,0.00757575757575758,0.6282828282828283,1.0,D-1 estimated accounting; fill-day constraints require ledger audit,momentum,V4_MOMENTUM_full,disabled,2015-01-08,risk_on,0.015343662797591652,-0.0016835767874679441,0.009772366201771576,0.4621212121212121,0.0697640227777357,0.7196969696969697,0.7121212121212122,,,{},6182.TWO,2015-01-08,2015-01-09
0.015615944020620118,68000,0,0.04469696969696971,1.1095959595959595,1.0,D-1 estimated accounting; fill-day constraints require ledger audit,momentum,V4_MOMENTUM_full,disabled,2015-01-08,risk_on,0.015343662797591652,-0.0016835767874679441,0.009772366201771576,0.4621212121212121,0.0697640227777357,0.7196969696969697,0.7121212121212122,,,{},8299.TWO,2015-01-08,2015-01-09
0.0,0,-15000,-0.021969696969696972,0.4121212121212121,1.0,D-1 estimated accounting; fill-day constraints require ledger audit,momentum,V4_MOMENTUM_full,disabled,2015-01-09,risk_on,0.015382179553542145,-0.004985063234731357,0.02078816681349005,0.44696969696969696,0.07848819267237822,0.7121212121212122,0.7045454545454546,,,{},1590.TW,2015-01-09,2015-01-12
0.022644639342185528,53000,0,0.024242424242424246,0.856060606060606,1.0,D-1 estimated accounting; fill-day constraints require ledger audit,momentum,V4_MOMENTUM_full,disabled,2015-01-09,risk_on,0.015382179553542145,-0.004985063234731357,0.02078816681349005,0.44696969696969696,0.07848819267237822,0.7121212121212122,0.7045454545454546,,,{},2059.TW,2015-01-09,2015-01-12
0.011590146580750966,1674000,0,0.00757575757575758,0.6176767676767675,1.0,D-1 estimated accounting; fill-day constraints require ledger audit,momentum,V4_MOMENTUM_full,disabled,2015-01-09,risk_on,0.015382179553542145,-0.004985063234731357,0.02078816681349005,0.44696969696969696,0.07848819267237822,0.7121212121212122,0.7045454545454546,,,{},2337.TW,2015-01-09,2015-01-12
0.07133662993100685,6546000,0,0.02803030303030303,0.9055555555555556,1.0,D-1 estimated accounting; fill-day constraints require ledger audit,momentum,V4_MOMENTUM_full,disabled,2015-01-09,risk_on,0.015382179553542145,-0.004985063234731357,0.02078816681349005,0.44696969696969696,0.07848819267237822,0.7121212121212122,0.7045454545454546,,,{},2344.TW,2015-01-09,2015-01-12
0.0652895252075152,1732000,0,0.0303030303030303,0.9196969696969697,1.0,D-1 estimated accounting; fill-day constraints require ledger audit,momentum,V4_MOMENTUM_full,disabled,2015-01-09,risk_on,0.015382179553542145,-0.004985063234731357,0.02078816681349005,0.44696969696969696,0.07848819267237822,0.7121212121212122,0.7045454545454546,,,{},2376.TW,2015-01-09,2015-01-12
0.03546692390080913,153000,0,0.006818181818181824,0.6136363636363635,1.0,D-1 estimated accounting; fill-day constraints require ledger audit,momentum,V4_MOMENTUM_full,disabled,2015-01-09,risk_on,0.015382179553542145,-0.004985063234731357,0.02078816681349005,0.44696969696969696,0.07848819267237822,0.7121212121212122,0.7045454545454546,,,{},2395.TW,2015-01-09,2015-01-12
0.07866207856327133,962000,0,0.034090909090909095,0.9840909090909091,1.0,D-1 estimated accounting; fill-day constraints require ledger audit,momentum,V4_MOMENTUM_full,disabled,2015-01-09,risk_on,0.015382179553542145,-0.004985063234731357,0.02078816681349005,0.44696969696969696,0.07848819267237822,0.7121212121212122,0.7045454545454546,,,{},2408.TW,2015-01-09,2015-01-12
0.020379570024004968,829000,0,0.04242424242424242,1.0999999999999999,1.0,D-1 estimated accounting; fill-day constraints require ledger audit,momentum,V4_MOMENTUM_full,disabled,2015-01-09,risk_on,0.015382179553542145,-0.004985063234731357,0.02078816681349005,0.44696969696969696,0.07848819267237822,0.7121212121212122,0.7045454545454546,,,{},2603.TW,2015-01-09,2015-01-12
0.06934534550964391,4007000,0,0.03484848484848485,0.9858585858585858,1.0,D-1 estimated accounting; fill-day constraints require ledger audit,momentum,V4_MOMENTUM_full,disabled,2015-01-09,risk_on,0.015382179553542145,-0.004985063234731357,0.02078816681349005,0.44696969696969696,0.07848819267237822,0.7121212121212122,0.7045454545454546,,,{},2609.TW,2015-01-09,2015-01-12
0.052022661801792776,3222000,0,0.04318181818181818,1.1040404040404042,1.0,D-1 estimated accounting; fill-day constraints require ledger audit,momentum,V4_MOMENTUM_full,disabled,2015-01-09,risk_on,0.015382179553542145,-0.004985063234731357,0.02078816681349005,0.44696969696969696,0.07848819267237822,0.7121212121212122,0.7045454545454546,,,{},2610.TW,2015-01-09,2015-01-12
0.047649443733250196,1473000,0,0.05,1.1823232323232324,1.0,D-1 estimated accounting; fill-day constraints require ledger audit,momentum,V4_MOMENTUM_full,disabled,2015-01-09,risk_on,0.015382179553542145,-0.004985063234731357,0.02078816681349005,0.44696969696969696,0.07848819267237822,0.7121212121212122,0.7045454545454546,,,{},2615.TW,2015-01-09,2015-01-12
0.05919482217001075,2323000,0,0.037500000000000006,1.038888888888889,1.0,D-1 estimated accounting; fill-day constraints require ledger audit,momentum,V4_MOMENTUM_full,disabled,2015-01-09,risk_on,0.015382179553542145,-0.004985063234731357,0.02078816681349005,0.44696969696969696,0.07848819267237822,0.7121212121212122,0.7045454545454546,,,{},3017.TW,2015-01-09,2015-01-12
0.02984038446059002,162000,0,0.035606060606060606,0.9893939393939393,1.0,D-1 estimated accounting; fill-day constraints require ledger audit,momentum,V4_MOMENTUM_full,disabled,2015-01-09,risk_on,0.015382179553542145,-0.004985063234731357,0.02078816681349005,0.44696969696969696,0.07848819267237822,0.7121212121212122,0.7045454545454546,,,{},3034.TW,2015-01-09,2015-01-12
0.040290068374781586,378000,0,0.021212121212121217,0.8313131313131313,1.0,D-1 estimated accounting; fill-day constraints require ledger audit,momentum,V4_MOMENTUM_full,disabled,2015-01-09,risk_on,0.015382179553542145,-0.004985063234731357,0.02078816681349005,0.44696969696969696,0.07848819267237822,0.7121212121212122,0.7045454545454546,,,{},3045.TW,2015-01-09,2015-01-12
0.026121485557649895,751000,751000,0.04924242424242425,1.1722222222222223,1.0,D-1 estimated accounting; fill-day constraints require ledger audit,momentum,V4_MOMENTUM_full,disabled,2015-01-09,risk_on,0.015382179553542145,-0.004985063234731357,0.02078816681349005,0.44696969696969696,0.07848819267237822,0.7121212121212122,0.7045454545454546,,,{},3105.TWO,2015-01-09,2015-01-12
0.008046561828341688,137000,0,0.01515151515151515,0.6934343434343434,1.0,D-1 estimated accounting; fill-day constraints require ledger audit,momentum,V4_MOMENTUM_full,disabled,2015-01-09,risk_on,0.015382179553542145,-0.004985063234731357,0.02078816681349005,0.44696969696969696,0.07848819267237822,0.7121212121212122,0.7045454545454546,,,{},3260.TWO,2015-01-09,2015-01-12
0.07128673620280478,2147000,0,0.0007575757575757569,0.5772727272727274,1.0,D-1 estimated accounting; fill-day constraints require ledger audit,momentum,V4_MOMENTUM_full,disabled,2015-01-09,risk_on,0.015382179553542145,-0.004985063234731357,0.02078816681349005,0.44696969696969696,0.07848819267237822,0.7121212121212122,0.7045454545454546,,,{},3363.TWO,2015-01-09,2015-01-12
0.055487274216358254,1049000,0,0.04469696969696971,1.105050505050505,1.0,D-1 estimated accounting; fill-day constraints require ledger audit,momentum,V4_MOMENTUM_full,disabled,2015-01-09,risk_on,0.015382179553542145,-0.004985063234731357,0.02078816681349005,0.44696969696969696,0.07848819267237822,0.7121212121212122,0.7045454545454546,,,{},3680.TWO,2015-01-09,2015-01-12
0.043479130189306915,589000,0,0.025757575757575757,0.8712121212121215,1.0,D-1 estimated accounting; fill-day constraints require ledger audit,momentum,V4_MOMENTUM_full,disabled,2015-01-09,risk_on,0.015382179553542145,-0.004985063234731357,0.02078816681349005,0.44696969696969696,0.07848819267237822,0.7121212121212122,0.7045454545454546,,,{},4904.TW,2015-01-09,2015-01-12
0.04732811097108328,771000,0,0.025,0.8560606060606061,1.0,D-1 estimated accounting; fill-day constraints require ledger audit,momentum,V4_MOMENTUM_full,disabled,2015-01-09,risk_on,0.015382179553542145,-0.004985063234731357,0.02078816681349005,0.44696969696969696,0.07848819267237822,0.7121212121212122,0.7045454545454546,,,{},4979.TWO,2015-01-09,2015-01-12
0.061781199026026475,1157000,0,0.02954545454545454,0.9146464646464646,1.0,D-1 estimated accounting; fill-day constraints require ledger audit,momentum,V4_MOMENTUM_full,disabled,2015-01-09,risk_on,0.015382179553542145,-0.004985063234731357,0.02078816681349005,0.44696969696969696,0.07848819267237822,0.7121212121212122,0.7045454545454546,,,{},5347.TWO,2015-01-09,2015-01-12
0.0612617543622928,4144000,0,0.009090909090909094,0.643939393939394,1.0,D-1 estimated accounting; fill-day constraints require ledger audit,momentum,V4_MOMENTUM_full,disabled,2015-01-09,risk_on,0.015382179553542145,-0.004985063234731357,0.02078816681349005,0.44696969696969696,0.07848819267237822,0.7121212121212122,0.7045454545454546,,,{},6182.TWO,2015-01-09,2015-01-12
0.015654472527545878,68000,0,0.041666666666666664,1.0828282828282827,1.0,D-1 estimated accounting; fill-day constraints require ledger audit,momentum,V4_MOMENTUM_full,disabled,2015-01-09,risk_on,0.015382179553542145,-0.004985063234731357,0.02078816681349005,0.44696969696969696,0.07848819267237822,0.7121212121212122,0.7045454545454546,,,{},8299.TWO,2015-01-09,2015-01-12
0.02299856501513799,53000,0,0.026515151515151516,0.8878787878787879,1.0,D-1 estimated accounting; fill-day constraints require ledger audit,momentum,V4_MOMENTUM_full,disabled,2015-01-12,neutral,0.015621173954805981,-0.006298762889486886,0.015999489482119156,0.4166666666666667,0.07779522177131047,0.5984848484848485,0.6212121212121212,,,{},2059.TW,2015-01-12,2015-01-13
0.0,0,-1674000,-0.023484848484848487,0.4025252525252525,1.0,D-1 estimated accounting; fill-day constraints require ledger audit,momentum,V4_MOMENTUM_full,disabled,2015-01-12,neutral,0.015621173954805981,-0.006298762889486886,0.015999489482119156,0.4166666666666667,0.07779522177131047,0.5984848484848485,0.6212121212121212,,,{},2337.TW,2015-01-12,2015-01-13
0.0707705095513599,6546000,0,0.009848484848484851,0.6237373737373738,1.0,D-1 estimated accounting; fill-day constraints require ledger audit,momentum,V4_MOMENTUM_full,disabled,2015-01-12,neutral,0.015621173954805981,-0.006298762889486886,0.015999489482119156,0.4166666666666667,0.07779522177131047,0.5984848484848485,0.6212121212121212,,,{},2344.TW,2015-01-12,2015-01-13
0.06594745703151293,1732000,0,0.02803030303030303,0.901010101010101,1.0,D-1 estimated accounting; fill-day constraints require ledger audit,momentum,V4_MOMENTUM_full,disabled,2015-01-12,neutral,0.015621173954805981,-0.006298762889486886,0.015999489482119156,0.4166666666666667,0.07779522177131047,0.5984848484848485,0.6212121212121212,,,{},2376.TW,2015-01-12,2015-01-13
0.03583684418274269,153000,0,0.008333333333333337,0.6095959595959597,1.0,D-1 estimated accounting; fill-day constraints require ledger audit,momentum,V4_MOMENTUM_full,disabled,2015-01-12,neutral,0.015621173954805981,-0.006298762889486886,0.015999489482119156,0.4166666666666667,0.07779522177131047,0.5984848484848485,0.6212121212121212,,,{},2395.TW,2015-01-12,2015-01-13
0.07698754983826989,962000,0,0.015909090909090907,0.7212121212121212,1.0,D-1 estimated accounting; fill-day constraints require ledger audit,momentum,V4_MOMENTUM_full,disabled,2015-01-12,neutral,0.015621173954805981,-0.006298762889486886,0.015999489482119156,0.4166666666666667,0.07779522177131047,0.5984848484848485,0.6212121212121212,,,{},2408.TW,2015-01-12,2015-01-13
0.02029209914218949,829000,0,0.04318181818181818,1.0863636363636364,1.0,D-1 estimated accounting; fill-day constraints require ledger audit,momentum,V4_MOMENTUM_full,disabled,2015-01-12,neutral,0.015621173954805981,-0.006298762889486886,0.015999489482119156,0.4166666666666667,0.07779522177131047,0.5984848484848485,0.6212121212121212,,,{},2603.TW,2015-01-12,2015-01-13
0.06915379130604171,4007000,0,0.03181818181818182,0.9368686868686869,1.0,D-1 estimated accounting; fill-day constraints require ledger audit,momentum,V4_MOMENTUM_full,disabled,2015-01-12,neutral,0.015621173954805981,-0.006298762889486886,0.015999489482119156,0.4166666666666667,0.07779522177131047,0.5984848484848485,0.6212121212121212,,,{},2609.TW,2015-01-12,2015-01-13
0.05168250502723227,3222000,0,0.038636363636363635,1.0525252525252526,1.0,D-1 estimated accounting; fill-day constraints require ledger audit,momentum,V4_MOMENTUM_full,disabled,2015-01-12,neutral,0.015621173954805981,-0.006298762889486886,0.015999489482119156,0.4166666666666667,0.07779522177131047,0.5984848484848485,0.6212121212121212,,,{},2610.TW,2015-01-12,2015-01-13
0.047114462029543905,1473000,0,0.04848484848484849,1.1616161616161615,1.0,D-1 estimated accounting; fill-day constraints require ledger audit,momentum,V4_MOMENTUM_full,disabled,2015-01-12,neutral,0.015621173954805981,-0.006298762889486886,0.015999489482119156,0.4166666666666667,0.07779522177131047,0.5984848484848485,0.6212121212121212,,,{},2615.TW,2015-01-12,2015-01-13
0.059080471090157086,2323000,0,0.035606060606060606,1.0323232323232323,1.0,D-1 estimated accounting; fill-day constraints require ledger audit,momentum,V4_MOMENTUM_full,disabled,2015-01-12,neutral,0.015621173954805981,-0.006298762889486886,0.015999489482119156,0.4166666666666667,0.07779522177131047,0.5984848484848485,0.6212121212121212,,,{},3017.TW,2015-01-12,2015-01-13
0.02960815603329205,162000,0,0.025,0.8661616161616161,1.0,D-1 estimated accounting; fill-day constraints require ledger audit,momentum,V4_MOMENTUM_full,disabled,2015-01-12,neutral,0.015621173954805981,-0.006298762889486886,0.015999489482119156,0.4166666666666667,0.07779522177131047,0.5984848484848485,0.6212121212121212,,,{},3034.TW,2015-01-12,2015-01-13
0.041493797380035564,378000,0,0.03333333333333334,0.9601010101010101,1.0,D-1 estimated accounting; fill-day constraints require ledger audit,momentum,V4_MOMENTUM_full,disabled,2015-01-12,neutral,0.015621173954805981,-0.006298762889486886,0.015999489482119156,0.4166666666666667,0.07779522177131047,0.5984848484848485,0.6212121212121212,,,{},3045.TW,2015-01-12,2015-01-13
0.026393599738146357,751000,0,0.05,1.1888888888888889,1.0,D-1 estimated accounting; fill-day constraints require ledger audit,momentum,V4_MOMENTUM_full,disabled,2015-01-12,neutral,0.015621173954805981,-0.006298762889486886,0.015999489482119156,0.4166666666666667,0.07779522177131047,0.5984848484848485,0.6212121212121212,,,{},3105.TWO,2015-01-12,2015-01-13
0.005823931270315427,67000,67000,0.04924242424242425,1.1762626262626261,1.0,D-1 estimated accounting; fill-day constraints require ledger audit,momentum,V4_MOMENTUM_full,disabled,2015-01-12,neutral,0.015621173954805981,-0.006298762889486886,0.015999489482119156,0.4166666666666667,0.07779522177131047,0.5984848484848485,0.6212121212121212,,,{},3227.TWO,2015-01-12,2015-01-13
0.008025351913887816,137000,0,0.00757575757575758,0.6035353535353535,1.0,D-1 estimated accounting; fill-day constraints require ledger audit,momentum,V4_MOMENTUM_full,disabled,2015-01-12,neutral,0.015621173954805981,-0.006298762889486886,0.015999489482119156,0.4166666666666667,0.07779522177131047,0.5984848484848485,0.6212121212121212,,,{},3260.TWO,2015-01-12,2015-01-13
0.07171708236318576,2147000,0,0.009090909090909094,0.6136363636363636,1.0,D-1 estimated accounting; fill-day constraints require ledger audit,momentum,V4_MOMENTUM_full,disabled,2015-01-12,neutral,0.015621173954805981,-0.006298762889486886,0.015999489482119156,0.4166666666666667,0.07779522177131047,0.5984848484848485,0.6212121212121212,,,{},3363.TWO,2015-01-12,2015-01-13
0.056035303645683966,1049000,0,0.041666666666666664,1.0712121212121213,1.0,D-1 estimated accounting; fill-day constraints require ledger audit,momentum,V4_MOMENTUM_full,disabled,2015-01-12,neutral,0.015621173954805981,-0.006298762889486886,0.015999489482119156,0.4166666666666667,0.07779522177131047,0.5984848484848485,0.6212121212121212,,,{},3680.TWO,2015-01-12,2015-01-13
0.04583593782361347,589000,0,0.043939393939393945,1.0898989898989897,1.0,D-1 estimated accounting; fill-day constraints require ledger audit,momentum,V4_MOMENTUM_full,disabled,2015-01-12,neutral,0.015621173954805981,-0.006298762889486886,0.015999489482119156,0.4166666666666667,0.07779522177131047,0.5984848484848485,0.6212121212121212,,,{},4904.TW,2015-01-12,2015-01-13
0.047457198481556453,771000,0,0.012121212121212123,0.6469696969696969,1.0,D-1 estimated accounting; fill-day constraints require ledger audit,momentum,V4_MOMENTUM_full,disabled,2015-01-12,neutral,0.015621173954805981,-0.006298762889486886,0.015999489482119156,0.4166666666666667,0.07779522177131047,0.5984848484848485,0.6212121212121212,,,{},4979.TWO,2015-01-12,2015-01-13
0.06062674387488096,1157000,0,0.014393939393939393,0.691919191919192,1.0,D-1 estimated accounting; fill-day constraints require ledger audit,momentum,V4_MOMENTUM_full,disabled,2015-01-12,neutral,0.015621173954805981,-0.006298762889486886,0.015999489482119156,0.4166666666666667,0.07779522177131047,0.5984848484848485,0.6212121212121212,,,{},5347.TWO,2015-01-12,2015-01-13
0.06015915451720414,4144000,0,0.004545454545454542,0.5828282828282829,1.0,D-1 estimated accounting; fill-day constraints require ledger audit,momentum,V4_MOMENTUM_full,disabled,2015-01-12,neutral,0.015621173954805981,-0.006298762889486886,0.015999489482119156,0.4166666666666667,0.07779522177131047,0.5984848484848485,0.6212121212121212,,,{},6182.TWO,2015-01-12,2015-01-13
0.015853273826542284,68000,0,0.04545454545454546,1.1247474747474746,1.0,D-1 estimated accounting; fill-day constraints require ledger audit,momentum,V4_MOMENTUM_full,disabled,2015-01-12,neutral,0.015621173954805981,-0.006298762889486886,0.015999489482119156,0.4166666666666667,0.07779522177131047,0.5984848484848485,0.6212121212121212,,,{},8299.TWO,2015-01-12,2015-01-13
0.02383619265881037,53000,0,0.037500000000000006,1.0308080808080808,1.0,D-1 estimated accounting; fill-day constraints require ledger audit,momentum,V4_MOMENTUM_full,disabled,2015-01-13,risk_on,0.015925036663329128,0.019009100066756823,0.02381782589903947,0.7272727272727273,0.07628347219169365,0.6818181818181818,0.7196969696969697,,,{},2059.TW,2015-01-13,2015-01-14
0.0689402636578327,6546000,0,0.0,0.5601010101010101,1.0,D-1 estimated accounting; fill-day constraints require ledger audit,momentum,V4_MOMENTUM_full,disabled,2015-01-13,risk_on,0.015925036663329128,0.019009100066756823,0.02381782589903947,0.7272727272727273,0.07628347219169365,0.6818181818181818,0.7196969696969697,,,{},2344.TW,2015-01-13,2015-01-14
0.06640022570626901,1732000,0,0.016666666666666663,0.7515151515151515,1.0,D-1 estimated accounting; fill-day constraints require ledger audit,momentum,V4_MOMENTUM_full,disabled,2015-01-13,risk_on,0.015925036663329128,0.019009100066756823,0.02381782589903947,0.7272727272727273,0.07628347219169365,0.6818181818181818,0.7196969696969697,,,{},2376.TW,2015-01-13,2015-01-14
0.036215520328746066,153000,0,0.023484848484848487,0.8393939393939394,1.0,D-1 estimated accounting; fill-day constraints require ledger audit,momentum,V4_MOMENTUM_full,disabled,2015-01-13,risk_on,0.015925036663329128,0.019009100066756823,0.02381782589903947,0.7272727272727273,0.07628347219169365,0.6818181818181818,0.7196969696969697,,,{},2395.TW,2015-01-13,2015-01-14
0.07426533390309259,962000,0,-0.0060606060606060615,0.5196969696969698,1.0,D-1 estimated accounting; fill-day constraints require ledger audit,momentum,V4_MOMENTUM_full,disabled,2015-01-13,risk_on,0.015925036663329128,0.019009100066756823,0.02381782589903947,0.7272727272727273,0.07628347219169365,0.6818181818181818,0.7196969696969697,,,{},2408.TW,2015-01-13,2015-01-14
0.02057846152747827,829000,0,0.04621212121212122,1.105050505050505,1.0,D-1 estimated accounting; fill-day constraints require ledger audit,momentum,V4_MOMENTUM_full,disabled,2015-01-13,risk_on,0.015925036663329128,0.019009100066756823,0.02381782589903947,0.7272727272727273,0.07628347219169365,0.6818181818181818,0.7196969696969697,,,{},2603.TW,2015-01-13,2015-01-14
0.06918761225433784,4007000,0,0.031060606060606056,0.9156565656565656,1.0,D-1 estimated accounting; fill-day constraints require ledger audit,momentum,V4_MOMENTUM_full,disabled,2015-01-13,risk_on,0.015925036663329128,0.019009100066756823,0.02381782589903947,0.7272727272727273,0.07628347219169365,0.6818181818181818,0.7196969696969697,,,{},2609.TW,2015-01-13,2015-01-14
0.05318766919036396,3222000,0,0.04469696969696971,1.0868686868686868,1.0,D-1 estimated accounting; fill-day constraints require ledger audit,momentum,V4_MOMENTUM_full,disabled,2015-01-13,risk_on,0.015925036663329128,0.019009100066756823,0.02381782589903947,0.7272727272727273,0.07628347219169365,0.6818181818181818,0.7196969696969697,,,{},2610.TW,2015-01-13,2015-01-14
0.048416709417819344,1473000,0,0.05,1.1924242424242422,1.0,D-1 estimated accounting; fill-day constraints require ledger audit,momentum,V4_MOMENTUM_full,disabled,2015-01-13,risk_on,0.015925036663329128,0.019009100066756823,0.02381782589903947,0.7272727272727273,0.07628347219169365,0.6818181818181818,0.7196969696969697,,,{},2615.TW,2015-01-13,2015-01-14
0.058112566821402874,2323000,0,0.02272727272727273,0.8257575757575758,1.0,D-1 estimated accounting; fill-day constraints require ledger audit,momentum,V4_MOMENTUM_full,disabled,2015-01-13,risk_on,0.015925036663329128,0.019009100066756823,0.02381782589903947,0.7272727272727273,0.07628347219169365,0.6818181818181818,0.7196969696969697,,,{},3017.TW,2015-01-13,2015-01-14
0.029618038881486973,162000,0,0.021212121212121217,0.8065656565656565,1.0,D-1 estimated accounting; fill-day constraints require ledger audit,momentum,V4_MOMENTUM_full,disabled,2015-01-13,risk_on,0.015925036663329128,0.019009100066756823,0.02381782589903947,0.7272727272727273,0.07628347219169365,0.6818181818181818,0.7196969696969697,,,{},3034.TW,2015-01-13,2015-01-14
0.04235050470731732,378000,0,0.04318181818181818,1.0555555555555556,1.0,D-1 estimated accounting; fill-day constraints require ledger audit,momentum,V4_MOMENTUM_full,disabled,2015-01-13,risk_on,0.015925036663329128,0.019009100066756823,0.02381782589903947,0.7272727272727273,0.07628347219169365,0.6818181818181818,0.7196969696969697,,,{},3045.TW,2015-01-13,2015-01-14
0.026595404098097068,751000,0,0.04848484848484849,1.1712121212121214,1.0,D-1 estimated accounting; fill-day constraints require ledger audit,momentum,V4_MOMENTUM_full,disabled,2015-01-13,risk_on,0.015925036663329128,0.019009100066756823,0.02381782589903947,0.7272727272727273,0.07628347219169365,0.6818181818181818,0.7196969696969697,,,{},3105.TWO,2015-01-13,2015-01-14
0.00580969224213783,67000,0,0.04924242424242425,1.1762626262626261,1.0,D-1 estimated accounting; fill-day constraints require ledger audit,momentum,V4_MOMENTUM_full,disabled,2015-01-13,risk_on,0.015925036663329128,0.019009100066756823,0.02381782589903947,0.7272727272727273,0.07628347219169365,0.6818181818181818,0.7196969696969697,,,{},3227.TWO,2015-01-13,2015-01-14
0.007977884575641555,137000,0,-0.0015151515151515138,0.5383838383838384,1.0,D-1 estimated accounting; fill-day constraints require ledger audit,momentum,V4_MOMENTUM_full,disabled,2015-01-13,risk_on,0.015925036663329128,0.019009100066756823,0.02381782589903947,0.7272727272727273,0.07628347219169365,0.6818181818181818,0.7196969696969697,,,{},3260.TWO,2015-01-13,2015-01-14
0.07121556190800957,2147000,0,-0.005303030303030304,0.5222222222222223,1.0,D-1 estimated accounting; fill-day constraints require ledger audit,momentum,V4_MOMENTUM_full,disabled,2015-01-13,risk_on,0.015925036663329128,0.019009100066756823,0.02381782589903947,0.7272727272727273,0.07628347219169365,0.6818181818181818,0.7196969696969697,,,{},3363.TWO,2015-01-13,2015-01-14
0.054941867158168685,1049000,0,0.024242424242424246,0.8487373737373737,1.0,D-1 estimated accounting; fill-day constraints require ledger audit,momentum,V4_MOMENTUM_full,disabled,2015-01-13,risk_on,0.015925036663329128,0.019009100066756823,0.02381782589903947,0.7272727272727273,0.07628347219169365,0.6818181818181818,0.7196969696969697,,,{},3680.TWO,2015-01-13,2015-01-14
0.045604489283303726,589000,0,0.046969696969696974,1.107070707070707,1.0,D-1 estimated accounting; fill-day constraints require ledger audit,momentum,V4_MOMENTUM_full,disabled,2015-01-13,risk_on,0.015925036663329128,0.019009100066756823,0.02381782589903947,0.7272727272727273,0.07628347219169365,0.6818181818181818,0.7196969696969697,,,{},4904.TW,2015-01-13,2015-01-14
0.04780989402463291,771000,0,0.009848484848484851,0.6515151515151516,1.0,D-1 estimated accounting; fill-day constraints require ledger audit,momentum,V4_MOMENTUM_full,disabled,2015-01-13,risk_on,0.015925036663329128,0.019009100066756823,0.02381782589903947,0.7272727272727273,0.07628347219169365,0.6818181818181818,0.7196969696969697,,,{},4979.TWO,2015-01-13,2015-01-14
0.0616505807958938,1157000,0,0.025,0.8499999999999999,1.0,D-1 estimated accounting; fill-day constraints require ledger audit,momentum,V4_MOMENTUM_full,disabled,2015-01-13,risk_on,0.015925036663329128,0.019009100066756823,0.02381782589903947,0.7272727272727273,0.07628347219169365,0.6818181818181818,0.7196969696969697,,,{},5347.TWO,2015-01-13,2015-01-14
0.060641567623434665,4144000,0,0.012121212121212123,0.692929292929293,1.0,D-1 estimated accounting; fill-day constraints require ledger audit,momentum,V4_MOMENTUM_full,disabled,2015-01-13,risk_on,0.015925036663329128,0.019009100066756823,0.02381782589903947,0.7272727272727273,0.07628347219169365,0.6818181818181818,0.7196969696969697,,,{},6182.TWO,2015-01-13,2015-01-14
0.015571747228349643,68000,0,0.035606060606060606,1.0126262626262628,1.0,D-1 estimated accounting; fill-day constraints require ledger audit,momentum,V4_MOMENTUM_full,disabled,2015-01-13,risk_on,0.015925036663329128,0.019009100066756823,0.02381782589903947,0.7272727272727273,0.07628347219169365,0.6818181818181818,0.7196969696969697,,,{},8299.TWO,2015-01-13,2015-01-14
0.02315534974808567,53000,0,0.03484848484848485,0.9464646464646466,1.0,D-1 estimated accounting; fill-day constraints require ledger audit,momentum,V4_MOMENTUM_full,disabled,2015-01-14,risk_on,0.0160353244918012,0.010278305669219057,0.026128888493737845,0.696969696969697,0.08230224550543484,0.6060606060606061,0.6439393939393939,,,{},2059.TW,2015-01-14,2015-01-15
0.06875876215895403,6546000,0,-0.0007575757575757569,0.5787878787878789,1.0,D-1 estimated accounting; fill-day constraints require ledger audit,momentum,V4_MOMENTUM_full,disabled,2015-01-14,risk_on,0.0160353244918012,0.010278305669219057,0.026128888493737845,0.696969696969697,0.08230224550543484,0.6060606060606061,0.6439393939393939,,,{},2344.TW,2015-01-14,2015-01-15
0.010948070383352207,506000,506000,0.04924242424242425,1.1676767676767676,1.0,D-1 estimated accounting; fill-day constraints require ledger audit,momentum,V4_MOMENTUM_full,disabled,2015-01-14,risk_on,0.0160353244918012,0.010278305669219057,0.026128888493737845,0.696969696969697,0.08230224550543484,0.6060606060606061,0.6439393939393939,,,{},2368.TW,2015-01-14,2015-01-15
0.06549046107027648,1732000,0,0.0030303030303030277,0.6116161616161616,1.0,D-1 estimated accounting; fill-day constraints require ledger audit,momentum,V4_MOMENTUM_full,disabled,2015-01-14,risk_on,0.0160353244918012,0.010278305669219057,0.026128888493737845,0.696969696969697,0.08230224550543484,0.6060606060606061,0.6439393939393939,,,{},2376.TW,2015-01-14,2015-01-15
0.03707352356594378,153000,0,0.03636363636363637,0.9702020202020203,1.0,D-1 estimated accounting; fill-day constraints require ledger audit,momentum,V4_MOMENTUM_full,disabled,2015-01-14,risk_on,0.0160353244918012,0.010278305669219057,0.026128888493737845,0.696969696969697,0.08230224550543484,0.6060606060606061,0.6439393939393939,,,{},2395.TW,2015-01-14,2015-01-15
0.07550205280734333,962000,0,0.0015151515151515138,0.5919191919191918,1.0,D-1 estimated accounting; fill-day constraints require ledger audit,momentum,V4_MOMENTUM_full,disabled,2015-01-14,risk_on,0.0160353244918012,0.010278305669219057,0.026128888493737845,0.696969696969697,0.08230224550543484,0.6060606060606061,0.6439393939393939,,,{},2408.TW,2015-01-14,2015-01-15
0.020455080433859633,829000,0,0.0393939393939394,0.9964646464646465,1.0,D-1 estimated accounting; fill-day constraints require ledger audit,momentum,V4_MOMENTUM_full,disabled,2015-01-14,risk_on,0.0160353244918012,0.010278305669219057,0.026128888493737845,0.696969696969697,0.08230224550543484,0.6060606060606061,0.6439393939393939,,,{},2603.TW,2015-01-14,2015-01-15
0.07035551748955714,4007000,0,0.024242424242424246,0.8404040404040405,1.0,D-1 estimated accounting; fill-day constraints require ledger audit,momentum,V4_MOMENTUM_full,disabled,2015-01-14,risk_on,0.0160353244918012,0.010278305669219057,0.026128888493737845,0.696969696969697,0.08230224550543484,0.6060606060606061,0.6439393939393939,,,{},2609.TW,2015-01-14,2015-01-15
0.05297689105735396,3222000,0,0.03333333333333334,0.9282828282828284,1.0,D-1 estimated accounting; fill-day constraints require ledger audit,momentum,V4_MOMENTUM_full,disabled,2015-01-14,risk_on,0.0160353244918012,0.010278305669219057,0.026128888493737845,0.696969696969697,0.08230224550543484,0.6060606060606061,0.6439393939393939,,,{},2610.TW,2015-01-14,2015-01-15
0.048298227199345976,1473000,0,0.04621212121212122,1.115151515151515,1.0,D-1 estimated accounting; fill-day constraints require ledger audit,momentum,V4_MOMENTUM_full,disabled,2015-01-14,risk_on,0.0160353244918012,0.010278305669219057,0.026128888493737845,0.696969696969697,0.08230224550543484,0.6060606060606061,0.6439393939393939,,,{},2615.TW,2015-01-14,2015-01-15
0.05823956971875067,2323000,0,0.016666666666666663,0.76010101010101,1.0,D-1 estimated accounting; fill-day constraints require ledger audit,momentum,V4_MOMENTUM_full,disabled,2015-01-14,risk_on,0.0160353244918012,0.010278305669219057,0.026128888493737845,0.696969696969697,0.08230224550543484,0.6060606060606061,0.6439393939393939,,,{},3017.TW,2015-01-14,2015-01-15
0.03009502869330524,162000,0,0.032575757575757584,0.9196969696969697,1.0,D-1 estimated accounting; fill-day constraints require ledger audit,momentum,V4_MOMENTUM_full,disabled,2015-01-14,risk_on,0.0160353244918012,0.010278305669219057,0.026128888493737845,0.696969696969697,0.08230224550543484,0.6060606060606061,0.6439393939393939,,,{},3034.TW,2015-01-14,2015-01-15
0.041482809961641526,378000,0,0.038636363636363635,0.9954545454545456,1.0,D-1 estimated accounting; fill-day constraints require ledger audit,momentum,V4_MOMENTUM_full,disabled,2015-01-14,risk_on,0.0160353244918012,0.010278305669219057,0.026128888493737845,0.696969696969697,0.08230224550543484,0.6060606060606061,0.6439393939393939,,,{},3045.TW,2015-01-14,2015-01-15
0.025852777634945086,751000,0,0.04469696969696971,1.0863636363636364,1.0,D-1 estimated accounting; fill-day constraints require ledger audit,momentum,V4_MOMENTUM_full,disabled,2015-01-14,risk_on,0.0160353244918012,0.010278305669219057,0.026128888493737845,0.696969696969697,0.08230224550543484,0.6060606060606061,0.6439393939393939,,,{},3105.TWO,2015-01-14,2015-01-15
0.006164882590072222,67000,0,0.05,1.1904040404040404,1.0,D-1 estimated accounting; fill-day constraints require ledger audit,momentum,V4_MOMENTUM_full,disabled,2015-01-14,risk_on,0.0160353244918012,0.010278305669219057,0.026128888493737845,0.696969696969697,0.08230224550543484,0.6060606060606061,0.6439393939393939,,,{},3227.TWO,2015-01-14,2015-01-15
0.008051133703536707,137000,0,0.0,0.5818181818181818,1.0,D-1 estimated accounting; fill-day constraints require ledger audit,momentum,V4_MOMENTUM_full,disabled,2015-01-14,risk_on,0.0160353244918012,0.010278305669219057,0.026128888493737845,0.696969696969697,0.08230224550543484,0.6060606060606061,0.6439393939393939,,,{},3260.TWO,2015-01-14,2015-01-15
0.0,0,-2147000,-0.026515151515151516,0.37929292929292924,1.0,D-1 estimated accounting; fill-day constraints require ledger audit,momentum,V4_MOMENTUM_full,disabled,2015-01-14,risk_on,0.0160353244918012,0.010278305669219057,0.026128888493737845,0.696969696969697,0.08230224550543484,0.6060606060606061,0.6439393939393939,,,{},3363.TWO,2015-01-14,2015-01-15
0.05495543782045911,1049000,0,0.02727272727272727,0.8747474747474748,1.0,D-1 estimated accounting; fill-day constraints require ledger audit,momentum,V4_MOMENTUM_full,disabled,2015-01-14,risk_on,0.0160353244918012,0.010278305669219057,0.026128888493737845,0.696969696969697,0.08230224550543484,0.6060606060606061,0.6439393939393939,,,{},3680.TWO,2015-01-14,2015-01-15
0.04540504526283636,589000,0,0.043939393939393945,1.084848484848485,1.0,D-1 estimated accounting; fill-day constraints require ledger audit,momentum,V4_MOMENTUM_full,disabled,2015-01-14,risk_on,0.0160353244918012,0.010278305669219057,0.026128888493737845,0.696969696969697,0.08230224550543484,0.6060606060606061,0.6439393939393939,,,{},4904.TW,2015-01-14,2015-01-15
0.04619196842406624,771000,0,-0.01515151515151515,0.4469696969696969,1.0,D-1 estimated accounting; fill-day constraints require ledger audit,momentum,V4_MOMENTUM_full,disabled,2015-01-14,risk_on,0.0160353244918012,0.010278305669219057,0.026128888493737845,0.696969696969697,0.08230224550543484,0.6060606060606061,0.6439393939393939,,,{},4979.TWO,2015-01-14,2015-01-15
0.0648393429152386,1157000,0,0.04242424242424242,1.0489898989898991,1.0,D-1 estimated accounting; fill-day constraints require ledger audit,momentum,V4_MOMENTUM_full,disabled,2015-01-14,risk_on,0.0160353244918012,0.010278305669219057,0.026128888493737845,0.696969696969697,0.08230224550543484,0.6060606060606061,0.6439393939393939,,,{},5347.TWO,2015-01-14,2015-01-15
0.05972264258480187,4144000,0,-0.006818181818181818,0.5323232323232324,1.0,D-1 estimated accounting; fill-day constraints require ledger audit,momentum,V4_MOMENTUM_full,disabled,2015-01-14,risk_on,0.0160353244918012,0.010278305669219057,0.026128888493737845,0.696969696969697,0.08230224550543484,0.6060606060606061,0.6439393939393939,,,{},6182.TWO,2015-01-14,2015-01-15
0.015223454514398096,68000,0,0.018181818181818177,0.7767676767676769,1.0,D-1 estimated accounting; fill-day constraints require ledger audit,momentum,V4_MOMENTUM_full,disabled,2015-01-14,risk_on,0.0160353244918012,0.010278305669219057,0.026128888493737845,0.696969696969697,0.08230224550543484,0.6060606060606061,0.6439393939393939,,,{},8299.TWO,2015-01-14,2015-01-15
0.023384288097349944,53000,0,0.04015151515151515,1.0070707070707072,1.0,D-1 estimated accounting; fill-day constraints require ledger audit,momentum,V4_MOMENTUM_full,disabled,2015-01-15,neutral,0.016063086242788016,-0.004567935401509182,0.020068541476173762,0.4318181818181818,0.07659442435459578,0.5833333333333334,0.6136363636363636,,,{},2059.TW,2015-01-15,2015-01-16
0.07120088337898768,6546000,0,0.013636363636363636,0.7333333333333333,1.0,D-1 estimated accounting; fill-day constraints require ledger audit,momentum,V4_MOMENTUM_full,disabled,2015-01-15,neutral,0.016063086242788016,-0.004567935401509182,0.020068541476173762,0.4318181818181818,0.07659442435459578,0.5833333333333334,0.6136363636363636,,,{},2344.TW,2015-01-15,2015-01-16
0.01083652603945311,506000,0,0.04772727272727273,1.1505050505050505,1.0,D-1 estimated accounting; fill-day constraints require ledger audit,momentum,V4_MOMENTUM_full,disabled,2015-01-15,neutral,0.016063086242788016,-0.004567935401509182,0.020068541476173762,0.4318181818181818,0.07659442435459578,0.5833333333333334,0.6136363636363636,,,{},2368.TW,2015-01-15,2015-01-16
0.06626003595808679,1732000,0,0.008333333333333337,0.6863636363636364,1.0,D-1 estimated accounting; fill-day constraints require ledger audit,momentum,V4_MOMENTUM_full,disabled,2015-01-15,neutral,0.016063086242788016,-0.004567935401509182,0.020068541476173762,0.4318181818181818,0.07659442435459578,0.5833333333333334,0.6136363636363636,,,{},2376.TW,2015-01-15,2015-01-16
0.036603436983895586,153000,0,0.025757575757575757,0.8631313131313132,1.0,D-1 estimated accounting; fill-day constraints require ledger audit,momentum,V4_MOMENTUM_full,disabled,2015-01-15,neutral,0.016063086242788016,-0.004567935401509182,0.020068541476173762,0.4318181818181818,0.07659442435459578,0.5833333333333334,0.6136363636363636,,,{},2395.TW,2015-01-15,2015-01-16
0.07480179107566241,962000,0,-0.009848484848484851,0.505050505050505,1.0,D-1 estimated accounting; fill-day constraints require ledger audit,momentum,V4_MOMENTUM_full,disabled,2015-01-15,neutral,0.016063086242788016,-0.004567935401509182,0.020068541476173762,0.4318181818181818,0.07659442435459578,0.5833333333333334,0.6136363636363636,,,{},2408.TW,2015-01-15,2015-01-16
0.01978016350367517,829000,0,0.034090909090909095,0.9383838383838385,1.0,D-1 estimated accounting; fill-day constraints require ledger audit,momentum,V4_MOMENTUM_full,disabled,2015-01-15,neutral,0.016063086242788016,-0.004567935401509182,0.020068541476173762,0.4318181818181818,0.07659442435459578,0.5833333333333334,0.6136363636363636,,,{},2603.TW,2015-01-15,2015-01-16
0.0689604422731107,4007000,0,0.02272727272727273,0.8217171717171718,1.0,D-1 estimated accounting; fill-day constraints require ledger audit,momentum,V4_MOMENTUM_full,disabled,2015-01-15,neutral,0.016063086242788016,-0.004567935401509182,0.020068541476173762,0.4318181818181818,0.07659442435459578,0.5833333333333334,0.6136363636363636,,,{},2609.TW,2015-01-15,2015-01-16
0.05216134658224765,3222000,0,0.02727272727272727,0.8694444444444444,1.0,D-1 estimated accounting; fill-day constraints require ledger audit,momentum,V4_MOMENTUM_full,disabled,2015-01-15,neutral,0.016063086242788016,-0.004567935401509182,0.020068541476173762,0.4318181818181818,0.07659442435459578,0.5833333333333334,0.6136363636363636,,,{},2610.TW,2015-01-15,2015-01-16
0.047852415174423776,1473000,0,0.02954545454545454,0.8853535353535352,1.0,D-1 estimated accounting; fill-day constraints require ledger audit,momentum,V4_MOMENTUM_full,disabled,2015-01-15,neutral,0.016063086242788016,-0.004567935401509182,0.020068541476173762,0.4318181818181818,0.07659442435459578,0.5833333333333334,0.6136363636363636,,,{},2615.TW,2015-01-15,2015-01-16
0.0600329658866745,2323000,0,0.0393939393939394,0.9878787878787879,1.0,D-1 estimated accounting; fill-day constraints require ledger audit,momentum,V4_MOMENTUM_full,disabled,2015-01-15,neutral,0.016063086242788016,-0.004567935401509182,0.020068541476173762,0.4318181818181818,0.07659442435459578,0.5833333333333334,0.6136363636363636,,,{},3017.TW,2015-01-15,2015-01-16
0.03070094160741474,162000,0,0.041666666666666664,1.0272727272727273,1.0,D-1 estimated accounting; fill-day constraints require ledger audit,momentum,V4_MOMENTUM_full,disabled,2015-01-15,neutral,0.016063086242788016,-0.004567935401509182,0.020068541476173762,0.4318181818181818,0.07659442435459578,0.5833333333333334,0.6136363636363636,,,{},3034.TW,2015-01-15,2015-01-16
0.04077978627964685,378000,0,0.021969696969696972,0.8101010101010101,1.0,D-1 estimated accounting; fill-day constraints require ledger audit,momentum,V4_MOMENTUM_full,disabled,2015-01-15,neutral,0.016063086242788016,-0.004567935401509182,0.020068541476173762,0.4318181818181818,0.07659442435459578,0.5833333333333334,0.6136363636363636,,,{},3045.TW,2015-01-15,2015-01-16
0.02609363023737394,751000,0,0.04545454545454546,1.1085858585858586,1.0,D-1 estimated accounting; fill-day constraints require ledger audit,momentum,V4_MOMENTUM_full,disabled,2015-01-15,neutral,0.016063086242788016,-0.004567935401509182,0.020068541476173762,0.4318181818181818,0.07659442435459578,0.5833333333333334,0.6136363636363636,,,{},3105.TWO,2015-01-15,2015-01-16
0.006155762187911656,67000,0,0.04924242424242425,1.1878787878787878,1.0,D-1 estimated accounting; fill-day constraints require ledger audit,momentum,V4_MOMENTUM_full,disabled,2015-01-15,neutral,0.016063086242788016,-0.004567935401509182,0.020068541476173762,0.4318181818181818,0.07659442435459578,0.5833333333333334,0.6136363636363636,,,{},3227.TWO,2015-01-15,2015-01-16
0.00825670230007312,137000,0,0.025,0.8409090909090909,1.0,D-1 estimated accounting; fill-day constraints require ledger audit,momentum,V4_MOMENTUM_full,disabled,2015-01-15,neutral,0.016063086242788016,-0.004567935401509182,0.020068541476173762,0.4318181818181818,0.07659442435459578,0.5833333333333334,0.6136363636363636,,,{},3260.TWO,2015-01-15,2015-01-16
0.056911963054361143,1049000,0,0.04621212121212122,1.1232323232323231,1.0,D-1 estimated accounting; fill-day constraints require ledger audit,momentum,V4_MOMENTUM_full,disabled,2015-01-15,neutral,0.016063086242788016,-0.004567935401509182,0.020068541476173762,0.4318181818181818,0.07659442435459578,0.5833333333333334,0.6136363636363636,,,{},3680.TWO,2015-01-15,2015-01-16
0.04515144717897128,589000,0,0.04090909090909091,1.0156565656565655,1.0,D-1 estimated accounting; fill-day constraints require ledger audit,momentum,V4_MOMENTUM_full,disabled,2015-01-15,neutral,0.016063086242788016,-0.004567935401509182,0.020068541476173762,0.4318181818181818,0.07659442435459578,0.5833333333333334,0.6136363636363636,,,{},4904.TW,2015-01-15,2015-01-16
0.0,0,-771000,-0.010606060606060608,0.4898989898989899,1.0,D-1 estimated accounting; fill-day constraints require ledger audit,momentum,V4_MOMENTUM_full,disabled,2015-01-15,neutral,0.016063086242788016,-0.004567935401509182,0.020068541476173762,0.4318181818181818,0.07659442435459578,0.5833333333333334,0.6136363636363636,,,{},4979.TWO,2015-01-15,2015-01-16
0.062413929223409874,1157000,0,0.015909090909090907,0.7484848484848484,1.0,D-1 estimated accounting; fill-day constraints require ledger audit,momentum,V4_MOMENTUM_full,disabled,2015-01-15,neutral,0.016063086242788016,-0.004567935401509182,0.020068541476173762,0.4318181818181818,0.07659442435459578,0.5833333333333334,0.6136363636363636,,,{},5347.TWO,2015-01-15,2015-01-16
0.06031337207517698,4144000,0,0.002272727272727271,0.6131313131313131,1.0,D-1 estimated accounting; fill-day constraints require ledger audit,momentum,V4_MOMENTUM_full,disabled,2015-01-15,neutral,0.016063086242788016,-0.004567935401509182,0.020068541476173762,0.4318181818181818,0.07659442435459578,0.5833333333333334,0.6136363636363636,,,{},6182.TWO,2015-01-15,2015-01-16
0.06443214912699917,1797000,1797000,0.05,1.201010101010101,1.0,D-1 estimated accounting; fill-day constraints require ledger audit,momentum,V4_MOMENTUM_full,disabled,2015-01-15,neutral,0.016063086242788016,-0.004567935401509182,0.020068541476173762,0.4318181818181818,0.07659442435459578,0.5833333333333334,0.6136363636363636,,,{},6290.TWO,2015-01-15,2015-01-16
0.015390043742993435,68000,0,0.012121212121212123,0.7030303030303031,1.0,D-1 estimated accounting; fill-day constraints require ledger audit,momentum,V4_MOMENTUM_full,disabled,2015-01-15,neutral,0.016063086242788016,-0.004567935401509182,0.020068541476173762,0.4318181818181818,0.07659442435459578,0.5833333333333334,0.6136363636363636,,,{},8299.TWO,2015-01-15,2015-01-16
0.023673408104817904,53000,0,0.04090909090909091,0.9838383838383837,1.0,D-1 estimated accounting; fill-day constraints require ledger audit,momentum,V4_MOMENTUM_full,disabled,2015-01-16,neutral,0.016109288631294544,-0.014659626171513729,0.03230445458627085,0.24242424242424243,0.0769492823577191,0.4393939393939394,0.5227272727272727,,,{},2059.TW,2015-01-16,2015-01-19
0.0690512563843274,6546000,0,-0.002272727272727271,0.5383838383838384,1.0,D-1 estimated accounting; fill-day constraints require ledger audit,momentum,V4_MOMENTUM_full,disabled,2015-01-16,neutral,0.016109288631294544,-0.014659626171513729,0.03230445458627085,0.24242424242424243,0.0769492823577191,0.4393939393939394,0.5227272727272727,,,{},2344.TW,2015-01-16,2015-01-19
0.04819797324848378,2014000,2014000,0.046969696969696974,1.1227272727272726,1.0,D-1 estimated accounting; fill-day constraints require ledger audit,momentum,V4_MOMENTUM_full,disabled,2015-01-16,neutral,0.016109288631294544,-0.014659626171513729,0.03230445458627085,0.24242424242424243,0.0769492823577191,0.4393939393939394,0.5227272727272727,,,{},2356.TW,2015-01-16,2015-01-19
0.011023724950561148,506000,0,0.04848484848484849,1.162121212121212,1.0,D-1 estimated accounting; fill-day constraints require ledger audit,momentum,V4_MOMENTUM_full,disabled,2015-01-16,neutral,0.016109288631294544,-0.014659626171513729,0.03230445458627085,0.24242424242424243,0.0769492823577191,0.4393939393939394,0.5227272727272727,,,{},2368.TW,2015-01-16,2015-01-19
0.0663215596151884,1732000,0,0.025757575757575757,0.8171717171717171,1.0,D-1 estimated accounting; fill-day constraints require ledger audit,momentum,V4_MOMENTUM_full,disabled,2015-01-16,neutral,0.016109288631294544,-0.014659626171513729,0.03230445458627085,0.24242424242424243,0.0769492823577191,0.4393939393939394,0.5227272727272727,,,{},2376.TW,2015-01-16,2015-01-19
0.03656772333652382,153000,0,0.032575757575757584,0.8792929292929293,1.0,D-1 estimated accounting; fill-day constraints require ledger audit,momentum,V4_MOMENTUM_full,disabled,2015-01-16,neutral,0.016109288631294544,-0.014659626171513729,0.03230445458627085,0.24242424242424243,0.0769492823577191,0.4393939393939394,0.5227272727272727,,,{},2395.TW,2015-01-16,2015-01-19
0.07448299407201565,962000,0,-0.021969696969696972,0.42474747474747476,1.0,D-1 estimated accounting; fill-day constraints require ledger audit,momentum,V4_MOMENTUM_full,disabled,2015-01-16,neutral,0.016109288631294544,-0.014659626171513729,0.03230445458627085,0.24242424242424243,0.0769492823577191,0.4393939393939394,0.5227272727272727,,,{},2408.TW,2015-01-16,2015-01-19
0.020230344748699454,829000,0,0.023484848484848487,0.8025252525252526,1.0,D-1 estimated accounting; fill-day constraints require ledger audit,momentum,V4_MOMENTUM_full,disabled,2015-01-16,neutral,0.016109288631294544,-0.014659626171513729,0.03230445458627085,0.24242424242424243,0.0769492823577191,0.4393939393939394,0.5227272727272727,,,{},2603.TW,2015-01-16,2015-01-19
0.06969454433223109,4007000,0,0.024242424242424246,0.8045454545454547,1.0,D-1 estimated accounting; fill-day constraints require ledger audit,momentum,V4_MOMENTUM_full,disabled,2015-01-16,neutral,0.016109288631294544,-0.014659626171513729,0.03230445458627085,0.24242424242424243,0.0769492823577191,0.4393939393939394,0.5227272727272727,,,{},2609.TW,2015-01-16,2015-01-19
0.05289226446440002,3222000,0,0.041666666666666664,0.9863636363636364,1.0,D-1 estimated accounting; fill-day constraints require ledger audit,momentum,V4_MOMENTUM_full,disabled,2015-01-16,neutral,0.016109288631294544,-0.014659626171513729,0.03230445458627085,0.24242424242424243,0.0769492823577191,0.4393939393939394,0.5227272727272727,,,{},2610.TW,2015-01-16,2015-01-19
0.05155462171889903,1473000,0,0.04772727272727273,1.1262626262626263,1.0,D-1 estimated accounting; fill-day constraints require ledger audit,momentum,V4_MOMENTUM_full,disabled,2015-01-16,neutral,0.016109288631294544,-0.014659626171513729,0.03230445458627085,0.24242424242424243,0.0769492823577191,0.4393939393939394,0.5227272727272727,,,{},2615.TW,2015-01-16,2015-01-19
0.05989477728646761,2323000,0,0.03333333333333334,0.8828282828282827,1.0,D-1 estimated accounting; fill-day constraints require ledger audit,momentum,V4_MOMENTUM_full,disabled,2015-01-16,neutral,0.016109288631294544,-0.014659626171513729,0.03230445458627085,0.24242424242424243,0.0769492823577191,0.4393939393939394,0.5227272727272727,,,{},3017.TW,2015-01-16,2015-01-19
0.030768741679376457,162000,0,0.0393939393939394,0.955050505050505,1.0,D-1 estimated accounting; fill-day constraints require ledger audit,momentum,V4_MOMENTUM_full,disabled,2015-01-16,neutral,0.016109288631294544,-0.014659626171513729,0.03230445458627085,0.24242424242424243,0.0769492823577191,0.4393939393939394,0.5227272727272727,,,{},3034.TW,2015-01-16,2015-01-19
0.04206570643376424,378000,0,0.04318181818181818,1.059090909090909,1.0,D-1 estimated accounting; fill-day constraints require ledger audit,momentum,V4_MOMENTUM_full,disabled,2015-01-16,neutral,0.016109288631294544,-0.014659626171513729,0.03230445458627085,0.24242424242424243,0.0769492823577191,0.4393939393939394,0.5227272727272727,,,{},3045.TW,2015-01-16,2015-01-19
0.025210713228390497,751000,0,0.015909090909090907,0.7530303030303032,1.0,D-1 estimated accounting; fill-day constraints require ledger audit,momentum,V4_MOMENTUM_full,disabled,2015-01-16,neutral,0.016109288631294544,-0.014659626171513729,0.03230445458627085,0.24242424242424243,0.0769492823577191,0.4393939393939394,0.5227272727272727,,,{},3105.TWO,2015-01-16,2015-01-19
0.005938933124317772,67000,0,0.04924242424242425,1.1646464646464645,1.0,D-1 estimated accounting; fill-day constraints require ledger audit,momentum,V4_MOMENTUM_full,disabled,2015-01-16,neutral,0.016109288631294544,-0.014659626171513729,0.03230445458627085,0.24242424242424243,0.0769492823577191,0.4393939393939394,0.5227272727272727,,,{},3227.TWO,2015-01-16,2015-01-19
0.008121815842959153,137000,0,0.012121212121212123,0.7303030303030302,1.0,D-1 estimated accounting; fill-day constraints require ledger audit,momentum,V4_MOMENTUM_full,disabled,2015-01-16,neutral,0.016109288631294544,-0.014659626171513729,0.03230445458627085,0.24242424242424243,0.0769492823577191,0.4393939393939394,0.5227272727272727,,,{},3260.TWO,2015-01-16,2015-01-19
0.056375641046447884,1049000,0,0.04469696969696971,1.0838383838383838,1.0,D-1 estimated accounting; fill-day constraints require ledger audit,momentum,V4_MOMENTUM_full,disabled,2015-01-16,neutral,0.016109288631294544,-0.014659626171513729,0.03230445458627085,0.24242424242424243,0.0769492823577191,0.4393939393939394,0.5227272727272727,,,{},3680.TWO,2015-01-16,2015-01-19
0.04592172952352596,589000,0,0.04545454545454546,1.1090909090909091,1.0,D-1 estimated accounting; fill-day constraints require ledger audit,momentum,V4_MOMENTUM_full,disabled,2015-01-16,neutral,0.016109288631294544,-0.014659626171513729,0.03230445458627085,0.24242424242424243,0.0769492823577191,0.4393939393939394,0.5227272727272727,,,{},4904.TW,2015-01-16,2015-01-19
0.06193881477196217,1157000,0,0.017424242424242422,0.767171717171717,1.0,D-1 estimated accounting; fill-day constraints require ledger audit,momentum,V4_MOMENTUM_full,disabled,2015-01-16,neutral,0.016109288631294544,-0.014659626171513729,0.03230445458627085,0.24242424242424243,0.0769492823577191,0.4393939393939394,0.5227272727272727,,,{},5347.TWO,2015-01-16,2015-01-19
0.0,0,-4144000,-0.038636363636363635,0.2641414141414142,1.0,D-1 estimated accounting; fill-day constraints require ledger audit,momentum,V4_MOMENTUM_full,disabled,2015-01-16,neutral,0.016109288631294544,-0.014659626171513729,0.03230445458627085,0.24242424242424243,0.0769492823577191,0.4393939393939394,0.5227272727272727,,,{},6182.TWO,2015-01-16,2015-01-19
0.06381555365616828,1797000,0,0.05,1.1974747474747476,1.0,D-1 estimated accounting; fill-day constraints require ledger audit,momentum,V4_MOMENTUM_full,disabled,2015-01-16,neutral,0.016109288631294544,-0.014659626171513729,0.03230445458627085,0.24242424242424243,0.0769492823577191,0.4393939393939394,0.5227272727272727,,,{},6290.TWO,2015-01-16,2015-01-19
0.014943935340063708,68000,0,-0.014393939393939393,0.46262626262626255,1.0,D-1 estimated accounting; fill-day constraints require ledger audit,momentum,V4_MOMENTUM_full,disabled,2015-01-16,neutral,0.016109288631294544,-0.014659626171513729,0.03230445458627085,0.24242424242424243,0.0769492823577191,0.4393939393939394,0.5227272727272727,,,{},8299.TWO,2015-01-16,2015-01-19
0.023896699882156165,53000,0,0.04090909090909091,0.9474747474747476,1.0,D-1 estimated accounting; fill-day constraints require ledger audit,momentum,V4_MOMENTUM_full,disabled,2015-01-19,neutral,0.016089669443879927,-0.011289076502679019,0.02545410194037734,0.3181818181818182,0.08076654707115141,0.4772727272727273,0.5151515151515151,,,{},2059.TW,2015-01-19,2015-01-20
0.06720675743966008,6546000,0,-0.02803030303030303,0.39595959595959607,1.0,D-1 estimated accounting; fill-day constraints require ledger audit,momentum,V4_MOMENTUM_full,disabled,2015-01-19,neutral,0.016089669443879927,-0.011289076502679019,0.02545410194037734,0.3181818181818182,0.08076654707115141,0.4772727272727273,0.5151515151515151,,,{},2344.TW,2015-01-19,2015-01-20
0.04918548678084458,2014000,0,0.04621212121212122,1.1303030303030304,1.0,D-1 estimated accounting; fill-day constraints require ledger audit,momentum,V4_MOMENTUM_full,disabled,2015-01-19,neutral,0.016089669443879927,-0.011289076502679019,0.02545410194037734,0.3181818181818182,0.08076654707115141,0.4772727272727273,0.5151515151515151,,,{},2356.TW,2015-01-19,2015-01-20
0.01152279262851314,506000,0,0.04924242424242425,1.1828282828282828,1.0,D-1 estimated accounting; fill-day constraints require ledger audit,momentum,V4_MOMENTUM_full,disabled,2015-01-19,neutral,0.016089669443879927,-0.011289076502679019,0.02545410194037734,0.3181818181818182,0.08076654707115141,0.4772727272727273,0.5151515151515151,,,{},2368.TW,2015-01-19,2015-01-20
0.06710317019389071,1732000,0,0.0303030303030303,0.814141414141414,1.0,D-1 estimated accounting; fill-day constraints require ledger audit,momentum,V4_MOMENTUM_full,disabled,2015-01-19,neutral,0.016089669443879927,-0.011289076502679019,0.02545410194037734,0.3181818181818182,0.08076654707115141,0.4772727272727273,0.5151515151515151,,,{},2376.TW,2015-01-19,2015-01-20
0.037318323044298274,153000,0,0.037121212121212124,0.9116161616161615,1.0,D-1 estimated accounting; fill-day constraints require ledger audit,momentum,V4_MOMENTUM_full,disabled,2015-01-19,neutral,0.016089669443879927,-0.011289076502679019,0.02545410194037734,0.3181818181818182,0.08076654707115141,0.4772727272727273,0.5151515151515151,,,{},2395.TW,2015-01-19,2015-01-20
0.0,0,-962000,-0.03636363636363637,0.2717171717171717,1.0,D-1 estimated accounting; fill-day constraints require ledger audit,momentum,V4_MOMENTUM_full,disabled,2015-01-19,neutral,0.016089669443879927,-0.011289076502679019,0.02545410194037734,0.3181818181818182,0.08076654707115141,0.4772727272727273,0.5151515151515151,,,{},2408.TW,2015-01-19,2015-01-20
0.019821017060937366,829000,0,0.007196969696969702,0.655050505050505,1.0,D-1 estimated accounting; fill-day constraints require ledger audit,momentum,V4_MOMENTUM_full,disabled,2015-01-19,neutral,0.016089669443879927,-0.011289076502679019,0.02545410194037734,0.3181818181818182,0.08076654707115141,0.4772727272727273,0.5151515151515151,,,{},2603.TW,2015-01-19,2015-01-20
0.0688468905663126,4007000,0,0.008333333333333337,0.6575757575757576,1.0,D-1 estimated accounting; fill-day constraints require ledger audit,momentum,V4_MOMENTUM_full,disabled,2015-01-19,neutral,0.016089669443879927,-0.011289076502679019,0.02545410194037734,0.3181818181818182,0.08076654707115141,0.4772727272727273,0.5151515151515151,,,{},2609.TW,2015-01-19,2015-01-20
0.051334721702930006,3222000,0,0.018181818181818177,0.740909090909091,1.0,D-1 estimated accounting; fill-day constraints require ledger audit,momentum,V4_MOMENTUM_full,disabled,2015-01-19,neutral,0.016089669443879927,-0.011289076502679019,0.02545410194037734,0.3181818181818182,0.08076654707115141,0.4772727272727273,0.5151515151515151,,,{},2610.TW,2015-01-19,2015-01-20
0.05131840116742458,1473000,0,0.046969696969696974,1.1388888888888888,1.0,D-1 estimated accounting; fill-day constraints require ledger audit,momentum,V4_MOMENTUM_full,disabled,2015-01-19,neutral,0.016089669443879927,-0.011289076502679019,0.02545410194037734,0.3181818181818182,0.08076654707115141,0.4772727272727273,0.5151515151515151,,,{},2615.TW,2015-01-19,2015-01-20
0.05806050028227159,2323000,0,-0.024242424242424246,0.4459595959595959,1.0,D-1 estimated accounting; fill-day constraints require ledger audit,momentum,V4_MOMENTUM_full,disabled,2015-01-19,neutral,0.016089669443879927,-0.011289076502679019,0.02545410194037734,0.3181818181818182,0.08076654707115141,0.4772727272727273,0.5151515151515151,,,{},3017.TW,2015-01-19,2015-01-20
0.031469740711420606,162000,0,0.04318181818181818,0.9828282828282827,1.0,D-1 estimated accounting; fill-day constraints require ledger audit,momentum,V4_MOMENTUM_full,disabled,2015-01-19,neutral,0.016089669443879927,-0.011289076502679019,0.02545410194037734,0.3181818181818182,0.08076654707115141,0.4772727272727273,0.5151515151515151,,,{},3034.TW,2015-01-19,2015-01-20
0.056240929765570886,813000,813000,0.04772727272727273,1.1444444444444444,1.0,D-1 estimated accounting; fill-day constraints require ledger audit,momentum,V4_MOMENTUM_full,disabled,2015-01-19,neutral,0.016089669443879927,-0.011289076502679019,0.02545410194037734,0.3181818181818182,0.08076654707115141,0.4772727272727273,0.5151515151515151,,,{},3044.TW,2015-01-19,2015-01-20
0.04256145776018037,378000,0,0.04242424242424242,0.9636363636363637,1.0,D-1 estimated accounting; fill-day constraints require ledger audit,momentum,V4_MOMENTUM_full,disabled,2015-01-19,neutral,0.016089669443879927,-0.011289076502679019,0.02545410194037734,0.3181818181818182,0.08076654707115141,0.4772727272727273,0.5151515151515151,,,{},3045.TW,2015-01-19,2015-01-20
0.025586070528684387,751000,0,0.011363636363636366,0.696969696969697,1.0,D-1 estimated accounting; fill-day constraints require ledger audit,momentum,V4_MOMENTUM_full,disabled,2015-01-19,neutral,0.016089669443879927,-0.011289076502679019,0.02545410194037734,0.3181818181818182,0.08076654707115141,0.4772727272727273,0.5151515151515151,,,{},3105.TWO,2015-01-19,2015-01-20
0.006212735908190133,67000,0,0.04848484848484849,1.1565656565656566,1.0,D-1 estimated accounting; fill-day constraints require ledger audit,momentum,V4_MOMENTUM_full,disabled,2015-01-19,neutral,0.016089669443879927,-0.011289076502679019,0.02545410194037734,0.3181818181818182,0.08076654707115141,0.4772727272727273,0.5151515151515151,,,{},3227.TWO,2015-01-19,2015-01-20
0.007959840123699274,137000,0,-0.01893939393939394,0.4914141414141413,1.0,D-1 estimated accounting; fill-day constraints require ledger audit,momentum,V4_MOMENTUM_full,disabled,2015-01-19,neutral,0.016089669443879927,-0.011289076502679019,0.02545410194037734,0.3181818181818182,0.08076654707115141,0.4772727272727273,0.5151515151515151,,,{},3260.TWO,2015-01-19,2015-01-20
0.05714930942756192,1049000,0,0.04545454545454546,1.0702020202020204,1.0,D-1 estimated accounting; fill-day constraints require ledger audit,momentum,V4_MOMENTUM_full,disabled,2015-01-19,neutral,0.016089669443879927,-0.011289076502679019,0.02545410194037734,0.3181818181818182,0.08076654707115141,0.4772727272727273,0.5151515151515151,,,{},3680.TWO,2015-01-19,2015-01-20
0.0463401693061497,589000,0,0.03787878787878788,0.9121212121212121,1.0,D-1 estimated accounting; fill-day constraints require ledger audit,momentum,V4_MOMENTUM_full,disabled,2015-01-19,neutral,0.016089669443879927,-0.011289076502679019,0.02545410194037734,0.3181818181818182,0.08076654707115141,0.4772727272727273,0.5151515151515151,,,{},4904.TW,2015-01-19,2015-01-20
0.06327135834101376,1157000,0,0.034090909090909095,0.8828282828282827,1.0,D-1 estimated accounting; fill-day constraints require ledger audit,momentum,V4_MOMENTUM_full,disabled,2015-01-19,neutral,0.016089669443879927,-0.011289076502679019,0.02545410194037734,0.3181818181818182,0.08076654707115141,0.4772727272727273,0.5151515151515151,,,{},5347.TWO,2015-01-19,2015-01-20
0.06559696957663153,1797000,0,0.05,1.2161616161616164,1.0,D-1 estimated accounting; fill-day constraints require ledger audit,momentum,V4_MOMENTUM_full,disabled,2015-01-19,neutral,0.016089669443879927,-0.011289076502679019,0.02545410194037734,0.3181818181818182,0.08076654707115141,0.4772727272727273,0.5151515151515151,,,{},6290.TWO,2015-01-19,2015-01-20
0.015298354597455115,68000,0,-0.005303030303030304,0.5535353535353535,1.0,D-1 estimated accounting; fill-day constraints require ledger audit,momentum,V4_MOMENTUM_full,disabled,2015-01-19,neutral,0.016089669443879927,-0.011289076502679019,0.02545410194037734,0.3181818181818182,0.08076654707115141,0.4772727272727273,0.5151515151515151,,,{},8299.TWO,2015-01-19,2015-01-20
0.02374595612169018,53000,0,0.014393939393939393,0.6909090909090909,1.0,D-1 estimated accounting; fill-day constraints require ledger audit,momentum,V4_MOMENTUM_full,disabled,2015-01-20,risk_on,0.016102261017502853,-0.008902340050856772,0.029042713436549183,0.30303030303030304,0.0781591126961196,0.6136363636363636,0.6363636363636364,,,{},2059.TW,2015-01-20,2015-01-21
0.0,0,-6546000,-0.01893939393939394,0.46919191919191916,1.0,D-1 estimated accounting; fill-day constraints require ledger audit,momentum,V4_MOMENTUM_full,disabled,2015-01-20,risk_on,0.016102261017502853,-0.008902340050856772,0.029042713436549183,0.30303030303030304,0.0781591126961196,0.6136363636363636,0.6363636363636364,,,{},2344.TW,2015-01-20,2015-01-21
0.04886552368041315,2014000,0,0.04545454545454546,1.109090909090909,1.0,D-1 estimated accounting; fill-day constraints require ledger audit,momentum,V4_MOMENTUM_full,disabled,2015-01-20,risk_on,0.016102261017502853,-0.008902340050856772,0.029042713436549183,0.30303030303030304,0.0781591126961196,0.6136363636363636,0.6363636363636364,,,{},2356.TW,2015-01-20,2015-01-21
0.011083648234883062,506000,0,0.04924242424242425,1.173737373737374,1.0,D-1 estimated accounting; fill-day constraints require ledger audit,momentum,V4_MOMENTUM_full,disabled,2015-01-20,risk_on,0.016102261017502853,-0.008902340050856772,0.029042713436549183,0.30303030303030304,0.0781591126961196,0.6136363636363636,0.6363636363636364,,,{},2368.TW,2015-01-20,2015-01-21
0.06688246467650408,1732000,0,0.013636363636363636,0.6868686868686869,1.0,D-1 estimated accounting; fill-day constraints require ledger audit,momentum,V4_MOMENTUM_full,disabled,2015-01-20,risk_on,0.016102261017502853,-0.008902340050856772,0.029042713436549183,0.30303030303030304,0.0781591126961196,0.6136363636363636,0.6363636363636364,,,{},2376.TW,2015-01-20,2015-01-21
0.03723434045640813,153000,0,0.03484848484848485,0.8505050505050504,1.0,D-1 estimated accounting; fill-day constraints require ledger audit,momentum,V4_MOMENTUM_full,disabled,2015-01-20,risk_on,0.016102261017502853,-0.008902340050856772,0.029042713436549183,0.30303030303030304,0.0781591126961196,0.6136363636363636,0.6363636363636364,,,{},2395.TW,2015-01-20,2015-01-21
0.01973580036504296,829000,0,-0.008333333333333331,0.5252525252525252,1.0,D-1 estimated accounting; fill-day constraints require ledger audit,momentum,V4_MOMENTUM_full,disabled,2015-01-20,risk_on,0.016102261017502853,-0.008902340050856772,0.029042713436549183,0.30303030303030304,0.0781591126961196,0.6136363636363636,0.6363636363636364,,,{},2603.TW,2015-01-20,2015-01-21
0.06949446823946591,4007000,0,0.016666666666666663,0.7015151515151515,1.0,D-1 estimated accounting; fill-day constraints require ledger audit,momentum,V4_MOMENTUM_full,disabled,2015-01-20,risk_on,0.016102261017502853,-0.008902340050856772,0.029042713436549183,0.30303030303030304,0.0781591126961196,0.6136363636363636,0.6363636363636364,,,{},2609.TW,2015-01-20,2015-01-21
0.05238909635878327,3222000,0,0.017424242424242422,0.7247474747474748,1.0,D-1 estimated accounting; fill-day constraints require ledger audit,momentum,V4_MOMENTUM_full,disabled,2015-01-20,risk_on,0.016102261017502853,-0.008902340050856772,0.029042713436549183,0.30303030303030304,0.0781591126961196,0.6136363636363636,0.6363636363636364,,,{},2610.TW,2015-01-20,2015-01-21
0.05095213312618566,1473000,0,0.04469696969696971,1.1015151515151513,1.0,D-1 estimated accounting; fill-day constraints require ledger audit,momentum,V4_MOMENTUM_full,disabled,2015-01-20,risk_on,0.016102261017502853,-0.008902340050856772,0.029042713436549183,0.30303030303030304,0.0781591126961196,0.6136363636363636,0.6363636363636364,,,{},2615.TW,2015-01-20,2015-01-21
0.05803974105540886,2323000,0,-0.00378787878787879,0.551010101010101,1.0,D-1 estimated accounting; fill-day constraints require ledger audit,momentum,V4_MOMENTUM_full,disabled,2015-01-20,risk_on,0.016102261017502853,-0.008902340050856772,0.029042713436549183,0.30303030303030304,0.0781591126961196,0.6136363636363636,0.6363636363636364,,,{},3017.TW,2015-01-20,2015-01-21
0.030946900542204902,162000,0,0.0393939393939394,0.9166666666666669,1.0,D-1 estimated accounting; fill-day constraints require ledger audit,momentum,V4_MOMENTUM_full,disabled,2015-01-20,risk_on,0.016102261017502853,-0.008902340050856772,0.029042713436549183,0.30303030303030304,0.0781591126961196,0.6136363636363636,0.6363636363636364,,,{},3034.TW,2015-01-20,2015-01-21
0.05500045479144404,813000,0,0.043939393939393945,1.098989898989899,1.0,D-1 estimated accounting; fill-day constraints require ledger audit,momentum,V4_MOMENTUM_full,disabled,2015-01-20,risk_on,0.016102261017502853,-0.008902340050856772,0.029042713436549183,0.30303030303030304,0.0781591126961196,0.6136363636363636,0.6363636363636364,,,{},3044.TW,2015-01-20,2015-01-21
0.04141323649460255,378000,0,0.0007575757575757569,0.5691919191919191,1.0,D-1 estimated accounting; fill-day constraints require ledger audit,momentum,V4_MOMENTUM_full,disabled,2015-01-20,risk_on,0.016102261017502853,-0.008902340050856772,0.029042713436549183,0.30303030303030304,0.0781591126961196,0.6136363636363636,0.6363636363636364,,,{},3045.TW,2015-01-20,2015-01-21
0.02629638844871814,751000,0,0.02727272727272727,0.7964646464646465,1.0,D-1 estimated accounting; fill-day constraints require ledger audit,momentum,V4_MOMENTUM_full,disabled,2015-01-20,risk_on,0.016102261017502853,-0.008902340050856772,0.029042713436549183,0.30303030303030304,0.0781591126961196,0.6136363636363636,0.6363636363636364,,,{},3105.TWO,2015-01-20,2015-01-21
0.006194025046608666,67000,0,0.04848484848484849,1.1646464646464647,1.0,D-1 estimated accounting; fill-day constraints require ledger audit,momentum,V4_MOMENTUM_full,disabled,2015-01-20,risk_on,0.016102261017502853,-0.008902340050856772,0.029042713436549183,0.30303030303030304,0.0781591126961196,0.6136363636363636,0.6363636363636364,,,{},3227.TWO,2015-01-20,2015-01-21
0.008004776775644745,137000,0,-0.006818181818181818,0.5338383838383839,1.0,D-1 estimated accounting; fill-day constraints require ledger audit,momentum,V4_MOMENTUM_full,disabled,2015-01-20,risk_on,0.016102261017502853,-0.008902340050856772,0.029042713436549183,0.30303030303030304,0.0781591126961196,0.6136363636363636,0.6363636363636364,,,{},3260.TWO,2015-01-20,2015-01-21
0.056765066801347776,1049000,0,0.04621212121212122,1.1292929292929292,1.0,D-1 estimated accounting; fill-day constraints require ledger audit,momentum,V4_MOMENTUM_full,disabled,2015-01-20,risk_on,0.016102261017502853,-0.008902340050856772,0.029042713436549183,0.30303030303030304,0.0781591126961196,0.6136363636363636,0.6363636363636364,,,{},3680.TWO,2015-01-20,2015-01-21
0.04569736618750709,589000,0,0.02272727272727273,0.7666666666666666,1.0,D-1 estimated accounting; fill-day constraints require ledger audit,momentum,V4_MOMENTUM_full,disabled,2015-01-20,risk_on,0.016102261017502853,-0.008902340050856772,0.029042713436549183,0.30303030303030304,0.0781591126961196,0.6136363636363636,0.6363636363636364,,,{},4904.TW,2015-01-20,2015-01-21
0.06943718066873111,830000,830000,0.04772727272727273,1.1555555555555557,1.0,D-1 estimated accounting; fill-day constraints require ledger audit,momentum,V4_MOMENTUM_full,disabled,2015-01-20,risk_on,0.016102261017502853,-0.008902340050856772,0.029042713436549183,0.30303030303030304,0.0781591126961196,0.6136363636363636,0.6363636363636364,,,{},4938.TW,2015-01-20,2015-01-21
0.06332340983157524,1157000,0,0.031060606060606056,0.8227272727272726,1.0,D-1 estimated accounting; fill-day constraints require ledger audit,momentum,V4_MOMENTUM_full,disabled,2015-01-20,risk_on,0.016102261017502853,-0.008902340050856772,0.029042713436549183,0.30303030303030304,0.0781591126961196,0.6136363636363636,0.6363636363636364,,,{},5347.TWO,2015-01-20,2015-01-21
0.0652171253173286,1797000,0,0.05,1.2136363636363636,1.0,D-1 estimated accounting; fill-day constraints require ledger audit,momentum,V4_MOMENTUM_full,disabled,2015-01-20,risk_on,0.016102261017502853,-0.008902340050856772,0.029042713436549183,0.30303030303030304,0.0781591126961196,0.6136363636363636,0.6363636363636364,,,{},6290.TWO,2015-01-20,2015-01-21
0.015378616116845538,68000,0,0.0,0.5686868686868687,1.0,D-1 estimated accounting; fill-day constraints require ledger audit,momentum,V4_MOMENTUM_full,disabled,2015-01-20,risk_on,0.016102261017502853,-0.008902340050856772,0.029042713436549183,0.30303030303030304,0.0781591126961196,0.6136363636363636,0.6363636363636364,,,{},8299.TWO,2015-01-20,2015-01-21
0.0245992517355881,53000,0,0.04469696969696971,0.9914141414141414,1.0,D-1 estimated accounting; fill-day constraints require ledger audit,momentum,V4_MOMENTUM_full,disabled,2015-01-21,risk_on,0.016263134972667532,-2.220446049250313e-16,0.026752439280377405,0.4621212121212121,0.07185095687509356,0.6439393939393939,0.7045454545454546,,,{},2059.TW,2015-01-21,2015-01-22
0.04734473994795513,2014000,0,0.038636363636363635,0.9212121212121211,1.0,D-1 estimated accounting; fill-day constraints require ledger audit,momentum,V4_MOMENTUM_full,disabled,2015-01-21,risk_on,0.016263134972667532,-2.220446049250313e-16,0.026752439280377405,0.4621212121212121,0.07185095687509356,0.6439393939393939,0.7045454545454546,,,{},2356.TW,2015-01-21,2015-01-22
0.010866389069599278,506000,0,0.0393939393939394,0.9262626262626261,1.0,D-1 estimated accounting; fill-day constraints require ledger audit,momentum,V4_MOMENTUM_full,disabled,2015-01-21,risk_on,0.016263134972667532,-2.220446049250313e-16,0.026752439280377405,0.4621212121212121,0.07185095687509356,0.6439393939393939,0.7045454545454546,,,{},2368.TW,2015-01-21,2015-01-22
0.0676845521119509,1732000,0,0.043939393939393945,0.987878787878788,1.0,D-1 estimated accounting; fill-day constraints require ledger audit,momentum,V4_MOMENTUM_full,disabled,2015-01-21,risk_on,0.016263134972667532,-2.220446049250313e-16,0.026752439280377405,0.4621212121212121,0.07185095687509356,0.6439393939393939,0.7045454545454546,,,{},2376.TW,2015-01-21,2015-01-22
0.03694009567395882,153000,0,0.008333333333333337,0.632828282828283,1.0,D-1 estimated accounting; fill-day constraints require ledger audit,momentum,V4_MOMENTUM_full,disabled,2015-01-21,risk_on,0.016263134972667532,-2.220446049250313e-16,0.026752439280377405,0.4621212121212121,0.07185095687509356,0.6439393939393939,0.7045454545454546,,,{},2395.TW,2015-01-21,2015-01-22
0.019877145722094196,829000,0,0.006818181818181824,0.6207070707070708,1.0,D-1 estimated accounting; fill-day constraints require ledger audit,momentum,V4_MOMENTUM_full,disabled,2015-01-21,risk_on,0.016263134972667532,-2.220446049250313e-16,0.026752439280377405,0.4621212121212121,0.07185095687509356,0.6439393939393939,0.7045454545454546,,,{},2603.TW,2015-01-21,2015-01-22
0.06935567606033101,4007000,0,0.012121212121212123,0.6656565656565656,1.0,D-1 estimated accounting; fill-day constraints require ledger audit,momentum,V4_MOMENTUM_full,disabled,2015-01-21,risk_on,0.016263134972667532,-2.220446049250313e-16,0.026752439280377405,0.4621212121212121,0.07185095687509356,0.6439393939393939,0.7045454545454546,,,{},2609.TW,2015-01-21,2015-01-22
0.05247009181837642,3222000,0,0.02803030303030303,0.7883838383838384,1.0,D-1 estimated accounting; fill-day constraints require ledger audit,momentum,V4_MOMENTUM_full,disabled,2015-01-21,risk_on,0.016263134972667532,-2.220446049250313e-16,0.026752439280377405,0.4621212121212121,0.07185095687509356,0.6439393939393939,0.7045454545454546,,,{},2610.TW,2015-01-21,2015-01-22
0.05047403634716459,1473000,0,0.046969696969696974,1.1116161616161617,1.0,D-1 estimated accounting; fill-day constraints require ledger audit,momentum,V4_MOMENTUM_full,disabled,2015-01-21,risk_on,0.016263134972667532,-2.220446049250313e-16,0.026752439280377405,0.4621212121212121,0.07185095687509356,0.6439393939393939,0.7045454545454546,,,{},2615.TW,2015-01-21,2015-01-22
0.06473029170561888,24000,24000,0.04924242424242425,1.1626262626262625,1.0,D-1 estimated accounting; fill-day constraints require ledger audit,momentum,V4_MOMENTUM_full,disabled,2015-01-21,risk_on,0.016263134972667532,-2.220446049250313e-16,0.026752439280377405,0.4621212121212121,0.07185095687509356,0.6439393939393939,0.7045454545454546,,,{},3008.TW,2015-01-21,2015-01-22
0.05877077313109848,2323000,0,0.021969696969696972,0.7250000000000001,1.0,D-1 estimated accounting; fill-day constraints require ledger audit,momentum,V4_MOMENTUM_full,disabled,2015-01-21,risk_on,0.016263134972667532,-2.220446049250313e-16,0.026752439280377405,0.4621212121212121,0.07185095687509356,0.6439393939393939,0.7045454545454546,,,{},3017.TW,2015-01-21,2015-01-22
0.03028632142372533,162000,0,0.017424242424242422,0.7075757575757575,1.0,D-1 estimated accounting; fill-day constraints require ledger audit,momentum,V4_MOMENTUM_full,disabled,2015-01-21,risk_on,0.016263134972667532,-2.220446049250313e-16,0.026752439280377405,0.4621212121212121,0.07185095687509356,0.6439393939393939,0.7045454545454546,,,{},3034.TW,2015-01-21,2015-01-22
0.056815090888022925,813000,0,0.04848484848484849,1.1388888888888888,1.0,D-1 estimated accounting; fill-day constraints require ledger audit,momentum,V4_MOMENTUM_full,disabled,2015-01-21,risk_on,0.016263134972667532,-2.220446049250313e-16,0.026752439280377405,0.4621212121212121,0.07185095687509356,0.6439393939393939,0.7045454545454546,,,{},3044.TW,2015-01-21,2015-01-22
0.04186117488280792,378000,0,0.02727272727272727,0.787121212121212,1.0,D-1 estimated accounting; fill-day constraints require ledger audit,momentum,V4_MOMENTUM_full,disabled,2015-01-21,risk_on,0.016263134972667532,-2.220446049250313e-16,0.026752439280377405,0.4621212121212121,0.07185095687509356,0.6439393939393939,0.7045454545454546,,,{},3045.TW,2015-01-21,2015-01-22
0.025472921224097018,751000,0,0.021212121212121217,0.7222222222222223,1.0,D-1 estimated accounting; fill-day constraints require ledger audit,momentum,V4_MOMENTUM_full,disabled,2015-01-21,risk_on,0.016263134972667532,-2.220446049250313e-16,0.026752439280377405,0.4621212121212121,0.07185095687509356,0.6439393939393939,0.7045454545454546,,,{},3105.TWO,2015-01-21,2015-01-22
0.006034479140140572,67000,0,0.032575757575757584,0.859090909090909,1.0,D-1 estimated accounting; fill-day constraints require ledger audit,momentum,V4_MOMENTUM_full,disabled,2015-01-21,risk_on,0.016263134972667532,-2.220446049250313e-16,0.026752439280377405,0.4621212121212121,0.07185095687509356,0.6439393939393939,0.7045454545454546,,,{},3227.TWO,2015-01-21,2015-01-22
0.0,0,-137000,-0.03484848484848485,0.33939393939393947,1.0,D-1 estimated accounting; fill-day constraints require ledger audit,momentum,V4_MOMENTUM_full,disabled,2015-01-21,risk_on,0.016263134972667532,-2.220446049250313e-16,0.026752439280377405,0.4621212121212121,0.07185095687509356,0.6439393939393939,0.7045454545454546,,,{},3260.TWO,2015-01-21,2015-01-22
0.05631648024047561,1049000,0,0.04621212121212122,1.1080808080808078,1.0,D-1 estimated accounting; fill-day constraints require ledger audit,momentum,V4_MOMENTUM_full,disabled,2015-01-21,risk_on,0.016263134972667532,-2.220446049250313e-16,0.026752439280377405,0.4621212121212121,0.07185095687509356,0.6439393939393939,0.7045454545454546,,,{},3680.TWO,2015-01-21,2015-01-22
0.04648323107033063,589000,0,0.042045454545454546,0.9424242424242424,1.0,D-1 estimated accounting; fill-day constraints require ledger audit,momentum,V4_MOMENTUM_full,disabled,2015-01-21,risk_on,0.016263134972667532,-2.220446049250313e-16,0.026752439280377405,0.4621212121212121,0.07185095687509356,0.6439393939393939,0.7045454545454546,,,{},4904.TW,2015-01-21,2015-01-22
0.06752769303218491,830000,0,0.04772727272727273,1.1323232323232324,1.0,D-1 estimated accounting; fill-day constraints require ledger audit,momentum,V4_MOMENTUM_full,disabled,2015-01-21,risk_on,0.016263134972667532,-2.220446049250313e-16,0.026752439280377405,0.4621212121212121,0.07185095687509356,0.6439393939393939,0.7045454545454546,,,{},4938.TW,2015-01-21,2015-01-22
0.0642454033474064,1157000,0,0.011363636363636366,0.6525252525252525,1.0,D-1 estimated accounting; fill-day constraints require ledger audit,momentum,V4_MOMENTUM_full,disabled,2015-01-21,risk_on,0.016263134972667532,-2.220446049250313e-16,0.026752439280377405,0.4621212121212121,0.07185095687509356,0.6439393939393939,0.7045454545454546,,,{},5347.TWO,2015-01-21,2015-01-22
0.06543803925909215,1797000,0,0.05,1.252020202020202,1.0,D-1 estimated accounting; fill-day constraints require ledger audit,momentum,V4_MOMENTUM_full,disabled,2015-01-21,risk_on,0.016263134972667532,-2.220446049250313e-16,0.026752439280377405,0.4621212121212121,0.07185095687509356,0.6439393939393939,0.7045454545454546,,,{},6290.TWO,2015-01-21,2015-01-22
0.015257086434885133,68000,0,-0.006818181818181818,0.5565656565656566,1.0,D-1 estimated accounting; fill-day constraints require ledger audit,momentum,V4_MOMENTUM_full,disabled,2015-01-21,risk_on,0.016263134972667532,-2.220446049250313e-16,0.026752439280377405,0.4621212121212121,0.07185095687509356,0.6439393939393939,0.7045454545454546,,,{},8299.TWO,2015-01-21,2015-01-22
0.024287819471036393,53000,0,0.04015151515151515,0.9323232323232322,1.0,D-1 estimated accounting; fill-day constraints require ledger audit,momentum,V4_MOMENTUM_full,disabled,2015-01-22,risk_on,0.016681130890539374,0.00925869203263363,0.031008595917510706,0.696969696969697,0.0731290263628668,0.7803030303030303,0.7272727272727273,,,{},2059.TW,2015-01-22,2015-01-23
0.047462100990586,2014000,0,0.021212121212121217,0.738888888888889,1.0,D-1 estimated accounting; fill-day constraints require ledger audit,momentum,V4_MOMENTUM_full,disabled,2015-01-22,risk_on,0.016681130890539374,0.00925869203263363,0.031008595917510706,0.696969696969697,0.0731290263628668,0.7803030303030303,0.7272727272727273,,,{},2356.TW,2015-01-22,2015-01-23
0.01131735069233405,506000,0,0.04924242424242425,1.1631313131313132,1.0,D-1 estimated accounting; fill-day constraints require ledger audit,momentum,V4_MOMENTUM_full,disabled,2015-01-22,risk_on,0.016681130890539374,0.00925869203263363,0.031008595917510706,0.696969696969697,0.0731290263628668,0.7803030303030303,0.7272727272727273,,,{},2368.TW,2015-01-22,2015-01-23
0.06934690277561902,1732000,0,0.046969696969696974,1.133838383838384,1.0,D-1 estimated accounting; fill-day constraints require ledger audit,momentum,V4_MOMENTUM_full,disabled,2015-01-22,risk_on,0.016681130890539374,0.00925869203263363,0.031008595917510706,0.696969696969697,0.0731290263628668,0.7803030303030303,0.7272727272727273,,,{},2376.TW,2015-01-22,2015-01-23
0.03670938535371179,153000,0,0.015909090909090907,0.6964646464646465,1.0,D-1 estimated accounting; fill-day constraints require ledger audit,momentum,V4_MOMENTUM_full,disabled,2015-01-22,risk_on,0.016681130890539374,0.00925869203263363,0.031008595917510706,0.696969696969697,0.0731290263628668,0.7803030303030303,0.7272727272727273,,,{},2395.TW,2015-01-22,2015-01-23
0.019543218054947176,829000,0,0.00757575757575758,0.6242424242424243,1.0,D-1 estimated accounting; fill-day constraints require ledger audit,momentum,V4_MOMENTUM_full,disabled,2015-01-22,risk_on,0.016681130890539374,0.00925869203263363,0.031008595917510706,0.696969696969697,0.0731290263628668,0.7803030303030303,0.7272727272727273,,,{},2603.TW,2015-01-22,2015-01-23
0.06903656629727269,4007000,0,0.021969696969696972,0.7414141414141413,1.0,D-1 estimated accounting; fill-day constraints require ledger audit,momentum,V4_MOMENTUM_full,disabled,2015-01-22,risk_on,0.016681130890539374,0.00925869203263363,0.031008595917510706,0.696969696969697,0.0731290263628668,0.7803030303030303,0.7272727272727273,,,{},2609.TW,2015-01-22,2015-01-23
0.052411271146483106,3222000,0,0.034090909090909095,0.8732323232323232,1.0,D-1 estimated accounting; fill-day constraints require ledger audit,momentum,V4_MOMENTUM_full,disabled,2015-01-22,risk_on,0.016681130890539374,0.00925869203263363,0.031008595917510706,0.696969696969697,0.0731290263628668,0.7803030303030303,0.7272727272727273,,,{},2610.TW,2015-01-22,2015-01-23
0.05121544969445193,1473000,0,0.04772727272727273,1.1459595959595958,1.0,D-1 estimated accounting; fill-day constraints require ledger audit,momentum,V4_MOMENTUM_full,disabled,2015-01-22,risk_on,0.016681130890539374,0.00925869203263363,0.031008595917510706,0.696969696969697,0.0731290263628668,0.7803030303030303,0.7272727272727273,,,{},2615.TW,2015-01-22,2015-01-23
0.0651706604527298,24000,0,0.05,1.1833333333333333,1.0,D-1 estimated accounting; fill-day constraints require ledger audit,momentum,V4_MOMENTUM_full,disabled,2015-01-22,risk_on,0.016681130890539374,0.00925869203263363,0.031008595917510706,0.696969696969697,0.0731290263628668,0.7803030303030303,0.7272727272727273,,,{},3008.TW,2015-01-22,2015-01-23
0.058391695753322585,2323000,0,0.002272727272727271,0.598989898989899,1.0,D-1 estimated accounting; fill-day constraints require ledger audit,momentum,V4_MOMENTUM_full,disabled,2015-01-22,risk_on,0.016681130890539374,0.00925869203263363,0.031008595917510706,0.696969696969697,0.0731290263628668,0.7803030303030303,0.7272727272727273,,,{},3017.TW,2015-01-22,2015-01-23
0.031122315399875047,162000,0,0.037121212121212124,0.8974747474747473,1.0,D-1 estimated accounting; fill-day constraints require ledger audit,momentum,V4_MOMENTUM_full,disabled,2015-01-22,risk_on,0.016681130890539374,0.00925869203263363,0.031008595917510706,0.696969696969697,0.0731290263628668,0.7803030303030303,0.7272727272727273,,,{},3034.TW,2015-01-22,2015-01-23
0.05613857691975801,813000,0,0.04621212121212122,1.1217171717171714,1.0,D-1 estimated accounting; fill-day constraints require ledger audit,momentum,V4_MOMENTUM_full,disabled,2015-01-22,risk_on,0.016681130890539374,0.00925869203263363,0.031008595917510706,0.696969696969697,0.0731290263628668,0.7803030303030303,0.7272727272727273,,,{},3044.TW,2015-01-22,2015-01-23
0.041423459793767756,378000,0,0.02803030303030303,0.8035353535353534,1.0,D-1 estimated accounting; fill-day constraints require ledger audit,momentum,V4_MOMENTUM_full,disabled,2015-01-22,risk_on,0.016681130890539374,0.00925869203263363,0.031008595917510706,0.696969696969697,0.0731290263628668,0.7803030303030303,0.7272727272727273,,,{},3045.TW,2015-01-22,2015-01-23
0.02505426190498659,751000,0,0.0,0.5828282828282828,1.0,D-1 estimated accounting; fill-day constraints require ledger audit,momentum,V4_MOMENTUM_full,disabled,2015-01-22,risk_on,0.016681130890539374,0.00925869203263363,0.031008595917510706,0.696969696969697,0.0731290263628668,0.7803030303030303,0.7272727272727273,,,{},3105.TWO,2015-01-22,2015-01-23
0.0061150219708765476,67000,0,0.0393939393939394,0.9313131313131313,1.0,D-1 estimated accounting; fill-day constraints require ledger audit,momentum,V4_MOMENTUM_full,disabled,2015-01-22,risk_on,0.016681130890539374,0.00925869203263363,0.031008595917510706,0.696969696969697,0.0731290263628668,0.7803030303030303,0.7272727272727273,,,{},3227.TWO,2015-01-22,2015-01-23
0.05806732446607798,1049000,0,0.04848484848484849,1.1575757575757575,1.0,D-1 estimated accounting; fill-day constraints require ledger audit,momentum,V4_MOMENTUM_full,disabled,2015-01-22,risk_on,0.016681130890539374,0.00925869203263363,0.031008595917510706,0.696969696969697,0.0731290263628668,0.7803030303030303,0.7272727272727273,,,{},3680.TWO,2015-01-22,2015-01-23
0.04599718614484097,589000,0,0.04090909090909091,0.9328282828282828,1.0,D-1 estimated accounting; fill-day constraints require ledger audit,momentum,V4_MOMENTUM_full,disabled,2015-01-22,risk_on,0.016681130890539374,0.00925869203263363,0.031008595917510706,0.696969696969697,0.0731290263628668,0.7803030303030303,0.7272727272727273,,,{},4904.TW,2015-01-22,2015-01-23
0.0665691252917236,830000,0,0.04545454545454546,1.1106060606060606,1.0,D-1 estimated accounting; fill-day constraints require ledger audit,momentum,V4_MOMENTUM_full,disabled,2015-01-22,risk_on,0.016681130890539374,0.00925869203263363,0.031008595917510706,0.696969696969697,0.0731290263628668,0.7803030303030303,0.7272727272727273,,,{},4938.TW,2015-01-22,2015-01-23
0.06474657615497326,1157000,0,0.03522727272727273,0.8873737373737374,1.0,D-1 estimated accounting; fill-day constraints require ledger audit,momentum,V4_MOMENTUM_full,disabled,2015-01-22,risk_on,0.016681130890539374,0.00925869203263363,0.031008595917510706,0.696969696969697,0.0731290263628668,0.7803030303030303,0.7272727272727273,,,{},5347.TWO,2015-01-22,2015-01-23
0.06384305366515923,1797000,0,0.04318181818181818,0.9762626262626263,1.0,D-1 estimated accounting; fill-day constraints require ledger audit,momentum,V4_MOMENTUM_full,disabled,2015-01-22,risk_on,0.016681130890539374,0.00925869203263363,0.031008595917510706,0.696969696969697,0.0731290263628668,0.7803030303030303,0.7272727272727273,,,{},6290.TWO,2015-01-22,2015-01-23
0.015618158277592973,68000,0,0.032575757575757584,0.8641414141414141,1.0,D-1 estimated accounting; fill-day constraints require ledger audit,momentum,V4_MOMENTUM_full,disabled,2015-01-22,risk_on,0.016681130890539374,0.00925869203263363,0.031008595917510706,0.696969696969697,0.0731290263628668,0.7803030303030303,0.7272727272727273,,,{},8299.TWO,2015-01-22,2015-01-23
0.02441589461304698,53000,0,0.0393939393939394,0.9404040404040404,1.0,D-1 estimated accounting; fill-day constraints require ledger audit,momentum,V4_MOMENTUM_full,disabled,2015-01-23,risk_on,0.01614805308233344,0.02683795625330543,0.024470830780917274,0.7954545454545454,0.07220118337343014,0.7878787878787878,0.75,,,{},2059.TW,2015-01-23,2015-01-26
0.04729602184873561,2014000,0,0.011363636363636366,0.658080808080808,1.0,D-1 estimated accounting; fill-day constraints require ledger audit,momentum,V4_MOMENTUM_full,disabled,2015-01-23,risk_on,0.01614805308233344,0.02683795625330543,0.024470830780917274,0.7954545454545454,0.07220118337343014,0.7878787878787878,0.75,,,{},2356.TW,2015-01-23,2015-01-26
0.01142919943213124,506000,0,0.04848484848484849,1.1277777777777775,1.0,D-1 estimated accounting; fill-day constraints require ledger audit,momentum,V4_MOMENTUM_full,disabled,2015-01-23,risk_on,0.01614805308233344,0.02683795625330543,0.024470830780917274,0.7954545454545454,0.07220118337343014,0.7878787878787878,0.75,,,{},2368.TW,2015-01-23,2015-01-26
0.06878778981846802,1732000,0,0.04621212121212122,1.0626262626262628,1.0,D-1 estimated accounting; fill-day constraints require ledger audit,momentum,V4_MOMENTUM_full,disabled,2015-01-23,risk_on,0.01614805308233344,0.02683795625330543,0.024470830780917274,0.7954545454545454,0.07220118337343014,0.7878787878787878,0.75,,,{},2376.TW,2015-01-23,2015-01-26
0.03673894904474517,153000,0,0.009469696969696973,0.6393939393939394,1.0,D-1 estimated accounting; fill-day constraints require ledger audit,momentum,V4_MOMENTUM_full,disabled,2015-01-23,risk_on,0.01614805308233344,0.02683795625330543,0.024470830780917274,0.7954545454545454,0.07220118337343014,0.7878787878787878,0.75,,,{},2395.TW,2015-01-23,2015-01-26
0.019474832525949958,829000,0,-0.013636363636363636,0.4924242424242424,1.0,D-1 estimated accounting; fill-day constraints require ledger audit,momentum,V4_MOMENTUM_full,disabled,2015-01-23,risk_on,0.01614805308233344,0.02683795625330543,0.024470830780917274,0.7954545454545454,0.07220118337343014,0.7878787878787878,0.75,,,{},2603.TW,2015-01-23,2015-01-26
0.06827931550230534,4007000,0,-0.005303030303030304,0.5494949494949495,1.0,D-1 estimated accounting; fill-day constraints require ledger audit,momentum,V4_MOMENTUM_full,disabled,2015-01-23,risk_on,0.01614805308233344,0.02683795625330543,0.024470830780917274,0.7954545454545454,0.07220118337343014,0.7878787878787878,0.75,,,{},2609.TW,2015-01-23,2015-01-26
0.052616886740924476,3222000,0,0.02272727272727273,0.805050505050505,1.0,D-1 estimated accounting; fill-day constraints require ledger audit,momentum,V4_MOMENTUM_full,disabled,2015-01-23,risk_on,0.01614805308233344,0.02683795625330543,0.024470830780917274,0.7954545454545454,0.07220118337343014,0.7878787878787878,0.75,,,{},2610.TW,2015-01-23,2015-01-26
0.050061204314138255,1473000,0,0.018939393939393947,0.7535353535353536,1.0,D-1 estimated accounting; fill-day constraints require ledger audit,momentum,V4_MOMENTUM_full,disabled,2015-01-23,risk_on,0.01614805308233344,0.02683795625330543,0.024470830780917274,0.7954545454545454,0.07220118337343014,0.7878787878787878,0.75,,,{},2615.TW,2015-01-23,2015-01-26
0.02063244510771787,1892000,1892000,0.04924242424242425,1.141919191919192,1.0,D-1 estimated accounting; fill-day constraints require ledger audit,momentum,V4_MOMENTUM_full,disabled,2015-01-23,risk_on,0.01614805308233344,0.02683795625330543,0.024470830780917274,0.7954545454545454,0.07220118337343014,0.7878787878787878,0.75,,,{},2883.TW,2015-01-23,2015-01-26
0.06882594757692351,24000,0,0.05,1.1944444444444446,1.0,D-1 estimated accounting; fill-day constraints require ledger audit,momentum,V4_MOMENTUM_full,disabled,2015-01-23,risk_on,0.01614805308233344,0.02683795625330543,0.024470830780917274,0.7954545454545454,0.07220118337343014,0.7878787878787878,0.75,,,{},3008.TW,2015-01-23,2015-01-26
0.0,0,-2323000,-0.02727272727272727,0.4146464646464645,1.0,D-1 estimated accounting; fill-day constraints require ledger audit,momentum,V4_MOMENTUM_full,disabled,2015-01-23,risk_on,0.01614805308233344,0.02683795625330543,0.024470830780917274,0.7954545454545454,0.07220118337343014,0.7878787878787878,0.75,,,{},3017.TW,2015-01-23,2015-01-26
0.03197138432715706,162000,0,0.04545454545454546,1.0484848484848486,1.0,D-1 estimated accounting; fill-day constraints require ledger audit,momentum,V4_MOMENTUM_full,disabled,2015-01-23,risk_on,0.01614805308233344,0.02683795625330543,0.024470830780917274,0.7954545454545454,0.07220118337343014,0.7878787878787878,0.75,,,{},3034.TW,2015-01-23,2015-01-26
0.05593628212465172,813000,0,0.046969696969696974,1.0954545454545455,1.0,D-1 estimated accounting; fill-day constraints require ledger audit,momentum,V4_MOMENTUM_full,disabled,2015-01-23,risk_on,0.01614805308233344,0.02683795625330543,0.024470830780917274,0.7954545454545454,0.07220118337343014,0.7878787878787878,0.75,,,{},3044.TW,2015-01-23,2015-01-26
0.041456819937368,378000,0,0.005303030303030299,0.6116161616161615,1.0,D-1 estimated accounting; fill-day constraints require ledger audit,momentum,V4_MOMENTUM_full,disabled,2015-01-23,risk_on,0.01614805308233344,0.02683795625330543,0.024470830780917274,0.7954545454545454,0.07220118337343014,0.7878787878787878,0.75,,,{},3045.TW,2015-01-23,2015-01-26
0.024617154604156397,751000,0,-0.009090909090909089,0.5267676767676768,1.0,D-1 estimated accounting; fill-day constraints require ledger audit,momentum,V4_MOMENTUM_full,disabled,2015-01-23,risk_on,0.01614805308233344,0.02683795625330543,0.024470830780917274,0.7954545454545454,0.07220118337343014,0.7878787878787878,0.75,,,{},3105.TWO,2015-01-23,2015-01-26
0.006092564356713593,67000,0,0.04469696969696971,1.0196969696969698,1.0,D-1 estimated accounting; fill-day constraints require ledger audit,momentum,V4_MOMENTUM_full,disabled,2015-01-23,risk_on,0.01614805308233344,0.02683795625330543,0.024470830780917274,0.7954545454545454,0.07220118337343014,0.7878787878787878,0.75,,,{},3227.TWO,2015-01-23,2015-01-26
0.057262600171378325,1049000,0,0.04318181818181818,0.9873737373737375,1.0,D-1 estimated accounting; fill-day constraints require ledger audit,momentum,V4_MOMENTUM_full,disabled,2015-01-23,risk_on,0.01614805308233344,0.02683795625330543,0.024470830780917274,0.7954545454545454,0.07220118337343014,0.7878787878787878,0.75,,,{},3680.TWO,2015-01-23,2015-01-26
0.04609401442639921,589000,0,0.019696969696969702,0.7595959595959596,1.0,D-1 estimated accounting; fill-day constraints require ledger audit,momentum,V4_MOMENTUM_full,disabled,2015-01-23,risk_on,0.01614805308233344,0.02683795625330543,0.024470830780917274,0.7954545454545454,0.07220118337343014,0.7878787878787878,0.75,,,{},4904.TW,2015-01-23,2015-01-26
0.06653851038898052,830000,0,0.043939393939393945,1.0166666666666666,1.0,D-1 estimated accounting; fill-day constraints require ledger audit,momentum,V4_MOMENTUM_full,disabled,2015-01-23,risk_on,0.01614805308233344,0.02683795625330543,0.024470830780917274,0.7954545454545454,0.07220118337343014,0.7878787878787878,0.75,,,{},4938.TW,2015-01-23,2015-01-26
0.06550305334225483,1157000,0,0.03787878787878788,0.9363636363636363,1.0,D-1 estimated accounting; fill-day constraints require ledger audit,momentum,V4_MOMENTUM_full,disabled,2015-01-23,risk_on,0.01614805308233344,0.02683795625330543,0.024470830780917274,0.7954545454545454,0.07220118337343014,0.7878787878787878,0.75,,,{},5347.TWO,2015-01-23,2015-01-26
0.06298299327469117,1797000,0,0.035606060606060606,0.8979797979797981,1.0,D-1 estimated accounting; fill-day constraints require ledger audit,momentum,V4_MOMENTUM_full,disabled,2015-01-23,risk_on,0.01614805308233344,0.02683795625330543,0.024470830780917274,0.7954545454545454,0.07220118337343014,0.7878787878787878,0.75,,,{},6290.TWO,2015-01-23,2015-01-26
0.0157696761489335,68000,0,0.03636363636363637,0.9171717171717172,1.0,D-1 estimated accounting; fill-day constraints require ledger audit,momentum,V4_MOMENTUM_full,disabled,2015-01-23,risk_on,0.01614805308233344,0.02683795625330543,0.024470830780917274,0.7954545454545454,0.07220118337343014,0.7878787878787878,0.75,,,{},8299.TWO,2015-01-23,2015-01-26
0.02469884226808536,53000,0,0.04772727272727273,1.0601010101010102,1.0,D-1 estimated accounting; fill-day constraints require ledger audit,momentum,V4_MOMENTUM_full,disabled,2015-01-26,risk_on,0.016003624748192596,0.025785174669355926,0.025543385804190133,0.8484848484848485,0.07252336276635658,0.75,0.7348484848484849,,,{},2059.TW,2015-01-26,2015-01-27
0.04843405641945968,2014000,0,0.021969696969696972,0.7863636363636364,1.0,D-1 estimated accounting; fill-day constraints require ledger audit,momentum,V4_MOMENTUM_full,disabled,2015-01-26,risk_on,0.016003624748192596,0.025785174669355926,0.025543385804190133,0.8484848484848485,0.07252336276635658,0.75,0.7348484848484849,,,{},2356.TW,2015-01-26,2015-01-27
0.011384555524467637,506000,0,0.038636363636363635,0.9414141414141414,1.0,D-1 estimated accounting; fill-day constraints require ledger audit,momentum,V4_MOMENTUM_full,disabled,2015-01-26,risk_on,0.016003624748192596,0.025785174669355926,0.025543385804190133,0.8484848484848485,0.07252336276635658,0.75,0.7348484848484849,,,{},2368.TW,2015-01-26,2015-01-27
0.06843158753233414,1732000,0,0.04545454545454546,1.0262626262626264,1.0,D-1 estimated accounting; fill-day constraints require ledger audit,momentum,V4_MOMENTUM_full,disabled,2015-01-26,risk_on,0.016003624748192596,0.025785174669355926,0.025543385804190133,0.8484848484848485,0.07252336276635658,0.75,0.7348484848484849,,,{},2376.TW,2015-01-26,2015-01-27
0.03682804018224859,153000,0,0.0037878787878787845,0.6151515151515151,1.0,D-1 estimated accounting; fill-day constraints require ledger audit,momentum,V4_MOMENTUM_full,disabled,2015-01-26,risk_on,0.016003624748192596,0.025785174669355926,0.025543385804190133,0.8484848484848485,0.07252336276635658,0.75,0.7348484848484849,,,{},2395.TW,2015-01-26,2015-01-27
0.01944065932407378,829000,0,0.0007575757575757569,0.603030303030303,1.0,D-1 estimated accounting; fill-day constraints require ledger audit,momentum,V4_MOMENTUM_full,disabled,2015-01-26,risk_on,0.016003624748192596,0.025785174669355926,0.025543385804190133,0.8484848484848485,0.07252336276635658,0.75,0.7348484848484849,,,{},2603.TW,2015-01-26,2015-01-27
0.0702392110372506,4007000,0,0.03636363636363637,0.9186868686868686,1.0,D-1 estimated accounting; fill-day constraints require ledger audit,momentum,V4_MOMENTUM_full,disabled,2015-01-26,risk_on,0.016003624748192596,0.025785174669355926,0.025543385804190133,0.8484848484848485,0.07252336276635658,0.75,0.7348484848484849,,,{},2609.TW,2015-01-26,2015-01-27
0.05322519945461453,3222000,0,0.04469696969696971,1.0262626262626262,1.0,D-1 estimated accounting; fill-day constraints require ledger audit,momentum,V4_MOMENTUM_full,disabled,2015-01-26,risk_on,0.016003624748192596,0.025785174669355926,0.025543385804190133,0.8484848484848485,0.07252336276635658,0.75,0.7348484848484849,,,{},2610.TW,2015-01-26,2015-01-27
0.04934467438266992,1473000,0,0.012878787878787878,0.7176767676767676,1.0,D-1 estimated accounting; fill-day constraints require ledger audit,momentum,V4_MOMENTUM_full,disabled,2015-01-26,risk_on,0.016003624748192596,0.025785174669355926,0.025543385804190133,0.8484848484848485,0.07252336276635658,0.75,0.7348484848484849,,,{},2615.TW,2015-01-26,2015-01-27
0.020265082121062858,1892000,0,0.043939393939393945,1.0217171717171718,1.0,D-1 estimated accounting; fill-day constraints require ledger audit,momentum,V4_MOMENTUM_full,disabled,2015-01-26,risk_on,0.016003624748192596,0.025785174669355926,0.025543385804190133,0.8484848484848485,0.07252336276635658,0.75,0.7348484848484849,,,{},2883.TW,2015-01-26,2015-01-27
0.06830960609288256,24000,0,0.05,1.187878787878788,1.0,D-1 estimated accounting; fill-day constraints require ledger audit,momentum,V4_MOMENTUM_full,disabled,2015-01-26,risk_on,0.016003624748192596,0.025785174669355926,0.025543385804190133,0.8484848484848485,0.07252336276635658,0.75,0.7348484848484849,,,{},3008.TW,2015-01-26,2015-01-27
0.031682342814079105,162000,0,0.041666666666666664,0.9959595959595959,1.0,D-1 estimated accounting; fill-day constraints require ledger audit,momentum,V4_MOMENTUM_full,disabled,2015-01-26,risk_on,0.016003624748192596,0.025785174669355926,0.025543385804190133,0.8484848484848485,0.07252336276635658,0.75,0.7348484848484849,,,{},3034.TW,2015-01-26,2015-01-27
0.05703266193767023,813000,0,0.04848484848484849,1.0818181818181816,1.0,D-1 estimated accounting; fill-day constraints require ledger audit,momentum,V4_MOMENTUM_full,disabled,2015-01-26,risk_on,0.016003624748192596,0.025785174669355926,0.025543385804190133,0.8484848484848485,0.07252336276635658,0.75,0.7348484848484849,,,{},3044.TW,2015-01-26,2015-01-27
0.0,0,-378000,-0.008333333333333331,0.5323232323232324,1.0,D-1 estimated accounting; fill-day constraints require ledger audit,momentum,V4_MOMENTUM_full,disabled,2015-01-26,risk_on,0.016003624748192596,0.025785174669355926,0.025543385804190133,0.8484848484848485,0.07252336276635658,0.75,0.7348484848484849,,,{},3045.TW,2015-01-26,2015-01-27
0.025356077253652194,751000,0,0.019696969696969702,0.7717171717171718,1.0,D-1 estimated accounting; fill-day constraints require ledger audit,momentum,V4_MOMENTUM_full,disabled,2015-01-26,risk_on,0.016003624748192596,0.025785174669355926,0.025543385804190133,0.8484848484848485,0.07252336276635658,0.75,0.7348484848484849,,,{},3105.TWO,2015-01-26,2015-01-27
0.005946026936745145,67000,0,0.018181818181818177,0.7636363636363636,1.0,D-1 estimated accounting; fill-day constraints require ledger audit,momentum,V4_MOMENTUM_full,disabled,2015-01-26,risk_on,0.016003624748192596,0.025785174669355926,0.025543385804190133,0.8484848484848485,0.07252336276635658,0.75,0.7348484848484849,,,{},3227.TWO,2015-01-26,2015-01-27
0.05629678301784828,1049000,0,0.026515151515151516,0.8282828282828283,1.0,D-1 estimated accounting; fill-day constraints require ledger audit,momentum,V4_MOMENTUM_full,disabled,2015-01-26,risk_on,0.016003624748192596,0.025785174669355926,0.025543385804190133,0.8484848484848485,0.07252336276635658,0.75,0.7348484848484849,,,{},3680.TWO,2015-01-26,2015-01-27
0.04591396533931164,589000,0,0.015909090909090907,0.7393939393939393,1.0,D-1 estimated accounting; fill-day constraints require ledger audit,momentum,V4_MOMENTUM_full,disabled,2015-01-26,risk_on,0.016003624748192596,0.025785174669355926,0.025543385804190133,0.8484848484848485,0.07252336276635658,0.75,0.7348484848484849,,,{},4904.TW,2015-01-26,2015-01-27
0.06678198428966371,830000,0,0.0428030303030303,1.013636363636364,1.0,D-1 estimated accounting; fill-day constraints require ledger audit,momentum,V4_MOMENTUM_full,disabled,2015-01-26,risk_on,0.016003624748192596,0.025785174669355926,0.025543385804190133,0.8484848484848485,0.07252336276635658,0.75,0.7348484848484849,,,{},4938.TW,2015-01-26,2015-01-27
0.06372709425261579,1157000,0,0.028787878787878786,0.8338383838383838,1.0,D-1 estimated accounting; fill-day constraints require ledger audit,momentum,V4_MOMENTUM_full,disabled,2015-01-26,risk_on,0.016003624748192596,0.025785174669355926,0.025543385804190133,0.8484848484848485,0.07252336276635658,0.75,0.7348484848484849,,,{},5347.TWO,2015-01-26,2015-01-27
0.053886020643991325,1168000,1168000,0.04924242424242425,1.1727272727272728,1.0,D-1 estimated accounting; fill-day constraints require ledger audit,momentum,V4_MOMENTUM_full,disabled,2015-01-26,risk_on,0.016003624748192596,0.025785174669355926,0.025543385804190133,0.8484848484848485,0.07252336276635658,0.75,0.7348484848484849,,,{},6187.TWO,2015-01-26,2015-01-27
0.06264618211834509,1797000,0,0.02045454545454546,0.7757575757575758,1.0,D-1 estimated accounting; fill-day constraints require ledger audit,momentum,V4_MOMENTUM_full,disabled,2015-01-26,risk_on,0.016003624748192596,0.025785174669355926,0.025543385804190133,0.8484848484848485,0.07252336276635658,0.75,0.7348484848484849,,,{},6290.TWO,2015-01-26,2015-01-27
0.01570807778676837,68000,0,0.03787878787878788,0.9348484848484849,1.0,D-1 estimated accounting; fill-day constraints require ledger audit,momentum,V4_MOMENTUM_full,disabled,2015-01-26,risk_on,0.016003624748192596,0.025785174669355926,0.025543385804190133,0.8484848484848485,0.07252336276635658,0.75,0.7348484848484849,,,{},8299.TWO,2015-01-26,2015-01-27
0.024832178781421275,53000,0,0.04621212121212122,1.086868686868687,1.0,D-1 estimated accounting; fill-day constraints require ledger audit,momentum,V4_MOMENTUM_full,disabled,2015-01-27,risk_on,0.0160196675167898,0.018952491359400803,0.02322788585494684,0.7803030303030303,0.0721438690400744,0.7878787878787878,0.7878787878787878,,,{},2059.TW,2015-01-27,2015-01-28
0.048687057899482356,2014000,0,0.032575757575757584,0.8464646464646466,1.0,D-1 estimated accounting; fill-day constraints require ledger audit,momentum,V4_MOMENTUM_full,disabled,2015-01-27,risk_on,0.0160196675167898,0.018952491359400803,0.02322788585494684,0.7803030303030303,0.0721438690400744,0.7878787878787878,0.7878787878787878,,,{},2356.TW,2015-01-27,2015-01-28
0.01137053195170058,506000,0,0.04545454545454546,1.05,1.0,D-1 estimated accounting; fill-day constraints require ledger audit,momentum,V4_MOMENTUM_full,disabled,2015-01-27,risk_on,0.0160196675167898,0.018952491359400803,0.02322788585494684,0.7803030303030303,0.0721438690400744,0.7878787878787878,0.7878787878787878,,,{},2368.TW,2015-01-27,2015-01-28
0.06832603342551594,1732000,0,0.043939393939393945,1.018181818181818,1.0,D-1 estimated accounting; fill-day constraints require ledger audit,momentum,V4_MOMENTUM_full,disabled,2015-01-27,risk_on,0.0160196675167898,0.018952491359400803,0.02322788585494684,0.7803030303030303,0.0721438690400744,0.7878787878787878,0.7878787878787878,,,{},2376.TW,2015-01-27,2015-01-28
0.03740880034819734,153000,0,0.025,0.805050505050505,1.0,D-1 estimated accounting; fill-day constraints require ledger audit,momentum,V4_MOMENTUM_full,disabled,2015-01-27,risk_on,0.0160196675167898,0.018952491359400803,0.02322788585494684,0.7803030303030303,0.0721438690400744,0.7878787878787878,0.7878787878787878,,,{},2395.TW,2015-01-27,2015-01-28
0.019544324743799097,829000,0,0.012121212121212123,0.6823232323232322,1.0,D-1 estimated accounting; fill-day constraints require ledger audit,momentum,V4_MOMENTUM_full,disabled,2015-01-27,risk_on,0.0160196675167898,0.018952491359400803,0.02322788585494684,0.7803030303030303,0.0721438690400744,0.7878787878787878,0.7878787878787878,,,{},2603.TW,2015-01-27,2015-01-28
0.07091856486732843,4007000,0,0.038636363636363635,0.9686868686868686,1.0,D-1 estimated accounting; fill-day constraints require ledger audit,momentum,V4_MOMENTUM_full,disabled,2015-01-27,risk_on,0.0160196675167898,0.018952491359400803,0.02322788585494684,0.7803030303030303,0.0721438690400744,0.7878787878787878,0.7878787878787878,,,{},2609.TW,2015-01-27,2015-01-28
0.053279365203232405,3222000,0,0.03787878787878788,0.9626262626262626,1.0,D-1 estimated accounting; fill-day constraints require ledger audit,momentum,V4_MOMENTUM_full,disabled,2015-01-27,risk_on,0.0160196675167898,0.018952491359400803,0.02322788585494684,0.7803030303030303,0.0721438690400744,0.7878787878787878,0.7878787878787878,,,{},2610.TW,2015-01-27,2015-01-28
0.04857536795399306,1473000,0,0.0030303030303030277,0.6348484848484848,1.0,D-1 estimated accounting; fill-day constraints require ledger audit,momentum,V4_MOMENTUM_full,disabled,2015-01-27,risk_on,0.0160196675167898,0.018952491359400803,0.02322788585494684,0.7803030303030303,0.0721438690400744,0.7878787878787878,0.7878787878787878,,,{},2615.TW,2015-01-27,2015-01-28
0.020381392599185286,1892000,0,0.04318181818181818,1.0141414141414142,1.0,D-1 estimated accounting; fill-day constraints require ledger audit,momentum,V4_MOMENTUM_full,disabled,2015-01-27,risk_on,0.0160196675167898,0.018952491359400803,0.02322788585494684,0.7803030303030303,0.0721438690400744,0.7878787878787878,0.7878787878787878,,,{},2883.TW,2015-01-27,2015-01-28
0.06813137236162557,24000,0,0.04848484848484849,1.124242424242424,1.0,D-1 estimated accounting; fill-day constraints require ledger audit,momentum,V4_MOMENTUM_full,disabled,2015-01-27,risk_on,0.0160196675167898,0.018952491359400803,0.02322788585494684,0.7803030303030303,0.0721438690400744,0.7878787878787878,0.7878787878787878,,,{},3008.TW,2015-01-27,2015-01-28
0.03064647723390746,162000,0,0.025757575757575757,0.8116161616161615,1.0,D-1 estimated accounting; fill-day constraints require ledger audit,momentum,V4_MOMENTUM_full,disabled,2015-01-27,risk_on,0.0160196675167898,0.018952491359400803,0.02322788585494684,0.7803030303030303,0.0721438690400744,0.7878787878787878,0.7878787878787878,,,{},3034.TW,2015-01-27,2015-01-28
0.05667938613098283,813000,0,0.046969696969696974,1.106060606060606,1.0,D-1 estimated accounting; fill-day constraints require ledger audit,momentum,V4_MOMENTUM_full,disabled,2015-01-27,risk_on,0.0160196675167898,0.018952491359400803,0.02322788585494684,0.7803030303030303,0.0721438690400744,0.7878787878787878,0.7878787878787878,,,{},3044.TW,2015-01-27,2015-01-28
0.025419878229766622,751000,0,0.012878787878787878,0.6843434343434345,1.0,D-1 estimated accounting; fill-day constraints require ledger audit,momentum,V4_MOMENTUM_full,disabled,2015-01-27,risk_on,0.0160196675167898,0.018952491359400803,0.02322788585494684,0.7803030303030303,0.0721438690400744,0.7878787878787878,0.7878787878787878,,,{},3105.TWO,2015-01-27,2015-01-28
0.0063684504681325044,67000,0,0.04772727272727273,1.1085858585858583,1.0,D-1 estimated accounting; fill-day constraints require ledger audit,momentum,V4_MOMENTUM_full,disabled,2015-01-27,risk_on,0.0160196675167898,0.018952491359400803,0.02322788585494684,0.7803030303030303,0.0721438690400744,0.7878787878787878,0.7878787878787878,,,{},3227.TWO,2015-01-27,2015-01-28
0.057096972034014114,1049000,0,0.04090909090909091,0.9929292929292931,1.0,D-1 estimated accounting; fill-day constraints require ledger audit,momentum,V4_MOMENTUM_full,disabled,2015-01-27,risk_on,0.0160196675167898,0.018952491359400803,0.02322788585494684,0.7803030303030303,0.0721438690400744,0.7878787878787878,0.7878787878787878,,,{},3680.TWO,2015-01-27,2015-01-28
0.045901078865346605,589000,0,0.026515151515151516,0.8171717171717172,1.0,D-1 estimated accounting; fill-day constraints require ledger audit,momentum,V4_MOMENTUM_full,disabled,2015-01-27,risk_on,0.0160196675167898,0.018952491359400803,0.02322788585494684,0.7803030303030303,0.0721438690400744,0.7878787878787878,0.7878787878787878,,,{},4904.TW,2015-01-27,2015-01-28
0.06684994638675874,830000,0,0.021212121212121217,0.7752525252525253,1.0,D-1 estimated accounting; fill-day constraints require ledger audit,momentum,V4_MOMENTUM_full,disabled,2015-01-27,risk_on,0.0160196675167898,0.018952491359400803,0.02322788585494684,0.7803030303030303,0.0721438690400744,0.7878787878787878,0.7878787878787878,,,{},4938.TW,2015-01-27,2015-01-28
0.06379194747632946,1157000,0,0.0303030303030303,0.8409090909090908,1.0,D-1 estimated accounting; fill-day constraints require ledger audit,momentum,V4_MOMENTUM_full,disabled,2015-01-27,risk_on,0.0160196675167898,0.018952491359400803,0.02322788585494684,0.7803030303030303,0.0721438690400744,0.7878787878787878,0.7878787878787878,,,{},5347.TWO,2015-01-27,2015-01-28
0.053054645437398455,1168000,0,0.04924242424242425,1.148989898989899,1.0,D-1 estimated accounting; fill-day constraints require ledger audit,momentum,V4_MOMENTUM_full,disabled,2015-01-27,risk_on,0.0160196675167898,0.018952491359400803,0.02322788585494684,0.7803030303030303,0.0721438690400744,0.7878787878787878,0.7878787878787878,,,{},6187.TWO,2015-01-27,2015-01-28
0.06325523911446033,1797000,0,0.02803030303030303,0.8277777777777778,1.0,D-1 estimated accounting; fill-day constraints require ledger audit,momentum,V4_MOMENTUM_full,disabled,2015-01-27,risk_on,0.0160196675167898,0.018952491359400803,0.02322788585494684,0.7803030303030303,0.0721438690400744,0.7878787878787878,0.7878787878787878,,,{},6290.TWO,2015-01-27,2015-01-28
0.015654794442008544,68000,0,0.03181818181818182,0.845959595959596,1.0,D-1 estimated accounting; fill-day constraints require ledger audit,momentum,V4_MOMENTUM_full,disabled,2015-01-27,risk_on,0.0160196675167898,0.018952491359400803,0.02322788585494684,0.7803030303030303,0.0721438690400744,0.7878787878787878,0.7878787878787878,,,{},8299.TWO,2015-01-27,2015-01-28
0.024824109488760522,53000,0,0.041666666666666664,0.9984848484848483,1.0,D-1 estimated accounting; fill-day constraints require ledger audit,momentum,V4_MOMENTUM_full,disabled,2015-01-28,risk_on,0.015730791583769207,0.01324561481452069,0.014879991643376611,0.7651515151515151,0.07165772138249273,0.7727272727272727,0.7803030303030303,,,{},2059.TW,2015-01-28,2015-01-29
0.049485818261239434,2014000,0,0.04242424242424242,1.0095959595959594,1.0,D-1 estimated accounting; fill-day constraints require ledger audit,momentum,V4_MOMENTUM_full,disabled,2015-01-28,risk_on,0.015730791583769207,0.01324561481452069,0.014879991643376611,0.7651515151515151,0.07165772138249273,0.7727272727272727,0.7803030303030303,,,{},2356.TW,2015-01-28,2015-01-29
0.011392438046841888,506000,0,0.04469696969696971,1.0444444444444445,1.0,D-1 estimated accounting; fill-day constraints require ledger audit,momentum,V4_MOMENTUM_full,disabled,2015-01-28,risk_on,0.015730791583769207,0.01324561481452069,0.014879991643376611,0.7651515151515151,0.07165772138249273,0.7727272727272727,0.7803030303030303,,,{},2368.TW,2015-01-28,2015-01-29
0.0690043827808335,1732000,0,0.043939393939393945,1.0287878787878788,1.0,D-1 estimated accounting; fill-day constraints require ledger audit,momentum,V4_MOMENTUM_full,disabled,2015-01-28,risk_on,0.015730791583769207,0.01324561481452069,0.014879991643376611,0.7651515151515151,0.07165772138249273,0.7727272727272727,0.7803030303030303,,,{},2376.TW,2015-01-28,2015-01-29
0.0377069898391673,153000,0,0.03484848484848485,0.9005050505050504,1.0,D-1 estimated accounting; fill-day constraints require ledger audit,momentum,V4_MOMENTUM_full,disabled,2015-01-28,risk_on,0.015730791583769207,0.01324561481452069,0.014879991643376611,0.7651515151515151,0.07165772138249273,0.7727272727272727,0.7803030303030303,,,{},2395.TW,2015-01-28,2015-01-29
0.0,0,-829000,-0.008333333333333331,0.5333333333333334,1.0,D-1 estimated accounting; fill-day constraints require ledger audit,momentum,V4_MOMENTUM_full,disabled,2015-01-28,risk_on,0.015730791583769207,0.01324561481452069,0.014879991643376611,0.7651515151515151,0.07165772138249273,0.7727272727272727,0.7803030303030303,,,{},2603.TW,2015-01-28,2015-01-29
0.07008528515172745,4007000,0,0.031060606060606056,0.8727272727272726,1.0,D-1 estimated accounting; fill-day constraints require ledger audit,momentum,V4_MOMENTUM_full,disabled,2015-01-28,risk_on,0.015730791583769207,0.01324561481452069,0.014879991643376611,0.7651515151515151,0.07165772138249273,0.7727272727272727,0.7803030303030303,,,{},2609.TW,2015-01-28,2015-01-29
0.05195900476855888,3222000,0,0.016666666666666663,0.7232323232323233,1.0,D-1 estimated accounting; fill-day constraints require ledger audit,momentum,V4_MOMENTUM_full,disabled,2015-01-28,risk_on,0.015730791583769207,0.01324561481452069,0.014879991643376611,0.7651515151515151,0.07165772138249273,0.7727272727272727,0.7803030303030303,,,{},2610.TW,2015-01-28,2015-01-29
0.04818719379716683,1473000,0,0.0030303030303030277,0.6111111111111112,1.0,D-1 estimated accounting; fill-day constraints require ledger audit,momentum,V4_MOMENTUM_full,disabled,2015-01-28,risk_on,0.015730791583769207,0.01324561481452069,0.014879991643376611,0.7651515151515151,0.07165772138249273,0.7727272727272727,0.7803030303030303,,,{},2615.TW,2015-01-28,2015-01-29
0.020279113407826052,1892000,0,0.037121212121212124,0.9459595959595961,1.0,D-1 estimated accounting; fill-day constraints require ledger audit,momentum,V4_MOMENTUM_full,disabled,2015-01-28,risk_on,0.015730791583769207,0.01324561481452069,0.014879991643376611,0.7651515151515151,0.07165772138249273,0.7727272727272727,0.7803030303030303,,,{},2883.TW,2015-01-28,2015-01-29
0.06810923286320283,24000,0,0.04621212121212122,1.071212121212121,1.0,D-1 estimated accounting; fill-day constraints require ledger audit,momentum,V4_MOMENTUM_full,disabled,2015-01-28,risk_on,0.015730791583769207,0.01324561481452069,0.014879991643376611,0.7651515151515151,0.07165772138249273,0.7727272727272727,0.7803030303030303,,,{},3008.TW,2015-01-28,2015-01-29
0.030307976813059738,162000,0,0.023484848484848487,0.7792929292929294,1.0,D-1 estimated accounting; fill-day constraints require ledger audit,momentum,V4_MOMENTUM_full,disabled,2015-01-28,risk_on,0.015730791583769207,0.01324561481452069,0.014879991643376611,0.7651515151515151,0.07165772138249273,0.7727272727272727,0.7803030303030303,,,{},3034.TW,2015-01-28,2015-01-29
0.056332021877458435,813000,0,0.032575757575757584,0.874242424242424,1.0,D-1 estimated accounting; fill-day constraints require ledger audit,momentum,V4_MOMENTUM_full,disabled,2015-01-28,risk_on,0.015730791583769207,0.01324561481452069,0.014879991643376611,0.7651515151515151,0.07165772138249273,0.7727272727272727,0.7803030303030303,,,{},3044.TW,2015-01-28,2015-01-29
0.025677509331181538,751000,0,0.034090909090909095,0.8818181818181818,1.0,D-1 estimated accounting; fill-day constraints require ledger audit,momentum,V4_MOMENTUM_full,disabled,2015-01-28,risk_on,0.015730791583769207,0.01324561481452069,0.014879991643376611,0.7651515151515151,0.07165772138249273,0.7727272727272727,0.7803030303030303,,,{},3105.TWO,2015-01-28,2015-01-29
0.006298145425543146,67000,0,0.046969696969696974,1.105050505050505,1.0,D-1 estimated accounting; fill-day constraints require ledger audit,momentum,V4_MOMENTUM_full,disabled,2015-01-28,risk_on,0.015730791583769207,0.01324561481452069,0.014879991643376611,0.7651515151515151,0.07165772138249273,0.7727272727272727,0.7803030303030303,,,{},3227.TWO,2015-01-28,2015-01-29
0.056760137055455705,1049000,0,0.03636363636363637,0.9353535353535354,1.0,D-1 estimated accounting; fill-day constraints require ledger audit,momentum,V4_MOMENTUM_full,disabled,2015-01-28,risk_on,0.015730791583769207,0.01324561481452069,0.014879991643376611,0.7651515151515151,0.07165772138249273,0.7727272727272727,0.7803030303030303,,,{},3680.TWO,2015-01-28,2015-01-29
0.045826570749280676,589000,0,0.012121212121212123,0.6727272727272728,1.0,D-1 estimated accounting; fill-day constraints require ledger audit,momentum,V4_MOMENTUM_full,disabled,2015-01-28,risk_on,0.015730791583769207,0.01324561481452069,0.014879991643376611,0.7651515151515151,0.07165772138249273,0.7727272727272727,0.7803030303030303,,,{},4904.TW,2015-01-28,2015-01-29
0.07052224568464202,830000,0,0.04848484848484849,1.1186868686868687,1.0,D-1 estimated accounting; fill-day constraints require ledger audit,momentum,V4_MOMENTUM_full,disabled,2015-01-28,risk_on,0.015730791583769207,0.01324561481452069,0.014879991643376611,0.7651515151515151,0.07165772138249273,0.7727272727272727,0.7803030303030303,,,{},4938.TW,2015-01-28,2015-01-29
0.041982834406189676,141000,141000,0.05,1.1707070707070706,1.0,D-1 estimated accounting; fill-day constraints require ledger audit,momentum,V4_MOMENTUM_full,disabled,2015-01-28,risk_on,0.015730791583769207,0.01324561481452069,0.014879991643376611,0.7651515151515151,0.07165772138249273,0.7727272727272727,0.7803030303030303,,,{},5274.TWO,2015-01-28,2015-01-29
0.06295213822199126,1157000,0,-0.004545454545454547,0.5585858585858585,1.0,D-1 estimated accounting; fill-day constraints require ledger audit,momentum,V4_MOMENTUM_full,disabled,2015-01-28,risk_on,0.015730791583769207,0.01324561481452069,0.014879991643376611,0.7651515151515151,0.07165772138249273,0.7727272727272727,0.7803030303030303,,,{},5347.TWO,2015-01-28,2015-01-29
0.05291928177082349,1168000,0,0.04772727272727273,1.1131313131313132,1.0,D-1 estimated accounting; fill-day constraints require ledger audit,momentum,V4_MOMENTUM_full,disabled,2015-01-28,risk_on,0.015730791583769207,0.01324561481452069,0.014879991643376611,0.7651515151515151,0.07165772138249273,0.7727272727272727,0.7803030303030303,,,{},6187.TWO,2015-01-28,2015-01-29
0.06287126640560453,1797000,0,0.01515151515151515,0.7085858585858587,1.0,D-1 estimated accounting; fill-day constraints require ledger audit,momentum,V4_MOMENTUM_full,disabled,2015-01-28,risk_on,0.015730791583769207,0.01324561481452069,0.014879991643376611,0.7651515151515151,0.07165772138249273,0.7727272727272727,0.7803030303030303,,,{},6290.TWO,2015-01-28,2015-01-29
0.015441967890194506,68000,0,0.021212121212121217,0.7454545454545454,1.0,D-1 estimated accounting; fill-day constraints require ledger audit,momentum,V4_MOMENTUM_full,disabled,2015-01-28,risk_on,0.015730791583769207,0.01324561481452069,0.014879991643376611,0.7651515151515151,0.07165772138249273,0.7727272727272727,0.7803030303030303,,,{},8299.TWO,2015-01-28,2015-01-29
0.025142784072939003,53000,0,0.046969696969696974,1.0767676767676768,1.0,D-1 estimated accounting; fill-day constraints require ledger audit,momentum,V4_MOMENTUM_full,disabled,2015-01-29,risk_on,0.015838023689887105,-0.0010823363825605004,0.007908172954090076,0.45454545454545453,0.0720895480224272,0.6060606060606061,0.7045454545454546,,,{},2059.TW,2015-01-29,2015-01-30
0.021124638207076787,356000,356000,0.04924242424242425,1.168686868686869,1.0,D-1 estimated accounting; fill-day constraints require ledger audit,momentum,V4_MOMENTUM_full,disabled,2015-01-29,risk_on,0.015838023689887105,-0.0010823363825605004,0.007908172954090076,0.45454545454545453,0.0720895480224272,0.6060606060606061,0.7045454545454546,,,{},2327.TW,2015-01-29,2015-01-30
0.04939469014053047,2014000,0,0.04318181818181818,1.0040404040404038,1.0,D-1 estimated accounting; fill-day constraints require ledger audit,momentum,V4_MOMENTUM_full,disabled,2015-01-29,risk_on,0.015838023689887105,-0.0010823363825605004,0.007908172954090076,0.45454545454545453,0.0720895480224272,0.6060606060606061,0.7045454545454546,,,{},2356.TW,2015-01-29,2015-01-30
0.011824081269311717,506000,0,0.04469696969696971,1.0378787878787878,1.0,D-1 estimated accounting; fill-day constraints require ledger audit,momentum,V4_MOMENTUM_full,disabled,2015-01-29,risk_on,0.015838023689887105,-0.0010823363825605004,0.007908172954090076,0.45454545454545453,0.0720895480224272,0.6060606060606061,0.7045454545454546,,,{},2368.TW,2015-01-29,2015-01-30
0.06876477374389886,1732000,0,0.019696969696969702,0.7222222222222223,1.0,D-1 estimated accounting; fill-day constraints require ledger audit,momentum,V4_MOMENTUM_full,disabled,2015-01-29,risk_on,0.015838023689887105,-0.0010823363825605004,0.007908172954090076,0.45454545454545453,0.0720895480224272,0.6060606060606061,0.7045454545454546,,,{},2376.TW,2015-01-29,2015-01-30
0.03748072929264026,153000,0,0.025,0.808080808080808,1.0,D-1 estimated accounting; fill-day constraints require ledger audit,momentum,V4_MOMENTUM_full,disabled,2015-01-29,risk_on,0.015838023689887105,-0.0010823363825605004,0.007908172954090076,0.45454545454545453,0.0720895480224272,0.6060606060606061,0.7045454545454546,,,{},2395.TW,2015-01-29,2015-01-30
0.0691929724182008,4007000,0,0.006818181818181824,0.6383838383838383,1.0,D-1 estimated accounting; fill-day constraints require ledger audit,momentum,V4_MOMENTUM_full,disabled,2015-01-29,risk_on,0.015838023689887105,-0.0010823363825605004,0.007908172954090076,0.45454545454545453,0.0720895480224272,0.6060606060606061,0.7045454545454546,,,{},2609.TW,2015-01-29,2015-01-30
0.05185316096635406,3222000,0,0.012878787878787878,0.6878787878787879,1.0,D-1 estimated accounting; fill-day constraints require ledger audit,momentum,V4_MOMENTUM_full,disabled,2015-01-29,risk_on,0.015838023689887105,-0.0010823363825605004,0.007908172954090076,0.45454545454545453,0.0720895480224272,0.6060606060606061,0.7045454545454546,,,{},2610.TW,2015-01-29,2015-01-30
0.04885022779993433,1473000,0,0.00757575757575758,0.6434343434343435,1.0,D-1 estimated accounting; fill-day constraints require ledger audit,momentum,V4_MOMENTUM_full,disabled,2015-01-29,risk_on,0.015838023689887105,-0.0010823363825605004,0.007908172954090076,0.45454545454545453,0.0720895480224272,0.6060606060606061,0.7045454545454546,,,{},2615.TW,2015-01-29,2015-01-30
0.020204770908837353,1892000,0,0.025757575757575757,0.8186868686868688,1.0,D-1 estimated accounting; fill-day constraints require ledger audit,momentum,V4_MOMENTUM_full,disabled,2015-01-29,risk_on,0.015838023689887105,-0.0010823363825605004,0.007908172954090076,0.45454545454545453,0.0720895480224272,0.6060606060606061,0.7045454545454546,,,{},2883.TW,2015-01-29,2015-01-30
0.0660802630572001,24000,0,0.03787878787878788,0.956060606060606,1.0,D-1 estimated accounting; fill-day constraints require ledger audit,momentum,V4_MOMENTUM_full,disabled,2015-01-29,risk_on,0.015838023689887105,-0.0010823363825605004,0.007908172954090076,0.45454545454545453,0.0720895480224272,0.6060606060606061,0.7045454545454546,,,{},3008.TW,2015-01-29,2015-01-30
0.0,0,-162000,-0.025,0.38737373737373737,1.0,D-1 estimated accounting; fill-day constraints require ledger audit,momentum,V4_MOMENTUM_full,disabled,2015-01-29,risk_on,0.015838023689887105,-0.0010823363825605004,0.007908172954090076,0.45454545454545453,0.0720895480224272,0.6060606060606061,0.7045454545454546,,,{},3034.TW,2015-01-29,2015-01-30
0.056848028902241936,813000,0,0.038636363636363635,0.966161616161616,1.0,D-1 estimated accounting; fill-day constraints require ledger audit,momentum,V4_MOMENTUM_full,disabled,2015-01-29,risk_on,0.015838023689887105,-0.0010823363825605004,0.007908172954090076,0.45454545454545453,0.0720895480224272,0.6060606060606061,0.7045454545454546,,,{},3044.TW,2015-01-29,2015-01-30
0.025758659684835365,751000,0,0.037121212121212124,0.935858585858586,1.0,D-1 estimated accounting; fill-day constraints require ledger audit,momentum,V4_MOMENTUM_full,disabled,2015-01-29,risk_on,0.015838023689887105,-0.0010823363825605004,0.007908172954090076,0.45454545454545453,0.0720895480224272,0.6060606060606061,0.7045454545454546,,,{},3105.TWO,2015-01-29,2015-01-30
0.006309960184091406,67000,0,0.04621212121212122,1.0676767676767676,1.0,D-1 estimated accounting; fill-day constraints require ledger audit,momentum,V4_MOMENTUM_full,disabled,2015-01-29,risk_on,0.015838023689887105,-0.0010823363825605004,0.007908172954090076,0.45454545454545453,0.0720895480224272,0.6060606060606061,0.7045454545454546,,,{},3227.TWO,2015-01-29,2015-01-30
0.057042142229095184,1049000,0,0.018181818181818177,0.7181818181818183,1.0,D-1 estimated accounting; fill-day constraints require ledger audit,momentum,V4_MOMENTUM_full,disabled,2015-01-29,risk_on,0.015838023689887105,-0.0010823363825605004,0.007908172954090076,0.45454545454545453,0.0720895480224272,0.6060606060606061,0.7045454545454546,,,{},3680.TWO,2015-01-29,2015-01-30
0.04649463703734296,589000,0,0.028787878787878786,0.857070707070707,1.0,D-1 estimated accounting; fill-day constraints require ledger audit,momentum,V4_MOMENTUM_full,disabled,2015-01-29,risk_on,0.015838023689887105,-0.0010823363825605004,0.007908172954090076,0.45454545454545453,0.0720895480224272,0.6060606060606061,0.7045454545454546,,,{},4904.TW,2015-01-29,2015-01-30
0.07050865211463031,830000,0,0.04848484848484849,1.1671717171717173,1.0,D-1 estimated accounting; fill-day constraints require ledger audit,momentum,V4_MOMENTUM_full,disabled,2015-01-29,risk_on,0.015838023689887105,-0.0010823363825605004,0.007908172954090076,0.45454545454545453,0.0720895480224272,0.6060606060606061,0.7045454545454546,,,{},4938.TW,2015-01-29,2015-01-30
0.04264618708511403,141000,0,0.05,1.178787878787879,1.0,D-1 estimated accounting; fill-day constraints require ledger audit,momentum,V4_MOMENTUM_full,disabled,2015-01-29,risk_on,0.015838023689887105,-0.0010823363825605004,0.007908172954090076,0.45454545454545453,0.0720895480224272,0.6060606060606061,0.7045454545454546,,,{},5274.TWO,2015-01-29,2015-01-30
0.06303038511515455,1157000,0,-0.013636363636363636,0.4914141414141414,1.0,D-1 estimated accounting; fill-day constraints require ledger audit,momentum,V4_MOMENTUM_full,disabled,2015-01-29,risk_on,0.015838023689887105,-0.0010823363825605004,0.007908172954090076,0.45454545454545453,0.0720895480224272,0.6060606060606061,0.7045454545454546,,,{},5347.TWO,2015-01-29,2015-01-30
0.053720863206636126,1168000,0,0.04772727272727273,1.1464646464646464,1.0,D-1 estimated accounting; fill-day constraints require ledger audit,momentum,V4_MOMENTUM_full,disabled,2015-01-29,risk_on,0.015838023689887105,-0.0010823363825605004,0.007908172954090076,0.45454545454545453,0.0720895480224272,0.6060606060606061,0.7045454545454546,,,{},6187.TWO,2015-01-29,2015-01-30
0.06280536690336809,1797000,0,0.01515151515151515,0.6984848484848485,1.0,D-1 estimated accounting; fill-day constraints require ledger audit,momentum,V4_MOMENTUM_full,disabled,2015-01-29,risk_on,0.015838023689887105,-0.0010823363825605004,0.007908172954090076,0.45454545454545453,0.0720895480224272,0.6060606060606061,0.7045454545454546,,,{},6290.TWO,2015-01-29,2015-01-30
0.015711175098320772,68000,0,0.018939393939393947,0.7202020202020203,1.0,D-1 estimated accounting; fill-day constraints require ledger audit,momentum,V4_MOMENTUM_full,disabled,2015-01-29,risk_on,0.015838023689887105,-0.0010823363825605004,0.007908172954090076,0.45454545454545453,0.0720895480224272,0.6060606060606061,0.7045454545454546,,,{},8299.TWO,2015-01-29,2015-01-30
0.02507207369180924,53000,0,0.04621212121212122,1.0767676767676768,1.0,D-1 estimated accounting; fill-day constraints require ledger audit,momentum,V4_MOMENTUM_full,disabled,2015-01-30,neutral,0.015752326251133007,-0.007462678504802367,-0.0010881547202435948,0.3106060606060606,0.07145083649373657,0.5151515151515151,0.6666666666666666,,,{},2059.TW,2015-01-30,2015-02-02
0.020665715320085196,356000,0,0.04848484848484849,1.1545454545454545,1.0,D-1 estimated accounting; fill-day constraints require ledger audit,momentum,V4_MOMENTUM_full,disabled,2015-01-30,neutral,0.015752326251133007,-0.007462678504802367,-0.0010881547202435948,0.3106060606060606,0.07145083649373657,0.5151515151515151,0.6666666666666666,,,{},2327.TW,2015-01-30,2015-02-02
0.04822961286572606,2014000,0,0.04090909090909091,0.9828282828282828,1.0,D-1 estimated accounting; fill-day constraints require ledger audit,momentum,V4_MOMENTUM_full,disabled,2015-01-30,neutral,0.015752326251133007,-0.007462678504802367,-0.0010881547202435948,0.3106060606060606,0.07145083649373657,0.5151515151515151,0.6666666666666666,,,{},2356.TW,2015-01-30,2015-02-02
0.011455421300804984,506000,0,0.03484848484848485,0.9045454545454545,1.0,D-1 estimated accounting; fill-day constraints require ledger audit,momentum,V4_MOMENTUM_full,disabled,2015-01-30,neutral,0.015752326251133007,-0.007462678504802367,-0.0010881547202435948,0.3106060606060606,0.07145083649373657,0.5151515151515151,0.6666666666666666,,,{},2368.TW,2015-01-30,2015-02-02
0.06901264022504781,1732000,0,0.03636363636363637,0.9272727272727274,1.0,D-1 estimated accounting; fill-day constraints require ledger audit,momentum,V4_MOMENTUM_full,disabled,2015-01-30,neutral,0.015752326251133007,-0.007462678504802367,-0.0010881547202435948,0.3106060606060606,0.07145083649373657,0.5151515151515151,0.6666666666666666,,,{},2376.TW,2015-01-30,2015-02-02
0.03721893816265205,153000,0,0.037121212121212124,0.9373737373737374,1.0,D-1 estimated accounting; fill-day constraints require ledger audit,momentum,V4_MOMENTUM_full,disabled,2015-01-30,neutral,0.015752326251133007,-0.007462678504802367,-0.0010881547202435948,0.3106060606060606,0.07145083649373657,0.5151515151515151,0.6666666666666666,,,{},2395.TW,2015-01-30,2015-02-02
0.06899837736313456,4007000,0,0.025757575757575757,0.805050505050505,1.0,D-1 estimated accounting; fill-day constraints require ledger audit,momentum,V4_MOMENTUM_full,disabled,2015-01-30,neutral,0.015752326251133007,-0.007462678504802367,-0.0010881547202435948,0.3106060606060606,0.07145083649373657,0.5151515151515151,0.6666666666666666,,,{},2609.TW,2015-01-30,2015-02-02
0.052199782356867085,3222000,0,0.02272727272727273,0.7904040404040406,1.0,D-1 estimated accounting; fill-day constraints require ledger audit,momentum,V4_MOMENTUM_full,disabled,2015-01-30,neutral,0.015752326251133007,-0.007462678504802367,-0.0010881547202435948,0.3106060606060606,0.07145083649373657,0.5151515151515151,0.6666666666666666,,,{},2610.TW,2015-01-30,2015-02-02
0.04991377669432306,1473000,0,0.031060606060606056,0.8606060606060606,1.0,D-1 estimated accounting; fill-day constraints require ledger audit,momentum,V4_MOMENTUM_full,disabled,2015-01-30,neutral,0.015752326251133007,-0.007462678504802367,-0.0010881547202435948,0.3106060606060606,0.07145083649373657,0.5151515151515151,0.6666666666666666,,,{},2615.TW,2015-01-30,2015-02-02
0.02005154629834171,1892000,0,0.0,0.5868686868686869,1.0,D-1 estimated accounting; fill-day constraints require ledger audit,momentum,V4_MOMENTUM_full,disabled,2015-01-30,neutral,0.015752326251133007,-0.007462678504802367,-0.0010881547202435948,0.3106060606060606,0.07145083649373657,0.5151515151515151,0.6666666666666666,,,{},2883.TW,2015-01-30,2015-02-02
0.06589442203926134,24000,0,0.012121212121212123,0.7318181818181818,1.0,D-1 estimated accounting; fill-day constraints require ledger audit,momentum,V4_MOMENTUM_full,disabled,2015-01-30,neutral,0.015752326251133007,-0.007462678504802367,-0.0010881547202435948,0.3106060606060606,0.07145083649373657,0.5151515151515151,0.6666666666666666,,,{},3008.TW,2015-01-30,2015-02-02
0.05677102960006692,813000,0,0.04469696969696971,1.057070707070707,1.0,D-1 estimated accounting; fill-day constraints require ledger audit,momentum,V4_MOMENTUM_full,disabled,2015-01-30,neutral,0.015752326251133007,-0.007462678504802367,-0.0010881547202435948,0.3106060606060606,0.07145083649373657,0.5151515151515151,0.6666666666666666,,,{},3044.TW,2015-01-30,2015-02-02
0.02549481473115976,751000,0,0.04015151515151515,0.9651515151515151,1.0,D-1 estimated accounting; fill-day constraints require ledger audit,momentum,V4_MOMENTUM_full,disabled,2015-01-30,neutral,0.015752326251133007,-0.007462678504802367,-0.0010881547202435948,0.3106060606060606,0.07145083649373657,0.5151515151515151,0.6666666666666666,,,{},3105.TWO,2015-01-30,2015-02-02
0.006147802872540547,67000,0,0.04545454545454546,1.0742424242424242,1.0,D-1 estimated accounting; fill-day constraints require ledger audit,momentum,V4_MOMENTUM_full,disabled,2015-01-30,neutral,0.015752326251133007,-0.007462678504802367,-0.0010881547202435948,0.3106060606060606,0.07145083649373657,0.5151515151515151,0.6666666666666666,,,{},3227.TWO,2015-01-30,2015-02-02
0.05677479907071543,1049000,0,0.014393939393939393,0.7550505050505052,1.0,D-1 estimated accounting; fill-day constraints require ledger audit,momentum,V4_MOMENTUM_full,disabled,2015-01-30,neutral,0.015752326251133007,-0.007462678504802367,-0.0010881547202435948,0.3106060606060606,0.07145083649373657,0.5151515151515151,0.6666666666666666,,,{},3680.TWO,2015-01-30,2015-02-02
0.046363877711094,589000,0,0.03333333333333334,0.9015151515151517,1.0,D-1 estimated accounting; fill-day constraints require ledger audit,momentum,V4_MOMENTUM_full,disabled,2015-01-30,neutral,0.015752326251133007,-0.007462678504802367,-0.0010881547202435948,0.3106060606060606,0.07145083649373657,0.5151515151515151,0.6666666666666666,,,{},4904.TW,2015-01-30,2015-02-02
0.07191793425798634,830000,0,0.05,1.193434343434343,1.0,D-1 estimated accounting; fill-day constraints require ledger audit,momentum,V4_MOMENTUM_full,disabled,2015-01-30,neutral,0.015752326251133007,-0.007462678504802367,-0.0010881547202435948,0.3106060606060606,0.07145083649373657,0.5151515151515151,0.6666666666666666,,,{},4938.TW,2015-01-30,2015-02-02
0.04202170221797963,141000,0,0.04772727272727273,1.1383838383838385,1.0,D-1 estimated accounting; fill-day constraints require ledger audit,momentum,V4_MOMENTUM_full,disabled,2015-01-30,neutral,0.015752326251133007,-0.007462678504802367,-0.0010881547202435948,0.3106060606060606,0.07145083649373657,0.5151515151515151,0.6666666666666666,,,{},5274.TWO,2015-01-30,2015-02-02
0.06356066125870417,1157000,0,0.004545454545454542,0.6454545454545455,1.0,D-1 estimated accounting; fill-day constraints require ledger audit,momentum,V4_MOMENTUM_full,disabled,2015-01-30,neutral,0.015752326251133007,-0.007462678504802367,-0.0010881547202435948,0.3106060606060606,0.07145083649373657,0.5151515151515151,0.6666666666666666,,,{},5347.TWO,2015-01-30,2015-02-02
0.05374834711970302,1168000,0,0.04924242424242425,1.17020202020202,1.0,D-1 estimated accounting; fill-day constraints require ledger audit,momentum,V4_MOMENTUM_full,disabled,2015-01-30,neutral,0.015752326251133007,-0.007462678504802367,-0.0010881547202435948,0.3106060606060606,0.07145083649373657,0.5151515151515151,0.6666666666666666,,,{},6187.TWO,2015-01-30,2015-02-02
0.06381904828390064,1797000,0,0.041666666666666664,0.9914141414141414,1.0,D-1 estimated accounting; fill-day constraints require ledger audit,momentum,V4_MOMENTUM_full,disabled,2015-01-30,neutral,0.015752326251133007,-0.007462678504802367,-0.0010881547202435948,0.3106060606060606,0.07145083649373657,0.5151515151515151,0.6666666666666666,,,{},6290.TWO,2015-01-30,2015-02-02
0.015771668948512754,68000,0,0.015909090909090907,0.759090909090909,1.0,D-1 estimated accounting; fill-day constraints require ledger audit,momentum,V4_MOMENTUM_full,disabled,2015-01-30,neutral,0.015752326251133007,-0.007462678504802367,-0.0010881547202435948,0.3106060606060606,0.07145083649373657,0.5151515151515151,0.6666666666666666,,,{},8299.TWO,2015-01-30,2015-02-02
0.02571149897223468,53000,0,0.04545454545454546,1.0944444444444446,1.0,D-1 estimated accounting; fill-day constraints require ledger audit,momentum,V4_MOMENTUM_full,disabled,2015-02-02,neutral,0.01584217996151608,-0.008307865439389384,0.003441920101944662,0.2727272727272727,0.06941796690546537,0.5151515151515151,0.6742424242424242,,,{},2059.TW,2015-02-02,2015-02-03
0.021526063733356412,356000,0,0.04924242424242425,1.1974747474747476,1.0,D-1 estimated accounting; fill-day constraints require ledger audit,momentum,V4_MOMENTUM_full,disabled,2015-02-02,neutral,0.01584217996151608,-0.008307865439389384,0.003441920101944662,0.2727272727272727,0.06941796690546537,0.5151515151515151,0.6742424242424242,,,{},2327.TW,2015-02-02,2015-02-03
0.049131344302249004,2014000,0,0.0393939393939394,0.8999999999999999,1.0,D-1 estimated accounting; fill-day constraints require ledger audit,momentum,V4_MOMENTUM_full,disabled,2015-02-02,neutral,0.01584217996151608,-0.008307865439389384,0.003441920101944662,0.2727272727272727,0.06941796690546537,0.5151515151515151,0.6742424242424242,,,{},2356.TW,2015-02-02,2015-02-03
0.010870599544501577,506000,0,0.0030303030303030277,0.6186868686868687,1.0,D-1 estimated accounting; fill-day constraints require ledger audit,momentum,V4_MOMENTUM_full,disabled,2015-02-02,neutral,0.01584217996151608,-0.008307865439389384,0.003441920101944662,0.2727272727272727,0.06941796690546537,0.5151515151515151,0.6742424242424242,,,{},2368.TW,2015-02-02,2015-02-03
0.06867336201049237,1732000,0,0.025,0.7954545454545454,1.0,D-1 estimated accounting; fill-day constraints require ledger audit,momentum,V4_MOMENTUM_full,disabled,2015-02-02,neutral,0.01584217996151608,-0.008307865439389384,0.003441920101944662,0.2727272727272727,0.06941796690546537,0.5151515151515151,0.6742424242424242,,,{},2376.TW,2015-02-02,2015-02-03
0.03798859083111126,153000,0,0.04469696969696971,1.0373737373737373,1.0,D-1 estimated accounting; fill-day constraints require ledger audit,momentum,V4_MOMENTUM_full,disabled,2015-02-02,neutral,0.01584217996151608,-0.008307865439389384,0.003441920101944662,0.2727272727272727,0.06941796690546537,0.5151515151515151,0.6742424242424242,,,{},2395.TW,2015-02-02,2015-02-03
0.0,0,-4007000,-0.03787878787878788,0.2823232323232323,1.0,D-1 estimated accounting; fill-day constraints require ledger audit,momentum,V4_MOMENTUM_full,disabled,2015-02-02,neutral,0.01584217996151608,-0.008307865439389384,0.003441920101944662,0.2727272727272727,0.06941796690546537,0.5151515151515151,0.6742424242424242,,,{},2609.TW,2015-02-02,2015-02-03
0.04996865213332521,3222000,0,-0.020454545454545454,0.4409090909090909,1.0,D-1 estimated accounting; fill-day constraints require ledger audit,momentum,V4_MOMENTUM_full,disabled,2015-02-02,neutral,0.01584217996151608,-0.008307865439389384,0.003441920101944662,0.2727272727272727,0.06941796690546537,0.5151515151515151,0.6742424242424242,,,{},2610.TW,2015-02-02,2015-02-03
0.05038742157500894,1473000,0,0.04242424242424242,0.9696969696969696,1.0,D-1 estimated accounting; fill-day constraints require ledger audit,momentum,V4_MOMENTUM_full,disabled,2015-02-02,neutral,0.01584217996151608,-0.008307865439389384,0.003441920101944662,0.2727272727272727,0.06941796690546537,0.5151515151515151,0.6742424242424242,,,{},2615.TW,2015-02-02,2015-02-03
0.020114257216282263,1892000,0,0.0037878787878787845,0.6186868686868688,1.0,D-1 estimated accounting; fill-day constraints require ledger audit,momentum,V4_MOMENTUM_full,disabled,2015-02-02,neutral,0.01584217996151608,-0.008307865439389384,0.003441920101944662,0.2727272727272727,0.06941796690546537,0.5151515151515151,0.6742424242424242,,,{},2883.TW,2015-02-02,2015-02-03
0.06704880767811458,24000,0,0.024242424242424246,0.7924242424242424,1.0,D-1 estimated accounting; fill-day constraints require ledger audit,momentum,V4_MOMENTUM_full,disabled,2015-02-02,neutral,0.01584217996151608,-0.008307865439389384,0.003441920101944662,0.2727272727272727,0.06941796690546537,0.5151515151515151,0.6742424242424242,,,{},3008.TW,2015-02-02,2015-02-03
0.05580354400708453,813000,0,0.016666666666666663,0.741919191919192,1.0,D-1 estimated accounting; fill-day constraints require ledger audit,momentum,V4_MOMENTUM_full,disabled,2015-02-02,neutral,0.01584217996151608,-0.008307865439389384,0.003441920101944662,0.2727272727272727,0.06941796690546537,0.5151515151515151,0.6742424242424242,,,{},3044.TW,2015-02-02,2015-02-03
0.02589102660254944,751000,0,0.037121212121212124,0.8878787878787879,1.0,D-1 estimated accounting; fill-day constraints require ledger audit,momentum,V4_MOMENTUM_full,disabled,2015-02-02,neutral,0.01584217996151608,-0.008307865439389384,0.003441920101944662,0.2727272727272727,0.06941796690546537,0.5151515151515151,0.6742424242424242,,,{},3105.TWO,2015-02-02,2015-02-03
0.006238411864219414,67000,0,0.04772727272727273,1.1535353535353534,1.0,D-1 estimated accounting; fill-day constraints require ledger audit,momentum,V4_MOMENTUM_full,disabled,2015-02-02,neutral,0.01584217996151608,-0.008307865439389384,0.003441920101944662,0.2727272727272727,0.06941796690546537,0.5151515151515151,0.6742424242424242,,,{},3227.TWO,2015-02-02,2015-02-03
0.0567964013751373,1049000,0,0.021969696969696972,0.7651515151515152,1.0,D-1 estimated accounting; fill-day constraints require ledger audit,momentum,V4_MOMENTUM_full,disabled,2015-02-02,neutral,0.01584217996151608,-0.008307865439389384,0.003441920101944662,0.2727272727272727,0.06941796690546537,0.5151515151515151,0.6742424242424242,,,{},3680.TWO,2015-02-02,2015-02-03
0.02857629065918219,704000,704000,0.04621212121212122,1.130808080808081,1.0,D-1 estimated accounting; fill-day constraints require ledger audit,momentum,V4_MOMENTUM_full,disabled,2015-02-02,neutral,0.01584217996151608,-0.008307865439389384,0.003441920101944662,0.2727272727272727,0.06941796690546537,0.5151515151515151,0.6742424242424242,,,{},3702.TW,2015-02-02,2015-02-03
0.04606766793747388,589000,0,0.026515151515151516,0.7994949494949496,1.0,D-1 estimated accounting; fill-day constraints require ledger audit,momentum,V4_MOMENTUM_full,disabled,2015-02-02,neutral,0.01584217996151608,-0.008307865439389384,0.003441920101944662,0.2727272727272727,0.06941796690546537,0.5151515151515151,0.6742424242424242,,,{},4904.TW,2015-02-02,2015-02-03
0.07240608879334741,830000,0,0.05,1.1994949494949494,1.0,D-1 estimated accounting; fill-day constraints require ledger audit,momentum,V4_MOMENTUM_full,disabled,2015-02-02,neutral,0.01584217996151608,-0.008307865439389384,0.003441920101944662,0.2727272727272727,0.06941796690546537,0.5151515151515151,0.6742424242424242,,,{},4938.TW,2015-02-02,2015-02-03
0.04286533452546155,141000,0,0.04848484848484849,1.1762626262626263,1.0,D-1 estimated accounting; fill-day constraints require ledger audit,momentum,V4_MOMENTUM_full,disabled,2015-02-02,neutral,0.01584217996151608,-0.008307865439389384,0.003441920101944662,0.2727272727272727,0.06941796690546537,0.5151515151515151,0.6742424242424242,,,{},5274.TWO,2015-02-02,2015-02-03
0.06406746294646108,1157000,0,0.015909090909090907,0.7419191919191919,1.0,D-1 estimated accounting; fill-day constraints require ledger audit,momentum,V4_MOMENTUM_full,disabled,2015-02-02,neutral,0.01584217996151608,-0.008307865439389384,0.003441920101944662,0.2727272727272727,0.06941796690546537,0.5151515151515151,0.6742424242424242,,,{},5347.TWO,2015-02-02,2015-02-03
0.05345695126449616,1168000,0,0.03181818181818182,0.8520202020202022,1.0,D-1 estimated accounting; fill-day constraints require ledger audit,momentum,V4_MOMENTUM_full,disabled,2015-02-02,neutral,0.01584217996151608,-0.008307865439389384,0.003441920101944662,0.2727272727272727,0.06941796690546537,0.5151515151515151,0.6742424242424242,,,{},6187.TWO,2015-02-02,2015-02-03
0.06331269212832095,1797000,0,0.031060606060606056,0.8515151515151516,1.0,D-1 estimated accounting; fill-day constraints require ledger audit,momentum,V4_MOMENTUM_full,disabled,2015-02-02,neutral,0.01584217996151608,-0.008307865439389384,0.003441920101944662,0.2727272727272727,0.06941796690546537,0.5151515151515151,0.6742424242424242,,,{},6290.TWO,2015-02-02,2015-02-03
0.015897424538268437,68000,0,0.0303030303030303,0.8404040404040405,1.0,D-1 estimated accounting; fill-day constraints require ledger audit,momentum,V4_MOMENTUM_full,disabled,2015-02-02,neutral,0.01584217996151608,-0.008307865439389384,0.003441920101944662,0.2727272727272727,0.06941796690546537,0.5151515151515151,0.6742424242424242,,,{},8299.TWO,2015-02-02,2015-02-03
0.02648829940582906,53000,0,0.04848484848484849,1.1595959595959597,1.0,D-1 estimated accounting; fill-day constraints require ledger audit,momentum,V4_MOMENTUM_full,disabled,2015-02-03,neutral,0.015110405421757681,-0.00848433591852149,0.02120559274995848,0.29545454545454547,0.07073480469187848,0.5454545454545454,0.696969696969697,,,{},2059.TW,2015-02-03,2015-02-04
0.021544667551792702,356000,0,0.04924242424242425,1.1681818181818182,1.0,D-1 estimated accounting; fill-day constraints require ledger audit,momentum,V4_MOMENTUM_full,disabled,2015-02-03,neutral,0.015110405421757681,-0.00848433591852149,0.02120559274995848,0.29545454545454547,0.07073480469187848,0.5454545454545454,0.696969696969697,,,{},2327.TW,2015-02-03,2015-02-04
0.04843025316713187,2014000,0,0.016666666666666663,0.7146464646464648,1.0,D-1 estimated accounting; fill-day constraints require ledger audit,momentum,V4_MOMENTUM_full,disabled,2015-02-03,neutral,0.015110405421757681,-0.00848433591852149,0.02120559274995848,0.29545454545454547,0.07073480469187848,0.5454545454545454,0.696969696969697,,,{},2356.TW,2015-02-03,2015-02-04
0.010987450719428226,506000,0,0.012878787878787878,0.6732323232323232,1.0,D-1 estimated accounting; fill-day constraints require ledger audit,momentum,V4_MOMENTUM_full,disabled,2015-02-03,neutral,0.015110405421757681,-0.00848433591852149,0.02120559274995848,0.29545454545454547,0.07073480469187848,0.5454545454545454,0.696969696969697,,,{},2368.TW,2015-02-03,2015-02-04
0.06915260691686732,1732000,0,0.034090909090909095,0.8792929292929292,1.0,D-1 estimated accounting; fill-day constraints require ledger audit,momentum,V4_MOMENTUM_full,disabled,2015-02-03,neutral,0.015110405421757681,-0.00848433591852149,0.02120559274995848,0.29545454545454547,0.07073480469187848,0.5454545454545454,0.696969696969697,,,{},2376.TW,2015-02-03,2015-02-04
0.038077919336626916,153000,0,0.04242424242424242,1.0530303030303032,1.0,D-1 estimated accounting; fill-day constraints require ledger audit,momentum,V4_MOMENTUM_full,disabled,2015-02-03,neutral,0.015110405421757681,-0.00848433591852149,0.02120559274995848,0.29545454545454547,0.07073480469187848,0.5454545454545454,0.696969696969697,,,{},2395.TW,2015-02-03,2015-02-04
0.0,0,-3222000,-0.03484848484848485,0.3196969696969696,1.0,D-1 estimated accounting; fill-day constraints require ledger audit,momentum,V4_MOMENTUM_full,disabled,2015-02-03,neutral,0.015110405421757681,-0.00848433591852149,0.02120559274995848,0.29545454545454547,0.07073480469187848,0.5454545454545454,0.696969696969697,,,{},2610.TW,2015-02-03,2015-02-04
0.04873642922260131,1473000,0,0.02803030303030303,0.8383838383838383,1.0,D-1 estimated accounting; fill-day constraints require ledger audit,momentum,V4_MOMENTUM_full,disabled,2015-02-03,neutral,0.015110405421757681,-0.00848433591852149,0.02120559274995848,0.29545454545454547,0.07073480469187848,0.5454545454545454,0.696969696969697,,,{},2615.TW,2015-02-03,2015-02-04
0.020285407826113527,1892000,0,0.014393939393939393,0.6878787878787879,1.0,D-1 estimated accounting; fill-day constraints require ledger audit,momentum,V4_MOMENTUM_full,disabled,2015-02-03,neutral,0.015110405421757681,-0.00848433591852149,0.02120559274995848,0.29545454545454547,0.07073480469187848,0.5454545454545454,0.696969696969697,,,{},2883.TW,2015-02-03,2015-02-04
0.06257200377418207,238000,238000,0.046969696969696974,1.1287878787878787,1.0,D-1 estimated accounting; fill-day constraints require ledger audit,momentum,V4_MOMENTUM_full,disabled,2015-02-03,neutral,0.015110405421757681,-0.00848433591852149,0.02120559274995848,0.29545454545454547,0.07073480469187848,0.5454545454545454,0.696969696969697,,,{},2912.TW,2015-02-03,2015-02-04
0.06902934023787112,24000,0,0.04090909090909091,1.0141414141414145,1.0,D-1 estimated accounting; fill-day constraints require ledger audit,momentum,V4_MOMENTUM_full,disabled,2015-02-03,neutral,0.015110405421757681,-0.00848433591852149,0.02120559274995848,0.29545454545454547,0.07073480469187848,0.5454545454545454,0.696969696969697,,,{},3008.TW,2015-02-03,2015-02-04
0.055806577176157175,813000,0,0.017424242424242422,0.7161616161616161,1.0,D-1 estimated accounting; fill-day constraints require ledger audit,momentum,V4_MOMENTUM_full,disabled,2015-02-03,neutral,0.015110405421757681,-0.00848433591852149,0.02120559274995848,0.29545454545454547,0.07073480469187848,0.5454545454545454,0.696969696969697,,,{},3044.TW,2015-02-03,2015-02-04
0.02750278672607293,751000,0,0.04545454545454546,1.1085858585858586,1.0,D-1 estimated accounting; fill-day constraints require ledger audit,momentum,V4_MOMENTUM_full,disabled,2015-02-03,neutral,0.015110405421757681,-0.00848433591852149,0.02120559274995848,0.29545454545454547,0.07073480469187848,0.5454545454545454,0.696969696969697,,,{},3105.TWO,2015-02-03,2015-02-04
0.006242959630652187,67000,0,0.03333333333333334,0.8666666666666668,1.0,D-1 estimated accounting; fill-day constraints require ledger audit,momentum,V4_MOMENTUM_full,disabled,2015-02-03,neutral,0.015110405421757681,-0.00848433591852149,0.02120559274995848,0.29545454545454547,0.07073480469187848,0.5454545454545454,0.696969696969697,,,{},3227.TWO,2015-02-03,2015-02-04
0.05656853369129393,1049000,0,0.004545454545454542,0.6121212121212122,1.0,D-1 estimated accounting; fill-day constraints require ledger audit,momentum,V4_MOMENTUM_full,disabled,2015-02-03,neutral,0.015110405421757681,-0.00848433591852149,0.02120559274995848,0.29545454545454547,0.07073480469187848,0.5454545454545454,0.696969696969697,,,{},3680.TWO,2015-02-03,2015-02-04
0.028371778531418798,704000,0,0.04621212121212122,1.1227272727272728,1.0,D-1 estimated accounting; fill-day constraints require ledger audit,momentum,V4_MOMENTUM_full,disabled,2015-02-03,neutral,0.015110405421757681,-0.00848433591852149,0.02120559274995848,0.29545454545454547,0.07073480469187848,0.5454545454545454,0.696969696969697,,,{},3702.TW,2015-02-03,2015-02-04
0.04573576606532242,589000,0,0.023484848484848487,0.7863636363636364,1.0,D-1 estimated accounting; fill-day constraints require ledger audit,momentum,V4_MOMENTUM_full,disabled,2015-02-03,neutral,0.015110405421757681,-0.00848433591852149,0.02120559274995848,0.29545454545454547,0.07073480469187848,0.5454545454545454,0.696969696969697,,,{},4904.TW,2015-02-03,2015-02-04
0.07138554580135871,830000,0,0.05,1.187878787878788,1.0,D-1 estimated accounting; fill-day constraints require ledger audit,momentum,V4_MOMENTUM_full,disabled,2015-02-03,neutral,0.015110405421757681,-0.00848433591852149,0.02120559274995848,0.29545454545454547,0.07073480469187848,0.5454545454545454,0.696969696969697,,,{},4938.TW,2015-02-03,2015-02-04
0.04210692774514241,141000,0,0.04318181818181818,1.055050505050505,1.0,D-1 estimated accounting; fill-day constraints require ledger audit,momentum,V4_MOMENTUM_full,disabled,2015-02-03,neutral,0.015110405421757681,-0.00848433591852149,0.02120559274995848,0.29545454545454547,0.07073480469187848,0.5454545454545454,0.696969696969697,,,{},5274.TWO,2015-02-03,2015-02-04
0.06498935777718827,1157000,0,0.038636363636363635,0.9631313131313133,1.0,D-1 estimated accounting; fill-day constraints require ledger audit,momentum,V4_MOMENTUM_full,disabled,2015-02-03,neutral,0.015110405421757681,-0.00848433591852149,0.02120559274995848,0.29545454545454547,0.07073480469187848,0.5454545454545454,0.696969696969697,,,{},5347.TWO,2015-02-03,2015-02-04
0.05314164345204495,1168000,0,0.02727272727272727,0.8303030303030303,1.0,D-1 estimated accounting; fill-day constraints require ledger audit,momentum,V4_MOMENTUM_full,disabled,2015-02-03,neutral,0.015110405421757681,-0.00848433591852149,0.02120559274995848,0.29545454545454547,0.07073480469187848,0.5454545454545454,0.696969696969697,,,{},6187.TWO,2015-02-03,2015-02-04
0.06422372623062803,1797000,0,0.035606060606060606,0.9444444444444444,1.0,D-1 estimated accounting; fill-day constraints require ledger audit,momentum,V4_MOMENTUM_full,disabled,2015-02-03,neutral,0.015110405421757681,-0.00848433591852149,0.02120559274995848,0.29545454545454547,0.07073480469187848,0.5454545454545454,0.696969696969697,,,{},6290.TWO,2015-02-03,2015-02-04
0.015663800600560406,68000,0,0.006818181818181824,0.6373737373737373,1.0,D-1 estimated accounting; fill-day constraints require ledger audit,momentum,V4_MOMENTUM_full,disabled,2015-02-03,neutral,0.015110405421757681,-0.00848433591852149,0.02120559274995848,0.29545454545454547,0.07073480469187848,0.5454545454545454,0.696969696969697,,,{},8299.TWO,2015-02-03,2015-02-04
0.026394979747390853,53000,0,0.04772727272727273,1.1272727272727274,1.0,D-1 estimated accounting; fill-day constraints require ledger audit,momentum,V4_MOMENTUM_full,disabled,2015-02-04,risk_on,0.015245886923723995,-0.001460748241993659,0.025833159086647184,0.4621212121212121,0.07241675639888853,0.6136363636363636,0.7424242424242424,,,{},2059.TW,2015-02-04,2015-02-05
0.021985538037254296,356000,0,0.05,1.1964646464646465,1.0,D-1 estimated accounting; fill-day constraints require ledger audit,momentum,V4_MOMENTUM_full,disabled,2015-02-04,risk_on,0.015245886923723995,-0.001460748241993659,0.025833159086647184,0.4621212121212121,0.07241675639888853,0.6136363636363636,0.7424242424242424,,,{},2327.TW,2015-02-04,2015-02-05
0.04846201460363039,2014000,0,-0.0007575757575757569,0.5853535353535353,1.0,D-1 estimated accounting; fill-day constraints require ledger audit,momentum,V4_MOMENTUM_full,disabled,2015-02-04,risk_on,0.015245886923723995,-0.001460748241993659,0.025833159086647184,0.4621212121212121,0.07241675639888853,0.6136363636363636,0.7424242424242424,,,{},2356.TW,2015-02-04,2015-02-05
0.010997177695826787,506000,0,0.0030303030303030277,0.6378787878787877,1.0,D-1 estimated accounting; fill-day constraints require ledger audit,momentum,V4_MOMENTUM_full,disabled,2015-02-04,risk_on,0.015245886923723995,-0.001460748241993659,0.025833159086647184,0.4621212121212121,0.07241675639888853,0.6136363636363636,0.7424242424242424,,,{},2368.TW,2015-02-04,2015-02-05
0.06922795452862834,1732000,0,0.010606060606060608,0.702020202020202,1.0,D-1 estimated accounting; fill-day constraints require ledger audit,momentum,V4_MOMENTUM_full,disabled,2015-02-04,risk_on,0.015245886923723995,-0.001460748241993659,0.025833159086647184,0.4621212121212121,0.07241675639888853,0.6136363636363636,0.7424242424242424,,,{},2376.TW,2015-02-04,2015-02-05
0.038022165060151096,153000,0,0.03636363636363637,0.9141414141414143,1.0,D-1 estimated accounting; fill-day constraints require ledger audit,momentum,V4_MOMENTUM_full,disabled,2015-02-04,risk_on,0.015245886923723995,-0.001460748241993659,0.025833159086647184,0.4621212121212121,0.07241675639888853,0.6136363636363636,0.7424242424242424,,,{},2395.TW,2015-02-04,2015-02-05
0.04716306030178054,1473000,0,-0.008333333333333331,0.4853535353535353,1.0,D-1 estimated accounting; fill-day constraints require ledger audit,momentum,V4_MOMENTUM_full,disabled,2015-02-04,risk_on,0.015245886923723995,-0.001460748241993659,0.025833159086647184,0.4621212121212121,0.07241675639888853,0.6136363636363636,0.7424242424242424,,,{},2615.TW,2015-02-04,2015-02-05
0.02035216136031271,1892000,0,0.007954545454545459,0.6838383838383839,1.0,D-1 estimated accounting; fill-day constraints require ledger audit,momentum,V4_MOMENTUM_full,disabled,2015-02-04,risk_on,0.015245886923723995,-0.001460748241993659,0.025833159086647184,0.4621212121212121,0.07241675639888853,0.6136363636363636,0.7424242424242424,,,{},2883.TW,2015-02-04,2015-02-05
0.06102169885332248,238000,0,0.04318181818181818,1.0252525252525253,1.0,D-1 estimated accounting; fill-day constraints require ledger audit,momentum,V4_MOMENTUM_full,disabled,2015-02-04,risk_on,0.015245886923723995,-0.001460748241993659,0.025833159086647184,0.4621212121212121,0.07241675639888853,0.6136363636363636,0.7424242424242424,,,{},2912.TW,2015-02-04,2015-02-05
0.06817904612667942,24000,0,0.03484848484848485,0.8959595959595957,1.0,D-1 estimated accounting; fill-day constraints require ledger audit,momentum,V4_MOMENTUM_full,disabled,2015-02-04,risk_on,0.015245886923723995,-0.001460748241993659,0.025833159086647184,0.4621212121212121,0.07241675639888853,0.6136363636363636,0.7424242424242424,,,{},3008.TW,2015-02-04,2015-02-05
0.05630533166230466,813000,0,0.012121212121212123,0.7116161616161617,1.0,D-1 estimated accounting; fill-day constraints require ledger audit,momentum,V4_MOMENTUM_full,disabled,2015-02-04,risk_on,0.015245886923723995,-0.001460748241993659,0.025833159086647184,0.4621212121212121,0.07241675639888853,0.6136363636363636,0.7424242424242424,,,{},3044.TW,2015-02-04,2015-02-05
0.02688798708325343,751000,0,0.04621212121212122,1.071212121212121,1.0,D-1 estimated accounting; fill-day constraints require ledger audit,momentum,V4_MOMENTUM_full,disabled,2015-02-04,risk_on,0.015245886923723995,-0.001460748241993659,0.025833159086647184,0.4621212121212121,0.07241675639888853,0.6136363636363636,0.7424242424242424,,,{},3105.TWO,2015-02-04,2015-02-05
0.0061925350260832405,67000,0,0.025757575757575757,0.8136363636363637,1.0,D-1 estimated accounting; fill-day constraints require ledger audit,momentum,V4_MOMENTUM_full,disabled,2015-02-04,risk_on,0.015245886923723995,-0.001460748241993659,0.025833159086647184,0.4621212121212121,0.07241675639888853,0.6136363636363636,0.7424242424242424,,,{},3227.TWO,2015-02-04,2015-02-05
0.05659268567446151,1049000,0,0.0015151515151515138,0.6171717171717171,1.0,D-1 estimated accounting; fill-day constraints require ledger audit,momentum,V4_MOMENTUM_full,disabled,2015-02-04,risk_on,0.015245886923723995,-0.001460748241993659,0.025833159086647184,0.4621212121212121,0.07241675639888853,0.6136363636363636,0.7424242424242424,,,{},3680.TWO,2015-02-04,2015-02-05
0.02886883378110302,704000,0,0.04924242424242425,1.1712121212121211,1.0,D-1 estimated accounting; fill-day constraints require ledger audit,momentum,V4_MOMENTUM_full,disabled,2015-02-04,risk_on,0.015245886923723995,-0.001460748241993659,0.025833159086647184,0.4621212121212121,0.07241675639888853,0.6136363636363636,0.7424242424242424,,,{},3702.TW,2015-02-04,2015-02-05
0.046269704302297515,589000,0,0.031060606060606056,0.8444444444444443,1.0,D-1 estimated accounting; fill-day constraints require ledger audit,momentum,V4_MOMENTUM_full,disabled,2015-02-04,risk_on,0.015245886923723995,-0.001460748241993659,0.025833159086647184,0.4621212121212121,0.07241675639888853,0.6136363636363636,0.7424242424242424,,,{},4904.TW,2015-02-04,2015-02-05
0.07119636518905928,830000,0,0.04242424242424242,1.0191919191919192,1.0,D-1 estimated accounting; fill-day constraints require ledger audit,momentum,V4_MOMENTUM_full,disabled,2015-02-04,risk_on,0.015245886923723995,-0.001460748241993659,0.025833159086647184,0.4621212121212121,0.07241675639888853,0.6136363636363636,0.7424242424242424,,,{},4938.TW,2015-02-04,2015-02-05
0.04269434354443958,141000,0,0.038636363636363635,0.9262626262626263,1.0,D-1 estimated accounting; fill-day constraints require ledger audit,momentum,V4_MOMENTUM_full,disabled,2015-02-04,risk_on,0.015245886923723995,-0.001460748241993659,0.025833159086647184,0.4621212121212121,0.07241675639888853,0.6136363636363636,0.7424242424242424,,,{},5274.TWO,2015-02-04,2015-02-05
0.06701800951849692,1157000,0,0.046969696969696974,1.1186868686868687,1.0,D-1 estimated accounting; fill-day constraints require ledger audit,momentum,V4_MOMENTUM_full,disabled,2015-02-04,risk_on,0.015245886923723995,-0.001460748241993659,0.025833159086647184,0.4621212121212121,0.07241675639888853,0.6136363636363636,0.7424242424242424,,,{},5347.TWO,2015-02-04,2015-02-05
0.05437405072834697,1168000,0,0.03787878787878788,0.9252525252525254,1.0,D-1 estimated accounting; fill-day constraints require ledger audit,momentum,V4_MOMENTUM_full,disabled,2015-02-04,risk_on,0.015245886923723995,-0.001460748241993659,0.025833159086647184,0.4621212121212121,0.07241675639888853,0.6136363636363636,0.7424242424242424,,,{},6187.TWO,2015-02-04,2015-02-05
0.06321355044835712,1797000,0,0.02045454545454546,0.7914141414141415,1.0,D-1 estimated accounting; fill-day constraints require ledger audit,momentum,V4_MOMENTUM_full,disabled,2015-02-04,risk_on,0.015245886923723995,-0.001460748241993659,0.025833159086647184,0.4621212121212121,0.07241675639888853,0.6136363636363636,0.7424242424242424,,,{},6290.TWO,2015-02-04,2015-02-05
0.015745603360354122,68000,0,0.011363636363636366,0.7025252525252526,1.0,D-1 estimated accounting; fill-day constraints require ledger audit,momentum,V4_MOMENTUM_full,disabled,2015-02-04,risk_on,0.015245886923723995,-0.001460748241993659,0.025833159086647184,0.4621212121212121,0.07241675639888853,0.6136363636363636,0.7424242424242424,,,{},8299.TWO,2015-02-04,2015-02-05
