target_weight,target_shares,order_shares,expected_return,score,confidence,reason,family,model_ensemble_id,regime,observed_date,prior_regime,market_volatility,median_R5,median_R20,breadth,dispersion,above_EMA20,above_EMA50,model_train_end,latest_label_end,expert_weights,symbol,signal_date,decision_date
0.004185625,90000,90000,0.03076923076923077,0.3076923076923077,1.0,D-1 estimated accounting; fill-day constraints require ledger audit,direct,V4_DIRECT_FROZEN_LINEAR_PORTFOLIO,disabled,2013-12-31,risk_on,0.013861522160882862,0.01987838026328692,0.029345506481311512,0.8153846153846154,0.0695043208505033,0.8538461538461538,0.8461538461538461,,,{},1101.TW,2013-12-31,2014-01-02
0.042955,177000,177000,0.04000000000000001,0.4,1.0,D-1 estimated accounting; fill-day constraints require ledger audit,direct,V4_DIRECT_FROZEN_LINEAR_PORTFOLIO,disabled,2013-12-31,risk_on,0.013861522160882862,0.01987838026328692,0.029345506481311512,0.8153846153846154,0.0695043208505033,0.8538461538461538,0.8461538461538461,,,{},1590.TW,2013-12-31,2014-01-02
0.010586,39000,39000,0.03230769230769231,0.32307692307692304,1.0,D-1 estimated accounting; fill-day constraints require ledger audit,direct,V4_DIRECT_FROZEN_LINEAR_PORTFOLIO,disabled,2013-12-31,risk_on,0.013861522160882862,0.01987838026328692,0.029345506481311512,0.8153846153846154,0.0695043208505033,0.8538461538461538,0.8461538461538461,,,{},2357.TW,2013-12-31,2014-01-02
0.059274,1646000,1646000,0.04384615384615385,0.43846153846153846,1.0,D-1 estimated accounting; fill-day constraints require ledger audit,direct,V4_DIRECT_FROZEN_LINEAR_PORTFOLIO,disabled,2013-12-31,risk_on,0.013861522160882862,0.01987838026328692,0.029345506481311512,0.8153846153846154,0.0695043208505033,0.8538461538461538,0.8461538461538461,,,{},2376.TW,2013-12-31,2014-01-02
0.0301125,1204000,1204000,0.036923076923076927,0.36923076923076925,1.0,D-1 estimated accounting; fill-day constraints require ledger audit,direct,V4_DIRECT_FROZEN_LINEAR_PORTFOLIO,disabled,2013-12-31,risk_on,0.013861522160882862,0.01987838026328692,0.029345506481311512,0.8153846153846154,0.0695043208505033,0.8538461538461538,0.8461538461538461,,,{},2383.TW,2013-12-31,2014-01-02
0.013920715,3471000,3471000,0.03307692307692308,0.33076923076923076,1.0,D-1 estimated accounting; fill-day constraints require ledger audit,direct,V4_DIRECT_FROZEN_LINEAR_PORTFOLIO,disabled,2013-12-31,risk_on,0.013861522160882862,0.01987838026328692,0.029345506481311512,0.8153846153846154,0.0695043208505033,0.8538461538461538,0.8461538461538461,,,{},2408.TW,2013-12-31,2014-01-02
0.02678125,312000,312000,0.036153846153846154,0.36153846153846153,1.0,D-1 estimated accounting; fill-day constraints require ledger audit,direct,V4_DIRECT_FROZEN_LINEAR_PORTFOLIO,disabled,2013-12-31,risk_on,0.013861522160882862,0.01987838026328692,0.029345506481311512,0.8153846153846154,0.0695043208505033,0.8538461538461538,0.8461538461538461,,,{},2451.TW,2013-12-31,2014-01-02
0.0333411,2008000,2008000,0.03769230769230769,0.3769230769230769,1.0,D-1 estimated accounting; fill-day constraints require ledger audit,direct,V4_DIRECT_FROZEN_LINEAR_PORTFOLIO,disabled,2013-12-31,risk_on,0.013861522160882862,0.01987838026328692,0.029345506481311512,0.8153846153846154,0.0695043208505033,0.8538461538461538,0.8461538461538461,,,{},2618.TW,2013-12-31,2014-01-02
0.02034025,98000,98000,0.03461538461538462,0.34615384615384615,1.0,D-1 estimated accounting; fill-day constraints require ledger audit,direct,V4_DIRECT_FROZEN_LINEAR_PORTFOLIO,disabled,2013-12-31,risk_on,0.013861522160882862,0.01987838026328692,0.029345506481311512,0.8153846153846154,0.0695043208505033,0.8538461538461538,0.8461538461538461,,,{},2912.TW,2013-12-31,2014-01-02
0.078589,360000,360000,0.048461538461538466,0.4846153846153846,1.0,D-1 estimated accounting; fill-day constraints require ledger audit,direct,V4_DIRECT_FROZEN_LINEAR_PORTFOLIO,disabled,2013-12-31,risk_on,0.013861522160882862,0.01987838026328692,0.029345506481311512,0.8153846153846154,0.0695043208505033,0.8538461538461538,0.8461538461538461,,,{},3131.TWO,2013-12-31,2014-01-02
0.04623575,467000,467000,0.04076923076923077,0.4076923076923077,1.0,D-1 estimated accounting; fill-day constraints require ledger audit,direct,V4_DIRECT_FROZEN_LINEAR_PORTFOLIO,disabled,2013-12-31,risk_on,0.013861522160882862,0.01987838026328692,0.029345506481311512,0.8153846153846154,0.0695043208505033,0.8538461538461538,0.8461538461538461,,,{},3189.TW,2013-12-31,2014-01-02
0.052792875,2107000,2107000,0.04230769230769231,0.4230769230769231,1.0,D-1 estimated accounting; fill-day constraints require ledger audit,direct,V4_DIRECT_FROZEN_LINEAR_PORTFOLIO,disabled,2013-12-31,risk_on,0.013861522160882862,0.01987838026328692,0.029345506481311512,0.8153846153846154,0.0695043208505033,0.8538461538461538,0.8461538461538461,,,{},3231.TW,2013-12-31,2014-01-02
0.0624429,889000,889000,0.04461538461538461,0.4461538461538461,1.0,D-1 estimated accounting; fill-day constraints require ledger audit,direct,V4_DIRECT_FROZEN_LINEAR_PORTFOLIO,disabled,2013-12-31,risk_on,0.013861522160882862,0.01987838026328692,0.029345506481311512,0.8153846153846154,0.0695043208505033,0.8538461538461538,0.8461538461538461,,,{},3260.TWO,2013-12-31,2014-01-02
0.017131,231000,231000,0.03384615384615385,0.3384615384615385,1.0,D-1 estimated accounting; fill-day constraints require ledger audit,direct,V4_DIRECT_FROZEN_LINEAR_PORTFOLIO,disabled,2013-12-31,risk_on,0.013861522160882862,0.01987838026328692,0.029345506481311512,0.8153846153846154,0.0695043208505033,0.8538461538461538,0.8461538461538461,,,{},3443.TW,2013-12-31,2014-01-02
0.0074229,113000,113000,0.031538461538461536,0.3153846153846154,1.0,D-1 estimated accounting; fill-day constraints require ledger audit,direct,V4_DIRECT_FROZEN_LINEAR_PORTFOLIO,disabled,2013-12-31,risk_on,0.013861522160882862,0.01987838026328692,0.029345506481311512,0.8153846153846154,0.0695043208505033,0.8538461538461538,0.8461538461538461,,,{},3533.TW,2013-12-31,2014-01-02
0.039773,641000,641000,0.039230769230769236,0.3923076923076923,1.0,D-1 estimated accounting; fill-day constraints require ledger audit,direct,V4_DIRECT_FROZEN_LINEAR_PORTFOLIO,disabled,2013-12-31,risk_on,0.013861522160882862,0.01987838026328692,0.029345506481311512,0.8153846153846154,0.0695043208505033,0.8538461538461538,0.8461538461538461,,,{},4123.TWO,2013-12-31,2014-01-02
0.0560168,714000,714000,0.04307692307692308,0.4307692307692308,1.0,D-1 estimated accounting; fill-day constraints require ledger audit,direct,V4_DIRECT_FROZEN_LINEAR_PORTFOLIO,disabled,2013-12-31,risk_on,0.013861522160882862,0.01987838026328692,0.029345506481311512,0.8153846153846154,0.0695043208505033,0.8538461538461538,0.8461538461538461,,,{},5871.TW,2013-12-31,2014-01-02
0.07208225,386000,386000,0.04692307692307693,0.46923076923076923,1.0,D-1 estimated accounting; fill-day constraints require ledger audit,direct,V4_DIRECT_FROZEN_LINEAR_PORTFOLIO,disabled,2013-12-31,risk_on,0.013861522160882862,0.01987838026328692,0.029345506481311512,0.8153846153846154,0.0695043208505033,0.8538461538461538,0.8461538461538461,,,{},5903.TWO,2013-12-31,2014-01-02
0.081917225,1748000,1748000,0.04923076923076924,0.49230769230769234,1.0,D-1 estimated accounting; fill-day constraints require ledger audit,direct,V4_DIRECT_FROZEN_LINEAR_PORTFOLIO,disabled,2013-12-31,risk_on,0.013861522160882862,0.01987838026328692,0.029345506481311512,0.8153846153846154,0.0695043208505033,0.8538461538461538,0.8461538461538461,,,{},6147.TWO,2013-12-31,2014-01-02
0.03656525,1239000,1239000,0.038461538461538464,0.3846153846153846,1.0,D-1 estimated accounting; fill-day constraints require ledger audit,direct,V4_DIRECT_FROZEN_LINEAR_PORTFOLIO,disabled,2013-12-31,risk_on,0.013861522160882862,0.01987838026328692,0.029345506481311512,0.8153846153846154,0.0695043208505033,0.8538461538461538,0.8461538461538461,,,{},6187.TWO,2013-12-31,2014-01-02
0.04953,825000,825000,0.04153846153846154,0.41538461538461535,1.0,D-1 estimated accounting; fill-day constraints require ledger audit,direct,V4_DIRECT_FROZEN_LINEAR_PORTFOLIO,disabled,2013-12-31,risk_on,0.013861522160882862,0.01987838026328692,0.029345506481311512,0.8153846153846154,0.0695043208505033,0.8538461538461538,0.8461538461538461,,,{},6223.TWO,2013-12-31,2014-01-02
0.06572195,4941000,4941000,0.045384615384615384,0.45384615384615384,1.0,D-1 estimated accounting; fill-day constraints require ledger audit,direct,V4_DIRECT_FROZEN_LINEAR_PORTFOLIO,disabled,2013-12-31,risk_on,0.013861522160882862,0.01987838026328692,0.029345506481311512,0.8153846153846154,0.0695043208505033,0.8538461538461538,0.8461538461538461,,,{},8932.TWO,2013-12-31,2014-01-02
0.004111102783314179,90000,0,0.037596899224806204,0.375968992248062,1.0,D-1 estimated accounting; fill-day constraints require ledger audit,direct,V4_DIRECT_FROZEN_LINEAR_PORTFOLIO,disabled,2014-01-02,risk_on,0.013964856802774088,0.018713456558538066,0.03690478984828416,0.813953488372093,0.0712675205412263,0.8992248062015504,0.8604651162790697,,,{},1101.TW,2014-01-02,2014-01-03
0.044400950667989075,177000,0,0.04612403100775194,0.46124031007751937,1.0,D-1 estimated accounting; fill-day constraints require ledger audit,direct,V4_DIRECT_FROZEN_LINEAR_PORTFOLIO,disabled,2014-01-02,risk_on,0.013964856802774088,0.018713456558538066,0.03690478984828416,0.813953488372093,0.0712675205412263,0.8992248062015504,0.8604651162790697,,,{},1590.TW,2014-01-02,2014-01-03
0.010671236932374163,39000,0,0.008139534883720928,0.08139534883720928,1.0,D-1 estimated accounting; fill-day constraints require ledger audit,direct,V4_DIRECT_FROZEN_LINEAR_PORTFOLIO,disabled,2014-01-02,risk_on,0.013964856802774088,0.018713456558538066,0.03690478984828416,0.813953488372093,0.0712675205412263,0.8992248062015504,0.8604651162790697,,,{},2357.TW,2014-01-02,2014-01-03
0.059967648811365,1646000,0,0.03992248062015504,0.3992248062015504,1.0,D-1 estimated accounting; fill-day constraints require ledger audit,direct,V4_DIRECT_FROZEN_LINEAR_PORTFOLIO,disabled,2014-01-02,risk_on,0.013964856802774088,0.018713456558538066,0.03690478984828416,0.813953488372093,0.0712675205412263,0.8992248062015504,0.8604651162790697,,,{},2376.TW,2014-01-02,2014-01-03
0.030431411003035924,1204000,0,0.03527131782945736,0.3527131782945736,1.0,D-1 estimated accounting; fill-day constraints require ledger audit,direct,V4_DIRECT_FROZEN_LINEAR_PORTFOLIO,disabled,2014-01-02,risk_on,0.013964856802774088,0.018713456558538066,0.03690478984828416,0.813953488372093,0.0712675205412263,0.8992248062015504,0.8604651162790697,,,{},2383.TW,2014-01-02,2014-01-03
0.0,0,-3471000,-0.018992248062015507,-0.18992248062015504,1.0,D-1 estimated accounting; fill-day constraints require ledger audit,direct,V4_DIRECT_FROZEN_LINEAR_PORTFOLIO,disabled,2014-01-02,risk_on,0.013964856802774088,0.018713456558538066,0.03690478984828416,0.813953488372093,0.0712675205412263,0.8992248062015504,0.8604651162790697,,,{},2408.TW,2014-01-02,2014-01-03
0.027140862802686273,312000,0,0.03372093023255814,0.3372093023255814,1.0,D-1 estimated accounting; fill-day constraints require ledger audit,direct,V4_DIRECT_FROZEN_LINEAR_PORTFOLIO,disabled,2014-01-02,risk_on,0.013964856802774088,0.018713456558538066,0.03690478984828416,0.813953488372093,0.0712675205412263,0.8992248062015504,0.8604651162790697,,,{},2451.TW,2014-01-02,2014-01-03
0.033360598001498376,2008000,0,0.03604651162790697,0.36046511627906974,1.0,D-1 estimated accounting; fill-day constraints require ledger audit,direct,V4_DIRECT_FROZEN_LINEAR_PORTFOLIO,disabled,2014-01-02,risk_on,0.013964856802774088,0.018713456558538066,0.03690478984828416,0.813953488372093,0.0712675205412263,0.8992248062015504,0.8604651162790697,,,{},2618.TW,2014-01-02,2014-01-03
0.02035214505520146,98000,0,0.03837209302325582,0.38372093023255816,1.0,D-1 estimated accounting; fill-day constraints require ledger audit,direct,V4_DIRECT_FROZEN_LINEAR_PORTFOLIO,disabled,2014-01-02,risk_on,0.013964856802774088,0.018713456558538066,0.03690478984828416,0.813953488372093,0.0712675205412263,0.8992248062015504,0.8604651162790697,,,{},2912.TW,2014-01-02,2014-01-03
0.0789956699664767,360000,0,0.047674418604651166,0.47674418604651164,1.0,D-1 estimated accounting; fill-day constraints require ledger audit,direct,V4_DIRECT_FROZEN_LINEAR_PORTFOLIO,disabled,2014-01-02,risk_on,0.013964856802774088,0.018713456558538066,0.03690478984828416,0.813953488372093,0.0712675205412263,0.8992248062015504,0.8604651162790697,,,{},3131.TWO,2014-01-02,2014-01-03
0.04598212480417138,467000,0,0.041472868217054266,0.41472868217054265,1.0,D-1 estimated accounting; fill-day constraints require ledger audit,direct,V4_DIRECT_FROZEN_LINEAR_PORTFOLIO,disabled,2014-01-02,risk_on,0.013964856802774088,0.018713456558538066,0.03690478984828416,0.813953488372093,0.0712675205412263,0.8992248062015504,0.8604651162790697,,,{},3189.TW,2014-01-02,2014-01-03
0.05250743860205962,2107000,0,0.043798449612403104,0.437984496124031,1.0,D-1 estimated accounting; fill-day constraints require ledger audit,direct,V4_DIRECT_FROZEN_LINEAR_PORTFOLIO,disabled,2014-01-02,risk_on,0.013964856802774088,0.018713456558538066,0.03690478984828416,0.813953488372093,0.0712675205412263,0.8992248062015504,0.8604651162790697,,,{},3231.TW,2014-01-02,2014-01-03
0.06684051574084818,889000,0,0.0011627906976744208,0.011627906976744207,1.0,D-1 estimated accounting; fill-day constraints require ledger audit,direct,V4_DIRECT_FROZEN_LINEAR_PORTFOLIO,disabled,2014-01-02,risk_on,0.013964856802774088,0.018713456558538066,0.03690478984828416,0.813953488372093,0.0712675205412263,0.8992248062015504,0.8604651162790697,,,{},3260.TWO,2014-01-02,2014-01-03
0.017395817193936316,231000,0,0.028294573643410856,0.28294573643410853,1.0,D-1 estimated accounting; fill-day constraints require ledger audit,direct,V4_DIRECT_FROZEN_LINEAR_PORTFOLIO,disabled,2014-01-02,risk_on,0.013964856802774088,0.018713456558538066,0.03690478984828416,0.813953488372093,0.0712675205412263,0.8992248062015504,0.8604651162790697,,,{},3443.TW,2014-01-02,2014-01-03
0.007438597577543612,113000,0,0.03062015503875969,0.3062015503875969,1.0,D-1 estimated accounting; fill-day constraints require ledger audit,direct,V4_DIRECT_FROZEN_LINEAR_PORTFOLIO,disabled,2014-01-02,risk_on,0.013964856802774088,0.018713456558538066,0.03690478984828416,0.813953488372093,0.0712675205412263,0.8992248062015504,0.8604651162790697,,,{},3533.TW,2014-01-02,2014-01-03
0.052009147369774356,417000,417000,0.04302325581395349,0.43023255813953487,1.0,D-1 estimated accounting; fill-day constraints require ledger audit,direct,V4_DIRECT_FROZEN_LINEAR_PORTFOLIO,disabled,2014-01-02,risk_on,0.013964856802774088,0.018713456558538066,0.03690478984828416,0.813953488372093,0.0712675205412263,0.8992248062015504,0.8604651162790697,,,{},3665.TW,2014-01-02,2014-01-03
0.04037394703743308,641000,0,0.034496124031007755,0.3449612403100775,1.0,D-1 estimated accounting; fill-day constraints require ledger audit,direct,V4_DIRECT_FROZEN_LINEAR_PORTFOLIO,disabled,2014-01-02,risk_on,0.013964856802774088,0.018713456558538066,0.03690478984828416,0.813953488372093,0.0712675205412263,0.8992248062015504,0.8604651162790697,,,{},4123.TWO,2014-01-02,2014-01-03
0.05612105062093156,714000,0,0.04224806201550388,0.42248062015503873,1.0,D-1 estimated accounting; fill-day constraints require ledger audit,direct,V4_DIRECT_FROZEN_LINEAR_PORTFOLIO,disabled,2014-01-02,risk_on,0.013964856802774088,0.018713456558538066,0.03690478984828416,0.813953488372093,0.0712675205412263,0.8992248062015504,0.8604651162790697,,,{},5871.TW,2014-01-02,2014-01-03
0.07289785602600587,386000,0,0.04534883720930233,0.4534883720930233,1.0,D-1 estimated accounting; fill-day constraints require ledger audit,direct,V4_DIRECT_FROZEN_LINEAR_PORTFOLIO,disabled,2014-01-02,risk_on,0.013964856802774088,0.018713456558538066,0.03690478984828416,0.813953488372093,0.0712675205412263,0.8992248062015504,0.8604651162790697,,,{},5903.TWO,2014-01-02,2014-01-03
0.08135279761799478,1748000,0,0.04922480620155039,0.49224806201550386,1.0,D-1 estimated accounting; fill-day constraints require ledger audit,direct,V4_DIRECT_FROZEN_LINEAR_PORTFOLIO,disabled,2014-01-02,risk_on,0.013964856802774088,0.018713456558538066,0.03690478984828416,0.813953488372093,0.0712675205412263,0.8992248062015504,0.8604651162790697,,,{},6147.TWO,2014-01-02,2014-01-03
0.03646261101019471,1239000,0,0.040697674418604654,0.4069767441860465,1.0,D-1 estimated accounting; fill-day constraints require ledger audit,direct,V4_DIRECT_FROZEN_LINEAR_PORTFOLIO,disabled,2014-01-02,risk_on,0.013964856802774088,0.018713456558538066,0.03690478984828416,0.813953488372093,0.0712675205412263,0.8992248062015504,0.8604651162790697,,,{},6187.TWO,2014-01-02,2014-01-03
0.053028092904709494,825000,0,0.015891472868217054,0.15891472868217055,1.0,D-1 estimated accounting; fill-day constraints require ledger audit,direct,V4_DIRECT_FROZEN_LINEAR_PORTFOLIO,disabled,2014-01-02,risk_on,0.013964856802774088,0.018713456558538066,0.03690478984828416,0.813953488372093,0.0712675205412263,0.8992248062015504,0.8604651162790697,,,{},6223.TWO,2014-01-02,2014-01-03
0.06501872597397554,4941000,0,0.04689922480620155,0.4689922480620155,1.0,D-1 estimated accounting; fill-day constraints require ledger audit,direct,V4_DIRECT_FROZEN_LINEAR_PORTFOLIO,disabled,2014-01-02,risk_on,0.013964856802774088,0.018713456558538066,0.03690478984828416,0.813953488372093,0.0712675205412263,0.8992248062015504,0.8604651162790697,,,{},8932.TWO,2014-01-02,2014-01-03
0.004042252357251048,90000,0,0.041472868217054266,0.41472868217054265,1.0,D-1 estimated accounting; fill-day constraints require ledger audit,direct,V4_DIRECT_FROZEN_LINEAR_PORTFOLIO,disabled,2014-01-03,risk_on,0.014254947504373838,0.01123595505617958,0.03281856290983609,0.7054263565891473,0.06970342157235486,0.7984496124031008,0.7984496124031008,,,{},1101.TW,2014-01-03,2014-01-06
0.043956433325961664,177000,0,0.043798449612403104,0.437984496124031,1.0,D-1 estimated accounting; fill-day constraints require ledger audit,direct,V4_DIRECT_FROZEN_LINEAR_PORTFOLIO,disabled,2014-01-03,risk_on,0.014254947504373838,0.01123595505617958,0.03281856290983609,0.7054263565891473,0.06970342157235486,0.7984496124031008,0.7984496124031008,,,{},1590.TW,2014-01-03,2014-01-06
0.010692715092008465,39000,0,0.006589147286821706,0.06589147286821706,1.0,D-1 estimated accounting; fill-day constraints require ledger audit,direct,V4_DIRECT_FROZEN_LINEAR_PORTFOLIO,disabled,2014-01-03,risk_on,0.014254947504373838,0.01123595505617958,0.03281856290983609,0.7054263565891473,0.06970342157235486,0.7984496124031008,0.7984496124031008,,,{},2357.TW,2014-01-03,2014-01-06
0.06165658641841058,1646000,0,0.02441860465116279,0.2441860465116279,1.0,D-1 estimated accounting; fill-day constraints require ledger audit,direct,V4_DIRECT_FROZEN_LINEAR_PORTFOLIO,disabled,2014-01-03,risk_on,0.014254947504373838,0.01123595505617958,0.03281856290983609,0.7054263565891473,0.06970342157235486,0.7984496124031008,0.7984496124031008,,,{},2376.TW,2014-01-03,2014-01-06
0.03031151624387598,1204000,0,0.031395348837209305,0.313953488372093,1.0,D-1 estimated accounting; fill-day constraints require ledger audit,direct,V4_DIRECT_FROZEN_LINEAR_PORTFOLIO,disabled,2014-01-03,risk_on,0.014254947504373838,0.01123595505617958,0.03281856290983609,0.7054263565891473,0.06970342157235486,0.7984496124031008,0.7984496124031008,,,{},2383.TW,2014-01-03,2014-01-06
0.027070164789894848,312000,0,0.029844961240310077,0.29844961240310075,1.0,D-1 estimated accounting; fill-day constraints require ledger audit,direct,V4_DIRECT_FROZEN_LINEAR_PORTFOLIO,disabled,2014-01-03,risk_on,0.014254947504373838,0.01123595505617958,0.03281856290983609,0.7054263565891473,0.06970342157235486,0.7984496124031008,0.7984496124031008,,,{},2451.TW,2014-01-03,2014-01-06
0.03362911532868198,2008000,0,0.01744186046511628,0.17441860465116277,1.0,D-1 estimated accounting; fill-day constraints require ledger audit,direct,V4_DIRECT_FROZEN_LINEAR_PORTFOLIO,disabled,2014-01-03,risk_on,0.014254947504373838,0.01123595505617958,0.03281856290983609,0.7054263565891473,0.06970342157235486,0.7984496124031008,0.7984496124031008,,,{},2618.TW,2014-01-03,2014-01-06
0.02004746222430898,98000,0,0.037596899224806204,0.375968992248062,1.0,D-1 estimated accounting; fill-day constraints require ledger audit,direct,V4_DIRECT_FROZEN_LINEAR_PORTFOLIO,disabled,2014-01-03,risk_on,0.014254947504373838,0.01123595505617958,0.03281856290983609,0.7054263565891473,0.06970342157235486,0.7984496124031008,0.7984496124031008,,,{},2912.TW,2014-01-03,2014-01-06
0.07915466574369642,360000,0,0.047674418604651166,0.47674418604651164,1.0,D-1 estimated accounting; fill-day constraints require ledger audit,direct,V4_DIRECT_FROZEN_LINEAR_PORTFOLIO,disabled,2014-01-03,risk_on,0.014254947504373838,0.01123595505617958,0.03281856290983609,0.7054263565891473,0.06970342157235486,0.7984496124031008,0.7984496124031008,,,{},3131.TWO,2014-01-03,2014-01-06
0.04630903116594271,467000,0,0.04302325581395349,0.43023255813953487,1.0,D-1 estimated accounting; fill-day constraints require ledger audit,direct,V4_DIRECT_FROZEN_LINEAR_PORTFOLIO,disabled,2014-01-03,risk_on,0.014254947504373838,0.01123595505617958,0.03281856290983609,0.7054263565891473,0.06970342157235486,0.7984496124031008,0.7984496124031008,,,{},3189.TW,2014-01-03,2014-01-06
0.05208487692831254,2107000,0,0.044573643410852716,0.44573643410852715,1.0,D-1 estimated accounting; fill-day constraints require ledger audit,direct,V4_DIRECT_FROZEN_LINEAR_PORTFOLIO,disabled,2014-01-03,risk_on,0.014254947504373838,0.01123595505617958,0.03281856290983609,0.7054263565891473,0.06970342157235486,0.7984496124031008,0.7984496124031008,,,{},3231.TW,2014-01-03,2014-01-06
0.0671534089637053,889000,0,-0.012015503875968992,-0.12015503875968991,1.0,D-1 estimated accounting; fill-day constraints require ledger audit,direct,V4_DIRECT_FROZEN_LINEAR_PORTFOLIO,disabled,2014-01-03,risk_on,0.014254947504373838,0.01123595505617958,0.03281856290983609,0.7054263565891473,0.06970342157235486,0.7984496124031008,0.7984496124031008,,,{},3260.TWO,2014-01-03,2014-01-06
0.0172683588990827,231000,0,0.028682170542635662,0.2868217054263566,1.0,D-1 estimated accounting; fill-day constraints require ledger audit,direct,V4_DIRECT_FROZEN_LINEAR_PORTFOLIO,disabled,2014-01-03,risk_on,0.014254947504373838,0.01123595505617958,0.03281856290983609,0.7054263565891473,0.06970342157235486,0.7984496124031008,0.7984496124031008,,,{},3443.TW,2014-01-03,2014-01-06
0.007476328345555792,113000,0,0.03294573643410853,0.3294573643410853,1.0,D-1 estimated accounting; fill-day constraints require ledger audit,direct,V4_DIRECT_FROZEN_LINEAR_PORTFOLIO,disabled,2014-01-03,risk_on,0.014254947504373838,0.01123595505617958,0.03281856290983609,0.7054263565891473,0.06970342157235486,0.7984496124031008,0.7984496124031008,,,{},3533.TW,2014-01-03,2014-01-06
0.05002090218792005,417000,0,0.04612403100775194,0.46124031007751937,1.0,D-1 estimated accounting; fill-day constraints require ledger audit,direct,V4_DIRECT_FROZEN_LINEAR_PORTFOLIO,disabled,2014-01-03,risk_on,0.014254947504373838,0.01123595505617958,0.03281856290983609,0.7054263565891473,0.06970342157235486,0.7984496124031008,0.7984496124031008,,,{},3665.TW,2014-01-03,2014-01-06
0.04084110852805793,641000,0,0.02674418604651163,0.2674418604651163,1.0,D-1 estimated accounting; fill-day constraints require ledger audit,direct,V4_DIRECT_FROZEN_LINEAR_PORTFOLIO,disabled,2014-01-03,risk_on,0.014254947504373838,0.01123595505617958,0.03281856290983609,0.7054263565891473,0.06970342157235486,0.7984496124031008,0.7984496124031008,,,{},4123.TWO,2014-01-03,2014-01-06
0.0555892852151362,714000,0,0.03837209302325582,0.38372093023255816,1.0,D-1 estimated accounting; fill-day constraints require ledger audit,direct,V4_DIRECT_FROZEN_LINEAR_PORTFOLIO,disabled,2014-01-03,risk_on,0.014254947504373838,0.01123595505617958,0.03281856290983609,0.7054263565891473,0.06970342157235486,0.7984496124031008,0.7984496124031008,,,{},5871.TW,2014-01-03,2014-01-06
0.07168831325516505,386000,0,0.04534883720930233,0.4534883720930233,1.0,D-1 estimated accounting; fill-day constraints require ledger audit,direct,V4_DIRECT_FROZEN_LINEAR_PORTFOLIO,disabled,2014-01-03,risk_on,0.014254947504373838,0.01123595505617958,0.03281856290983609,0.7054263565891473,0.06970342157235486,0.7984496124031008,0.7984496124031008,,,{},5903.TWO,2014-01-03,2014-01-06
0.08090297228467785,1748000,0,0.04922480620155039,0.49224806201550386,1.0,D-1 estimated accounting; fill-day constraints require ledger audit,direct,V4_DIRECT_FROZEN_LINEAR_PORTFOLIO,disabled,2014-01-03,risk_on,0.014254947504373838,0.01123595505617958,0.03281856290983609,0.7054263565891473,0.06970342157235486,0.7984496124031008,0.7984496124031008,,,{},6147.TWO,2014-01-03,2014-01-06
0.03603891142426538,1239000,0,0.03914728682170543,0.3914728682170543,1.0,D-1 estimated accounting; fill-day constraints require ledger audit,direct,V4_DIRECT_FROZEN_LINEAR_PORTFOLIO,disabled,2014-01-03,risk_on,0.014254947504373838,0.01123595505617958,0.03281856290983609,0.7054263565891473,0.06970342157235486,0.7984496124031008,0.7984496124031008,,,{},6187.TWO,2014-01-03,2014-01-06
0.05387970404878476,825000,0,-0.014341085271317833,-0.14341085271317833,1.0,D-1 estimated accounting; fill-day constraints require ledger audit,direct,V4_DIRECT_FROZEN_LINEAR_PORTFOLIO,disabled,2014-01-03,risk_on,0.014254947504373838,0.01123595505617958,0.03281856290983609,0.7054263565891473,0.06970342157235486,0.7984496124031008,0.7984496124031008,,,{},6223.TWO,2014-01-03,2014-01-06
0.06514959014506815,4941000,0,0.04224806201550388,0.42248062015503873,1.0,D-1 estimated accounting; fill-day constraints require ledger audit,direct,V4_DIRECT_FROZEN_LINEAR_PORTFOLIO,disabled,2014-01-03,risk_on,0.014254947504373838,0.01123595505617958,0.03281856290983609,0.7054263565891473,0.06970342157235486,0.7984496124031008,0.7984496124031008,,,{},8932.TWO,2014-01-03,2014-01-06
0.003993189819919324,90000,0,0.03682170542635659,0.3682170542635659,1.0,D-1 estimated accounting; fill-day constraints require ledger audit,direct,V4_DIRECT_FROZEN_LINEAR_PORTFOLIO,disabled,2014-01-06,risk_on,0.013446391454182848,0.006613756747245958,0.02464334064178586,0.5581395348837209,0.07020416316675454,0.7286821705426356,0.751937984496124,,,{},1101.TW,2014-01-06,2014-01-07
0.042223645881969425,1260000,1260000,0.040697674418604654,0.4069767441860465,1.0,D-1 estimated accounting; fill-day constraints require ledger audit,direct,V4_DIRECT_FROZEN_LINEAR_PORTFOLIO,disabled,2014-01-06,risk_on,0.013446391454182848,0.006613756747245958,0.02464334064178586,0.5581395348837209,0.07020416316675454,0.7286821705426356,0.751937984496124,,,{},1402.TW,2014-01-06,2014-01-07
0.04320145013053906,177000,0,0.04612403100775194,0.46124031007751937,1.0,D-1 estimated accounting; fill-day constraints require ledger audit,direct,V4_DIRECT_FROZEN_LINEAR_PORTFOLIO,disabled,2014-01-06,risk_on,0.013446391454182848,0.006613756747245958,0.02464334064178586,0.5581395348837209,0.07020416316675454,0.7286821705426356,0.751937984496124,,,{},1590.TW,2014-01-06,2014-01-07
0.01073312710543093,39000,0,0.012790697674418606,0.12790697674418605,1.0,D-1 estimated accounting; fill-day constraints require ledger audit,direct,V4_DIRECT_FROZEN_LINEAR_PORTFOLIO,disabled,2014-01-06,risk_on,0.013446391454182848,0.006613756747245958,0.02464334064178586,0.5581395348837209,0.07020416316675454,0.7286821705426356,0.751937984496124,,,{},2357.TW,2014-01-06,2014-01-07
0.06290187305572204,1646000,0,0.009689922480620157,0.09689922480620156,1.0,D-1 estimated accounting; fill-day constraints require ledger audit,direct,V4_DIRECT_FROZEN_LINEAR_PORTFOLIO,disabled,2014-01-06,risk_on,0.013446391454182848,0.006613756747245958,0.02464334064178586,0.5581395348837209,0.07020416316675454,0.7286821705426356,0.751937984496124,,,{},2376.TW,2014-01-06,2014-01-07
0.03114458839228336,1204000,0,0.01666666666666667,0.16666666666666669,1.0,D-1 estimated accounting; fill-day constraints require ledger audit,direct,V4_DIRECT_FROZEN_LINEAR_PORTFOLIO,disabled,2014-01-06,risk_on,0.013446391454182848,0.006613756747245958,0.02464334064178586,0.5581395348837209,0.07020416316675454,0.7286821705426356,0.751937984496124,,,{},2383.TW,2014-01-06,2014-01-07
0.027387525850668223,312000,0,0.02441860465116279,0.2441860465116279,1.0,D-1 estimated accounting; fill-day constraints require ledger audit,direct,V4_DIRECT_FROZEN_LINEAR_PORTFOLIO,disabled,2014-01-06,risk_on,0.013446391454182848,0.006613756747245958,0.02464334064178586,0.5581395348837209,0.07020416316675454,0.7286821705426356,0.751937984496124,,,{},2451.TW,2014-01-06,2014-01-07
0.03404642641996765,2008000,0,0.015891472868217054,0.15891472868217055,1.0,D-1 estimated accounting; fill-day constraints require ledger audit,direct,V4_DIRECT_FROZEN_LINEAR_PORTFOLIO,disabled,2014-01-06,risk_on,0.013446391454182848,0.006613756747245958,0.02464334064178586,0.5581395348837209,0.07020416316675454,0.7286821705426356,0.751937984496124,,,{},2618.TW,2014-01-06,2014-01-07
0.020385174322086752,98000,0,0.031395348837209305,0.313953488372093,1.0,D-1 estimated accounting; fill-day constraints require ledger audit,direct,V4_DIRECT_FROZEN_LINEAR_PORTFOLIO,disabled,2014-01-06,risk_on,0.013446391454182848,0.006613756747245958,0.02464334064178586,0.5581395348837209,0.07020416316675454,0.7286821705426356,0.751937984496124,,,{},2912.TW,2014-01-06,2014-01-07
0.07734389101757672,360000,0,0.04844961240310078,0.4844961240310077,1.0,D-1 estimated accounting; fill-day constraints require ledger audit,direct,V4_DIRECT_FROZEN_LINEAR_PORTFOLIO,disabled,2014-01-06,risk_on,0.013446391454182848,0.006613756747245958,0.02464334064178586,0.5581395348837209,0.07020416316675454,0.7286821705426356,0.751937984496124,,,{},3131.TWO,2014-01-06,2014-01-07
0.04664911585586983,467000,0,0.03914728682170543,0.3914728682170543,1.0,D-1 estimated accounting; fill-day constraints require ledger audit,direct,V4_DIRECT_FROZEN_LINEAR_PORTFOLIO,disabled,2014-01-06,risk_on,0.013446391454182848,0.006613756747245958,0.02464334064178586,0.5581395348837209,0.07020416316675454,0.7286821705426356,0.751937984496124,,,{},3189.TW,2014-01-06,2014-01-07
0.05268044360417542,2107000,0,0.043798449612403104,0.437984496124031,1.0,D-1 estimated accounting; fill-day constraints require ledger audit,direct,V4_DIRECT_FROZEN_LINEAR_PORTFOLIO,disabled,2014-01-06,risk_on,0.013446391454182848,0.006613756747245958,0.02464334064178586,0.5581395348837209,0.07020416316675454,0.7286821705426356,0.751937984496124,,,{},3231.TW,2014-01-06,2014-01-07
0.0,0,-889000,-0.021317829457364348,-0.21317829457364346,1.0,D-1 estimated accounting; fill-day constraints require ledger audit,direct,V4_DIRECT_FROZEN_LINEAR_PORTFOLIO,disabled,2014-01-06,risk_on,0.013446391454182848,0.006613756747245958,0.02464334064178586,0.5581395348837209,0.07020416316675454,0.7286821705426356,0.751937984496124,,,{},3260.TWO,2014-01-06,2014-01-07
0.017383602689872827,231000,0,0.04224806201550388,0.42248062015503873,1.0,D-1 estimated accounting; fill-day constraints require ledger audit,direct,V4_DIRECT_FROZEN_LINEAR_PORTFOLIO,disabled,2014-01-06,risk_on,0.013446391454182848,0.006613756747245958,0.02464334064178586,0.5581395348837209,0.07020416316675454,0.7286821705426356,0.751937984496124,,,{},3443.TW,2014-01-06,2014-01-07
0.0075465094094093466,113000,0,0.03527131782945736,0.3527131782945736,1.0,D-1 estimated accounting; fill-day constraints require ledger audit,direct,V4_DIRECT_FROZEN_LINEAR_PORTFOLIO,disabled,2014-01-06,risk_on,0.013446391454182848,0.006613756747245958,0.02464334064178586,0.5581395348837209,0.07020416316675454,0.7286821705426356,0.751937984496124,,,{},3533.TW,2014-01-06,2014-01-07
0.051969253440977005,417000,0,0.03217054263565892,0.32170542635658916,1.0,D-1 estimated accounting; fill-day constraints require ledger audit,direct,V4_DIRECT_FROZEN_LINEAR_PORTFOLIO,disabled,2014-01-06,risk_on,0.013446391454182848,0.006613756747245958,0.02464334064178586,0.5581395348837209,0.07020416316675454,0.7286821705426356,0.751937984496124,,,{},3665.TW,2014-01-06,2014-01-07
0.040380522317792815,641000,0,0.041472868217054266,0.41472868217054265,1.0,D-1 estimated accounting; fill-day constraints require ledger audit,direct,V4_DIRECT_FROZEN_LINEAR_PORTFOLIO,disabled,2014-01-06,risk_on,0.013446391454182848,0.006613756747245958,0.02464334064178586,0.5581395348837209,0.07020416316675454,0.7286821705426356,0.751937984496124,,,{},4123.TWO,2014-01-06,2014-01-07
0.05488186937721777,714000,0,0.04302325581395349,0.43023255813953487,1.0,D-1 estimated accounting; fill-day constraints require ledger audit,direct,V4_DIRECT_FROZEN_LINEAR_PORTFOLIO,disabled,2014-01-06,risk_on,0.013446391454182848,0.006613756747245958,0.02464334064178586,0.5581395348837209,0.07020416316675454,0.7286821705426356,0.751937984496124,,,{},5871.TW,2014-01-06,2014-01-07
0.07197011689223544,386000,0,0.04534883720930233,0.4534883720930233,1.0,D-1 estimated accounting; fill-day constraints require ledger audit,direct,V4_DIRECT_FROZEN_LINEAR_PORTFOLIO,disabled,2014-01-06,risk_on,0.013446391454182848,0.006613756747245958,0.02464334064178586,0.5581395348837209,0.07020416316675454,0.7286821705426356,0.751937984496124,,,{},5903.TWO,2014-01-06,2014-01-07
0.07600001738190934,1748000,0,0.04922480620155039,0.49224806201550386,1.0,D-1 estimated accounting; fill-day constraints require ledger audit,direct,V4_DIRECT_FROZEN_LINEAR_PORTFOLIO,disabled,2014-01-06,risk_on,0.013446391454182848,0.006613756747245958,0.02464334064178586,0.5581395348837209,0.07020416316675454,0.7286821705426356,0.751937984496124,,,{},6147.TWO,2014-01-06,2014-01-07
0.03643993172765968,1239000,0,0.037596899224806204,0.375968992248062,1.0,D-1 estimated accounting; fill-day constraints require ledger audit,direct,V4_DIRECT_FROZEN_LINEAR_PORTFOLIO,disabled,2014-01-06,risk_on,0.013446391454182848,0.006613756747245958,0.02464334064178586,0.5581395348837209,0.07020416316675454,0.7286821705426356,0.751937984496124,,,{},6187.TWO,2014-01-06,2014-01-07
0.054218395494623844,825000,0,-0.014341085271317833,-0.14341085271317833,1.0,D-1 estimated accounting; fill-day constraints require ledger audit,direct,V4_DIRECT_FROZEN_LINEAR_PORTFOLIO,disabled,2014-01-06,risk_on,0.013446391454182848,0.006613756747245958,0.02464334064178586,0.5581395348837209,0.07020416316675454,0.7286821705426356,0.751937984496124,,,{},6223.TWO,2014-01-06,2014-01-07
0.06576115605478663,4941000,0,0.044573643410852716,0.44573643410852715,1.0,D-1 estimated accounting; fill-day constraints require ledger audit,direct,V4_DIRECT_FROZEN_LINEAR_PORTFOLIO,disabled,2014-01-06,risk_on,0.013446391454182848,0.006613756747245958,0.02464334064178586,0.5581395348837209,0.07020416316675454,0.7286821705426356,0.751937984496124,,,{},8932.TWO,2014-01-06,2014-01-07
0.004026709524119256,90000,0,0.03217054263565892,0.32170542635658916,1.0,D-1 estimated accounting; fill-day constraints require ledger audit,direct,V4_DIRECT_FROZEN_LINEAR_PORTFOLIO,disabled,2014-01-07,risk_on,0.013954799216058267,0.0010132330963299463,0.0311572466851473,0.5038759689922481,0.07660602266492264,0.7364341085271318,0.7906976744186046,,,{},1101.TW,2014-01-07,2014-01-08
0.05583708240545123,676000,676000,0.04302325581395349,0.43023255813953487,1.0,D-1 estimated accounting; fill-day constraints require ledger audit,direct,V4_DIRECT_FROZEN_LINEAR_PORTFOLIO,disabled,2014-01-07,risk_on,0.013954799216058267,0.0010132330963299463,0.0311572466851473,0.5038759689922481,0.07660602266492264,0.7364341085271318,0.7906976744186046,,,{},1326.TW,2014-01-07,2014-01-08
0.04204766259062634,1260000,0,0.04224806201550388,0.42248062015503873,1.0,D-1 estimated accounting; fill-day constraints require ledger audit,direct,V4_DIRECT_FROZEN_LINEAR_PORTFOLIO,disabled,2014-01-07,risk_on,0.013954799216058267,0.0010132330963299463,0.0311572466851473,0.5038759689922481,0.07660602266492264,0.7364341085271318,0.7906976744186046,,,{},1402.TW,2014-01-07,2014-01-08
0.04418413177357413,177000,0,0.03682170542635659,0.3682170542635659,1.0,D-1 estimated accounting; fill-day constraints require ledger audit,direct,V4_DIRECT_FROZEN_LINEAR_PORTFOLIO,disabled,2014-01-07,risk_on,0.013954799216058267,0.0010132330963299463,0.0311572466851473,0.5038759689922481,0.07660602266492264,0.7364341085271318,0.7906976744186046,,,{},1590.TW,2014-01-07,2014-01-08
0.010748104359130253,39000,0,0.01046511627906977,0.1046511627906977,1.0,D-1 estimated accounting; fill-day constraints require ledger audit,direct,V4_DIRECT_FROZEN_LINEAR_PORTFOLIO,disabled,2014-01-07,risk_on,0.013954799216058267,0.0010132330963299463,0.0311572466851473,0.5038759689922481,0.07660602266492264,0.7364341085271318,0.7906976744186046,,,{},2357.TW,2014-01-07,2014-01-08
0.06297157128423227,1646000,0,0.037596899224806204,0.375968992248062,1.0,D-1 estimated accounting; fill-day constraints require ledger audit,direct,V4_DIRECT_FROZEN_LINEAR_PORTFOLIO,disabled,2014-01-07,risk_on,0.013954799216058267,0.0010132330963299463,0.0311572466851473,0.5038759689922481,0.07660602266492264,0.7364341085271318,0.7906976744186046,,,{},2376.TW,2014-01-07,2014-01-08
0.0316824185077299,1204000,0,-0.012015503875968992,-0.12015503875968991,1.0,D-1 estimated accounting; fill-day constraints require ledger audit,direct,V4_DIRECT_FROZEN_LINEAR_PORTFOLIO,disabled,2014-01-07,risk_on,0.013954799216058267,0.0010132330963299463,0.0311572466851473,0.5038759689922481,0.07660602266492264,0.7364341085271318,0.7906976744186046,,,{},2383.TW,2014-01-07,2014-01-08
0.027525325861110644,312000,0,0.02906976744186046,0.2906976744186046,1.0,D-1 estimated accounting; fill-day constraints require ledger audit,direct,V4_DIRECT_FROZEN_LINEAR_PORTFOLIO,disabled,2014-01-07,risk_on,0.013954799216058267,0.0010132330963299463,0.0311572466851473,0.5038759689922481,0.07660602266492264,0.7364341085271318,0.7906976744186046,,,{},2451.TW,2014-01-07,2014-01-08
0.033803317300396526,2008000,0,0.022093023255813957,0.22093023255813954,1.0,D-1 estimated accounting; fill-day constraints require ledger audit,direct,V4_DIRECT_FROZEN_LINEAR_PORTFOLIO,disabled,2014-01-07,risk_on,0.013954799216058267,0.0010132330963299463,0.0311572466851473,0.5038759689922481,0.07660602266492264,0.7364341085271318,0.7906976744186046,,,{},2618.TW,2014-01-07,2014-01-08
0.019952774885535894,98000,0,0.041472868217054266,0.41472868217054265,1.0,D-1 estimated accounting; fill-day constraints require ledger audit,direct,V4_DIRECT_FROZEN_LINEAR_PORTFOLIO,disabled,2014-01-07,risk_on,0.013954799216058267,0.0010132330963299463,0.0311572466851473,0.5038759689922481,0.07660602266492264,0.7364341085271318,0.7906976744186046,,,{},2912.TW,2014-01-07,2014-01-08
0.07774814880392139,360000,0,0.047674418604651166,0.47674418604651164,1.0,D-1 estimated accounting; fill-day constraints require ledger audit,direct,V4_DIRECT_FROZEN_LINEAR_PORTFOLIO,disabled,2014-01-07,risk_on,0.013954799216058267,0.0010132330963299463,0.0311572466851473,0.5038759689922481,0.07660602266492264,0.7364341085271318,0.7906976744186046,,,{},3131.TWO,2014-01-07,2014-01-08
0.04654891629103303,467000,0,0.03837209302325582,0.38372093023255816,1.0,D-1 estimated accounting; fill-day constraints require ledger audit,direct,V4_DIRECT_FROZEN_LINEAR_PORTFOLIO,disabled,2014-01-07,risk_on,0.013954799216058267,0.0010132330963299463,0.0311572466851473,0.5038759689922481,0.07660602266492264,0.7364341085271318,0.7906976744186046,,,{},3189.TW,2014-01-07,2014-01-08
0.052567073693151285,2107000,0,0.044573643410852716,0.44573643410852715,1.0,D-1 estimated accounting; fill-day constraints require ledger audit,direct,V4_DIRECT_FROZEN_LINEAR_PORTFOLIO,disabled,2014-01-07,risk_on,0.013954799216058267,0.0010132330963299463,0.0311572466851473,0.5038759689922481,0.07660602266492264,0.7364341085271318,0.7906976744186046,,,{},3231.TW,2014-01-07,2014-01-08
0.017917739992672155,231000,0,0.0011627906976744208,0.011627906976744207,1.0,D-1 estimated accounting; fill-day constraints require ledger audit,direct,V4_DIRECT_FROZEN_LINEAR_PORTFOLIO,disabled,2014-01-07,risk_on,0.013954799216058267,0.0010132330963299463,0.0311572466851473,0.5038759689922481,0.07660602266492264,0.7364341085271318,0.7906976744186046,,,{},3443.TW,2014-01-07,2014-01-08
0.0077323868266162945,113000,0,0.00736434108527132,0.0736434108527132,1.0,D-1 estimated accounting; fill-day constraints require ledger audit,direct,V4_DIRECT_FROZEN_LINEAR_PORTFOLIO,disabled,2014-01-07,risk_on,0.013954799216058267,0.0010132330963299463,0.0311572466851473,0.5038759689922481,0.07660602266492264,0.7364341085271318,0.7906976744186046,,,{},3533.TW,2014-01-07,2014-01-08
0.05028001515306678,417000,0,0.020155038759689926,0.20155038759689925,1.0,D-1 estimated accounting; fill-day constraints require ledger audit,direct,V4_DIRECT_FROZEN_LINEAR_PORTFOLIO,disabled,2014-01-07,risk_on,0.013954799216058267,0.0010132330963299463,0.0311572466851473,0.5038759689922481,0.07660602266492264,0.7364341085271318,0.7906976744186046,,,{},3665.TW,2014-01-07,2014-01-08
0.039759671842709475,641000,0,0.029844961240310077,0.29844961240310075,1.0,D-1 estimated accounting; fill-day constraints require ledger audit,direct,V4_DIRECT_FROZEN_LINEAR_PORTFOLIO,disabled,2014-01-07,risk_on,0.013954799216058267,0.0010132330963299463,0.0311572466851473,0.5038759689922481,0.07660602266492264,0.7364341085271318,0.7906976744186046,,,{},4123.TWO,2014-01-07,2014-01-08
0.054869148337778784,714000,0,0.043798449612403104,0.437984496124031,1.0,D-1 estimated accounting; fill-day constraints require ledger audit,direct,V4_DIRECT_FROZEN_LINEAR_PORTFOLIO,disabled,2014-01-07,risk_on,0.013954799216058267,0.0010132330963299463,0.0311572466851473,0.5038759689922481,0.07660602266492264,0.7364341085271318,0.7906976744186046,,,{},5871.TW,2014-01-07,2014-01-08
0.07030686276906645,386000,0,0.04689922480620155,0.4689922480620155,1.0,D-1 estimated accounting; fill-day constraints require ledger audit,direct,V4_DIRECT_FROZEN_LINEAR_PORTFOLIO,disabled,2014-01-07,risk_on,0.013954799216058267,0.0010132330963299463,0.0311572466851473,0.5038759689922481,0.07660602266492264,0.7364341085271318,0.7906976744186046,,,{},5903.TWO,2014-01-07,2014-01-08
0.07665242667879581,1748000,0,0.04922480620155039,0.49224806201550386,1.0,D-1 estimated accounting; fill-day constraints require ledger audit,direct,V4_DIRECT_FROZEN_LINEAR_PORTFOLIO,disabled,2014-01-07,risk_on,0.013954799216058267,0.0010132330963299463,0.0311572466851473,0.5038759689922481,0.07660602266492264,0.7364341085271318,0.7906976744186046,,,{},6147.TWO,2014-01-07,2014-01-08
0.03647542806486122,1239000,0,0.008914728682170543,0.08914728682170542,1.0,D-1 estimated accounting; fill-day constraints require ledger audit,direct,V4_DIRECT_FROZEN_LINEAR_PORTFOLIO,disabled,2014-01-07,risk_on,0.013954799216058267,0.0010132330963299463,0.0311572466851473,0.5038759689922481,0.07660602266492264,0.7364341085271318,0.7906976744186046,,,{},6187.TWO,2014-01-07,2014-01-08
0.0,0,-825000,-0.02829457364341085,-0.2829457364341085,1.0,D-1 estimated accounting; fill-day constraints require ledger audit,direct,V4_DIRECT_FROZEN_LINEAR_PORTFOLIO,disabled,2014-01-07,risk_on,0.013954799216058267,0.0010132330963299463,0.0311572466851473,0.5038759689922481,0.07660602266492264,0.7364341085271318,0.7906976744186046,,,{},6223.TWO,2014-01-07,2014-01-08
0.06523807086239213,4941000,0,0.04612403100775194,0.46124031007751937,1.0,D-1 estimated accounting; fill-day constraints require ledger audit,direct,V4_DIRECT_FROZEN_LINEAR_PORTFOLIO,disabled,2014-01-07,risk_on,0.013954799216058267,0.0010132330963299463,0.0311572466851473,0.5038759689922481,0.07660602266492264,0.7364341085271318,0.7906976744186046,,,{},8932.TWO,2014-01-07,2014-01-08
0.003985118434877539,90000,0,0.03682170542635659,0.3682170542635659,1.0,D-1 estimated accounting; fill-day constraints require ledger audit,direct,V4_DIRECT_FROZEN_LINEAR_PORTFOLIO,disabled,2014-01-08,risk_on,0.014114150981170867,0.0077778243924491175,0.03538811806331199,0.5968992248062015,0.08020774720943483,0.751937984496124,0.8217054263565892,,,{},1101.TW,2014-01-08,2014-01-09
0.05543933227239289,676000,0,0.043798449612403104,0.437984496124031,1.0,D-1 estimated accounting; fill-day constraints require ledger audit,direct,V4_DIRECT_FROZEN_LINEAR_PORTFOLIO,disabled,2014-01-08,risk_on,0.014114150981170867,0.0077778243924491175,0.03538811806331199,0.5968992248062015,0.08020774720943483,0.751937984496124,0.8217054263565892,,,{},1326.TW,2014-01-08,2014-01-09
0.04248251904722723,1260000,0,0.034496124031007755,0.3449612403100775,1.0,D-1 estimated accounting; fill-day constraints require ledger audit,direct,V4_DIRECT_FROZEN_LINEAR_PORTFOLIO,disabled,2014-01-08,risk_on,0.014114150981170867,0.0077778243924491175,0.03538811806331199,0.5968992248062015,0.08020774720943483,0.751937984496124,0.8217054263565892,,,{},1402.TW,2014-01-08,2014-01-09
0.04397678173174052,177000,0,0.031395348837209305,0.313953488372093,1.0,D-1 estimated accounting; fill-day constraints require ledger audit,direct,V4_DIRECT_FROZEN_LINEAR_PORTFOLIO,disabled,2014-01-08,risk_on,0.014114150981170867,0.0077778243924491175,0.03538811806331199,0.5968992248062015,0.08020774720943483,0.751937984496124,0.8217054263565892,,,{},1590.TW,2014-01-08,2014-01-09
0.011093874800776646,39000,0,-0.008914728682170548,-0.08914728682170547,1.0,D-1 estimated accounting; fill-day constraints require ledger audit,direct,V4_DIRECT_FROZEN_LINEAR_PORTFOLIO,disabled,2014-01-08,risk_on,0.014114150981170867,0.0077778243924491175,0.03538811806331199,0.5968992248062015,0.08020774720943483,0.751937984496124,0.8217054263565892,,,{},2357.TW,2014-01-08,2014-01-09
0.06218059149723101,1646000,0,0.03992248062015504,0.3992248062015504,1.0,D-1 estimated accounting; fill-day constraints require ledger audit,direct,V4_DIRECT_FROZEN_LINEAR_PORTFOLIO,disabled,2014-01-08,risk_on,0.014114150981170867,0.0077778243924491175,0.03538811806331199,0.5968992248062015,0.08020774720943483,0.751937984496124,0.8217054263565892,,,{},2376.TW,2014-01-08,2014-01-09
0.0320170129506953,1204000,0,-0.016666666666666663,-0.16666666666666663,1.0,D-1 estimated accounting; fill-day constraints require ledger audit,direct,V4_DIRECT_FROZEN_LINEAR_PORTFOLIO,disabled,2014-01-08,risk_on,0.014114150981170867,0.0077778243924491175,0.03538811806331199,0.5968992248062015,0.08020774720943483,0.751937984496124,0.8217054263565892,,,{},2383.TW,2014-01-08,2014-01-09
0.027521536152469186,312000,0,0.015891472868217054,0.15891472868217055,1.0,D-1 estimated accounting; fill-day constraints require ledger audit,direct,V4_DIRECT_FROZEN_LINEAR_PORTFOLIO,disabled,2014-01-08,risk_on,0.014114150981170867,0.0077778243924491175,0.03538811806331199,0.5968992248062015,0.08020774720943483,0.751937984496124,0.8217054263565892,,,{},2451.TW,2014-01-08,2014-01-09
0.033543950406604184,2008000,0,0.01976744186046512,0.19767441860465118,1.0,D-1 estimated accounting; fill-day constraints require ledger audit,direct,V4_DIRECT_FROZEN_LINEAR_PORTFOLIO,disabled,2014-01-08,risk_on,0.014114150981170867,0.0077778243924491175,0.03538811806331199,0.5968992248062015,0.08020774720943483,0.751937984496124,0.8217054263565892,,,{},2618.TW,2014-01-08,2014-01-09
0.01985913926249335,98000,0,0.03914728682170543,0.3914728682170543,1.0,D-1 estimated accounting; fill-day constraints require ledger audit,direct,V4_DIRECT_FROZEN_LINEAR_PORTFOLIO,disabled,2014-01-08,risk_on,0.014114150981170867,0.0077778243924491175,0.03538811806331199,0.5968992248062015,0.08020774720943483,0.751937984496124,0.8217054263565892,,,{},2912.TW,2014-01-08,2014-01-09
0.07864890196974647,360000,0,0.04302325581395349,0.43023255813953487,1.0,D-1 estimated accounting; fill-day constraints require ledger audit,direct,V4_DIRECT_FROZEN_LINEAR_PORTFOLIO,disabled,2014-01-08,risk_on,0.014114150981170867,0.0077778243924491175,0.03538811806331199,0.5968992248062015,0.08020774720943483,0.751937984496124,0.8217054263565892,,,{},3131.TWO,2014-01-08,2014-01-09
0.058192990481871376,618000,618000,0.04612403100775194,0.46124031007751937,1.0,D-1 estimated accounting; fill-day constraints require ledger audit,direct,V4_DIRECT_FROZEN_LINEAR_PORTFOLIO,disabled,2014-01-08,risk_on,0.014114150981170867,0.0077778243924491175,0.03538811806331199,0.5968992248062015,0.08020774720943483,0.751937984496124,0.8217054263565892,,,{},3163.TWO,2014-01-08,2014-01-09
0.04661182776263024,467000,0,0.02286821705426357,0.22868217054263568,1.0,D-1 estimated accounting; fill-day constraints require ledger audit,direct,V4_DIRECT_FROZEN_LINEAR_PORTFOLIO,disabled,2014-01-08,risk_on,0.014114150981170867,0.0077778243924491175,0.03538811806331199,0.5968992248062015,0.08020774720943483,0.751937984496124,0.8217054263565892,,,{},3189.TW,2014-01-08,2014-01-09
0.05306026787343429,2107000,0,0.041472868217054266,0.41472868217054265,1.0,D-1 estimated accounting; fill-day constraints require ledger audit,direct,V4_DIRECT_FROZEN_LINEAR_PORTFOLIO,disabled,2014-01-08,risk_on,0.014114150981170867,0.0077778243924491175,0.03538811806331199,0.5968992248062015,0.08020774720943483,0.751937984496124,0.8217054263565892,,,{},3231.TW,2014-01-08,2014-01-09
0.0,0,-231000,-0.03294573643410853,-0.3294573643410853,1.0,D-1 estimated accounting; fill-day constraints require ledger audit,direct,V4_DIRECT_FROZEN_LINEAR_PORTFOLIO,disabled,2014-01-08,risk_on,0.014114150981170867,0.0077778243924491175,0.03538811806331199,0.5968992248062015,0.08020774720943483,0.751937984496124,0.8217054263565892,,,{},3443.TW,2014-01-08,2014-01-09
0.007764408378876292,113000,0,0.005038759689922479,0.050387596899224785,1.0,D-1 estimated accounting; fill-day constraints require ledger audit,direct,V4_DIRECT_FROZEN_LINEAR_PORTFOLIO,disabled,2014-01-08,risk_on,0.014114150981170867,0.0077778243924491175,0.03538811806331199,0.5968992248062015,0.08020774720943483,0.751937984496124,0.8217054263565892,,,{},3533.TW,2014-01-08,2014-01-09
0.049415889878866325,417000,0,0.037596899224806204,0.375968992248062,1.0,D-1 estimated accounting; fill-day constraints require ledger audit,direct,V4_DIRECT_FROZEN_LINEAR_PORTFOLIO,disabled,2014-01-08,risk_on,0.014114150981170867,0.0077778243924491175,0.03538811806331199,0.5968992248062015,0.08020774720943483,0.751937984496124,0.8217054263565892,,,{},3665.TW,2014-01-08,2014-01-09
0.03938004574172975,641000,0,0.03604651162790697,0.36046511627906974,1.0,D-1 estimated accounting; fill-day constraints require ledger audit,direct,V4_DIRECT_FROZEN_LINEAR_PORTFOLIO,disabled,2014-01-08,risk_on,0.014114150981170867,0.0077778243924491175,0.03538811806331199,0.5968992248062015,0.08020774720943483,0.751937984496124,0.8217054263565892,,,{},4123.TWO,2014-01-08,2014-01-09
0.05432497963135103,714000,0,0.04689922480620155,0.4689922480620155,1.0,D-1 estimated accounting; fill-day constraints require ledger audit,direct,V4_DIRECT_FROZEN_LINEAR_PORTFOLIO,disabled,2014-01-08,risk_on,0.014114150981170867,0.0077778243924491175,0.03538811806331199,0.5968992248062015,0.08020774720943483,0.751937984496124,0.8217054263565892,,,{},5871.TW,2014-01-08,2014-01-09
0.07017076424055439,386000,0,0.047674418604651166,0.47674418604651164,1.0,D-1 estimated accounting; fill-day constraints require ledger audit,direct,V4_DIRECT_FROZEN_LINEAR_PORTFOLIO,disabled,2014-01-08,risk_on,0.014114150981170867,0.0077778243924491175,0.03538811806331199,0.5968992248062015,0.08020774720943483,0.751937984496124,0.8217054263565892,,,{},5903.TWO,2014-01-08,2014-01-09
0.07743271337579785,1748000,0,0.04922480620155039,0.49224806201550386,1.0,D-1 estimated accounting; fill-day constraints require ledger audit,direct,V4_DIRECT_FROZEN_LINEAR_PORTFOLIO,disabled,2014-01-08,risk_on,0.014114150981170867,0.0077778243924491175,0.03538811806331199,0.5968992248062015,0.08020774720943483,0.751937984496124,0.8217054263565892,,,{},6147.TWO,2014-01-08,2014-01-09
0.037236726182287655,1239000,0,-0.008139534883720934,-0.08139534883720934,1.0,D-1 estimated accounting; fill-day constraints require ledger audit,direct,V4_DIRECT_FROZEN_LINEAR_PORTFOLIO,disabled,2014-01-08,risk_on,0.014114150981170867,0.0077778243924491175,0.03538811806331199,0.5968992248062015,0.08020774720943483,0.751937984496124,0.8217054263565892,,,{},6187.TWO,2014-01-08,2014-01-09
0.06394059059961009,4941000,0,0.04844961240310078,0.4844961240310077,1.0,D-1 estimated accounting; fill-day constraints require ledger audit,direct,V4_DIRECT_FROZEN_LINEAR_PORTFOLIO,disabled,2014-01-08,risk_on,0.014114150981170867,0.0077778243924491175,0.03538811806331199,0.5968992248062015,0.08020774720943483,0.751937984496124,0.8217054263565892,,,{},8932.TWO,2014-01-08,2014-01-09
0.003906635569437547,90000,0,0.04534883720930233,0.4534883720930233,1.0,D-1 estimated accounting; fill-day constraints require ledger audit,direct,V4_DIRECT_FROZEN_LINEAR_PORTFOLIO,disabled,2014-01-09,risk_on,0.014315512653798861,-0.0016155458215386664,0.03235287727022551,0.46511627906976744,0.084041586852355,0.7054263565891473,0.7984496124031008,,,{},1101.TW,2014-01-09,2014-01-10
0.055954709715760394,676000,0,0.040697674418604654,0.4069767441860465,1.0,D-1 estimated accounting; fill-day constraints require ledger audit,direct,V4_DIRECT_FROZEN_LINEAR_PORTFOLIO,disabled,2014-01-09,risk_on,0.014315512653798861,-0.0016155458215386664,0.03235287727022551,0.46511627906976744,0.084041586852355,0.7054263565891473,0.7984496124031008,,,{},1326.TW,2014-01-09,2014-01-10
0.042236129429790915,1260000,0,0.03062015503875969,0.3062015503875969,1.0,D-1 estimated accounting; fill-day constraints require ledger audit,direct,V4_DIRECT_FROZEN_LINEAR_PORTFOLIO,disabled,2014-01-09,risk_on,0.014315512653798861,-0.0016155458215386664,0.03235287727022551,0.46511627906976744,0.084041586852355,0.7054263565891473,0.7984496124031008,,,{},1402.TW,2014-01-09,2014-01-10
0.04411561512783568,177000,0,0.031395348837209305,0.313953488372093,1.0,D-1 estimated accounting; fill-day constraints require ledger audit,direct,V4_DIRECT_FROZEN_LINEAR_PORTFOLIO,disabled,2014-01-09,risk_on,0.014315512653798861,-0.0016155458215386664,0.03235287727022551,0.46511627906976744,0.084041586852355,0.7054263565891473,0.7984496124031008,,,{},1590.TW,2014-01-09,2014-01-10
0.0,0,-39000,-0.01589147286821705,-0.1589147286821705,1.0,D-1 estimated accounting; fill-day constraints require ledger audit,direct,V4_DIRECT_FROZEN_LINEAR_PORTFOLIO,disabled,2014-01-09,risk_on,0.014315512653798861,-0.0016155458215386664,0.03235287727022551,0.46511627906976744,0.084041586852355,0.7054263565891473,0.7984496124031008,,,{},2357.TW,2014-01-09,2014-01-10
0.062128380260005805,1646000,0,0.037596899224806204,0.375968992248062,1.0,D-1 estimated accounting; fill-day constraints require ledger audit,direct,V4_DIRECT_FROZEN_LINEAR_PORTFOLIO,disabled,2014-01-09,risk_on,0.014315512653798861,-0.0016155458215386664,0.03235287727022551,0.46511627906976744,0.084041586852355,0.7054263565891473,0.7984496124031008,,,{},2376.TW,2014-01-09,2014-01-10
0.03175448869573418,1204000,0,-0.009689922480620151,-0.0968992248062015,1.0,D-1 estimated accounting; fill-day constraints require ledger audit,direct,V4_DIRECT_FROZEN_LINEAR_PORTFOLIO,disabled,2014-01-09,risk_on,0.014315512653798861,-0.0016155458215386664,0.03235287727022551,0.46511627906976744,0.084041586852355,0.7054263565891473,0.7984496124031008,,,{},2383.TW,2014-01-09,2014-01-10
0.027954312203231687,312000,0,0.004263565891472871,0.0426356589147287,1.0,D-1 estimated accounting; fill-day constraints require ledger audit,direct,V4_DIRECT_FROZEN_LINEAR_PORTFOLIO,disabled,2014-01-09,risk_on,0.014315512653798861,-0.0016155458215386664,0.03235287727022551,0.46511627906976744,0.084041586852355,0.7054263565891473,0.7984496124031008,,,{},2451.TW,2014-01-09,2014-01-10
0.029226940913568235,70000,70000,0.04302325581395349,0.43023255813953487,1.0,D-1 estimated accounting; fill-day constraints require ledger audit,direct,V4_DIRECT_FROZEN_LINEAR_PORTFOLIO,disabled,2014-01-09,risk_on,0.014315512653798861,-0.0016155458215386664,0.03235287727022551,0.46511627906976744,0.084041586852355,0.7054263565891473,0.7984496124031008,,,{},2454.TW,2014-01-09,2014-01-10
0.03364984766352045,2008000,0,0.022093023255813957,0.22093023255813954,1.0,D-1 estimated accounting; fill-day constraints require ledger audit,direct,V4_DIRECT_FROZEN_LINEAR_PORTFOLIO,disabled,2014-01-09,risk_on,0.014315512653798861,-0.0016155458215386664,0.03235287727022551,0.46511627906976744,0.084041586852355,0.7054263565891473,0.7984496124031008,,,{},2618.TW,2014-01-09,2014-01-10
0.019872277175421314,98000,0,0.04224806201550388,0.42248062015503873,1.0,D-1 estimated accounting; fill-day constraints require ledger audit,direct,V4_DIRECT_FROZEN_LINEAR_PORTFOLIO,disabled,2014-01-09,risk_on,0.014315512653798861,-0.0016155458215386664,0.03235287727022551,0.46511627906976744,0.084041586852355,0.7054263565891473,0.7984496124031008,,,{},2912.TW,2014-01-09,2014-01-10
0.07690209275839585,360000,0,0.043798449612403104,0.437984496124031,1.0,D-1 estimated accounting; fill-day constraints require ledger audit,direct,V4_DIRECT_FROZEN_LINEAR_PORTFOLIO,disabled,2014-01-09,risk_on,0.014315512653798861,-0.0016155458215386664,0.03235287727022551,0.46511627906976744,0.084041586852355,0.7054263565891473,0.7984496124031008,,,{},3131.TWO,2014-01-09,2014-01-10
0.05818999815108527,618000,0,0.044573643410852716,0.44573643410852715,1.0,D-1 estimated accounting; fill-day constraints require ledger audit,direct,V4_DIRECT_FROZEN_LINEAR_PORTFOLIO,disabled,2014-01-09,risk_on,0.014315512653798861,-0.0016155458215386664,0.03235287727022551,0.46511627906976744,0.084041586852355,0.7054263565891473,0.7984496124031008,,,{},3163.TWO,2014-01-09,2014-01-10
0.046335608875358925,467000,0,-0.00736434108527132,-0.0736434108527132,1.0,D-1 estimated accounting; fill-day constraints require ledger audit,direct,V4_DIRECT_FROZEN_LINEAR_PORTFOLIO,disabled,2014-01-09,risk_on,0.014315512653798861,-0.0016155458215386664,0.03235287727022551,0.46511627906976744,0.084041586852355,0.7054263565891473,0.7984496124031008,,,{},3189.TW,2014-01-09,2014-01-10
0.053545871854212716,2107000,0,0.02906976744186046,0.2906976744186046,1.0,D-1 estimated accounting; fill-day constraints require ledger audit,direct,V4_DIRECT_FROZEN_LINEAR_PORTFOLIO,disabled,2014-01-09,risk_on,0.014315512653798861,-0.0016155458215386664,0.03235287727022551,0.46511627906976744,0.084041586852355,0.7054263565891473,0.7984496124031008,,,{},3231.TW,2014-01-09,2014-01-10
0.007857444612196916,113000,0,0.0034883720930232566,0.034883720930232565,1.0,D-1 estimated accounting; fill-day constraints require ledger audit,direct,V4_DIRECT_FROZEN_LINEAR_PORTFOLIO,disabled,2014-01-09,risk_on,0.014315512653798861,-0.0016155458215386664,0.03235287727022551,0.46511627906976744,0.084041586852355,0.7054263565891473,0.7984496124031008,,,{},3533.TW,2014-01-09,2014-01-10
0.04957189437812226,417000,0,0.015116279069767442,0.1511627906976744,1.0,D-1 estimated accounting; fill-day constraints require ledger audit,direct,V4_DIRECT_FROZEN_LINEAR_PORTFOLIO,disabled,2014-01-09,risk_on,0.014315512653798861,-0.0016155458215386664,0.03235287727022551,0.46511627906976744,0.084041586852355,0.7054263565891473,0.7984496124031008,,,{},3665.TW,2014-01-09,2014-01-10
0.038665222319893826,641000,0,0.03527131782945736,0.3527131782945736,1.0,D-1 estimated accounting; fill-day constraints require ledger audit,direct,V4_DIRECT_FROZEN_LINEAR_PORTFOLIO,disabled,2014-01-09,risk_on,0.014315512653798861,-0.0016155458215386664,0.03235287727022551,0.46511627906976744,0.084041586852355,0.7054263565891473,0.7984496124031008,,,{},4123.TWO,2014-01-09,2014-01-10
0.0542807966965231,714000,0,0.047674418604651166,0.47674418604651164,1.0,D-1 estimated accounting; fill-day constraints require ledger audit,direct,V4_DIRECT_FROZEN_LINEAR_PORTFOLIO,disabled,2014-01-09,risk_on,0.014315512653798861,-0.0016155458215386664,0.03235287727022551,0.46511627906976744,0.084041586852355,0.7054263565891473,0.7984496124031008,,,{},5871.TW,2014-01-09,2014-01-10
0.07000338357629078,386000,0,0.04612403100775194,0.46124031007751937,1.0,D-1 estimated accounting; fill-day constraints require ledger audit,direct,V4_DIRECT_FROZEN_LINEAR_PORTFOLIO,disabled,2014-01-09,risk_on,0.014315512653798861,-0.0016155458215386664,0.03235287727022551,0.46511627906976744,0.084041586852355,0.7054263565891473,0.7984496124031008,,,{},5903.TWO,2014-01-09,2014-01-10
0.08022828486346681,1748000,0,0.04922480620155039,0.49224806201550386,1.0,D-1 estimated accounting; fill-day constraints require ledger audit,direct,V4_DIRECT_FROZEN_LINEAR_PORTFOLIO,disabled,2014-01-09,risk_on,0.014315512653798861,-0.0016155458215386664,0.03235287727022551,0.46511627906976744,0.084041586852355,0.7054263565891473,0.7984496124031008,,,{},6147.TWO,2014-01-09,2014-01-10
0.03679303178543865,1239000,0,-0.004263565891472865,-0.04263565891472865,1.0,D-1 estimated accounting; fill-day constraints require ledger audit,direct,V4_DIRECT_FROZEN_LINEAR_PORTFOLIO,disabled,2014-01-09,risk_on,0.014315512653798861,-0.0016155458215386664,0.03235287727022551,0.46511627906976744,0.084041586852355,0.7054263565891473,0.7984496124031008,,,{},6187.TWO,2014-01-09,2014-01-10
0.06364522086043817,4941000,0,0.04689922480620155,0.4689922480620155,1.0,D-1 estimated accounting; fill-day constraints require ledger audit,direct,V4_DIRECT_FROZEN_LINEAR_PORTFOLIO,disabled,2014-01-09,risk_on,0.014315512653798861,-0.0016155458215386664,0.03235287727022551,0.46511627906976744,0.084041586852355,0.7054263565891473,0.7984496124031008,,,{},8932.TWO,2014-01-09,2014-01-10
0.003977978519344973,90000,0,0.04689922480620155,0.4689922480620155,1.0,D-1 estimated accounting; fill-day constraints require ledger audit,direct,V4_DIRECT_FROZEN_LINEAR_PORTFOLIO,disabled,2014-01-10,risk_on,0.014315512653798861,0.0032894188574299488,0.046647298087680866,0.5658914728682171,0.08080072958061654,0.751937984496124,0.813953488372093,,,{},1101.TW,2014-01-10,2014-01-13
0.055194790654604774,676000,0,0.041472868217054266,0.41472868217054265,1.0,D-1 estimated accounting; fill-day constraints require ledger audit,direct,V4_DIRECT_FROZEN_LINEAR_PORTFOLIO,disabled,2014-01-10,risk_on,0.014315512653798861,0.0032894188574299488,0.046647298087680866,0.5658914728682171,0.08080072958061654,0.751937984496124,0.813953488372093,,,{},1326.TW,2014-01-10,2014-01-13
0.04225022837341682,1260000,0,0.03372093023255814,0.3372093023255814,1.0,D-1 estimated accounting; fill-day constraints require ledger audit,direct,V4_DIRECT_FROZEN_LINEAR_PORTFOLIO,disabled,2014-01-10,risk_on,0.014315512653798861,0.0032894188574299488,0.046647298087680866,0.5658914728682171,0.08080072958061654,0.751937984496124,0.813953488372093,,,{},1402.TW,2014-01-10,2014-01-13
0.0438200842723576,177000,0,0.03062015503875969,0.3062015503875969,1.0,D-1 estimated accounting; fill-day constraints require ledger audit,direct,V4_DIRECT_FROZEN_LINEAR_PORTFOLIO,disabled,2014-01-10,risk_on,0.014315512653798861,0.0032894188574299488,0.046647298087680866,0.5658914728682171,0.08080072958061654,0.751937984496124,0.813953488372093,,,{},1590.TW,2014-01-10,2014-01-13
0.061715192098436136,1646000,0,0.03992248062015504,0.3992248062015504,1.0,D-1 estimated accounting; fill-day constraints require ledger audit,direct,V4_DIRECT_FROZEN_LINEAR_PORTFOLIO,disabled,2014-01-10,risk_on,0.014315512653798861,0.0032894188574299488,0.046647298087680866,0.5658914728682171,0.08080072958061654,0.751937984496124,0.813953488372093,,,{},2376.TW,2014-01-10,2014-01-13
0.03154910588132436,1204000,0,-0.004263565891472865,-0.04263565891472865,1.0,D-1 estimated accounting; fill-day constraints require ledger audit,direct,V4_DIRECT_FROZEN_LINEAR_PORTFOLIO,disabled,2014-01-10,risk_on,0.014315512653798861,0.0032894188574299488,0.046647298087680866,0.5658914728682171,0.08080072958061654,0.751937984496124,0.813953488372093,,,{},2383.TW,2014-01-10,2014-01-13
0.027660393284251832,312000,0,0.005038759689922479,0.050387596899224785,1.0,D-1 estimated accounting; fill-day constraints require ledger audit,direct,V4_DIRECT_FROZEN_LINEAR_PORTFOLIO,disabled,2014-01-10,risk_on,0.014315512653798861,0.0032894188574299488,0.046647298087680866,0.5658914728682171,0.08080072958061654,0.751937984496124,0.813953488372093,,,{},2451.TW,2014-01-10,2014-01-13
0.02950291417567628,70000,0,0.03527131782945736,0.3527131782945736,1.0,D-1 estimated accounting; fill-day constraints require ledger audit,direct,V4_DIRECT_FROZEN_LINEAR_PORTFOLIO,disabled,2014-01-10,risk_on,0.014315512653798861,0.0032894188574299488,0.046647298087680866,0.5658914728682171,0.08080072958061654,0.751937984496124,0.813953488372093,,,{},2454.TW,2014-01-10,2014-01-13
0.03356029872200054,2008000,0,0.02286821705426357,0.22868217054263568,1.0,D-1 estimated accounting; fill-day constraints require ledger audit,direct,V4_DIRECT_FROZEN_LINEAR_PORTFOLIO,disabled,2014-01-10,risk_on,0.014315512653798861,0.0032894188574299488,0.046647298087680866,0.5658914728682171,0.08080072958061654,0.751937984496124,0.813953488372093,,,{},2618.TW,2014-01-10,2014-01-13
0.019819393090939157,98000,0,0.04224806201550388,0.42248062015503873,1.0,D-1 estimated accounting; fill-day constraints require ledger audit,direct,V4_DIRECT_FROZEN_LINEAR_PORTFOLIO,disabled,2014-01-10,risk_on,0.014315512653798861,0.0032894188574299488,0.046647298087680866,0.5658914728682171,0.08080072958061654,0.751937984496124,0.813953488372093,,,{},2912.TW,2014-01-10,2014-01-13
0.07633566060274859,360000,0,0.04302325581395349,0.43023255813953487,1.0,D-1 estimated accounting; fill-day constraints require ledger audit,direct,V4_DIRECT_FROZEN_LINEAR_PORTFOLIO,disabled,2014-01-10,risk_on,0.014315512653798861,0.0032894188574299488,0.046647298087680866,0.5658914728682171,0.08080072958061654,0.751937984496124,0.813953488372093,,,{},3131.TWO,2014-01-10,2014-01-13
0.05890411838820122,618000,0,0.04534883720930233,0.4534883720930233,1.0,D-1 estimated accounting; fill-day constraints require ledger audit,direct,V4_DIRECT_FROZEN_LINEAR_PORTFOLIO,disabled,2014-01-10,risk_on,0.014315512653798861,0.0032894188574299488,0.046647298087680866,0.5658914728682171,0.08080072958061654,0.751937984496124,0.813953488372093,,,{},3163.TWO,2014-01-10,2014-01-13
0.0,0,-467000,-0.008914728682170548,-0.08914728682170547,1.0,D-1 estimated accounting; fill-day constraints require ledger audit,direct,V4_DIRECT_FROZEN_LINEAR_PORTFOLIO,disabled,2014-01-10,risk_on,0.014315512653798861,0.0032894188574299488,0.046647298087680866,0.5658914728682171,0.08080072958061654,0.751937984496124,0.813953488372093,,,{},3189.TW,2014-01-10,2014-01-13
0.05350912489135552,2107000,0,0.01666666666666667,0.16666666666666669,1.0,D-1 estimated accounting; fill-day constraints require ledger audit,direct,V4_DIRECT_FROZEN_LINEAR_PORTFOLIO,disabled,2014-01-10,risk_on,0.014315512653798861,0.0032894188574299488,0.046647298087680866,0.5658914728682171,0.08080072958061654,0.751937984496124,0.813953488372093,,,{},3231.TW,2014-01-10,2014-01-13
0.007825144076708914,113000,0,0.004263565891472871,0.0426356589147287,1.0,D-1 estimated accounting; fill-day constraints require ledger audit,direct,V4_DIRECT_FROZEN_LINEAR_PORTFOLIO,disabled,2014-01-10,risk_on,0.014315512653798861,0.0032894188574299488,0.046647298087680866,0.5658914728682171,0.08080072958061654,0.751937984496124,0.813953488372093,,,{},3533.TW,2014-01-10,2014-01-13
0.04839251663159106,417000,0,0.008914728682170543,0.08914728682170542,1.0,D-1 estimated accounting; fill-day constraints require ledger audit,direct,V4_DIRECT_FROZEN_LINEAR_PORTFOLIO,disabled,2014-01-10,risk_on,0.014315512653798861,0.0032894188574299488,0.046647298087680866,0.5658914728682171,0.08080072958061654,0.751937984496124,0.813953488372093,,,{},3665.TW,2014-01-10,2014-01-13
0.038497948627754505,641000,0,0.03914728682170543,0.3914728682170543,1.0,D-1 estimated accounting; fill-day constraints require ledger audit,direct,V4_DIRECT_FROZEN_LINEAR_PORTFOLIO,disabled,2014-01-10,risk_on,0.014315512653798861,0.0032894188574299488,0.046647298087680866,0.5658914728682171,0.08080072958061654,0.751937984496124,0.813953488372093,,,{},4123.TWO,2014-01-10,2014-01-13
0.012528464664299696,364000,364000,0.047674418604651166,0.47674418604651164,1.0,D-1 estimated accounting; fill-day constraints require ledger audit,direct,V4_DIRECT_FROZEN_LINEAR_PORTFOLIO,disabled,2014-01-10,risk_on,0.014315512653798861,0.0032894188574299488,0.046647298087680866,0.5658914728682171,0.08080072958061654,0.751937984496124,0.813953488372093,,,{},5347.TWO,2014-01-10,2014-01-13
0.054423159764944516,714000,0,0.04612403100775194,0.46124031007751937,1.0,D-1 estimated accounting; fill-day constraints require ledger audit,direct,V4_DIRECT_FROZEN_LINEAR_PORTFOLIO,disabled,2014-01-10,risk_on,0.014315512653798861,0.0032894188574299488,0.046647298087680866,0.5658914728682171,0.08080072958061654,0.751937984496124,0.813953488372093,,,{},5871.TW,2014-01-10,2014-01-13
0.07039889972941298,386000,0,0.044573643410852716,0.44573643410852715,1.0,D-1 estimated accounting; fill-day constraints require ledger audit,direct,V4_DIRECT_FROZEN_LINEAR_PORTFOLIO,disabled,2014-01-10,risk_on,0.014315512653798861,0.0032894188574299488,0.046647298087680866,0.5658914728682171,0.08080072958061654,0.751937984496124,0.813953488372093,,,{},5903.TWO,2014-01-10,2014-01-13
0.08036572345448185,1748000,0,0.04844961240310078,0.4844961240310077,1.0,D-1 estimated accounting; fill-day constraints require ledger audit,direct,V4_DIRECT_FROZEN_LINEAR_PORTFOLIO,disabled,2014-01-10,risk_on,0.014315512653798861,0.0032894188574299488,0.046647298087680866,0.5658914728682171,0.08080072958061654,0.751937984496124,0.813953488372093,,,{},6147.TWO,2014-01-10,2014-01-13
0.037006093783435716,1239000,0,0.011240310077519378,0.11240310077519378,1.0,D-1 estimated accounting; fill-day constraints require ledger audit,direct,V4_DIRECT_FROZEN_LINEAR_PORTFOLIO,disabled,2014-01-10,risk_on,0.014315512653798861,0.0032894188574299488,0.046647298087680866,0.5658914728682171,0.08080072958061654,0.751937984496124,0.813953488372093,,,{},6187.TWO,2014-01-10,2014-01-13
0.06545946851942029,4941000,0,0.043798449612403104,0.437984496124031,1.0,D-1 estimated accounting; fill-day constraints require ledger audit,direct,V4_DIRECT_FROZEN_LINEAR_PORTFOLIO,disabled,2014-01-10,risk_on,0.014315512653798861,0.0032894188574299488,0.046647298087680866,0.5658914728682171,0.08080072958061654,0.751937984496124,0.813953488372093,,,{},8932.TWO,2014-01-10,2014-01-13
0.003987931909867726,90000,0,0.04534883720930233,0.4534883720930233,1.0,D-1 estimated accounting; fill-day constraints require ledger audit,direct,V4_DIRECT_FROZEN_LINEAR_PORTFOLIO,disabled,2014-01-13,risk_on,0.01428737529799746,0.006711392213426537,0.04500004582489425,0.6201550387596899,0.07834126014931664,0.7209302325581395,0.7984496124031008,,,{},1101.TW,2014-01-13,2014-01-14
0.04302457289665892,634000,634000,0.040697674418604654,0.4069767441860465,1.0,D-1 estimated accounting; fill-day constraints require ledger audit,direct,V4_DIRECT_FROZEN_LINEAR_PORTFOLIO,disabled,2014-01-13,risk_on,0.01428737529799746,0.006711392213426537,0.04500004582489425,0.6201550387596899,0.07834126014931664,0.7209302325581395,0.7984496124031008,,,{},1303.TW,2014-01-13,2014-01-14
0.05553707521917357,676000,0,0.04224806201550388,0.42248062015503873,1.0,D-1 estimated accounting; fill-day constraints require ledger audit,direct,V4_DIRECT_FROZEN_LINEAR_PORTFOLIO,disabled,2014-01-13,risk_on,0.01428737529799746,0.006711392213426537,0.04500004582489425,0.6201550387596899,0.07834126014931664,0.7209302325581395,0.7984496124031008,,,{},1326.TW,2014-01-13,2014-01-14
0.04286320044065781,1260000,0,0.023643410852713178,0.23643410852713176,1.0,D-1 estimated accounting; fill-day constraints require ledger audit,direct,V4_DIRECT_FROZEN_LINEAR_PORTFOLIO,disabled,2014-01-13,risk_on,0.01428737529799746,0.006711392213426537,0.04500004582489425,0.6201550387596899,0.07834126014931664,0.7209302325581395,0.7984496124031008,,,{},1402.TW,2014-01-13,2014-01-14
0.043840439437769246,177000,0,0.018992248062015507,0.18992248062015504,1.0,D-1 estimated accounting; fill-day constraints require ledger audit,direct,V4_DIRECT_FROZEN_LINEAR_PORTFOLIO,disabled,2014-01-13,risk_on,0.01428737529799746,0.006711392213426537,0.04500004582489425,0.6201550387596899,0.07834126014931664,0.7209302325581395,0.7984496124031008,,,{},1590.TW,2014-01-13,2014-01-14
0.06261502808516224,1646000,0,0.03914728682170543,0.3914728682170543,1.0,D-1 estimated accounting; fill-day constraints require ledger audit,direct,V4_DIRECT_FROZEN_LINEAR_PORTFOLIO,disabled,2014-01-13,risk_on,0.01428737529799746,0.006711392213426537,0.04500004582489425,0.6201550387596899,0.07834126014931664,0.7209302325581395,0.7984496124031008,,,{},2376.TW,2014-01-13,2014-01-14
0.0,0,-1204000,-0.016666666666666663,-0.16666666666666663,1.0,D-1 estimated accounting; fill-day constraints require ledger audit,direct,V4_DIRECT_FROZEN_LINEAR_PORTFOLIO,disabled,2014-01-13,risk_on,0.01428737529799746,0.006711392213426537,0.04500004582489425,0.6201550387596899,0.07834126014931664,0.7209302325581395,0.7984496124031008,,,{},2383.TW,2014-01-13,2014-01-14
0.0277296029833571,312000,0,0.002713178294573643,0.027131782945736427,1.0,D-1 estimated accounting; fill-day constraints require ledger audit,direct,V4_DIRECT_FROZEN_LINEAR_PORTFOLIO,disabled,2014-01-13,risk_on,0.01428737529799746,0.006711392213426537,0.04500004582489425,0.6201550387596899,0.07834126014931664,0.7209302325581395,0.7984496124031008,,,{},2451.TW,2014-01-13,2014-01-14
0.029470342958393965,70000,0,0.03372093023255814,0.3372093023255814,1.0,D-1 estimated accounting; fill-day constraints require ledger audit,direct,V4_DIRECT_FROZEN_LINEAR_PORTFOLIO,disabled,2014-01-13,risk_on,0.01428737529799746,0.006711392213426537,0.04500004582489425,0.6201550387596899,0.07834126014931664,0.7209302325581395,0.7984496124031008,,,{},2454.TW,2014-01-13,2014-01-14
0.03354323686270866,2008000,0,0.029844961240310077,0.29844961240310075,1.0,D-1 estimated accounting; fill-day constraints require ledger audit,direct,V4_DIRECT_FROZEN_LINEAR_PORTFOLIO,disabled,2014-01-13,risk_on,0.01428737529799746,0.006711392213426537,0.04500004582489425,0.6201550387596899,0.07834126014931664,0.7209302325581395,0.7984496124031008,,,{},2618.TW,2014-01-13,2014-01-14
0.019522143531630037,98000,0,0.047674418604651166,0.47674418604651164,1.0,D-1 estimated accounting; fill-day constraints require ledger audit,direct,V4_DIRECT_FROZEN_LINEAR_PORTFOLIO,disabled,2014-01-13,risk_on,0.01428737529799746,0.006711392213426537,0.04500004582489425,0.6201550387596899,0.07834126014931664,0.7209302325581395,0.7984496124031008,,,{},2912.TW,2014-01-13,2014-01-14
0.0761639761942875,360000,0,0.04844961240310078,0.4844961240310077,1.0,D-1 estimated accounting; fill-day constraints require ledger audit,direct,V4_DIRECT_FROZEN_LINEAR_PORTFOLIO,disabled,2014-01-13,risk_on,0.01428737529799746,0.006711392213426537,0.04500004582489425,0.6201550387596899,0.07834126014931664,0.7209302325581395,0.7984496124031008,,,{},3131.TWO,2014-01-13,2014-01-14
0.057433654305398554,618000,0,0.044573643410852716,0.44573643410852715,1.0,D-1 estimated accounting; fill-day constraints require ledger audit,direct,V4_DIRECT_FROZEN_LINEAR_PORTFOLIO,disabled,2014-01-13,risk_on,0.01428737529799746,0.006711392213426537,0.04500004582489425,0.6201550387596899,0.07834126014931664,0.7209302325581395,0.7984496124031008,,,{},3163.TWO,2014-01-13,2014-01-14
0.053643011289681804,2107000,0,0.02131782945736434,0.2131782945736434,1.0,D-1 estimated accounting; fill-day constraints require ledger audit,direct,V4_DIRECT_FROZEN_LINEAR_PORTFOLIO,disabled,2014-01-13,risk_on,0.01428737529799746,0.006711392213426537,0.04500004582489425,0.6201550387596899,0.07834126014931664,0.7209302325581395,0.7984496124031008,,,{},3231.TW,2014-01-13,2014-01-14
0.00810735621374633,113000,0,-0.014341085271317833,-0.14341085271317833,1.0,D-1 estimated accounting; fill-day constraints require ledger audit,direct,V4_DIRECT_FROZEN_LINEAR_PORTFOLIO,disabled,2014-01-13,risk_on,0.01428737529799746,0.006711392213426537,0.04500004582489425,0.6201550387596899,0.07834126014931664,0.7209302325581395,0.7984496124031008,,,{},3533.TW,2014-01-13,2014-01-14
0.04746352271192126,417000,0,0.02441860465116279,0.2441860465116279,1.0,D-1 estimated accounting; fill-day constraints require ledger audit,direct,V4_DIRECT_FROZEN_LINEAR_PORTFOLIO,disabled,2014-01-13,risk_on,0.01428737529799746,0.006711392213426537,0.04500004582489425,0.6201550387596899,0.07834126014931664,0.7209302325581395,0.7984496124031008,,,{},3665.TW,2014-01-13,2014-01-14
0.038077963846370654,641000,0,0.04302325581395349,0.43023255813953487,1.0,D-1 estimated accounting; fill-day constraints require ledger audit,direct,V4_DIRECT_FROZEN_LINEAR_PORTFOLIO,disabled,2014-01-13,risk_on,0.01428737529799746,0.006711392213426537,0.04500004582489425,0.6201550387596899,0.07834126014931664,0.7209302325581395,0.7984496124031008,,,{},4123.TWO,2014-01-13,2014-01-14
0.012596483405835695,364000,0,0.03837209302325582,0.38372093023255816,1.0,D-1 estimated accounting; fill-day constraints require ledger audit,direct,V4_DIRECT_FROZEN_LINEAR_PORTFOLIO,disabled,2014-01-13,risk_on,0.01428737529799746,0.006711392213426537,0.04500004582489425,0.6201550387596899,0.07834126014931664,0.7209302325581395,0.7984496124031008,,,{},5347.TWO,2014-01-13,2014-01-14
0.05678771175318216,714000,0,0.043798449612403104,0.437984496124031,1.0,D-1 estimated accounting; fill-day constraints require ledger audit,direct,V4_DIRECT_FROZEN_LINEAR_PORTFOLIO,disabled,2014-01-13,risk_on,0.01428737529799746,0.006711392213426537,0.04500004582489425,0.6201550387596899,0.07834126014931664,0.7209302325581395,0.7984496124031008,,,{},5871.TW,2014-01-13,2014-01-14
0.07076946803295378,386000,0,0.041472868217054266,0.41472868217054265,1.0,D-1 estimated accounting; fill-day constraints require ledger audit,direct,V4_DIRECT_FROZEN_LINEAR_PORTFOLIO,disabled,2014-01-13,risk_on,0.01428737529799746,0.006711392213426537,0.04500004582489425,0.6201550387596899,0.07834126014931664,0.7209302325581395,0.7984496124031008,,,{},5903.TWO,2014-01-13,2014-01-14
0.07854384264679383,1748000,0,0.04922480620155039,0.49224806201550386,1.0,D-1 estimated accounting; fill-day constraints require ledger audit,direct,V4_DIRECT_FROZEN_LINEAR_PORTFOLIO,disabled,2014-01-13,risk_on,0.01428737529799746,0.006711392213426537,0.04500004582489425,0.6201550387596899,0.07834126014931664,0.7209302325581395,0.7984496124031008,,,{},6147.TWO,2014-01-13,2014-01-14
0.03722338904313662,1239000,0,0.01744186046511628,0.17441860465116277,1.0,D-1 estimated accounting; fill-day constraints require ledger audit,direct,V4_DIRECT_FROZEN_LINEAR_PORTFOLIO,disabled,2014-01-13,risk_on,0.01428737529799746,0.006711392213426537,0.04500004582489425,0.6201550387596899,0.07834126014931664,0.7209302325581395,0.7984496124031008,,,{},6187.TWO,2014-01-13,2014-01-14
0.06562325614432,4941000,0,0.04689922480620155,0.4689922480620155,1.0,D-1 estimated accounting; fill-day constraints require ledger audit,direct,V4_DIRECT_FROZEN_LINEAR_PORTFOLIO,disabled,2014-01-13,risk_on,0.01428737529799746,0.006711392213426537,0.04500004582489425,0.6201550387596899,0.07834126014931664,0.7209302325581395,0.7984496124031008,,,{},8932.TWO,2014-01-13,2014-01-14
0.0040227357345771235,90000,0,0.03914728682170543,0.3914728682170543,1.0,D-1 estimated accounting; fill-day constraints require ledger audit,direct,V4_DIRECT_FROZEN_LINEAR_PORTFOLIO,disabled,2014-01-14,risk_on,0.014138792345733793,0.0,0.04260985352862878,0.4883720930232558,0.07852608197857004,0.6976744186046512,0.7674418604651163,,,{},1101.TW,2014-01-14,2014-01-15
0.04227342351993714,634000,0,0.04612403100775194,0.46124031007751937,1.0,D-1 estimated accounting; fill-day constraints require ledger audit,direct,V4_DIRECT_FROZEN_LINEAR_PORTFOLIO,disabled,2014-01-14,risk_on,0.014138792345733793,0.0,0.04260985352862878,0.4883720930232558,0.07852608197857004,0.6976744186046512,0.7674418604651163,,,{},1303.TW,2014-01-14,2014-01-15
0.05509516606779344,676000,0,0.04224806201550388,0.42248062015503873,1.0,D-1 estimated accounting; fill-day constraints require ledger audit,direct,V4_DIRECT_FROZEN_LINEAR_PORTFOLIO,disabled,2014-01-14,risk_on,0.014138792345733793,0.0,0.04260985352862878,0.4883720930232558,0.07852608197857004,0.6976744186046512,0.7674418604651163,,,{},1326.TW,2014-01-14,2014-01-15
0.042879623351853066,1260000,0,0.01744186046511628,0.17441860465116277,1.0,D-1 estimated accounting; fill-day constraints require ledger audit,direct,V4_DIRECT_FROZEN_LINEAR_PORTFOLIO,disabled,2014-01-14,risk_on,0.014138792345733793,0.0,0.04260985352862878,0.4883720930232558,0.07852608197857004,0.6976744186046512,0.7674418604651163,,,{},1402.TW,2014-01-14,2014-01-15
0.04401166506315634,177000,0,0.028294573643410856,0.28294573643410853,1.0,D-1 estimated accounting; fill-day constraints require ledger audit,direct,V4_DIRECT_FROZEN_LINEAR_PORTFOLIO,disabled,2014-01-14,risk_on,0.014138792345733793,0.0,0.04260985352862878,0.4883720930232558,0.07852608197857004,0.6976744186046512,0.7674418604651163,,,{},1590.TW,2014-01-14,2014-01-15
0.06381053912615188,1646000,0,0.02596899224806202,0.2596899224806202,1.0,D-1 estimated accounting; fill-day constraints require ledger audit,direct,V4_DIRECT_FROZEN_LINEAR_PORTFOLIO,disabled,2014-01-14,risk_on,0.014138792345733793,0.0,0.04260985352862878,0.4883720930232558,0.07852608197857004,0.6976744186046512,0.7674418604651163,,,{},2376.TW,2014-01-14,2014-01-15
0.027497841234495213,312000,0,0.002713178294573643,0.027131782945736427,1.0,D-1 estimated accounting; fill-day constraints require ledger audit,direct,V4_DIRECT_FROZEN_LINEAR_PORTFOLIO,disabled,2014-01-14,risk_on,0.014138792345733793,0.0,0.04260985352862878,0.4883720930232558,0.07852608197857004,0.6976744186046512,0.7674418604651163,,,{},2451.TW,2014-01-14,2014-01-15
0.029525310930465426,70000,0,0.03372093023255814,0.3372093023255814,1.0,D-1 estimated accounting; fill-day constraints require ledger audit,direct,V4_DIRECT_FROZEN_LINEAR_PORTFOLIO,disabled,2014-01-14,risk_on,0.014138792345733793,0.0,0.04260985352862878,0.4883720930232558,0.07852608197857004,0.6976744186046512,0.7674418604651163,,,{},2454.TW,2014-01-14,2014-01-15
0.033605801581064965,2008000,0,0.023643410852713178,0.23643410852713176,1.0,D-1 estimated accounting; fill-day constraints require ledger audit,direct,V4_DIRECT_FROZEN_LINEAR_PORTFOLIO,disabled,2014-01-14,risk_on,0.014138792345733793,0.0,0.04260985352862878,0.4883720930232558,0.07852608197857004,0.6976744186046512,0.7674418604651163,,,{},2618.TW,2014-01-14,2014-01-15
0.019260710126917543,98000,0,0.04844961240310078,0.4844961240310077,1.0,D-1 estimated accounting; fill-day constraints require ledger audit,direct,V4_DIRECT_FROZEN_LINEAR_PORTFOLIO,disabled,2014-01-14,risk_on,0.014138792345733793,0.0,0.04260985352862878,0.4883720930232558,0.07852608197857004,0.6976744186046512,0.7674418604651163,,,{},2912.TW,2014-01-14,2014-01-15
0.07594267487349096,360000,0,0.047674418604651166,0.47674418604651164,1.0,D-1 estimated accounting; fill-day constraints require ledger audit,direct,V4_DIRECT_FROZEN_LINEAR_PORTFOLIO,disabled,2014-01-14,risk_on,0.014138792345733793,0.0,0.04260985352862878,0.4883720930232558,0.07852608197857004,0.6976744186046512,0.7674418604651163,,,{},3131.TWO,2014-01-14,2014-01-15
0.05797716661548801,618000,0,0.041472868217054266,0.41472868217054265,1.0,D-1 estimated accounting; fill-day constraints require ledger audit,direct,V4_DIRECT_FROZEN_LINEAR_PORTFOLIO,disabled,2014-01-14,risk_on,0.014138792345733793,0.0,0.04260985352862878,0.4883720930232558,0.07852608197857004,0.6976744186046512,0.7674418604651163,,,{},3163.TWO,2014-01-14,2014-01-15
0.054167912402962336,2107000,0,0.006589147286821706,0.06589147286821706,1.0,D-1 estimated accounting; fill-day constraints require ledger audit,direct,V4_DIRECT_FROZEN_LINEAR_PORTFOLIO,disabled,2014-01-14,risk_on,0.014138792345733793,0.0,0.04260985352862878,0.4883720930232558,0.07852608197857004,0.6976744186046512,0.7674418604651163,,,{},3231.TW,2014-01-14,2014-01-15
0.0,0,-113000,-0.02674418604651163,-0.2674418604651163,1.0,D-1 estimated accounting; fill-day constraints require ledger audit,direct,V4_DIRECT_FROZEN_LINEAR_PORTFOLIO,disabled,2014-01-14,risk_on,0.014138792345733793,0.0,0.04260985352862878,0.4883720930232558,0.07852608197857004,0.6976744186046512,0.7674418604651163,,,{},3533.TW,2014-01-14,2014-01-15
0.04692082957222619,417000,0,0.022093023255813957,0.22093023255813954,1.0,D-1 estimated accounting; fill-day constraints require ledger audit,direct,V4_DIRECT_FROZEN_LINEAR_PORTFOLIO,disabled,2014-01-14,risk_on,0.014138792345733793,0.0,0.04260985352862878,0.4883720930232558,0.07852608197857004,0.6976744186046512,0.7674418604651163,,,{},3665.TW,2014-01-14,2014-01-15
0.03840762391842616,641000,0,0.04302325581395349,0.43023255813953487,1.0,D-1 estimated accounting; fill-day constraints require ledger audit,direct,V4_DIRECT_FROZEN_LINEAR_PORTFOLIO,disabled,2014-01-14,risk_on,0.014138792345733793,0.0,0.04260985352862878,0.4883720930232558,0.07852608197857004,0.6976744186046512,0.7674418604651163,,,{},4123.TWO,2014-01-14,2014-01-15
0.033613613109846355,540000,540000,0.04534883720930233,0.4534883720930233,1.0,D-1 estimated accounting; fill-day constraints require ledger audit,direct,V4_DIRECT_FROZEN_LINEAR_PORTFOLIO,disabled,2014-01-14,risk_on,0.014138792345733793,0.0,0.04260985352862878,0.4883720930232558,0.07852608197857004,0.6976744186046512,0.7674418604651163,,,{},4904.TW,2014-01-14,2014-01-15
0.012417911708338312,364000,0,0.043798449612403104,0.437984496124031,1.0,D-1 estimated accounting; fill-day constraints require ledger audit,direct,V4_DIRECT_FROZEN_LINEAR_PORTFOLIO,disabled,2014-01-14,risk_on,0.014138792345733793,0.0,0.04260985352862878,0.4883720930232558,0.07852608197857004,0.6976744186046512,0.7674418604651163,,,{},5347.TWO,2014-01-14,2014-01-15
0.05631749393272165,714000,0,0.044573643410852716,0.44573643410852715,1.0,D-1 estimated accounting; fill-day constraints require ledger audit,direct,V4_DIRECT_FROZEN_LINEAR_PORTFOLIO,disabled,2014-01-14,risk_on,0.014138792345733793,0.0,0.04260985352862878,0.4883720930232558,0.07852608197857004,0.6976744186046512,0.7674418604651163,,,{},5871.TW,2014-01-14,2014-01-15
0.07051189847682804,386000,0,0.03837209302325582,0.38372093023255816,1.0,D-1 estimated accounting; fill-day constraints require ledger audit,direct,V4_DIRECT_FROZEN_LINEAR_PORTFOLIO,disabled,2014-01-14,risk_on,0.014138792345733793,0.0,0.04260985352862878,0.4883720930232558,0.07852608197857004,0.6976744186046512,0.7674418604651163,,,{},5903.TWO,2014-01-14,2014-01-15
0.07948341408377628,1748000,0,0.03992248062015504,0.3992248062015504,1.0,D-1 estimated accounting; fill-day constraints require ledger audit,direct,V4_DIRECT_FROZEN_LINEAR_PORTFOLIO,disabled,2014-01-14,risk_on,0.014138792345733793,0.0,0.04260985352862878,0.4883720930232558,0.07852608197857004,0.6976744186046512,0.7674418604651163,,,{},6147.TWO,2014-01-14,2014-01-15
0.037355284999173025,1239000,0,0.012015503875968992,0.12015503875968991,1.0,D-1 estimated accounting; fill-day constraints require ledger audit,direct,V4_DIRECT_FROZEN_LINEAR_PORTFOLIO,disabled,2014-01-14,risk_on,0.014138792345733793,0.0,0.04260985352862878,0.4883720930232558,0.07852608197857004,0.6976744186046512,0.7674418604651163,,,{},6187.TWO,2014-01-14,2014-01-15
0.06450047350690832,4941000,0,0.04689922480620155,0.4689922480620155,1.0,D-1 estimated accounting; fill-day constraints require ledger audit,direct,V4_DIRECT_FROZEN_LINEAR_PORTFOLIO,disabled,2014-01-14,risk_on,0.014138792345733793,0.0,0.04260985352862878,0.4883720930232558,0.07852608197857004,0.6976744186046512,0.7674418604651163,,,{},8932.TWO,2014-01-14,2014-01-15
0.004031766349151971,90000,0,0.03604651162790697,0.36046511627906974,1.0,D-1 estimated accounting; fill-day constraints require ledger audit,direct,V4_DIRECT_FROZEN_LINEAR_PORTFOLIO,disabled,2014-01-15,risk_on,0.014272315907630161,-0.001669425853039419,0.04845812118625026,0.4806201550387597,0.07689032728435721,0.7441860465116279,0.7984496124031008,,,{},1101.TW,2014-01-15,2014-01-16
0.04213191479426228,634000,0,0.04534883720930233,0.4534883720930233,1.0,D-1 estimated accounting; fill-day constraints require ledger audit,direct,V4_DIRECT_FROZEN_LINEAR_PORTFOLIO,disabled,2014-01-15,risk_on,0.014272315907630161,-0.001669425853039419,0.04845812118625026,0.4806201550387597,0.07689032728435721,0.7441860465116279,0.7984496124031008,,,{},1303.TW,2014-01-15,2014-01-16
0.05441678737350305,676000,0,0.04612403100775194,0.46124031007751937,1.0,D-1 estimated accounting; fill-day constraints require ledger audit,direct,V4_DIRECT_FROZEN_LINEAR_PORTFOLIO,disabled,2014-01-15,risk_on,0.014272315907630161,-0.001669425853039419,0.04845812118625026,0.4806201550387597,0.07689032728435721,0.7441860465116279,0.7984496124031008,,,{},1326.TW,2014-01-15,2014-01-16
0.041661477758973095,1260000,0,0.03914728682170543,0.3914728682170543,1.0,D-1 estimated accounting; fill-day constraints require ledger audit,direct,V4_DIRECT_FROZEN_LINEAR_PORTFOLIO,disabled,2014-01-15,risk_on,0.014272315907630161,-0.001669425853039419,0.04845812118625026,0.4806201550387597,0.07689032728435721,0.7441860465116279,0.7984496124031008,,,{},1402.TW,2014-01-15,2014-01-16
0.0,0,-177000,-0.01589147286821705,-0.1589147286821705,1.0,D-1 estimated accounting; fill-day constraints require ledger audit,direct,V4_DIRECT_FROZEN_LINEAR_PORTFOLIO,disabled,2014-01-15,risk_on,0.014272315907630161,-0.001669425853039419,0.04845812118625026,0.4806201550387597,0.07689032728435721,0.7441860465116279,0.7984496124031008,,,{},1590.TW,2014-01-15,2014-01-16
0.06368050445191228,1646000,0,0.014341085271317828,0.14341085271317827,1.0,D-1 estimated accounting; fill-day constraints require ledger audit,direct,V4_DIRECT_FROZEN_LINEAR_PORTFOLIO,disabled,2014-01-15,risk_on,0.014272315907630161,-0.001669425853039419,0.04845812118625026,0.4806201550387597,0.07689032728435721,0.7441860465116279,0.7984496124031008,,,{},2376.TW,2014-01-15,2014-01-16
0.027159264350826183,312000,0,0.0003875968992248069,0.003875968992248069,1.0,D-1 estimated accounting; fill-day constraints require ledger audit,direct,V4_DIRECT_FROZEN_LINEAR_PORTFOLIO,disabled,2014-01-15,risk_on,0.014272315907630161,-0.001669425853039419,0.04845812118625026,0.4806201550387597,0.07689032728435721,0.7441860465116279,0.7984496124031008,,,{},2451.TW,2014-01-15,2014-01-16
0.029407416789598358,70000,0,0.03992248062015504,0.3992248062015504,1.0,D-1 estimated accounting; fill-day constraints require ledger audit,direct,V4_DIRECT_FROZEN_LINEAR_PORTFOLIO,disabled,2014-01-15,risk_on,0.014272315907630161,-0.001669425853039419,0.04845812118625026,0.4806201550387597,0.07689032728435721,0.7441860465116279,0.7984496124031008,,,{},2454.TW,2014-01-15,2014-01-16
0.03309204231935484,2008000,0,0.02751937984496124,0.2751937984496124,1.0,D-1 estimated accounting; fill-day constraints require ledger audit,direct,V4_DIRECT_FROZEN_LINEAR_PORTFOLIO,disabled,2014-01-15,risk_on,0.014272315907630161,-0.001669425853039419,0.04845812118625026,0.4806201550387597,0.07689032728435721,0.7441860465116279,0.7984496124031008,,,{},2618.TW,2014-01-15,2014-01-16
0.010113326065482906,537000,537000,0.044573643410852716,0.44573643410852715,1.0,D-1 estimated accounting; fill-day constraints require ledger audit,direct,V4_DIRECT_FROZEN_LINEAR_PORTFOLIO,disabled,2014-01-15,risk_on,0.014272315907630161,-0.001669425853039419,0.04845812118625026,0.4806201550387597,0.07689032728435721,0.7441860465116279,0.7984496124031008,,,{},2884.TW,2014-01-15,2014-01-16
0.019023555829734255,98000,0,0.04844961240310078,0.4844961240310077,1.0,D-1 estimated accounting; fill-day constraints require ledger audit,direct,V4_DIRECT_FROZEN_LINEAR_PORTFOLIO,disabled,2014-01-15,risk_on,0.014272315907630161,-0.001669425853039419,0.04845812118625026,0.4806201550387597,0.07689032728435721,0.7441860465116279,0.7984496124031008,,,{},2912.TW,2014-01-15,2014-01-16
0.07572537997627563,360000,0,0.029844961240310077,0.29844961240310075,1.0,D-1 estimated accounting; fill-day constraints require ledger audit,direct,V4_DIRECT_FROZEN_LINEAR_PORTFOLIO,disabled,2014-01-15,risk_on,0.014272315907630161,-0.001669425853039419,0.04845812118625026,0.4806201550387597,0.07689032728435721,0.7441860465116279,0.7984496124031008,,,{},3131.TWO,2014-01-15,2014-01-16
0.057879036704428274,618000,0,0.04689922480620155,0.4689922480620155,1.0,D-1 estimated accounting; fill-day constraints require ledger audit,direct,V4_DIRECT_FROZEN_LINEAR_PORTFOLIO,disabled,2014-01-15,risk_on,0.014272315907630161,-0.001669425853039419,0.04845812118625026,0.4806201550387597,0.07689032728435721,0.7441860465116279,0.7984496124031008,,,{},3163.TWO,2014-01-15,2014-01-16
0.05454998909886904,2107000,0,0.002713178294573643,0.027131782945736427,1.0,D-1 estimated accounting; fill-day constraints require ledger audit,direct,V4_DIRECT_FROZEN_LINEAR_PORTFOLIO,disabled,2014-01-15,risk_on,0.014272315907630161,-0.001669425853039419,0.04845812118625026,0.4806201550387597,0.07689032728435721,0.7441860465116279,0.7984496124031008,,,{},3231.TW,2014-01-15,2014-01-16
0.0494603491815779,417000,0,-0.0003875968992248069,-0.003875968992248069,1.0,D-1 estimated accounting; fill-day constraints require ledger audit,direct,V4_DIRECT_FROZEN_LINEAR_PORTFOLIO,disabled,2014-01-15,risk_on,0.014272315907630161,-0.001669425853039419,0.04845812118625026,0.4806201550387597,0.07689032728435721,0.7441860465116279,0.7984496124031008,,,{},3665.TW,2014-01-15,2014-01-16
0.03831789543599725,641000,0,0.043798449612403104,0.437984496124031,1.0,D-1 estimated accounting; fill-day constraints require ledger audit,direct,V4_DIRECT_FROZEN_LINEAR_PORTFOLIO,disabled,2014-01-15,risk_on,0.014272315907630161,-0.001669425853039419,0.04845812118625026,0.4806201550387597,0.07689032728435721,0.7441860465116279,0.7984496124031008,,,{},4123.TWO,2014-01-15,2014-01-16
0.03346877522609341,540000,0,0.04302325581395349,0.43023255813953487,1.0,D-1 estimated accounting; fill-day constraints require ledger audit,direct,V4_DIRECT_FROZEN_LINEAR_PORTFOLIO,disabled,2014-01-15,risk_on,0.014272315907630161,-0.001669425853039419,0.04845812118625026,0.4806201550387597,0.07689032728435721,0.7441860465116279,0.7984496124031008,,,{},4904.TW,2014-01-15,2014-01-16
0.012319442309534759,364000,0,0.034496124031007755,0.3449612403100775,1.0,D-1 estimated accounting; fill-day constraints require ledger audit,direct,V4_DIRECT_FROZEN_LINEAR_PORTFOLIO,disabled,2014-01-15,risk_on,0.014272315907630161,-0.001669425853039419,0.04845812118625026,0.4806201550387597,0.07689032728435721,0.7441860465116279,0.7984496124031008,,,{},5347.TWO,2014-01-15,2014-01-16
0.0564065005902647,714000,0,0.04224806201550388,0.42248062015503873,1.0,D-1 estimated accounting; fill-day constraints require ledger audit,direct,V4_DIRECT_FROZEN_LINEAR_PORTFOLIO,disabled,2014-01-15,risk_on,0.014272315907630161,-0.001669425853039419,0.04845812118625026,0.4806201550387597,0.07689032728435721,0.7441860465116279,0.7984496124031008,,,{},5871.TW,2014-01-15,2014-01-16
0.06925892401876665,386000,0,0.040697674418604654,0.4069767441860465,1.0,D-1 estimated accounting; fill-day constraints require ledger audit,direct,V4_DIRECT_FROZEN_LINEAR_PORTFOLIO,disabled,2014-01-15,risk_on,0.014272315907630161,-0.001669425853039419,0.04845812118625026,0.4806201550387597,0.07689032728435721,0.7441860465116279,0.7984496124031008,,,{},5903.TWO,2014-01-15,2014-01-16
0.08015839412369932,1748000,0,0.023643410852713178,0.23643410852713176,1.0,D-1 estimated accounting; fill-day constraints require ledger audit,direct,V4_DIRECT_FROZEN_LINEAR_PORTFOLIO,disabled,2014-01-15,risk_on,0.014272315907630161,-0.001669425853039419,0.04845812118625026,0.4806201550387597,0.07689032728435721,0.7441860465116279,0.7984496124031008,,,{},6147.TWO,2014-01-15,2014-01-16
0.03689533485706069,1239000,0,0.02441860465116279,0.2441860465116279,1.0,D-1 estimated accounting; fill-day constraints require ledger audit,direct,V4_DIRECT_FROZEN_LINEAR_PORTFOLIO,disabled,2014-01-15,risk_on,0.014272315907630161,-0.001669425853039419,0.04845812118625026,0.4806201550387597,0.07689032728435721,0.7441860465116279,0.7984496124031008,,,{},6187.TWO,2014-01-15,2014-01-16
0.0644441993216535,4941000,0,0.047674418604651166,0.47674418604651164,1.0,D-1 estimated accounting; fill-day constraints require ledger audit,direct,V4_DIRECT_FROZEN_LINEAR_PORTFOLIO,disabled,2014-01-15,risk_on,0.014272315907630161,-0.001669425853039419,0.04845812118625026,0.4806201550387597,0.07689032728435721,0.7441860465116279,0.7984496124031008,,,{},8932.TWO,2014-01-15,2014-01-16
0.003948042500095714,90000,0,0.040697674418604654,0.4069767441860465,1.0,D-1 estimated accounting; fill-day constraints require ledger audit,direct,V4_DIRECT_FROZEN_LINEAR_PORTFOLIO,disabled,2014-01-16,risk_on,0.014109893765857312,0.004587211136914959,0.05597014819149626,0.5658914728682171,0.07560430816831071,0.7131782945736435,0.7984496124031008,,,{},1101.TW,2014-01-16,2014-01-17
0.042148972562234786,634000,0,0.03914728682170543,0.3914728682170543,1.0,D-1 estimated accounting; fill-day constraints require ledger audit,direct,V4_DIRECT_FROZEN_LINEAR_PORTFOLIO,disabled,2014-01-16,risk_on,0.014109893765857312,0.004587211136914959,0.05597014819149626,0.5658914728682171,0.07560430816831071,0.7131782945736435,0.7984496124031008,,,{},1303.TW,2014-01-16,2014-01-17
0.05385969747126429,676000,0,0.044573643410852716,0.44573643410852715,1.0,D-1 estimated accounting; fill-day constraints require ledger audit,direct,V4_DIRECT_FROZEN_LINEAR_PORTFOLIO,disabled,2014-01-16,risk_on,0.014109893765857312,0.004587211136914959,0.05597014819149626,0.5658914728682171,0.07560430816831071,0.7131782945736435,0.7984496124031008,,,{},1326.TW,2014-01-16,2014-01-17
0.04099182529908519,1260000,0,0.04224806201550388,0.42248062015503873,1.0,D-1 estimated accounting; fill-day constraints require ledger audit,direct,V4_DIRECT_FROZEN_LINEAR_PORTFOLIO,disabled,2014-01-16,risk_on,0.014109893765857312,0.004587211136914959,0.05597014819149626,0.5658914728682171,0.07560430816831071,0.7131782945736435,0.7984496124031008,,,{},1402.TW,2014-01-16,2014-01-17
0.042939671681729095,134000,134000,0.04612403100775194,0.46124031007751937,1.0,D-1 estimated accounting; fill-day constraints require ledger audit,direct,V4_DIRECT_FROZEN_LINEAR_PORTFOLIO,disabled,2014-01-16,risk_on,0.014109893765857312,0.004587211136914959,0.05597014819149626,0.5658914728682171,0.07560430816831071,0.7131782945736435,0.7984496124031008,,,{},2059.TW,2014-01-16,2014-01-17
0.06317616561702005,1646000,0,0.02054263565891473,0.20542635658914726,1.0,D-1 estimated accounting; fill-day constraints require ledger audit,direct,V4_DIRECT_FROZEN_LINEAR_PORTFOLIO,disabled,2014-01-16,risk_on,0.014109893765857312,0.004587211136914959,0.05597014819149626,0.5658914728682171,0.07560430816831071,0.7131782945736435,0.7984496124031008,,,{},2376.TW,2014-01-16,2014-01-17
0.027451387926017087,312000,0,-0.010465116279069764,-0.10465116279069764,1.0,D-1 estimated accounting; fill-day constraints require ledger audit,direct,V4_DIRECT_FROZEN_LINEAR_PORTFOLIO,disabled,2014-01-16,risk_on,0.014109893765857312,0.004587211136914959,0.05597014819149626,0.5658914728682171,0.07560430816831071,0.7131782945736435,0.7984496124031008,,,{},2451.TW,2014-01-16,2014-01-17
0.02921769573965861,70000,0,0.034496124031007755,0.3449612403100775,1.0,D-1 estimated accounting; fill-day constraints require ledger audit,direct,V4_DIRECT_FROZEN_LINEAR_PORTFOLIO,disabled,2014-01-16,risk_on,0.014109893765857312,0.004587211136914959,0.05597014819149626,0.5658914728682171,0.07560430816831071,0.7131782945736435,0.7984496124031008,,,{},2454.TW,2014-01-16,2014-01-17
0.03265850103657779,2008000,0,0.03372093023255814,0.3372093023255814,1.0,D-1 estimated accounting; fill-day constraints require ledger audit,direct,V4_DIRECT_FROZEN_LINEAR_PORTFOLIO,disabled,2014-01-16,risk_on,0.014109893765857312,0.004587211136914959,0.05597014819149626,0.5658914728682171,0.07560430816831071,0.7131782945736435,0.7984496124031008,,,{},2618.TW,2014-01-16,2014-01-17
0.009992181271038954,537000,0,0.043798449612403104,0.437984496124031,1.0,D-1 estimated accounting; fill-day constraints require ledger audit,direct,V4_DIRECT_FROZEN_LINEAR_PORTFOLIO,disabled,2014-01-16,risk_on,0.014109893765857312,0.004587211136914959,0.05597014819149626,0.5658914728682171,0.07560430816831071,0.7131782945736435,0.7984496124031008,,,{},2884.TW,2014-01-16,2014-01-17
0.01865306317818953,98000,0,0.04689922480620155,0.4689922480620155,1.0,D-1 estimated accounting; fill-day constraints require ledger audit,direct,V4_DIRECT_FROZEN_LINEAR_PORTFOLIO,disabled,2014-01-16,risk_on,0.014109893765857312,0.004587211136914959,0.05597014819149626,0.5658914728682171,0.07560430816831071,0.7131782945736435,0.7984496124031008,,,{},2912.TW,2014-01-16,2014-01-17
0.0786336641593649,360000,0,-0.0019379844961240345,-0.019379844961240345,1.0,D-1 estimated accounting; fill-day constraints require ledger audit,direct,V4_DIRECT_FROZEN_LINEAR_PORTFOLIO,disabled,2014-01-16,risk_on,0.014109893765857312,0.004587211136914959,0.05597014819149626,0.5658914728682171,0.07560430816831071,0.7131782945736435,0.7984496124031008,,,{},3131.TWO,2014-01-16,2014-01-17
0.05690733444738665,618000,0,0.04302325581395349,0.43023255813953487,1.0,D-1 estimated accounting; fill-day constraints require ledger audit,direct,V4_DIRECT_FROZEN_LINEAR_PORTFOLIO,disabled,2014-01-16,risk_on,0.014109893765857312,0.004587211136914959,0.05597014819149626,0.5658914728682171,0.07560430816831071,0.7131782945736435,0.7984496124031008,,,{},3163.TWO,2014-01-16,2014-01-17
0.05422324555858791,2107000,0,0.006589147286821706,0.06589147286821706,1.0,D-1 estimated accounting; fill-day constraints require ledger audit,direct,V4_DIRECT_FROZEN_LINEAR_PORTFOLIO,disabled,2014-01-16,risk_on,0.014109893765857312,0.004587211136914959,0.05597014819149626,0.5658914728682171,0.07560430816831071,0.7131782945736435,0.7984496124031008,,,{},3231.TW,2014-01-16,2014-01-17
0.0,0,-417000,-0.015116279069767447,-0.15116279069767447,1.0,D-1 estimated accounting; fill-day constraints require ledger audit,direct,V4_DIRECT_FROZEN_LINEAR_PORTFOLIO,disabled,2014-01-16,risk_on,0.014109893765857312,0.004587211136914959,0.05597014819149626,0.5658914728682171,0.07560430816831071,0.7131782945736435,0.7984496124031008,,,{},3665.TW,2014-01-16,2014-01-17
0.03797095807371687,641000,0,0.04844961240310078,0.4844961240310077,1.0,D-1 estimated accounting; fill-day constraints require ledger audit,direct,V4_DIRECT_FROZEN_LINEAR_PORTFOLIO,disabled,2014-01-16,risk_on,0.014109893765857312,0.004587211136914959,0.05597014819149626,0.5658914728682171,0.07560430816831071,0.7131782945736435,0.7984496124031008,,,{},4123.TWO,2014-01-16,2014-01-17
0.03376111732596916,540000,0,0.03837209302325582,0.38372093023255816,1.0,D-1 estimated accounting; fill-day constraints require ledger audit,direct,V4_DIRECT_FROZEN_LINEAR_PORTFOLIO,disabled,2014-01-16,risk_on,0.014109893765857312,0.004587211136914959,0.05597014819149626,0.5658914728682171,0.07560430816831071,0.7131782945736435,0.7984496124031008,,,{},4904.TW,2014-01-16,2014-01-17
0.01286554221239126,364000,0,0.02674418604651163,0.2674418604651163,1.0,D-1 estimated accounting; fill-day constraints require ledger audit,direct,V4_DIRECT_FROZEN_LINEAR_PORTFOLIO,disabled,2014-01-16,risk_on,0.014109893765857312,0.004587211136914959,0.05597014819149626,0.5658914728682171,0.07560430816831071,0.7131782945736435,0.7984496124031008,,,{},5347.TWO,2014-01-16,2014-01-17
0.05617666897263889,714000,0,0.041472868217054266,0.41472868217054265,1.0,D-1 estimated accounting; fill-day constraints require ledger audit,direct,V4_DIRECT_FROZEN_LINEAR_PORTFOLIO,disabled,2014-01-16,risk_on,0.014109893765857312,0.004587211136914959,0.05597014819149626,0.5658914728682171,0.07560430816831071,0.7131782945736435,0.7984496124031008,,,{},5871.TW,2014-01-16,2014-01-17
0.06648589828246945,386000,0,0.047674418604651166,0.47674418604651164,1.0,D-1 estimated accounting; fill-day constraints require ledger audit,direct,V4_DIRECT_FROZEN_LINEAR_PORTFOLIO,disabled,2014-01-16,risk_on,0.014109893765857312,0.004587211136914959,0.05597014819149626,0.5658914728682171,0.07560430816831071,0.7131782945736435,0.7984496124031008,,,{},5903.TWO,2014-01-16,2014-01-17
0.08494587223994234,1748000,0,-0.009689922480620151,-0.0968992248062015,1.0,D-1 estimated accounting; fill-day constraints require ledger audit,direct,V4_DIRECT_FROZEN_LINEAR_PORTFOLIO,disabled,2014-01-16,risk_on,0.014109893765857312,0.004587211136914959,0.05597014819149626,0.5658914728682171,0.07560430816831071,0.7131782945736435,0.7984496124031008,,,{},6147.TWO,2014-01-16,2014-01-17
0.03662210965100085,1239000,0,0.029844961240310077,0.29844961240310075,1.0,D-1 estimated accounting; fill-day constraints require ledger audit,direct,V4_DIRECT_FROZEN_LINEAR_PORTFOLIO,disabled,2014-01-16,risk_on,0.014109893765857312,0.004587211136914959,0.05597014819149626,0.5658914728682171,0.07560430816831071,0.7131782945736435,0.7984496124031008,,,{},6187.TWO,2014-01-16,2014-01-17
0.0632017456010739,4941000,0,0.04534883720930233,0.4534883720930233,1.0,D-1 estimated accounting; fill-day constraints require ledger audit,direct,V4_DIRECT_FROZEN_LINEAR_PORTFOLIO,disabled,2014-01-16,risk_on,0.014109893765857312,0.004587211136914959,0.05597014819149626,0.5658914728682171,0.07560430816831071,0.7131782945736435,0.7984496124031008,,,{},8932.TWO,2014-01-16,2014-01-17
0.003955755404283948,90000,0,0.04224806201550388,0.42248062015503873,1.0,D-1 estimated accounting; fill-day constraints require ledger audit,direct,V4_DIRECT_FROZEN_LINEAR_PORTFOLIO,disabled,2014-01-17,risk_on,0.0134923975067513,0.0,0.04575891232079976,0.4883720930232558,0.07627762850720075,0.6821705426356589,0.7674418604651163,,,{},1101.TW,2014-01-17,2014-01-20
0.04179095564095938,634000,0,0.043798449612403104,0.437984496124031,1.0,D-1 estimated accounting; fill-day constraints require ledger audit,direct,V4_DIRECT_FROZEN_LINEAR_PORTFOLIO,disabled,2014-01-17,risk_on,0.0134923975067513,0.0,0.04575891232079976,0.4883720930232558,0.07627762850720075,0.6821705426356589,0.7674418604651163,,,{},1303.TW,2014-01-17,2014-01-20
0.05421133304047697,676000,0,0.044573643410852716,0.44573643410852715,1.0,D-1 estimated accounting; fill-day constraints require ledger audit,direct,V4_DIRECT_FROZEN_LINEAR_PORTFOLIO,disabled,2014-01-17,risk_on,0.0134923975067513,0.0,0.04575891232079976,0.4883720930232558,0.07627762850720075,0.6821705426356589,0.7674418604651163,,,{},1326.TW,2014-01-17,2014-01-20
0.041385240976207084,1260000,0,0.040697674418604654,0.4069767441860465,1.0,D-1 estimated accounting; fill-day constraints require ledger audit,direct,V4_DIRECT_FROZEN_LINEAR_PORTFOLIO,disabled,2014-01-17,risk_on,0.0134923975067513,0.0,0.04575891232079976,0.4883720930232558,0.07627762850720075,0.6821705426356589,0.7674418604651163,,,{},1402.TW,2014-01-17,2014-01-20
0.04301867785547547,134000,0,0.047674418604651166,0.47674418604651164,1.0,D-1 estimated accounting; fill-day constraints require ledger audit,direct,V4_DIRECT_FROZEN_LINEAR_PORTFOLIO,disabled,2014-01-17,risk_on,0.0134923975067513,0.0,0.04575891232079976,0.4883720930232558,0.07627762850720075,0.6821705426356589,0.7674418604651163,,,{},2059.TW,2014-01-17,2014-01-20
0.0630956908320329,1646000,0,0.02751937984496124,0.2751937984496124,1.0,D-1 estimated accounting; fill-day constraints require ledger audit,direct,V4_DIRECT_FROZEN_LINEAR_PORTFOLIO,disabled,2014-01-17,risk_on,0.0134923975067513,0.0,0.04575891232079976,0.4883720930232558,0.07627762850720075,0.6821705426356589,0.7674418604651163,,,{},2376.TW,2014-01-17,2014-01-20
0.0,0,-312000,-0.018992248062015507,-0.18992248062015504,1.0,D-1 estimated accounting; fill-day constraints require ledger audit,direct,V4_DIRECT_FROZEN_LINEAR_PORTFOLIO,disabled,2014-01-17,risk_on,0.0134923975067513,0.0,0.04575891232079976,0.4883720930232558,0.07627762850720075,0.6821705426356589,0.7674418604651163,,,{},2451.TW,2014-01-17,2014-01-20
0.02919738483333021,70000,0,0.041472868217054266,0.41472868217054265,1.0,D-1 estimated accounting; fill-day constraints require ledger audit,direct,V4_DIRECT_FROZEN_LINEAR_PORTFOLIO,disabled,2014-01-17,risk_on,0.0134923975067513,0.0,0.04575891232079976,0.4883720930232558,0.07627762850720075,0.6821705426356589,0.7674418604651163,,,{},2454.TW,2014-01-17,2014-01-20
0.03287171966090736,2008000,0,0.03372093023255814,0.3372093023255814,1.0,D-1 estimated accounting; fill-day constraints require ledger audit,direct,V4_DIRECT_FROZEN_LINEAR_PORTFOLIO,disabled,2014-01-17,risk_on,0.0134923975067513,0.0,0.04575891232079976,0.4883720930232558,0.07627762850720075,0.6821705426356589,0.7674418604651163,,,{},2618.TW,2014-01-17,2014-01-20
0.010111057112131847,537000,0,0.04302325581395349,0.43023255813953487,1.0,D-1 estimated accounting; fill-day constraints require ledger audit,direct,V4_DIRECT_FROZEN_LINEAR_PORTFOLIO,disabled,2014-01-17,risk_on,0.0134923975067513,0.0,0.04575891232079976,0.4883720930232558,0.07627762850720075,0.6821705426356589,0.7674418604651163,,,{},2884.TW,2014-01-17,2014-01-20
0.018971439267675774,98000,0,0.04534883720930233,0.4534883720930233,1.0,D-1 estimated accounting; fill-day constraints require ledger audit,direct,V4_DIRECT_FROZEN_LINEAR_PORTFOLIO,disabled,2014-01-17,risk_on,0.0134923975067513,0.0,0.04575891232079976,0.4883720930232558,0.07627762850720075,0.6821705426356589,0.7674418604651163,,,{},2912.TW,2014-01-17,2014-01-20
0.07806776448548824,360000,0,0.012015503875968992,0.12015503875968991,1.0,D-1 estimated accounting; fill-day constraints require ledger audit,direct,V4_DIRECT_FROZEN_LINEAR_PORTFOLIO,disabled,2014-01-17,risk_on,0.0134923975067513,0.0,0.04575891232079976,0.4883720930232558,0.07627762850720075,0.6821705426356589,0.7674418604651163,,,{},3131.TWO,2014-01-17,2014-01-20
0.055427179705834155,618000,0,0.04689922480620155,0.4689922480620155,1.0,D-1 estimated accounting; fill-day constraints require ledger audit,direct,V4_DIRECT_FROZEN_LINEAR_PORTFOLIO,disabled,2014-01-17,risk_on,0.0134923975067513,0.0,0.04575891232079976,0.4883720930232558,0.07627762850720075,0.6821705426356589,0.7674418604651163,,,{},3163.TWO,2014-01-17,2014-01-20
0.05363082825512115,2107000,0,0.011240310077519378,0.11240310077519378,1.0,D-1 estimated accounting; fill-day constraints require ledger audit,direct,V4_DIRECT_FROZEN_LINEAR_PORTFOLIO,disabled,2014-01-17,risk_on,0.0134923975067513,0.0,0.04575891232079976,0.4883720930232558,0.07627762850720075,0.6821705426356589,0.7674418604651163,,,{},3231.TW,2014-01-17,2014-01-20
0.03821886031013263,641000,0,0.04612403100775194,0.46124031007751937,1.0,D-1 estimated accounting; fill-day constraints require ledger audit,direct,V4_DIRECT_FROZEN_LINEAR_PORTFOLIO,disabled,2014-01-17,risk_on,0.0134923975067513,0.0,0.04575891232079976,0.4883720930232558,0.07627762850720075,0.6821705426356589,0.7674418604651163,,,{},4123.TWO,2014-01-17,2014-01-20
0.033819717805739356,540000,0,0.037596899224806204,0.375968992248062,1.0,D-1 estimated accounting; fill-day constraints require ledger audit,direct,V4_DIRECT_FROZEN_LINEAR_PORTFOLIO,disabled,2014-01-17,risk_on,0.0134923975067513,0.0,0.04575891232079976,0.4883720930232558,0.07627762850720075,0.6821705426356589,0.7674418604651163,,,{},4904.TW,2014-01-17,2014-01-20
0.013185976090776595,364000,0,0.0034883720930232566,0.034883720930232565,1.0,D-1 estimated accounting; fill-day constraints require ledger audit,direct,V4_DIRECT_FROZEN_LINEAR_PORTFOLIO,disabled,2014-01-17,risk_on,0.0134923975067513,0.0,0.04575891232079976,0.4883720930232558,0.07627762850720075,0.6821705426356589,0.7674418604651163,,,{},5347.TWO,2014-01-17,2014-01-20
0.05632952185284937,714000,0,0.03837209302325582,0.38372093023255816,1.0,D-1 estimated accounting; fill-day constraints require ledger audit,direct,V4_DIRECT_FROZEN_LINEAR_PORTFOLIO,disabled,2014-01-17,risk_on,0.0134923975067513,0.0,0.04575891232079976,0.4883720930232558,0.07627762850720075,0.6821705426356589,0.7674418604651163,,,{},5871.TW,2014-01-17,2014-01-20
0.06653426108072004,386000,0,0.04844961240310078,0.4844961240310077,1.0,D-1 estimated accounting; fill-day constraints require ledger audit,direct,V4_DIRECT_FROZEN_LINEAR_PORTFOLIO,disabled,2014-01-17,risk_on,0.0134923975067513,0.0,0.04575891232079976,0.4883720930232558,0.07627762850720075,0.6821705426356589,0.7674418604651163,,,{},5903.TWO,2014-01-17,2014-01-20
0.08488974355599209,1748000,0,-0.00736434108527132,-0.0736434108527132,1.0,D-1 estimated accounting; fill-day constraints require ledger audit,direct,V4_DIRECT_FROZEN_LINEAR_PORTFOLIO,disabled,2014-01-17,risk_on,0.0134923975067513,0.0,0.04575891232079976,0.4883720930232558,0.07627762850720075,0.6821705426356589,0.7674418604651163,,,{},6147.TWO,2014-01-17,2014-01-20
0.03673751029572281,1239000,0,0.018992248062015507,0.18992248062015504,1.0,D-1 estimated accounting; fill-day constraints require ledger audit,direct,V4_DIRECT_FROZEN_LINEAR_PORTFOLIO,disabled,2014-01-17,risk_on,0.0134923975067513,0.0,0.04575891232079976,0.4883720930232558,0.07627762850720075,0.6821705426356589,0.7674418604651163,,,{},6187.TWO,2014-01-17,2014-01-20
0.04855058807837897,613000,613000,0.03914728682170543,0.3914728682170543,1.0,D-1 estimated accounting; fill-day constraints require ledger audit,direct,V4_DIRECT_FROZEN_LINEAR_PORTFOLIO,disabled,2014-01-17,risk_on,0.0134923975067513,0.0,0.04575891232079976,0.4883720930232558,0.07627762850720075,0.6821705426356589,0.7674418604651163,,,{},6505.TW,2014-01-17,2014-01-20
0.06287467089506078,4941000,0,0.03992248062015504,0.3992248062015504,1.0,D-1 estimated accounting; fill-day constraints require ledger audit,direct,V4_DIRECT_FROZEN_LINEAR_PORTFOLIO,disabled,2014-01-17,risk_on,0.0134923975067513,0.0,0.04575891232079976,0.4883720930232558,0.07627762850720075,0.6821705426356589,0.7674418604651163,,,{},8932.TWO,2014-01-17,2014-01-20
0.0039970076824526754,90000,0,0.03992248062015504,0.3992248062015504,1.0,D-1 estimated accounting; fill-day constraints require ledger audit,direct,V4_DIRECT_FROZEN_LINEAR_PORTFOLIO,disabled,2014-01-20,risk_on,0.013995869371661964,0.0010893977890864548,0.03992396797737152,0.5271317829457365,0.0829665788432075,0.689922480620155,0.7751937984496124,,,{},1101.TW,2014-01-20,2014-01-21
0.041447706464253414,634000,0,0.041472868217054266,0.41472868217054265,1.0,D-1 estimated accounting; fill-day constraints require ledger audit,direct,V4_DIRECT_FROZEN_LINEAR_PORTFOLIO,disabled,2014-01-20,risk_on,0.013995869371661964,0.0010893977890864548,0.03992396797737152,0.5271317829457365,0.0829665788432075,0.689922480620155,0.7751937984496124,,,{},1303.TW,2014-01-20,2014-01-21
0.054816148231861005,676000,0,0.037596899224806204,0.375968992248062,1.0,D-1 estimated accounting; fill-day constraints require ledger audit,direct,V4_DIRECT_FROZEN_LINEAR_PORTFOLIO,disabled,2014-01-20,risk_on,0.013995869371661964,0.0010893977890864548,0.03992396797737152,0.5271317829457365,0.0829665788432075,0.689922480620155,0.7751937984496124,,,{},1326.TW,2014-01-20,2014-01-21
0.04085484395935598,1260000,0,0.04224806201550388,0.42248062015503873,1.0,D-1 estimated accounting; fill-day constraints require ledger audit,direct,V4_DIRECT_FROZEN_LINEAR_PORTFOLIO,disabled,2014-01-20,risk_on,0.013995869371661964,0.0010893977890864548,0.03992396797737152,0.5271317829457365,0.0829665788432075,0.689922480620155,0.7751937984496124,,,{},1402.TW,2014-01-20,2014-01-21
0.042584513940108384,134000,0,0.04612403100775194,0.46124031007751937,1.0,D-1 estimated accounting; fill-day constraints require ledger audit,direct,V4_DIRECT_FROZEN_LINEAR_PORTFOLIO,disabled,2014-01-20,risk_on,0.013995869371661964,0.0010893977890864548,0.03992396797737152,0.5271317829457365,0.0829665788432075,0.689922480620155,0.7751937984496124,,,{},2059.TW,2014-01-20,2014-01-21
0.06349533418845939,1646000,0,0.0011627906976744208,0.011627906976744207,1.0,D-1 estimated accounting; fill-day constraints require ledger audit,direct,V4_DIRECT_FROZEN_LINEAR_PORTFOLIO,disabled,2014-01-20,risk_on,0.013995869371661964,0.0010893977890864548,0.03992396797737152,0.5271317829457365,0.0829665788432075,0.689922480620155,0.7751937984496124,,,{},2376.TW,2014-01-20,2014-01-21
0.02891536438717696,70000,0,0.04534883720930233,0.4534883720930233,1.0,D-1 estimated accounting; fill-day constraints require ledger audit,direct,V4_DIRECT_FROZEN_LINEAR_PORTFOLIO,disabled,2014-01-20,risk_on,0.013995869371661964,0.0010893977890864548,0.03992396797737152,0.5271317829457365,0.0829665788432075,0.689922480620155,0.7751937984496124,,,{},2454.TW,2014-01-20,2014-01-21
0.032750288972766384,2008000,0,0.03372093023255814,0.3372093023255814,1.0,D-1 estimated accounting; fill-day constraints require ledger audit,direct,V4_DIRECT_FROZEN_LINEAR_PORTFOLIO,disabled,2014-01-20,risk_on,0.013995869371661964,0.0010893977890864548,0.03992396797737152,0.5271317829457365,0.0829665788432075,0.689922480620155,0.7751937984496124,,,{},2618.TW,2014-01-20,2014-01-21
0.010135507958842018,537000,0,0.04302325581395349,0.43023255813953487,1.0,D-1 estimated accounting; fill-day constraints require ledger audit,direct,V4_DIRECT_FROZEN_LINEAR_PORTFOLIO,disabled,2014-01-20,risk_on,0.013995869371661964,0.0010893977890864548,0.03992396797737152,0.5271317829457365,0.0829665788432075,0.689922480620155,0.7751937984496124,,,{},2884.TW,2014-01-20,2014-01-21
0.019165119521557965,98000,0,0.044573643410852716,0.44573643410852715,1.0,D-1 estimated accounting; fill-day constraints require ledger audit,direct,V4_DIRECT_FROZEN_LINEAR_PORTFOLIO,disabled,2014-01-20,risk_on,0.013995869371661964,0.0010893977890864548,0.03992396797737152,0.5271317829457365,0.0829665788432075,0.689922480620155,0.7751937984496124,,,{},2912.TW,2014-01-20,2014-01-21
0.03251515469152764,349000,349000,0.043798449612403104,0.437984496124031,1.0,D-1 estimated accounting; fill-day constraints require ledger audit,direct,V4_DIRECT_FROZEN_LINEAR_PORTFOLIO,disabled,2014-01-20,risk_on,0.013995869371661964,0.0010893977890864548,0.03992396797737152,0.5271317829457365,0.0829665788432075,0.689922480620155,0.7751937984496124,,,{},3045.TW,2014-01-20,2014-01-21
0.07717466238981287,360000,0,0.01744186046511628,0.17441860465116277,1.0,D-1 estimated accounting; fill-day constraints require ledger audit,direct,V4_DIRECT_FROZEN_LINEAR_PORTFOLIO,disabled,2014-01-20,risk_on,0.013995869371661964,0.0010893977890864548,0.03992396797737152,0.5271317829457365,0.0829665788432075,0.689922480620155,0.7751937984496124,,,{},3131.TWO,2014-01-20,2014-01-21
0.05679865884049298,618000,0,0.03914728682170543,0.3914728682170543,1.0,D-1 estimated accounting; fill-day constraints require ledger audit,direct,V4_DIRECT_FROZEN_LINEAR_PORTFOLIO,disabled,2014-01-20,risk_on,0.013995869371661964,0.0010893977890864548,0.03992396797737152,0.5271317829457365,0.0829665788432075,0.689922480620155,0.7751937984496124,,,{},3163.TWO,2014-01-20,2014-01-21
0.05302263036555206,2107000,0,0.009689922480620157,0.09689922480620156,1.0,D-1 estimated accounting; fill-day constraints require ledger audit,direct,V4_DIRECT_FROZEN_LINEAR_PORTFOLIO,disabled,2014-01-20,risk_on,0.013995869371661964,0.0010893977890864548,0.03992396797737152,0.5271317829457365,0.0829665788432075,0.689922480620155,0.7751937984496124,,,{},3231.TW,2014-01-20,2014-01-21
0.03760537922526613,641000,0,0.047674418604651166,0.47674418604651164,1.0,D-1 estimated accounting; fill-day constraints require ledger audit,direct,V4_DIRECT_FROZEN_LINEAR_PORTFOLIO,disabled,2014-01-20,risk_on,0.013995869371661964,0.0010893977890864548,0.03992396797737152,0.5271317829457365,0.0829665788432075,0.689922480620155,0.7751937984496124,,,{},4123.TWO,2014-01-20,2014-01-21
0.03373929347030599,540000,0,0.03604651162790697,0.36046511627906974,1.0,D-1 estimated accounting; fill-day constraints require ledger audit,direct,V4_DIRECT_FROZEN_LINEAR_PORTFOLIO,disabled,2014-01-20,risk_on,0.013995869371661964,0.0010893977890864548,0.03992396797737152,0.5271317829457365,0.0829665788432075,0.689922480620155,0.7751937984496124,,,{},4904.TW,2014-01-20,2014-01-21
0.012980852840715642,364000,0,0.015891472868217054,0.15891472868217055,1.0,D-1 estimated accounting; fill-day constraints require ledger audit,direct,V4_DIRECT_FROZEN_LINEAR_PORTFOLIO,disabled,2014-01-20,risk_on,0.013995869371661964,0.0010893977890864548,0.03992396797737152,0.5271317829457365,0.0829665788432075,0.689922480620155,0.7751937984496124,,,{},5347.TWO,2014-01-20,2014-01-21
0.0562513126504067,714000,0,0.03682170542635659,0.3682170542635659,1.0,D-1 estimated accounting; fill-day constraints require ledger audit,direct,V4_DIRECT_FROZEN_LINEAR_PORTFOLIO,disabled,2014-01-20,risk_on,0.013995869371661964,0.0010893977890864548,0.03992396797737152,0.5271317829457365,0.0829665788432075,0.689922480620155,0.7751937984496124,,,{},5871.TW,2014-01-20,2014-01-21
0.0672751140080276,386000,0,0.04689922480620155,0.4689922480620155,1.0,D-1 estimated accounting; fill-day constraints require ledger audit,direct,V4_DIRECT_FROZEN_LINEAR_PORTFOLIO,disabled,2014-01-20,risk_on,0.013995869371661964,0.0010893977890864548,0.03992396797737152,0.5271317829457365,0.0829665788432075,0.689922480620155,0.7751937984496124,,,{},5903.TWO,2014-01-20,2014-01-21
0.0,0,-1748000,-0.025193798449612406,-0.25193798449612403,1.0,D-1 estimated accounting; fill-day constraints require ledger audit,direct,V4_DIRECT_FROZEN_LINEAR_PORTFOLIO,disabled,2014-01-20,risk_on,0.013995869371661964,0.0010893977890864548,0.03992396797737152,0.5271317829457365,0.0829665788432075,0.689922480620155,0.7751937984496124,,,{},6147.TWO,2014-01-20,2014-01-21
0.03732232776865476,1239000,0,0.015116279069767442,0.1511627906976744,1.0,D-1 estimated accounting; fill-day constraints require ledger audit,direct,V4_DIRECT_FROZEN_LINEAR_PORTFOLIO,disabled,2014-01-20,risk_on,0.013995869371661964,0.0010893977890864548,0.03992396797737152,0.5271317829457365,0.0829665788432075,0.689922480620155,0.7751937984496124,,,{},6187.TWO,2014-01-20,2014-01-21
0.04707232254463194,613000,0,0.040697674418604654,0.4069767441860465,1.0,D-1 estimated accounting; fill-day constraints require ledger audit,direct,V4_DIRECT_FROZEN_LINEAR_PORTFOLIO,disabled,2014-01-20,risk_on,0.013995869371661964,0.0010893977890864548,0.03992396797737152,0.5271317829457365,0.0829665788432075,0.689922480620155,0.7751937984496124,,,{},6505.TW,2014-01-20,2014-01-21
0.059319262322463914,4941000,0,0.04844961240310078,0.4844961240310077,1.0,D-1 estimated accounting; fill-day constraints require ledger audit,direct,V4_DIRECT_FROZEN_LINEAR_PORTFOLIO,disabled,2014-01-20,risk_on,0.013995869371661964,0.0010893977890864548,0.03992396797737152,0.5271317829457365,0.0829665788432075,0.689922480620155,0.7751937984496124,,,{},8932.TWO,2014-01-20,2014-01-21
0.004058821985547069,90000,0,0.03372093023255814,0.3372093023255814,1.0,D-1 estimated accounting; fill-day constraints require ledger audit,direct,V4_DIRECT_FROZEN_LINEAR_PORTFOLIO,disabled,2014-01-21,risk_on,0.014050135490573698,2.220446049250313e-16,0.032640924160893814,0.5116279069767442,0.08077861216576988,0.6666666666666666,0.7441860465116279,,,{},1101.TW,2014-01-21,2014-01-22
0.04151241605380645,634000,0,0.03682170542635659,0.3682170542635659,1.0,D-1 estimated accounting; fill-day constraints require ledger audit,direct,V4_DIRECT_FROZEN_LINEAR_PORTFOLIO,disabled,2014-01-21,risk_on,0.014050135490573698,2.220446049250313e-16,0.032640924160893814,0.5116279069767442,0.08077861216576988,0.6666666666666666,0.7441860465116279,,,{},1303.TW,2014-01-21,2014-01-22
0.05426107957026027,676000,0,0.041472868217054266,0.41472868217054265,1.0,D-1 estimated accounting; fill-day constraints require ledger audit,direct,V4_DIRECT_FROZEN_LINEAR_PORTFOLIO,disabled,2014-01-21,risk_on,0.014050135490573698,2.220446049250313e-16,0.032640924160893814,0.5116279069767442,0.08077861216576988,0.6666666666666666,0.7441860465116279,,,{},1326.TW,2014-01-21,2014-01-22
0.04041596626519455,1260000,0,0.04224806201550388,0.42248062015503873,1.0,D-1 estimated accounting; fill-day constraints require ledger audit,direct,V4_DIRECT_FROZEN_LINEAR_PORTFOLIO,disabled,2014-01-21,risk_on,0.014050135490573698,2.220446049250313e-16,0.032640924160893814,0.5116279069767442,0.08077861216576988,0.6666666666666666,0.7441860465116279,,,{},1402.TW,2014-01-21,2014-01-22
0.04413292805200569,134000,0,0.03294573643410853,0.3294573643410853,1.0,D-1 estimated accounting; fill-day constraints require ledger audit,direct,V4_DIRECT_FROZEN_LINEAR_PORTFOLIO,disabled,2014-01-21,risk_on,0.014050135490573698,2.220446049250313e-16,0.032640924160893814,0.5116279069767442,0.08077861216576988,0.6666666666666666,0.7441860465116279,,,{},2059.TW,2014-01-21,2014-01-22
0.0,0,-1646000,-0.03372093023255814,-0.33720930232558144,1.0,D-1 estimated accounting; fill-day constraints require ledger audit,direct,V4_DIRECT_FROZEN_LINEAR_PORTFOLIO,disabled,2014-01-21,risk_on,0.014050135490573698,2.220446049250313e-16,0.032640924160893814,0.5116279069767442,0.08077861216576988,0.6666666666666666,0.7441860465116279,,,{},2376.TW,2014-01-21,2014-01-22
0.027322845511241565,70000,0,0.047674418604651166,0.47674418604651164,1.0,D-1 estimated accounting; fill-day constraints require ledger audit,direct,V4_DIRECT_FROZEN_LINEAR_PORTFOLIO,disabled,2014-01-21,risk_on,0.014050135490573698,2.220446049250313e-16,0.032640924160893814,0.5116279069767442,0.08077861216576988,0.6666666666666666,0.7441860465116279,,,{},2454.TW,2014-01-21,2014-01-22
0.03260095222459571,2008000,0,0.034496124031007755,0.3449612403100775,1.0,D-1 estimated accounting; fill-day constraints require ledger audit,direct,V4_DIRECT_FROZEN_LINEAR_PORTFOLIO,disabled,2014-01-21,risk_on,0.014050135490573698,2.220446049250313e-16,0.032640924160893814,0.5116279069767442,0.08077861216576988,0.6666666666666666,0.7441860465116279,,,{},2618.TW,2014-01-21,2014-01-22
0.01014717982150052,537000,0,0.040697674418604654,0.4069767441860465,1.0,D-1 estimated accounting; fill-day constraints require ledger audit,direct,V4_DIRECT_FROZEN_LINEAR_PORTFOLIO,disabled,2014-01-21,risk_on,0.014050135490573698,2.220446049250313e-16,0.032640924160893814,0.5116279069767442,0.08077861216576988,0.6666666666666666,0.7441860465116279,,,{},2884.TW,2014-01-21,2014-01-22
0.019284011678000645,98000,0,0.043798449612403104,0.437984496124031,1.0,D-1 estimated accounting; fill-day constraints require ledger audit,direct,V4_DIRECT_FROZEN_LINEAR_PORTFOLIO,disabled,2014-01-21,risk_on,0.014050135490573698,2.220446049250313e-16,0.032640924160893814,0.5116279069767442,0.08077861216576988,0.6666666666666666,0.7441860465116279,,,{},2912.TW,2014-01-21,2014-01-22
0.03229192958329863,349000,0,0.03992248062015504,0.3992248062015504,1.0,D-1 estimated accounting; fill-day constraints require ledger audit,direct,V4_DIRECT_FROZEN_LINEAR_PORTFOLIO,disabled,2014-01-21,risk_on,0.014050135490573698,2.220446049250313e-16,0.032640924160893814,0.5116279069767442,0.08077861216576988,0.6666666666666666,0.7441860465116279,,,{},3045.TW,2014-01-21,2014-01-22
0.07813940264956352,360000,0,0.03604651162790697,0.36046511627906974,1.0,D-1 estimated accounting; fill-day constraints require ledger audit,direct,V4_DIRECT_FROZEN_LINEAR_PORTFOLIO,disabled,2014-01-21,risk_on,0.014050135490573698,2.220446049250313e-16,0.032640924160893814,0.5116279069767442,0.08077861216576988,0.6666666666666666,0.7441860465116279,,,{},3131.TWO,2014-01-21,2014-01-22
0.056775412637486186,618000,0,0.03527131782945736,0.3527131782945736,1.0,D-1 estimated accounting; fill-day constraints require ledger audit,direct,V4_DIRECT_FROZEN_LINEAR_PORTFOLIO,disabled,2014-01-21,risk_on,0.014050135490573698,2.220446049250313e-16,0.032640924160893814,0.5116279069767442,0.08077861216576988,0.6666666666666666,0.7441860465116279,,,{},3163.TWO,2014-01-21,2014-01-22
0.053048512183100395,2107000,0,0.01744186046511628,0.17441860465116277,1.0,D-1 estimated accounting; fill-day constraints require ledger audit,direct,V4_DIRECT_FROZEN_LINEAR_PORTFOLIO,disabled,2014-01-21,risk_on,0.014050135490573698,2.220446049250313e-16,0.032640924160893814,0.5116279069767442,0.08077861216576988,0.6666666666666666,0.7441860465116279,,,{},3231.TW,2014-01-21,2014-01-22
0.05636972521683872,486000,486000,0.04689922480620155,0.4689922480620155,1.0,D-1 estimated accounting; fill-day constraints require ledger audit,direct,V4_DIRECT_FROZEN_LINEAR_PORTFOLIO,disabled,2014-01-21,risk_on,0.014050135490573698,2.220446049250313e-16,0.032640924160893814,0.5116279069767442,0.08077861216576988,0.6666666666666666,0.7441860465116279,,,{},3665.TW,2014-01-21,2014-01-22
0.037356854374329285,641000,0,0.04612403100775194,0.46124031007751937,1.0,D-1 estimated accounting; fill-day constraints require ledger audit,direct,V4_DIRECT_FROZEN_LINEAR_PORTFOLIO,disabled,2014-01-21,risk_on,0.014050135490573698,2.220446049250313e-16,0.032640924160893814,0.5116279069767442,0.08077861216576988,0.6666666666666666,0.7441860465116279,,,{},4123.TWO,2014-01-21,2014-01-22
0.03341884463432527,540000,0,0.03837209302325582,0.38372093023255816,1.0,D-1 estimated accounting; fill-day constraints require ledger audit,direct,V4_DIRECT_FROZEN_LINEAR_PORTFOLIO,disabled,2014-01-21,risk_on,0.014050135490573698,2.220446049250313e-16,0.032640924160893814,0.5116279069767442,0.08077861216576988,0.6666666666666666,0.7441860465116279,,,{},4904.TW,2014-01-21,2014-01-22
0.012779378494134276,364000,0,0.01666666666666667,0.16666666666666669,1.0,D-1 estimated accounting; fill-day constraints require ledger audit,direct,V4_DIRECT_FROZEN_LINEAR_PORTFOLIO,disabled,2014-01-21,risk_on,0.014050135490573698,2.220446049250313e-16,0.032640924160893814,0.5116279069767442,0.08077861216576988,0.6666666666666666,0.7441860465116279,,,{},5347.TWO,2014-01-21,2014-01-22
0.05573889451264098,714000,0,0.025193798449612406,0.25193798449612403,1.0,D-1 estimated accounting; fill-day constraints require ledger audit,direct,V4_DIRECT_FROZEN_LINEAR_PORTFOLIO,disabled,2014-01-21,risk_on,0.014050135490573698,2.220446049250313e-16,0.032640924160893814,0.5116279069767442,0.08077861216576988,0.6666666666666666,0.7441860465116279,,,{},5871.TW,2014-01-21,2014-01-22
0.06717440533291315,386000,0,0.044573643410852716,0.44573643410852715,1.0,D-1 estimated accounting; fill-day constraints require ledger audit,direct,V4_DIRECT_FROZEN_LINEAR_PORTFOLIO,disabled,2014-01-21,risk_on,0.014050135490573698,2.220446049250313e-16,0.032640924160893814,0.5116279069767442,0.08077861216576988,0.6666666666666666,0.7441860465116279,,,{},5903.TWO,2014-01-21,2014-01-22
0.03757597951997631,1239000,0,0.0003875968992248069,0.003875968992248069,1.0,D-1 estimated accounting; fill-day constraints require ledger audit,direct,V4_DIRECT_FROZEN_LINEAR_PORTFOLIO,disabled,2014-01-21,risk_on,0.014050135490573698,2.220446049250313e-16,0.032640924160893814,0.5116279069767442,0.08077861216576988,0.6666666666666666,0.7441860465116279,,,{},6187.TWO,2014-01-21,2014-01-22
0.04706313692271939,613000,0,0.037596899224806204,0.375968992248062,1.0,D-1 estimated accounting; fill-day constraints require ledger audit,direct,V4_DIRECT_FROZEN_LINEAR_PORTFOLIO,disabled,2014-01-21,risk_on,0.014050135490573698,2.220446049250313e-16,0.032640924160893814,0.5116279069767442,0.08077861216576988,0.6666666666666666,0.7441860465116279,,,{},6505.TW,2014-01-21,2014-01-22
0.05873687610646422,4941000,0,0.04922480620155039,0.49224806201550386,1.0,D-1 estimated accounting; fill-day constraints require ledger audit,direct,V4_DIRECT_FROZEN_LINEAR_PORTFOLIO,disabled,2014-01-21,risk_on,0.014050135490573698,2.220446049250313e-16,0.032640924160893814,0.5116279069767442,0.08077861216576988,0.6666666666666666,0.7441860465116279,,,{},8932.TWO,2014-01-21,2014-01-22
0.004071310168424143,90000,0,0.028294573643410856,0.28294573643410853,1.0,D-1 estimated accounting; fill-day constraints require ledger audit,direct,V4_DIRECT_FROZEN_LINEAR_PORTFOLIO,disabled,2014-01-22,risk_on,0.01392715104720102,-1.1102230246251565e-16,0.03319502074688785,0.4883720930232558,0.07843212715779127,0.6434108527131783,0.7364341085271318,,,{},1101.TW,2014-01-22,2014-01-23
0.04186897516590656,634000,0,0.03604651162790697,0.36046511627906974,1.0,D-1 estimated accounting; fill-day constraints require ledger audit,direct,V4_DIRECT_FROZEN_LINEAR_PORTFOLIO,disabled,2014-01-22,risk_on,0.01392715104720102,-1.1102230246251565e-16,0.03319502074688785,0.4883720930232558,0.07843212715779127,0.6434108527131783,0.7364341085271318,,,{},1303.TW,2014-01-22,2014-01-23
0.05406678206468397,676000,0,0.041472868217054266,0.41472868217054265,1.0,D-1 estimated accounting; fill-day constraints require ledger audit,direct,V4_DIRECT_FROZEN_LINEAR_PORTFOLIO,disabled,2014-01-22,risk_on,0.01392715104720102,-1.1102230246251565e-16,0.03319502074688785,0.4883720930232558,0.07843212715779127,0.6434108527131783,0.7364341085271318,,,{},1326.TW,2014-01-22,2014-01-23
0.0410867065477021,1260000,0,0.03682170542635659,0.3682170542635659,1.0,D-1 estimated accounting; fill-day constraints require ledger audit,direct,V4_DIRECT_FROZEN_LINEAR_PORTFOLIO,disabled,2014-01-22,risk_on,0.01392715104720102,-1.1102230246251565e-16,0.03319502074688785,0.4883720930232558,0.07843212715779127,0.6434108527131783,0.7364341085271318,,,{},1402.TW,2014-01-22,2014-01-23
0.044443427433826746,134000,0,0.02906976744186046,0.2906976744186046,1.0,D-1 estimated accounting; fill-day constraints require ledger audit,direct,V4_DIRECT_FROZEN_LINEAR_PORTFOLIO,disabled,2014-01-22,risk_on,0.01392715104720102,-1.1102230246251565e-16,0.03319502074688785,0.4883720930232558,0.07843212715779127,0.6434108527131783,0.7364341085271318,,,{},2059.TW,2014-01-22,2014-01-23
0.027996851166744958,70000,0,0.04844961240310078,0.4844961240310077,1.0,D-1 estimated accounting; fill-day constraints require ledger audit,direct,V4_DIRECT_FROZEN_LINEAR_PORTFOLIO,disabled,2014-01-22,risk_on,0.01392715104720102,-1.1102230246251565e-16,0.03319502074688785,0.4883720930232558,0.07843212715779127,0.6434108527131783,0.7364341085271318,,,{},2454.TW,2014-01-22,2014-01-23
0.03278406936923439,2008000,0,0.03372093023255814,0.3372093023255814,1.0,D-1 estimated accounting; fill-day constraints require ledger audit,direct,V4_DIRECT_FROZEN_LINEAR_PORTFOLIO,disabled,2014-01-22,risk_on,0.01392715104720102,-1.1102230246251565e-16,0.03319502074688785,0.4883720930232558,0.07843212715779127,0.6434108527131783,0.7364341085271318,,,{},2618.TW,2014-01-22,2014-01-23
0.010191089707086482,537000,0,0.037596899224806204,0.375968992248062,1.0,D-1 estimated accounting; fill-day constraints require ledger audit,direct,V4_DIRECT_FROZEN_LINEAR_PORTFOLIO,disabled,2014-01-22,risk_on,0.01392715104720102,-1.1102230246251565e-16,0.03319502074688785,0.4883720930232558,0.07843212715779127,0.6434108527131783,0.7364341085271318,,,{},2884.TW,2014-01-22,2014-01-23
0.019656119479721925,98000,0,0.03527131782945736,0.3527131782945736,1.0,D-1 estimated accounting; fill-day constraints require ledger audit,direct,V4_DIRECT_FROZEN_LINEAR_PORTFOLIO,disabled,2014-01-22,risk_on,0.01392715104720102,-1.1102230246251565e-16,0.03319502074688785,0.4883720930232558,0.07843212715779127,0.6434108527131783,0.7364341085271318,,,{},2912.TW,2014-01-22,2014-01-23
0.031828447099099835,349000,0,0.044573643410852716,0.44573643410852715,1.0,D-1 estimated accounting; fill-day constraints require ledger audit,direct,V4_DIRECT_FROZEN_LINEAR_PORTFOLIO,disabled,2014-01-22,risk_on,0.01392715104720102,-1.1102230246251565e-16,0.03319502074688785,0.4883720930232558,0.07843212715779127,0.6434108527131783,0.7364341085271318,,,{},3045.TW,2014-01-22,2014-01-23
0.07678320186853209,360000,0,0.03914728682170543,0.3914728682170543,1.0,D-1 estimated accounting; fill-day constraints require ledger audit,direct,V4_DIRECT_FROZEN_LINEAR_PORTFOLIO,disabled,2014-01-22,risk_on,0.01392715104720102,-1.1102230246251565e-16,0.03319502074688785,0.4883720930232558,0.07843212715779127,0.6434108527131783,0.7364341085271318,,,{},3131.TWO,2014-01-22,2014-01-23
0.05644899516010353,618000,0,0.04534883720930233,0.4534883720930233,1.0,D-1 estimated accounting; fill-day constraints require ledger audit,direct,V4_DIRECT_FROZEN_LINEAR_PORTFOLIO,disabled,2014-01-22,risk_on,0.01392715104720102,-1.1102230246251565e-16,0.03319502074688785,0.4883720930232558,0.07843212715779127,0.6434108527131783,0.7364341085271318,,,{},3163.TWO,2014-01-22,2014-01-23
0.052753678537583754,2107000,0,0.01821705426356589,0.1821705426356589,1.0,D-1 estimated accounting; fill-day constraints require ledger audit,direct,V4_DIRECT_FROZEN_LINEAR_PORTFOLIO,disabled,2014-01-22,risk_on,0.01392715104720102,-1.1102230246251565e-16,0.03319502074688785,0.4883720930232558,0.07843212715779127,0.6434108527131783,0.7364341085271318,,,{},3231.TW,2014-01-22,2014-01-23
0.056894185850548964,486000,0,0.04689922480620155,0.4689922480620155,1.0,D-1 estimated accounting; fill-day constraints require ledger audit,direct,V4_DIRECT_FROZEN_LINEAR_PORTFOLIO,disabled,2014-01-22,risk_on,0.01392715104720102,-1.1102230246251565e-16,0.03319502074688785,0.4883720930232558,0.07843212715779127,0.6434108527131783,0.7364341085271318,,,{},3665.TW,2014-01-22,2014-01-23
0.03792540974400303,641000,0,0.047674418604651166,0.47674418604651164,1.0,D-1 estimated accounting; fill-day constraints require ledger audit,direct,V4_DIRECT_FROZEN_LINEAR_PORTFOLIO,disabled,2014-01-22,risk_on,0.01392715104720102,-1.1102230246251565e-16,0.03319502074688785,0.4883720930232558,0.07843212715779127,0.6434108527131783,0.7364341085271318,,,{},4123.TWO,2014-01-22,2014-01-23
0.03313779342777298,540000,0,0.043798449612403104,0.437984496124031,1.0,D-1 estimated accounting; fill-day constraints require ledger audit,direct,V4_DIRECT_FROZEN_LINEAR_PORTFOLIO,disabled,2014-01-22,risk_on,0.01392715104720102,-1.1102230246251565e-16,0.03319502074688785,0.4883720930232558,0.07843212715779127,0.6434108527131783,0.7364341085271318,,,{},4904.TW,2014-01-22,2014-01-23
0.01255222765636209,364000,0,0.025193798449612406,0.25193798449612403,1.0,D-1 estimated accounting; fill-day constraints require ledger audit,direct,V4_DIRECT_FROZEN_LINEAR_PORTFOLIO,disabled,2014-01-22,risk_on,0.01392715104720102,-1.1102230246251565e-16,0.03319502074688785,0.4883720930232558,0.07843212715779127,0.6434108527131783,0.7364341085271318,,,{},5347.TWO,2014-01-22,2014-01-23
0.055397079128957125,714000,0,0.031395348837209305,0.313953488372093,1.0,D-1 estimated accounting; fill-day constraints require ledger audit,direct,V4_DIRECT_FROZEN_LINEAR_PORTFOLIO,disabled,2014-01-22,risk_on,0.01392715104720102,-1.1102230246251565e-16,0.03319502074688785,0.4883720930232558,0.07843212715779127,0.6434108527131783,0.7364341085271318,,,{},5871.TW,2014-01-22,2014-01-23
0.06808790013127165,386000,0,0.03837209302325582,0.38372093023255816,1.0,D-1 estimated accounting; fill-day constraints require ledger audit,direct,V4_DIRECT_FROZEN_LINEAR_PORTFOLIO,disabled,2014-01-22,risk_on,0.01392715104720102,-1.1102230246251565e-16,0.03319502074688785,0.4883720930232558,0.07843212715779127,0.6434108527131783,0.7364341085271318,,,{},5903.TWO,2014-01-22,2014-01-23
0.03756479334133001,1239000,0,0.012015503875968992,0.12015503875968991,1.0,D-1 estimated accounting; fill-day constraints require ledger audit,direct,V4_DIRECT_FROZEN_LINEAR_PORTFOLIO,disabled,2014-01-22,risk_on,0.01392715104720102,-1.1102230246251565e-16,0.03319502074688785,0.4883720930232558,0.07843212715779127,0.6434108527131783,0.7364341085271318,,,{},6187.TWO,2014-01-22,2014-01-23
0.04744415998951304,613000,0,0.040697674418604654,0.4069767441860465,1.0,D-1 estimated accounting; fill-day constraints require ledger audit,direct,V4_DIRECT_FROZEN_LINEAR_PORTFOLIO,disabled,2014-01-22,risk_on,0.01392715104720102,-1.1102230246251565e-16,0.03319502074688785,0.4883720930232558,0.07843212715779127,0.6434108527131783,0.7364341085271318,,,{},6505.TW,2014-01-22,2014-01-23
0.05852655171551558,4941000,0,0.04922480620155039,0.49224806201550386,1.0,D-1 estimated accounting; fill-day constraints require ledger audit,direct,V4_DIRECT_FROZEN_LINEAR_PORTFOLIO,disabled,2014-01-22,risk_on,0.01392715104720102,-1.1102230246251565e-16,0.03319502074688785,0.4883720930232558,0.07843212715779127,0.6434108527131783,0.7364341085271318,,,{},8932.TWO,2014-01-22,2014-01-23
0.00407550864879981,90000,0,0.01744186046511628,0.17441860465116277,1.0,D-1 estimated accounting; fill-day constraints require ledger audit,direct,V4_DIRECT_FROZEN_LINEAR_PORTFOLIO,disabled,2014-01-23,risk_on,0.014092728128976334,-0.0018692030595556242,0.02092050209205043,0.4186046511627907,0.078758354236377,0.6201550387596899,0.751937984496124,,,{},1101.TW,2014-01-23,2014-01-24
0.04199595302370292,634000,0,0.03372093023255814,0.3372093023255814,1.0,D-1 estimated accounting; fill-day constraints require ledger audit,direct,V4_DIRECT_FROZEN_LINEAR_PORTFOLIO,disabled,2014-01-23,risk_on,0.014092728128976334,-0.0018692030595556242,0.02092050209205043,0.4186046511627907,0.078758354236377,0.6201550387596899,0.751937984496124,,,{},1303.TW,2014-01-23,2014-01-24
0.05436107138171387,676000,0,0.03914728682170543,0.3914728682170543,1.0,D-1 estimated accounting; fill-day constraints require ledger audit,direct,V4_DIRECT_FROZEN_LINEAR_PORTFOLIO,disabled,2014-01-23,risk_on,0.014092728128976334,-0.0018692030595556242,0.02092050209205043,0.4186046511627907,0.078758354236377,0.6201550387596899,0.751937984496124,,,{},1326.TW,2014-01-23,2014-01-24
0.04027837317942544,1260000,0,0.040697674418604654,0.4069767441860465,1.0,D-1 estimated accounting; fill-day constraints require ledger audit,direct,V4_DIRECT_FROZEN_LINEAR_PORTFOLIO,disabled,2014-01-23,risk_on,0.014092728128976334,-0.0018692030595556242,0.02092050209205043,0.4186046511627907,0.078758354236377,0.6201550387596899,0.751937984496124,,,{},1402.TW,2014-01-23,2014-01-24
0.04504414387325959,134000,0,0.015116279069767442,0.1511627906976744,1.0,D-1 estimated accounting; fill-day constraints require ledger audit,direct,V4_DIRECT_FROZEN_LINEAR_PORTFOLIO,disabled,2014-01-23,risk_on,0.014092728128976334,-0.0018692030595556242,0.02092050209205043,0.4186046511627907,0.078758354236377,0.6201550387596899,0.751937984496124,,,{},2059.TW,2014-01-23,2014-01-24
0.028081126273334287,70000,0,0.047674418604651166,0.47674418604651164,1.0,D-1 estimated accounting; fill-day constraints require ledger audit,direct,V4_DIRECT_FROZEN_LINEAR_PORTFOLIO,disabled,2014-01-23,risk_on,0.014092728128976334,-0.0018692030595556242,0.02092050209205043,0.4186046511627907,0.078758354236377,0.6201550387596899,0.751937984496124,,,{},2454.TW,2014-01-23,2014-01-24
0.03253785694442214,2008000,0,0.03062015503875969,0.3062015503875969,1.0,D-1 estimated accounting; fill-day constraints require ledger audit,direct,V4_DIRECT_FROZEN_LINEAR_PORTFOLIO,disabled,2014-01-23,risk_on,0.014092728128976334,-0.0018692030595556242,0.02092050209205043,0.4186046511627907,0.078758354236377,0.6201550387596899,0.751937984496124,,,{},2618.TW,2014-01-23,2014-01-24
0.010118856147151703,537000,0,0.034496124031007755,0.3449612403100775,1.0,D-1 estimated accounting; fill-day constraints require ledger audit,direct,V4_DIRECT_FROZEN_LINEAR_PORTFOLIO,disabled,2014-01-23,risk_on,0.014092728128976334,-0.0018692030595556242,0.02092050209205043,0.4186046511627907,0.078758354236377,0.6201550387596899,0.751937984496124,,,{},2884.TW,2014-01-23,2014-01-24
0.01961695700654913,98000,0,0.03604651162790697,0.36046511627906974,1.0,D-1 estimated accounting; fill-day constraints require ledger audit,direct,V4_DIRECT_FROZEN_LINEAR_PORTFOLIO,disabled,2014-01-23,risk_on,0.014092728128976334,-0.0018692030595556242,0.02092050209205043,0.4186046511627907,0.078758354236377,0.6201550387596899,0.751937984496124,,,{},2912.TW,2014-01-23,2014-01-24
0.031547497121608745,349000,0,0.04534883720930233,0.4534883720930233,1.0,D-1 estimated accounting; fill-day constraints require ledger audit,direct,V4_DIRECT_FROZEN_LINEAR_PORTFOLIO,disabled,2014-01-23,risk_on,0.014092728128976334,-0.0018692030595556242,0.02092050209205043,0.4186046511627907,0.078758354236377,0.6201550387596899,0.751937984496124,,,{},3045.TW,2014-01-23,2014-01-24
0.07608240367620703,360000,0,0.03992248062015504,0.3992248062015504,1.0,D-1 estimated accounting; fill-day constraints require ledger audit,direct,V4_DIRECT_FROZEN_LINEAR_PORTFOLIO,disabled,2014-01-23,risk_on,0.014092728128976334,-0.0018692030595556242,0.02092050209205043,0.4186046511627907,0.078758354236377,0.6201550387596899,0.751937984496124,,,{},3131.TWO,2014-01-23,2014-01-24
0.056380235249471354,618000,0,0.03682170542635659,0.3682170542635659,1.0,D-1 estimated accounting; fill-day constraints require ledger audit,direct,V4_DIRECT_FROZEN_LINEAR_PORTFOLIO,disabled,2014-01-23,risk_on,0.014092728128976334,-0.0018692030595556242,0.02092050209205043,0.4186046511627907,0.078758354236377,0.6201550387596899,0.751937984496124,,,{},3163.TWO,2014-01-23,2014-01-24
0.052308789005587414,2107000,0,0.028294573643410856,0.28294573643410853,1.0,D-1 estimated accounting; fill-day constraints require ledger audit,direct,V4_DIRECT_FROZEN_LINEAR_PORTFOLIO,disabled,2014-01-23,risk_on,0.014092728128976334,-0.0018692030595556242,0.02092050209205043,0.4186046511627907,0.078758354236377,0.6201550387596899,0.751937984496124,,,{},3231.TW,2014-01-23,2014-01-24
0.0585677412136206,486000,0,0.03837209302325582,0.38372093023255816,1.0,D-1 estimated accounting; fill-day constraints require ledger audit,direct,V4_DIRECT_FROZEN_LINEAR_PORTFOLIO,disabled,2014-01-23,risk_on,0.014092728128976334,-0.0018692030595556242,0.02092050209205043,0.4186046511627907,0.078758354236377,0.6201550387596899,0.751937984496124,,,{},3665.TW,2014-01-23,2014-01-24
0.038645558881624215,641000,0,0.03294573643410853,0.3294573643410853,1.0,D-1 estimated accounting; fill-day constraints require ledger audit,direct,V4_DIRECT_FROZEN_LINEAR_PORTFOLIO,disabled,2014-01-23,risk_on,0.014092728128976334,-0.0018692030595556242,0.02092050209205043,0.4186046511627907,0.078758354236377,0.6201550387596899,0.751937984496124,,,{},4123.TWO,2014-01-23,2014-01-24
0.032561067148118295,540000,0,0.04689922480620155,0.4689922480620155,1.0,D-1 estimated accounting; fill-day constraints require ledger audit,direct,V4_DIRECT_FROZEN_LINEAR_PORTFOLIO,disabled,2014-01-23,risk_on,0.014092728128976334,-0.0018692030595556242,0.02092050209205043,0.4186046511627907,0.078758354236377,0.6201550387596899,0.751937984496124,,,{},4904.TW,2014-01-23,2014-01-24
0.012514114489529006,364000,0,0.008139534883720928,0.08139534883720928,1.0,D-1 estimated accounting; fill-day constraints require ledger audit,direct,V4_DIRECT_FROZEN_LINEAR_PORTFOLIO,disabled,2014-01-23,risk_on,0.014092728128976334,-0.0018692030595556242,0.02092050209205043,0.4186046511627907,0.078758354236377,0.6201550387596899,0.751937984496124,,,{},5347.TWO,2014-01-23,2014-01-24
0.055007588261617585,714000,0,0.02674418604651163,0.2674418604651163,1.0,D-1 estimated accounting; fill-day constraints require ledger audit,direct,V4_DIRECT_FROZEN_LINEAR_PORTFOLIO,disabled,2014-01-23,risk_on,0.014092728128976334,-0.0018692030595556242,0.02092050209205043,0.4186046511627907,0.078758354236377,0.6201550387596899,0.751937984496124,,,{},5871.TW,2014-01-23,2014-01-24
0.06988946554805672,386000,0,0.02596899224806202,0.2596899224806202,1.0,D-1 estimated accounting; fill-day constraints require ledger audit,direct,V4_DIRECT_FROZEN_LINEAR_PORTFOLIO,disabled,2014-01-23,risk_on,0.014092728128976334,-0.0018692030595556242,0.02092050209205043,0.4186046511627907,0.078758354236377,0.6201550387596899,0.751937984496124,,,{},5903.TWO,2014-01-23,2014-01-24
0.036966844362426,1239000,0,0.029844961240310077,0.29844961240310075,1.0,D-1 estimated accounting; fill-day constraints require ledger audit,direct,V4_DIRECT_FROZEN_LINEAR_PORTFOLIO,disabled,2014-01-23,risk_on,0.014092728128976334,-0.0018692030595556242,0.02092050209205043,0.4186046511627907,0.078758354236377,0.6201550387596899,0.751937984496124,,,{},6187.TWO,2014-01-23,2014-01-24
0.04662397351182273,613000,0,0.04302325581395349,0.43023255813953487,1.0,D-1 estimated accounting; fill-day constraints require ledger audit,direct,V4_DIRECT_FROZEN_LINEAR_PORTFOLIO,disabled,2014-01-23,risk_on,0.014092728128976334,-0.0018692030595556242,0.02092050209205043,0.4186046511627907,0.078758354236377,0.6201550387596899,0.751937984496124,,,{},6505.TW,2014-01-23,2014-01-24
0.05875426504908707,4941000,0,0.04922480620155039,0.49224806201550386,1.0,D-1 estimated accounting; fill-day constraints require ledger audit,direct,V4_DIRECT_FROZEN_LINEAR_PORTFOLIO,disabled,2014-01-23,risk_on,0.014092728128976334,-0.0018692030595556242,0.02092050209205043,0.4186046511627907,0.078758354236377,0.6201550387596899,0.751937984496124,,,{},8932.TWO,2014-01-23,2014-01-24
0.0040746470872521,90000,0,0.01821705426356589,0.1821705426356589,1.0,D-1 estimated accounting; fill-day constraints require ledger audit,direct,V4_DIRECT_FROZEN_LINEAR_PORTFOLIO,disabled,2014-01-24,risk_on,0.014537655892771234,-2.220446049250313e-16,0.018404907975459794,0.4573643410852713,0.07823677416015902,0.6046511627906976,0.7131782945736435,,,{},1101.TW,2014-01-24,2014-01-27
0.04226864010608802,634000,0,0.03294573643410853,0.3294573643410853,1.0,D-1 estimated accounting; fill-day constraints require ledger audit,direct,V4_DIRECT_FROZEN_LINEAR_PORTFOLIO,disabled,2014-01-24,risk_on,0.014537655892771234,-2.220446049250313e-16,0.018404907975459794,0.4573643410852713,0.07823677416015902,0.6046511627906976,0.7131782945736435,,,{},1303.TW,2014-01-24,2014-01-27
0.05473807732220793,676000,0,0.03372093023255814,0.3372093023255814,1.0,D-1 estimated accounting; fill-day constraints require ledger audit,direct,V4_DIRECT_FROZEN_LINEAR_PORTFOLIO,disabled,2014-01-24,risk_on,0.014537655892771234,-2.220446049250313e-16,0.018404907975459794,0.4573643410852713,0.07823677416015902,0.6046511627906976,0.7131782945736435,,,{},1326.TW,2014-01-24,2014-01-27
0.04004579846410076,1260000,0,0.04224806201550388,0.42248062015503873,1.0,D-1 estimated accounting; fill-day constraints require ledger audit,direct,V4_DIRECT_FROZEN_LINEAR_PORTFOLIO,disabled,2014-01-24,risk_on,0.014537655892771234,-2.220446049250313e-16,0.018404907975459794,0.4573643410852713,0.07823677416015902,0.6046511627906976,0.7131782945736435,,,{},1402.TW,2014-01-24,2014-01-27
0.04426596600231169,134000,0,0.03527131782945736,0.3527131782945736,1.0,D-1 estimated accounting; fill-day constraints require ledger audit,direct,V4_DIRECT_FROZEN_LINEAR_PORTFOLIO,disabled,2014-01-24,risk_on,0.014537655892771234,-2.220446049250313e-16,0.018404907975459794,0.4573643410852713,0.07823677416015902,0.6046511627906976,0.7131782945736435,,,{},2059.TW,2014-01-24,2014-01-27
0.028522058028201472,70000,0,0.04302325581395349,0.43023255813953487,1.0,D-1 estimated accounting; fill-day constraints require ledger audit,direct,V4_DIRECT_FROZEN_LINEAR_PORTFOLIO,disabled,2014-01-24,risk_on,0.014537655892771234,-2.220446049250313e-16,0.018404907975459794,0.4573643410852713,0.07823677416015902,0.6046511627906976,0.7131782945736435,,,{},2454.TW,2014-01-24,2014-01-27
0.03250300910618023,2008000,0,0.02906976744186046,0.2906976744186046,1.0,D-1 estimated accounting; fill-day constraints require ledger audit,direct,V4_DIRECT_FROZEN_LINEAR_PORTFOLIO,disabled,2014-01-24,risk_on,0.014537655892771234,-2.220446049250313e-16,0.018404907975459794,0.4573643410852713,0.07823677416015902,0.6046511627906976,0.7131782945736435,,,{},2618.TW,2014-01-24,2014-01-27
0.010139025109446375,537000,0,0.03914728682170543,0.3914728682170543,1.0,D-1 estimated accounting; fill-day constraints require ledger audit,direct,V4_DIRECT_FROZEN_LINEAR_PORTFOLIO,disabled,2014-01-24,risk_on,0.014537655892771234,-2.220446049250313e-16,0.018404907975459794,0.4573643410852713,0.07823677416015902,0.6046511627906976,0.7131782945736435,,,{},2884.TW,2014-01-24,2014-01-27
0.01980274463542666,98000,0,0.02751937984496124,0.2751937984496124,1.0,D-1 estimated accounting; fill-day constraints require ledger audit,direct,V4_DIRECT_FROZEN_LINEAR_PORTFOLIO,disabled,2014-01-24,risk_on,0.014537655892771234,-2.220446049250313e-16,0.018404907975459794,0.4573643410852713,0.07823677416015902,0.6046511627906976,0.7131782945736435,,,{},2912.TW,2014-01-24,2014-01-27
0.031228693739792972,349000,0,0.04612403100775194,0.46124031007751937,1.0,D-1 estimated accounting; fill-day constraints require ledger audit,direct,V4_DIRECT_FROZEN_LINEAR_PORTFOLIO,disabled,2014-01-24,risk_on,0.014537655892771234,-2.220446049250313e-16,0.018404907975459794,0.4573643410852713,0.07823677416015902,0.6046511627906976,0.7131782945736435,,,{},3045.TW,2014-01-24,2014-01-27
0.0762340515609796,360000,0,0.03604651162790697,0.36046511627906974,1.0,D-1 estimated accounting; fill-day constraints require ledger audit,direct,V4_DIRECT_FROZEN_LINEAR_PORTFOLIO,disabled,2014-01-24,risk_on,0.014537655892771234,-2.220446049250313e-16,0.018404907975459794,0.4573643410852713,0.07823677416015902,0.6046511627906976,0.7131782945736435,,,{},3131.TWO,2014-01-24,2014-01-27
0.05593996753493702,618000,0,0.043798449612403104,0.437984496124031,1.0,D-1 estimated accounting; fill-day constraints require ledger audit,direct,V4_DIRECT_FROZEN_LINEAR_PORTFOLIO,disabled,2014-01-24,risk_on,0.014537655892771234,-2.220446049250313e-16,0.018404907975459794,0.4573643410852713,0.07823677416015902,0.6046511627906976,0.7131782945736435,,,{},3163.TWO,2014-01-24,2014-01-27
0.05230843431617683,2107000,0,0.01744186046511628,0.17441860465116277,1.0,D-1 estimated accounting; fill-day constraints require ledger audit,direct,V4_DIRECT_FROZEN_LINEAR_PORTFOLIO,disabled,2014-01-24,risk_on,0.014537655892771234,-2.220446049250313e-16,0.018404907975459794,0.4573643410852713,0.07823677416015902,0.6046511627906976,0.7131782945736435,,,{},3231.TW,2014-01-24,2014-01-27
0.060133478248258,486000,0,0.02674418604651163,0.2674418604651163,1.0,D-1 estimated accounting; fill-day constraints require ledger audit,direct,V4_DIRECT_FROZEN_LINEAR_PORTFOLIO,disabled,2014-01-24,risk_on,0.014537655892771234,-2.220446049250313e-16,0.018404907975459794,0.4573643410852713,0.07823677416015902,0.6046511627906976,0.7131782945736435,,,{},3665.TW,2014-01-24,2014-01-27
0.03884996436428894,641000,0,0.02054263565891473,0.20542635658914726,1.0,D-1 estimated accounting; fill-day constraints require ledger audit,direct,V4_DIRECT_FROZEN_LINEAR_PORTFOLIO,disabled,2014-01-24,risk_on,0.014537655892771234,-2.220446049250313e-16,0.018404907975459794,0.4573643410852713,0.07823677416015902,0.6046511627906976,0.7131782945736435,,,{},4123.TWO,2014-01-24,2014-01-27
0.03225034013282854,540000,0,0.04689922480620155,0.4689922480620155,1.0,D-1 estimated accounting; fill-day constraints require ledger audit,direct,V4_DIRECT_FROZEN_LINEAR_PORTFOLIO,disabled,2014-01-24,risk_on,0.014537655892771234,-2.220446049250313e-16,0.018404907975459794,0.4573643410852713,0.07823677416015902,0.6046511627906976,0.7131782945736435,,,{},4904.TW,2014-01-24,2014-01-27
0.01244858830279816,364000,0,0.01666666666666667,0.16666666666666669,1.0,D-1 estimated accounting; fill-day constraints require ledger audit,direct,V4_DIRECT_FROZEN_LINEAR_PORTFOLIO,disabled,2014-01-24,risk_on,0.014537655892771234,-2.220446049250313e-16,0.018404907975459794,0.4573643410852713,0.07823677416015902,0.6046511627906976,0.7131782945736435,,,{},5347.TWO,2014-01-24,2014-01-27
0.05447880619297101,714000,0,0.03217054263565892,0.32170542635658916,1.0,D-1 estimated accounting; fill-day constraints require ledger audit,direct,V4_DIRECT_FROZEN_LINEAR_PORTFOLIO,disabled,2014-01-24,risk_on,0.014537655892771234,-2.220446049250313e-16,0.018404907975459794,0.4573643410852713,0.07823677416015902,0.6046511627906976,0.7131782945736435,,,{},5871.TW,2014-01-24,2014-01-27
0.07098806784706874,386000,0,0.008914728682170543,0.08914728682170542,1.0,D-1 estimated accounting; fill-day constraints require ledger audit,direct,V4_DIRECT_FROZEN_LINEAR_PORTFOLIO,disabled,2014-01-24,risk_on,0.014537655892771234,-2.220446049250313e-16,0.018404907975459794,0.4573643410852713,0.07823677416015902,0.6046511627906976,0.7131782945736435,,,{},5903.TWO,2014-01-24,2014-01-27
0.037040526889310095,1239000,0,0.02131782945736434,0.2131782945736434,1.0,D-1 estimated accounting; fill-day constraints require ledger audit,direct,V4_DIRECT_FROZEN_LINEAR_PORTFOLIO,disabled,2014-01-24,risk_on,0.014537655892771234,-2.220446049250313e-16,0.018404907975459794,0.4573643410852713,0.07823677416015902,0.6046511627906976,0.7131782945736435,,,{},6187.TWO,2014-01-24,2014-01-27
0.046595087461970074,613000,0,0.040697674418604654,0.4069767441860465,1.0,D-1 estimated accounting; fill-day constraints require ledger audit,direct,V4_DIRECT_FROZEN_LINEAR_PORTFOLIO,disabled,2014-01-24,risk_on,0.014537655892771234,-2.220446049250313e-16,0.018404907975459794,0.4573643410852713,0.07823677416015902,0.6046511627906976,0.7131782945736435,,,{},6505.TW,2014-01-24,2014-01-27
0.05690899524197008,4941000,0,0.04922480620155039,0.49224806201550386,1.0,D-1 estimated accounting; fill-day constraints require ledger audit,direct,V4_DIRECT_FROZEN_LINEAR_PORTFOLIO,disabled,2014-01-24,risk_on,0.014537655892771234,-2.220446049250313e-16,0.018404907975459794,0.4573643410852713,0.07823677416015902,0.6046511627906976,0.7131782945736435,,,{},8932.TWO,2014-01-24,2014-01-27
0.004010900191766615,90000,0,0.023643410852713178,0.23643410852713176,1.0,D-1 estimated accounting; fill-day constraints require ledger audit,direct,V4_DIRECT_FROZEN_LINEAR_PORTFOLIO,disabled,2014-01-27,neutral,0.01547877141623952,-0.023136246786632286,1.1102230246251565e-15,0.17829457364341086,0.07580714605762547,0.2713178294573643,0.4883720930232558,,,{},1101.TW,2014-01-27,2014-02-05
0.041958759075559196,634000,0,0.03372093023255814,0.3372093023255814,1.0,D-1 estimated accounting; fill-day constraints require ledger audit,direct,V4_DIRECT_FROZEN_LINEAR_PORTFOLIO,disabled,2014-01-27,neutral,0.01547877141623952,-0.023136246786632286,1.1102230246251565e-15,0.17829457364341086,0.07580714605762547,0.2713178294573643,0.4883720930232558,,,{},1303.TW,2014-01-27,2014-02-05
0.0537375488546378,676000,0,0.03604651162790697,0.36046511627906974,1.0,D-1 estimated accounting; fill-day constraints require ledger audit,direct,V4_DIRECT_FROZEN_LINEAR_PORTFOLIO,disabled,2014-01-27,neutral,0.01547877141623952,-0.023136246786632286,1.1102230246251565e-15,0.17829457364341086,0.07580714605762547,0.2713178294573643,0.4883720930232558,,,{},1326.TW,2014-01-27,2014-02-05
0.03959697849171648,1260000,0,0.043798449612403104,0.437984496124031,1.0,D-1 estimated accounting; fill-day constraints require ledger audit,direct,V4_DIRECT_FROZEN_LINEAR_PORTFOLIO,disabled,2014-01-27,neutral,0.01547877141623952,-0.023136246786632286,1.1102230246251565e-15,0.17829457364341086,0.07580714605762547,0.2713178294573643,0.4883720930232558,,,{},1402.TW,2014-01-27,2014-02-05
0.06651915121985613,2242000,2242000,0.04844961240310078,0.4844961240310077,1.0,D-1 estimated accounting; fill-day constraints require ledger audit,direct,V4_DIRECT_FROZEN_LINEAR_PORTFOLIO,disabled,2014-01-27,neutral,0.01547877141623952,-0.023136246786632286,1.1102230246251565e-15,0.17829457364341086,0.07580714605762547,0.2713178294573643,0.4883720930232558,,,{},1802.TW,2014-01-27,2014-02-05
0.044606214316064534,134000,0,0.031395348837209305,0.313953488372093,1.0,D-1 estimated accounting; fill-day constraints require ledger audit,direct,V4_DIRECT_FROZEN_LINEAR_PORTFOLIO,disabled,2014-01-27,neutral,0.01547877141623952,-0.023136246786632286,1.1102230246251565e-15,0.17829457364341086,0.07580714605762547,0.2713178294573643,0.4883720930232558,,,{},2059.TW,2014-01-27,2014-02-05
0.02824757607961247,70000,0,0.044573643410852716,0.44573643410852715,1.0,D-1 estimated accounting; fill-day constraints require ledger audit,direct,V4_DIRECT_FROZEN_LINEAR_PORTFOLIO,disabled,2014-01-27,neutral,0.01547877141623952,-0.023136246786632286,1.1102230246251565e-15,0.17829457364341086,0.07580714605762547,0.2713178294573643,0.4883720930232558,,,{},2454.TW,2014-01-27,2014-02-05
0.03235096663036511,2008000,0,0.02286821705426357,0.22868217054263568,1.0,D-1 estimated accounting; fill-day constraints require ledger audit,direct,V4_DIRECT_FROZEN_LINEAR_PORTFOLIO,disabled,2014-01-27,neutral,0.01547877141623952,-0.023136246786632286,1.1102230246251565e-15,0.17829457364341086,0.07580714605762547,0.2713178294573643,0.4883720930232558,,,{},2618.TW,2014-01-27,2014-02-05
0.01013629806329406,537000,0,0.03527131782945736,0.3527131782945736,1.0,D-1 estimated accounting; fill-day constraints require ledger audit,direct,V4_DIRECT_FROZEN_LINEAR_PORTFOLIO,disabled,2014-01-27,neutral,0.01547877141623952,-0.023136246786632286,1.1102230246251565e-15,0.17829457364341086,0.07580714605762547,0.2713178294573643,0.4883720930232558,,,{},2884.TW,2014-01-27,2014-02-05
0.020053500522283742,98000,0,0.008139534883720928,0.08139534883720928,1.0,D-1 estimated accounting; fill-day constraints require ledger audit,direct,V4_DIRECT_FROZEN_LINEAR_PORTFOLIO,disabled,2014-01-27,neutral,0.01547877141623952,-0.023136246786632286,1.1102230246251565e-15,0.17829457364341086,0.07580714605762547,0.2713178294573643,0.4883720930232558,,,{},2912.TW,2014-01-27,2014-02-05
0.03104914857054287,349000,0,0.04689922480620155,0.4689922480620155,1.0,D-1 estimated accounting; fill-day constraints require ledger audit,direct,V4_DIRECT_FROZEN_LINEAR_PORTFOLIO,disabled,2014-01-27,neutral,0.01547877141623952,-0.023136246786632286,1.1102230246251565e-15,0.17829457364341086,0.07580714605762547,0.2713178294573643,0.4883720930232558,,,{},3045.TW,2014-01-27,2014-02-05
0.07555772027939231,360000,0,0.037596899224806204,0.375968992248062,1.0,D-1 estimated accounting; fill-day constraints require ledger audit,direct,V4_DIRECT_FROZEN_LINEAR_PORTFOLIO,disabled,2014-01-27,neutral,0.01547877141623952,-0.023136246786632286,1.1102230246251565e-15,0.17829457364341086,0.07580714605762547,0.2713178294573643,0.4883720930232558,,,{},3131.TWO,2014-01-27,2014-02-05
0.054699268509513586,618000,0,0.04612403100775194,0.46124031007751937,1.0,D-1 estimated accounting; fill-day constraints require ledger audit,direct,V4_DIRECT_FROZEN_LINEAR_PORTFOLIO,disabled,2014-01-27,neutral,0.01547877141623952,-0.023136246786632286,1.1102230246251565e-15,0.17829457364341086,0.07580714605762547,0.2713178294573643,0.4883720930232558,,,{},3163.TWO,2014-01-27,2014-02-05
0.0529213426958628,2107000,0,0.001937984496124029,0.01937984496124029,1.0,D-1 estimated accounting; fill-day constraints require ledger audit,direct,V4_DIRECT_FROZEN_LINEAR_PORTFOLIO,disabled,2014-01-27,neutral,0.01547877141623952,-0.023136246786632286,1.1102230246251565e-15,0.17829457364341086,0.07580714605762547,0.2713178294573643,0.4883720930232558,,,{},3231.TW,2014-01-27,2014-02-05
0.0,0,-486000,-0.014341085271317833,-0.14341085271317833,1.0,D-1 estimated accounting; fill-day constraints require ledger audit,direct,V4_DIRECT_FROZEN_LINEAR_PORTFOLIO,disabled,2014-01-27,neutral,0.01547877141623952,-0.023136246786632286,1.1102230246251565e-15,0.17829457364341086,0.07580714605762547,0.2713178294573643,0.4883720930232558,,,{},3665.TW,2014-01-27,2014-02-05
0.039020226821024816,641000,0,0.015116279069767442,0.1511627906976744,1.0,D-1 estimated accounting; fill-day constraints require ledger audit,direct,V4_DIRECT_FROZEN_LINEAR_PORTFOLIO,disabled,2014-01-27,neutral,0.01547877141623952,-0.023136246786632286,1.1102230246251565e-15,0.17829457364341086,0.07580714605762547,0.2713178294573643,0.4883720930232558,,,{},4123.TWO,2014-01-27,2014-02-05
0.03228193650846099,540000,0,0.04534883720930233,0.4534883720930233,1.0,D-1 estimated accounting; fill-day constraints require ledger audit,direct,V4_DIRECT_FROZEN_LINEAR_PORTFOLIO,disabled,2014-01-27,neutral,0.01547877141623952,-0.023136246786632286,1.1102230246251565e-15,0.17829457364341086,0.07580714605762547,0.2713178294573643,0.4883720930232558,,,{},4904.TW,2014-01-27,2014-02-05
0.01221608059479296,364000,0,0.02131782945736434,0.2131782945736434,1.0,D-1 estimated accounting; fill-day constraints require ledger audit,direct,V4_DIRECT_FROZEN_LINEAR_PORTFOLIO,disabled,2014-01-27,neutral,0.01547877141623952,-0.023136246786632286,1.1102230246251565e-15,0.17829457364341086,0.07580714605762547,0.2713178294573643,0.4883720930232558,,,{},5347.TWO,2014-01-27,2014-02-05
0.05339645001314202,714000,0,0.03837209302325582,0.38372093023255816,1.0,D-1 estimated accounting; fill-day constraints require ledger audit,direct,V4_DIRECT_FROZEN_LINEAR_PORTFOLIO,disabled,2014-01-27,neutral,0.01547877141623952,-0.023136246786632286,1.1102230246251565e-15,0.17829457364341086,0.07580714605762547,0.2713178294573643,0.4883720930232558,,,{},5871.TW,2014-01-27,2014-02-05
0.06998703946355742,386000,0,0.018992248062015507,0.18992248062015504,1.0,D-1 estimated accounting; fill-day constraints require ledger audit,direct,V4_DIRECT_FROZEN_LINEAR_PORTFOLIO,disabled,2014-01-27,neutral,0.01547877141623952,-0.023136246786632286,1.1102230246251565e-15,0.17829457364341086,0.07580714605762547,0.2713178294573643,0.4883720930232558,,,{},5903.TWO,2014-01-27,2014-02-05
0.03775925158332919,1239000,0,0.009689922480620157,0.09689922480620156,1.0,D-1 estimated accounting; fill-day constraints require ledger audit,direct,V4_DIRECT_FROZEN_LINEAR_PORTFOLIO,disabled,2014-01-27,neutral,0.01547877141623952,-0.023136246786632286,1.1102230246251565e-15,0.17829457364341086,0.07580714605762547,0.2713178294573643,0.4883720930232558,,,{},6187.TWO,2014-01-27,2014-02-05
0.04676910811389945,613000,0,0.040697674418604654,0.4069767441860465,1.0,D-1 estimated accounting; fill-day constraints require ledger audit,direct,V4_DIRECT_FROZEN_LINEAR_PORTFOLIO,disabled,2014-01-27,neutral,0.01547877141623952,-0.023136246786632286,1.1102230246251565e-15,0.17829457364341086,0.07580714605762547,0.2713178294573643,0.4883720930232558,,,{},6505.TW,2014-01-27,2014-02-05
0.05882952078161587,4941000,0,0.04922480620155039,0.49224806201550386,1.0,D-1 estimated accounting; fill-day constraints require ledger audit,direct,V4_DIRECT_FROZEN_LINEAR_PORTFOLIO,disabled,2014-01-27,neutral,0.01547877141623952,-0.023136246786632286,1.1102230246251565e-15,0.17829457364341086,0.07580714605762547,0.2713178294573643,0.4883720930232558,,,{},8932.TWO,2014-01-27,2014-02-05
0.0038863617359432005,90000,0,0.034496124031007755,0.3449612403100775,1.0,D-1 estimated accounting; fill-day constraints require ledger audit,direct,V4_DIRECT_FROZEN_LINEAR_PORTFOLIO,disabled,2014-02-05,risk_off,0.015987846706170428,-0.03467407446708548,-0.02142863374554349,0.15503875968992248,0.08562490187556444,0.18604651162790697,0.34108527131782945,,,{},1101.TW,2014-02-05,2014-02-06
0.04029556217459744,634000,0,0.03914728682170543,0.3914728682170543,1.0,D-1 estimated accounting; fill-day constraints require ledger audit,direct,V4_DIRECT_FROZEN_LINEAR_PORTFOLIO,disabled,2014-02-05,risk_off,0.015987846706170428,-0.03467407446708548,-0.02142863374554349,0.15503875968992248,0.08562490187556444,0.18604651162790697,0.34108527131782945,,,{},1303.TW,2014-02-05,2014-02-06
0.05169184695066805,676000,0,0.044573643410852716,0.44573643410852715,1.0,D-1 estimated accounting; fill-day constraints require ledger audit,direct,V4_DIRECT_FROZEN_LINEAR_PORTFOLIO,disabled,2014-02-05,risk_off,0.015987846706170428,-0.03467407446708548,-0.02142863374554349,0.15503875968992248,0.08562490187556444,0.18604651162790697,0.34108527131782945,,,{},1326.TW,2014-02-05,2014-02-06
0.039009130371800274,1260000,0,0.043798449612403104,0.437984496124031,1.0,D-1 estimated accounting; fill-day constraints require ledger audit,direct,V4_DIRECT_FROZEN_LINEAR_PORTFOLIO,disabled,2014-02-05,risk_off,0.015987846706170428,-0.03467407446708548,-0.02142863374554349,0.15503875968992248,0.08562490187556444,0.18604651162790697,0.34108527131782945,,,{},1402.TW,2014-02-05,2014-02-06
0.06363497738925672,2242000,0,0.04922480620155039,0.49224806201550386,1.0,D-1 estimated accounting; fill-day constraints require ledger audit,direct,V4_DIRECT_FROZEN_LINEAR_PORTFOLIO,disabled,2014-02-05,risk_off,0.015987846706170428,-0.03467407446708548,-0.02142863374554349,0.15503875968992248,0.08562490187556444,0.18604651162790697,0.34108527131782945,,,{},1802.TW,2014-02-05,2014-02-06
0.045420523413809755,134000,0,-0.009689922480620151,-0.0968992248062015,1.0,D-1 estimated accounting; fill-day constraints require ledger audit,direct,V4_DIRECT_FROZEN_LINEAR_PORTFOLIO,disabled,2014-02-05,risk_off,0.015987846706170428,-0.03467407446708548,-0.02142863374554349,0.15503875968992248,0.08562490187556444,0.18604651162790697,0.34108527131782945,,,{},2059.TW,2014-02-05,2014-02-06
0.061858403124119665,333000,333000,0.04689922480620155,0.4689922480620155,1.0,D-1 estimated accounting; fill-day constraints require ledger audit,direct,V4_DIRECT_FROZEN_LINEAR_PORTFOLIO,disabled,2014-02-05,risk_off,0.015987846706170428,-0.03467407446708548,-0.02142863374554349,0.15503875968992248,0.08562490187556444,0.18604651162790697,0.34108527131782945,,,{},2395.TW,2014-02-05,2014-02-06
0.028498272366866976,70000,0,0.040697674418604654,0.4069767441860465,1.0,D-1 estimated accounting; fill-day constraints require ledger audit,direct,V4_DIRECT_FROZEN_LINEAR_PORTFOLIO,disabled,2014-02-05,risk_off,0.015987846706170428,-0.03467407446708548,-0.02142863374554349,0.15503875968992248,0.08562490187556444,0.18604651162790697,0.34108527131782945,,,{},2454.TW,2014-02-05,2014-02-06
0.03198997982957028,2008000,0,0.02054263565891473,0.20542635658914726,1.0,D-1 estimated accounting; fill-day constraints require ledger audit,direct,V4_DIRECT_FROZEN_LINEAR_PORTFOLIO,disabled,2014-02-05,risk_off,0.015987846706170428,-0.03467407446708548,-0.02142863374554349,0.15503875968992248,0.08562490187556444,0.18604651162790697,0.34108527131782945,,,{},2618.TW,2014-02-05,2014-02-06
0.009888408075511071,537000,0,0.03372093023255814,0.3372093023255814,1.0,D-1 estimated accounting; fill-day constraints require ledger audit,direct,V4_DIRECT_FROZEN_LINEAR_PORTFOLIO,disabled,2014-02-05,risk_off,0.015987846706170428,-0.03467407446708548,-0.02142863374554349,0.15503875968992248,0.08562490187556444,0.18604651162790697,0.34108527131782945,,,{},2884.TW,2014-02-05,2014-02-06
0.01931260595223039,98000,0,0.02286821705426357,0.22868217054263568,1.0,D-1 estimated accounting; fill-day constraints require ledger audit,direct,V4_DIRECT_FROZEN_LINEAR_PORTFOLIO,disabled,2014-02-05,risk_off,0.015987846706170428,-0.03467407446708548,-0.02142863374554349,0.15503875968992248,0.08562490187556444,0.18604651162790697,0.34108527131782945,,,{},2912.TW,2014-02-05,2014-02-06
0.029946850120751337,349000,0,0.04844961240310078,0.4844961240310077,1.0,D-1 estimated accounting; fill-day constraints require ledger audit,direct,V4_DIRECT_FROZEN_LINEAR_PORTFOLIO,disabled,2014-02-05,risk_off,0.015987846706170428,-0.03467407446708548,-0.02142863374554349,0.15503875968992248,0.08562490187556444,0.18604651162790697,0.34108527131782945,,,{},3045.TW,2014-02-05,2014-02-06
0.07722345828705907,360000,0,0.004263565891472871,0.0426356589147287,1.0,D-1 estimated accounting; fill-day constraints require ledger audit,direct,V4_DIRECT_FROZEN_LINEAR_PORTFOLIO,disabled,2014-02-05,risk_off,0.015987846706170428,-0.03467407446708548,-0.02142863374554349,0.15503875968992248,0.08562490187556444,0.18604651162790697,0.34108527131782945,,,{},3131.TWO,2014-02-05,2014-02-06
0.05511591379591442,618000,0,0.03062015503875969,0.3062015503875969,1.0,D-1 estimated accounting; fill-day constraints require ledger audit,direct,V4_DIRECT_FROZEN_LINEAR_PORTFOLIO,disabled,2014-02-05,risk_off,0.015987846706170428,-0.03467407446708548,-0.02142863374554349,0.15503875968992248,0.08562490187556444,0.18604651162790697,0.34108527131782945,,,{},3163.TWO,2014-02-05,2014-02-06
0.05247465353019409,2107000,0,-0.0019379844961240345,-0.019379844961240345,1.0,D-1 estimated accounting; fill-day constraints require ledger audit,direct,V4_DIRECT_FROZEN_LINEAR_PORTFOLIO,disabled,2014-02-05,risk_off,0.015987846706170428,-0.03467407446708548,-0.02142863374554349,0.15503875968992248,0.08562490187556444,0.18604651162790697,0.34108527131782945,,,{},3231.TW,2014-02-05,2014-02-06
0.03905877717373403,641000,0,0.005813953488372093,0.05813953488372092,1.0,D-1 estimated accounting; fill-day constraints require ledger audit,direct,V4_DIRECT_FROZEN_LINEAR_PORTFOLIO,disabled,2014-02-05,risk_off,0.015987846706170428,-0.03467407446708548,-0.02142863374554349,0.15503875968992248,0.08562490187556444,0.18604651162790697,0.34108527131782945,,,{},4123.TWO,2014-02-05,2014-02-06
0.031492604559029885,540000,0,0.047674418604651166,0.47674418604651164,1.0,D-1 estimated accounting; fill-day constraints require ledger audit,direct,V4_DIRECT_FROZEN_LINEAR_PORTFOLIO,disabled,2014-02-05,risk_off,0.015987846706170428,-0.03467407446708548,-0.02142863374554349,0.15503875968992248,0.08562490187556444,0.18604651162790697,0.34108527131782945,,,{},4904.TW,2014-02-05,2014-02-06
0.012309130694671863,364000,0,0.03682170542635659,0.3682170542635659,1.0,D-1 estimated accounting; fill-day constraints require ledger audit,direct,V4_DIRECT_FROZEN_LINEAR_PORTFOLIO,disabled,2014-02-05,risk_off,0.015987846706170428,-0.03467407446708548,-0.02142863374554349,0.15503875968992248,0.08562490187556444,0.18604651162790697,0.34108527131782945,,,{},5347.TWO,2014-02-05,2014-02-06
0.052290632744549266,714000,0,0.03527131782945736,0.3527131782945736,1.0,D-1 estimated accounting; fill-day constraints require ledger audit,direct,V4_DIRECT_FROZEN_LINEAR_PORTFOLIO,disabled,2014-02-05,risk_off,0.015987846706170428,-0.03467407446708548,-0.02142863374554349,0.15503875968992248,0.08562490187556444,0.18604651162790697,0.34108527131782945,,,{},5871.TW,2014-02-05,2014-02-06
0.06974090399155096,386000,0,0.0034883720930232566,0.034883720930232565,1.0,D-1 estimated accounting; fill-day constraints require ledger audit,direct,V4_DIRECT_FROZEN_LINEAR_PORTFOLIO,disabled,2014-02-05,risk_off,0.015987846706170428,-0.03467407446708548,-0.02142863374554349,0.15503875968992248,0.08562490187556444,0.18604651162790697,0.34108527131782945,,,{},5903.TWO,2014-02-05,2014-02-06
0.0,0,-1239000,-0.03914728682170543,-0.3914728682170543,1.0,D-1 estimated accounting; fill-day constraints require ledger audit,direct,V4_DIRECT_FROZEN_LINEAR_PORTFOLIO,disabled,2014-02-05,risk_off,0.015987846706170428,-0.03467407446708548,-0.02142863374554349,0.15503875968992248,0.08562490187556444,0.18604651162790697,0.34108527131782945,,,{},6187.TWO,2014-02-05,2014-02-06
0.04681612777801658,613000,0,0.03294573643410853,0.3294573643410853,1.0,D-1 estimated accounting; fill-day constraints require ledger audit,direct,V4_DIRECT_FROZEN_LINEAR_PORTFOLIO,disabled,2014-02-05,risk_off,0.015987846706170428,-0.03467407446708548,-0.02142863374554349,0.15503875968992248,0.08562490187556444,0.18604651162790697,0.34108527131782945,,,{},6505.TW,2014-02-05,2014-02-06
0.06052295455494628,4941000,0,0.03992248062015504,0.3992248062015504,1.0,D-1 estimated accounting; fill-day constraints require ledger audit,direct,V4_DIRECT_FROZEN_LINEAR_PORTFOLIO,disabled,2014-02-05,risk_off,0.015987846706170428,-0.03467407446708548,-0.02142863374554349,0.15503875968992248,0.08562490187556444,0.18604651162790697,0.34108527131782945,,,{},8932.TWO,2014-02-05,2014-02-06
0.003915654215575852,90000,0,0.029844961240310077,0.29844961240310075,1.0,D-1 estimated accounting; fill-day constraints require ledger audit,direct,V4_DIRECT_FROZEN_LINEAR_PORTFOLIO,disabled,2014-02-06,risk_off,0.016626440105410967,-0.029972739990547503,-0.016949216467680772,0.21705426356589147,0.09075043482044111,0.29457364341085274,0.4418604651162791,,,{},1101.TW,2014-02-06,2014-02-07
0.06555772381387037,1381000,1381000,0.047674418604651166,0.47674418604651164,1.0,D-1 estimated accounting; fill-day constraints require ledger audit,direct,V4_DIRECT_FROZEN_LINEAR_PORTFOLIO,disabled,2014-02-06,risk_off,0.016626440105410967,-0.029972739990547503,-0.016949216467680772,0.21705426356589147,0.09075043482044111,0.29457364341085274,0.4418604651162791,,,{},1216.TW,2014-02-06,2014-02-07
0.03985090607386544,634000,0,0.03837209302325582,0.38372093023255816,1.0,D-1 estimated accounting; fill-day constraints require ledger audit,direct,V4_DIRECT_FROZEN_LINEAR_PORTFOLIO,disabled,2014-02-06,risk_off,0.016626440105410967,-0.029972739990547503,-0.016949216467680772,0.21705426356589147,0.09075043482044111,0.29457364341085274,0.4418604651162791,,,{},1303.TW,2014-02-06,2014-02-07
0.0506493367035322,676000,0,0.04612403100775194,0.46124031007751937,1.0,D-1 estimated accounting; fill-day constraints require ledger audit,direct,V4_DIRECT_FROZEN_LINEAR_PORTFOLIO,disabled,2014-02-06,risk_off,0.016626440105410967,-0.029972739990547503,-0.016949216467680772,0.21705426356589147,0.09075043482044111,0.29457364341085274,0.4418604651162791,,,{},1326.TW,2014-02-06,2014-02-07
0.0390813235518516,1260000,0,0.040697674418604654,0.4069767441860465,1.0,D-1 estimated accounting; fill-day constraints require ledger audit,direct,V4_DIRECT_FROZEN_LINEAR_PORTFOLIO,disabled,2014-02-06,risk_off,0.016626440105410967,-0.029972739990547503,-0.016949216467680772,0.21705426356589147,0.09075043482044111,0.29457364341085274,0.4418604651162791,,,{},1402.TW,2014-02-06,2014-02-07
0.06449770975066126,2242000,0,0.04922480620155039,0.49224806201550386,1.0,D-1 estimated accounting; fill-day constraints require ledger audit,direct,V4_DIRECT_FROZEN_LINEAR_PORTFOLIO,disabled,2014-02-06,risk_off,0.016626440105410967,-0.029972739990547503,-0.016949216467680772,0.21705426356589147,0.09075043482044111,0.29457364341085274,0.4418604651162791,,,{},1802.TW,2014-02-06,2014-02-07
0.0,0,-134000,-0.008914728682170548,-0.08914728682170547,1.0,D-1 estimated accounting; fill-day constraints require ledger audit,direct,V4_DIRECT_FROZEN_LINEAR_PORTFOLIO,disabled,2014-02-06,risk_off,0.016626440105410967,-0.029972739990547503,-0.016949216467680772,0.21705426356589147,0.09075043482044111,0.29457364341085274,0.4418604651162791,,,{},2059.TW,2014-02-06,2014-02-07
0.061840758369118225,333000,0,0.041472868217054266,0.41472868217054265,1.0,D-1 estimated accounting; fill-day constraints require ledger audit,direct,V4_DIRECT_FROZEN_LINEAR_PORTFOLIO,disabled,2014-02-06,risk_off,0.016626440105410967,-0.029972739990547503,-0.016949216467680772,0.21705426356589147,0.09075043482044111,0.29457364341085274,0.4418604651162791,,,{},2395.TW,2014-02-06,2014-02-07
0.0286406423723107,70000,0,0.03604651162790697,0.36046511627906974,1.0,D-1 estimated accounting; fill-day constraints require ledger audit,direct,V4_DIRECT_FROZEN_LINEAR_PORTFOLIO,disabled,2014-02-06,risk_off,0.016626440105410967,-0.029972739990547503,-0.016949216467680772,0.21705426356589147,0.09075043482044111,0.29457364341085274,0.4418604651162791,,,{},2454.TW,2014-02-06,2014-02-07
0.0316369747112429,2008000,0,0.02131782945736434,0.2131782945736434,1.0,D-1 estimated accounting; fill-day constraints require ledger audit,direct,V4_DIRECT_FROZEN_LINEAR_PORTFOLIO,disabled,2014-02-06,risk_off,0.016626440105410967,-0.029972739990547503,-0.016949216467680772,0.21705426356589147,0.09075043482044111,0.29457364341085274,0.4418604651162791,,,{},2618.TW,2014-02-06,2014-02-07
0.009832875979581325,537000,0,0.03294573643410853,0.3294573643410853,1.0,D-1 estimated accounting; fill-day constraints require ledger audit,direct,V4_DIRECT_FROZEN_LINEAR_PORTFOLIO,disabled,2014-02-06,risk_off,0.016626440105410967,-0.029972739990547503,-0.016949216467680772,0.21705426356589147,0.09075043482044111,0.29457364341085274,0.4418604651162791,,,{},2884.TW,2014-02-06,2014-02-07
0.0191976918593045,98000,0,0.02441860465116279,0.2441860465116279,1.0,D-1 estimated accounting; fill-day constraints require ledger audit,direct,V4_DIRECT_FROZEN_LINEAR_PORTFOLIO,disabled,2014-02-06,risk_off,0.016626440105410967,-0.029972739990547503,-0.016949216467680772,0.21705426356589147,0.09075043482044111,0.29457364341085274,0.4418604651162791,,,{},2912.TW,2014-02-06,2014-02-07
0.029720919101184587,349000,0,0.04844961240310078,0.4844961240310077,1.0,D-1 estimated accounting; fill-day constraints require ledger audit,direct,V4_DIRECT_FROZEN_LINEAR_PORTFOLIO,disabled,2014-02-06,risk_off,0.016626440105410967,-0.029972739990547503,-0.016949216467680772,0.21705426356589147,0.09075043482044111,0.29457364341085274,0.4418604651162791,,,{},3045.TW,2014-02-06,2014-02-07
0.07637130782696172,360000,0,0.004263565891472871,0.0426356589147287,1.0,D-1 estimated accounting; fill-day constraints require ledger audit,direct,V4_DIRECT_FROZEN_LINEAR_PORTFOLIO,disabled,2014-02-06,risk_off,0.016626440105410967,-0.029972739990547503,-0.016949216467680772,0.21705426356589147,0.09075043482044111,0.29457364341085274,0.4418604651162791,,,{},3131.TWO,2014-02-06,2014-02-07
0.0554942821269521,618000,0,0.044573643410852716,0.44573643410852715,1.0,D-1 estimated accounting; fill-day constraints require ledger audit,direct,V4_DIRECT_FROZEN_LINEAR_PORTFOLIO,disabled,2014-02-06,risk_off,0.016626440105410967,-0.029972739990547503,-0.016949216467680772,0.21705426356589147,0.09075043482044111,0.29457364341085274,0.4418604651162791,,,{},3163.TWO,2014-02-06,2014-02-07
0.05210570645194069,2107000,0,-0.00736434108527132,-0.0736434108527132,1.0,D-1 estimated accounting; fill-day constraints require ledger audit,direct,V4_DIRECT_FROZEN_LINEAR_PORTFOLIO,disabled,2014-02-06,risk_off,0.016626440105410967,-0.029972739990547503,-0.016949216467680772,0.21705426356589147,0.09075043482044111,0.29457364341085274,0.4418604651162791,,,{},3231.TW,2014-02-06,2014-02-07
0.03920334816574433,641000,0,-0.006589147286821706,-0.06589147286821706,1.0,D-1 estimated accounting; fill-day constraints require ledger audit,direct,V4_DIRECT_FROZEN_LINEAR_PORTFOLIO,disabled,2014-02-06,risk_off,0.016626440105410967,-0.029972739990547503,-0.016949216467680772,0.21705426356589147,0.09075043482044111,0.29457364341085274,0.4418604651162791,,,{},4123.TWO,2014-02-06,2014-02-07
0.03136062485036818,540000,0,0.04689922480620155,0.4689922480620155,1.0,D-1 estimated accounting; fill-day constraints require ledger audit,direct,V4_DIRECT_FROZEN_LINEAR_PORTFOLIO,disabled,2014-02-06,risk_off,0.016626440105410967,-0.029972739990547503,-0.016949216467680772,0.21705426356589147,0.09075043482044111,0.29457364341085274,0.4418604651162791,,,{},4904.TW,2014-02-06,2014-02-07
0.012645697854442408,364000,0,-0.0003875968992248069,-0.003875968992248069,1.0,D-1 estimated accounting; fill-day constraints require ledger audit,direct,V4_DIRECT_FROZEN_LINEAR_PORTFOLIO,disabled,2014-02-06,risk_off,0.016626440105410967,-0.029972739990547503,-0.016949216467680772,0.21705426356589147,0.09075043482044111,0.29457364341085274,0.4418604651162791,,,{},5347.TWO,2014-02-06,2014-02-07
0.05242592137009709,714000,0,0.02906976744186046,0.2906976744186046,1.0,D-1 estimated accounting; fill-day constraints require ledger audit,direct,V4_DIRECT_FROZEN_LINEAR_PORTFOLIO,disabled,2014-02-06,risk_off,0.016626440105410967,-0.029972739990547503,-0.016949216467680772,0.21705426356589147,0.09075043482044111,0.29457364341085274,0.4418604651162791,,,{},5871.TW,2014-02-06,2014-02-07
0.07089789576466947,386000,0,-0.005038759689922479,-0.050387596899224785,1.0,D-1 estimated accounting; fill-day constraints require ledger audit,direct,V4_DIRECT_FROZEN_LINEAR_PORTFOLIO,disabled,2014-02-06,risk_off,0.016626440105410967,-0.029972739990547503,-0.016949216467680772,0.21705426356589147,0.09075043482044111,0.29457364341085274,0.4418604651162791,,,{},5903.TWO,2014-02-06,2014-02-07
0.04568789964503581,613000,0,0.03992248062015504,0.3992248062015504,1.0,D-1 estimated accounting; fill-day constraints require ledger audit,direct,V4_DIRECT_FROZEN_LINEAR_PORTFOLIO,disabled,2014-02-06,risk_off,0.016626440105410967,-0.029972739990547503,-0.016949216467680772,0.21705426356589147,0.09075043482044111,0.29457364341085274,0.4418604651162791,,,{},6505.TW,2014-02-06,2014-02-07
0.061825629909021636,4941000,0,0.02596899224806202,0.2596899224806202,1.0,D-1 estimated accounting; fill-day constraints require ledger audit,direct,V4_DIRECT_FROZEN_LINEAR_PORTFOLIO,disabled,2014-02-06,risk_off,0.016626440105410967,-0.029972739990547503,-0.016949216467680772,0.21705426356589147,0.09075043482044111,0.29457364341085274,0.4418604651162791,,,{},8932.TWO,2014-02-06,2014-02-07
0.003906870620380599,90000,0,0.015891472868217054,0.15891472868217055,1.0,D-1 estimated accounting; fill-day constraints require ledger audit,direct,V4_DIRECT_FROZEN_LINEAR_PORTFOLIO,disabled,2014-02-07,neutral,0.01661331485942876,-0.018348595256370226,-0.018640197206878817,0.2713178294573643,0.08325102826143627,0.40310077519379844,0.5038759689922481,,,{},1101.TW,2014-02-07,2014-02-10
0.06593133786078602,1381000,0,0.04844961240310078,0.4844961240310077,1.0,D-1 estimated accounting; fill-day constraints require ledger audit,direct,V4_DIRECT_FROZEN_LINEAR_PORTFOLIO,disabled,2014-02-07,neutral,0.01661331485942876,-0.018348595256370226,-0.018640197206878817,0.2713178294573643,0.08325102826143627,0.40310077519379844,0.5038759689922481,,,{},1216.TW,2014-02-07,2014-02-10
0.039767592266808593,634000,0,0.03837209302325582,0.38372093023255816,1.0,D-1 estimated accounting; fill-day constraints require ledger audit,direct,V4_DIRECT_FROZEN_LINEAR_PORTFOLIO,disabled,2014-02-07,neutral,0.01661331485942876,-0.018348595256370226,-0.018640197206878817,0.2713178294573643,0.08325102826143627,0.40310077519379844,0.5038759689922481,,,{},1303.TW,2014-02-07,2014-02-10
0.05090674795383652,676000,0,0.043798449612403104,0.437984496124031,1.0,D-1 estimated accounting; fill-day constraints require ledger audit,direct,V4_DIRECT_FROZEN_LINEAR_PORTFOLIO,disabled,2014-02-07,neutral,0.01661331485942876,-0.018348595256370226,-0.018640197206878817,0.2713178294573643,0.08325102826143627,0.40310077519379844,0.5038759689922481,,,{},1326.TW,2014-02-07,2014-02-10
0.03881478634709846,1260000,0,0.04224806201550388,0.42248062015503873,1.0,D-1 estimated accounting; fill-day constraints require ledger audit,direct,V4_DIRECT_FROZEN_LINEAR_PORTFOLIO,disabled,2014-02-07,neutral,0.01661331485942876,-0.018348595256370226,-0.018640197206878817,0.2713178294573643,0.08325102826143627,0.40310077519379844,0.5038759689922481,,,{},1402.TW,2014-02-07,2014-02-10
0.06483496251536876,2242000,0,0.04922480620155039,0.49224806201550386,1.0,D-1 estimated accounting; fill-day constraints require ledger audit,direct,V4_DIRECT_FROZEN_LINEAR_PORTFOLIO,disabled,2014-02-07,neutral,0.01661331485942876,-0.018348595256370226,-0.018640197206878817,0.2713178294573643,0.08325102826143627,0.40310077519379844,0.5038759689922481,,,{},1802.TW,2014-02-07,2014-02-10
0.06240962935488868,333000,0,0.03527131782945736,0.3527131782945736,1.0,D-1 estimated accounting; fill-day constraints require ledger audit,direct,V4_DIRECT_FROZEN_LINEAR_PORTFOLIO,disabled,2014-02-07,neutral,0.01661331485942876,-0.018348595256370226,-0.018640197206878817,0.2713178294573643,0.08325102826143627,0.40310077519379844,0.5038759689922481,,,{},2395.TW,2014-02-07,2014-02-10
0.028584920191781847,70000,0,0.03682170542635659,0.3682170542635659,1.0,D-1 estimated accounting; fill-day constraints require ledger audit,direct,V4_DIRECT_FROZEN_LINEAR_PORTFOLIO,disabled,2014-02-07,neutral,0.01661331485942876,-0.018348595256370226,-0.018640197206878817,0.2713178294573643,0.08325102826143627,0.40310077519379844,0.5038759689922481,,,{},2454.TW,2014-02-07,2014-02-10
0.03162007686462758,2008000,0,0.01821705426356589,0.1821705426356589,1.0,D-1 estimated accounting; fill-day constraints require ledger audit,direct,V4_DIRECT_FROZEN_LINEAR_PORTFOLIO,disabled,2014-02-07,neutral,0.01661331485942876,-0.018348595256370226,-0.018640197206878817,0.2713178294573643,0.08325102826143627,0.40310077519379844,0.5038759689922481,,,{},2618.TW,2014-02-07,2014-02-10
0.009819034817650884,537000,0,0.03914728682170543,0.3914728682170543,1.0,D-1 estimated accounting; fill-day constraints require ledger audit,direct,V4_DIRECT_FROZEN_LINEAR_PORTFOLIO,disabled,2014-02-07,neutral,0.01661331485942876,-0.018348595256370226,-0.018640197206878817,0.2713178294573643,0.08325102826143627,0.40310077519379844,0.5038759689922481,,,{},2884.TW,2014-02-07,2014-02-10
0.01935934692263586,98000,0,0.015116279069767442,0.1511627906976744,1.0,D-1 estimated accounting; fill-day constraints require ledger audit,direct,V4_DIRECT_FROZEN_LINEAR_PORTFOLIO,disabled,2014-02-07,neutral,0.01661331485942876,-0.018348595256370226,-0.018640197206878817,0.2713178294573643,0.08325102826143627,0.40310077519379844,0.5038759689922481,,,{},2912.TW,2014-02-07,2014-02-10
0.03010650857078481,349000,0,0.04689922480620155,0.4689922480620155,1.0,D-1 estimated accounting; fill-day constraints require ledger audit,direct,V4_DIRECT_FROZEN_LINEAR_PORTFOLIO,disabled,2014-02-07,neutral,0.01661331485942876,-0.018348595256370226,-0.018640197206878817,0.2713178294573643,0.08325102826143627,0.40310077519379844,0.5038759689922481,,,{},3045.TW,2014-02-07,2014-02-10
0.07638586541398502,360000,0,0.0003875968992248069,0.003875968992248069,1.0,D-1 estimated accounting; fill-day constraints require ledger audit,direct,V4_DIRECT_FROZEN_LINEAR_PORTFOLIO,disabled,2014-02-07,neutral,0.01661331485942876,-0.018348595256370226,-0.018640197206878817,0.2713178294573643,0.08325102826143627,0.40310077519379844,0.5038759689922481,,,{},3131.TWO,2014-02-07,2014-02-10
0.05566696553660118,618000,0,0.040697674418604654,0.4069767441860465,1.0,D-1 estimated accounting; fill-day constraints require ledger audit,direct,V4_DIRECT_FROZEN_LINEAR_PORTFOLIO,disabled,2014-02-07,neutral,0.01661331485942876,-0.018348595256370226,-0.018640197206878817,0.2713178294573643,0.08325102826143627,0.40310077519379844,0.5038759689922481,,,{},3163.TWO,2014-02-07,2014-02-10
0.0,0,-2107000,-0.014341085271317833,-0.14341085271317833,1.0,D-1 estimated accounting; fill-day constraints require ledger audit,direct,V4_DIRECT_FROZEN_LINEAR_PORTFOLIO,disabled,2014-02-07,neutral,0.01661331485942876,-0.018348595256370226,-0.018640197206878817,0.2713178294573643,0.08325102826143627,0.40310077519379844,0.5038759689922481,,,{},3231.TW,2014-02-07,2014-02-10
0.03868191036827159,641000,0,0.00736434108527132,0.0736434108527132,1.0,D-1 estimated accounting; fill-day constraints require ledger audit,direct,V4_DIRECT_FROZEN_LINEAR_PORTFOLIO,disabled,2014-02-07,neutral,0.01661331485942876,-0.018348595256370226,-0.018640197206878817,0.2713178294573643,0.08325102826143627,0.40310077519379844,0.5038759689922481,,,{},4123.TWO,2014-02-07,2014-02-10
0.03162839398997889,540000,0,0.044573643410852716,0.44573643410852715,1.0,D-1 estimated accounting; fill-day constraints require ledger audit,direct,V4_DIRECT_FROZEN_LINEAR_PORTFOLIO,disabled,2014-02-07,neutral,0.01661331485942876,-0.018348595256370226,-0.018640197206878817,0.2713178294573643,0.08325102826143627,0.40310077519379844,0.5038759689922481,,,{},4904.TW,2014-02-07,2014-02-10
0.05183425595060309,238000,238000,0.047674418604651166,0.47674418604651164,1.0,D-1 estimated accounting; fill-day constraints require ledger audit,direct,V4_DIRECT_FROZEN_LINEAR_PORTFOLIO,disabled,2014-02-07,neutral,0.01661331485942876,-0.018348595256370226,-0.018640197206878817,0.2713178294573643,0.08325102826143627,0.40310077519379844,0.5038759689922481,,,{},4966.TWO,2014-02-07,2014-02-10
0.01279404085179518,364000,0,-0.005813953488372093,-0.05813953488372092,1.0,D-1 estimated accounting; fill-day constraints require ledger audit,direct,V4_DIRECT_FROZEN_LINEAR_PORTFOLIO,disabled,2014-02-07,neutral,0.01661331485942876,-0.018348595256370226,-0.018640197206878817,0.2713178294573643,0.08325102826143627,0.40310077519379844,0.5038759689922481,,,{},5347.TWO,2014-02-07,2014-02-10
0.052139118200087396,714000,0,0.03217054263565892,0.32170542635658916,1.0,D-1 estimated accounting; fill-day constraints require ledger audit,direct,V4_DIRECT_FROZEN_LINEAR_PORTFOLIO,disabled,2014-02-07,neutral,0.01661331485942876,-0.018348595256370226,-0.018640197206878817,0.2713178294573643,0.08325102826143627,0.40310077519379844,0.5038759689922481,,,{},5871.TW,2014-02-07,2014-02-10
0.0700316806589816,386000,0,0.0034883720930232566,0.034883720930232565,1.0,D-1 estimated accounting; fill-day constraints require ledger audit,direct,V4_DIRECT_FROZEN_LINEAR_PORTFOLIO,disabled,2014-02-07,neutral,0.01661331485942876,-0.018348595256370226,-0.018640197206878817,0.2713178294573643,0.08325102826143627,0.40310077519379844,0.5038759689922481,,,{},5903.TWO,2014-02-07,2014-02-10
0.04586226290817175,613000,0,0.03604651162790697,0.36046511627906974,1.0,D-1 estimated accounting; fill-day constraints require ledger audit,direct,V4_DIRECT_FROZEN_LINEAR_PORTFOLIO,disabled,2014-02-07,neutral,0.01661331485942876,-0.018348595256370226,-0.018640197206878817,0.2713178294573643,0.08325102826143627,0.40310077519379844,0.5038759689922481,,,{},6505.TW,2014-02-07,2014-02-10
0.06238252443744915,4941000,0,0.004263565891472871,0.0426356589147287,1.0,D-1 estimated accounting; fill-day constraints require ledger audit,direct,V4_DIRECT_FROZEN_LINEAR_PORTFOLIO,disabled,2014-02-07,neutral,0.01661331485942876,-0.018348595256370226,-0.018640197206878817,0.2713178294573643,0.08325102826143627,0.40310077519379844,0.5038759689922481,,,{},8932.TWO,2014-02-07,2014-02-10
0.003971912000944118,90000,0,-0.006589147286821706,-0.06589147286821706,1.0,D-1 estimated accounting; fill-day constraints require ledger audit,direct,V4_DIRECT_FROZEN_LINEAR_PORTFOLIO,disabled,2014-02-10,risk_off,0.0165755261825405,-0.02024295200799453,-0.013398143546773711,0.27906976744186046,0.0840336246498102,0.3798449612403101,0.4573643410852713,,,{},1101.TW,2014-02-10,2014-02-11
0.0659698110303848,1381000,0,0.04612403100775194,0.46124031007751937,1.0,D-1 estimated accounting; fill-day constraints require ledger audit,direct,V4_DIRECT_FROZEN_LINEAR_PORTFOLIO,disabled,2014-02-10,risk_off,0.0165755261825405,-0.02024295200799453,-0.013398143546773711,0.27906976744186046,0.0840336246498102,0.3798449612403101,0.4573643410852713,,,{},1216.TW,2014-02-10,2014-02-11
0.03997937998540816,634000,0,0.03062015503875969,0.3062015503875969,1.0,D-1 estimated accounting; fill-day constraints require ledger audit,direct,V4_DIRECT_FROZEN_LINEAR_PORTFOLIO,disabled,2014-02-10,risk_off,0.0165755261825405,-0.02024295200799453,-0.013398143546773711,0.27906976744186046,0.0840336246498102,0.3798449612403101,0.4573643410852713,,,{},1303.TW,2014-02-10,2014-02-11
0.05080241046676056,676000,0,0.04224806201550388,0.42248062015503873,1.0,D-1 estimated accounting; fill-day constraints require ledger audit,direct,V4_DIRECT_FROZEN_LINEAR_PORTFOLIO,disabled,2014-02-10,risk_off,0.0165755261825405,-0.02024295200799453,-0.013398143546773711,0.27906976744186046,0.0840336246498102,0.3798449612403101,0.4573643410852713,,,{},1326.TW,2014-02-10,2014-02-11
0.039087194521544195,1260000,0,0.03914728682170543,0.3914728682170543,1.0,D-1 estimated accounting; fill-day constraints require ledger audit,direct,V4_DIRECT_FROZEN_LINEAR_PORTFOLIO,disabled,2014-02-10,risk_off,0.0165755261825405,-0.02024295200799453,-0.013398143546773711,0.27906976744186046,0.0840336246498102,0.3798449612403101,0.4573643410852713,,,{},1402.TW,2014-02-10,2014-02-11
0.06442846169422405,2242000,0,0.047674418604651166,0.47674418604651164,1.0,D-1 estimated accounting; fill-day constraints require ledger audit,direct,V4_DIRECT_FROZEN_LINEAR_PORTFOLIO,disabled,2014-02-10,risk_off,0.0165755261825405,-0.02024295200799453,-0.013398143546773711,0.27906976744186046,0.0840336246498102,0.3798449612403101,0.4573643410852713,,,{},1802.TW,2014-02-10,2014-02-11
0.0619504439367539,333000,0,0.03604651162790697,0.36046511627906974,1.0,D-1 estimated accounting; fill-day constraints require ledger audit,direct,V4_DIRECT_FROZEN_LINEAR_PORTFOLIO,disabled,2014-02-10,risk_off,0.0165755261825405,-0.02024295200799453,-0.013398143546773711,0.27906976744186046,0.0840336246498102,0.3798449612403101,0.4573643410852713,,,{},2395.TW,2014-02-10,2014-02-11
0.02863652305034477,70000,0,0.034496124031007755,0.3449612403100775,1.0,D-1 estimated accounting; fill-day constraints require ledger audit,direct,V4_DIRECT_FROZEN_LINEAR_PORTFOLIO,disabled,2014-02-10,risk_off,0.0165755261825405,-0.02024295200799453,-0.013398143546773711,0.27906976744186046,0.0840336246498102,0.3798449612403101,0.4573643410852713,,,{},2454.TW,2014-02-10,2014-02-11
0.03153903602365981,2008000,0,0.02906976744186046,0.2906976744186046,1.0,D-1 estimated accounting; fill-day constraints require ledger audit,direct,V4_DIRECT_FROZEN_LINEAR_PORTFOLIO,disabled,2014-02-10,risk_off,0.0165755261825405,-0.02024295200799453,-0.013398143546773711,0.27906976744186046,0.0840336246498102,0.3798449612403101,0.4573643410852713,,,{},2618.TW,2014-02-10,2014-02-11
0.009824764557166158,537000,0,0.037596899224806204,0.375968992248062,1.0,D-1 estimated accounting; fill-day constraints require ledger audit,direct,V4_DIRECT_FROZEN_LINEAR_PORTFOLIO,disabled,2014-02-10,risk_off,0.0165755261825405,-0.02024295200799453,-0.013398143546773711,0.27906976744186046,0.0840336246498102,0.3798449612403101,0.4573643410852713,,,{},2884.TW,2014-02-10,2014-02-11
0.019273058650428804,98000,0,0.00736434108527132,0.0736434108527132,1.0,D-1 estimated accounting; fill-day constraints require ledger audit,direct,V4_DIRECT_FROZEN_LINEAR_PORTFOLIO,disabled,2014-02-10,risk_off,0.0165755261825405,-0.02024295200799453,-0.013398143546773711,0.27906976744186046,0.0840336246498102,0.3798449612403101,0.4573643410852713,,,{},2912.TW,2014-02-10,2014-02-11
0.030574206620938668,349000,0,0.043798449612403104,0.437984496124031,1.0,D-1 estimated accounting; fill-day constraints require ledger audit,direct,V4_DIRECT_FROZEN_LINEAR_PORTFOLIO,disabled,2014-02-10,risk_off,0.0165755261825405,-0.02024295200799453,-0.013398143546773711,0.27906976744186046,0.0840336246498102,0.3798449612403101,0.4573643410852713,,,{},3045.TW,2014-02-10,2014-02-11
0.0750018328153036,360000,0,0.018992248062015507,0.18992248062015504,1.0,D-1 estimated accounting; fill-day constraints require ledger audit,direct,V4_DIRECT_FROZEN_LINEAR_PORTFOLIO,disabled,2014-02-10,risk_off,0.0165755261825405,-0.02024295200799453,-0.013398143546773711,0.27906976744186046,0.0840336246498102,0.3798449612403101,0.4573643410852713,,,{},3131.TWO,2014-02-10,2014-02-11
0.05422883657974344,618000,0,0.044573643410852716,0.44573643410852715,1.0,D-1 estimated accounting; fill-day constraints require ledger audit,direct,V4_DIRECT_FROZEN_LINEAR_PORTFOLIO,disabled,2014-02-10,risk_off,0.0165755261825405,-0.02024295200799453,-0.013398143546773711,0.27906976744186046,0.0840336246498102,0.3798449612403101,0.4573643410852713,,,{},3163.TWO,2014-02-10,2014-02-11
0.03870448257363386,641000,0,0.01821705426356589,0.1821705426356589,1.0,D-1 estimated accounting; fill-day constraints require ledger audit,direct,V4_DIRECT_FROZEN_LINEAR_PORTFOLIO,disabled,2014-02-10,risk_off,0.0165755261825405,-0.02024295200799453,-0.013398143546773711,0.27906976744186046,0.0840336246498102,0.3798449612403101,0.4573643410852713,,,{},4123.TWO,2014-02-10,2014-02-11
0.03170039819947109,540000,0,0.04302325581395349,0.43023255813953487,1.0,D-1 estimated accounting; fill-day constraints require ledger audit,direct,V4_DIRECT_FROZEN_LINEAR_PORTFOLIO,disabled,2014-02-10,risk_off,0.0165755261825405,-0.02024295200799453,-0.013398143546773711,0.27906976744186046,0.0840336246498102,0.3798449612403101,0.4573643410852713,,,{},4904.TW,2014-02-10,2014-02-11
0.050092367357603605,238000,0,0.04922480620155039,0.49224806201550386,1.0,D-1 estimated accounting; fill-day constraints require ledger audit,direct,V4_DIRECT_FROZEN_LINEAR_PORTFOLIO,disabled,2014-02-10,risk_off,0.0165755261825405,-0.02024295200799453,-0.013398143546773711,0.27906976744186046,0.0840336246498102,0.3798449612403101,0.4573643410852713,,,{},4966.TWO,2014-02-10,2014-02-11
0.012729283721769107,364000,0,0.0011627906976744208,0.011627906976744207,1.0,D-1 estimated accounting; fill-day constraints require ledger audit,direct,V4_DIRECT_FROZEN_LINEAR_PORTFOLIO,disabled,2014-02-10,risk_off,0.0165755261825405,-0.02024295200799453,-0.013398143546773711,0.27906976744186046,0.0840336246498102,0.3798449612403101,0.4573643410852713,,,{},5347.TWO,2014-02-10,2014-02-11
0.05252347491384789,714000,0,0.02441860465116279,0.2441860465116279,1.0,D-1 estimated accounting; fill-day constraints require ledger audit,direct,V4_DIRECT_FROZEN_LINEAR_PORTFOLIO,disabled,2014-02-10,risk_off,0.0165755261825405,-0.02024295200799453,-0.013398143546773711,0.27906976744186046,0.0840336246498102,0.3798449612403101,0.4573643410852713,,,{},5871.TW,2014-02-10,2014-02-11
0.06968963642727563,386000,0,0.0003875968992248069,0.003875968992248069,1.0,D-1 estimated accounting; fill-day constraints require ledger audit,direct,V4_DIRECT_FROZEN_LINEAR_PORTFOLIO,disabled,2014-02-10,risk_off,0.0165755261825405,-0.02024295200799453,-0.013398143546773711,0.27906976744186046,0.0840336246498102,0.3798449612403101,0.4573643410852713,,,{},5903.TWO,2014-02-10,2014-02-11
0.052323747425629605,1263000,1263000,0.04844961240310078,0.4844961240310077,1.0,D-1 estimated accounting; fill-day constraints require ledger audit,direct,V4_DIRECT_FROZEN_LINEAR_PORTFOLIO,disabled,2014-02-10,risk_off,0.0165755261825405,-0.02024295200799453,-0.013398143546773711,0.27906976744186046,0.0840336246498102,0.3798449612403101,0.4573643410852713,,,{},6239.TW,2014-02-10,2014-02-11
0.046192925920960914,613000,0,0.028294573643410856,0.28294573643410853,1.0,D-1 estimated accounting; fill-day constraints require ledger audit,direct,V4_DIRECT_FROZEN_LINEAR_PORTFOLIO,disabled,2014-02-10,risk_off,0.0165755261825405,-0.02024295200799453,-0.013398143546773711,0.27906976744186046,0.0840336246498102,0.3798449612403101,0.4573643410852713,,,{},6505.TW,2014-02-10,2014-02-11
0.0,0,-4941000,-0.02209302325581395,-0.22093023255813948,1.0,D-1 estimated accounting; fill-day constraints require ledger audit,direct,V4_DIRECT_FROZEN_LINEAR_PORTFOLIO,disabled,2014-02-10,risk_off,0.0165755261825405,-0.02024295200799453,-0.013398143546773711,0.27906976744186046,0.0840336246498102,0.3798449612403101,0.4573643410852713,,,{},8932.TWO,2014-02-10,2014-02-11
0.0039733591826910395,90000,0,-0.01744186046511628,-0.17441860465116277,1.0,D-1 estimated accounting; fill-day constraints require ledger audit,direct,V4_DIRECT_FROZEN_LINEAR_PORTFOLIO,disabled,2014-02-11,neutral,0.016591849607629095,-0.002383844743733987,-0.009230707529498061,0.46511627906976744,0.0891060364202936,0.4418604651162791,0.5271317829457365,,,{},1101.TW,2014-02-11,2014-02-12
0.06601991215881431,1381000,0,0.04612403100775194,0.46124031007751937,1.0,D-1 estimated accounting; fill-day constraints require ledger audit,direct,V4_DIRECT_FROZEN_LINEAR_PORTFOLIO,disabled,2014-02-11,neutral,0.016591849607629095,-0.002383844743733987,-0.009230707529498061,0.46511627906976744,0.0891060364202936,0.4418604651162791,0.5271317829457365,,,{},1216.TW,2014-02-11,2014-02-12
0.039618053612816444,634000,0,0.031395348837209305,0.313953488372093,1.0,D-1 estimated accounting; fill-day constraints require ledger audit,direct,V4_DIRECT_FROZEN_LINEAR_PORTFOLIO,disabled,2014-02-11,neutral,0.016591849607629095,-0.002383844743733987,-0.009230707529498061,0.46511627906976744,0.0891060364202936,0.4418604651162791,0.5271317829457365,,,{},1303.TW,2014-02-11,2014-02-12
0.05135383541811034,676000,0,0.037596899224806204,0.375968992248062,1.0,D-1 estimated accounting; fill-day constraints require ledger audit,direct,V4_DIRECT_FROZEN_LINEAR_PORTFOLIO,disabled,2014-02-11,neutral,0.016591849607629095,-0.002383844743733987,-0.009230707529498061,0.46511627906976744,0.0891060364202936,0.4418604651162791,0.5271317829457365,,,{},1326.TW,2014-02-11,2014-02-12
0.038670984413628436,1260000,0,0.03294573643410853,0.3294573643410853,1.0,D-1 estimated accounting; fill-day constraints require ledger audit,direct,V4_DIRECT_FROZEN_LINEAR_PORTFOLIO,disabled,2014-02-11,neutral,0.016591849607629095,-0.002383844743733987,-0.009230707529498061,0.46511627906976744,0.0891060364202936,0.4418604651162791,0.5271317829457365,,,{},1402.TW,2014-02-11,2014-02-12
0.06493899070946853,2242000,0,0.04689922480620155,0.4689922480620155,1.0,D-1 estimated accounting; fill-day constraints require ledger audit,direct,V4_DIRECT_FROZEN_LINEAR_PORTFOLIO,disabled,2014-02-11,neutral,0.016591849607629095,-0.002383844743733987,-0.009230707529498061,0.46511627906976744,0.0891060364202936,0.4418604651162791,0.5271317829457365,,,{},1802.TW,2014-02-11,2014-02-12
0.06132325917329638,333000,0,0.04302325581395349,0.43023255813953487,1.0,D-1 estimated accounting; fill-day constraints require ledger audit,direct,V4_DIRECT_FROZEN_LINEAR_PORTFOLIO,disabled,2014-02-11,neutral,0.016591849607629095,-0.002383844743733987,-0.009230707529498061,0.46511627906976744,0.0891060364202936,0.4418604651162791,0.5271317829457365,,,{},2395.TW,2014-02-11,2014-02-12
0.029046307023219756,70000,0,0.015891472868217054,0.15891472868217055,1.0,D-1 estimated accounting; fill-day constraints require ledger audit,direct,V4_DIRECT_FROZEN_LINEAR_PORTFOLIO,disabled,2014-02-11,neutral,0.016591849607629095,-0.002383844743733987,-0.009230707529498061,0.46511627906976744,0.0891060364202936,0.4418604651162791,0.5271317829457365,,,{},2454.TW,2014-02-11,2014-02-12
0.03130321083125204,2008000,0,0.03217054263565892,0.32170542635658916,1.0,D-1 estimated accounting; fill-day constraints require ledger audit,direct,V4_DIRECT_FROZEN_LINEAR_PORTFOLIO,disabled,2014-02-11,neutral,0.016591849607629095,-0.002383844743733987,-0.009230707529498061,0.46511627906976744,0.0891060364202936,0.4418604651162791,0.5271317829457365,,,{},2618.TW,2014-02-11,2014-02-12
0.009751302356535907,537000,0,0.03837209302325582,0.38372093023255816,1.0,D-1 estimated accounting; fill-day constraints require ledger audit,direct,V4_DIRECT_FROZEN_LINEAR_PORTFOLIO,disabled,2014-02-11,neutral,0.016591849607629095,-0.002383844743733987,-0.009230707529498061,0.46511627906976744,0.0891060364202936,0.4418604651162791,0.5271317829457365,,,{},2884.TW,2014-02-11,2014-02-12
0.0188383828950253,98000,0,0.02906976744186046,0.2906976744186046,1.0,D-1 estimated accounting; fill-day constraints require ledger audit,direct,V4_DIRECT_FROZEN_LINEAR_PORTFOLIO,disabled,2014-02-11,neutral,0.016591849607629095,-0.002383844743733987,-0.009230707529498061,0.46511627906976744,0.0891060364202936,0.4418604651162791,0.5271317829457365,,,{},2912.TW,2014-02-11,2014-02-12
0.029830098601554132,349000,0,0.047674418604651166,0.47674418604651164,1.0,D-1 estimated accounting; fill-day constraints require ledger audit,direct,V4_DIRECT_FROZEN_LINEAR_PORTFOLIO,disabled,2014-02-11,neutral,0.016591849607629095,-0.002383844743733987,-0.009230707529498061,0.46511627906976744,0.0891060364202936,0.4418604651162791,0.5271317829457365,,,{},3045.TW,2014-02-11,2014-02-12
0.0,0,-360000,-0.018992248062015507,-0.18992248062015504,1.0,D-1 estimated accounting; fill-day constraints require ledger audit,direct,V4_DIRECT_FROZEN_LINEAR_PORTFOLIO,disabled,2014-02-11,neutral,0.016591849607629095,-0.002383844743733987,-0.009230707529498061,0.46511627906976744,0.0891060364202936,0.4418604651162791,0.5271317829457365,,,{},3131.TWO,2014-02-11,2014-02-12
0.05351926737621845,618000,0,0.04224806201550388,0.42248062015503873,1.0,D-1 estimated accounting; fill-day constraints require ledger audit,direct,V4_DIRECT_FROZEN_LINEAR_PORTFOLIO,disabled,2014-02-11,neutral,0.016591849607629095,-0.002383844743733987,-0.009230707529498061,0.46511627906976744,0.0891060364202936,0.4418604651162791,0.5271317829457365,,,{},3163.TWO,2014-02-11,2014-02-12
0.058373396489286564,1073000,1073000,0.04534883720930233,0.4534883720930233,1.0,D-1 estimated accounting; fill-day constraints require ledger audit,direct,V4_DIRECT_FROZEN_LINEAR_PORTFOLIO,disabled,2014-02-11,neutral,0.016591849607629095,-0.002383844743733987,-0.009230707529498061,0.46511627906976744,0.0891060364202936,0.4418604651162791,0.5271317829457365,,,{},3293.TWO,2014-02-11,2014-02-12
0.0399289743217229,641000,0,-0.012015503875968992,-0.12015503875968991,1.0,D-1 estimated accounting; fill-day constraints require ledger audit,direct,V4_DIRECT_FROZEN_LINEAR_PORTFOLIO,disabled,2014-02-11,neutral,0.016591849607629095,-0.002383844743733987,-0.009230707529498061,0.46511627906976744,0.0891060364202936,0.4418604651162791,0.5271317829457365,,,{},4123.TWO,2014-02-11,2014-02-12
0.030772447941783413,540000,0,0.04844961240310078,0.4844961240310077,1.0,D-1 estimated accounting; fill-day constraints require ledger audit,direct,V4_DIRECT_FROZEN_LINEAR_PORTFOLIO,disabled,2014-02-11,neutral,0.016591849607629095,-0.002383844743733987,-0.009230707529498061,0.46511627906976744,0.0891060364202936,0.4418604651162791,0.5271317829457365,,,{},4904.TW,2014-02-11,2014-02-12
0.04995233229855195,238000,0,0.03914728682170543,0.3914728682170543,1.0,D-1 estimated accounting; fill-day constraints require ledger audit,direct,V4_DIRECT_FROZEN_LINEAR_PORTFOLIO,disabled,2014-02-11,neutral,0.016591849607629095,-0.002383844743733987,-0.009230707529498061,0.46511627906976744,0.0891060364202936,0.4418604651162791,0.5271317829457365,,,{},4966.TWO,2014-02-11,2014-02-12
0.012902914428432765,364000,0,-0.009689922480620151,-0.0968992248062015,1.0,D-1 estimated accounting; fill-day constraints require ledger audit,direct,V4_DIRECT_FROZEN_LINEAR_PORTFOLIO,disabled,2014-02-11,neutral,0.016591849607629095,-0.002383844743733987,-0.009230707529498061,0.46511627906976744,0.0891060364202936,0.4418604651162791,0.5271317829457365,,,{},5347.TWO,2014-02-11,2014-02-12
0.05241177213763104,714000,0,0.006589147286821706,0.06589147286821706,1.0,D-1 estimated accounting; fill-day constraints require ledger audit,direct,V4_DIRECT_FROZEN_LINEAR_PORTFOLIO,disabled,2014-02-11,neutral,0.016591849607629095,-0.002383844743733987,-0.009230707529498061,0.46511627906976744,0.0891060364202936,0.4418604651162791,0.5271317829457365,,,{},5871.TW,2014-02-11,2014-02-12
0.06878850275969034,386000,0,0.004263565891472871,0.0426356589147287,1.0,D-1 estimated accounting; fill-day constraints require ledger audit,direct,V4_DIRECT_FROZEN_LINEAR_PORTFOLIO,disabled,2014-02-11,neutral,0.016591849607629095,-0.002383844743733987,-0.009230707529498061,0.46511627906976744,0.0891060364202936,0.4418604651162791,0.5271317829457365,,,{},5903.TWO,2014-02-11,2014-02-12
0.05199463001955439,1263000,0,0.04922480620155039,0.49224806201550386,1.0,D-1 estimated accounting; fill-day constraints require ledger audit,direct,V4_DIRECT_FROZEN_LINEAR_PORTFOLIO,disabled,2014-02-11,neutral,0.016591849607629095,-0.002383844743733987,-0.009230707529498061,0.46511627906976744,0.0891060364202936,0.4418604651162791,0.5271317829457365,,,{},6239.TW,2014-02-11,2014-02-12
0.045907855657696256,613000,0,0.03527131782945736,0.3527131782945736,1.0,D-1 estimated accounting; fill-day constraints require ledger audit,direct,V4_DIRECT_FROZEN_LINEAR_PORTFOLIO,disabled,2014-02-11,neutral,0.016591849607629095,-0.002383844743733987,-0.009230707529498061,0.46511627906976744,0.0891060364202936,0.4418604651162791,0.5271317829457365,,,{},6505.TW,2014-02-11,2014-02-12
