date,nav,economic_nav,cash,cash_ratio,holdings,dividend_receivable,odd_residual_names,fees,taxes,costs,traded_notional,turnover,violations,active_cap_breaches,passive_cap_breaches,overdue_passive_caps,active_share_status,submission_status,stale_count,executed_plan,terminal_dividend_credit
2025-01-02,993970172.3389276,993970172.3389276,102240572.37996146,0.10286080530905417,20,0.0,0,1277486.7657174077,0.0,1277486.7657174077,896481940.8543211,0.8964819408543211,,,,,UNKNOWN_MISSING_HISTORICAL_ETF_HOLDINGS,BLOCK_SUBMISSION,0,BUY_CASH_CAP_CORRECTION,0.0
2025-01-03,988853896.2557214,988853896.2557214,100558695.60313678,0.1016921670470234,22,0.0,0,2393.264005766955,0.0,2393.264005766955,1679483.5128189158,0.001689671943441618,,,,,UNKNOWN_MISSING_HISTORICAL_ETF_HOLDINGS,BLOCK_SUBMISSION,0,BUY_CASH_CAP_CORRECTION,0.0
2025-01-06,1002796944.1386116,1002796944.1386116,187329398.45089528,0.18680690995903323,20,0.0,0,124197.82694227542,261469.1093521588,385666.93629443424,87156369.78405294,0.0881387736996022,,,,,UNKNOWN_MISSING_HISTORICAL_ETF_HOLDINGS,BLOCK_SUBMISSION,0,SELL_THEN_WAIT_SETTLEMENT,0.0
2025-01-07,1006045713.2736695,1006045713.2736695,100609410.78895316,0.10000481037941154,20,0.0,0,123400.13722272511,0.0,123400.13722272511,86596587.52471937,0.08635505725349475,,,,,UNKNOWN_MISSING_HISTORICAL_ETF_HOLDINGS,BLOCK_SUBMISSION,0,BUY_CASH_CAP_CORRECTION,0.0
2025-01-08,1008753512.4371597,1009855891.7140397,100313012.05640908,0.09944254054100067,20,1102379.27688,0,421.76717565000143,0.0,421.76717565000143,295976.96536842204,0.00029419832663996347,,,,,UNKNOWN_MISSING_HISTORICAL_ETF_HOLDINGS,BLOCK_SUBMISSION,0,REPLAN_FUNDED_RULE_REPAIR,0.0
2025-01-09,979392830.0273405,980495209.3042206,20150228.793418966,0.020574204931494606,24,1102379.27688,0,114069.41723020787,0.0,114069.41723020787,80048713.8457599,0.07935408685949585,,,,,UNKNOWN_MISSING_HISTORICAL_ETF_HOLDINGS,BLOCK_SUBMISSION,0,BUY_CASH_CAP_CORRECTION,0.0
2025-01-10,979757965.6477065,980860344.9245865,186253116.78665397,0.19010115081179688,20,1102379.27688,0,237748.6531806844,500523.4803803882,738272.1335610726,166841160.12679607,0.17035162501867465,,,,,UNKNOWN_MISSING_HISTORICAL_ETF_HOLDINGS,BLOCK_SUBMISSION,0,SELL_THEN_WAIT_SETTLEMENT,0.0
2025-01-13,959414104.0415559,960516483.3184359,178737598.20479488,0.18629869776966826,30,1102379.27688,0,10694.374495493123,0.0,10694.374495493123,7504824.207363595,0.007659875673888749,,,,,UNKNOWN_MISSING_HISTORICAL_ETF_HOLDINGS,BLOCK_SUBMISSION,0,BUY_WITH_SETTLED_CASH,0.0
2025-01-14,967204236.6271791,968306615.9040592,198719536.50904799,0.20545767789646985,28,1102379.27688,0,28600.82071522557,60212.254137316995,88813.07485254257,20070751.379105665,0.02091980021406515,,,,,UNKNOWN_MISSING_HISTORICAL_ETF_HOLDINGS,BLOCK_SUBMISSION,0,SELL_THEN_WAIT_SETTLEMENT,0.0
2025-01-15,956875818.5126401,957978197.7895201,95125415.35241833,0.099412497956402,28,1102379.27688,0,147411.5611735249,0.0,147411.5611735249,103446709.5954561,0.1069543594599978,,,,,UNKNOWN_MISSING_HISTORICAL_ETF_HOLDINGS,BLOCK_SUBMISSION,0,REPLAN_FUNDED_RULE_REPAIR,0.0
2025-01-16,976587627.1531469,977690006.4300269,191398978.9278737,0.19598751162332598,25,1102379.27688,0,137799.59128646652,290104.40270835056,427903.9939948171,96701467.56945017,0.10105957920408327,,,,,UNKNOWN_MISSING_HISTORICAL_ETF_HOLDINGS,BLOCK_SUBMISSION,0,SELL_THEN_WAIT_SETTLEMENT,0.0
2025-01-17,972008809.4954582,973111188.7723383,183692808.39087108,0.18898265797222633,30,1102379.27688,0,10965.666939839486,0.0,10965.666939839486,7695204.870062796,0.007879687040982802,,,,,UNKNOWN_MISSING_HISTORICAL_ETF_HOLDINGS,BLOCK_SUBMISSION,0,BUY_WITH_SETTLED_CASH,0.0
2025-01-20,979606487.2708266,980708866.5477066,197376142.5758478,0.20148513218377684,28,1102379.27688,0,19585.416682411527,41232.45617349795,60817.872855909474,13744152.05783265,0.014139945979467865,,,,,UNKNOWN_MISSING_HISTORICAL_ETF_HOLDINGS,BLOCK_SUBMISSION,0,SELL_THEN_WAIT_SETTLEMENT,0.0
2025-01-21,983682773.1032572,984785152.3801372,94174578.19042376,0.09573673623797237,28,1102379.27688,0,146852.9637758487,0.0,146852.9637758487,103054711.42164822,0.10520011122910952,,,,,UNKNOWN_MISSING_HISTORICAL_ETF_HOLDINGS,BLOCK_SUBMISSION,0,BUY_CASH_CAP_CORRECTION,0.0
2025-01-22,993570787.6192192,994673166.8960992,200739041.64512655,0.2020379867710631,24,1102379.27688,0,152529.30258689856,321114.32123557583,473643.6238224744,107038107.07852529,0.10881364399708716,,,,,UNKNOWN_MISSING_HISTORICAL_ETF_HOLDINGS,BLOCK_SUBMISSION,0,SELL_THEN_WAIT_SETTLEMENT,0.0
2025-02-03,983333450.4504426,984435829.7273226,96518199.53294884,0.09815408952958538,24,1102379.27688,0,148303.36771086525,0.0,148303.36771086525,104072538.74446681,0.10474597284995064,,,,,UNKNOWN_MISSING_HISTORICAL_ETF_HOLDINGS,BLOCK_SUBMISSION,0,BUY_CASH_CAP_CORRECTION,0.0
2025-02-04,976539509.3523946,977641888.6292746,195396367.73543102,0.2000905911784468,21,1102379.27688,0,141527.64953774158,297952.9463952455,439480.59593298705,99317648.79841515,0.10100098674861514,,,,,UNKNOWN_MISSING_HISTORICAL_ETF_HOLDINGS,BLOCK_SUBMISSION,0,SELL_THEN_WAIT_SETTLEMENT,0.0
2025-02-05,985513788.3315637,986616167.6084437,95795239.19767044,0.09720334746391325,25,1102379.27688,0,141729.64342442903,0.0,141729.64342442903,99459398.89433616,0.10184882223587043,,,,,UNKNOWN_MISSING_HISTORICAL_ETF_HOLDINGS,BLOCK_SUBMISSION,0,BUY_WITH_SETTLED_CASH,0.0
2025-02-06,991966596.6441715,993068975.9210515,201227851.0794471,0.20285748709704746,22,1102379.27688,0,150909.24534217082,317703.67440457013,468612.91974674095,105901224.80152339,0.10745788243187344,,,,,UNKNOWN_MISSING_HISTORICAL_ETF_HOLDINGS,BLOCK_SUBMISSION,0,SELL_THEN_WAIT_SETTLEMENT,0.0
2025-02-07,999072334.2230561,1000174713.4999361,94469934.68090178,0.09455765257914761,22,1102379.27688,0,151913.55405340102,0.0,151913.55405340102,106606002.84449191,0.10746934746103409,,,,,UNKNOWN_MISSING_HISTORICAL_ETF_HOLDINGS,BLOCK_SUBMISSION,0,BUY_CASH_CAP_CORRECTION,0.0
2025-02-10,989822622.8810058,990925002.1578858,123130025.8553519,0.1243960513823842,21,1102379.27688,0,41022.15295039693,86362.42726399354,127384.58021439047,28787475.75466451,0.028814205707188893,,,,,UNKNOWN_MISSING_HISTORICAL_ETF_HOLDINGS,BLOCK_SUBMISSION,0,SELL_THEN_WAIT_SETTLEMENT,0.0
2025-02-11,995671397.0168742,996773776.2937542,103559997.6430835,0.10401021657683354,24,1102379.27688,0,27847.607361991628,0.0,27847.607361991628,19542180.604906403,0.019743113718725055,,,,,UNKNOWN_MISSING_HISTORICAL_ETF_HOLDINGS,BLOCK_SUBMISSION,0,BUY_WITH_SETTLED_CASH,0.0
2025-02-12,983766411.4287584,984868790.7056384,181371515.54163623,0.18436441154585065,22,1102379.27688,0,111374.2440352938,234472.0927058817,345846.3367411755,78157364.2352939,0.07849714722092124,,,,,UNKNOWN_MISSING_HISTORICAL_ETF_HOLDINGS,BLOCK_SUBMISSION,0,SELL_THEN_WAIT_SETTLEMENT,0.0
2025-02-13,984525011.8226045,985627391.0994846,99757715.994607,0.10132573047578575,25,1102379.27688,0,116134.17315776685,0.0,116134.17315776685,81497665.37387148,0.08284249637625822,,,,,UNKNOWN_MISSING_HISTORICAL_ETF_HOLDINGS,BLOCK_SUBMISSION,0,BUY_CASH_CAP_CORRECTION,0.0
2025-02-14,981088370.2564714,982190749.5333514,168951870.06579918,0.17220861564349457,23,1102379.27688,0,99039.9212027711,208505.09726899178,307545.0184717629,69501699.08966392,0.07059414261197765,,,,,UNKNOWN_MISSING_HISTORICAL_ETF_HOLDINGS,BLOCK_SUBMISSION,0,SELL_THEN_WAIT_SETTLEMENT,0.0
2025-02-17,989330952.9376123,990433332.2144923,93971157.17546225,0.094984551829127,24,1102379.27688,0,106695.47481711576,0.0,106695.47481711576,74874017.41551982,0.07631730197346709,,,,,UNKNOWN_MISSING_HISTORICAL_ETF_HOLDINGS,BLOCK_SUBMISSION,0,BUY_CASH_CAP_CORRECTION,0.0
2025-02-18,990577458.9057177,991679838.1825978,191144860.5641774,0.19296306295454518,22,1102379.27688,0,139087.99169215688,292816.82461506716,431904.81630722404,97605608.20502238,0.09865819715354386,,,,,UNKNOWN_MISSING_HISTORICAL_ETF_HOLDINGS,BLOCK_SUBMISSION,0,SELL_THEN_WAIT_SETTLEMENT,0.0
2025-02-19,987098510.0572761,988200889.3341562,99402512.17127143,0.10070171432586159,23,1102379.27688,0,130546.81724531642,0.0,130546.81724531642,91611801.57566065,0.09248322859765394,,,,,UNKNOWN_MISSING_HISTORICAL_ETF_HOLDINGS,BLOCK_SUBMISSION,0,BUY_CASH_CAP_CORRECTION,0.0
2025-02-20,979472984.6570338,980575363.9339138,188638287.33967617,0.1925916184464532,21,1102379.27688,0,127726.16790796952,268897.1955957253,396623.3635036948,89632398.53190842,0.09080390418855716,,,,,UNKNOWN_MISSING_HISTORICAL_ETF_HOLDINGS,BLOCK_SUBMISSION,0,SELL_THEN_WAIT_SETTLEMENT,0.0
2025-02-21,982642688.1575145,983745067.4343945,97114389.53553733,0.0988298093558604,28,1102379.27688,0,130235.96811633211,0.0,130235.96811633211,91393661.83602253,0.09330901746925094,,,,,UNKNOWN_MISSING_HISTORICAL_ETF_HOLDINGS,BLOCK_SUBMISSION,0,BUY_WITH_SETTLED_CASH,0.0
2025-02-24,981664982.4162993,982767361.6931794,187221887.71411246,0.19071871877641897,25,1102379.27688,0,128973.89438713263,271523.98818343715,400497.88257056975,90507996.0611457,0.09210672114281031,,,,,UNKNOWN_MISSING_HISTORICAL_ETF_HOLDINGS,BLOCK_SUBMISSION,0,SELL_THEN_WAIT_SETTLEMENT,0.0
2025-02-25,970125799.7585235,971228179.0354035,98948707.3548824,0.10199574877764511,25,1102379.27688,0,125610.2873524256,0.0,125610.2873524256,88147570.07187763,0.08979394360681847,,,,,UNKNOWN_MISSING_HISTORICAL_ETF_HOLDINGS,BLOCK_SUBMISSION,0,BUY_CASH_CAP_CORRECTION,0.0
2025-02-26,973406699.0973687,974509078.3742487,166905000.88120845,0.17146481633625282,23,1102379.27688,0,97268.1297491546,204775.0099982202,302043.1397473748,68258336.6660734,0.07036029418356234,,,,,UNKNOWN_MISSING_HISTORICAL_ETF_HOLDINGS,BLOCK_SUBMISSION,0,SELL_THEN_WAIT_SETTLEMENT,0.0
2025-02-27,959131750.8868651,960234130.1637452,97701253.72381729,0.10186426800434603,23,1102379.27688,0,98475.01280603383,0.0,98475.01280603383,69105272.14458515,0.07099321610244294,,,,,UNKNOWN_MISSING_HISTORICAL_ETF_HOLDINGS,BLOCK_SUBMISSION,0,BUY_CASH_CAP_CORRECTION,0.0
2025-03-03,944887367.673239,945989746.950119,174239969.94154364,0.18440289912077576,21,1102379.27688,0,109552.440157959,230636.71612201893,340189.15627997793,76878905.37400632,0.0801546870937386,,,,,UNKNOWN_MISSING_HISTORICAL_ETF_HOLDINGS,BLOCK_SUBMISSION,0,SELL_THEN_WAIT_SETTLEMENT,0.0
2025-03-04,943917777.7592651,945020157.0361451,94087382.14733425,0.09967751891556184,21,1102379.27688,0,114054.90936090912,0.0,114054.90936090912,80038532.8848485,0.0847069562184341,,,,,UNKNOWN_MISSING_HISTORICAL_ETF_HOLDINGS,BLOCK_SUBMISSION,0,REPLAN_FUNDED_RULE_REPAIR,0.0
2025-03-05,951936200.3612094,953038579.6380894,132596005.68927786,0.1392908533565219,20,1102379.27688,0,55118.68874496613,116039.34472624448,171158.03347121063,38679781.57541483,0.04097791405861162,,,,,UNKNOWN_MISSING_HISTORICAL_ETF_HOLDINGS,BLOCK_SUBMISSION,0,SELL_THEN_WAIT_SETTLEMENT,0.0
2025-03-06,949570589.8468847,950672969.1237648,100767085.05519031,0.10611858258103664,20,1102379.27688,0,45291.671272012136,0.0,45291.671272012136,31783628.962815538,0.03338840244835246,,,,,UNKNOWN_MISSING_HISTORICAL_ETF_HOLDINGS,BLOCK_SUBMISSION,0,REPLAN_FUNDED_RULE_REPAIR,0.0
2025-03-07,939648364.6143728,940750743.8912529,100445020.69758691,0.10689639282116886,20,1102379.27688,0,458.2886482610842,0.0,458.2886482610842,321606.06895514677,0.0003386857937617937,,,,,UNKNOWN_MISSING_HISTORICAL_ETF_HOLDINGS,BLOCK_SUBMISSION,0,REPLAN_FUNDED_RULE_REPAIR,0.0
2025-03-10,936057925.6078072,937160304.8846872,100118976.604137,0.10695809934959645,20,1102379.27688,0,463.95170199077813,0.0,463.95170199077813,325580.1417479145,0.000346491468520281,,,,,UNKNOWN_MISSING_HISTORICAL_ETF_HOLDINGS,BLOCK_SUBMISSION,0,REPLAN_FUNDED_RULE_REPAIR,0.0
2025-03-11,926561970.1760709,927664349.452951,98756625.92255712,0.10658394052563024,20,1102379.27688,0,1938.587234442253,0.0,1938.587234442253,1360412.0943454406,0.0014533417827343206,,,,,UNKNOWN_MISSING_HISTORICAL_ETF_HOLDINGS,BLOCK_SUBMISSION,0,REPLAN_FUNDED_RULE_REPAIR,0.0
2025-03-12,926256117.8288335,927358497.1057135,98596919.78179778,0.10644671369395252,20,1102379.27688,0,227.25740877454868,0.0,227.25740877454868,159478.88335056047,0.00017211896072127298,,,,,UNKNOWN_MISSING_HISTORICAL_ETF_HOLDINGS,BLOCK_SUBMISSION,0,REPLAN_FUNDED_RULE_REPAIR,0.0
2025-03-13,921651923.3396578,922754302.6165378,97980373.34471682,0.10630951974762816,20,1102379.27688,0,877.3284797567183,0.0,877.3284797567183,615669.1086012057,0.0006646856055799652,,,,,UNKNOWN_MISSING_HISTORICAL_ETF_HOLDINGS,BLOCK_SUBMISSION,0,REPLAN_FUNDED_RULE_REPAIR,0.0
2025-03-14,924412869.8769522,925515249.1538322,97370775.78983973,0.10533256184847434,20,1102379.27688,0,867.4404131111767,0.0,867.4404131111767,608730.1144639836,0.0006604772355470334,,,,,UNKNOWN_MISSING_HISTORICAL_ETF_HOLDINGS,BLOCK_SUBMISSION,0,REPLAN_FUNDED_RULE_REPAIR,0.0
2025-03-17,934797746.2571671,935900125.5340471,96747902.14156228,0.10349607979793578,20,1102379.27688,0,886.3319258010864,0.0,886.3319258010864,621987.3163516396,0.0006728457993390246,,,,,UNKNOWN_MISSING_HISTORICAL_ETF_HOLDINGS,BLOCK_SUBMISSION,0,REPLAN_FUNDED_RULE_REPAIR,0.0
2025-03-18,953659657.1107417,954762036.3876218,96540605.69358292,0.10123171822751473,20,1102379.27688,0,294.97709600877516,0.0,294.97709600877516,207001.47088335096,0.00022143984804431045,,,,,UNKNOWN_MISSING_HISTORICAL_ETF_HOLDINGS,BLOCK_SUBMISSION,0,REPLAN_FUNDED_RULE_REPAIR,0.0
2025-03-19,941901130.5882678,943003509.8651478,96237585.07308657,0.1021737653218242,20,1102379.27688,0,431.189938544862,0.0,431.189938544862,302589.4305577979,0.0003172928919679155,,,,,UNKNOWN_MISSING_HISTORICAL_ETF_HOLDINGS,BLOCK_SUBMISSION,0,REPLAN_FUNDED_RULE_REPAIR,0.0
2025-03-20,955332692.121039,956435071.397919,95747297.81010117,0.10022403566816297,20,1102379.27688,0,697.6651768771496,0.0,697.6651768771496,489589.5978085261,0.0005197887356847646,,,,,UNKNOWN_MISSING_HISTORICAL_ETF_HOLDINGS,BLOCK_SUBMISSION,0,REPLAN_FUNDED_RULE_REPAIR,0.0
2025-03-21,945434151.2459636,946536530.5228436,95465661.10605055,0.10097547352212609,20,1102379.27688,0,400.76121853571584,0.0,400.76121853571584,281235.9428320813,0.00029438534361017046,,,,,UNKNOWN_MISSING_HISTORICAL_ETF_HOLDINGS,BLOCK_SUBMISSION,0,REPLAN_FUNDED_RULE_REPAIR,0.0
2025-03-24,937055225.6910768,938157604.9679568,95191626.30250023,0.10158592972180114,20,1102379.27688,0,389.94392496611704,0.0,389.94392496611704,273644.85962534527,0.000289438306480378,,,,,UNKNOWN_MISSING_HISTORICAL_ETF_HOLDINGS,BLOCK_SUBMISSION,0,REPLAN_FUNDED_RULE_REPAIR,0.0
2025-03-25,937337948.6321472,938440327.9090272,94640850.39496838,0.10096769317093938,20,1102379.27688,0,783.7388403853452,0.0,783.7388403853452,549992.1686914703,0.0005869367712941913,,,,,UNKNOWN_MISSING_HISTORICAL_ETF_HOLDINGS,BLOCK_SUBMISSION,0,REPLAN_FUNDED_RULE_REPAIR,0.0
2025-03-26,942446767.5426954,943549146.8195754,94365415.7213026,0.10012811224059676,20,1102379.27688,0,391.93590131435496,0.0,391.93590131435496,275042.7377644596,0.0002934296410017627,,,,,UNKNOWN_MISSING_HISTORICAL_ETF_HOLDINGS,BLOCK_SUBMISSION,0,REPLAN_FUNDED_RULE_REPAIR,0.0
2025-03-27,934235696.723755,936126076.000635,94269346.44174998,0.10090531412184367,20,1890379.27688,0,136.70392027609063,0.0,136.70392027609063,95932.5756323443,0.00010179097529558697,,,,,UNKNOWN_MISSING_HISTORICAL_ETF_HOLDINGS,BLOCK_SUBMISSION,0,REPLAN_FUNDED_RULE_REPAIR,0.0
2025-03-28,914581016.1786562,916471395.4555362,94082668.24593796,0.1028696928775522,20,1890379.27688,0,265.63789503170045,0.0,265.63789503170045,186412.55791698277,0.00019953482677948162,,,,,UNKNOWN_MISSING_HISTORICAL_ETF_HOLDINGS,BLOCK_SUBMISSION,0,REPLAN_FUNDED_RULE_REPAIR,0.0
2025-03-31,875500277.7546318,877390657.0315118,93736827.33817859,0.10706658777834144,20,1890379.27688,0,492.1220196790595,0.0,492.1220196790595,345348.7857396909,0.0003776032736636529,,,,,UNKNOWN_MISSING_HISTORICAL_ETF_HOLDINGS,BLOCK_SUBMISSION,0,REPLAN_FUNDED_RULE_REPAIR,0.0
2025-04-01,895108969.1327581,896999348.4096382,93388715.95968753,0.10433223124796616,20,1890379.27688,0,495.352836557661,0.0,495.352836557661,347616.02565449895,0.0003970484470273601,,,,,UNKNOWN_MISSING_HISTORICAL_ETF_HOLDINGS,BLOCK_SUBMISSION,0,REPLAN_FUNDED_RULE_REPAIR,0.0
2025-04-02,900466938.9307547,902357318.2076347,92899139.3898372,0.10316774039494313,20,1890379.27688,0,696.6538802573559,0.0,696.6538802573559,488879.9159700743,0.0005461680452646275,,,,,UNKNOWN_MISSING_HISTORICAL_ETF_HOLDINGS,BLOCK_SUBMISSION,0,REPLAN_FUNDED_RULE_REPAIR,0.0
2025-04-07,823230811.2578838,825121190.5347638,92663905.91381092,0.11256127035894335,20,1890379.27688,0,334.7307120727543,0.0,334.7307120727543,234898.7453142135,0.00026086326455598726,,,,,UNKNOWN_MISSING_HISTORICAL_ETF_HOLDINGS,BLOCK_SUBMISSION,0,REPLAN_FUNDED_RULE_REPAIR,0.0
2025-04-08,780334042.0694299,782224421.3463099,89587995.03130417,0.11480723664665281,20,1890379.27688,0,4376.935873951754,0.0,4376.935873951754,3071533.9466328095,0.0037310726282700156,,,,,UNKNOWN_MISSING_HISTORICAL_ETF_HOLDINGS,BLOCK_SUBMISSION,0,BUY_CASH_CAP_CORRECTION,0.0
2025-04-09,727853857.0667689,729744236.3436489,84814859.01688635,0.11652731958952298,20,1890379.27688,0,6792.0401633126585,0.0,6792.0401633126585,4766343.974254497,0.006108081561601812,,,,,UNKNOWN_MISSING_HISTORICAL_ETF_HOLDINGS,BLOCK_SUBMISSION,0,BUY_CASH_CAP_CORRECTION,0.0
2025-04-10,786653218.9476273,788543598.2245073,78176368.15570015,0.09937843801145732,20,1890379.27688,0,9446.388373757754,0.0,9446.388373757754,6629044.472812459,0.009107658643903224,,,,,UNKNOWN_MISSING_HISTORICAL_ETF_HOLDINGS,BLOCK_SUBMISSION,0,BUY_CASH_CAP_CORRECTION,0.0
2025-04-11,806031463.5197151,807921842.7965951,78176368.15570015,0.09698922646806578,20,1890379.27688,0,0.0,0.0,0.0,0.0,0.0,,,,,UNKNOWN_MISSING_HISTORICAL_ETF_HOLDINGS,BLOCK_SUBMISSION,0,HOLD_REVALIDATED_ENVELOPE,0.0
2025-04-14,825273164.2184719,827163543.4953519,76905713.06797393,0.09318819077414582,22,1890379.27688,0,1808.1069476095354,0.0,1808.1069476095354,1268846.980778621,0.0015741903861146058,,,,,UNKNOWN_MISSING_HISTORICAL_ETF_HOLDINGS,BLOCK_SUBMISSION,0,BUY_CASH_CAP_CORRECTION,0.0
2025-04-15,842565235.4389219,844455614.715802,144780584.80430955,0.17183308628783886,20,1890379.27688,0,97151.58800118348,204529.65894985996,301681.24695104343,68176552.98328665,0.08261089290095769,,,,,UNKNOWN_MISSING_HISTORICAL_ETF_HOLDINGS,BLOCK_SUBMISSION,0,SELL_THEN_WAIT_SETTLEMENT,0.0
2025-04-16,832805073.7328205,834695453.0097005,84410177.23290777,0.10135646370952363,30,1890379.27688,0,85905.41557205736,0.0,85905.41557205736,60284502.15582973,0.07154876515220261,,,,,UNKNOWN_MISSING_HISTORICAL_ETF_HOLDINGS,BLOCK_SUBMISSION,0,BUY_CASH_CAP_CORRECTION,0.0
2025-04-17,823343265.5660893,825233644.8429693,160841366.17308652,0.1953515294286158,27,1890379.27688,0,109398.5327471609,230312.70052033872,339711.2332674996,76770900.17344624,0.09218351640119304,,,,,UNKNOWN_MISSING_HISTORICAL_ETF_HOLDINGS,BLOCK_SUBMISSION,0,SELL_THEN_WAIT_SETTLEMENT,0.0
2025-04-18,830273240.5868343,832163619.8637143,158701592.3945633,0.19114381222547114,30,1890379.27688,0,3044.838739192249,0.0,3044.838739192249,2136728.939784034,0.002595186028897591,,,,,UNKNOWN_MISSING_HISTORICAL_ETF_HOLDINGS,BLOCK_SUBMISSION,0,BUY_WITH_SETTLED_CASH,0.0
2025-04-21,819329985.0459962,821220364.3228762,168468381.7957506,0.20561725418396956,28,1890379.27688,0,13979.534336129283,29430.59860237744,43410.13293850672,9810199.534125812,0.011815627741045822,,,,,UNKNOWN_MISSING_HISTORICAL_ETF_HOLDINGS,BLOCK_SUBMISSION,0,SELL_THEN_WAIT_SETTLEMENT,0.0
2025-04-22,808424808.2687042,810315187.5455842,81789558.76756655,0.10117151023943013,29,1890379.27688,0,123341.5610906081,0.0,123341.5610906081,86555481.46709341,0.10564178419789469,,,,,UNKNOWN_MISSING_HISTORICAL_ETF_HOLDINGS,BLOCK_SUBMISSION,0,BUY_CASH_CAP_CORRECTION,0.0
2025-04-23,831346632.349806,833237011.626686,165200934.3104546,0.19871486559524904,26,1890379.27688,0,119389.50872472239,251346.33415731028,370735.8428820327,83782111.38577008,0.10363624486635323,,,,,UNKNOWN_MISSING_HISTORICAL_ETF_HOLDINGS,BLOCK_SUBMISSION,0,SELL_THEN_WAIT_SETTLEMENT,0.0
2025-04-24,826255157.1399872,828145536.4168673,80436605.8319003,0.09735080639051603,27,1890379.27688,0,120617.28844590452,0.0,120617.28844590452,84643711.19010843,0.10181518502199559,,,,,UNKNOWN_MISSING_HISTORICAL_ETF_HOLDINGS,BLOCK_SUBMISSION,0,BUY_CASH_CAP_CORRECTION,0.0
2025-04-25,839263806.7887515,841154186.0656315,158953960.30589807,0.18939689644677823,23,1890379.27688,0,112384.53167812253,236599.0140592053,348983.54573732783,78866338.0197351,0.09545034283685962,,,,,UNKNOWN_MISSING_HISTORICAL_ETF_HOLDINGS,BLOCK_SUBMISSION,0,SELL_THEN_WAIT_SETTLEMENT,0.0
2025-04-28,841935612.3047827,843825991.5816628,83214212.28139701,0.09883678878198261,30,1890379.27688,0,107775.56076082982,0.0,107775.56076082982,75631972.46374023,0.09011704287967386,,,,,UNKNOWN_MISSING_HISTORICAL_ETF_HOLDINGS,BLOCK_SUBMISSION,0,BUY_WITH_SETTLED_CASH,0.0
2025-04-29,850167273.1448976,852057652.4217776,168923529.53202245,0.19869446268749996,26,1890379.27688,0,122678.63001997964,258270.8000420624,380949.430062042,86090266.68068746,0.10225279157038741,,,,,UNKNOWN_MISSING_HISTORICAL_ETF_HOLDINGS,BLOCK_SUBMISSION,0,SELL_THEN_WAIT_SETTLEMENT,0.0
2025-04-30,844861891.8788582,846752271.1557382,85986891.19807862,0.10177626902647419,26,1890379.27688,0,118016.53606198163,0.0,118016.53606198163,82818621.79788184,0.09741450231496586,,,,,UNKNOWN_MISSING_HISTORICAL_ETF_HOLDINGS,BLOCK_SUBMISSION,0,BUY_CASH_CAP_CORRECTION,0.0
2025-05-02,862890200.8454049,864780580.1222849,166269001.75522128,0.19268848063440921,24,1890379.27688,0,114910.48644645386,241916.8135714818,356827.30001793563,80638937.8571606,0.09544629558072568,,,,,UNKNOWN_MISSING_HISTORICAL_ETF_HOLDINGS,BLOCK_SUBMISSION,0,SELL_THEN_WAIT_SETTLEMENT,0.0
2025-05-05,852038791.8288877,853929171.1057677,85264537.56953779,0.10007119204809774,24,1890379.27688,0,115267.10583877869,0.0,115267.10583877869,80889197.07984471,0.09374216673291066,,,,,UNKNOWN_MISSING_HISTORICAL_ETF_HOLDINGS,BLOCK_SUBMISSION,0,BUY_CASH_CAP_CORRECTION,0.0
2025-05-06,863406740.5914023,865297119.8682823,152116744.3782845,0.17618202085623058,22,1890379.27688,0,95687.81327621132,201448.02794991853,297135.84122612985,67149342.64997286,0.07881019420000568,,,,,UNKNOWN_MISSING_HISTORICAL_ETF_HOLDINGS,BLOCK_SUBMISSION,0,SELL_THEN_WAIT_SETTLEMENT,0.0
2025-05-07,859499730.836199,861390110.1130791,87403531.2094899,0.10169116763359058,22,1890379.27688,0,92085.10748736284,0.0,92085.10748736284,64621128.06130727,0.0748443636391397,,,,,UNKNOWN_MISSING_HISTORICAL_ETF_HOLDINGS,BLOCK_SUBMISSION,0,BUY_CASH_CAP_CORRECTION,0.0
2025-05-08,866266516.0323315,868156895.3092115,159289522.70096368,0.18388050300101702,20,1890379.27688,0,102892.83868653807,216616.5024979749,319509.34118451294,72205500.83265829,0.08400875328071394,,,,,UNKNOWN_MISSING_HISTORICAL_ETF_HOLDINGS,BLOCK_SUBMISSION,0,SELL_THEN_WAIT_SETTLEMENT,0.0
2025-05-09,870110981.9246713,872001361.2015513,83312385.5351779,0.09574914840276152,22,1890379.27688,0,108113.35892477696,0.0,108113.35892477696,75869023.80686101,0.0875816188236801,,,,,UNKNOWN_MISSING_HISTORICAL_ETF_HOLDINGS,BLOCK_SUBMISSION,0,BUY_CASH_CAP_CORRECTION,0.0
2025-05-12,877196520.8914608,879086900.1683408,114811823.3913014,0.13088495070024056,21,1890379.27688,0,45086.20540388817,94918.32716608036,140004.53256996852,31639442.388693452,0.03636253655678213,,,,,UNKNOWN_MISSING_HISTORICAL_ETF_HOLDINGS,BLOCK_SUBMISSION,0,SELL_THEN_WAIT_SETTLEMENT,0.0
2025-05-13,881603978.8903192,883494358.1671993,90796480.78033543,0.10299009867743741,21,1890379.27688,0,34173.16645842326,0.0,34173.16645842326,23981169.44450755,0.027338422888563692,,,,,UNKNOWN_MISSING_HISTORICAL_ETF_HOLDINGS,BLOCK_SUBMISSION,0,BUY_CASH_CAP_CORRECTION,0.0
2025-05-14,902220637.15179,904111016.42867,122581839.70352833,0.13586680979777357,20,1890379.27688,0,45495.45384883097,95779.90283964414,141275.35668847512,31926634.27988138,0.03621425837944566,,,,,UNKNOWN_MISSING_HISTORICAL_ETF_HOLDINGS,BLOCK_SUBMISSION,0,SELL_THEN_WAIT_SETTLEMENT,0.0
2025-05-15,903486204.8950644,905376584.1719444,94064205.26926425,0.10411249752306884,20,1890379.27688,0,40579.80284976536,0.0,40579.80284976536,28477054.631414287,0.031563293343979774,,,,,UNKNOWN_MISSING_HISTORICAL_ETF_HOLDINGS,BLOCK_SUBMISSION,0,BUY_CASH_CAP_CORRECTION,0.0
2025-05-16,909682909.1700624,911573288.4469424,93293713.20032413,0.10255629984896546,21,1890379.27688,0,1096.3888441367671,0.0,1096.3888441367671,769395.6800959769,0.0008515854209255343,,,,,UNKNOWN_MISSING_HISTORICAL_ETF_HOLDINGS,BLOCK_SUBMISSION,0,BUY_CASH_CAP_CORRECTION,0.0
2025-05-19,899153756.0229089,901044135.299789,130188856.63875377,0.1447904274065411,20,1890379.27688,0,52809.260376930164,111177.3902672214,163986.65064415155,37059130.0890738,0.04073851417400402,,,,,UNKNOWN_MISSING_HISTORICAL_ETF_HOLDINGS,BLOCK_SUBMISSION,0,SELL_THEN_WAIT_SETTLEMENT,0.0
2025-05-20,904250432.098155,906140811.375035,94769333.95628867,0.10480430043742749,23,1890379.27688,0,50400.998399793054,0.0,50400.998399793054,35369121.6840653,0.03933601060680455,,,,,UNKNOWN_MISSING_HISTORICAL_ETF_HOLDINGS,BLOCK_SUBMISSION,0,BUY_CASH_CAP_CORRECTION,0.0
2025-05-21,916639809.7492162,918530189.0260962,168605413.898471,0.18393856791426047,21,1890379.27688,0,105684.06590925826,222492.77033528057,328176.83624453883,74164256.77842686,0.08201738605348705,,,,,UNKNOWN_MISSING_HISTORICAL_ETF_HOLDINGS,BLOCK_SUBMISSION,0,SELL_THEN_WAIT_SETTLEMENT,0.0
2025-05-22,925362579.4275653,927252958.7044454,91804479.21157938,0.09920919783504771,21,1890379.27688,0,109285.5999488934,0.0,109285.5999488934,76691649.08694273,0.08366606847233138,,,,,UNKNOWN_MISSING_HISTORICAL_ETF_HOLDINGS,BLOCK_SUBMISSION,0,BUY_CASH_CAP_CORRECTION,0.0
2025-05-23,920183565.271534,922073944.548414,135496169.28020942,0.14724906463660464,20,1890379.27688,0,62537.38628209608,131657.65533072856,194195.04161282466,43885885.11024286,0.04742561033469812,,,,,UNKNOWN_MISSING_HISTORICAL_ETF_HOLDINGS,BLOCK_SUBMISSION,0,SELL_THEN_WAIT_SETTLEMENT,0.0
2025-05-26,917542071.6685221,919432450.9454021,96907769.06404753,0.10561670364370729,21,1890379.27688,0,54910.22323991383,0.0,54910.22323991383,38533489.992921986,0.04187587286624845,,,,,UNKNOWN_MISSING_HISTORICAL_ETF_HOLDINGS,BLOCK_SUBMISSION,0,BUY_CASH_CAP_CORRECTION,0.0
2025-05-27,910059618.4332739,911949997.7101539,143458718.9526651,0.15763661637864834,20,1890379.27688,0,66629.94108056149,140273.56016960312,206903.5012501646,46757853.38986771,0.05095990127715886,,,,,UNKNOWN_MISSING_HISTORICAL_ETF_HOLDINGS,BLOCK_SUBMISSION,0,SELL_THEN_WAIT_SETTLEMENT,0.0
2025-05-28,911049388.5477885,912939767.8246685,94226386.5570364,0.1034262112916108,21,1890379.27688,0,70056.24351675951,0.0,70056.24351675951,49162276.15211193,0.05402094011900885,,,,,UNKNOWN_MISSING_HISTORICAL_ETF_HOLDINGS,BLOCK_SUBMISSION,0,BUY_CASH_CAP_CORRECTION,0.0
2025-05-29,916984435.0061169,918874814.2829969,135312535.9685055,0.1475625221136964,20,1890379.27688,0,58807.98825939126,123806.29107240264,182614.2793317939,41268763.69080088,0.0452980532225407,,,,,UNKNOWN_MISSING_HISTORICAL_ETF_HOLDINGS,BLOCK_SUBMISSION,0,SELL_THEN_WAIT_SETTLEMENT,0.0
2025-06-02,908834995.013892,910725374.2907721,97109193.7072451,0.1068501919930589,25,1890379.27688,0,54362.296449855035,0.0,54362.296449855035,38148979.96481055,0.04160264722983665,,,,,UNKNOWN_MISSING_HISTORICAL_ETF_HOLDINGS,BLOCK_SUBMISSION,0,BUY_WITH_SETTLED_CASH,0.0
2025-06-03,922982493.0143974,926369786.2472774,169953091.01726422,0.1841346854393837,22,3387293.23288,0,104263.92151950103,219502.99267263376,323766.9141921348,73167664.22421126,0.08050709383510574,,,,,UNKNOWN_MISSING_HISTORICAL_ETF_HOLDINGS,BLOCK_SUBMISSION,0,SELL_THEN_WAIT_SETTLEMENT,0.0
2025-06-04,927476300.1316038,930863593.3644838,92577400.57077946,0.09981645952316326,24,3387293.23288,0,110103.46145366928,0.0,110103.46145366928,77265586.98503107,0.08371294967111129,,,,,UNKNOWN_MISSING_HISTORICAL_ETF_HOLDINGS,BLOCK_SUBMISSION,0,BUY_CASH_CAP_CORRECTION,0.0
2025-06-05,928808191.819736,932195485.052616,169162893.45925465,0.18212898524056725,22,3387293.23288,0,109619.39318090263,230777.66985453185,340397.06303543446,76925889.95151061,0.08294108425260596,,,,,UNKNOWN_MISSING_HISTORICAL_ETF_HOLDINGS,BLOCK_SUBMISSION,0,SELL_THEN_WAIT_SETTLEMENT,0.0
2025-06-06,923632152.4785773,927019445.7114573,92626053.39673616,0.10028457015942235,24,3387293.23288,0,108909.80062320078,0.0,108909.80062320078,76427930.26189527,0.08228602087601794,,,,,UNKNOWN_MISSING_HISTORICAL_ETF_HOLDINGS,BLOCK_SUBMISSION,0,BUY_CASH_CAP_CORRECTION,0.0
2025-06-09,934898706.7609112,938285999.9937912,177826957.78166372,0.19020986604823784,22,3387293.23288,0,121950.92157649781,256738.78226631117,378689.70384280896,85579594.08877039,0.09265549478666002,,,,,UNKNOWN_MISSING_HISTORICAL_ETF_HOLDINGS,BLOCK_SUBMISSION,0,SELL_THEN_WAIT_SETTLEMENT,0.0
2025-06-10,947343427.3542671,950730720.5871471,91415777.79815343,0.09649697792643018,22,3387293.23288,0,122960.71246124493,0.0,122960.71246124493,86288219.27104908,0.09229686451274151,,,,,UNKNOWN_MISSING_HISTORICAL_ETF_HOLDINGS,BLOCK_SUBMISSION,0,BUY_CASH_CAP_CORRECTION,0.0
2025-06-11,959418436.8632185,962805730.0960985,163725635.6780281,0.17065091662541187,20,3387293.23288,0,103499.53291195686,217893.7534988565,321393.28641081334,72631251.16628551,0.07666834335794093,,,,,UNKNOWN_MISSING_HISTORICAL_ETF_HOLDINGS,BLOCK_SUBMISSION,0,SELL_THEN_WAIT_SETTLEMENT,0.0
2025-06-12,959779159.2191398,963166452.4520198,97090660.10990077,0.10115937523470722,20,3387293.23288,0,94819.72208061656,0.0,94819.72208061656,66540155.84604671,0.0693546770516493,,,,,UNKNOWN_MISSING_HISTORICAL_ETF_HOLDINGS,BLOCK_SUBMISSION,0,BUY_CASH_CAP_CORRECTION,0.0
2025-06-13,962875668.4214909,966262961.6543709,96369668.70873503,0.10008526736034419,21,3387293.23288,0,1025.9507668184694,0.0,1025.9507668184694,719965.4503989259,0.0007501365741101085,,,,,UNKNOWN_MISSING_HISTORICAL_ETF_HOLDINGS,BLOCK_SUBMISSION,0,BUY_CASH_CAP_CORRECTION,0.0
2025-06-16,966965158.2137601,970352451.4466401,135311657.42329338,0.1399343671009302,20,3387293.23288,0,55738.978899877606,117345.21873658443,173084.19763646205,39115072.91219481,0.040623181367038665,,,,,UNKNOWN_MISSING_HISTORICAL_ETF_HOLDINGS,BLOCK_SUBMISSION,0,SELL_THEN_WAIT_SETTLEMENT,0.0
2025-06-17,966289543.5288342,969676836.7617142,101635948.66211143,0.10518167079708092,20,3387293.23288,0,47919.599555317945,0.0,47919.599555317945,33627789.16162663,0.034776629618947216,,,,,UNKNOWN_MISSING_HISTORICAL_ETF_HOLDINGS,BLOCK_SUBMISSION,0,BUY_CASH_CAP_CORRECTION,0.0
2025-06-18,964404142.7299045,967791435.9627845,100046840.15638205,0.10373953794223967,22,3387293.23288,0,2261.257328970584,0.0,2261.257328970584,1586847.2484004097,0.0016422067888733787,,,,,UNKNOWN_MISSING_HISTORICAL_ETF_HOLDINGS,BLOCK_SUBMISSION,0,BUY_CASH_CAP_CORRECTION,0.0
2025-06-19,959272009.2748551,962659302.5077351,181914208.0562122,0.18963777353800518,20,3387293.23288,0,117179.51862718325,246693.72342564893,363873.24205283215,82231241.14188299,0.08526637070337953,,,,,UNKNOWN_MISSING_HISTORICAL_ETF_HOLDINGS,BLOCK_SUBMISSION,0,SELL_THEN_WAIT_SETTLEMENT,0.0
2025-06-20,948985256.7253813,953434549.9582613,98517752.23630548,0.10381378587087438,22,4449293.23288,0,118670.84359124953,0.0,118670.84359124953,83277784.97631547,0.08681352543505137,,,,,UNKNOWN_MISSING_HISTORICAL_ETF_HOLDINGS,BLOCK_SUBMISSION,0,BUY_CASH_CAP_CORRECTION,0.0
2025-06-23,957868681.9862193,962317975.2190993,180549982.31689513,0.1884913722646302,20,4449293.23288,0,117415.49141434874,247190.50824073417,364605.99965508294,82396836.08024472,0.08682625519870309,,,,,UNKNOWN_MISSING_HISTORICAL_ETF_HOLDINGS,BLOCK_SUBMISSION,0,SELL_THEN_WAIT_SETTLEMENT,0.0
2025-06-24,976120900.4269923,981754193.6598723,96479302.1068927,0.09883950037816934,22,5633293.23288,0,119630.24619842067,0.0,119630.24619842067,83951049.96380398,0.08764358992270693,,,,,UNKNOWN_MISSING_HISTORICAL_ETF_HOLDINGS,BLOCK_SUBMISSION,0,BUY_CASH_CAP_CORRECTION,0.0
2025-06-25,988387547.1628637,994020840.3957437,165314045.36013964,0.16725630127035548,20,5633293.23288,0,98525.4844043662,207422.07243024465,305947.5568346109,69140690.81008154,0.07083209751971993,,,,,UNKNOWN_MISSING_HISTORICAL_ETF_HOLDINGS,BLOCK_SUBMISSION,0,SELL_THEN_WAIT_SETTLEMENT,0.0
2025-06-26,983114167.5111735,990991460.7440535,101816669.1255335,0.10356545810268401,23,7877293.23288,0,90355.00525182988,0.0,90355.00525182988,63407021.22935429,0.06415198310760006,,,,,UNKNOWN_MISSING_HISTORICAL_ETF_HOLDINGS,BLOCK_SUBMISSION,0,BUY_WITH_SETTLED_CASH,0.0
2025-06-27,980660468.7223892,988537761.9552692,179169069.10390308,0.1827024488274986,21,7877293.23288,0,110717.09310617147,233088.61706562416,343805.7101717956,77696205.68854138,0.07903070493352272,,,,,UNKNOWN_MISSING_HISTORICAL_ETF_HOLDINGS,BLOCK_SUBMISSION,0,SELL_THEN_WAIT_SETTLEMENT,0.0
2025-06-30,983670343.9641883,993556967.1970683,100715341.81544732,0.10238729106091052,24,9886623.23288,0,111637.47797992808,0.0,111637.47797992808,78342089.81047583,0.07988706826588045,,,,,UNKNOWN_MISSING_HISTORICAL_ETF_HOLDINGS,BLOCK_SUBMISSION,0,BUY_CASH_CAP_CORRECTION,0.0
2025-07-01,987217974.2070594,997104597.4399394,160987471.16117424,0.1630718598802666,22,9886623.23288,0,86269.52697452312,181620.05678846975,267889.5837629929,60540018.92948991,0.061545028068563934,,,,,UNKNOWN_MISSING_HISTORICAL_ETF_HOLDINGS,BLOCK_SUBMISSION,0,SELL_THEN_WAIT_SETTLEMENT,0.0
2025-07-02,987600182.0976357,997486805.3305157,102951180.83511955,0.10424378478389307,23,9886623.23288,0,82584.03146978354,0.0,82584.03146978354,57953706.29458493,0.058704063143839906,,,,,UNKNOWN_MISSING_HISTORICAL_ETF_HOLDINGS,BLOCK_SUBMISSION,0,BUY_CASH_CAP_CORRECTION,0.0
2025-07-03,998424664.7538965,1008311287.9867765,174486160.5115804,0.17476146841243131,21,9886623.23288,0,102390.42366366845,215558.78666035464,317949.2103240231,71852928.88678488,0.07275507861305901,,,,,UNKNOWN_MISSING_HISTORICAL_ETF_HOLDINGS,BLOCK_SUBMISSION,0,SELL_THEN_WAIT_SETTLEMENT,0.0
2025-07-04,998186495.2563107,1008783118.4891907,99671997.55923411,0.09985308159638115,21,10596623.23288,0,106458.47887469706,0.0,106458.47887469706,74707704.47347161,0.07482557984671427,,,,,UNKNOWN_MISSING_HISTORICAL_ETF_HOLDINGS,BLOCK_SUBMISSION,0,BUY_CASH_CAP_CORRECTION,0.0
2025-07-07,988210839.9417036,998807463.1745836,141107839.29205626,0.14279122793308002,20,10596623.23288,0,59308.514646582684,124860.03083491091,184168.54548149358,41620010.27830364,0.04169562549292615,,,,,UNKNOWN_MISSING_HISTORICAL_ETF_HOLDINGS,BLOCK_SUBMISSION,0,SELL_THEN_WAIT_SETTLEMENT,0.0
2025-07-08,993707054.4165905,1004303677.6494704,104950550.93811911,0.10561518152825837,22,10596623.23288,0,51450.81848801502,0.0,51450.81848801502,36105837.53544913,0.03653657304303511,,,,,UNKNOWN_MISSING_HISTORICAL_ETF_HOLDINGS,BLOCK_SUBMISSION,0,BUY_WITH_SETTLED_CASH,0.0
2025-07-09,1016400831.1685905,1028517727.1806705,191670829.19106862,0.18857799335986195,20,12116896.01208,0,124125.6525228667,261317.16320603518,385442.8157289019,87105721.0686784,0.08765734396423151,,,,,UNKNOWN_MISSING_HISTORICAL_ETF_HOLDINGS,BLOCK_SUBMISSION,0,SELL_THEN_WAIT_SETTLEMENT,0.0
2025-07-10,1020558626.5217993,1036250289.8615593,101059075.9457683,0.0990232930470552,25,15691663.33976,0,128938.01170786924,0.0,128938.01170786924,90482815.23359245,0.08902276784795747,,,,,UNKNOWN_MISSING_HISTORICAL_ETF_HOLDINGS,BLOCK_SUBMISSION,0,BUY_WITH_SETTLED_CASH,0.0
2025-07-11,1015465575.5734792,1031157238.9132391,196095779.8003556,0.193109234342692,22,15691663.33976,0,136029.2323459176,286377.3312545634,422406.563600481,95459110.4181878,0.09353613593324397,,,,,UNKNOWN_MISSING_HISTORICAL_ETF_HOLDINGS,BLOCK_SUBMISSION,0,SELL_THEN_WAIT_SETTLEMENT,0.0
2025-07-14,1007393333.5254339,1025408410.9651939,102964385.5889186,0.10220872241489677,22,18015077.43976,0,132523.39091923786,0.0,132523.39091923786,92998870.82051778,0.09158249482558493,,,,,UNKNOWN_MISSING_HISTORICAL_ETF_HOLDINGS,BLOCK_SUBMISSION,0,BUY_CASH_CAP_CORRECTION,0.0
2025-07-15,1023370430.0961125,1041385507.5358725,202569778.5932477,0.19794374806610626,20,18015077.43976,0,142568.55086876327,300144.317618449,442712.8684872122,100048105.87281632,0.09931384548941964,,,,,UNKNOWN_MISSING_HISTORICAL_ETF_HOLDINGS,BLOCK_SUBMISSION,0,SELL_THEN_WAIT_SETTLEMENT,0.0
2025-07-16,1024863633.5239098,1042878710.9636698,99358936.49573274,0.09694844586698345,20,18015077.43976,0,146866.1657028323,0.0,146866.1657028323,103063975.93181214,0.10071033215424509,,,,,UNKNOWN_MISSING_HISTORICAL_ETF_HOLDINGS,BLOCK_SUBMISSION,0,BUY_CASH_CAP_CORRECTION,0.0
2025-07-17,1026499591.4693842,1045176514.2751442,96542015.74107823,0.09404973615516303,22,18676922.80576,1,4008.4001052327158,0.0,4008.4001052327158,2812912.3545492743,0.0027446698883024125,,,,,UNKNOWN_MISSING_HISTORICAL_ETF_HOLDINGS,BLOCK_SUBMISSION,0,BUY_CASH_CAP_CORRECTION,0.0
2025-07-18,1035376649.082196,1054053571.887956,176052156.268124,0.17003682324126634,20,18676922.80576,1,113805.53976449813,239590.6100305224,353396.1497950205,79863536.67684078,0.07780182022529597,,,,,UNKNOWN_MISSING_HISTORICAL_ETF_HOLDINGS,BLOCK_SUBMISSION,0,SELL_THEN_WAIT_SETTLEMENT,0.0
2025-07-21,1035305237.4126027,1053982160.2183627,104895217.97522345,0.10131815640899662,20,18676922.80576,1,101254.34961917598,0.0,101254.34961917598,71055683.94328138,0.06862786021518673,,,,,UNKNOWN_MISSING_HISTORICAL_ETF_HOLDINGS,BLOCK_SUBMISSION,0,BUY_CASH_CAP_CORRECTION,0.0
2025-07-22,1016695318.1733105,1036916640.9790705,102349245.8511403,0.1006685523397811,21,20221322.80576,2,3622.8477188191628,0.0,3622.8477188191628,2542349.2763643246,0.0024556519029287167,,,,,UNKNOWN_MISSING_HISTORICAL_ETF_HOLDINGS,BLOCK_SUBMISSION,0,BUY_CASH_CAP_CORRECTION,0.0
2025-07-23,1022598030.9733949,1042819353.7791549,147384554.54398686,0.14412755557889528,20,20221322.80576,2,64460.55283359498,135706.4270180947,200166.97985168966,45235475.67269823,0.04449265661414916,,,,,UNKNOWN_MISSING_HISTORICAL_ETF_HOLDINGS,BLOCK_SUBMISSION,0,SELL_THEN_WAIT_SETTLEMENT,0.0
2025-07-24,1031616590.7149415,1051837913.5207015,107661621.29638685,0.10436204910370246,20,20221322.80576,2,56524.63227683553,0.0,56524.63227683553,39666408.61532318,0.038789834728671785,,,,,UNKNOWN_MISSING_HISTORICAL_ETF_HOLDINGS,BLOCK_SUBMISSION,0,BUY_CASH_CAP_CORRECTION,0.0
2025-07-25,1028839419.1127148,1049060741.9184748,103681659.22680287,0.10077535648490156,20,20221322.80576,2,5663.375638871791,0.0,5663.375638871791,3974298.6939451164,0.0038524959076034317,,,,,UNKNOWN_MISSING_HISTORICAL_ETF_HOLDINGS,BLOCK_SUBMISSION,0,REPLAN_FUNDED_RULE_REPAIR,0.0
2025-07-28,1038925564.8865516,1059146887.6923116,62630138.34279932,0.06028356646478171,23,20221322.80576,2,58415.175634426,0.0,58415.175634426,40993105.70836913,0.03984402711136607,,,,,UNKNOWN_MISSING_HISTORICAL_ETF_HOLDINGS,BLOCK_SUBMISSION,0,BUY_CASH_CAP_CORRECTION,0.0
2025-07-29,1038242936.10245,1058464258.90821,200549191.65040687,0.1931621055889538,20,20221322.80576,2,197408.1821694405,415596.17298829585,613004.3551577363,138532057.66276526,0.1333416582908831,,,,,UNKNOWN_MISSING_HISTORICAL_ETF_HOLDINGS,BLOCK_SUBMISSION,0,SELL_THEN_WAIT_SETTLEMENT,0.0
2025-07-30,1039610865.310051,1059832188.115811,101000130.34171897,0.09715186105870194,24,20221322.80576,2,141655.55320156802,0.0,141655.55320156802,99407405.75548631,0.09574580505084905,,,,,UNKNOWN_MISSING_HISTORICAL_ETF_HOLDINGS,BLOCK_SUBMISSION,0,BUY_CASH_CAP_CORRECTION,0.0
2025-07-31,1062877955.5200571,1083099278.325817,189019930.8652459,0.17783785041694658,22,20221322.80576,2,125985.70247949769,265233.05785157403,391218.76033107174,88411019.28385803,0.08504241561335601,,,,,UNKNOWN_MISSING_HISTORICAL_ETF_HOLDINGS,BLOCK_SUBMISSION,0,SELL_THEN_WAIT_SETTLEMENT,0.0
2025-08-01,1059384989.1147171,1079606311.9204772,109147620.11471716,0.10302923038953683,22,20221322.80576,2,113656.08290136908,0.0,113656.08290136908,79758654.66762742,0.0750402755588267,,,,,UNKNOWN_MISSING_HISTORICAL_ETF_HOLDINGS,BLOCK_SUBMISSION,0,BUY_CASH_CAP_CORRECTION,0.0
2025-08-04,1041965656.4577428,1062186979.2635028,195414704.830927,0.18754428576394458,20,20221322.80576,2,123476.98136313091,259951.53971185457,383428.5210749855,86650513.23728485,0.08179322354727246,,,,,UNKNOWN_MISSING_HISTORICAL_ETF_HOLDINGS,BLOCK_SUBMISSION,0,SELL_THEN_WAIT_SETTLEMENT,0.0
2025-08-05,1053263557.049956,1073484879.855716,104558129.40229665,0.09927062291526477,22,20221322.80576,2,129286.38688448786,0.0,129286.38688448786,90727289.04174586,0.08707320484072531,,,,,UNKNOWN_MISSING_HISTORICAL_ETF_HOLDINGS,BLOCK_SUBMISSION,0,BUY_CASH_CAP_CORRECTION,0.0
2025-08-06,1055058198.8626914,1075279521.6684513,133428914.83445346,0.12646592858885344,21,20221322.80576,2,41323.72673161084,86997.3194349702,128321.04616658104,28999106.478323396,0.02753262114142242,,,,,UNKNOWN_MISSING_HISTORICAL_ETF_HOLDINGS,BLOCK_SUBMISSION,0,SELL_THEN_WAIT_SETTLEMENT,0.0
2025-08-07,1073670417.0814614,1093891739.8872213,111621931.65175869,0.10396293860380221,21,20221322.80576,2,31030.73224189534,0.0,31030.73224189534,21775952.450452868,0.020639574645196286,,,,,UNKNOWN_MISSING_HISTORICAL_ETF_HOLDINGS,BLOCK_SUBMISSION,0,BUY_CASH_CAP_CORRECTION,0.0
2025-08-08,1092810690.1210883,1113032012.9268482,154473754.94876158,0.1413545423239273,20,20221322.80576,2,61335.25670916717,129126.85622982563,190462.1129389928,43042285.409941874,0.040088918093638945,,,,,UNKNOWN_MISSING_HISTORICAL_ETF_HOLDINGS,BLOCK_SUBMISSION,0,SELL_THEN_WAIT_SETTLEMENT,0.0
2025-08-11,1117446414.2689562,1137667737.074716,114792823.28180102,0.10272781031464452,22,20221322.80576,2,56464.8651925195,0.0,56464.8651925195,39624466.801768064,0.03625922326709441,,,,,UNKNOWN_MISSING_HISTORICAL_ETF_HOLDINGS,BLOCK_SUBMISSION,0,BUY_WITH_SETTLED_CASH,0.0
2025-08-12,1125299685.3673198,1145521008.1730797,205386949.5495663,0.18251755707416198,20,20221322.80576,2,129670.42154691061,272990.36115139077,402660.78269830137,90996787.05046359,0.081432797034831,,,,,UNKNOWN_MISSING_HISTORICAL_ETF_HOLDINGS,BLOCK_SUBMISSION,0,SELL_THEN_WAIT_SETTLEMENT,0.0
2025-08-13,1142665919.7374399,1162887242.5431998,111109410.86571589,0.09723700422538764,21,20221322.80576,2,134154.3227146185,0.0,134154.3227146185,94143384.36113578,0.08366072219277795,,,,,UNKNOWN_MISSING_HISTORICAL_ETF_HOLDINGS,BLOCK_SUBMISSION,0,BUY_CASH_CAP_CORRECTION,0.0
2025-08-14,1142497625.4312403,1162718948.2370002,159105321.64317268,0.1392609648384326,20,20221322.80576,2,68698.16222572478,144627.70994889428,213325.87217461906,48209236.649631426,0.04219014133256803,,,,,UNKNOWN_MISSING_HISTORICAL_ETF_HOLDINGS,BLOCK_SUBMISSION,0,SELL_THEN_WAIT_SETTLEMENT,0.0
2025-08-15,1152611166.8317592,1172832489.6375191,117247294.53741711,0.10172319851776267,21,20221322.80576,2,59562.8116191444,0.0,59562.8116191444,41798464.29413642,0.03658516513621586,,,,,UNKNOWN_MISSING_HISTORICAL_ETF_HOLDINGS,BLOCK_SUBMISSION,0,BUY_WITH_SETTLED_CASH,0.0
2025-08-18,1183294079.671458,1203515402.477218,154924440.24303088,0.13092640528214736,20,20221322.80576,2,53928.566537427716,113533.8242893215,167462.3908267492,37844608.0964405,0.03283380309464283,,,,,UNKNOWN_MISSING_HISTORICAL_ETF_HOLDINGS,BLOCK_SUBMISSION,0,SELL_THEN_WAIT_SETTLEMENT,0.0
2025-08-19,1148719109.1126482,1170068741.4754083,124435528.33554406,0.10832546211550956,20,21349632.36276,2,43384.87601984048,0.0,43384.87601984048,30445527.031467002,0.025729467893492893,,,,,UNKNOWN_MISSING_HISTORICAL_ETF_HOLDINGS,BLOCK_SUBMISSION,0,BUY_CASH_CAP_CORRECTION,0.0
2025-08-20,1108321702.161881,1129671334.524641,123333533.32231188,0.11127954372971201,21,21349632.36276,2,1568.1083394721072,0.0,1568.1083394721072,1100426.9048927068,0.000957959953972346,,,,,UNKNOWN_MISSING_HISTORICAL_ETF_HOLDINGS,BLOCK_SUBMISSION,0,BUY_CASH_CAP_CORRECTION,0.0
2025-08-21,1140715999.1291475,1162065631.4919076,166909534.60619235,0.14631997336200725,20,21349632.36276,2,62371.79703139359,131309.04638188123,193680.84341327482,43769682.12729374,0.039491856959867386,,,,,UNKNOWN_MISSING_HISTORICAL_ETF_HOLDINGS,BLOCK_SUBMISSION,0,SELL_THEN_WAIT_SETTLEMENT,0.0
2025-08-22,1138497131.4353364,1159846763.7980964,121193879.63374041,0.10645075537515652,22,21349632.36276,2,65052.10908030456,0.0,65052.10908030456,45650602.86337162,0.04001925360757847,,,,,UNKNOWN_MISSING_HISTORICAL_ETF_HOLDINGS,BLOCK_SUBMISSION,0,BUY_CASH_CAP_CORRECTION,0.0
2025-08-25,1159144076.8709614,1180493709.2337215,218827000.65792134,0.18878326260237765,20,21349632.36276,2,139745.57161384908,294201.20339757705,433946.7750114261,98067067.79919234,0.08613729898076804,,,,,UNKNOWN_MISSING_HISTORICAL_ETF_HOLDINGS,BLOCK_SUBMISSION,0,SELL_THEN_WAIT_SETTLEMENT,0.0
2025-08-26,1165642897.6341226,1186992529.9968827,116024266.96060725,0.09953671677329216,23,21349632.36276,2,146285.4387684276,0.0,146285.4387684276,102656448.25854568,0.08856228514375926,,,,,UNKNOWN_MISSING_HISTORICAL_ETF_HOLDINGS,BLOCK_SUBMISSION,0,BUY_CASH_CAP_CORRECTION,0.0
2025-08-27,1191345620.1456063,1213190292.5083663,223518237.21179584,0.18761829768969768,21,21844672.36276,2,153859.7369439206,323915.23567141185,477774.97261533246,107971745.22380394,0.09262849320572501,,,,,UNKNOWN_MISSING_HISTORICAL_ETF_HOLDINGS,BLOCK_SUBMISSION,0,SELL_THEN_WAIT_SETTLEMENT,0.0
2025-08-28,1191521672.6501133,1214461685.4128733,120550093.7273961,0.10117322789377015,22,22940012.76276,2,146520.81230773113,0.0,146520.81230773113,102821622.672092,0.08630713114094056,,,,,UNKNOWN_MISSING_HISTORICAL_ETF_HOLDINGS,BLOCK_SUBMISSION,0,BUY_CASH_CAP_CORRECTION,0.0
2025-08-29,1226228995.9186878,1249169008.6814477,168582764.33509248,0.13748065401829018,21,22940012.76276,2,68750.77780776669,144738.4795952983,213489.25740306498,48246159.86509943,0.040491214698422665,,,,,UNKNOWN_MISSING_HISTORICAL_ETF_HOLDINGS,BLOCK_SUBMISSION,0,SELL_THEN_WAIT_SETTLEMENT,0.0
2025-09-01,1202306214.6739404,1225246227.4367003,127292760.04017873,0.10587382688918388,21,22940012.76276,2,58754.5309137001,0.0,58754.5309137001,41231249.76400007,0.033624428961663656,,,,,UNKNOWN_MISSING_HISTORICAL_ETF_HOLDINGS,BLOCK_SUBMISSION,0,BUY_CASH_CAP_CORRECTION,0.0
2025-09-02,1186311127.4681523,1209251140.2309122,168656617.85818538,0.1421689588448315,20,22940012.76276,2,59205.481646947206,124643.11925673095,183848.60090367816,41547706.41891032,0.034556676087861574,,,,,UNKNOWN_MISSING_HISTORICAL_ETF_HOLDINGS,BLOCK_SUBMISSION,0,SELL_THEN_WAIT_SETTLEMENT,0.0
2025-09-03,1189319099.4855256,1212259112.2482855,125387091.35179904,0.10542762779647519,25,22940012.76276,2,61571.336117632905,0.0,61571.336117632905,43207955.1702687,0.03642211066710968,,,,,UNKNOWN_MISSING_HISTORICAL_ETF_HOLDINGS,BLOCK_SUBMISSION,0,BUY_WITH_SETTLED_CASH,0.0
2025-09-04,1194178121.0859158,1217118133.8486757,186731620.77735266,0.15636831514510569,24,22940012.76276,2,87804.48929655114,184851.55641379187,272656.045710343,61617185.47126395,0.05180879168418152,,,,,UNKNOWN_MISSING_HISTORICAL_ETF_HOLDINGS,BLOCK_SUBMISSION,0,SELL_THEN_WAIT_SETTLEMENT,0.0
2025-09-05,1223679580.7051623,1246619593.4679222,123817063.77595535,0.1011842198957051,24,22940012.76276,2,89525.66964774311,0.0,89525.66964774311,62825031.33174955,0.052609430890108874,,,,,UNKNOWN_MISSING_HISTORICAL_ETF_HOLDINGS,BLOCK_SUBMISSION,0,BUY_CASH_CAP_CORRECTION,0.0
2025-09-08,1238681039.6464367,1261621052.4091966,229408344.25250065,0.18520372631035179,22,22940012.76276,2,151136.35304128475,318181.79587638896,469318.14891767374,106060598.62546298,0.08667350530139932,,,,,UNKNOWN_MISSING_HISTORICAL_ETF_HOLDINGS,BLOCK_SUBMISSION,0,SELL_THEN_WAIT_SETTLEMENT,0.0
2025-09-09,1251855863.1988904,1274795875.9616504,121859135.57250187,0.09734278454479013,24,22940012.76276,2,153039.54102304048,0.0,153039.54102304048,107396169.13897577,0.08670203684528055,,,,,UNKNOWN_MISSING_HISTORICAL_ETF_HOLDINGS,BLOCK_SUBMISSION,0,BUY_CASH_CAP_CORRECTION,0.0
2025-09-10,1278948259.1016552,1301888271.8644152,233256053.84493375,0.18238114965555752,22,22940012.76276,2,159446.15778642037,335676.1216556218,495122.27944204217,111892040.55187392,0.08938092941942542,,,,,UNKNOWN_MISSING_HISTORICAL_ETF_HOLDINGS,BLOCK_SUBMISSION,0,SELL_THEN_WAIT_SETTLEMENT,0.0
2025-09-11,1267936124.6907027,1290876137.4534626,130796666.77696066,0.1031571419332081,22,22940012.76276,2,145796.86603775783,0.0,145796.86603775783,102313590.20193532,0.07999822469268718,,,,,UNKNOWN_MISSING_HISTORICAL_ETF_HOLDINGS,BLOCK_SUBMISSION,0,BUY_CASH_CAP_CORRECTION,0.0
2025-09-12,1262221117.307024,1285161130.069784,218347046.90045345,0.17298636816210267,20,22940012.76276,2,125313.80526427164,263818.5373984666,389132.3426627382,87939512.46615553,0.06935642163173424,,,,,UNKNOWN_MISSING_HISTORICAL_ETF_HOLDINGS,BLOCK_SUBMISSION,0,SELL_THEN_WAIT_SETTLEMENT,0.0
2025-09-15,1251402158.167622,1274342170.930382,127398373.54090536,0.10180450202151616,23,22940012.76276,2,129417.43968580381,0.0,129417.43968580381,90819255.91986232,0.07195193827340424,,,,,UNKNOWN_MISSING_HISTORICAL_ETF_HOLDINGS,BLOCK_SUBMISSION,0,BUY_WITH_SETTLED_CASH,0.0
2025-09-16,1264406213.4538913,1287346226.2166512,218450326.05089134,0.17276910199149184,21,22940012.76276,2,130325.72365389856,274369.9445345233,404695.66818842187,91456648.17817442,0.07308333902195815,,,,,UNKNOWN_MISSING_HISTORICAL_ETF_HOLDINGS,BLOCK_SUBMISSION,0,SELL_THEN_WAIT_SETTLEMENT,0.0
2025-09-17,1259482046.4574764,1282422059.2202363,130432387.76126371,0.10356033905217518,23,22940012.76276,2,125247.08496664194,0.0,125247.08496664194,87892691.20466101,0.06951301746973436,,,,,UNKNOWN_MISSING_HISTORICAL_ETF_HOLDINGS,BLOCK_SUBMISSION,0,BUY_CASH_CAP_CORRECTION,0.0
2025-09-18,1281666488.24541,1304606501.00817,218160664.61587808,0.17021640701126398,21,22940012.76276,2,125568.43484200133,264354.5996673712,389923.03450937255,88118199.88912374,0.06996383960928407,,,,,UNKNOWN_MISSING_HISTORICAL_ETF_HOLDINGS,BLOCK_SUBMISSION,0,SELL_THEN_WAIT_SETTLEMENT,0.0
2025-09-19,1277723052.4430437,1300663065.2058036,127798684.06138337,0.10002064517582943,22,22940012.76276,2,128582.59209641756,0.0,128582.59209641756,90233397.96239828,0.0704031811629303,,,,,UNKNOWN_MISSING_HISTORICAL_ETF_HOLDINGS,BLOCK_SUBMISSION,0,BUY_CASH_CAP_CORRECTION,0.0
2025-09-22,1305518147.0010836,1328458159.7638435,218799661.8367998,0.1675960325326816,20,22940012.76276,2,130252.76180093759,274216.34063355275,404469.10243449034,91405446.87785092,0.07153776141322726,,,,,UNKNOWN_MISSING_HISTORICAL_ETF_HOLDINGS,BLOCK_SUBMISSION,0,SELL_THEN_WAIT_SETTLEMENT,0.0
2025-09-23,1306414266.4780514,1329354279.2408113,133389656.93189357,0.10210364380932348,21,22940012.76276,2,121536.06809245962,0.0,121536.06809245962,85288468.83681378,0.0653292097338751,,,,,UNKNOWN_MISSING_HISTORICAL_ETF_HOLDINGS,BLOCK_SUBMISSION,0,BUY_CASH_CAP_CORRECTION,0.0
2025-09-24,1300294223.958524,1323234236.721284,184997910.077924,0.14227388437882116,20,22940012.76276,2,73868.62941826922,155512.90403846154,229381.53345673077,51837634.679487176,0.03967932378696056,,,,,UNKNOWN_MISSING_HISTORICAL_ETF_HOLDINGS,BLOCK_SUBMISSION,0,SELL_THEN_WAIT_SETTLEMENT,0.0
2025-09-25,1285106761.2166684,1308046773.9794283,136433600.77391785,0.10616518789828017,23,22940012.76276,2,69105.66518531971,0.0,69105.66518531971,48495203.63882085,0.037295561839216264,,,,,UNKNOWN_MISSING_HISTORICAL_ETF_HOLDINGS,BLOCK_SUBMISSION,0,BUY_WITH_SETTLED_CASH,0.0
2025-09-26,1247320729.412533,1270260742.175293,226925582.31988478,0.1819304185113342,21,22940012.76276,2,129524.21836928694,272682.5649879725,402206.78335725947,90894188.32932416,0.07072890056486088,,,,,UNKNOWN_MISSING_HISTORICAL_ETF_HOLDINGS,BLOCK_SUBMISSION,0,SELL_THEN_WAIT_SETTLEMENT,0.0
2025-09-30,1280743203.9638338,1303683216.7265937,122560430.01240264,0.09569477287334766,25,22940012.76276,2,148508.71711627135,0.0,148508.71711627135,104216643.59036587,0.08355240246784815,,,,,UNKNOWN_MISSING_HISTORICAL_ETF_HOLDINGS,BLOCK_SUBMISSION,0,BUY_CASH_CAP_CORRECTION,0.0
2025-10-01,1291196304.3480883,1314136317.1108482,241429197.52568537,0.1869810165291485,23,22940012.76276,2,170140.8670430936,358191.29903809173,528332.1660811853,119397099.6793639,0.09322485515428547,,,,,UNKNOWN_MISSING_HISTORICAL_ETF_HOLDINGS,BLOCK_SUBMISSION,0,SELL_THEN_WAIT_SETTLEMENT,0.0
2025-10-02,1315873296.2137659,1338813308.9765258,128892195.89577278,0.0979518288475352,23,22940012.76276,2,160137.03205195145,0.0,160137.03205195145,112376864.59786065,0.08703313680455319,,,,,UNKNOWN_MISSING_HISTORICAL_ETF_HOLDINGS,BLOCK_SUBMISSION,0,BUY_CASH_CAP_CORRECTION,0.0
2025-10-03,1336086118.7465136,1359026131.5092735,264816737.99262252,0.19820334503667153,20,22940012.76276,2,194553.3711553734,409586.0445376283,604139.4156930017,136528681.51254275,0.10375518821256134,,,,,UNKNOWN_MISSING_HISTORICAL_ETF_HOLDINGS,BLOCK_SUBMISSION,0,SELL_THEN_WAIT_SETTLEMENT,0.0
2025-10-07,1344723192.452298,1367663205.2150578,130139829.7592209,0.096778155154662,22,22940012.76276,2,191641.50508784724,0.0,191641.50508784724,134485266.72831383,0.10065613648803187,,,,,UNKNOWN_MISSING_HISTORICAL_ETF_HOLDINGS,BLOCK_SUBMISSION,0,BUY_CASH_CAP_CORRECTION,0.0
2025-10-08,1338311327.8489425,1361251340.6117024,218880892.18490282,0.16355005567853065,20,22940012.76276,2,127018.06891153025,267406.4608663795,394424.52977790975,89135486.95545983,0.06628537936711594,,,,,UNKNOWN_MISSING_HISTORICAL_ETF_HOLDINGS,BLOCK_SUBMISSION,0,SELL_THEN_WAIT_SETTLEMENT,0.0
2025-10-09,1343193483.7919128,1366133496.5546727,136283384.58454245,0.1014622139170945,26,22940012.76276,2,117533.962434045,0.0,117533.962434045,82479973.63792631,0.0616298853051597,,,,,UNKNOWN_MISSING_HISTORICAL_ETF_HOLDINGS,BLOCK_SUBMISSION,0,BUY_WITH_SETTLED_CASH,0.0
2025-10-13,1332572693.516996,1355512706.2797558,240343468.4536618,0.18036049336965976,24,22940012.76276,2,148944.69981015503,313567.78907401056,462512.4888841656,104522596.35800353,0.07781648557654568,,,,,UNKNOWN_MISSING_HISTORICAL_ETF_HOLDINGS,BLOCK_SUBMISSION,0,SELL_THEN_WAIT_SETTLEMENT,0.0
2025-10-14,1306947846.4488518,1329887859.2116117,136201647.13856754,0.1042135288784822,25,22940012.76276,2,148190.92330829508,0.0,148190.92330829508,103993630.39178601,0.07803974289561687,,,,,UNKNOWN_MISSING_HISTORICAL_ETF_HOLDINGS,BLOCK_SUBMISSION,0,BUY_CASH_CAP_CORRECTION,0.0
2025-10-15,1339795412.3528087,1362735425.1155686,241221608.54511642,0.18004361436161975,22,22940012.76276,2,150318.6048307081,316460.2206962275,466778.82552693563,105486740.23207584,0.08071227977359395,,,,,UNKNOWN_MISSING_HISTORICAL_ETF_HOLDINGS,BLOCK_SUBMISSION,0,SELL_THEN_WAIT_SETTLEMENT,0.0
2025-10-16,1363588218.3177528,1386528231.0805128,135061818.24487248,0.09904883045373998,22,22940012.76276,2,151062.43720483076,0.0,151062.43720483076,106008727.8630391,0.07912307124330098,,,,,UNKNOWN_MISSING_HISTORICAL_ETF_HOLDINGS,BLOCK_SUBMISSION,0,BUY_CASH_CAP_CORRECTION,0.0
2025-10-17,1345967492.2434077,1368907505.0061677,222841331.13021612,0.16556219404585515,20,22940012.76276,2,125641.77069694865,264508.9909409445,390150.76163789316,88169663.64698151,0.06466003626502118,,,,,UNKNOWN_MISSING_HISTORICAL_ETF_HOLDINGS,BLOCK_SUBMISSION,0,SELL_THEN_WAIT_SETTLEMENT,0.0
2025-10-20,1366059709.9823015,1388999722.7450614,140348536.10038766,0.10273967900144423,22,22940012.76276,2,117384.95935043119,0.0,117384.95935043119,82375410.07047802,0.06120163417407489,,,,,UNKNOWN_MISSING_HISTORICAL_ETF_HOLDINGS,BLOCK_SUBMISSION,0,BUY_WITH_SETTLED_CASH,0.0
2025-10-21,1372079917.4180841,1395019930.180844,233099867.5002749,0.1698879668313427,20,22940012.76276,2,132758.10184550568,279490.7407273804,412248.84257288603,93163580.24246013,0.0681987614170007,,,,,UNKNOWN_MISSING_HISTORICAL_ETF_HOLDINGS,BLOCK_SUBMISSION,0,SELL_THEN_WAIT_SETTLEMENT,0.0
2025-10-22,1371455843.743386,1394395856.506146,140040545.87733468,0.10211086745242508,24,22940012.76276,2,132420.83362477447,0.0,132420.83362477447,92926900.78931543,0.06772703223014949,,,,,UNKNOWN_MISSING_HISTORICAL_ETF_HOLDINGS,BLOCK_SUBMISSION,0,BUY_WITH_SETTLED_CASH,0.0
2025-10-23,1375533776.769786,1398473789.5325458,271420494.248074,0.1973201231637221,21,22940012.76276,2,188048.54122321628,395891.66573308693,583940.2069563032,131963888.57769565,0.09622175528269322,,,,,UNKNOWN_MISSING_HISTORICAL_ETF_HOLDINGS,BLOCK_SUBMISSION,0,SELL_THEN_WAIT_SETTLEMENT,0.0
2025-10-27,1416121645.5564854,1439061658.3192453,135152968.8457649,0.09543881295074379,22,22940012.76276,2,193904.90920267656,0.0,193904.90920267656,136073620.49310637,0.09892423057226032,,,,,UNKNOWN_MISSING_HISTORICAL_ETF_HOLDINGS,BLOCK_SUBMISSION,0,BUY_CASH_CAP_CORRECTION,0.0
2025-10-28,1426165483.047854,1449105495.8106139,222090092.20370233,0.155725331207059,20,22940012.76276,2,124436.03021877893,261970.58993427147,386406.6201530504,87323529.97809048,0.061663862177444115,,,,,UNKNOWN_MISSING_HISTORICAL_ETF_HOLDINGS,BLOCK_SUBMISSION,0,SELL_THEN_WAIT_SETTLEMENT,0.0
2025-10-29,1444496364.0386732,1467436376.801433,145701939.3652508,0.10086694781140339,21,22940012.76276,2,108698.22282726454,0.0,108698.22282726454,76279454.61562425,0.05348569680189402,,,,,UNKNOWN_MISSING_HISTORICAL_ETF_HOLDINGS,BLOCK_SUBMISSION,0,BUY_CASH_CAP_CORRECTION,0.0
2025-10-30,1452002188.5899725,1474942201.3527324,195314835.66509402,0.13451414687932575,20,22940012.76276,2,71012.60801775518,149500.22740580037,220512.83542355555,49833409.13526679,0.034498812441408545,,,,,UNKNOWN_MISSING_HISTORICAL_ETF_HOLDINGS,BLOCK_SUBMISSION,0,SELL_THEN_WAIT_SETTLEMENT,0.0
2025-10-31,1463189298.398634,1486129311.161394,153413901.90897182,0.10484897755667938,22,22940012.76276,2,59623.86659257974,0.0,59623.86659257974,41841309.88952964,0.02881628569042406,,,,,UNKNOWN_MISSING_HISTORICAL_ETF_HOLDINGS,BLOCK_SUBMISSION,0,BUY_WITH_SETTLED_CASH,0.0
2025-11-03,1472620529.5557077,1495560542.3184676,242977761.97190386,0.16499685906539052,21,22940012.76276,2,128195.76685802494,269885.824964263,398081.59182228794,89961941.65475434,0.061483460652160225,,,,,UNKNOWN_MISSING_HISTORICAL_ETF_HOLDINGS,BLOCK_SUBMISSION,0,SELL_THEN_WAIT_SETTLEMENT,0.0
2025-11-04,1431814178.205013,1454754190.967773,149083411.41987437,0.10412203880169148,21,22940012.76276,2,133609.0566309429,0.0,133609.0566309429,93760741.49539854,0.0636693157630271,,,,,UNKNOWN_MISSING_HISTORICAL_ETF_HOLDINGS,BLOCK_SUBMISSION,0,BUY_CASH_CAP_CORRECTION,0.0
2025-11-05,1432534517.283754,1455474530.046514,236137217.35425276,0.16483876270010958,20,22940012.76276,2,124603.04191697178,262322.19350941427,386925.23542638606,87440731.16980475,0.06106988776953194,,,,,UNKNOWN_MISSING_HISTORICAL_ETF_HOLDINGS,BLOCK_SUBMISSION,0,SELL_THEN_WAIT_SETTLEMENT,0.0
2025-11-06,1458502044.9568536,1481442057.7196136,146603619.704913,0.10051656781136012,22,22940012.76276,2,127403.82619797706,0.0,127403.82619797706,89406193.8231418,0.06241119689923141,,,,,UNKNOWN_MISSING_HISTORICAL_ETF_HOLDINGS,BLOCK_SUBMISSION,0,BUY_WITH_SETTLED_CASH,0.0
2025-11-07,1441927958.077783,1464867970.840543,196961073.8072781,0.13659564106784125,21,22940012.76276,2,72078.31865592272,151743.82874931098,223822.1474052337,50581276.24977033,0.03468029162157716,,,,,UNKNOWN_MISSING_HISTORICAL_ETF_HOLDINGS,BLOCK_SUBMISSION,0,SELL_THEN_WAIT_SETTLEMENT,0.0
2025-11-10,1479281484.7755578,1502221497.5383177,152224534.52181023,0.10290437356816261,22,22940012.76276,2,63658.85461396681,0.0,63658.85461396681,44672880.4308539,0.030981353943928504,,,,,UNKNOWN_MISSING_HISTORICAL_ETF_HOLDINGS,BLOCK_SUBMISSION,0,BUY_CASH_CAP_CORRECTION,0.0
2025-11-11,1478003729.0504727,1500943741.8132327,297740713.5280174,0.20144787707626263,20,22940012.76276,2,208282.20383581874,438488.8501806711,646771.0540164898,146162950.06022367,0.09880671904874147,,,,,UNKNOWN_MISSING_HISTORICAL_ETF_HOLDINGS,BLOCK_SUBMISSION,0,SELL_THEN_WAIT_SETTLEMENT,0.0
2025-11-12,1480393259.719285,1503333272.482045,145383730.1199998,0.09820615513175718,23,22940012.76276,2,216799.76169600827,0.0,216799.76169600827,152140183.64632162,0.10293626508240437,,,,,UNKNOWN_MISSING_HISTORICAL_ETF_HOLDINGS,BLOCK_SUBMISSION,0,BUY_CASH_CAP_CORRECTION,0.0
2025-11-13,1496584263.0631704,1519524275.8259304,298383439.40923595,0.19937630427738987,20,22940012.76276,2,218993.632561245,461039.22644472634,680032.8590059713,153679742.14824212,0.10381007961180745,,,,,UNKNOWN_MISSING_HISTORICAL_ETF_HOLDINGS,BLOCK_SUBMISSION,0,SELL_THEN_WAIT_SETTLEMENT,0.0
2025-11-14,1457302436.8757346,1480242449.6384945,152798960.29435468,0.10485054881396866,23,22940012.76276,2,207162.67592551193,0.0,207162.67592551193,145377316.43895575,0.09713941274606294,,,,,UNKNOWN_MISSING_HISTORICAL_ETF_HOLDINGS,BLOCK_SUBMISSION,0,BUY_CASH_CAP_CORRECTION,0.0
2025-11-17,1480253957.588373,1503193970.3511329,258566069.065031,0.17467683010710294,21,22940012.76276,2,151388.02199554403,318711.6252537769,470099.64724932093,106237208.41792564,0.07289990446024662,,,,,UNKNOWN_MISSING_HISTORICAL_ETF_HOLDINGS,BLOCK_SUBMISSION,0,SELL_THEN_WAIT_SETTLEMENT,0.0
2025-11-18,1429000198.29546,1451940211.05822,153042675.81421405,0.10709772888538883,26,22940012.76276,2,150156.86185427185,0.0,150156.86185427185,105373236.38896269,0.07118591769255363,,,,,UNKNOWN_MISSING_HISTORICAL_ETF_HOLDINGS,BLOCK_SUBMISSION,0,BUY_WITH_SETTLED_CASH,0.0
2025-11-19,1419995675.6784782,1442935688.4412382,291649680.31365573,0.20538772427902263,23,22940012.76276,2,198392.8698608386,417669.1997070286,616062.0695678672,139223066.56900954,0.09742690500328663,,,,,UNKNOWN_MISSING_HISTORICAL_ETF_HOLDINGS,BLOCK_SUBMISSION,0,SELL_THEN_WAIT_SETTLEMENT,0.0
2025-11-20,1462021932.2735312,1484961945.0362911,135690738.78435254,0.09281033053542867,29,22940012.76276,2,221925.24820057128,0.0,221925.24820057128,155737016.28110266,0.10967428911830386,,,,,UNKNOWN_MISSING_HISTORICAL_ETF_HOLDINGS,BLOCK_SUBMISSION,0,BUY_CASH_CAP_CORRECTION,0.0
2025-11-21,1399192077.1238432,1422132089.886603,273830047.47943574,0.19570583049778012,26,22940012.76276,2,197723.44111743823,416259.8760367121,613983.3171541503,138753292.01223734,0.09490506876081381,,,,,UNKNOWN_MISSING_HISTORICAL_ETF_HOLDINGS,BLOCK_SUBMISSION,0,SELL_THEN_WAIT_SETTLEMENT,0.0
2025-11-24,1414107095.4886968,1437047108.2514567,139569832.50806874,0.09869820535751943,28,22940012.76276,2,191048.5621331582,0.0,191048.5621331582,134069166.40923384,0.09581898625728662,,,,,UNKNOWN_MISSING_HISTORICAL_ETF_HOLDINGS,BLOCK_SUBMISSION,0,BUY_CASH_CAP_CORRECTION,0.0
2025-11-25,1422026258.6976585,1444966271.4604185,285280356.26258767,0.20061539266079195,25,22940012.76276,2,208560.3760140516,439074.47581905604,647634.8518331076,146358158.60635203,0.10349863816769307,,,,,UNKNOWN_MISSING_HISTORICAL_ETF_HOLDINGS,BLOCK_SUBMISSION,0,SELL_THEN_WAIT_SETTLEMENT,0.0
2025-11-26,1431088921.5765269,1454028934.3392868,139320386.06840953,0.09735271090976678,28,22940012.76276,2,207696.98931692727,0.0,207696.98931692727,145752273.20486125,0.10249618972461612,,,,,UNKNOWN_MISSING_HISTORICAL_ETF_HOLDINGS,BLOCK_SUBMISSION,0,BUY_CASH_CAP_CORRECTION,0.0
2025-11-27,1451825839.8527856,1474765852.6155455,278926540.4430072,0.19212121232894586,25,22940012.76276,2,199822.98669994893,420679.97199989244,620502.9586998414,140226657.3332975,0.09798598481135606,,,,,UNKNOWN_MISSING_HISTORICAL_ETF_HOLDINGS,BLOCK_SUBMISSION,0,SELL_THEN_WAIT_SETTLEMENT,0.0
2025-11-28,1475334325.2982686,1498274338.0610285,141117212.20620444,0.09565100586789015,25,22940012.76276,2,196098.85187352414,0.0,196098.85187352414,137613229.3849292,0.09478632051271599,,,,,UNKNOWN_MISSING_HISTORICAL_ETF_HOLDINGS,BLOCK_SUBMISSION,0,BUY_CASH_CAP_CORRECTION,0.0
2025-12-01,1450583176.8622653,1473523189.6250253,286998823.06491065,0.19785064906495986,22,22940012.76276,2,208805.2587435968,439590.01840757224,648395.277151169,146530006.1358574,0.09931986507955301,,,,,UNKNOWN_MISSING_HISTORICAL_ETF_HOLDINGS,BLOCK_SUBMISSION,0,SELL_THEN_WAIT_SETTLEMENT,0.0
2025-12-02,1450756565.0553112,1473696577.8180711,139946743.5477538,0.09646466327892732,22,22940012.76276,2,209251.03059335303,0.0,209251.03059335303,146842828.4865635,0.10123020232745082,,,,,UNKNOWN_MISSING_HISTORICAL_ETF_HOLDINGS,BLOCK_SUBMISSION,0,BUY_CASH_CAP_CORRECTION,0.0
2025-12-03,1452559652.2403824,1475499665.0031424,186010563.01188418,0.12805709061585685,21,22940012.76276,2,65932.6949113686,138805.6734976181,204738.3684089867,46268557.832539365,0.03189270960202433,,,,,UNKNOWN_MISSING_HISTORICAL_ETF_HOLDINGS,BLOCK_SUBMISSION,0,SELL_THEN_WAIT_SETTLEMENT,0.0
2025-12-04,1444443781.0517182,1467383793.8144782,155668830.6593312,0.10777077841408733,22,22940012.76276,2,43175.44359526475,0.0,43175.44359526475,30298556.908957716,0.02085873503523671,,,,,UNKNOWN_MISSING_HISTORICAL_ETF_HOLDINGS,BLOCK_SUBMISSION,0,BUY_WITH_SETTLED_CASH,0.0
2025-12-05,1456540873.5451925,1479480886.3079524,283031364.4070389,0.19431748847400762,20,22940012.76276,2,182298.28048161467,383785.85364550457,566084.1341271192,127928617.88183483,0.0885660069017628,,,,,UNKNOWN_MISSING_HISTORICAL_ETF_HOLDINGS,BLOCK_SUBMISSION,0,SELL_THEN_WAIT_SETTLEMENT,0.0
2025-12-08,1453673820.4762292,1476613833.238989,137988282.64827207,0.09492382727444769,21,22940012.76276,2,206392.28250367517,0.0,206392.28250367517,144836689.47626325,0.09943880882912234,,,,,UNKNOWN_MISSING_HISTORICAL_ETF_HOLDINGS,BLOCK_SUBMISSION,0,BUY_CASH_CAP_CORRECTION,0.0
2025-12-09,1454371584.0455244,1477311596.8082843,190459819.25399563,0.1309567797826514,20,22940012.76276,2,75104.27608483145,158114.2654417504,233218.54152658186,52704755.14725014,0.0362562456617564,,,,,UNKNOWN_MISSING_HISTORICAL_ETF_HOLDINGS,BLOCK_SUBMISSION,0,SELL_THEN_WAIT_SETTLEMENT,0.0
2025-12-10,1460538589.1527684,1483478601.9155283,155214220.04635438,0.10627190626739366,23,22940012.76276,2,50153.51011896924,0.0,50153.51011896924,35195445.697522275,0.02419976165899883,,,,,UNKNOWN_MISSING_HISTORICAL_ETF_HOLDINGS,BLOCK_SUBMISSION,0,BUY_WITH_SETTLED_CASH,0.0
2025-12-11,1452654954.4009938,1475594967.1637537,274154978.55389273,0.18872683958658393,21,22940012.76276,2,170243.9101757699,358408.23194898927,528652.1421247591,119469410.64966309,0.08179818837855225,,,,,UNKNOWN_MISSING_HISTORICAL_ETF_HOLDINGS,BLOCK_SUBMISSION,0,SELL_THEN_WAIT_SETTLEMENT,0.0
2025-12-12,1473531911.2829669,1496471924.0457268,141156298.4830182,0.09579453108695622,27,22940012.76276,2,189253.43295902963,0.0,189253.43295902963,132809426.63791552,0.0914253080096917,,,,,UNKNOWN_MISSING_HISTORICAL_ETF_HOLDINGS,BLOCK_SUBMISSION,0,BUY_CASH_CAP_CORRECTION,0.0
2025-12-15,1463854730.1156068,1486794742.8783667,273782060.44378895,0.18702816257059007,24,22940012.76276,2,189831.71613800907,399645.7181852822,589477.4343232913,133215239.39509407,0.09040539833243716,,,,,UNKNOWN_MISSING_HISTORICAL_ETF_HOLDINGS,BLOCK_SUBMISSION,0,SELL_THEN_WAIT_SETTLEMENT,0.0
2025-12-16,1434324877.0548866,1457264889.8176465,149525072.37892106,0.10424770201709278,25,22940012.76276,2,176814.2476894793,0.0,176814.2476894793,124080173.81717843,0.08476262791962921,,,,,UNKNOWN_MISSING_HISTORICAL_ETF_HOLDINGS,BLOCK_SUBMISSION,0,BUY_CASH_CAP_CORRECTION,0.0
2025-12-17,1433385656.9430406,1456325669.7058005,259345257.47950912,0.18093194683739947,23,22940012.76276,2,157189.32653826987,330924.897975305,488114.22451357485,110308299.32510164,0.07690607692142855,,,,,UNKNOWN_MISSING_HISTORICAL_ETF_HOLDINGS,BLOCK_SUBMISSION,0,SELL_THEN_WAIT_SETTLEMENT,0.0
2025-12-18,1425628803.5266964,1448568816.2894564,143840898.4642422,0.1008964592384855,26,22940012.76276,2,164359.49931023832,0.0,164359.49931023832,115339999.51595671,0.08046682967509285,,,,,UNKNOWN_MISSING_HISTORICAL_ETF_HOLDINGS,BLOCK_SUBMISSION,0,BUY_CASH_CAP_CORRECTION,0.0
2025-12-19,1440451073.566909,1463391086.329669,267344302.40036702,0.18559762792800533,24,22940012.76276,2,176774.57811714627,372157.0065624132,548931.5846795595,124052335.5208044,0.08701587342646686,,,,,UNKNOWN_MISSING_HISTORICAL_ETF_HOLDINGS,BLOCK_SUBMISSION,0,SELL_THEN_WAIT_SETTLEMENT,0.0
2025-12-22,1464919918.636713,1487859931.399473,139117635.08282664,0.09496603419270358,24,22940012.76276,2,182462.99116508482,0.0,182462.99116508482,128044204.3263753,0.08889174139688517,,,,,UNKNOWN_MISSING_HISTORICAL_ETF_HOLDINGS,BLOCK_SUBMISSION,0,BUY_CASH_CAP_CORRECTION,0.0
2025-12-23,1470034489.3678088,1492974502.1305687,267456245.40282,0.18193875540827623,22,22940012.76276,2,183695.37172587757,386727.0983702686,570422.4700961462,128909032.79008952,0.08799732405171685,,,,,UNKNOWN_MISSING_HISTORICAL_ETF_HOLDINGS,BLOCK_SUBMISSION,0,SELL_THEN_WAIT_SETTLEMENT,0.0
2025-12-24,1479296896.9966924,1502236909.7594523,145634027.2524679,0.09844813948311387,22,22940012.76276,2,173349.637630628,0.0,173349.637630628,121648868.5127214,0.08275239077216259,,,,,UNKNOWN_MISSING_HISTORICAL_ETF_HOLDINGS,BLOCK_SUBMISSION,0,BUY_CASH_CAP_CORRECTION,0.0
2025-12-26,1487303187.3456092,1510243200.108369,247601363.5748726,0.16647672490823268,20,22940012.76276,2,145949.27982264193,307261.6417318777,453210.9215545196,102420547.24395923,0.06923596436381103,,,,,UNKNOWN_MISSING_HISTORICAL_ETF_HOLDINGS,BLOCK_SUBMISSION,0,SELL_THEN_WAIT_SETTLEMENT,0.0
2025-12-29,1481267909.6779306,1504207922.4406905,147710966.6575906,0.09971927812147575,21,22940012.76276,2,142141.26430549158,0.0,142141.26430549158,99748255.65297653,0.06706652449995572,,,,,UNKNOWN_MISSING_HISTORICAL_ETF_HOLDINGS,BLOCK_SUBMISSION,0,BUY_CASH_CAP_CORRECTION,0.0
2025-12-30,1492521431.6702955,1515461444.4330554,206090015.9222943,0.13808177996590434,20,22940012.76276,2,83559.89774974537,175915.57420999024,259475.47195973562,58638524.736663416,0.03958671105580967,,,,,UNKNOWN_MISSING_HISTORICAL_ETF_HOLDINGS,BLOCK_SUBMISSION,0,SELL_THEN_WAIT_SETTLEMENT,0.0
2025-12-31,1500577802.093578,1523517814.856338,155062872.26411024,0.10333544321911828,24,22940012.76276,2,72610.21016342942,0.0,72610.21016342942,50954533.44802065,0.03413990068537705,,,,,UNKNOWN_MISSING_HISTORICAL_ETF_HOLDINGS,BLOCK_SUBMISSION,0,BUY_WITH_SETTLED_CASH,0.0
2026-01-02,1494629033.9174607,1517569046.6802206,212376074.41746074,0.14209283347107052,23,22940012.76276,2,82034.3149120101,172703.82086738967,254738.13577939977,57567940.28912989,0.038363849051220256,,,,,UNKNOWN_MISSING_HISTORICAL_ETF_HOLDINGS,BLOCK_SUBMISSION,0,SELL_THEN_WAIT_SETTLEMENT,0.0
2026-01-05,1495093850.1214163,1518033862.8841763,156415723.1214164,0.10461933417003481,24,22940012.76276,2,79630.02780723792,0.0,79630.02780723792,55880721.26823714,0.037387686175058665,,,,,UNKNOWN_MISSING_HISTORICAL_ETF_HOLDINGS,BLOCK_SUBMISSION,0,BUY_CASH_CAP_CORRECTION,0.0
2026-01-06,1503078054.0479727,1526018066.8107326,215009157.5479727,0.14304590301809464,23,22940012.76276,2,83866.7544462675,176561.58830793155,260428.34275419905,58853862.76931052,0.039364661131159766,,,,,UNKNOWN_MISSING_HISTORICAL_ETF_HOLDINGS,BLOCK_SUBMISSION,0,SELL_THEN_WAIT_SETTLEMENT,0.0
2026-01-07,1484044231.155261,1506984243.918021,156329262.65526092,0.10534002920759693,23,22940012.76276,2,83499.8629174569,0.0,83499.8629174569,58596395.02979432,0.03898426623420326,,,,,UNKNOWN_MISSING_HISTORICAL_ETF_HOLDINGS,BLOCK_SUBMISSION,0,BUY_CASH_CAP_CORRECTION,0.0
2026-01-08,1492060809.1287243,1515000821.8914843,286424356.12872434,0.1919656051390957,21,22940012.76276,2,186209.4851715695,392019.9687822516,578229.4539538211,130673322.92741719,0.088052175389472,,,,,UNKNOWN_MISSING_HISTORICAL_ETF_HOLDINGS,BLOCK_SUBMISSION,0,SELL_THEN_WAIT_SETTLEMENT,0.0
2026-01-09,1486667672.2801394,1509607685.0428994,153613170.28013954,0.10332717469031877,24,22940012.76276,2,188986.63388095307,0.0,188986.63388095307,132622199.21470389,0.08888525079091612,,,,,UNKNOWN_MISSING_HISTORICAL_ETF_HOLDINGS,BLOCK_SUBMISSION,0,BUY_CASH_CAP_CORRECTION,0.0
2026-01-12,1521802254.6752398,1544742267.4379997,249837818.17523974,0.16417232752001434,22,22940012.76276,2,137729.57662709267,289957.0034254583,427686.58005255094,96652334.47515276,0.06501273706107745,,,,,UNKNOWN_MISSING_HISTORICAL_ETF_HOLDINGS,BLOCK_SUBMISSION,0,SELL_THEN_WAIT_SETTLEMENT,0.0
2026-01-13,1502283100.81173,1525223113.5744898,158241858.81172997,0.10533424673833248,25,22940012.76276,2,130338.50971665524,0.0,130338.50971665524,91465620.85379314,0.06010348622680439,,,,,UNKNOWN_MISSING_HISTORICAL_ETF_HOLDINGS,BLOCK_SUBMISSION,0,BUY_WITH_SETTLED_CASH,0.0
2026-01-14,1525654461.8798847,1548594474.6426446,309134279.37988484,0.20262404568264755,22,22940012.76276,2,215977.39930152998,454689.2616874316,670666.6609889616,151563087.22914383,0.10088849907667177,,,,,UNKNOWN_MISSING_HISTORICAL_ETF_HOLDINGS,BLOCK_SUBMISSION,0,SELL_THEN_WAIT_SETTLEMENT,0.0
2026-01-15,1526144124.5123339,1549084137.2750938,151112004.01233396,0.09901555271565225,23,22940012.76276,2,224861.31502484967,0.0,224861.31502484967,157797414.05252606,0.10342932688578176,,,,,UNKNOWN_MISSING_HISTORICAL_ETF_HOLDINGS,BLOCK_SUBMISSION,0,BUY_CASH_CAP_CORRECTION,0.0
2026-01-16,1533264637.0566123,1556204649.8193722,300000501.5566122,0.19566126701553566,20,22940012.76276,2,213109.1168426251,448650.7723002634,661759.8891428885,149550257.43342113,0.09799222434592056,,,,,UNKNOWN_MISSING_HISTORICAL_ETF_HOLDINGS,BLOCK_SUBMISSION,0,SELL_THEN_WAIT_SETTLEMENT,0.0
2026-01-19,1534828438.7528853,1557768451.5156453,148083463.25288534,0.09648209501070333,21,22940012.76276,2,216173.73201468991,0.0,216173.73201468991,151700864.57171217,0.09893977915184315,,,,,UNKNOWN_MISSING_HISTORICAL_ETF_HOLDINGS,BLOCK_SUBMISSION,0,BUY_CASH_CAP_CORRECTION,0.0
2026-01-20,1542169915.3847814,1565109928.1475413,208836210.38478127,0.13541712122731644,20,22940012.76276,2,86957.45138533179,183068.3187059617,270025.7700912935,61022772.901987225,0.03975869312896683,,,,,UNKNOWN_MISSING_HISTORICAL_ETF_HOLDINGS,BLOCK_SUBMISSION,0,SELL_THEN_WAIT_SETTLEMENT,0.0
2026-01-21,1515168824.9326687,1538108837.6954286,163866250.4326687,0.10815048972509753,25,22940012.76276,2,63991.00574856873,0.0,63991.00574856873,44905968.94636402,0.029118690812458038,,,,,UNKNOWN_MISSING_HISTORICAL_ETF_HOLDINGS,BLOCK_SUBMISSION,0,BUY_WITH_SETTLED_CASH,0.0
2026-01-22,1562231132.6017764,1585171145.3645363,302969233.60177636,0.19393368066939257,23,22940012.76276,2,199102.78082111187,419163.7490970776,618266.5299181894,139721249.69902587,0.09221497129551542,,,,,UNKNOWN_MISSING_HISTORICAL_ETF_HOLDINGS,BLOCK_SUBMISSION,0,SELL_THEN_WAIT_SETTLEMENT,0.0
2026-01-23,1564818350.399442,1587758363.162202,154855479.8994419,0.09896067480286952,24,22940012.76276,2,210761.76351282094,0.0,210761.76351282094,147902991.93882167,0.0946742059175972,,,,,UNKNOWN_MISSING_HISTORICAL_ETF_HOLDINGS,BLOCK_SUBMISSION,0,BUY_CASH_CAP_CORRECTION,0.0
2026-01-26,1588894467.514594,1611834480.277354,274123801.01459396,0.17252486343123108,22,22940012.76276,2,170712.76155899023,359395.287492611,530108.0490516012,119798429.16420367,0.076557403058076,,,,,UNKNOWN_MISSING_HISTORICAL_ETF_HOLDINGS,BLOCK_SUBMISSION,0,SELL_THEN_WAIT_SETTLEMENT,0.0
2026-01-27,1601150445.9642162,1624090458.7269762,156928409.96421626,0.09800978437707872,22,22940012.76276,2,166765.79099462085,0.0,166765.79099462085,117028625.25938305,0.0736541209325522,,,,,UNKNOWN_MISSING_HISTORICAL_ETF_HOLDINGS,BLOCK_SUBMISSION,0,BUY_CASH_CAP_CORRECTION,0.0
2026-01-28,1633072180.2592053,1656012193.0219653,218301907.25920528,0.13367560227776085,21,22940012.76276,2,87845.95198288359,184938.84627975494,272784.7982626385,61646282.093251646,0.0385012428086532,,,,,UNKNOWN_MISSING_HISTORICAL_ETF_HOLDINGS,BLOCK_SUBMISSION,0,SELL_THEN_WAIT_SETTLEMENT,0.0
2026-01-29,1612247251.6081333,1635187264.3708932,174907932.10813338,0.10848704002048802,22,22940012.76276,2,61748.423087377974,0.0,61748.423087377974,43332226.72798454,0.026534177271396994,,,,,UNKNOWN_MISSING_HISTORICAL_ETF_HOLDINGS,BLOCK_SUBMISSION,0,BUY_WITH_SETTLED_CASH,0.0
2026-01-30,1605523606.540129,1628463619.3028889,224123888.54012886,0.13959551116355823,21,22940012.76276,2,70444.45462731946,148304.11500488306,218748.5696322025,49434705.00162768,0.03066198745404535,,,,,UNKNOWN_MISSING_HISTORICAL_ETF_HOLDINGS,BLOCK_SUBMISSION,0,SELL_THEN_WAIT_SETTLEMENT,0.0
2026-02-02,1560818905.9187229,1583758918.6814828,173689082.4187228,0.11128073971944019,22,22940012.76276,2,71767.33027735837,0.0,71767.33027735837,50363038.79112868,0.031368606843259074,,,,,UNKNOWN_MISSING_HISTORICAL_ETF_HOLDINGS,BLOCK_SUBMISSION,0,BUY_CASH_CAP_CORRECTION,0.0
2026-02-03,1593325005.809261,1616265018.572021,277049430.8092611,0.17388130469247592,20,22940012.76276,2,147943.14487257815,311459.2523633224,459402.3972359006,103819750.78777413,0.06651620530356414,,,,,UNKNOWN_MISSING_HISTORICAL_ETF_HOLDINGS,BLOCK_SUBMISSION,0,SELL_THEN_WAIT_SETTLEMENT,0.0
2026-02-04,1615581366.1627274,1638521378.9254873,161227239.1627273,0.09979518366547432,26,22940012.76276,2,164811.76632929145,0.0,164811.76632929145,115657379.88020453,0.07258869311566558,,,,,UNKNOWN_MISSING_HISTORICAL_ETF_HOLDINGS,BLOCK_SUBMISSION,0,BUY_WITH_SETTLED_CASH,0.0
2026-02-05,1559882767.7084198,1582822780.4711797,308211119.2084198,0.19758607863923272,23,22940012.76276,2,210382.97372383985,442911.5236291365,653294.4973529764,147637174.5430455,0.09138331107006277,,,,,UNKNOWN_MISSING_HISTORICAL_ETF_HOLDINGS,BLOCK_SUBMISSION,0,SELL_THEN_WAIT_SETTLEMENT,0.0
2026-02-06,1525123141.8526876,1548063154.6154475,157657057.3526877,0.10337332968482087,24,22940012.76276,2,214234.25433199512,0.0,214234.25433199512,150339827.6014001,0.09637892713069723,,,,,UNKNOWN_MISSING_HISTORICAL_ETF_HOLDINGS,BLOCK_SUBMISSION,0,BUY_CASH_CAP_CORRECTION,0.0
2026-02-09,1574943420.6427307,1597883433.4054906,287239758.1427306,0.18238100136035917,21,22940012.76276,2,185476.08028105475,390475.95848643105,575952.0387674858,130158652.82881035,0.08534304493648713,,,,,UNKNOWN_MISSING_HISTORICAL_ETF_HOLDINGS,BLOCK_SUBMISSION,0,SELL_THEN_WAIT_SETTLEMENT,0.0
2026-02-10,1596033702.897942,1618973715.660702,154328190.89794213,0.09669481955031785,23,22940012.76276,2,189129.4738236249,0.0,189129.4738236249,132722437.77096483,0.08427124176740337,,,,,UNKNOWN_MISSING_HISTORICAL_ETF_HOLDINGS,BLOCK_SUBMISSION,0,BUY_CASH_CAP_CORRECTION,0.0
2026-02-11,1598483331.9216554,1621423344.6844153,303168320.92165536,0.18965998260187938,20,22940012.76276,2,213039.88678280526,448505.0248059059,661544.9115887112,149501674.93530196,0.0936707506012245,,,,,UNKNOWN_MISSING_HISTORICAL_ETF_HOLDINGS,BLOCK_SUBMISSION,0,SELL_THEN_WAIT_SETTLEMENT,0.0
2026-02-23,1635572909.6613622,1658512922.424122,161796067.1613621,0.09892317621894413,22,22940012.76276,2,201168.79607401238,0.0,201168.79607401238,141171084.9642192,0.08831564405148158,,,,,UNKNOWN_MISSING_HISTORICAL_ETF_HOLDINGS,BLOCK_SUBMISSION,0,BUY_CASH_CAP_CORRECTION,0.0
2026-02-24,1697783038.0999112,1720723050.8626711,271819157.5999112,0.16010241090882849,20,22940012.76276,2,157479.75177654374,331536.31952956575,489016.0713061095,110512106.50985527,0.06756782645216121,,,,,UNKNOWN_MISSING_HISTORICAL_ETF_HOLDINGS,BLOCK_SUBMISSION,0,SELL_THEN_WAIT_SETTLEMENT,0.0
2026-02-25,1739715034.2826142,1762655047.0453742,172630351.2826142,0.09922909665133735,20,22940012.76276,2,141142.9203406627,0.0,141142.9203406627,99047663.3969563,0.058339411558620796,,,,,UNKNOWN_MISSING_HISTORICAL_ETF_HOLDINGS,BLOCK_SUBMISSION,0,BUY_CASH_CAP_CORRECTION,0.0
2026-02-26,1768904888.7826142,1791844901.5453742,171248384.7826142,0.09681039713812414,21,22940012.76276,2,1966.5,0.0,1966.5,1380000.0,0.000793233358800658,,,,,UNKNOWN_MISSING_HISTORICAL_ETF_HOLDINGS,BLOCK_SUBMISSION,0,BUY_CASH_CAP_CORRECTION,0.0
2026-03-02,1768110736.2345881,1791050748.997348,234005754.73458827,0.13234790668877033,20,22940012.76276,2,89826.73548608898,189108.91681281888,278935.65229890787,63036305.60427296,0.03563578008292772,,,,,UNKNOWN_MISSING_HISTORICAL_ETF_HOLDINGS,BLOCK_SUBMISSION,0,SELL_THEN_WAIT_SETTLEMENT,0.0
2026-03-03,1762945041.8269558,1785885054.5897157,189248842.32695588,0.1073481236436251,22,22940012.76276,2,63687.84500174866,0.0,63687.84500174866,44693224.56263064,0.02527738995455139,,,,,UNKNOWN_MISSING_HISTORICAL_ETF_HOLDINGS,BLOCK_SUBMISSION,0,BUY_CASH_CAP_CORRECTION,0.0
2026-03-04,1654707724.4628193,1677647737.2255793,200489241.96281928,0.12116293348899768,22,22940012.76276,2,16088.762254079642,33871.07842964135,49959.84068372099,11290359.476547116,0.006404260602954937,,,,,UNKNOWN_MISSING_HISTORICAL_ETF_HOLDINGS,BLOCK_SUBMISSION,0,SELL_THEN_WAIT_SETTLEMENT,0.0
2026-03-05,1699672189.7669191,1722612202.529679,177602983.7669192,0.10449249263252015,26,22940012.76276,2,32566.510651479264,0.0,32566.510651479264,22853691.685248606,0.01381131625083081,,,,,UNKNOWN_MISSING_HISTORICAL_ETF_HOLDINGS,BLOCK_SUBMISSION,0,BUY_WITH_SETTLED_CASH,0.0
2026-03-06,1711098328.1859004,1734038340.9486604,314912699.1859005,0.18404126402237192,24,22940012.76276,2,196536.01634437224,413760.0344092047,610296.0507535769,137920011.4697349,0.08114506567801658,,,,,UNKNOWN_MISSING_HISTORICAL_ETF_HOLDINGS,BLOCK_SUBMISSION,0,SELL_THEN_WAIT_SETTLEMENT,0.0
2026-03-09,1605553533.5571332,1628493546.3198931,318996517.5571331,0.19868320232860157,24,22940012.76276,2,5845.306660981278,12305.908759960585,18151.215420941862,4101969.5866535283,0.002397272862163579,,,,,UNKNOWN_MISSING_HISTORICAL_ETF_HOLDINGS,BLOCK_SUBMISSION,0,SELL_THEN_WAIT_SETTLEMENT,0.0
2026-03-10,1651730167.1892462,1674670179.952006,156983369.11191466,0.09504177633266438,29,22940012.76276,2,230540.2167256022,0.0,230540.2167256022,161782608.22849277,0.10076438116022232,,,,,UNKNOWN_MISSING_HISTORICAL_ETF_HOLDINGS,BLOCK_SUBMISSION,0,BUY_CASH_CAP_CORRECTION,0.0
2026-03-11,1733850120.678853,1756790133.441613,163248275.33351603,0.09415362572954089,29,22940012.76276,2,8967.171097890121,18878.25494292657,27845.426040816692,6292751.647642191,0.0038097939800606677,,,,,UNKNOWN_MISSING_HISTORICAL_ETF_HOLDINGS,BLOCK_SUBMISSION,0,SELL_THEN_WAIT_SETTLEMENT,0.0
2026-03-12,1733662959.3560252,1756602972.1187851,161389056.3560253,0.09309136789539173,29,22940012.76276,2,2645.6170386442263,0.0,2645.6170386442263,1856573.3604520888,0.001070780766059056,,,,,UNKNOWN_MISSING_HISTORICAL_ETF_HOLDINGS,BLOCK_SUBMISSION,0,BUY_CASH_CAP_CORRECTION,0.0
2026-03-13,1752179436.0441284,1775119448.8068883,346184249.54412836,0.19757351468848636,26,22940012.76276,2,264503.5786284778,556849.6392178482,821353.2178463261,185616546.40594935,0.1070661084406494,,,,,UNKNOWN_MISSING_HISTORICAL_ETF_HOLDINGS,BLOCK_SUBMISSION,0,SELL_THEN_WAIT_SETTLEMENT,0.0
2026-03-16,1759296596.3087702,1782236609.07153,167111495.07940012,0.09498767600075023,26,22940012.76276,2,254815.5629350552,0.0,254815.5629350552,178817938.90179312,0.10205458141062763,,,,,UNKNOWN_MISSING_HISTORICAL_ETF_HOLDINGS,BLOCK_SUBMISSION,0,BUY_CASH_CAP_CORRECTION,0.0
2026-03-17,1767202717.7371097,1790142730.4998696,356450122.2371098,0.20170301836879337,24,22940012.76276,2,271006.7485621237,570540.5232886814,841547.271850805,190180174.42956045,0.10810012071221126,,,,,UNKNOWN_MISSING_HISTORICAL_ETF_HOLDINGS,BLOCK_SUBMISSION,0,SELL_THEN_WAIT_SETTLEMENT,0.0
2026-03-18,1798243813.2350495,1821183825.9978094,169605953.46441963,0.09431755150003697,27,22940012.76276,2,265874.06995140284,0.0,265874.06995140284,186578294.70273885,0.10557832037608623,,,,,UNKNOWN_MISSING_HISTORICAL_ETF_HOLDINGS,BLOCK_SUBMISSION,0,BUY_CASH_CAP_CORRECTION,0.0
2026-03-19,1828752605.7904909,1851692618.5532508,313492911.9573609,0.17142445127062525,24,22940012.76276,2,205950.2456896179,433579.4646097219,639529.7102993398,144526488.20324063,0.08037090807126802,,,,,UNKNOWN_MISSING_HISTORICAL_ETF_HOLDINGS,BLOCK_SUBMISSION,0,SELL_THEN_WAIT_SETTLEMENT,0.0
2026-03-20,1846304449.0316129,1869244461.7943728,183503827.542416,0.0993897987077179,24,22940012.76276,2,184970.86181321263,0.0,184970.86181321263,129804113.55313167,0.07097959184972587,,,,,UNKNOWN_MISSING_HISTORICAL_ETF_HOLDINGS,BLOCK_SUBMISSION,0,BUY_CASH_CAP_CORRECTION,0.0
2026-03-23,1778222683.9636154,1801162696.7263753,304329686.2366868,0.1711426184027432,22,22940012.76276,2,172942.11750931462,364088.6684406623,537030.7859499769,121362889.48022076,0.06573286954048972,,,,,UNKNOWN_MISSING_HISTORICAL_ETF_HOLDINGS,BLOCK_SUBMISSION,0,SELL_THEN_WAIT_SETTLEMENT,0.0
2026-03-24,1744878074.9402728,1767818087.7030327,177759078.62630796,0.10187478493727573,23,22940012.76276,2,180106.46413339983,0.0,180106.46413339983,126390501.1462455,0.07107686921669681,,,,,UNKNOWN_MISSING_HISTORICAL_ETF_HOLDINGS,BLOCK_SUBMISSION,0,BUY_CASH_CAP_CORRECTION,0.0
2026-03-25,1834460626.5179477,1857400639.2807076,371150417.8319124,0.20232127769152816,21,22940012.76276,2,276807.53169573995,582752.698306821,859560.230002561,194250899.435607,0.11132634550540513,,,,,UNKNOWN_MISSING_HISTORICAL_ETF_HOLDINGS,BLOCK_SUBMISSION,0,SELL_THEN_WAIT_SETTLEMENT,0.0
2026-03-26,1829237252.8968189,1852177265.6595788,179965345.64187494,0.0983827250166035,21,22940012.76276,2,272051.0551172612,0.0,272051.0551172612,190913021.13492012,0.1040703836185891,,,,,UNKNOWN_MISSING_HISTORICAL_ETF_HOLDINGS,BLOCK_SUBMISSION,0,BUY_CASH_CAP_CORRECTION,0.0
2026-03-27,1836824521.196216,1859764533.958976,229731373.45061055,0.12506985332545537,20,22940012.76276,2,71231.79029952364,149961.66378847082,221193.45408799447,49987221.262823604,0.027326811316390358,,,,,UNKNOWN_MISSING_HISTORICAL_ETF_HOLDINGS,BLOCK_SUBMISSION,0,SELL_THEN_WAIT_SETTLEMENT,0.0
2026-03-30,1799265903.4518235,1822205916.2145834,196045104.7067673,0.10895838371119143,25,22940012.76276,2,47934.62611775887,0.0,47934.62611775887,33638334.11772552,0.01831330850037806,,,,,UNKNOWN_MISSING_HISTORICAL_ETF_HOLDINGS,BLOCK_SUBMISSION,0,BUY_WITH_SETTLED_CASH,0.0
2026-03-31,1711153801.495367,1734093814.258127,333670638.0015927,0.19499745593294998,23,22940012.76276,2,196988.05709778395,414711.69915322936,611699.7562510134,138237233.05107644,0.07682979641078817,,,,,UNKNOWN_MISSING_HISTORICAL_ETF_HOLDINGS,BLOCK_SUBMISSION,0,SELL_THEN_WAIT_SETTLEMENT,0.0
2026-04-01,1801239300.0891201,1824179312.85188,162215730.8409513,0.09005784563601589,23,22940012.76276,2,243975.57750596793,0.0,243975.57750596793,171210931.58313537,0.10005584035375147,,,,,UNKNOWN_MISSING_HISTORICAL_ETF_HOLDINGS,BLOCK_SUBMISSION,0,REPLAN_FUNDED_RULE_REPAIR,0.0
2026-04-02,1785536313.2658992,1808476326.028659,310761605.769012,0.1740438452358341,21,22940012.76276,2,212618.70956229966,447618.33592063084,660237.0454829305,149206111.9735436,0.08283525235439917,,,,,UNKNOWN_MISSING_HISTORICAL_ETF_HOLDINGS,BLOCK_SUBMISSION,0,SELL_THEN_WAIT_SETTLEMENT,0.0
2026-04-07,1820196081.3208137,1843136094.0835736,176430378.5752083,0.0969293255741891,21,22940012.76276,2,191149.61055612774,0.0,191149.61055612774,134140077.58324751,0.07512593084029402,,,,,UNKNOWN_MISSING_HISTORICAL_ETF_HOLDINGS,BLOCK_SUBMISSION,0,REPLAN_FUNDED_RULE_REPAIR,0.0
2026-04-08,1928102385.6840324,1951042398.4467924,242364298.93275058,0.12570094862818557,20,22940012.76276,2,94373.43897697087,198680.9241620439,293054.36313901475,66226974.7206813,0.0363845276892499,,,,,UNKNOWN_MISSING_HISTORICAL_ETF_HOLDINGS,BLOCK_SUBMISSION,0,SELL_THEN_WAIT_SETTLEMENT,0.0
2026-04-09,1955622789.8788052,1978562802.641565,204595145.69472304,0.10461892076201583,20,22940012.76276,2,53744.45751223426,0.0,53744.45751223426,37715408.78051527,0.019560895241118113,,,,,UNKNOWN_MISSING_HISTORICAL_ETF_HOLDINGS,BLOCK_SUBMISSION,0,BUY_CASH_CAP_CORRECTION,0.0
2026-04-10,1999007438.0071507,2021947450.7699106,202341187.40656483,0.10122082767650065,21,22940012.76276,2,3207.3201294410023,0.0,3207.3201294410023,2250750.9680287736,0.0011509126298166418,,,,,UNKNOWN_MISSING_HISTORICAL_ETF_HOLDINGS,BLOCK_SUBMISSION,0,BUY_CASH_CAP_CORRECTION,0.0
2026-04-13,2025144188.58433,2048084201.34709,287712622.58432996,0.1420701914491602,20,22940012.76276,2,122195.00803888742,257252.64850292087,379447.6565418083,85750882.83430696,0.0428967302491849,,,,,UNKNOWN_MISSING_HISTORICAL_ETF_HOLDINGS,BLOCK_SUBMISSION,0,SELL_THEN_WAIT_SETTLEMENT,0.0
2026-04-14,2064999858.571301,2087939871.334061,217111021.1718868,0.10513851624285248,21,22940012.76276,2,100464.12064081832,0.0,100464.12064081832,70501137.29180233,0.034812897614508086,,,,,UNKNOWN_MISSING_HISTORICAL_ETF_HOLDINGS,BLOCK_SUBMISSION,0,BUY_CASH_CAP_CORRECTION,0.0
2026-04-15,2117366129.6966043,2140306142.4593642,292909521.2971903,0.13833673694362963,20,22940012.76276,2,108492.9439555609,228406.19780118085,336899.14175674174,76135399.26706028,0.03686944526947117,,,,,UNKNOWN_MISSING_HISTORICAL_ETF_HOLDINGS,BLOCK_SUBMISSION,0,SELL_THEN_WAIT_SETTLEMENT,0.0
2026-04-16,2158521355.8160167,2182309611.7797766,225161687.41660246,0.10431293015003847,20,23788255.96376,2,96403.28859359179,0.0,96403.28859359179,67651430.59199423,0.03195074750803157,,,,,UNKNOWN_MISSING_HISTORICAL_ETF_HOLDINGS,BLOCK_SUBMISSION,0,BUY_CASH_CAP_CORRECTION,0.0
2026-04-17,2192185330.0049,2215973585.96866,223379135.45460698,0.10189792459477305,21,23788255.96376,2,2536.522001990713,0.0,2536.522001990713,1780015.4399934825,0.000824645739639003,,,,,UNKNOWN_MISSING_HISTORICAL_ETF_HOLDINGS,BLOCK_SUBMISSION,0,BUY_CASH_CAP_CORRECTION,0.0
2026-04-20,2225435423.614868,2249223679.578628,294129392.1148684,0.13216712064244115,20,23788255.96376,2,101267.22320354819,213194.15411273303,314461.3773162812,71064718.03757767,0.032417294771979355,,,,,UNKNOWN_MISSING_HISTORICAL_ETF_HOLDINGS,BLOCK_SUBMISSION,0,SELL_THEN_WAIT_SETTLEMENT,0.0
2026-04-21,2271310815.051808,2295099071.015568,237217322.95122206,0.10444071387288807,20,23788255.96376,2,80984.29593648654,0.0,80984.29593648654,56831084.867709845,0.025537063113427363,,,,,UNKNOWN_MISSING_HISTORICAL_ETF_HOLDINGS,BLOCK_SUBMISSION,0,BUY_CASH_CAP_CORRECTION,0.0
2026-04-22,2312828423.851115,2336616679.814875,235300166.85111508,0.10173697470360307,21,23788255.96376,2,2728.059957213416,0.0,2728.059957213416,1914428.0401497656,0.0008428736514012055,,,,,UNKNOWN_MISSING_HISTORICAL_ETF_HOLDINGS,BLOCK_SUBMISSION,0,BUY_CASH_CAP_CORRECTION,0.0
2026-04-23,2259163404.421825,2282951660.385585,313384026.3212391,0.1387168478861943,20,23788255.96376,2,111764.05569136098,235292.74882391785,347056.80451527884,78430916.27463928,0.03391125578785612,,,,,UNKNOWN_MISSING_HISTORICAL_ETF_HOLDINGS,BLOCK_SUBMISSION,0,SELL_THEN_WAIT_SETTLEMENT,0.0
2026-04-24,2310493583.681879,2334281839.645639,237250686.23217225,0.1026839840230598,21,23788255.96376,2,108335.63135224332,0.0,108335.63135224332,76025004.45771462,0.033651839574292006,,,,,UNKNOWN_MISSING_HISTORICAL_ETF_HOLDINGS,BLOCK_SUBMISSION,0,BUY_CASH_CAP_CORRECTION,0.0
2026-04-27,2264559166.542003,2288347422.505763,321197468.592296,0.1418366423531193,20,23788255.96376,2,120155.8545194248,252959.69372510482,373115.54824452964,84319897.90836827,0.036494322470266544,,,,,UNKNOWN_MISSING_HISTORICAL_ETF_HOLDINGS,BLOCK_SUBMISSION,0,SELL_THEN_WAIT_SETTLEMENT,0.0
2026-04-28,2296585767.709438,2320374023.6731977,238705155.20943794,0.10393914242859609,22,23788255.96376,2,117384.27398015102,0.0,117384.27398015102,82374929.10887791,0.03637570186989858,,,,,UNKNOWN_MISSING_HISTORICAL_ETF_HOLDINGS,BLOCK_SUBMISSION,0,BUY_CASH_CAP_CORRECTION,0.0
2026-04-29,2328109990.810468,2351898246.774228,283319513.70988244,0.12169507232398949,21,23788255.96376,2,63858.03265764347,134437.96348977572,198295.99614741918,44812654.4965919,0.019512728471398226,,,,,UNKNOWN_MISSING_HISTORICAL_ETF_HOLDINGS,BLOCK_SUBMISSION,0,SELL_THEN_WAIT_SETTLEMENT,0.0
2026-04-30,2359537021.7661796,2383325277.7299395,247479513.2661796,0.10488477654015967,21,23788255.96376,2,50999.326591883095,0.0,50999.326591883095,35789001.11711094,0.015372555961005936,,,,,UNKNOWN_MISSING_HISTORICAL_ETF_HOLDINGS,BLOCK_SUBMISSION,0,BUY_CASH_CAP_CORRECTION,0.0
2026-05-04,2473431072.4647603,2497219328.42852,330457463.4647605,0.13360285926038015,20,23788255.96376,2,118769.13244404267,250040.27882956353,368809.4112736062,83346759.6098545,0.03532335320064913,,,,,UNKNOWN_MISSING_HISTORICAL_ETF_HOLDINGS,BLOCK_SUBMISSION,0,SELL_THEN_WAIT_SETTLEMENT,0.0
2026-05-05,2468867664.915038,2492655920.878798,261455128.9150382,0.10590082758608924,21,23788255.96376,2,98188.40825159571,0.0,98188.40825159571,68904146.14147067,0.027857718336500106,,,,,UNKNOWN_MISSING_HISTORICAL_ETF_HOLDINGS,BLOCK_SUBMISSION,0,BUY_CASH_CAP_CORRECTION,0.0
2026-05-06,2471993261.908376,2495781517.872136,356336845.90837616,0.14414960242783367,20,23788255.96376,2,135807.39443588536,285910.30407554813,421717.6985114335,95303434.69184938,0.03860208307079476,,,,,UNKNOWN_MISSING_HISTORICAL_ETF_HOLDINGS,BLOCK_SUBMISSION,0,SELL_THEN_WAIT_SETTLEMENT,0.0
2026-05-07,2517786625.605825,2541574881.569585,257380412.6058249,0.10222487084023434,23,23788255.96376,2,140812.25998565604,0.0,140812.25998565604,98815621.04256564,0.03997406569234743,,,,,UNKNOWN_MISSING_HISTORICAL_ETF_HOLDINGS,BLOCK_SUBMISSION,0,BUY_WITH_SETTLED_CASH,0.0
2026-05-08,2434403736.9418674,2458191992.9056273,452536786.94186735,0.18589224953719077,21,23788255.96376,2,279333.8858738523,588071.3386817944,867405.2245556467,196023779.5605981,0.07785559648583455,,,,,UNKNOWN_MISSING_HISTORICAL_ETF_HOLDINGS,BLOCK_SUBMISSION,0,SELL_THEN_WAIT_SETTLEMENT,0.0
2026-05-11,2502873010.2721562,2526661266.235916,239159360.77215624,0.09555393333605473,21,23788255.96376,2,303630.1593148147,0.0,303630.1593148147,213073796.01039627,0.08752607169345814,,,,,UNKNOWN_MISSING_HISTORICAL_ETF_HOLDINGS,BLOCK_SUBMISSION,0,BUY_CASH_CAP_CORRECTION,0.0
2026-05-12,2500459890.559725,2524248146.5234847,332781757.059725,0.13308822041741777,20,23788255.96376,2,134004.8863318037,282115.5501722183,416120.436504022,94038516.72407277,0.03757222853022305,,,,,UNKNOWN_MISSING_HISTORICAL_ETF_HOLDINGS,BLOCK_SUBMISSION,0,SELL_THEN_WAIT_SETTLEMENT,0.0
2026-05-13,2469390326.75731,2493178582.72107,270495723.7573101,0.10953947653650715,22,23788255.96376,2,88631.29785649574,0.0,88631.29785649574,62197402.004558414,0.024874385003886466,,,,,UNKNOWN_MISSING_HISTORICAL_ETF_HOLDINGS,BLOCK_SUBMISSION,0,BUY_WITH_SETTLED_CASH,0.0
2026-05-14,2455275920.427337,2479064176.391097,392395735.9273371,0.15981736824879592,21,23788255.96376,2,174479.58952594077,367325.4516335595,541805.0411595003,122441817.2111865,0.049583824754011845,,,,,UNKNOWN_MISSING_HISTORICAL_ETF_HOLDINGS,BLOCK_SUBMISSION,0,SELL_THEN_WAIT_SETTLEMENT,0.0
2026-05-15,2376303987.2932677,2400092243.2570276,252754489.29326767,0.10636454369677173,23,23788255.96376,2,198705.62094370418,0.0,198705.62094370418,139442541.01312575,0.0567930226712996,,,,,UNKNOWN_MISSING_HISTORICAL_ETF_HOLDINGS,BLOCK_SUBMISSION,0,BUY_CASH_CAP_CORRECTION,0.0
2026-05-18,2342878638.8225656,2366666894.7863255,435309267.32256573,0.1858010313079359,21,23788255.96376,2,261296.7970185568,550098.5200390669,811395.3170576238,183366173.34635562,0.07716444290244999,,,,,UNKNOWN_MISSING_HISTORICAL_ETF_HOLDINGS,BLOCK_SUBMISSION,0,SELL_THEN_WAIT_SETTLEMENT,0.0
2026-05-19,2285926983.201762,2309715239.165522,237107030.20176217,0.1037246735981306,29,23788255.96376,2,282036.2861893252,0.0,282036.2861893252,197920200.83461416,0.08447735941375124,,,,,UNKNOWN_MISSING_HISTORICAL_ETF_HOLDINGS,BLOCK_SUBMISSION,0,BUY_WITH_SETTLED_CASH,0.0
2026-05-20,2283293240.3069735,2307081496.2707334,445772640.80697346,0.1952323218663943,26,23788255.96376,2,298670.11035072815,628779.1796857435,927449.2900364717,209593059.89524782,0.09168843162334225,,,,,UNKNOWN_MISSING_HISTORICAL_ETF_HOLDINGS,BLOCK_SUBMISSION,0,SELL_THEN_WAIT_SETTLEMENT,0.0
2026-05-21,2392256537.7840934,2416044793.7478533,224585415.7840935,0.09388015550879136,30,23788255.96376,2,314743.286474378,0.0,314743.286474378,220872481.73640564,0.09673417230750038,,,,,UNKNOWN_MISSING_HISTORICAL_ETF_HOLDINGS,BLOCK_SUBMISSION,0,BUY_CASH_CAP_CORRECTION,0.0
2026-05-22,2458536176.5924397,2482324432.5561996,481085963.0924399,0.19567983895166055,28,23788255.96376,2,367137.86496687203,772921.8209828886,1140059.6859497605,257640606.99429616,0.10769773346839477,,,,,UNKNOWN_MISSING_HISTORICAL_ETF_HOLDINGS,BLOCK_SUBMISSION,0,SELL_THEN_WAIT_SETTLEMENT,0.0
2026-05-25,2578291290.4150043,2602079546.378764,235042682.91500416,0.0911621909397101,28,23788255.96376,2,350112.7635647661,0.0,350112.7635647661,245693167.41387093,0.09993473748855085,,,,,UNKNOWN_MISSING_HISTORICAL_ETF_HOLDINGS,BLOCK_SUBMISSION,0,BUY_CASH_CAP_CORRECTION,0.0
2026-05-26,2584546075.2001905,2608334331.1639504,488461044.20019066,0.1889929720685502,25,23788255.96376,2,362726.22839202546,763634.165035843,1126360.3934278684,254544721.67861432,0.09872613021845277,,,,,UNKNOWN_MISSING_HISTORICAL_ETF_HOLDINGS,BLOCK_SUBMISSION,0,SELL_THEN_WAIT_SETTLEMENT,0.0
2026-05-27,2617310299.9047,2641098555.8684597,364553825.01108897,0.13928567240359804,25,23788255.96376,2,176316.53628027058,0.0,176316.53628027058,123730902.65282145,0.047873359209987254,,,,,UNKNOWN_MISSING_HISTORICAL_ETF_HOLDINGS,BLOCK_SUBMISSION,0,BUY_CASH_CAP_CORRECTION,0.0
2026-05-28,2560816445.089859,2584604701.053619,418882309.63102317,0.16357373463224717,24,23788255.96376,2,77762.18826648545,163709.87003470623,241472.05830119166,54569956.678235404,0.020849632036454516,,,,,UNKNOWN_MISSING_HISTORICAL_ETF_HOLDINGS,BLOCK_SUBMISSION,0,SELL_THEN_WAIT_SETTLEMENT,0.0
2026-05-29,2632276969.2108645,2656065225.1746244,435095881.6862985,0.16529259146188433,24,23788255.96376,2,23207.031292235508,48856.9079836537,72063.9392758892,16285635.994551232,0.006359548348643852,,,,,UNKNOWN_MISSING_HISTORICAL_ETF_HOLDINGS,BLOCK_SUBMISSION,0,SELL_THEN_WAIT_SETTLEMENT,0.0
2026-06-01,2664441705.4901543,2688229961.453914,449635054.6766131,0.16875394712150313,24,23788255.96376,2,20810.40756467201,43811.384346677914,64621.79191134992,14603794.78222597,0.005547970427520805,,,,,UNKNOWN_MISSING_HISTORICAL_ETF_HOLDINGS,BLOCK_SUBMISSION,0,SELL_THEN_WAIT_SETTLEMENT,0.0
2026-06-02,2618993016.268958,2642781272.232718,265135183.84734666,0.10123554442503277,24,23788255.96376,2,262538.1989981322,0.0,262538.1989981322,184237332.6302682,0.06914669300163039,,,,,UNKNOWN_MISSING_HISTORICAL_ETF_HOLDINGS,BLOCK_SUBMISSION,0,BUY_CASH_CAP_CORRECTION,0.0
2026-06-03,2661233901.0153565,2685022156.9791164,529597358.0056017,0.19900443843118834,21,23788255.96376,2,378533.60939709557,796912.8618886223,1175446.4712857178,265637620.62954077,0.10142738792330597,,,,,UNKNOWN_MISSING_HISTORICAL_ETF_HOLDINGS,BLOCK_SUBMISSION,0,SELL_THEN_WAIT_SETTLEMENT,0.0
2026-06-04,2604944070.510489,2628732326.474249,266067845.99081287,0.10213956184428626,21,23788255.96376,2,374995.1864803397,0.0,374995.1864803397,263154516.82830852,0.09888439972446826,,,,,UNKNOWN_MISSING_HISTORICAL_ETF_HOLDINGS,BLOCK_SUBMISSION,0,BUY_CASH_CAP_CORRECTION,0.0
2026-06-05,2579534974.263979,2603323230.227739,346847968.8126329,0.13446143288349846,20,23788255.96376,2,115623.30815970023,243417.49086252679,359040.799022227,81139163.62084226,0.031148140391721146,,,,,UNKNOWN_MISSING_HISTORICAL_ETF_HOLDINGS,BLOCK_SUBMISSION,0,SELL_THEN_WAIT_SETTLEMENT,0.0
2026-06-08,2456618847.3512316,2483929399.1869917,277671682.72684646,0.11303002214862791,25,27310551.83576,2,98435.93646278614,0.0,98435.93646278614,69077850.14932361,0.026779187271548297,,,,,UNKNOWN_MISSING_HISTORICAL_ETF_HOLDINGS,BLOCK_SUBMISSION,0,BUY_WITH_SETTLED_CASH,0.0
2026-06-09,2538236369.1563287,2565546920.992089,503933352.856202,0.19853681043255314,23,27310551.83576,2,323855.94247980486,681801.9841680101,1005657.9266478149,227267328.0560034,0.09251224637515376,,,,,UNKNOWN_MISSING_HISTORICAL_ETF_HOLDINGS,BLOCK_SUBMISSION,0,SELL_THEN_WAIT_SETTLEMENT,0.0
2026-06-10,2435189830.5909314,2462500382.4266915,256357440.5467088,0.10527205613555812,27,27310551.83576,2,352293.6565804009,0.0,352293.6565804009,247223618.65291294,0.09739976215654271,,,,,UNKNOWN_MISSING_HISTORICAL_ETF_HOLDINGS,BLOCK_SUBMISSION,0,BUY_CASH_CAP_CORRECTION,0.0
2026-06-11,2427249530.1831226,2456342082.0188828,449273181.53031206,0.1850955890375296,25,29092551.83576,2,276126.7919560402,581319.5620127162,857446.3539687564,193773187.33757207,0.07957210764573143,,,,,UNKNOWN_MISSING_HISTORICAL_ETF_HOLDINGS,BLOCK_SUBMISSION,0,SELL_THEN_WAIT_SETTLEMENT,0.0
2026-06-12,2464533227.5392275,2493625779.3749876,239505007.95819262,0.09718067716917421,28,29092551.83576,2,298494.2929727841,0.0,298494.2929727841,209469679.27914673,0.0862991944892223,,,,,UNKNOWN_MISSING_HISTORICAL_ETF_HOLDINGS,BLOCK_SUBMISSION,0,BUY_CASH_CAP_CORRECTION,0.0
2026-06-15,2521392683.79042,2554235532.8021803,505619213.4402382,0.2005317206997439,25,32842849.01176,2,380898.2174240162,801890.9840505605,1182789.2014745767,267296994.68352014,0.10845745218473246,,,,,UNKNOWN_MISSING_HISTORICAL_ETF_HOLDINGS,BLOCK_SUBMISSION,0,SELL_THEN_WAIT_SETTLEMENT,0.0
2026-06-16,2546709884.8744483,2579552733.8862085,254931419.78965968,0.10010226186491113,25,32842849.01176,2,356721.77741925186,0.0,356721.77741925186,250331071.87315923,0.09928285803417003,,,,,UNKNOWN_MISSING_HISTORICAL_ETF_HOLDINGS,BLOCK_SUBMISSION,0,REPLAN_FUNDED_RULE_REPAIR,0.0
2026-06-17,2578058763.6542287,2612170162.665989,470885450.65313387,0.18265117044333185,22,34111399.01176,2,309102.2715319798,650741.624277852,959843.8958098318,216913874.75928402,0.08517415982385358,,,,,UNKNOWN_MISSING_HISTORICAL_ETF_HOLDINGS,BLOCK_SUBMISSION,0,SELL_THEN_WAIT_SETTLEMENT,0.0
2026-06-18,2627655653.7392263,2661767052.750986,250979731.91152626,0.09551469636227837,28,34111399.01176,2,312919.7385793153,0.0,312919.7385793153,219592799.00302824,0.08517757705870517,,,,,UNKNOWN_MISSING_HISTORICAL_ETF_HOLDINGS,BLOCK_SUBMISSION,0,BUY_WITH_SETTLED_CASH,0.0
2026-06-22,2647405950.294842,2681517349.3066015,497319498.2142308,0.1878516206246512,25,34111399.01176,2,352594.39718891494,742303.9940819261,1094898.391270841,247434664.6939754,0.09416555945672297,,,,,UNKNOWN_MISSING_HISTORICAL_ETF_HOLDINGS,BLOCK_SUBMISSION,0,SELL_THEN_WAIT_SETTLEMENT,0.0
2026-06-23,2607924435.579455,2642035834.591215,261837799.28999072,0.10040083819829426,25,34111399.01176,2,335083.926371962,0.0,335083.926371962,235146614.99786803,0.08882151789818246,,,,,UNKNOWN_MISSING_HISTORICAL_ETF_HOLDINGS,BLOCK_SUBMISSION,0,BUY_CASH_CAP_CORRECTION,0.0
2026-06-24,2617154148.6537247,2651265547.6654844,489002791.01110023,0.18684523846738083,22,34111399.01176,2,325148.8970721252,684523.9938360532,1009672.8909081784,228174664.6120177,0.08749282053539237,,,,,UNKNOWN_MISSING_HISTORICAL_ETF_HOLDINGS,BLOCK_SUBMISSION,0,SELL_THEN_WAIT_SETTLEMENT,0.0
2026-06-25,2638456391.6844835,2672567790.6962433,258508554.3533308,0.09797719422919468,23,34111399.01176,2,327986.905896419,0.0,327986.905896419,230166249.751873,0.08794524001204572,,,,,UNKNOWN_MISSING_HISTORICAL_ETF_HOLDINGS,BLOCK_SUBMISSION,0,BUY_CASH_CAP_CORRECTION,0.0
2026-06-26,2520404899.8744774,2554516298.886237,344295199.7758348,0.13660313062912297,22,34111399.01176,2,122789.31243459124,258503.815651771,381293.12808636227,86167938.55059034,0.032658466072117906,,,,,UNKNOWN_MISSING_HISTORICAL_ETF_HOLDINGS,BLOCK_SUBMISSION,0,SELL_THEN_WAIT_SETTLEMENT,0.0
2026-06-29,2533531068.5435166,2567642467.555277,264647951.89630377,0.10445814349079419,25,34111399.01176,2,113335.8246781654,0.0,113335.8246781654,79533912.05485292,0.03155600596507883,,,,,UNKNOWN_MISSING_HISTORICAL_ETF_HOLDINGS,BLOCK_SUBMISSION,0,BUY_WITH_SETTLED_CASH,0.0
2026-06-30,2623346815.3500786,2660401214.3618383,461890411.78890914,0.17606913774657398,23,37054399.01176,2,282319.7703306759,594357.4112224756,876677.1815531515,198119137.0741585,0.07819881884774113,,,,,UNKNOWN_MISSING_HISTORICAL_ETF_HOLDINGS,BLOCK_SUBMISSION,0,SELL_THEN_WAIT_SETTLEMENT,0.0
2026-07-01,2634483343.5094566,2676128560.5212164,266545596.9129765,0.10117566222981121,23,41645217.01176,2,277970.2535868428,0.0,277970.2535868428,195066844.62234583,0.07435800843447178,,,,,UNKNOWN_MISSING_HISTORICAL_ETF_HOLDINGS,BLOCK_SUBMISSION,0,BUY_CASH_CAP_CORRECTION,0.0
2026-07-02,2646061820.7612667,2687707037.7730265,482854461.63843,0.18248041593356037,21,41645217.01176,2,309610.1571792896,651810.857219557,961421.0143988467,217270285.73985237,0.08247168701033485,,,,,UNKNOWN_MISSING_HISTORICAL_ETF_HOLDINGS,BLOCK_SUBMISSION,0,SELL_THEN_WAIT_SETTLEMENT,0.0
2026-07-03,2666346329.412678,2707991546.4244375,272042178.5221908,0.10202807321812322,24,41645217.01176,2,299980.0318951903,0.0,299980.0318951903,210512303.0843441,0.07955683477711799,,,,,UNKNOWN_MISSING_HISTORICAL_ETF_HOLDINGS,BLOCK_SUBMISSION,0,BUY_WITH_SETTLED_CASH,0.0
2026-07-06,2636780720.139677,2680246762.900817,522440113.0720296,0.19813559355984467,21,43466042.76114,2,358402.98996411153,754532.6104507612,1112935.6004148726,251510870.15025368,0.09432790758492898,,,,,UNKNOWN_MISSING_HISTORICAL_ETF_HOLDINGS,BLOCK_SUBMISSION,0,SELL_THEN_WAIT_SETTLEMENT,0.0
2026-07-07,2567299725.292797,2610765768.053937,268788106.4010241,0.10469681578389496,25,43466042.76114,2,360939.7703334576,0.0,360939.7703334576,253291066.90067202,0.09606072471860859,,,,,UNKNOWN_MISSING_HISTORICAL_ETF_HOLDINGS,BLOCK_SUBMISSION,0,BUY_WITH_SETTLED_CASH,0.0
2026-07-08,2596961334.2876167,2642992131.550757,510710728.2902983,0.19665703972846924,23,46030797.26313999,2,346271.9897468455,728993.662624938,1075265.6523717835,242997887.54164594,0.09465115628987665,,,,,UNKNOWN_MISSING_HISTORICAL_ETF_HOLDINGS,BLOCK_SUBMISSION,0,SELL_THEN_WAIT_SETTLEMENT,0.0
2026-07-09,2577672829.0892463,2623877974.1363864,253857284.67481738,0.09848312858405357,27,46205145.047139995,3,365495.32631206565,0.0,365495.32631206565,256487948.2891689,0.0987646388503228,,,,,UNKNOWN_MISSING_HISTORICAL_ETF_HOLDINGS,BLOCK_SUBMISSION,0,BUY_CASH_CAP_CORRECTION,0.0
2026-07-13,2573233840.6955323,2621173285.7426724,517180178.6904818,0.200984524030156,24,47939445.047139995,3,376902.9193906252,793479.8302960531,1170382.7496866784,264493276.76535103,0.10260932798783577,,,,,UNKNOWN_MISSING_HISTORICAL_ETF_HOLDINGS,BLOCK_SUBMISSION,0,SELL_THEN_WAIT_SETTLEMENT,0.0
2026-07-14,2553686269.775482,2601625714.8226223,249952838.36155528,0.097879227107851,24,47939445.047139995,3,380257.0936103257,0.0,380257.0936103257,266847083.23531634,0.1037010624588976,,,,,UNKNOWN_MISSING_HISTORICAL_ETF_HOLDINGS,BLOCK_SUBMISSION,0,BUY_CASH_CAP_CORRECTION,0.0
2026-07-15,2657631002.232133,2706536569.2191033,504574721.1161202,0.18985883318351196,22,48905566.986970596,3,364448.8691713383,767260.7772028174,1131709.6463741558,255753592.4009391,0.10015074891068147,,,,,UNKNOWN_MISSING_HISTORICAL_ETF_HOLDINGS,BLOCK_SUBMISSION,0,SELL_THEN_WAIT_SETTLEMENT,0.0
2026-07-16,2630578451.8597865,2683469818.846757,272004856.81672627,0.10340115749994919,25,52891366.986970596,3,330940.4664619282,0.0,330940.4664619282,232238923.83293205,0.0873856918578522,,,,,UNKNOWN_MISSING_HISTORICAL_ETF_HOLDINGS,BLOCK_SUBMISSION,0,BUY_WITH_SETTLED_CASH,0.0
2026-07-17,2513166799.4262643,2567698474.145235,523862304.27094877,0.20844708930204803,21,54531674.7189706,3,360492.0398988194,758930.610313304,1119422.6502121235,252976870.1044346,0.09616777250098095,,,,,UNKNOWN_MISSING_HISTORICAL_ETF_HOLDINGS,BLOCK_SUBMISSION,0,SELL_THEN_WAIT_SETTLEMENT,0.0
2026-07-20,2479663935.2907944,2534195610.009765,244969356.68571082,0.09879135361824055,24,54531674.7189706,3,396856.9291848756,0.0,396856.9291848756,278496090.6560531,0.1108148057341962,,,,,UNKNOWN_MISSING_HISTORICAL_ETF_HOLDINGS,BLOCK_SUBMISSION,0,BUY_CASH_CAP_CORRECTION,0.0
2026-07-21,2548446891.193081,2605651565.9120517,509350405.4950867,0.19986698850005433,21,57204674.7189706,4,378417.4919552627,796668.4041163425,1175085.8960716054,265556134.7054475,0.10709359882443314,,,,,UNKNOWN_MISSING_HISTORICAL_ETF_HOLDINGS,BLOCK_SUBMISSION,0,SELL_THEN_WAIT_SETTLEMENT,0.0
2026-07-22,2598165103.9950953,2655369778.714066,240870011.23010164,0.09270773857278176,22,57204674.7189706,4,382040.1546072883,0.0,382040.1546072883,268098354.11037773,0.10520068322273916,,,,,UNKNOWN_MISSING_HISTORICAL_ETF_HOLDINGS,BLOCK_SUBMISSION,0,BUY_CASH_CAP_CORRECTION,0.0
2026-07-23,2591394086.9006586,2652390961.6196294,429993606.5990668,0.16593138371838487,21,60996874.7189706,5,270698.96632677125,569892.5606879394,840591.5270147107,189964186.89597982,0.07311474802116287,,,,,UNKNOWN_MISSING_HISTORICAL_ETF_HOLDINGS,BLOCK_SUBMISSION,0,SELL_THEN_WAIT_SETTLEMENT,0.0
2026-07-24,2514301129.308735,2575298004.0277057,260785801.6287363,0.10372098973699105,21,60996874.7189706,5,240778.01341360668,0.0,240778.01341360668,168967026.95691696,0.0652031382687161,,,,,UNKNOWN_MISSING_HISTORICAL_ETF_HOLDINGS,BLOCK_SUBMISSION,0,BUY_CASH_CAP_CORRECTION,0.0
2026-07-27,2507717385.8265715,2568714260.5455422,330618324.54508877,0.13184034469502762,20,60996874.7189706,5,99953.64001285919,210428.71581654565,310382.35582940484,70142905.27218188,0.027897575375733338,,,,,UNKNOWN_MISSING_HISTORICAL_ETF_HOLDINGS,BLOCK_SUBMISSION,0,SELL_THEN_WAIT_SETTLEMENT,0.0
2026-07-28,2412811656.315924,2478636131.034895,262599528.01494095,0.10883548549160241,24,65824474.7189706,6,96788.86092863734,0.0,96788.86092863734,67922007.66921918,0.027085192315971975,,,,,UNKNOWN_MISSING_HISTORICAL_ETF_HOLDINGS,BLOCK_SUBMISSION,0,BUY_WITH_SETTLED_CASH,0.0
2026-07-29,2350817710.958348,2422424785.6773186,447261617.74588495,0.19025789012094507,22,71607074.7189706,7,264313.0631711275,556448.5540444789,820761.6172156064,185482851.34815964,0.07687415255253278,,,,,UNKNOWN_MISSING_HISTORICAL_ETF_HOLDINGS,BLOCK_SUBMISSION,0,SELL_THEN_WAIT_SETTLEMENT,0.0
2026-07-30,2315879732.1081195,2387486806.8270903,235167274.30690303,0.1015455470534443,27,71607074.7189706,7,301804.36817589845,0.0,301804.36817589845,211792539.0708059,0.09009313571338773,,,,,UNKNOWN_MISSING_HISTORICAL_ETF_HOLDINGS,BLOCK_SUBMISSION,0,BUY_CASH_CAP_CORRECTION,0.0
2026-07-31,2390075609.9916506,2461682684.7106214,464437227.1389094,0.19431905216610776,23,71607074.7189706,7,328161.79874505603,690866.9447264337,1019028.7434714898,230288981.5754779,0.09943909365528598,,,,,UNKNOWN_MISSING_HISTORICAL_ETF_HOLDINGS,BLOCK_SUBMISSION,0,SELL_THEN_WAIT_SETTLEMENT,0.0
2026-08-03,2407007844.0068192,2478614918.72579,243030993.73310697,0.10096809378425044,23,71607074.7189706,7,315054.9293289746,0.0,315054.9293289746,221091178.47647342,0.09250384278731909,,,,,UNKNOWN_MISSING_HISTORICAL_ETF_HOLDINGS,BLOCK_SUBMISSION,0,BUY_CASH_CAP_CORRECTION,0.0
2026-08-04,2433925426.4846015,2505532501.2035723,443347823.3033501,0.18215341295139512,21,71607074.7189706,7,286720.21910714556,603621.5139097801,890341.7330169256,201207171.30326003,0.0835922374761858,,,,,UNKNOWN_MISSING_HISTORICAL_ETF_HOLDINGS,BLOCK_SUBMISSION,0,SELL_THEN_WAIT_SETTLEMENT,0.0
2026-08-05,2475366388.5523114,2550937463.271282,249152562.5126899,0.10065280180943388,22,75571074.7189706,8,276334.47000693093,0.0,276334.47000693093,193918926.3206533,0.0796733228596641,,,,,UNKNOWN_MISSING_HISTORICAL_ETF_HOLDINGS,BLOCK_SUBMISSION,0,BUY_CASH_CAP_CORRECTION,0.0
2026-08-06,2457557459.6059556,2533128534.3249264,376766548.0228009,0.15330935459926606,20,75571074.7189706,8,182658.19185084826,384543.5617912595,567201.7536421078,128181187.26375316,0.05178271299818303,,,,,UNKNOWN_MISSING_HISTORICAL_ETF_HOLDINGS,BLOCK_SUBMISSION,0,SELL_THEN_WAIT_SETTLEMENT,0.0
2026-08-07,2453670685.728066,2529241760.4470367,253206417.4373233,0.10319494743533221,21,75571074.7189706,8,175822.6388239814,0.0,175822.6388239814,123384307.9466536,0.05020607248240577,,,,,UNKNOWN_MISSING_HISTORICAL_ETF_HOLDINGS,BLOCK_SUBMISSION,0,BUY_CASH_CAP_CORRECTION,0.0
2026-08-10,2509816598.626988,2585387673.3459587,341447367.8143849,0.13604474844941897,20,75571074.7189706,8,126302.24170686565,265899.4562249803,392201.69793184596,88633152.07499343,0.03612267636017086,,,,,UNKNOWN_MISSING_HISTORICAL_ETF_HOLDINGS,BLOCK_SUBMISSION,0,SELL_THEN_WAIT_SETTLEMENT,0.0
2026-08-11,2516106941.7128577,2594500416.4318285,267198519.36475304,0.1061952156862044,20,78393474.7189706,9,105654.05201660178,0.0,105654.05201660178,74143194.39761528,0.029541279804339415,,,,,UNKNOWN_MISSING_HISTORICAL_ETF_HOLDINGS,BLOCK_SUBMISSION,0,BUY_CASH_CAP_CORRECTION,0.0
2026-08-12,2508162065.0911913,2586555539.810162,264532215.37159076,0.10546854968160638,21,78393474.7189706,9,3794.076631056988,0.0,3794.076631056988,2662509.9165312196,0.0010581863085353188,,,,,UNKNOWN_MISSING_HISTORICAL_ETF_HOLDINGS,BLOCK_SUBMISSION,0,BUY_CASH_CAP_CORRECTION,0.0
2026-08-13,2512451041.0522695,2598429315.77124,372240901.0681499,0.14815846955260362,20,85978274.7189706,10,154167.06638635648,324562.2450239084,478729.31141026487,108187415.00796945,0.04313414053809796,,,,,UNKNOWN_MISSING_HISTORICAL_ETF_HOLDINGS,BLOCK_SUBMISSION,0,SELL_THEN_WAIT_SETTLEMENT,0.0
2026-08-14,2505027040.2022834,2591005314.921254,265903048.76042333,0.1061477758495379,22,85978274.7189706,10,151315.8145028439,0.0,151315.8145028439,106186536.49322377,0.04226412167170052,,,,,UNKNOWN_MISSING_HISTORICAL_ETF_HOLDINGS,BLOCK_SUBMISSION,0,BUY_CASH_CAP_CORRECTION,0.0
2026-08-17,2501578104.5584702,2587556379.277441,471579292.59198606,0.18851271992373791,20,85978274.7189706,10,294391.32909120555,619771.2191393801,914162.5482305856,206590406.37979338,0.08247032988638359,,,,,UNKNOWN_MISSING_HISTORICAL_ETF_HOLDINGS,BLOCK_SUBMISSION,0,SELL_THEN_WAIT_SETTLEMENT,0.0
2026-08-18,2519931420.238047,2605909694.957018,250218246.15046754,0.09929565707261609,20,85978274.7189706,10,314990.6295320806,0.0,314990.6295320806,221046055.81198645,0.08836264412819571,,,,,UNKNOWN_MISSING_HISTORICAL_ETF_HOLDINGS,BLOCK_SUBMISSION,0,BUY_CASH_CAP_CORRECTION,0.0
2026-08-19,2504551800.8144393,2591550075.53341,239363632.9481426,0.09557144430804164,22,86998274.7189706,10,15445.813529034182,0.0,15445.813529034182,10839167.388795916,0.004301373958729395,,,,,UNKNOWN_MISSING_HISTORICAL_ETF_HOLDINGS,BLOCK_SUBMISSION,0,BUY_CASH_CAP_CORRECTION,0.0
2026-08-20,2509436270.7927113,2596434545.511682,459915244.89142245,0.18327432748317565,20,86998274.7189706,10,315682.9440465799,664595.6716770104,980278.6157235903,221531890.5590034,0.08845171039663259,,,,,UNKNOWN_MISSING_HISTORICAL_ETF_HOLDINGS,BLOCK_SUBMISSION,0,SELL_THEN_WAIT_SETTLEMENT,0.0
2026-08-21,2518429718.7608113,2605427993.479782,253469757.9304756,0.10064595253235611,20,86998274.7189706,10,293766.2020813833,0.0,293766.2020813833,206151720.75886545,0.08215061014231047,,,,,UNKNOWN_MISSING_HISTORICAL_ETF_HOLDINGS,BLOCK_SUBMISSION,0,BUY_CASH_CAP_CORRECTION,0.0
2026-08-24,2513306365.2991633,2600304640.018134,247956147.6461175,0.0986573507589883,21,86998274.7189706,10,7845.714512030641,0.0,7845.714512030641,5505764.569846064,0.002186189484991928,,,,,UNKNOWN_MISSING_HISTORICAL_ETF_HOLDINGS,BLOCK_SUBMISSION,0,BUY_CASH_CAP_CORRECTION,0.0
2026-08-25,2549167850.5970488,2636166125.3160195,379919393.6870831,0.14903663311072315,20,86998274.7189706,10,188883.43480739873,397649.3364366289,586532.7712440277,132549778.81220964,0.05273920467568306,,,,,UNKNOWN_MISSING_HISTORICAL_ETF_HOLDINGS,BLOCK_SUBMISSION,0,SELL_THEN_WAIT_SETTLEMENT,0.0
2026-08-26,2589165558.139454,2676163832.8584247,264071225.94252977,0.10199086153930167,21,86998274.7189706,10,164848.7295963138,0.0,164848.7295963138,115683319.01495706,0.04538081671941002,,,,,UNKNOWN_MISSING_HISTORICAL_ETF_HOLDINGS,BLOCK_SUBMISSION,0,BUY_CASH_CAP_CORRECTION,0.0
2026-08-27,2592728374.0284743,2680440648.747445,382070958.0121512,0.14736250886879643,20,87712274.7189706,10,168896.9873683153,355572.60498592694,524469.5923542422,118524201.66197565,0.045776988377346506,,,,,UNKNOWN_MISSING_HISTORICAL_ETF_HOLDINGS,BLOCK_SUBMISSION,0,SELL_THEN_WAIT_SETTLEMENT,0.0
2026-08-28,2612065725.1561227,2699777999.8750935,275364182.33506435,0.10542008177018819,21,87712274.7189706,10,151840.78222517786,0.0,151840.78222517786,106554934.89486165,0.04109760820386325,,,,,UNKNOWN_MISSING_HISTORICAL_ETF_HOLDINGS,BLOCK_SUBMISSION,0,BUY_CASH_CAP_CORRECTION,0.0
2026-08-31,2616147076.3319426,2703859351.0509133,355778387.68621147,0.13599326693247024,20,87712274.7189706,10,115099.55817028815,242314.8593058698,357414.41747615795,80771619.76862326,0.03092250665468824,,,,,UNKNOWN_MISSING_HISTORICAL_ETF_HOLDINGS,BLOCK_SUBMISSION,0,SELL_THEN_WAIT_SETTLEMENT,0.0
2026-09-01,2614117607.5910788,2701829882.3100495,272582607.95854497,0.10427327644594042,20,87712274.7189706,10,118385.28707783885,0.0,118385.28707783885,83077394.44058867,0.03175562841714165,,,,,UNKNOWN_MISSING_HISTORICAL_ETF_HOLDINGS,BLOCK_SUBMISSION,0,BUY_CASH_CAP_CORRECTION,0.0
2026-09-02,2625914451.4856005,2713626726.2045712,270476186.79034543,0.10300266508580454,21,87712274.7189706,10,2997.3788997522124,0.0,2997.3788997522124,2103423.789299798,0.0008046400755619074,,,,,UNKNOWN_MISSING_HISTORICAL_ETF_HOLDINGS,BLOCK_SUBMISSION,0,BUY_CASH_CAP_CORRECTION,0.0
2026-09-03,2588284063.938447,2675996338.657418,387096197.5322065,0.14955707641424174,20,87712274.7189706,10,166922.14580232732,351415.0437943733,518337.1895967006,117138347.93145776,0.044608592585789385,,,,,UNKNOWN_MISSING_HISTORICAL_ETF_HOLDINGS,BLOCK_SUBMISSION,0,SELL_THEN_WAIT_SETTLEMENT,0.0
2026-09-04,2624984254.634065,2712696529.353036,265086586.41683534,0.10098597199158806,21,87712274.7189706,10,173616.2926224169,0.0,173616.2926224169,121835994.82274869,0.04707211102530905,,,,,UNKNOWN_MISSING_HISTORICAL_ETF_HOLDINGS,BLOCK_SUBMISSION,0,BUY_CASH_CAP_CORRECTION,0.0
2026-09-07,2592919641.1596255,2680631915.8785963,380963109.76601726,0.14692437965244462,20,87712274.7189706,10,165857.96727778844,349174.6679532388,515032.63523102726,116391555.98441294,0.044339906336176654,,,,,UNKNOWN_MISSING_HISTORICAL_ETF_HOLDINGS,BLOCK_SUBMISSION,0,SELL_THEN_WAIT_SETTLEMENT,0.0
2026-09-08,2580870600.2502294,2668582874.9692,270617763.43679845,0.10485522343141132,21,87712274.7189706,10,157018.36734566925,0.0,157018.36734566925,110188327.96187314,0.042495851476752236,,,,,UNKNOWN_MISSING_HISTORICAL_ETF_HOLDINGS,BLOCK_SUBMISSION,0,BUY_CASH_CAP_CORRECTION,0.0
2026-09-09,2576918216.255319,2664630490.97429,385701924.312206,0.14967565593629648,20,87712274.7189706,10,164723.8322049627,346787.0151683425,511510.84737330524,115595671.72278084,0.04478941009734204,,,,,UNKNOWN_MISSING_HISTORICAL_ETF_HOLDINGS,BLOCK_SUBMISSION,0,SELL_THEN_WAIT_SETTLEMENT,0.0
2026-09-10,2575533182.298203,2663245457.017174,270600879.55444586,0.10506596514240323,24,87712274.7189706,10,163785.59430791932,0.0,163785.59430791932,114937259.16345218,0.044602602612074625,,,,,UNKNOWN_MISSING_HISTORICAL_ETF_HOLDINGS,BLOCK_SUBMISSION,0,BUY_WITH_SETTLED_CASH,0.0
2026-09-11,2539883831.408845,2627596106.1278157,487764443.75437075,0.1920420287426348,22,87712274.7189706,10,310833.5172989408,654386.3522082965,965219.8695072373,218128784.06943214,0.0846926708491448,,,,,UNKNOWN_MISSING_HISTORICAL_ETF_HOLDINGS,BLOCK_SUBMISSION,0,SELL_THEN_WAIT_SETTLEMENT,0.0
2026-09-14,2532876162.509246,2620588437.2282166,247638386.39228365,0.09776963834937574,23,87712274.7189706,10,341692.7196155219,0.0,341692.7196155219,239784364.6424715,0.09440761096127212,,,,,UNKNOWN_MISSING_HISTORICAL_ETF_HOLDINGS,BLOCK_SUBMISSION,0,BUY_CASH_CAP_CORRECTION,0.0
2026-09-15,2490467026.346587,2578179301.065558,503359031.6474293,0.20211431282663328,21,87712274.7189706,10,366021.56491332396,770571.7156069977,1136593.2805203218,256857238.53566593,0.10140931575636332,,,,,UNKNOWN_MISSING_HISTORICAL_ETF_HOLDINGS,BLOCK_SUBMISSION,0,SELL_THEN_WAIT_SETTLEMENT,0.0
2026-09-16,2532551770.4715524,2620264045.190523,244831428.2151953,0.09667380981894341,26,87712274.7189706,10,367877.6092976843,0.0,367877.6092976843,258159725.82293636,0.10365916235463919,,,,,UNKNOWN_MISSING_HISTORICAL_ETF_HOLDINGS,BLOCK_SUBMISSION,0,BUY_WITH_SETTLED_CASH,0.0
2026-09-17,2558540810.940194,2646253085.659165,495952797.7279005,0.19384205075300376,23,87712274.7189706,10,359438.46677106695,756712.5616232988,1116151.0283943657,252237520.54109958,0.09959816951506338,,,,,UNKNOWN_MISSING_HISTORICAL_ETF_HOLDINGS,BLOCK_SUBMISSION,0,SELL_THEN_WAIT_SETTLEMENT,0.0
2026-09-18,2600810827.036949,2688523101.75592,255071001.1816368,0.09807364631445879,23,87712274.7189706,10,342768.1155138186,0.0,342768.1155138186,240539028.43074986,0.0940141456420069,,,,,UNKNOWN_MISSING_HISTORICAL_ETF_HOLDINGS,BLOCK_SUBMISSION,0,BUY_CASH_CAP_CORRECTION,0.0
2026-09-21,2710907774.26497,2710907774.26497,350758865.69363177,0.12938797439862587,22,0.0,10,136961.2605073378,288339.4958049217,425300.75631225953,96113165.26830724,0.036955077343247995,,,,,UNKNOWN_MISSING_HISTORICAL_ETF_HOLDINGS,BLOCK_SUBMISSION,0,SELL_THEN_WAIT_SETTLEMENT,87712274.7189706
