target_weight,target_shares,order_shares,expected_return,score,confidence,reason,family,model_ensemble_id,regime,observed_date,prior_regime,market_volatility,median_R5,median_R20,breadth,dispersion,above_EMA20,above_EMA50,model_train_end,latest_label_end,expert_weights,symbol,signal_date,decision_date
0.03446935,2195000,2195000,0.0393939393939394,0.3939393939393939,1.0,D-1 estimated accounting; fill-day constraints require ledger audit,direct,V4_DIRECT_FROZEN_LINEAR_PORTFOLIO,disabled,2014-12-31,risk_on,0.015134139321802818,0.008719909405504822,0.013216116621443286,0.7121212121212122,0.06878435588365131,0.8636363636363636,0.8333333333333334,,,{},1519.TW,2014-12-31,2015-01-05
0.024463425,1370000,1370000,0.037121212121212124,0.3712121212121212,1.0,D-1 estimated accounting; fill-day constraints require ledger audit,direct,V4_DIRECT_FROZEN_LINEAR_PORTFOLIO,disabled,2014-12-31,risk_on,0.015134139321802818,0.008719909405504822,0.013216116621443286,0.7121212121212122,0.06878435588365131,0.8636363636363636,0.8333333333333334,,,{},2313.TW,2014-12-31,2015-01-05
0.05445405,619000,619000,0.043939393939393945,0.4393939393939394,1.0,D-1 estimated accounting; fill-day constraints require ledger audit,direct,V4_DIRECT_FROZEN_LINEAR_PORTFOLIO,disabled,2014-12-31,risk_on,0.015134139321802818,0.008719909405504822,0.013216116621443286,0.7121212121212122,0.06878435588365131,0.8636363636363636,0.8333333333333334,,,{},2317.TW,2014-12-31,2015-01-05
0.02754675,79000,79000,0.03787878787878788,0.3787878787878788,1.0,D-1 estimated accounting; fill-day constraints require ledger audit,direct,V4_DIRECT_FROZEN_LINEAR_PORTFOLIO,disabled,2014-12-31,risk_on,0.015134139321802818,0.008719909405504822,0.013216116621443286,0.7121212121212122,0.06878435588365131,0.8636363636363636,0.8333333333333334,,,{},2357.TW,2014-12-31,2015-01-05
0.06785564999999999,826000,826000,0.046969696969696974,0.4696969696969697,1.0,D-1 estimated accounting; fill-day constraints require ledger audit,direct,V4_DIRECT_FROZEN_LINEAR_PORTFOLIO,disabled,2014-12-31,risk_on,0.015134139321802818,0.008719909405504822,0.013216116621443286,0.7121212121212122,0.06878435588365131,0.8636363636363636,0.8333333333333334,,,{},2360.TW,2014-12-31,2015-01-05
0.00439445,245000,245000,0.03257575757575758,0.32575757575757575,1.0,D-1 estimated accounting; fill-day constraints require ledger audit,direct,V4_DIRECT_FROZEN_LINEAR_PORTFOLIO,disabled,2014-12-31,risk_on,0.015134139321802818,0.008719909405504822,0.013216116621443286,0.7121212121212122,0.06878435588365131,0.8636363636363636,0.8333333333333334,,,{},2368.TW,2014-12-31,2015-01-05
0.014363,135000,135000,0.03484848484848485,0.3484848484848485,1.0,D-1 estimated accounting; fill-day constraints require ledger audit,direct,V4_DIRECT_FROZEN_LINEAR_PORTFOLIO,disabled,2014-12-31,risk_on,0.015134139321802818,0.008719909405504822,0.013216116621443286,0.7121212121212122,0.06878435588365131,0.8636363636363636,0.8333333333333334,,,{},2379.TW,2014-12-31,2015-01-05
0.02108395,515000,515000,0.03636363636363637,0.36363636363636365,1.0,D-1 estimated accounting; fill-day constraints require ledger audit,direct,V4_DIRECT_FROZEN_LINEAR_PORTFOLIO,disabled,2014-12-31,risk_on,0.015134139321802818,0.008719909405504822,0.013216116621443286,0.7121212121212122,0.06878435588365131,0.8636363636363636,0.8333333333333334,,,{},2383.TW,2014-12-31,2015-01-05
0.051051,110000,110000,0.04318181818181818,0.4318181818181818,1.0,D-1 estimated accounting; fill-day constraints require ledger audit,direct,V4_DIRECT_FROZEN_LINEAR_PORTFOLIO,disabled,2014-12-31,risk_on,0.015134139321802818,0.008719909405504822,0.013216116621443286,0.7121212121212122,0.06878435588365131,0.8636363636363636,0.8333333333333334,,,{},2454.TW,2014-12-31,2015-01-05
0.061186125,2502000,2502000,0.045454545454545456,0.45454545454545453,1.0,D-1 estimated accounting; fill-day constraints require ledger audit,direct,V4_DIRECT_FROZEN_LINEAR_PORTFOLIO,disabled,2014-12-31,risk_on,0.015134139321802818,0.008719909405504822,0.013216116621443286,0.7121212121212122,0.06878435588365131,0.8636363636363636,0.8333333333333334,,,{},2886.TW,2014-12-31,2015-01-05
0.077915025,5970000,5970000,0.04924242424242425,0.49242424242424243,1.0,D-1 estimated accounting; fill-day constraints require ledger audit,direct,V4_DIRECT_FROZEN_LINEAR_PORTFOLIO,disabled,2014-12-31,risk_on,0.015134139321802818,0.008719909405504822,0.013216116621443286,0.7121212121212122,0.06878435588365131,0.8636363636363636,0.8333333333333334,,,{},2887.TW,2014-12-31,2015-01-05
0.0478484,1616000,1616000,0.04242424242424243,0.42424242424242425,1.0,D-1 estimated accounting; fill-day constraints require ledger audit,direct,V4_DIRECT_FROZEN_LINEAR_PORTFOLIO,disabled,2014-12-31,risk_on,0.015134139321802818,0.008719909405504822,0.013216116621443286,0.7121212121212122,0.06878435588365131,0.8636363636363636,0.8333333333333334,,,{},3105.TWO,2014-12-31,2015-01-05
0.0745514,3965000,3965000,0.04848484848484849,0.48484848484848486,1.0,D-1 estimated accounting; fill-day constraints require ledger audit,direct,V4_DIRECT_FROZEN_LINEAR_PORTFOLIO,disabled,2014-12-31,risk_on,0.015134139321802818,0.008719909405504822,0.013216116621443286,0.7121212121212122,0.06878435588365131,0.8636363636363636,0.8333333333333334,,,{},3324.TWO,2014-12-31,2015-01-05
0.0177422,275000,275000,0.035606060606060606,0.3560606060606061,1.0,D-1 estimated accounting; fill-day constraints require ledger audit,direct,V4_DIRECT_FROZEN_LINEAR_PORTFOLIO,disabled,2014-12-31,risk_on,0.015134139321802818,0.008719909405504822,0.013216116621443286,0.7121212121212122,0.06878435588365131,0.8636363636363636,0.8333333333333334,,,{},3491.TWO,2014-12-31,2015-01-05
0.01104345,145000,145000,0.034090909090909095,0.34090909090909094,1.0,D-1 estimated accounting; fill-day constraints require ledger audit,direct,V4_DIRECT_FROZEN_LINEAR_PORTFOLIO,disabled,2014-12-31,risk_on,0.015134139321802818,0.008719909405504822,0.013216116621443286,0.7121212121212122,0.06878435588365131,0.8636363636363636,0.8333333333333334,,,{},3653.TW,2014-12-31,2015-01-05
0.007722,71000,71000,0.03333333333333334,0.33333333333333337,1.0,D-1 estimated accounting; fill-day constraints require ledger audit,direct,V4_DIRECT_FROZEN_LINEAR_PORTFOLIO,disabled,2014-12-31,risk_on,0.015134139321802818,0.008719909405504822,0.013216116621443286,0.7121212121212122,0.06878435588365131,0.8636363636363636,0.8333333333333334,,,{},3665.TW,2014-12-31,2015-01-05
0.031065,272000,272000,0.038636363636363635,0.38636363636363635,1.0,D-1 estimated accounting; fill-day constraints require ledger audit,direct,V4_DIRECT_FROZEN_LINEAR_PORTFOLIO,disabled,2014-12-31,risk_on,0.015134139321802818,0.008719909405504822,0.013216116621443286,0.7121212121212122,0.06878435588365131,0.8636363636363636,0.8333333333333334,,,{},4123.TWO,2014-12-31,2015-01-05
0.0578425,680000,680000,0.0446969696969697,0.44696969696969696,1.0,D-1 estimated accounting; fill-day constraints require ledger audit,direct,V4_DIRECT_FROZEN_LINEAR_PORTFOLIO,disabled,2014-12-31,risk_on,0.015134139321802818,0.008719909405504822,0.013216116621443286,0.7121212121212122,0.06878435588365131,0.8636363636363636,0.8333333333333334,,,{},4958.TW,2014-12-31,2015-01-05
0.044497375,1280000,1280000,0.04166666666666667,0.4166666666666667,1.0,D-1 estimated accounting; fill-day constraints require ledger audit,direct,V4_DIRECT_FROZEN_LINEAR_PORTFOLIO,disabled,2014-12-31,risk_on,0.015134139321802818,0.008719909405504822,0.013216116621443286,0.7121212121212122,0.06878435588365131,0.8636363636363636,0.8333333333333334,,,{},6023.TWO,2014-12-31,2015-01-05
0.04112495,1005000,1005000,0.04090909090909091,0.40909090909090906,1.0,D-1 estimated accounting; fill-day constraints require ledger audit,direct,V4_DIRECT_FROZEN_LINEAR_PORTFOLIO,disabled,2014-12-31,risk_on,0.015134139321802818,0.008719909405504822,0.013216116621443286,0.7121212121212122,0.06878435588365131,0.8636363636363636,0.8333333333333334,,,{},6187.TWO,2014-12-31,2015-01-05
0.07111,273000,273000,0.04772727272727273,0.4772727272727273,1.0,D-1 estimated accounting; fill-day constraints require ledger audit,direct,V4_DIRECT_FROZEN_LINEAR_PORTFOLIO,disabled,2014-12-31,risk_on,0.015134139321802818,0.008719909405504822,0.013216116621443286,0.7121212121212122,0.06878435588365131,0.8636363636363636,0.8333333333333334,,,{},6415.TW,2014-12-31,2015-01-05
0.064548575,5841000,5841000,0.04621212121212121,0.4621212121212121,1.0,D-1 estimated accounting; fill-day constraints require ledger audit,direct,V4_DIRECT_FROZEN_LINEAR_PORTFOLIO,disabled,2014-12-31,risk_on,0.015134139321802818,0.008719909405504822,0.013216116621443286,0.7121212121212122,0.06878435588365131,0.8636363636363636,0.8333333333333334,,,{},8932.TWO,2014-12-31,2015-01-05
0.03426498855277706,2195000,0,0.030303030303030304,0.30303030303030304,1.0,D-1 estimated accounting; fill-day constraints require ledger audit,direct,V4_DIRECT_FROZEN_LINEAR_PORTFOLIO,disabled,2015-01-05,risk_on,0.014754078076557885,0.009892996598376835,0.009504423678468266,0.7424242424242424,0.06831789194829804,0.7727272727272727,0.7954545454545454,,,{},1519.TW,2015-01-05,2015-01-06
0.05338616434687403,2134000,2134000,0.04772727272727273,0.4772727272727273,1.0,D-1 estimated accounting; fill-day constraints require ledger audit,direct,V4_DIRECT_FROZEN_LINEAR_PORTFOLIO,disabled,2015-01-05,risk_on,0.014754078076557885,0.009892996598376835,0.009504423678468266,0.7424242424242424,0.06831789194829804,0.7727272727272727,0.7954545454545454,,,{},1785.TWO,2015-01-05,2015-01-06
0.024885605978142777,1370000,0,0.04015151515151515,0.4015151515151515,1.0,D-1 estimated accounting; fill-day constraints require ledger audit,direct,V4_DIRECT_FROZEN_LINEAR_PORTFOLIO,disabled,2015-01-05,risk_on,0.014754078076557885,0.009892996598376835,0.009504423678468266,0.7424242424242424,0.06831789194829804,0.7727272727272727,0.7954545454545454,,,{},2313.TW,2015-01-05,2015-01-06
0.05404435610182944,619000,0,0.04242424242424243,0.42424242424242425,1.0,D-1 estimated accounting; fill-day constraints require ledger audit,direct,V4_DIRECT_FROZEN_LINEAR_PORTFOLIO,disabled,2015-01-05,risk_on,0.014754078076557885,0.009892996598376835,0.009504423678468266,0.7424242424242424,0.06831789194829804,0.7727272727272727,0.7954545454545454,,,{},2317.TW,2015-01-05,2015-01-06
0.02739989548074208,79000,0,0.01666666666666667,0.16666666666666669,1.0,D-1 estimated accounting; fill-day constraints require ledger audit,direct,V4_DIRECT_FROZEN_LINEAR_PORTFOLIO,disabled,2015-01-05,risk_on,0.014754078076557885,0.009892996598376835,0.009504423678468266,0.7424242424242424,0.06831789194829804,0.7727272727272727,0.7954545454545454,,,{},2357.TW,2015-01-05,2015-01-06
0.06763768158002631,826000,0,0.043939393939393945,0.4393939393939394,1.0,D-1 estimated accounting; fill-day constraints require ledger audit,direct,V4_DIRECT_FROZEN_LINEAR_PORTFOLIO,disabled,2015-01-05,risk_on,0.014754078076557885,0.009892996598376835,0.009504423678468266,0.7424242424242424,0.06831789194829804,0.7727272727272727,0.7954545454545454,,,{},2360.TW,2015-01-05,2015-01-06
0.00456832498959252,245000,0,0.04090909090909091,0.40909090909090906,1.0,D-1 estimated accounting; fill-day constraints require ledger audit,direct,V4_DIRECT_FROZEN_LINEAR_PORTFOLIO,disabled,2015-01-05,risk_on,0.014754078076557885,0.009892996598376835,0.009504423678468266,0.7424242424242424,0.06831789194829804,0.7727272727272727,0.7954545454545454,,,{},2368.TW,2015-01-05,2015-01-06
0.014369369473209681,135000,0,0.034090909090909095,0.34090909090909094,1.0,D-1 estimated accounting; fill-day constraints require ledger audit,direct,V4_DIRECT_FROZEN_LINEAR_PORTFOLIO,disabled,2015-01-05,risk_on,0.014754078076557885,0.009892996598376835,0.009504423678468266,0.7424242424242424,0.06831789194829804,0.7727272727272727,0.7954545454545454,,,{},2379.TW,2015-01-05,2015-01-06
0.021015940681623848,515000,0,0.037121212121212124,0.3712121212121212,1.0,D-1 estimated accounting; fill-day constraints require ledger audit,direct,V4_DIRECT_FROZEN_LINEAR_PORTFOLIO,disabled,2015-01-05,risk_on,0.014754078076557885,0.009892996598376835,0.009504423678468266,0.7424242424242424,0.06831789194829804,0.7727272727272727,0.7954545454545454,,,{},2383.TW,2015-01-05,2015-01-06
0.0510736392798738,110000,0,0.04166666666666667,0.4166666666666667,1.0,D-1 estimated accounting; fill-day constraints require ledger audit,direct,V4_DIRECT_FROZEN_LINEAR_PORTFOLIO,disabled,2015-01-05,risk_on,0.014754078076557885,0.009892996598376835,0.009504423678468266,0.7424242424242424,0.06831789194829804,0.7727272727272727,0.7954545454545454,,,{},2454.TW,2015-01-05,2015-01-06
0.06033699542377249,2502000,0,0.0196969696969697,0.19696969696969696,1.0,D-1 estimated accounting; fill-day constraints require ledger audit,direct,V4_DIRECT_FROZEN_LINEAR_PORTFOLIO,disabled,2015-01-05,risk_on,0.014754078076557885,0.009892996598376835,0.009504423678468266,0.7424242424242424,0.06831789194829804,0.7727272727272727,0.7954545454545454,,,{},2886.TW,2015-01-05,2015-01-06
0.07675494796709667,5970000,0,0.04924242424242425,0.49242424242424243,1.0,D-1 estimated accounting; fill-day constraints require ledger audit,direct,V4_DIRECT_FROZEN_LINEAR_PORTFOLIO,disabled,2015-01-05,risk_on,0.014754078076557885,0.009892996598376835,0.009504423678468266,0.7424242424242424,0.06831789194829804,0.7727272727272727,0.7954545454545454,,,{},2887.TW,2015-01-05,2015-01-06
0.0,0,-1616000,-0.038636363636363635,-0.38636363636363635,1.0,D-1 estimated accounting; fill-day constraints require ledger audit,direct,V4_DIRECT_FROZEN_LINEAR_PORTFOLIO,disabled,2015-01-05,risk_on,0.014754078076557885,0.009892996598376835,0.009504423678468266,0.7424242424242424,0.06831789194829804,0.7727272727272727,0.7954545454545454,,,{},3105.TWO,2015-01-05,2015-01-06
0.073592646221788,3965000,0,0.04848484848484849,0.48484848484848486,1.0,D-1 estimated accounting; fill-day constraints require ledger audit,direct,V4_DIRECT_FROZEN_LINEAR_PORTFOLIO,disabled,2015-01-05,risk_on,0.014754078076557885,0.009892996598376835,0.009504423678468266,0.7424242424242424,0.06831789194829804,0.7727272727272727,0.7954545454545454,,,{},3324.TWO,2015-01-05,2015-01-06
0.017557132504676762,275000,0,0.0446969696969697,0.44696969696969696,1.0,D-1 estimated accounting; fill-day constraints require ledger audit,direct,V4_DIRECT_FROZEN_LINEAR_PORTFOLIO,disabled,2015-01-05,risk_on,0.014754078076557885,0.009892996598376835,0.009504423678468266,0.7424242424242424,0.06831789194829804,0.7727272727272727,0.7954545454545454,,,{},3491.TWO,2015-01-05,2015-01-06
0.011004678015136935,145000,0,0.045454545454545456,0.45454545454545453,1.0,D-1 estimated accounting; fill-day constraints require ledger audit,direct,V4_DIRECT_FROZEN_LINEAR_PORTFOLIO,disabled,2015-01-05,risk_on,0.014754078076557885,0.009892996598376835,0.009504423678468266,0.7424242424242424,0.06831789194829804,0.7727272727272727,0.7954545454545454,,,{},3653.TW,2015-01-05,2015-01-06
0.007725424428888475,71000,0,0.03636363636363637,0.36363636363636365,1.0,D-1 estimated accounting; fill-day constraints require ledger audit,direct,V4_DIRECT_FROZEN_LINEAR_PORTFOLIO,disabled,2015-01-05,risk_on,0.014754078076557885,0.009892996598376835,0.009504423678468266,0.7424242424242424,0.06831789194829804,0.7727272727272727,0.7954545454545454,,,{},3665.TW,2015-01-05,2015-01-06
0.030669844942775488,272000,0,0.03257575757575758,0.32575757575757575,1.0,D-1 estimated accounting; fill-day constraints require ledger audit,direct,V4_DIRECT_FROZEN_LINEAR_PORTFOLIO,disabled,2015-01-05,risk_on,0.014754078076557885,0.009892996598376835,0.009504423678468266,0.7424242424242424,0.06831789194829804,0.7727272727272727,0.7954545454545454,,,{},4123.TWO,2015-01-05,2015-01-06
0.05814047177642127,680000,0,0.04621212121212121,0.4621212121212121,1.0,D-1 estimated accounting; fill-day constraints require ledger audit,direct,V4_DIRECT_FROZEN_LINEAR_PORTFOLIO,disabled,2015-01-05,risk_on,0.014754078076557885,0.009892996598376835,0.009504423678468266,0.7424242424242424,0.06831789194829804,0.7727272727272727,0.7954545454545454,,,{},4958.TW,2015-01-05,2015-01-06
0.04470926816156307,1280000,0,0.017424242424242425,0.17424242424242425,1.0,D-1 estimated accounting; fill-day constraints require ledger audit,direct,V4_DIRECT_FROZEN_LINEAR_PORTFOLIO,disabled,2015-01-05,risk_on,0.014754078076557885,0.009892996598376835,0.009504423678468266,0.7424242424242424,0.06831789194829804,0.7727272727272727,0.7954545454545454,,,{},6023.TWO,2015-01-05,2015-01-06
0.04250121440328943,1005000,0,-0.013636363636363636,-0.13636363636363635,1.0,D-1 estimated accounting; fill-day constraints require ledger audit,direct,V4_DIRECT_FROZEN_LINEAR_PORTFOLIO,disabled,2015-01-05,risk_on,0.014754078076557885,0.009892996598376835,0.009504423678468266,0.7424242424242424,0.06831789194829804,0.7727272727272727,0.7954545454545454,,,{},6187.TWO,2015-01-05,2015-01-06
0.07018386021804014,273000,0,0.046969696969696974,0.4696969696969697,1.0,D-1 estimated accounting; fill-day constraints require ledger audit,direct,V4_DIRECT_FROZEN_LINEAR_PORTFOLIO,disabled,2015-01-05,risk_on,0.014754078076557885,0.009892996598376835,0.009504423678468266,0.7424242424242424,0.06831789194829804,0.7727272727272727,0.7954545454545454,,,{},6415.TW,2015-01-05,2015-01-06
0.06194735924557517,5841000,0,0.0393939393939394,0.3939393939393939,1.0,D-1 estimated accounting; fill-day constraints require ledger audit,direct,V4_DIRECT_FROZEN_LINEAR_PORTFOLIO,disabled,2015-01-05,risk_on,0.014754078076557885,0.009892996598376835,0.009504423678468266,0.7424242424242424,0.06831789194829804,0.7727272727272727,0.7954545454545454,,,{},8932.TWO,2015-01-05,2015-01-06
0.0339306128879373,2195000,0,0.04166666666666667,0.4166666666666667,1.0,D-1 estimated accounting; fill-day constraints require ledger audit,direct,V4_DIRECT_FROZEN_LINEAR_PORTFOLIO,disabled,2015-01-06,neutral,0.015549313605727783,-0.009823783006795372,-0.008587488839407187,0.36363636363636365,0.06515262838543079,0.4696969696969697,0.5151515151515151,,,{},1519.TW,2015-01-06,2015-01-07
0.05404854805065289,2134000,0,0.04924242424242425,0.49242424242424243,1.0,D-1 estimated accounting; fill-day constraints require ledger audit,direct,V4_DIRECT_FROZEN_LINEAR_PORTFOLIO,disabled,2015-01-06,neutral,0.015549313605727783,-0.009823783006795372,-0.008587488839407187,0.36363636363636365,0.06515262838543079,0.4696969696969697,0.5151515151515151,,,{},1785.TWO,2015-01-06,2015-01-07
0.024492170855601018,1370000,0,0.045454545454545456,0.45454545454545453,1.0,D-1 estimated accounting; fill-day constraints require ledger audit,direct,V4_DIRECT_FROZEN_LINEAR_PORTFOLIO,disabled,2015-01-06,neutral,0.015549313605727783,-0.009823783006795372,-0.008587488839407187,0.36363636363636365,0.06515262838543079,0.4696969696969697,0.5151515151515151,,,{},2313.TW,2015-01-06,2015-01-07
0.05270452489967322,619000,0,0.026515151515151516,0.26515151515151514,1.0,D-1 estimated accounting; fill-day constraints require ledger audit,direct,V4_DIRECT_FROZEN_LINEAR_PORTFOLIO,disabled,2015-01-06,neutral,0.015549313605727783,-0.009823783006795372,-0.008587488839407187,0.36363636363636365,0.06515262838543079,0.4696969696969697,0.5151515151515151,,,{},2317.TW,2015-01-06,2015-01-07
0.027294264180746857,79000,0,0.010606060606060608,0.10606060606060608,1.0,D-1 estimated accounting; fill-day constraints require ledger audit,direct,V4_DIRECT_FROZEN_LINEAR_PORTFOLIO,disabled,2015-01-06,neutral,0.015549313605727783,-0.009823783006795372,-0.008587488839407187,0.36363636363636365,0.06515262838543079,0.4696969696969697,0.5151515151515151,,,{},2357.TW,2015-01-06,2015-01-07
0.06906703833221357,826000,0,0.012121212121212123,0.12121212121212122,1.0,D-1 estimated accounting; fill-day constraints require ledger audit,direct,V4_DIRECT_FROZEN_LINEAR_PORTFOLIO,disabled,2015-01-06,neutral,0.015549313605727783,-0.009823783006795372,-0.008587488839407187,0.36363636363636365,0.06515262838543079,0.4696969696969697,0.5151515151515151,,,{},2360.TW,2015-01-06,2015-01-07
0.004399682954073136,245000,0,0.0393939393939394,0.3939393939393939,1.0,D-1 estimated accounting; fill-day constraints require ledger audit,direct,V4_DIRECT_FROZEN_LINEAR_PORTFOLIO,disabled,2015-01-06,neutral,0.015549313605727783,-0.009823783006795372,-0.008587488839407187,0.36363636363636365,0.06515262838543079,0.4696969696969697,0.5151515151515151,,,{},2368.TW,2015-01-06,2015-01-07
0.014529102448452118,135000,0,0.02727272727272727,0.2727272727272727,1.0,D-1 estimated accounting; fill-day constraints require ledger audit,direct,V4_DIRECT_FROZEN_LINEAR_PORTFOLIO,disabled,2015-01-06,neutral,0.015549313605727783,-0.009823783006795372,-0.008587488839407187,0.36363636363636365,0.06515262838543079,0.4696969696969697,0.5151515151515151,,,{},2379.TW,2015-01-06,2015-01-07
0.02060483112751794,515000,0,0.02121212121212121,0.2121212121212121,1.0,D-1 estimated accounting; fill-day constraints require ledger audit,direct,V4_DIRECT_FROZEN_LINEAR_PORTFOLIO,disabled,2015-01-06,neutral,0.015549313605727783,-0.009823783006795372,-0.008587488839407187,0.36363636363636365,0.06515262838543079,0.4696969696969697,0.5151515151515151,,,{},2383.TW,2015-01-06,2015-01-07
0.05095392448858952,110000,0,0.025757575757575757,0.25757575757575757,1.0,D-1 estimated accounting; fill-day constraints require ledger audit,direct,V4_DIRECT_FROZEN_LINEAR_PORTFOLIO,disabled,2015-01-06,neutral,0.015549313605727783,-0.009823783006795372,-0.008587488839407187,0.36363636363636365,0.06515262838543079,0.4696969696969697,0.5151515151515151,,,{},2454.TW,2015-01-06,2015-01-07
0.05996542641779422,2502000,0,-0.002272727272727271,-0.022727272727272707,1.0,D-1 estimated accounting; fill-day constraints require ledger audit,direct,V4_DIRECT_FROZEN_LINEAR_PORTFOLIO,disabled,2015-01-06,neutral,0.015549313605727783,-0.009823783006795372,-0.008587488839407187,0.36363636363636365,0.06515262838543079,0.4696969696969697,0.5151515151515151,,,{},2886.TW,2015-01-06,2015-01-07
0.07544045717751789,5970000,0,0.0446969696969697,0.44696969696969696,1.0,D-1 estimated accounting; fill-day constraints require ledger audit,direct,V4_DIRECT_FROZEN_LINEAR_PORTFOLIO,disabled,2015-01-06,neutral,0.015549313605727783,-0.009823783006795372,-0.008587488839407187,0.36363636363636365,0.06515262838543079,0.4696969696969697,0.5151515151515151,,,{},2887.TW,2015-01-06,2015-01-07
0.07525912971006359,3965000,0,0.046969696969696974,0.4696969696969697,1.0,D-1 estimated accounting; fill-day constraints require ledger audit,direct,V4_DIRECT_FROZEN_LINEAR_PORTFOLIO,disabled,2015-01-06,neutral,0.015549313605727783,-0.009823783006795372,-0.008587488839407187,0.36363636363636365,0.06515262838543079,0.4696969696969697,0.5151515151515151,,,{},3324.TWO,2015-01-06,2015-01-07
0.017308366232651112,275000,0,0.043939393939393945,0.4393939393939394,1.0,D-1 estimated accounting; fill-day constraints require ledger audit,direct,V4_DIRECT_FROZEN_LINEAR_PORTFOLIO,disabled,2015-01-06,neutral,0.015549313605727783,-0.009823783006795372,-0.008587488839407187,0.36363636363636365,0.06515262838543079,0.4696969696969697,0.5151515151515151,,,{},3491.TWO,2015-01-06,2015-01-07
0.010928277234809956,145000,0,0.04621212121212121,0.4621212121212121,1.0,D-1 estimated accounting; fill-day constraints require ledger audit,direct,V4_DIRECT_FROZEN_LINEAR_PORTFOLIO,disabled,2015-01-06,neutral,0.015549313605727783,-0.009823783006795372,-0.008587488839407187,0.36363636363636365,0.06515262838543079,0.4696969696969697,0.5151515151515151,,,{},3653.TW,2015-01-06,2015-01-07
0.007810622768704289,71000,0,0.037121212121212124,0.3712121212121212,1.0,D-1 estimated accounting; fill-day constraints require ledger audit,direct,V4_DIRECT_FROZEN_LINEAR_PORTFOLIO,disabled,2015-01-06,neutral,0.015549313605727783,-0.009823783006795372,-0.008587488839407187,0.36363636363636365,0.06515262838543079,0.4696969696969697,0.5151515151515151,,,{},3665.TW,2015-01-06,2015-01-07
0.02963057949572585,272000,0,0.03787878787878788,0.3787878787878788,1.0,D-1 estimated accounting; fill-day constraints require ledger audit,direct,V4_DIRECT_FROZEN_LINEAR_PORTFOLIO,disabled,2015-01-06,neutral,0.015549313605727783,-0.009823783006795372,-0.008587488839407187,0.36363636363636365,0.06515262838543079,0.4696969696969697,0.5151515151515151,,,{},4123.TWO,2015-01-06,2015-01-07
0.057071989758474065,680000,0,0.03181818181818182,0.3181818181818182,1.0,D-1 estimated accounting; fill-day constraints require ledger audit,direct,V4_DIRECT_FROZEN_LINEAR_PORTFOLIO,disabled,2015-01-06,neutral,0.015549313605727783,-0.009823783006795372,-0.008587488839407187,0.36363636363636365,0.06515262838543079,0.4696969696969697,0.5151515151515151,,,{},4958.TW,2015-01-06,2015-01-07
0.04467172312552485,1280000,0,0.02954545454545454,0.2954545454545454,1.0,D-1 estimated accounting; fill-day constraints require ledger audit,direct,V4_DIRECT_FROZEN_LINEAR_PORTFOLIO,disabled,2015-01-06,neutral,0.015549313605727783,-0.009823783006795372,-0.008587488839407187,0.36363636363636365,0.06515262838543079,0.4696969696969697,0.5151515151515151,,,{},6023.TWO,2015-01-06,2015-01-07
0.0,0,-1005000,-0.013636363636363636,-0.13636363636363635,1.0,D-1 estimated accounting; fill-day constraints require ledger audit,direct,V4_DIRECT_FROZEN_LINEAR_PORTFOLIO,disabled,2015-01-06,neutral,0.015549313605727783,-0.009823783006795372,-0.008587488839407187,0.36363636363636365,0.06515262838543079,0.4696969696969697,0.5151515151515151,,,{},6187.TWO,2015-01-06,2015-01-07
0.06032234250448246,516000,516000,0.04848484848484849,0.48484848484848486,1.0,D-1 estimated accounting; fill-day constraints require ledger audit,direct,V4_DIRECT_FROZEN_LINEAR_PORTFOLIO,disabled,2015-01-06,neutral,0.015549313605727783,-0.009823783006795372,-0.008587488839407187,0.36363636363636365,0.06515262838543079,0.4696969696969697,0.5151515151515151,,,{},6223.TWO,2015-01-06,2015-01-07
0.07076855648878091,273000,0,0.04242424242424243,0.42424242424242425,1.0,D-1 estimated accounting; fill-day constraints require ledger audit,direct,V4_DIRECT_FROZEN_LINEAR_PORTFOLIO,disabled,2015-01-06,neutral,0.015549313605727783,-0.009823783006795372,-0.008587488839407187,0.36363636363636365,0.06515262838543079,0.4696969696969697,0.5151515151515151,,,{},6415.TW,2015-01-06,2015-01-07
0.06351817619239727,5841000,0,0.03636363636363637,0.36363636363636365,1.0,D-1 estimated accounting; fill-day constraints require ledger audit,direct,V4_DIRECT_FROZEN_LINEAR_PORTFOLIO,disabled,2015-01-06,neutral,0.015549313605727783,-0.009823783006795372,-0.008587488839407187,0.36363636363636365,0.06515262838543079,0.4696969696969697,0.5151515151515151,,,{},8932.TWO,2015-01-06,2015-01-07
0.0338783610423239,2195000,0,0.04090909090909091,0.40909090909090906,1.0,D-1 estimated accounting; fill-day constraints require ledger audit,direct,V4_DIRECT_FROZEN_LINEAR_PORTFOLIO,disabled,2015-01-07,neutral,0.015606180510089693,-0.016464164600923592,-0.008500166126928554,0.30303030303030304,0.06777426116641415,0.4621212121212121,0.5378787878787878,,,{},1519.TW,2015-01-07,2015-01-08
0.053683164716657544,2134000,0,0.04848484848484849,0.48484848484848486,1.0,D-1 estimated accounting; fill-day constraints require ledger audit,direct,V4_DIRECT_FROZEN_LINEAR_PORTFOLIO,disabled,2015-01-07,neutral,0.015606180510089693,-0.016464164600923592,-0.008500166126928554,0.30303030303030304,0.06777426116641415,0.4621212121212121,0.5378787878787878,,,{},1785.TWO,2015-01-07,2015-01-08
0.024443718402499426,1370000,0,0.045454545454545456,0.45454545454545453,1.0,D-1 estimated accounting; fill-day constraints require ledger audit,direct,V4_DIRECT_FROZEN_LINEAR_PORTFOLIO,disabled,2015-01-07,neutral,0.015606180510089693,-0.016464164600923592,-0.008500166126928554,0.30303030303030304,0.06777426116641415,0.4621212121212121,0.5378787878787878,,,{},2313.TW,2015-01-07,2015-01-08
0.05288702468506463,619000,0,0.024242424242424246,0.24242424242424243,1.0,D-1 estimated accounting; fill-day constraints require ledger audit,direct,V4_DIRECT_FROZEN_LINEAR_PORTFOLIO,disabled,2015-01-07,neutral,0.015606180510089693,-0.016464164600923592,-0.008500166126928554,0.30303030303030304,0.06777426116641415,0.4621212121212121,0.5378787878787878,,,{},2317.TW,2015-01-07,2015-01-08
0.02692477350567381,79000,0,0.0015151515151515138,0.015151515151515138,1.0,D-1 estimated accounting; fill-day constraints require ledger audit,direct,V4_DIRECT_FROZEN_LINEAR_PORTFOLIO,disabled,2015-01-07,neutral,0.015606180510089693,-0.016464164600923592,-0.008500166126928554,0.30303030303030304,0.06777426116641415,0.4621212121212121,0.5378787878787878,,,{},2357.TW,2015-01-07,2015-01-08
0.06774299466858483,826000,0,0.013636363636363636,0.13636363636363635,1.0,D-1 estimated accounting; fill-day constraints require ledger audit,direct,V4_DIRECT_FROZEN_LINEAR_PORTFOLIO,disabled,2015-01-07,neutral,0.015606180510089693,-0.016464164600923592,-0.008500166126928554,0.30303030303030304,0.06777426116641415,0.4621212121212121,0.5378787878787878,,,{},2360.TW,2015-01-07,2015-01-08
0.004489341003144033,245000,0,0.03333333333333334,0.33333333333333337,1.0,D-1 estimated accounting; fill-day constraints require ledger audit,direct,V4_DIRECT_FROZEN_LINEAR_PORTFOLIO,disabled,2015-01-07,neutral,0.015606180510089693,-0.016464164600923592,-0.008500166126928554,0.30303030303030304,0.06777426116641415,0.4621212121212121,0.5378787878787878,,,{},2368.TW,2015-01-07,2015-01-08
0.014323857260875424,135000,0,0.02954545454545454,0.2954545454545454,1.0,D-1 estimated accounting; fill-day constraints require ledger audit,direct,V4_DIRECT_FROZEN_LINEAR_PORTFOLIO,disabled,2015-01-07,neutral,0.015606180510089693,-0.016464164600923592,-0.008500166126928554,0.30303030303030304,0.06777426116641415,0.4621212121212121,0.5378787878787878,,,{},2379.TW,2015-01-07,2015-01-08
0.020351345213862122,515000,0,0.005303030303030304,0.05303030303030304,1.0,D-1 estimated accounting; fill-day constraints require ledger audit,direct,V4_DIRECT_FROZEN_LINEAR_PORTFOLIO,disabled,2015-01-07,neutral,0.015606180510089693,-0.016464164600923592,-0.008500166126928554,0.30303030303030304,0.06777426116641415,0.4621212121212121,0.5378787878787878,,,{},2383.TW,2015-01-07,2015-01-08
0.0,0,-110000,-0.02803030303030303,-0.2803030303030303,1.0,D-1 estimated accounting; fill-day constraints require ledger audit,direct,V4_DIRECT_FROZEN_LINEAR_PORTFOLIO,disabled,2015-01-07,neutral,0.015606180510089693,-0.016464164600923592,-0.008500166126928554,0.30303030303030304,0.06777426116641415,0.4621212121212121,0.5378787878787878,,,{},2454.TW,2015-01-07,2015-01-08
0.059427938038829384,2502000,0,-0.012121212121212123,-0.12121212121212122,1.0,D-1 estimated accounting; fill-day constraints require ledger audit,direct,V4_DIRECT_FROZEN_LINEAR_PORTFOLIO,disabled,2015-01-07,neutral,0.015606180510089693,-0.016464164600923592,-0.008500166126928554,0.30303030303030304,0.06777426116641415,0.4621212121212121,0.5378787878787878,,,{},2886.TW,2015-01-07,2015-01-08
0.07537884480357564,5970000,0,0.043939393939393945,0.4393939393939394,1.0,D-1 estimated accounting; fill-day constraints require ledger audit,direct,V4_DIRECT_FROZEN_LINEAR_PORTFOLIO,disabled,2015-01-07,neutral,0.015606180510089693,-0.016464164600923592,-0.008500166126928554,0.30303030303030304,0.06777426116641415,0.4621212121212121,0.5378787878787878,,,{},2887.TW,2015-01-07,2015-01-08
0.07648863625218369,3965000,0,0.035606060606060606,0.3560606060606061,1.0,D-1 estimated accounting; fill-day constraints require ledger audit,direct,V4_DIRECT_FROZEN_LINEAR_PORTFOLIO,disabled,2015-01-07,neutral,0.015606180510089693,-0.016464164600923592,-0.008500166126928554,0.30303030303030304,0.06777426116641415,0.4621212121212121,0.5378787878787878,,,{},3324.TWO,2015-01-07,2015-01-08
0.017197997424013185,275000,0,0.04924242424242425,0.49242424242424243,1.0,D-1 estimated accounting; fill-day constraints require ledger audit,direct,V4_DIRECT_FROZEN_LINEAR_PORTFOLIO,disabled,2015-01-07,neutral,0.015606180510089693,-0.016464164600923592,-0.008500166126928554,0.30303030303030304,0.06777426116641415,0.4621212121212121,0.5378787878787878,,,{},3491.TWO,2015-01-07,2015-01-08
0.01087602132643501,145000,0,0.04242424242424243,0.42424242424242425,1.0,D-1 estimated accounting; fill-day constraints require ledger audit,direct,V4_DIRECT_FROZEN_LINEAR_PORTFOLIO,disabled,2015-01-07,neutral,0.015606180510089693,-0.016464164600923592,-0.008500166126928554,0.30303030303030304,0.06777426116641415,0.4621212121212121,0.5378787878787878,,,{},3653.TW,2015-01-07,2015-01-08
0.00780909613771236,71000,0,0.0393939393939394,0.3939393939393939,1.0,D-1 estimated accounting; fill-day constraints require ledger audit,direct,V4_DIRECT_FROZEN_LINEAR_PORTFOLIO,disabled,2015-01-07,neutral,0.015606180510089693,-0.016464164600923592,-0.008500166126928554,0.30303030303030304,0.06777426116641415,0.4621212121212121,0.5378787878787878,,,{},3665.TW,2015-01-07,2015-01-08
0.028533235887795164,272000,0,0.02272727272727273,0.2272727272727273,1.0,D-1 estimated accounting; fill-day constraints require ledger audit,direct,V4_DIRECT_FROZEN_LINEAR_PORTFOLIO,disabled,2015-01-07,neutral,0.015606180510089693,-0.016464164600923592,-0.008500166126928554,0.30303030303030304,0.06777426116641415,0.4621212121212121,0.5378787878787878,,,{},4123.TWO,2015-01-07,2015-01-08
0.05761732192016047,680000,0,0.009848484848484851,0.09848484848484851,1.0,D-1 estimated accounting; fill-day constraints require ledger audit,direct,V4_DIRECT_FROZEN_LINEAR_PORTFOLIO,disabled,2015-01-07,neutral,0.015606180510089693,-0.016464164600923592,-0.008500166126928554,0.30303030303030304,0.06777426116641415,0.4621212121212121,0.5378787878787878,,,{},4958.TW,2015-01-07,2015-01-08
0.05812533651460714,686000,686000,0.046969696969696974,0.4696969696969697,1.0,D-1 estimated accounting; fill-day constraints require ledger audit,direct,V4_DIRECT_FROZEN_LINEAR_PORTFOLIO,disabled,2015-01-07,neutral,0.015606180510089693,-0.016464164600923592,-0.008500166126928554,0.30303030303030304,0.06777426116641415,0.4621212121212121,0.5378787878787878,,,{},5536.TWO,2015-01-07,2015-01-08
0.04471472817235807,1280000,0,0.04318181818181818,0.4318181818181818,1.0,D-1 estimated accounting; fill-day constraints require ledger audit,direct,V4_DIRECT_FROZEN_LINEAR_PORTFOLIO,disabled,2015-01-07,neutral,0.015606180510089693,-0.016464164600923592,-0.008500166126928554,0.30303030303030304,0.06777426116641415,0.4621212121212121,0.5378787878787878,,,{},6023.TWO,2015-01-07,2015-01-08
0.06288033307860458,516000,0,0.04015151515151515,0.4015151515151515,1.0,D-1 estimated accounting; fill-day constraints require ledger audit,direct,V4_DIRECT_FROZEN_LINEAR_PORTFOLIO,disabled,2015-01-07,neutral,0.015606180510089693,-0.016464164600923592,-0.008500166126928554,0.30303030303030304,0.06777426116641415,0.4621212121212121,0.5378787878787878,,,{},6223.TWO,2015-01-07,2015-01-08
0.06933397213024645,273000,0,0.04166666666666667,0.4166666666666667,1.0,D-1 estimated accounting; fill-day constraints require ledger audit,direct,V4_DIRECT_FROZEN_LINEAR_PORTFOLIO,disabled,2015-01-07,neutral,0.015606180510089693,-0.016464164600923592,-0.008500166126928554,0.30303030303030304,0.06777426116641415,0.4621212121212121,0.5378787878787878,,,{},6415.TW,2015-01-07,2015-01-08
0.06262913138466418,5841000,0,0.04772727272727273,0.4772727272727273,1.0,D-1 estimated accounting; fill-day constraints require ledger audit,direct,V4_DIRECT_FROZEN_LINEAR_PORTFOLIO,disabled,2015-01-07,neutral,0.015606180510089693,-0.016464164600923592,-0.008500166126928554,0.30303030303030304,0.06777426116641415,0.4621212121212121,0.5378787878787878,,,{},8932.TWO,2015-01-07,2015-01-08
0.034091577485393244,2195000,0,0.04090909090909091,0.40909090909090906,1.0,D-1 estimated accounting; fill-day constraints require ledger audit,direct,V4_DIRECT_FROZEN_LINEAR_PORTFOLIO,disabled,2015-01-08,risk_on,0.015343662797591652,-0.0016835767874679441,0.009772366201771576,0.4621212121212121,0.0697640227777357,0.7196969696969697,0.7121212121212122,,,{},1519.TW,2015-01-08,2015-01-09
0.05354091112919817,2134000,0,0.04015151515151515,0.4015151515151515,1.0,D-1 estimated accounting; fill-day constraints require ledger audit,direct,V4_DIRECT_FROZEN_LINEAR_PORTFOLIO,disabled,2015-01-08,risk_on,0.015343662797591652,-0.0016835767874679441,0.009772366201771576,0.4621212121212121,0.0697640227777357,0.7196969696969697,0.7121212121212122,,,{},1785.TWO,2015-01-08,2015-01-09
0.024418620672027075,1370000,0,0.038636363636363635,0.38636363636363635,1.0,D-1 estimated accounting; fill-day constraints require ledger audit,direct,V4_DIRECT_FROZEN_LINEAR_PORTFOLIO,disabled,2015-01-08,risk_on,0.015343662797591652,-0.0016835767874679441,0.009772366201771576,0.4621212121212121,0.0697640227777357,0.7196969696969697,0.7121212121212122,,,{},2313.TW,2015-01-08,2015-01-09
0.053585852551439044,619000,0,0.02727272727272727,0.2727272727272727,1.0,D-1 estimated accounting; fill-day constraints require ledger audit,direct,V4_DIRECT_FROZEN_LINEAR_PORTFOLIO,disabled,2015-01-08,risk_on,0.015343662797591652,-0.0016835767874679441,0.009772366201771576,0.4621212121212121,0.0697640227777357,0.7196969696969697,0.7121212121212122,,,{},2317.TW,2015-01-08,2015-01-09
0.027538192418959807,79000,0,0.005303030303030304,0.05303030303030304,1.0,D-1 estimated accounting; fill-day constraints require ledger audit,direct,V4_DIRECT_FROZEN_LINEAR_PORTFOLIO,disabled,2015-01-08,risk_on,0.015343662797591652,-0.0016835767874679441,0.009772366201771576,0.4621212121212121,0.0697640227777357,0.7196969696969697,0.7121212121212122,,,{},2357.TW,2015-01-08,2015-01-09
0.06729537524771591,826000,0,-0.0037878787878787845,-0.037878787878787845,1.0,D-1 estimated accounting; fill-day constraints require ledger audit,direct,V4_DIRECT_FROZEN_LINEAR_PORTFOLIO,disabled,2015-01-08,risk_on,0.015343662797591652,-0.0016835767874679441,0.009772366201771576,0.4621212121212121,0.0697640227777357,0.7196969696969697,0.7121212121212122,,,{},2360.TW,2015-01-08,2015-01-09
0.004765134520988409,245000,0,0.0060606060606060615,0.06060606060606061,1.0,D-1 estimated accounting; fill-day constraints require ledger audit,direct,V4_DIRECT_FROZEN_LINEAR_PORTFOLIO,disabled,2015-01-08,risk_on,0.015343662797591652,-0.0016835767874679441,0.009772366201771576,0.4621212121212121,0.0697640227777357,0.7196969696969697,0.7121212121212122,,,{},2368.TW,2015-01-08,2015-01-09
0.01429664778838718,135000,0,0.01893939393939394,0.1893939393939394,1.0,D-1 estimated accounting; fill-day constraints require ledger audit,direct,V4_DIRECT_FROZEN_LINEAR_PORTFOLIO,disabled,2015-01-08,risk_on,0.015343662797591652,-0.0016835767874679441,0.009772366201771576,0.4621212121212121,0.0697640227777357,0.7196969696969697,0.7121212121212122,,,{},2379.TW,2015-01-08,2015-01-09
0.020165559565696867,515000,0,0.0,0.0,1.0,D-1 estimated accounting; fill-day constraints require ledger audit,direct,V4_DIRECT_FROZEN_LINEAR_PORTFOLIO,disabled,2015-01-08,risk_on,0.015343662797591652,-0.0016835767874679441,0.009772366201771576,0.4621212121212121,0.0697640227777357,0.7196969696969697,0.7121212121212122,,,{},2383.TW,2015-01-08,2015-01-09
0.05928435521495831,2502000,0,-0.017424242424242422,-0.1742424242424242,1.0,D-1 estimated accounting; fill-day constraints require ledger audit,direct,V4_DIRECT_FROZEN_LINEAR_PORTFOLIO,disabled,2015-01-08,risk_on,0.015343662797591652,-0.0016835767874679441,0.009772366201771576,0.4621212121212121,0.0697640227777357,0.7196969696969697,0.7121212121212122,,,{},2886.TW,2015-01-08,2015-01-09
0.07577220839394361,5970000,0,0.045454545454545456,0.45454545454545453,1.0,D-1 estimated accounting; fill-day constraints require ledger audit,direct,V4_DIRECT_FROZEN_LINEAR_PORTFOLIO,disabled,2015-01-08,risk_on,0.015343662797591652,-0.0016835767874679441,0.009772366201771576,0.4621212121212121,0.0697640227777357,0.7196969696969697,0.7121212121212122,,,{},2887.TW,2015-01-08,2015-01-09
0.06133613270477259,1013000,1013000,0.046969696969696974,0.4696969696969697,1.0,D-1 estimated accounting; fill-day constraints require ledger audit,direct,V4_DIRECT_FROZEN_LINEAR_PORTFOLIO,disabled,2015-01-08,risk_on,0.015343662797591652,-0.0016835767874679441,0.009772366201771576,0.4621212121212121,0.0697640227777357,0.7196969696969697,0.7121212121212122,,,{},3163.TWO,2015-01-08,2015-01-09
0.0,0,-3965000,-0.043939393939393945,-0.43939393939393945,1.0,D-1 estimated accounting; fill-day constraints require ledger audit,direct,V4_DIRECT_FROZEN_LINEAR_PORTFOLIO,disabled,2015-01-08,risk_on,0.015343662797591652,-0.0016835767874679441,0.009772366201771576,0.4621212121212121,0.0697640227777357,0.7196969696969697,0.7121212121212122,,,{},3324.TWO,2015-01-08,2015-01-09
0.01711178245907691,275000,0,0.04924242424242425,0.49242424242424243,1.0,D-1 estimated accounting; fill-day constraints require ledger audit,direct,V4_DIRECT_FROZEN_LINEAR_PORTFOLIO,disabled,2015-01-08,risk_on,0.015343662797591652,-0.0016835767874679441,0.009772366201771576,0.4621212121212121,0.0697640227777357,0.7196969696969697,0.7121212121212122,,,{},3491.TWO,2015-01-08,2015-01-09
0.010804156797987253,145000,0,0.04772727272727273,0.4772727272727273,1.0,D-1 estimated accounting; fill-day constraints require ledger audit,direct,V4_DIRECT_FROZEN_LINEAR_PORTFOLIO,disabled,2015-01-08,risk_on,0.015343662797591652,-0.0016835767874679441,0.009772366201771576,0.4621212121212121,0.0697640227777357,0.7196969696969697,0.7121212121212122,,,{},3653.TW,2015-01-08,2015-01-09
0.007899836049052068,71000,0,0.01515151515151515,0.1515151515151515,1.0,D-1 estimated accounting; fill-day constraints require ledger audit,direct,V4_DIRECT_FROZEN_LINEAR_PORTFOLIO,disabled,2015-01-08,risk_on,0.015343662797591652,-0.0016835767874679441,0.009772366201771576,0.4621212121212121,0.0697640227777357,0.7196969696969697,0.7121212121212122,,,{},3665.TW,2015-01-08,2015-01-09
0.026364639000975507,272000,0,0.030303030303030304,0.30303030303030304,1.0,D-1 estimated accounting; fill-day constraints require ledger audit,direct,V4_DIRECT_FROZEN_LINEAR_PORTFOLIO,disabled,2015-01-08,risk_on,0.015343662797591652,-0.0016835767874679441,0.009772366201771576,0.4621212121212121,0.0697640227777357,0.7196969696969697,0.7121212121212122,,,{},4123.TWO,2015-01-08,2015-01-09
0.05798170096719235,680000,0,-0.008333333333333337,-0.08333333333333337,1.0,D-1 estimated accounting; fill-day constraints require ledger audit,direct,V4_DIRECT_FROZEN_LINEAR_PORTFOLIO,disabled,2015-01-08,risk_on,0.015343662797591652,-0.0016835767874679441,0.009772366201771576,0.4621212121212121,0.0697640227777357,0.7196969696969697,0.7121212121212122,,,{},4958.TW,2015-01-08,2015-01-09
0.058082931147522304,686000,0,0.043939393939393945,0.4393939393939394,1.0,D-1 estimated accounting; fill-day constraints require ledger audit,direct,V4_DIRECT_FROZEN_LINEAR_PORTFOLIO,disabled,2015-01-08,risk_on,0.015343662797591652,-0.0016835767874679441,0.009772366201771576,0.4621212121212121,0.0697640227777357,0.7196969696969697,0.7121212121212122,,,{},5536.TWO,2015-01-08,2015-01-09
0.045375208991983586,1280000,0,-0.02954545454545454,-0.2954545454545454,1.0,D-1 estimated accounting; fill-day constraints require ledger audit,direct,V4_DIRECT_FROZEN_LINEAR_PORTFOLIO,disabled,2015-01-08,risk_on,0.015343662797591652,-0.0016835767874679441,0.009772366201771576,0.4621212121212121,0.0697640227777357,0.7196969696969697,0.7121212121212122,,,{},6023.TWO,2015-01-08,2015-01-09
0.06092250240549916,516000,0,0.03787878787878788,0.3787878787878788,1.0,D-1 estimated accounting; fill-day constraints require ledger audit,direct,V4_DIRECT_FROZEN_LINEAR_PORTFOLIO,disabled,2015-01-08,risk_on,0.015343662797591652,-0.0016835767874679441,0.009772366201771576,0.4621212121212121,0.0697640227777357,0.7196969696969697,0.7121212121212122,,,{},6223.TWO,2015-01-08,2015-01-09
0.06846748536421077,273000,0,0.0446969696969697,0.44696969696969696,1.0,D-1 estimated accounting; fill-day constraints require ledger audit,direct,V4_DIRECT_FROZEN_LINEAR_PORTFOLIO,disabled,2015-01-08,risk_on,0.015343662797591652,-0.0016835767874679441,0.009772366201771576,0.4621212121212121,0.0697640227777357,0.7196969696969697,0.7121212121212122,,,{},6415.TW,2015-01-08,2015-01-09
0.06163385096373705,5841000,0,0.04848484848484849,0.48484848484848486,1.0,D-1 estimated accounting; fill-day constraints require ledger audit,direct,V4_DIRECT_FROZEN_LINEAR_PORTFOLIO,disabled,2015-01-08,risk_on,0.015343662797591652,-0.0016835767874679441,0.009772366201771576,0.4621212121212121,0.0697640227777357,0.7196969696969697,0.7121212121212122,,,{},8932.TWO,2015-01-08,2015-01-09
0.03346604676602199,2195000,0,0.021969696969696972,0.21969696969696972,1.0,D-1 estimated accounting; fill-day constraints require ledger audit,direct,V4_DIRECT_FROZEN_LINEAR_PORTFOLIO,disabled,2015-01-09,risk_on,0.015382179553542145,-0.004985063234731357,0.02078816681349005,0.44696969696969696,0.07848819267237822,0.7121212121212122,0.7045454545454546,,,{},1519.TW,2015-01-09,2015-01-12
0.053695400120489074,2134000,0,0.04166666666666667,0.4166666666666667,1.0,D-1 estimated accounting; fill-day constraints require ledger audit,direct,V4_DIRECT_FROZEN_LINEAR_PORTFOLIO,disabled,2015-01-09,risk_on,0.015382179553542145,-0.004985063234731357,0.02078816681349005,0.44696969696969696,0.07848819267237822,0.7121212121212122,0.7045454545454546,,,{},1785.TWO,2015-01-09,2015-01-12
0.024918474417940577,1370000,0,0.0196969696969697,0.19696969696969696,1.0,D-1 estimated accounting; fill-day constraints require ledger audit,direct,V4_DIRECT_FROZEN_LINEAR_PORTFOLIO,disabled,2015-01-09,risk_on,0.015382179553542145,-0.004985063234731357,0.02078816681349005,0.44696969696969696,0.07848819267237822,0.7121212121212122,0.7045454545454546,,,{},2313.TW,2015-01-09,2015-01-12
0.05338717732316781,619000,0,0.025,0.25,1.0,D-1 estimated accounting; fill-day constraints require ledger audit,direct,V4_DIRECT_FROZEN_LINEAR_PORTFOLIO,disabled,2015-01-09,risk_on,0.015382179553542145,-0.004985063234731357,0.02078816681349005,0.44696969696969696,0.07848819267237822,0.7121212121212122,0.7045454545454546,,,{},2317.TW,2015-01-09,2015-01-12
0.027166944157591227,79000,0,-0.012878787878787878,-0.12878787878787878,1.0,D-1 estimated accounting; fill-day constraints require ledger audit,direct,V4_DIRECT_FROZEN_LINEAR_PORTFOLIO,disabled,2015-01-09,risk_on,0.015382179553542145,-0.004985063234731357,0.02078816681349005,0.44696969696969696,0.07848819267237822,0.7121212121212122,0.7045454545454546,,,{},2357.TW,2015-01-09,2015-01-12
0.06867338421538328,826000,0,-0.03333333333333334,-0.33333333333333337,1.0,D-1 estimated accounting; fill-day constraints require ledger audit,direct,V4_DIRECT_FROZEN_LINEAR_PORTFOLIO,disabled,2015-01-09,risk_on,0.015382179553542145,-0.004985063234731357,0.02078816681349005,0.44696969696969696,0.07848819267237822,0.7121212121212122,0.7045454545454546,,,{},2360.TW,2015-01-09,2015-01-12
0.00472050374829165,245000,0,-0.031060606060606056,-0.31060606060606055,1.0,D-1 estimated accounting; fill-day constraints require ledger audit,direct,V4_DIRECT_FROZEN_LINEAR_PORTFOLIO,disabled,2015-01-09,risk_on,0.015382179553542145,-0.004985063234731357,0.02078816681349005,0.44696969696969696,0.07848819267237822,0.7121212121212122,0.7045454545454546,,,{},2368.TW,2015-01-09,2015-01-12
0.013634531208856913,135000,0,-0.015909090909090907,-0.15909090909090906,1.0,D-1 estimated accounting; fill-day constraints require ledger audit,direct,V4_DIRECT_FROZEN_LINEAR_PORTFOLIO,disabled,2015-01-09,risk_on,0.015382179553542145,-0.004985063234731357,0.02078816681349005,0.44696969696969696,0.07848819267237822,0.7121212121212122,0.7045454545454546,,,{},2379.TW,2015-01-09,2015-01-12
0.021082464243666915,515000,0,-0.024242424242424246,-0.24242424242424243,1.0,D-1 estimated accounting; fill-day constraints require ledger audit,direct,V4_DIRECT_FROZEN_LINEAR_PORTFOLIO,disabled,2015-01-09,risk_on,0.015382179553542145,-0.004985063234731357,0.02078816681349005,0.44696969696969696,0.07848819267237822,0.7121212121212122,0.7045454545454546,,,{},2383.TW,2015-01-09,2015-01-12
0.05933768306118982,2502000,0,-0.02803030303030303,-0.2803030303030303,1.0,D-1 estimated accounting; fill-day constraints require ledger audit,direct,V4_DIRECT_FROZEN_LINEAR_PORTFOLIO,disabled,2015-01-09,risk_on,0.015382179553542145,-0.004985063234731357,0.02078816681349005,0.44696969696969696,0.07848819267237822,0.7121212121212122,0.7045454545454546,,,{},2886.TW,2015-01-09,2015-01-12
0.07643519391216036,5970000,0,0.037121212121212124,0.3712121212121212,1.0,D-1 estimated accounting; fill-day constraints require ledger audit,direct,V4_DIRECT_FROZEN_LINEAR_PORTFOLIO,disabled,2015-01-09,risk_on,0.015382179553542145,-0.004985063234731357,0.02078816681349005,0.44696969696969696,0.07848819267237822,0.7121212121212122,0.7045454545454546,,,{},2887.TW,2015-01-09,2015-01-12
0.06108838854997458,1013000,0,0.04621212121212121,0.4621212121212121,1.0,D-1 estimated accounting; fill-day constraints require ledger audit,direct,V4_DIRECT_FROZEN_LINEAR_PORTFOLIO,disabled,2015-01-09,risk_on,0.015382179553542145,-0.004985063234731357,0.02078816681349005,0.44696969696969696,0.07848819267237822,0.7121212121212122,0.7045454545454546,,,{},3163.TWO,2015-01-09,2015-01-12
0.017209517147500127,275000,0,0.04924242424242425,0.49242424242424243,1.0,D-1 estimated accounting; fill-day constraints require ledger audit,direct,V4_DIRECT_FROZEN_LINEAR_PORTFOLIO,disabled,2015-01-09,risk_on,0.015382179553542145,-0.004985063234731357,0.02078816681349005,0.44696969696969696,0.07848819267237822,0.7121212121212122,0.7045454545454546,,,{},3491.TWO,2015-01-09,2015-01-12
0.06899333815917229,469000,469000,0.04848484848484849,0.48484848484848486,1.0,D-1 estimated accounting; fill-day constraints require ledger audit,direct,V4_DIRECT_FROZEN_LINEAR_PORTFOLIO,disabled,2015-01-09,risk_on,0.015382179553542145,-0.004985063234731357,0.02078816681349005,0.44696969696969696,0.07848819267237822,0.7121212121212122,0.7045454545454546,,,{},3533.TW,2015-01-09,2015-01-12
0.011089295842532905,145000,0,0.028787878787878786,0.28787878787878785,1.0,D-1 estimated accounting; fill-day constraints require ledger audit,direct,V4_DIRECT_FROZEN_LINEAR_PORTFOLIO,disabled,2015-01-09,risk_on,0.015382179553542145,-0.004985063234731357,0.02078816681349005,0.44696969696969696,0.07848819267237822,0.7121212121212122,0.7045454545454546,,,{},3653.TW,2015-01-09,2015-01-12
0.00790694216061473,71000,0,0.031060606060606063,0.3106060606060606,1.0,D-1 estimated accounting; fill-day constraints require ledger audit,direct,V4_DIRECT_FROZEN_LINEAR_PORTFOLIO,disabled,2015-01-09,risk_on,0.015382179553542145,-0.004985063234731357,0.02078816681349005,0.44696969696969696,0.07848819267237822,0.7121212121212122,0.7045454545454546,,,{},3665.TW,2015-01-09,2015-01-12
0.024542255803513293,272000,0,0.030303030303030304,0.30303030303030304,1.0,D-1 estimated accounting; fill-day constraints require ledger audit,direct,V4_DIRECT_FROZEN_LINEAR_PORTFOLIO,disabled,2015-01-09,risk_on,0.015382179553542145,-0.004985063234731357,0.02078816681349005,0.44696969696969696,0.07848819267237822,0.7121212121212122,0.7045454545454546,,,{},4123.TWO,2015-01-09,2015-01-12
0.05844063641324457,680000,0,-0.025757575757575757,-0.25757575757575757,1.0,D-1 estimated accounting; fill-day constraints require ledger audit,direct,V4_DIRECT_FROZEN_LINEAR_PORTFOLIO,disabled,2015-01-09,risk_on,0.015382179553542145,-0.004985063234731357,0.02078816681349005,0.44696969696969696,0.07848819267237822,0.7121212121212122,0.7045454545454546,,,{},4958.TW,2015-01-09,2015-01-12
0.05813517828101443,686000,0,0.04318181818181818,0.4318181818181818,1.0,D-1 estimated accounting; fill-day constraints require ledger audit,direct,V4_DIRECT_FROZEN_LINEAR_PORTFOLIO,disabled,2015-01-09,risk_on,0.015382179553542145,-0.004985063234731357,0.02078816681349005,0.44696969696969696,0.07848819267237822,0.7121212121212122,0.7045454545454546,,,{},5536.TWO,2015-01-09,2015-01-12
0.0,0,-1280000,-0.035606060606060606,-0.3560606060606061,1.0,D-1 estimated accounting; fill-day constraints require ledger audit,direct,V4_DIRECT_FROZEN_LINEAR_PORTFOLIO,disabled,2015-01-09,risk_on,0.015382179553542145,-0.004985063234731357,0.02078816681349005,0.44696969696969696,0.07848819267237822,0.7121212121212122,0.7045454545454546,,,{},6023.TWO,2015-01-09,2015-01-12
0.05994815100158126,516000,0,0.0393939393939394,0.3939393939393939,1.0,D-1 estimated accounting; fill-day constraints require ledger audit,direct,V4_DIRECT_FROZEN_LINEAR_PORTFOLIO,disabled,2015-01-09,risk_on,0.015382179553542145,-0.004985063234731357,0.02078816681349005,0.44696969696969696,0.07848819267237822,0.7121212121212122,0.7045454545454546,,,{},6223.TWO,2015-01-09,2015-01-12
0.06852907367900514,273000,0,0.04772727272727273,0.4772727272727273,1.0,D-1 estimated accounting; fill-day constraints require ledger audit,direct,V4_DIRECT_FROZEN_LINEAR_PORTFOLIO,disabled,2015-01-09,risk_on,0.015382179553542145,-0.004985063234731357,0.02078816681349005,0.44696969696969696,0.07848819267237822,0.7121212121212122,0.7045454545454546,,,{},6415.TW,2015-01-09,2015-01-12
0.061980279471128275,5841000,0,0.046969696969696974,0.4696969696969697,1.0,D-1 estimated accounting; fill-day constraints require ledger audit,direct,V4_DIRECT_FROZEN_LINEAR_PORTFOLIO,disabled,2015-01-09,risk_on,0.015382179553542145,-0.004985063234731357,0.02078816681349005,0.44696969696969696,0.07848819267237822,0.7121212121212122,0.7045454545454546,,,{},8932.TWO,2015-01-09,2015-01-12
0.0,0,-2195000,-0.04469696969696971,-0.446969696969697,1.0,D-1 estimated accounting; fill-day constraints require ledger audit,direct,V4_DIRECT_FROZEN_LINEAR_PORTFOLIO,disabled,2015-01-12,neutral,0.015621173954805981,-0.006298762889486886,0.015999489482119156,0.4166666666666667,0.07779522177131047,0.5984848484848485,0.6212121212121212,,,{},1519.TW,2015-01-12,2015-01-13
0.057563938968256685,2134000,0,-0.037121212121212124,-0.3712121212121212,1.0,D-1 estimated accounting; fill-day constraints require ledger audit,direct,V4_DIRECT_FROZEN_LINEAR_PORTFOLIO,disabled,2015-01-12,neutral,0.015621173954805981,-0.006298762889486886,0.015999489482119156,0.4166666666666667,0.07779522177131047,0.5984848484848485,0.6212121212121212,,,{},1785.TWO,2015-01-12,2015-01-13
0.02457163602353096,1370000,0,0.008333333333333331,0.08333333333333331,1.0,D-1 estimated accounting; fill-day constraints require ledger audit,direct,V4_DIRECT_FROZEN_LINEAR_PORTFOLIO,disabled,2015-01-12,neutral,0.015621173954805981,-0.006298762889486886,0.015999489482119156,0.4166666666666667,0.07779522177131047,0.5984848484848485,0.6212121212121212,,,{},2313.TW,2015-01-12,2015-01-13
0.053028911590962596,619000,0,0.02727272727272727,0.2727272727272727,1.0,D-1 estimated accounting; fill-day constraints require ledger audit,direct,V4_DIRECT_FROZEN_LINEAR_PORTFOLIO,disabled,2015-01-12,neutral,0.015621173954805981,-0.006298762889486886,0.015999489482119156,0.4166666666666667,0.07779522177131047,0.5984848484848485,0.6212121212121212,,,{},2317.TW,2015-01-12,2015-01-13
0.026442465288533935,79000,0,-0.02727272727272727,-0.2727272727272727,1.0,D-1 estimated accounting; fill-day constraints require ledger audit,direct,V4_DIRECT_FROZEN_LINEAR_PORTFOLIO,disabled,2015-01-12,neutral,0.015621173954805981,-0.006298762889486886,0.015999489482119156,0.4166666666666667,0.07779522177131047,0.5984848484848485,0.6212121212121212,,,{},2357.TW,2015-01-12,2015-01-13
0.06794120948375175,826000,0,-0.024242424242424246,-0.24242424242424243,1.0,D-1 estimated accounting; fill-day constraints require ledger audit,direct,V4_DIRECT_FROZEN_LINEAR_PORTFOLIO,disabled,2015-01-12,neutral,0.015621173954805981,-0.006298762889486886,0.015999489482119156,0.4166666666666667,0.07779522177131047,0.5984848484848485,0.6212121212121212,,,{},2360.TW,2015-01-12,2015-01-13
0.0046345106168633925,245000,0,-0.025,-0.25,1.0,D-1 estimated accounting; fill-day constraints require ledger audit,direct,V4_DIRECT_FROZEN_LINEAR_PORTFOLIO,disabled,2015-01-12,neutral,0.015621173954805981,-0.006298762889486886,0.015999489482119156,0.4166666666666667,0.07779522177131047,0.5984848484848485,0.6212121212121212,,,{},2368.TW,2015-01-12,2015-01-13
0.013804797731800763,135000,0,-0.01515151515151515,-0.1515151515151515,1.0,D-1 estimated accounting; fill-day constraints require ledger audit,direct,V4_DIRECT_FROZEN_LINEAR_PORTFOLIO,disabled,2015-01-12,neutral,0.015621173954805981,-0.006298762889486886,0.015999489482119156,0.4166666666666667,0.07779522177131047,0.5984848484848485,0.6212121212121212,,,{},2379.TW,2015-01-12,2015-01-13
0.020981999070457218,515000,0,-0.023484848484848487,-0.23484848484848486,1.0,D-1 estimated accounting; fill-day constraints require ledger audit,direct,V4_DIRECT_FROZEN_LINEAR_PORTFOLIO,disabled,2015-01-12,neutral,0.015621173954805981,-0.006298762889486886,0.015999489482119156,0.4166666666666667,0.07779522177131047,0.5984848484848485,0.6212121212121212,,,{},2383.TW,2015-01-12,2015-01-13
0.06080158903755309,615000,615000,0.04772727272727273,0.4772727272727273,1.0,D-1 estimated accounting; fill-day constraints require ledger audit,direct,V4_DIRECT_FROZEN_LINEAR_PORTFOLIO,disabled,2015-01-12,neutral,0.015621173954805981,-0.006298762889486886,0.015999489482119156,0.4166666666666667,0.07779522177131047,0.5984848484848485,0.6212121212121212,,,{},2451.TW,2015-01-12,2015-01-13
0.05923972215286914,2502000,0,-0.02272727272727273,-0.2272727272727273,1.0,D-1 estimated accounting; fill-day constraints require ledger audit,direct,V4_DIRECT_FROZEN_LINEAR_PORTFOLIO,disabled,2015-01-12,neutral,0.015621173954805981,-0.006298762889486886,0.015999489482119156,0.4166666666666667,0.07779522177131047,0.5984848484848485,0.6212121212121212,,,{},2886.TW,2015-01-12,2015-01-13
0.07573646043650958,5970000,0,0.03787878787878788,0.3787878787878788,1.0,D-1 estimated accounting; fill-day constraints require ledger audit,direct,V4_DIRECT_FROZEN_LINEAR_PORTFOLIO,disabled,2015-01-12,neutral,0.015621173954805981,-0.006298762889486886,0.015999489482119156,0.4166666666666667,0.07779522177131047,0.5984848484848485,0.6212121212121212,,,{},2887.TW,2015-01-12,2015-01-13
0.05992886332898201,1013000,0,0.045454545454545456,0.45454545454545453,1.0,D-1 estimated accounting; fill-day constraints require ledger audit,direct,V4_DIRECT_FROZEN_LINEAR_PORTFOLIO,disabled,2015-01-12,neutral,0.015621173954805981,-0.006298762889486886,0.015999489482119156,0.4166666666666667,0.07779522177131047,0.5984848484848485,0.6212121212121212,,,{},3163.TWO,2015-01-12,2015-01-13
0.016923387538480085,275000,0,0.04848484848484849,0.48484848484848486,1.0,D-1 estimated accounting; fill-day constraints require ledger audit,direct,V4_DIRECT_FROZEN_LINEAR_PORTFOLIO,disabled,2015-01-12,neutral,0.015621173954805981,-0.006298762889486886,0.015999489482119156,0.4166666666666667,0.07779522177131047,0.5984848484848485,0.6212121212121212,,,{},3491.TWO,2015-01-12,2015-01-13
0.06823216799466078,469000,0,0.04924242424242425,0.49242424242424243,1.0,D-1 estimated accounting; fill-day constraints require ledger audit,direct,V4_DIRECT_FROZEN_LINEAR_PORTFOLIO,disabled,2015-01-12,neutral,0.015621173954805981,-0.006298762889486886,0.015999489482119156,0.4166666666666667,0.07779522177131047,0.5984848484848485,0.6212121212121212,,,{},3533.TW,2015-01-12,2015-01-13
0.010972372063039167,145000,0,0.03181818181818182,0.3181818181818182,1.0,D-1 estimated accounting; fill-day constraints require ledger audit,direct,V4_DIRECT_FROZEN_LINEAR_PORTFOLIO,disabled,2015-01-12,neutral,0.015621173954805981,-0.006298762889486886,0.015999489482119156,0.4166666666666667,0.07779522177131047,0.5984848484848485,0.6212121212121212,,,{},3653.TW,2015-01-12,2015-01-13
0.007784363730756765,71000,0,0.028787878787878786,0.28787878787878785,1.0,D-1 estimated accounting; fill-day constraints require ledger audit,direct,V4_DIRECT_FROZEN_LINEAR_PORTFOLIO,disabled,2015-01-12,neutral,0.015621173954805981,-0.006298762889486886,0.015999489482119156,0.4166666666666667,0.07779522177131047,0.5984848484848485,0.6212121212121212,,,{},3665.TW,2015-01-12,2015-01-13
0.02531279115246081,272000,0,-0.04090909090909091,-0.40909090909090906,1.0,D-1 estimated accounting; fill-day constraints require ledger audit,direct,V4_DIRECT_FROZEN_LINEAR_PORTFOLIO,disabled,2015-01-12,neutral,0.015621173954805981,-0.006298762889486886,0.015999489482119156,0.4166666666666667,0.07779522177131047,0.5984848484848485,0.6212121212121212,,,{},4123.TWO,2015-01-12,2015-01-13
0.05967785792633374,680000,0,-0.04242424242424242,-0.4242424242424242,1.0,D-1 estimated accounting; fill-day constraints require ledger audit,direct,V4_DIRECT_FROZEN_LINEAR_PORTFOLIO,disabled,2015-01-12,neutral,0.015621173954805981,-0.006298762889486886,0.015999489482119156,0.4166666666666667,0.07779522177131047,0.5984848484848485,0.6212121212121212,,,{},4958.TW,2015-01-12,2015-01-13
0.057598398524131594,686000,0,0.04090909090909091,0.40909090909090906,1.0,D-1 estimated accounting; fill-day constraints require ledger audit,direct,V4_DIRECT_FROZEN_LINEAR_PORTFOLIO,disabled,2015-01-12,neutral,0.015621173954805981,-0.006298762889486886,0.015999489482119156,0.4166666666666667,0.07779522177131047,0.5984848484848485,0.6212121212121212,,,{},5536.TWO,2015-01-12,2015-01-13
0.05726429065630095,516000,0,0.026515151515151516,0.26515151515151514,1.0,D-1 estimated accounting; fill-day constraints require ledger audit,direct,V4_DIRECT_FROZEN_LINEAR_PORTFOLIO,disabled,2015-01-12,neutral,0.015621173954805981,-0.006298762889486886,0.015999489482119156,0.4166666666666667,0.07779522177131047,0.5984848484848485,0.6212121212121212,,,{},6223.TWO,2015-01-12,2015-01-13
0.06829484443324485,273000,0,0.04621212121212121,0.4621212121212121,1.0,D-1 estimated accounting; fill-day constraints require ledger audit,direct,V4_DIRECT_FROZEN_LINEAR_PORTFOLIO,disabled,2015-01-12,neutral,0.015621173954805981,-0.006298762889486886,0.015999489482119156,0.4166666666666667,0.07779522177131047,0.5984848484848485,0.6212121212121212,,,{},6415.TW,2015-01-12,2015-01-13
0.06301424211441957,5841000,0,0.046969696969696974,0.4696969696969697,1.0,D-1 estimated accounting; fill-day constraints require ledger audit,direct,V4_DIRECT_FROZEN_LINEAR_PORTFOLIO,disabled,2015-01-12,neutral,0.015621173954805981,-0.006298762889486886,0.015999489482119156,0.4166666666666667,0.07779522177131047,0.5984848484848485,0.6212121212121212,,,{},8932.TWO,2015-01-12,2015-01-13
0.0,0,-2134000,-0.04848484848484849,-0.48484848484848486,1.0,D-1 estimated accounting; fill-day constraints require ledger audit,direct,V4_DIRECT_FROZEN_LINEAR_PORTFOLIO,disabled,2015-01-13,risk_on,0.015925036663329128,0.019009100066756823,0.02381782589903947,0.7272727272727273,0.07628347219169365,0.6818181818181818,0.7196969696969697,,,{},1785.TWO,2015-01-13,2015-01-14
0.024780430073964462,1370000,0,0.0007575757575757569,0.007575757575757569,1.0,D-1 estimated accounting; fill-day constraints require ledger audit,direct,V4_DIRECT_FROZEN_LINEAR_PORTFOLIO,disabled,2015-01-13,risk_on,0.015925036663329128,0.019009100066756823,0.02381782589903947,0.7272727272727273,0.07628347219169365,0.6818181818181818,0.7196969696969697,,,{},2313.TW,2015-01-13,2015-01-14
0.05326050459072569,619000,0,0.03181818181818182,0.3181818181818182,1.0,D-1 estimated accounting; fill-day constraints require ledger audit,direct,V4_DIRECT_FROZEN_LINEAR_PORTFOLIO,disabled,2015-01-13,risk_on,0.015925036663329128,0.019009100066756823,0.02381782589903947,0.7272727272727273,0.07628347219169365,0.6818181818181818,0.7196969696969697,,,{},2317.TW,2015-01-13,2015-01-14
0.026373303486113758,79000,0,-0.026515151515151516,-0.26515151515151514,1.0,D-1 estimated accounting; fill-day constraints require ledger audit,direct,V4_DIRECT_FROZEN_LINEAR_PORTFOLIO,disabled,2015-01-13,risk_on,0.015925036663329128,0.019009100066756823,0.02381782589903947,0.7272727272727273,0.07628347219169365,0.6818181818181818,0.7196969696969697,,,{},2357.TW,2015-01-13,2015-01-14
0.06784584249520831,826000,0,0.002272727272727271,0.022727272727272707,1.0,D-1 estimated accounting; fill-day constraints require ledger audit,direct,V4_DIRECT_FROZEN_LINEAR_PORTFOLIO,disabled,2015-01-13,risk_on,0.015925036663329128,0.019009100066756823,0.02381782589903947,0.7272727272727273,0.07628347219169365,0.6818181818181818,0.7196969696969697,,,{},2360.TW,2015-01-13,2015-01-14
0.004940330871172559,245000,0,-0.0393939393939394,-0.3939393939393939,1.0,D-1 estimated accounting; fill-day constraints require ledger audit,direct,V4_DIRECT_FROZEN_LINEAR_PORTFOLIO,disabled,2015-01-13,risk_on,0.015925036663329128,0.019009100066756823,0.02381782589903947,0.7272727272727273,0.07628347219169365,0.6818181818181818,0.7196969696969697,,,{},2368.TW,2015-01-13,2015-01-14
0.013903677643830497,135000,0,-0.019696969696969702,-0.19696969696969702,1.0,D-1 estimated accounting; fill-day constraints require ledger audit,direct,V4_DIRECT_FROZEN_LINEAR_PORTFOLIO,disabled,2015-01-13,risk_on,0.015925036663329128,0.019009100066756823,0.02381782589903947,0.7272727272727273,0.07628347219169365,0.6818181818181818,0.7196969696969697,,,{},2379.TW,2015-01-13,2015-01-14
0.021081184117253553,515000,0,-0.018181818181818177,-0.18181818181818177,1.0,D-1 estimated accounting; fill-day constraints require ledger audit,direct,V4_DIRECT_FROZEN_LINEAR_PORTFOLIO,disabled,2015-01-13,risk_on,0.015925036663329128,0.019009100066756823,0.02381782589903947,0.7272727272727273,0.07628347219169365,0.6818181818181818,0.7196969696969697,,,{},2383.TW,2015-01-13,2015-01-14
0.060949144185426185,615000,0,0.04621212121212121,0.4621212121212121,1.0,D-1 estimated accounting; fill-day constraints require ledger audit,direct,V4_DIRECT_FROZEN_LINEAR_PORTFOLIO,disabled,2015-01-13,risk_on,0.015925036663329128,0.019009100066756823,0.02381782589903947,0.7272727272727273,0.07628347219169365,0.6818181818181818,0.7196969696969697,,,{},2451.TW,2015-01-13,2015-01-14
0.059583382936845994,2502000,0,-0.01515151515151515,-0.1515151515151515,1.0,D-1 estimated accounting; fill-day constraints require ledger audit,direct,V4_DIRECT_FROZEN_LINEAR_PORTFOLIO,disabled,2015-01-13,risk_on,0.015925036663329128,0.019009100066756823,0.02381782589903947,0.7272727272727273,0.07628347219169365,0.6818181818181818,0.7196969696969697,,,{},2886.TW,2015-01-13,2015-01-14
0.07643055277014268,5970000,0,0.037121212121212124,0.3712121212121212,1.0,D-1 estimated accounting; fill-day constraints require ledger audit,direct,V4_DIRECT_FROZEN_LINEAR_PORTFOLIO,disabled,2015-01-13,risk_on,0.015925036663329128,0.019009100066756823,0.02381782589903947,0.7272727272727273,0.07628347219169365,0.6818181818181818,0.7196969696969697,,,{},2887.TW,2015-01-13,2015-01-14
0.06027694796931365,1013000,0,0.04318181818181818,0.4318181818181818,1.0,D-1 estimated accounting; fill-day constraints require ledger audit,direct,V4_DIRECT_FROZEN_LINEAR_PORTFOLIO,disabled,2015-01-13,risk_on,0.015925036663329128,0.019009100066756823,0.02381782589903947,0.7272727272727273,0.07628347219169365,0.6818181818181818,0.7196969696969697,,,{},3163.TWO,2015-01-13,2015-01-14
0.03679007844624467,644000,644000,0.046969696969696974,0.4696969696969697,1.0,D-1 estimated accounting; fill-day constraints require ledger audit,direct,V4_DIRECT_FROZEN_LINEAR_PORTFOLIO,disabled,2015-01-13,risk_on,0.015925036663329128,0.019009100066756823,0.02381782589903947,0.7272727272727273,0.07628347219169365,0.6818181818181818,0.7196969696969697,,,{},3260.TWO,2015-01-13,2015-01-14
0.016851677707143162,275000,0,0.04848484848484849,0.48484848484848486,1.0,D-1 estimated accounting; fill-day constraints require ledger audit,direct,V4_DIRECT_FROZEN_LINEAR_PORTFOLIO,disabled,2015-01-13,risk_on,0.015925036663329128,0.019009100066756823,0.02381782589903947,0.7272727272727273,0.07628347219169365,0.6818181818181818,0.7196969696969697,,,{},3491.TWO,2015-01-13,2015-01-14
0.06875528736469942,469000,0,0.04924242424242425,0.49242424242424243,1.0,D-1 estimated accounting; fill-day constraints require ledger audit,direct,V4_DIRECT_FROZEN_LINEAR_PORTFOLIO,disabled,2015-01-13,risk_on,0.015925036663329128,0.019009100066756823,0.02381782589903947,0.7272727272727273,0.07628347219169365,0.6818181818181818,0.7196969696969697,,,{},3533.TW,2015-01-13,2015-01-14
0.01094367318718081,145000,0,0.025757575757575757,0.25757575757575757,1.0,D-1 estimated accounting; fill-day constraints require ledger audit,direct,V4_DIRECT_FROZEN_LINEAR_PORTFOLIO,disabled,2015-01-13,risk_on,0.015925036663329128,0.019009100066756823,0.02381782589903947,0.7272727272727273,0.07628347219169365,0.6818181818181818,0.7196969696969697,,,{},3653.TW,2015-01-13,2015-01-14
0.007799617969617019,71000,0,0.009090909090909089,0.09090909090909088,1.0,D-1 estimated accounting; fill-day constraints require ledger audit,direct,V4_DIRECT_FROZEN_LINEAR_PORTFOLIO,disabled,2015-01-13,risk_on,0.015925036663329128,0.019009100066756823,0.02381782589903947,0.7272727272727273,0.07628347219169365,0.6818181818181818,0.7196969696969697,,,{},3665.TW,2015-01-13,2015-01-14
0.02521943721369828,272000,0,-0.03787878787878788,-0.3787878787878788,1.0,D-1 estimated accounting; fill-day constraints require ledger audit,direct,V4_DIRECT_FROZEN_LINEAR_PORTFOLIO,disabled,2015-01-13,risk_on,0.015925036663329128,0.019009100066756823,0.02381782589903947,0.7272727272727273,0.07628347219169365,0.6818181818181818,0.7196969696969697,,,{},4123.TWO,2015-01-13,2015-01-14
0.06006410658869497,680000,0,-0.046969696969696974,-0.4696969696969697,1.0,D-1 estimated accounting; fill-day constraints require ledger audit,direct,V4_DIRECT_FROZEN_LINEAR_PORTFOLIO,disabled,2015-01-13,risk_on,0.015925036663329128,0.019009100066756823,0.02381782589903947,0.7272727272727273,0.07628347219169365,0.6818181818181818,0.7196969696969697,,,{},4958.TW,2015-01-13,2015-01-14
0.05676384482546769,686000,0,0.026515151515151516,0.26515151515151514,1.0,D-1 estimated accounting; fill-day constraints require ledger audit,direct,V4_DIRECT_FROZEN_LINEAR_PORTFOLIO,disabled,2015-01-13,risk_on,0.015925036663329128,0.019009100066756823,0.02381782589903947,0.7272727272727273,0.07628347219169365,0.6818181818181818,0.7196969696969697,,,{},5536.TWO,2015-01-13,2015-01-14
0.058143602897814284,516000,0,0.011363636363636366,0.11363636363636365,1.0,D-1 estimated accounting; fill-day constraints require ledger audit,direct,V4_DIRECT_FROZEN_LINEAR_PORTFOLIO,disabled,2015-01-13,risk_on,0.015925036663329128,0.019009100066756823,0.02381782589903947,0.7272727272727273,0.07628347219169365,0.6818181818181818,0.7196969696969697,,,{},6223.TWO,2015-01-13,2015-01-14
0.06620896127595004,273000,0,0.043939393939393945,0.4393939393939394,1.0,D-1 estimated accounting; fill-day constraints require ledger audit,direct,V4_DIRECT_FROZEN_LINEAR_PORTFOLIO,disabled,2015-01-13,risk_on,0.015925036663329128,0.019009100066756823,0.02381782589903947,0.7272727272727273,0.07628347219169365,0.6818181818181818,0.7196969696969697,,,{},6415.TW,2015-01-13,2015-01-14
0.06284942470744866,5841000,0,0.04772727272727273,0.4772727272727273,1.0,D-1 estimated accounting; fill-day constraints require ledger audit,direct,V4_DIRECT_FROZEN_LINEAR_PORTFOLIO,disabled,2015-01-13,risk_on,0.015925036663329128,0.019009100066756823,0.02381782589903947,0.7272727272727273,0.07628347219169365,0.6818181818181818,0.7196969696969697,,,{},8932.TWO,2015-01-13,2015-01-14
0.024739644856806742,1370000,0,-0.02954545454545454,-0.2954545454545454,1.0,D-1 estimated accounting; fill-day constraints require ledger audit,direct,V4_DIRECT_FROZEN_LINEAR_PORTFOLIO,disabled,2015-01-14,risk_on,0.0160353244918012,0.010278305669219057,0.026128888493737845,0.696969696969697,0.08230224550543484,0.6060606060606061,0.6439393939393939,,,{},2313.TW,2015-01-14,2015-01-15
0.052994678018725455,619000,0,0.03787878787878788,0.3787878787878788,1.0,D-1 estimated accounting; fill-day constraints require ledger audit,direct,V4_DIRECT_FROZEN_LINEAR_PORTFOLIO,disabled,2015-01-14,risk_on,0.0160353244918012,0.010278305669219057,0.026128888493737845,0.696969696969697,0.08230224550543484,0.6060606060606061,0.6439393939393939,,,{},2317.TW,2015-01-14,2015-01-15
0.0,0,-79000,-0.04469696969696971,-0.446969696969697,1.0,D-1 estimated accounting; fill-day constraints require ledger audit,direct,V4_DIRECT_FROZEN_LINEAR_PORTFOLIO,disabled,2015-01-14,risk_on,0.0160353244918012,0.010278305669219057,0.026128888493737845,0.696969696969697,0.08230224550543484,0.6060606060606061,0.6439393939393939,,,{},2357.TW,2015-01-14,2015-01-15
0.06813285557481834,826000,0,-0.023484848484848487,-0.23484848484848486,1.0,D-1 estimated accounting; fill-day constraints require ledger audit,direct,V4_DIRECT_FROZEN_LINEAR_PORTFOLIO,disabled,2015-01-14,risk_on,0.0160353244918012,0.010278305669219057,0.026128888493737845,0.696969696969697,0.08230224550543484,0.6060606060606061,0.6439393939393939,,,{},2360.TW,2015-01-14,2015-01-15
0.005244124768047792,245000,0,-0.04242424242424242,-0.4242424242424242,1.0,D-1 estimated accounting; fill-day constraints require ledger audit,direct,V4_DIRECT_FROZEN_LINEAR_PORTFOLIO,disabled,2015-01-14,risk_on,0.0160353244918012,0.010278305669219057,0.026128888493737845,0.696969696969697,0.08230224550543484,0.6060606060606061,0.6439393939393939,,,{},2368.TW,2015-01-14,2015-01-15
0.013928523349344303,135000,0,-0.024242424242424246,-0.24242424242424243,1.0,D-1 estimated accounting; fill-day constraints require ledger audit,direct,V4_DIRECT_FROZEN_LINEAR_PORTFOLIO,disabled,2015-01-14,risk_on,0.0160353244918012,0.010278305669219057,0.026128888493737845,0.696969696969697,0.08230224550543484,0.6060606060606061,0.6439393939393939,,,{},2379.TW,2015-01-14,2015-01-15
0.021092630689784835,515000,0,-0.016666666666666663,-0.16666666666666663,1.0,D-1 estimated accounting; fill-day constraints require ledger audit,direct,V4_DIRECT_FROZEN_LINEAR_PORTFOLIO,disabled,2015-01-14,risk_on,0.0160353244918012,0.010278305669219057,0.026128888493737845,0.696969696969697,0.08230224550543484,0.6060606060606061,0.6439393939393939,,,{},2383.TW,2015-01-14,2015-01-15
0.060923819940179216,615000,0,0.038636363636363635,0.38636363636363635,1.0,D-1 estimated accounting; fill-day constraints require ledger audit,direct,V4_DIRECT_FROZEN_LINEAR_PORTFOLIO,disabled,2015-01-14,risk_on,0.0160353244918012,0.010278305669219057,0.026128888493737845,0.696969696969697,0.08230224550543484,0.6060606060606061,0.6439393939393939,,,{},2451.TW,2015-01-14,2015-01-15
0.05973006112323082,2502000,0,-0.014393939393939393,-0.14393939393939392,1.0,D-1 estimated accounting; fill-day constraints require ledger audit,direct,V4_DIRECT_FROZEN_LINEAR_PORTFOLIO,disabled,2015-01-14,risk_on,0.0160353244918012,0.010278305669219057,0.026128888493737845,0.696969696969697,0.08230224550543484,0.6060606060606061,0.6439393939393939,,,{},2886.TW,2015-01-14,2015-01-15
0.07664125157504673,5970000,0,0.030303030303030304,0.30303030303030304,1.0,D-1 estimated accounting; fill-day constraints require ledger audit,direct,V4_DIRECT_FROZEN_LINEAR_PORTFOLIO,disabled,2015-01-14,risk_on,0.0160353244918012,0.010278305669219057,0.026128888493737845,0.696969696969697,0.08230224550543484,0.6060606060606061,0.6439393939393939,,,{},2887.TW,2015-01-14,2015-01-15
0.06027266053341264,1013000,0,0.0446969696969697,0.44696969696969696,1.0,D-1 estimated accounting; fill-day constraints require ledger audit,direct,V4_DIRECT_FROZEN_LINEAR_PORTFOLIO,disabled,2015-01-14,risk_on,0.0160353244918012,0.010278305669219057,0.026128888493737845,0.696969696969697,0.08230224550543484,0.6060606060606061,0.6439393939393939,,,{},3163.TWO,2015-01-14,2015-01-15
0.037294144637367924,644000,0,0.04621212121212121,0.4621212121212121,1.0,D-1 estimated accounting; fill-day constraints require ledger audit,direct,V4_DIRECT_FROZEN_LINEAR_PORTFOLIO,disabled,2015-01-14,risk_on,0.0160353244918012,0.010278305669219057,0.026128888493737845,0.696969696969697,0.08230224550543484,0.6060606060606061,0.6439393939393939,,,{},3260.TWO,2015-01-14,2015-01-15
0.017129915026921072,275000,0,0.04848484848484849,0.48484848484848486,1.0,D-1 estimated accounting; fill-day constraints require ledger audit,direct,V4_DIRECT_FROZEN_LINEAR_PORTFOLIO,disabled,2015-01-14,risk_on,0.0160353244918012,0.010278305669219057,0.026128888493737845,0.696969696969697,0.08230224550543484,0.6060606060606061,0.6439393939393939,,,{},3491.TWO,2015-01-14,2015-01-15
0.06897872097084061,469000,0,0.04924242424242425,0.49242424242424243,1.0,D-1 estimated accounting; fill-day constraints require ledger audit,direct,V4_DIRECT_FROZEN_LINEAR_PORTFOLIO,disabled,2015-01-14,risk_on,0.0160353244918012,0.010278305669219057,0.026128888493737845,0.696969696969697,0.08230224550543484,0.6060606060606061,0.6439393939393939,,,{},3533.TW,2015-01-14,2015-01-15
0.011045891901924251,145000,0,0.01515151515151515,0.1515151515151515,1.0,D-1 estimated accounting; fill-day constraints require ledger audit,direct,V4_DIRECT_FROZEN_LINEAR_PORTFOLIO,disabled,2015-01-14,risk_on,0.0160353244918012,0.010278305669219057,0.026128888493737845,0.696969696969697,0.08230224550543484,0.6060606060606061,0.6439393939393939,,,{},3653.TW,2015-01-14,2015-01-15
0.007708261189372525,71000,0,-0.0030303030303030277,-0.030303030303030276,1.0,D-1 estimated accounting; fill-day constraints require ledger audit,direct,V4_DIRECT_FROZEN_LINEAR_PORTFOLIO,disabled,2015-01-14,risk_on,0.0160353244918012,0.010278305669219057,0.026128888493737845,0.696969696969697,0.08230224550543484,0.6060606060606061,0.6439393939393939,,,{},3665.TW,2015-01-14,2015-01-15
0.025005153023973613,272000,0,-0.035606060606060606,-0.3560606060606061,1.0,D-1 estimated accounting; fill-day constraints require ledger audit,direct,V4_DIRECT_FROZEN_LINEAR_PORTFOLIO,disabled,2015-01-14,risk_on,0.0160353244918012,0.010278305669219057,0.026128888493737845,0.696969696969697,0.08230224550543484,0.6060606060606061,0.6439393939393939,,,{},4123.TWO,2015-01-14,2015-01-15
0.060328469898862445,680000,0,-0.04318181818181818,-0.43181818181818177,1.0,D-1 estimated accounting; fill-day constraints require ledger audit,direct,V4_DIRECT_FROZEN_LINEAR_PORTFOLIO,disabled,2015-01-14,risk_on,0.0160353244918012,0.010278305669219057,0.026128888493737845,0.696969696969697,0.08230224550543484,0.6060606060606061,0.6439393939393939,,,{},4958.TW,2015-01-14,2015-01-15
0.057073826158295836,686000,0,0.02272727272727273,0.2272727272727273,1.0,D-1 estimated accounting; fill-day constraints require ledger audit,direct,V4_DIRECT_FROZEN_LINEAR_PORTFOLIO,disabled,2015-01-14,risk_on,0.0160353244918012,0.010278305669219057,0.026128888493737845,0.696969696969697,0.08230224550543484,0.6060606060606061,0.6439393939393939,,,{},5536.TWO,2015-01-14,2015-01-15
0.05560267523921956,3904000,3904000,0.046969696969696974,0.4696969696969697,1.0,D-1 estimated accounting; fill-day constraints require ledger audit,direct,V4_DIRECT_FROZEN_LINEAR_PORTFOLIO,disabled,2015-01-14,risk_on,0.0160353244918012,0.010278305669219057,0.026128888493737845,0.696969696969697,0.08230224550543484,0.6060606060606061,0.6439393939393939,,,{},6182.TWO,2015-01-14,2015-01-15
0.05827264943697867,516000,0,0.02121212121212121,0.2121212121212121,1.0,D-1 estimated accounting; fill-day constraints require ledger audit,direct,V4_DIRECT_FROZEN_LINEAR_PORTFOLIO,disabled,2015-01-14,risk_on,0.0160353244918012,0.010278305669219057,0.026128888493737845,0.696969696969697,0.08230224550543484,0.6060606060606061,0.6439393939393939,,,{},6223.TWO,2015-01-14,2015-01-15
0.06404513295052926,273000,0,0.037121212121212124,0.3712121212121212,1.0,D-1 estimated accounting; fill-day constraints require ledger audit,direct,V4_DIRECT_FROZEN_LINEAR_PORTFOLIO,disabled,2015-01-14,risk_on,0.0160353244918012,0.010278305669219057,0.026128888493737845,0.696969696969697,0.08230224550543484,0.6060606060606061,0.6439393939393939,,,{},6415.TW,2015-01-14,2015-01-15
0.06385468913204016,5841000,0,0.04772727272727273,0.4772727272727273,1.0,D-1 estimated accounting; fill-day constraints require ledger audit,direct,V4_DIRECT_FROZEN_LINEAR_PORTFOLIO,disabled,2015-01-14,risk_on,0.0160353244918012,0.010278305669219057,0.026128888493737845,0.696969696969697,0.08230224550543484,0.6060606060606061,0.6439393939393939,,,{},8932.TWO,2015-01-14,2015-01-15
0.024816559787289968,1370000,0,-0.02803030303030303,-0.2803030303030303,1.0,D-1 estimated accounting; fill-day constraints require ledger audit,direct,V4_DIRECT_FROZEN_LINEAR_PORTFOLIO,disabled,2015-01-15,neutral,0.016063086242788016,-0.004567935401509182,0.020068541476173762,0.4318181818181818,0.07659442435459578,0.5833333333333334,0.6136363636363636,,,{},2313.TW,2015-01-15,2015-01-16
0.05284783433627532,619000,0,0.037121212121212124,0.3712121212121212,1.0,D-1 estimated accounting; fill-day constraints require ledger audit,direct,V4_DIRECT_FROZEN_LINEAR_PORTFOLIO,disabled,2015-01-15,neutral,0.016063086242788016,-0.004567935401509182,0.020068541476173762,0.4318181818181818,0.07659442435459578,0.5833333333333334,0.6136363636363636,,,{},2317.TW,2015-01-15,2015-01-16
0.06817839014406757,826000,0,-0.02045454545454546,-0.20454545454545459,1.0,D-1 estimated accounting; fill-day constraints require ledger audit,direct,V4_DIRECT_FROZEN_LINEAR_PORTFOLIO,disabled,2015-01-15,neutral,0.016063086242788016,-0.004567935401509182,0.020068541476173762,0.4318181818181818,0.07659442435459578,0.5833333333333334,0.6136363636363636,,,{},2360.TW,2015-01-15,2015-01-16
0.005173989651464771,245000,0,-0.037121212121212124,-0.3712121212121212,1.0,D-1 estimated accounting; fill-day constraints require ledger audit,direct,V4_DIRECT_FROZEN_LINEAR_PORTFOLIO,disabled,2015-01-15,neutral,0.016063086242788016,-0.004567935401509182,0.020068541476173762,0.4318181818181818,0.07659442435459578,0.5833333333333334,0.6136363636363636,,,{},2368.TW,2015-01-15,2015-01-16
0.013522002109401954,135000,0,-0.04015151515151515,-0.4015151515151515,1.0,D-1 estimated accounting; fill-day constraints require ledger audit,direct,V4_DIRECT_FROZEN_LINEAR_PORTFOLIO,disabled,2015-01-15,neutral,0.016063086242788016,-0.004567935401509182,0.020068541476173762,0.4318181818181818,0.07659442435459578,0.5833333333333334,0.6136363636363636,,,{},2379.TW,2015-01-15,2015-01-16
0.021210065496259773,515000,0,-0.021969696969696972,-0.21969696969696972,1.0,D-1 estimated accounting; fill-day constraints require ledger audit,direct,V4_DIRECT_FROZEN_LINEAR_PORTFOLIO,disabled,2015-01-15,neutral,0.016063086242788016,-0.004567935401509182,0.020068541476173762,0.4318181818181818,0.07659442435459578,0.5833333333333334,0.6136363636363636,,,{},2383.TW,2015-01-15,2015-01-16
0.06142282138994024,615000,0,0.04166666666666667,0.4166666666666667,1.0,D-1 estimated accounting; fill-day constraints require ledger audit,direct,V4_DIRECT_FROZEN_LINEAR_PORTFOLIO,disabled,2015-01-15,neutral,0.016063086242788016,-0.004567935401509182,0.020068541476173762,0.4318181818181818,0.07659442435459578,0.5833333333333334,0.6136363636363636,,,{},2451.TW,2015-01-15,2015-01-16
0.059664013481062365,2502000,0,-0.015909090909090907,-0.15909090909090906,1.0,D-1 estimated accounting; fill-day constraints require ledger audit,direct,V4_DIRECT_FROZEN_LINEAR_PORTFOLIO,disabled,2015-01-15,neutral,0.016063086242788016,-0.004567935401509182,0.020068541476173762,0.4318181818181818,0.07659442435459578,0.5833333333333334,0.6136363636363636,,,{},2886.TW,2015-01-15,2015-01-16
0.07717983794230368,5970000,0,0.028787878787878786,0.28787878787878785,1.0,D-1 estimated accounting; fill-day constraints require ledger audit,direct,V4_DIRECT_FROZEN_LINEAR_PORTFOLIO,disabled,2015-01-15,neutral,0.016063086242788016,-0.004567935401509182,0.020068541476173762,0.4318181818181818,0.07659442435459578,0.5833333333333334,0.6136363636363636,,,{},2887.TW,2015-01-15,2015-01-16
0.061683521518396046,1013000,0,0.04015151515151515,0.4015151515151515,1.0,D-1 estimated accounting; fill-day constraints require ledger audit,direct,V4_DIRECT_FROZEN_LINEAR_PORTFOLIO,disabled,2015-01-15,neutral,0.016063086242788016,-0.004567935401509182,0.020068541476173762,0.4318181818181818,0.07659442435459578,0.5833333333333334,0.6136363636363636,,,{},3163.TWO,2015-01-15,2015-01-16
0.03812328183692136,644000,0,0.010606060606060608,0.10606060606060608,1.0,D-1 estimated accounting; fill-day constraints require ledger audit,direct,V4_DIRECT_FROZEN_LINEAR_PORTFOLIO,disabled,2015-01-15,neutral,0.016063086242788016,-0.004567935401509182,0.020068541476173762,0.4318181818181818,0.07659442435459578,0.5833333333333334,0.6136363636363636,,,{},3260.TWO,2015-01-15,2015-01-16
0.027441014852394814,860000,860000,0.045454545454545456,0.45454545454545453,1.0,D-1 estimated accounting; fill-day constraints require ledger audit,direct,V4_DIRECT_FROZEN_LINEAR_PORTFOLIO,disabled,2015-01-15,neutral,0.016063086242788016,-0.004567935401509182,0.020068541476173762,0.4318181818181818,0.07659442435459578,0.5833333333333334,0.6136363636363636,,,{},3363.TWO,2015-01-15,2015-01-16
0.017016882743275404,275000,0,0.046969696969696974,0.4696969696969697,1.0,D-1 estimated accounting; fill-day constraints require ledger audit,direct,V4_DIRECT_FROZEN_LINEAR_PORTFOLIO,disabled,2015-01-15,neutral,0.016063086242788016,-0.004567935401509182,0.020068541476173762,0.4318181818181818,0.07659442435459578,0.5833333333333334,0.6136363636363636,,,{},3491.TWO,2015-01-15,2015-01-16
0.06754009482666373,469000,0,0.04924242424242425,0.49242424242424243,1.0,D-1 estimated accounting; fill-day constraints require ledger audit,direct,V4_DIRECT_FROZEN_LINEAR_PORTFOLIO,disabled,2015-01-15,neutral,0.016063086242788016,-0.004567935401509182,0.020068541476173762,0.4318181818181818,0.07659442435459578,0.5833333333333334,0.6136363636363636,,,{},3533.TW,2015-01-15,2015-01-16
0.0,0,-145000,-0.05,-0.5,1.0,D-1 estimated accounting; fill-day constraints require ledger audit,direct,V4_DIRECT_FROZEN_LINEAR_PORTFOLIO,disabled,2015-01-15,neutral,0.016063086242788016,-0.004567935401509182,0.020068541476173762,0.4318181818181818,0.07659442435459578,0.5833333333333334,0.6136363636363636,,,{},3653.TW,2015-01-15,2015-01-16
0.007732225978558414,71000,0,0.018181818181818184,0.18181818181818182,1.0,D-1 estimated accounting; fill-day constraints require ledger audit,direct,V4_DIRECT_FROZEN_LINEAR_PORTFOLIO,disabled,2015-01-15,neutral,0.016063086242788016,-0.004567935401509182,0.020068541476173762,0.4318181818181818,0.07659442435459578,0.5833333333333334,0.6136363636363636,,,{},3665.TW,2015-01-15,2015-01-16
0.024699111436924485,272000,0,-0.0393939393939394,-0.3939393939393939,1.0,D-1 estimated accounting; fill-day constraints require ledger audit,direct,V4_DIRECT_FROZEN_LINEAR_PORTFOLIO,disabled,2015-01-15,neutral,0.016063086242788016,-0.004567935401509182,0.020068541476173762,0.4318181818181818,0.07659442435459578,0.5833333333333334,0.6136363636363636,,,{},4123.TWO,2015-01-15,2015-01-16
0.06072140072790742,680000,0,-0.04090909090909091,-0.40909090909090906,1.0,D-1 estimated accounting; fill-day constraints require ledger audit,direct,V4_DIRECT_FROZEN_LINEAR_PORTFOLIO,disabled,2015-01-15,neutral,0.016063086242788016,-0.004567935401509182,0.020068541476173762,0.4318181818181818,0.07659442435459578,0.5833333333333334,0.6136363636363636,,,{},4958.TW,2015-01-15,2015-01-16
0.057044085333102214,686000,0,0.021969696969696972,0.21969696969696972,1.0,D-1 estimated accounting; fill-day constraints require ledger audit,direct,V4_DIRECT_FROZEN_LINEAR_PORTFOLIO,disabled,2015-01-15,neutral,0.016063086242788016,-0.004567935401509182,0.020068541476173762,0.4318181818181818,0.07659442435459578,0.5833333333333334,0.6136363636363636,,,{},5536.TWO,2015-01-15,2015-01-16
0.05597193530645749,3904000,0,0.04772727272727273,0.4772727272727273,1.0,D-1 estimated accounting; fill-day constraints require ledger audit,direct,V4_DIRECT_FROZEN_LINEAR_PORTFOLIO,disabled,2015-01-15,neutral,0.016063086242788016,-0.004567935401509182,0.020068541476173762,0.4318181818181818,0.07659442435459578,0.5833333333333334,0.6136363636363636,,,{},6182.TWO,2015-01-15,2015-01-16
0.05793422814099,516000,0,0.031060606060606063,0.3106060606060606,1.0,D-1 estimated accounting; fill-day constraints require ledger audit,direct,V4_DIRECT_FROZEN_LINEAR_PORTFOLIO,disabled,2015-01-15,neutral,0.016063086242788016,-0.004567935401509182,0.020068541476173762,0.4318181818181818,0.07659442435459578,0.5833333333333334,0.6136363636363636,,,{},6223.TWO,2015-01-15,2015-01-16
0.06424424764991928,273000,0,0.0393939393939394,0.3939393939393939,1.0,D-1 estimated accounting; fill-day constraints require ledger audit,direct,V4_DIRECT_FROZEN_LINEAR_PORTFOLIO,disabled,2015-01-15,neutral,0.016063086242788016,-0.004567935401509182,0.020068541476173762,0.4318181818181818,0.07659442435459578,0.5833333333333334,0.6136363636363636,,,{},6415.TW,2015-01-15,2015-01-16
0.062290279313025096,5841000,0,0.04848484848484849,0.48484848484848486,1.0,D-1 estimated accounting; fill-day constraints require ledger audit,direct,V4_DIRECT_FROZEN_LINEAR_PORTFOLIO,disabled,2015-01-15,neutral,0.016063086242788016,-0.004567935401509182,0.020068541476173762,0.4318181818181818,0.07659442435459578,0.5833333333333334,0.6136363636363636,,,{},8932.TWO,2015-01-15,2015-01-16
0.024725695736196387,1370000,0,-0.021969696969696972,-0.21969696969696972,1.0,D-1 estimated accounting; fill-day constraints require ledger audit,direct,V4_DIRECT_FROZEN_LINEAR_PORTFOLIO,disabled,2015-01-16,neutral,0.016109288631294544,-0.014659626171513729,0.03230445458627085,0.24242424242424243,0.0769492823577191,0.4393939393939394,0.5227272727272727,,,{},2313.TW,2015-01-16,2015-01-19
0.05340650026413074,619000,0,0.02121212121212121,0.2121212121212121,1.0,D-1 estimated accounting; fill-day constraints require ledger audit,direct,V4_DIRECT_FROZEN_LINEAR_PORTFOLIO,disabled,2015-01-16,neutral,0.016109288631294544,-0.014659626171513729,0.03230445458627085,0.24242424242424243,0.0769492823577191,0.4393939393939394,0.5227272727272727,,,{},2317.TW,2015-01-16,2015-01-19
0.06845592319069342,826000,0,-0.011363636363636366,-0.11363636363636365,1.0,D-1 estimated accounting; fill-day constraints require ledger audit,direct,V4_DIRECT_FROZEN_LINEAR_PORTFOLIO,disabled,2015-01-16,neutral,0.016109288631294544,-0.014659626171513729,0.03230445458627085,0.24242424242424243,0.0769492823577191,0.4393939393939394,0.5227272727272727,,,{},2360.TW,2015-01-16,2015-01-19
0.005322536902318576,245000,0,-0.03787878787878788,-0.3787878787878788,1.0,D-1 estimated accounting; fill-day constraints require ledger audit,direct,V4_DIRECT_FROZEN_LINEAR_PORTFOLIO,disabled,2015-01-16,neutral,0.016109288631294544,-0.014659626171513729,0.03230445458627085,0.24242424242424243,0.0769492823577191,0.4393939393939394,0.5227272727272727,,,{},2368.TW,2015-01-16,2015-01-19
0.01370923625756733,135000,0,-0.03636363636363637,-0.36363636363636365,1.0,D-1 estimated accounting; fill-day constraints require ledger audit,direct,V4_DIRECT_FROZEN_LINEAR_PORTFOLIO,disabled,2015-01-16,neutral,0.016109288631294544,-0.014659626171513729,0.03230445458627085,0.24242424242424243,0.0769492823577191,0.4393939393939394,0.5227272727272727,,,{},2379.TW,2015-01-16,2015-01-19
0.02153342418967764,515000,0,0.010606060606060608,0.10606060606060608,1.0,D-1 estimated accounting; fill-day constraints require ledger audit,direct,V4_DIRECT_FROZEN_LINEAR_PORTFOLIO,disabled,2015-01-16,neutral,0.016109288631294544,-0.014659626171513729,0.03230445458627085,0.24242424242424243,0.0769492823577191,0.4393939393939394,0.5227272727272727,,,{},2383.TW,2015-01-16,2015-01-19
0.06271497517194746,615000,0,0.025,0.25,1.0,D-1 estimated accounting; fill-day constraints require ledger audit,direct,V4_DIRECT_FROZEN_LINEAR_PORTFOLIO,disabled,2015-01-16,neutral,0.016109288631294544,-0.014659626171513729,0.03230445458627085,0.24242424242424243,0.0769492823577191,0.4393939393939394,0.5227272727272727,,,{},2451.TW,2015-01-16,2015-01-19
0.06041180482426084,2502000,0,-0.016666666666666663,-0.16666666666666663,1.0,D-1 estimated accounting; fill-day constraints require ledger audit,direct,V4_DIRECT_FROZEN_LINEAR_PORTFOLIO,disabled,2015-01-16,neutral,0.016109288631294544,-0.014659626171513729,0.03230445458627085,0.24242424242424243,0.0769492823577191,0.4393939393939394,0.5227272727272727,,,{},2886.TW,2015-01-16,2015-01-19
0.07711485757318591,5970000,0,0.031060606060606063,0.3106060606060606,1.0,D-1 estimated accounting; fill-day constraints require ledger audit,direct,V4_DIRECT_FROZEN_LINEAR_PORTFOLIO,disabled,2015-01-16,neutral,0.016109288631294544,-0.014659626171513729,0.03230445458627085,0.24242424242424243,0.0769492823577191,0.4393939393939394,0.5227272727272727,,,{},2887.TW,2015-01-16,2015-01-19
0.061192170899248936,1013000,0,0.03257575757575758,0.32575757575757575,1.0,D-1 estimated accounting; fill-day constraints require ledger audit,direct,V4_DIRECT_FROZEN_LINEAR_PORTFOLIO,disabled,2015-01-16,neutral,0.016109288631294544,-0.014659626171513729,0.03230445458627085,0.24242424242424243,0.0769492823577191,0.4393939393939394,0.5227272727272727,,,{},3163.TWO,2015-01-16,2015-01-19
0.03792203433441552,644000,0,0.006818181818181818,0.06818181818181818,1.0,D-1 estimated accounting; fill-day constraints require ledger audit,direct,V4_DIRECT_FROZEN_LINEAR_PORTFOLIO,disabled,2015-01-16,neutral,0.016109288631294544,-0.014659626171513729,0.03230445458627085,0.24242424242424243,0.0769492823577191,0.4393939393939394,0.5227272727272727,,,{},3260.TWO,2015-01-16,2015-01-19
0.027388565871362333,860000,0,0.037121212121212124,0.3712121212121212,1.0,D-1 estimated accounting; fill-day constraints require ledger audit,direct,V4_DIRECT_FROZEN_LINEAR_PORTFOLIO,disabled,2015-01-16,neutral,0.016109288631294544,-0.014659626171513729,0.03230445458627085,0.24242424242424243,0.0769492823577191,0.4393939393939394,0.5227272727272727,,,{},3363.TWO,2015-01-16,2015-01-19
0.017255185259700368,275000,0,0.04166666666666667,0.4166666666666667,1.0,D-1 estimated accounting; fill-day constraints require ledger audit,direct,V4_DIRECT_FROZEN_LINEAR_PORTFOLIO,disabled,2015-01-16,neutral,0.016109288631294544,-0.014659626171513729,0.03230445458627085,0.24242424242424243,0.0769492823577191,0.4393939393939394,0.5227272727272727,,,{},3491.TWO,2015-01-16,2015-01-19
0.06593453941393967,469000,0,0.04924242424242425,0.49242424242424243,1.0,D-1 estimated accounting; fill-day constraints require ledger audit,direct,V4_DIRECT_FROZEN_LINEAR_PORTFOLIO,disabled,2015-01-16,neutral,0.016109288631294544,-0.014659626171513729,0.03230445458627085,0.24242424242424243,0.0769492823577191,0.4393939393939394,0.5227272727272727,,,{},3533.TW,2015-01-16,2015-01-19
0.013657879861577835,137000,137000,0.04772727272727273,0.4772727272727273,1.0,D-1 estimated accounting; fill-day constraints require ledger audit,direct,V4_DIRECT_FROZEN_LINEAR_PORTFOLIO,disabled,2015-01-16,neutral,0.016109288631294544,-0.014659626171513729,0.03230445458627085,0.24242424242424243,0.0769492823577191,0.4393939393939394,0.5227272727272727,,,{},3661.TW,2015-01-16,2015-01-19
0.007622478255047774,71000,0,0.009848484848484851,0.09848484848484851,1.0,D-1 estimated accounting; fill-day constraints require ledger audit,direct,V4_DIRECT_FROZEN_LINEAR_PORTFOLIO,disabled,2015-01-16,neutral,0.016109288631294544,-0.014659626171513729,0.03230445458627085,0.24242424242424243,0.0769492823577191,0.4393939393939394,0.5227272727272727,,,{},3665.TW,2015-01-16,2015-01-19
0.0,0,-272000,-0.04242424242424242,-0.4242424242424242,1.0,D-1 estimated accounting; fill-day constraints require ledger audit,direct,V4_DIRECT_FROZEN_LINEAR_PORTFOLIO,disabled,2015-01-16,neutral,0.016109288631294544,-0.014659626171513729,0.03230445458627085,0.24242424242424243,0.0769492823577191,0.4393939393939394,0.5227272727272727,,,{},4123.TWO,2015-01-16,2015-01-19
0.06103697412573976,680000,0,-0.04015151515151515,-0.4015151515151515,1.0,D-1 estimated accounting; fill-day constraints require ledger audit,direct,V4_DIRECT_FROZEN_LINEAR_PORTFOLIO,disabled,2015-01-16,neutral,0.016109288631294544,-0.014659626171513729,0.03230445458627085,0.24242424242424243,0.0769492823577191,0.4393939393939394,0.5227272727272727,,,{},4958.TW,2015-01-16,2015-01-19
0.05770470258356702,686000,0,0.002272727272727271,0.022727272727272707,1.0,D-1 estimated accounting; fill-day constraints require ledger audit,direct,V4_DIRECT_FROZEN_LINEAR_PORTFOLIO,disabled,2015-01-16,neutral,0.016109288631294544,-0.014659626171513729,0.03230445458627085,0.24242424242424243,0.0769492823577191,0.4393939393939394,0.5227272727272727,,,{},5536.TWO,2015-01-16,2015-01-19
0.053832496956013685,3904000,0,0.04848484848484849,0.48484848484848486,1.0,D-1 estimated accounting; fill-day constraints require ledger audit,direct,V4_DIRECT_FROZEN_LINEAR_PORTFOLIO,disabled,2015-01-16,neutral,0.016109288631294544,-0.014659626171513729,0.03230445458627085,0.24242424242424243,0.0769492823577191,0.4393939393939394,0.5227272727272727,,,{},6182.TWO,2015-01-16,2015-01-19
0.05744561417864995,516000,0,0.034090909090909095,0.34090909090909094,1.0,D-1 estimated accounting; fill-day constraints require ledger audit,direct,V4_DIRECT_FROZEN_LINEAR_PORTFOLIO,disabled,2015-01-16,neutral,0.016109288631294544,-0.014659626171513729,0.03230445458627085,0.24242424242424243,0.0769492823577191,0.4393939393939394,0.5227272727272727,,,{},6223.TWO,2015-01-16,2015-01-19
0.06252000538118495,273000,0,0.00378787878787879,0.0378787878787879,1.0,D-1 estimated accounting; fill-day constraints require ledger audit,direct,V4_DIRECT_FROZEN_LINEAR_PORTFOLIO,disabled,2015-01-16,neutral,0.016109288631294544,-0.014659626171513729,0.03230445458627085,0.24242424242424243,0.0769492823577191,0.4393939393939394,0.5227272727272727,,,{},6415.TW,2015-01-16,2015-01-19
0.06377211224328613,5841000,0,0.04621212121212121,0.4621212121212121,1.0,D-1 estimated accounting; fill-day constraints require ledger audit,direct,V4_DIRECT_FROZEN_LINEAR_PORTFOLIO,disabled,2015-01-16,neutral,0.016109288631294544,-0.014659626171513729,0.03230445458627085,0.24242424242424243,0.0769492823577191,0.4393939393939394,0.5227272727272727,,,{},8932.TWO,2015-01-16,2015-01-19
0.02477645771704051,1370000,0,-0.017424242424242422,-0.1742424242424242,1.0,D-1 estimated accounting; fill-day constraints require ledger audit,direct,V4_DIRECT_FROZEN_LINEAR_PORTFOLIO,disabled,2015-01-19,neutral,0.016089669443879927,-0.011289076502679019,0.02545410194037734,0.3181818181818182,0.08076654707115141,0.4772727272727273,0.5151515151515151,,,{},2313.TW,2015-01-19,2015-01-20
0.053565960369526947,619000,0,0.0030303030303030277,0.030303030303030276,1.0,D-1 estimated accounting; fill-day constraints require ledger audit,direct,V4_DIRECT_FROZEN_LINEAR_PORTFOLIO,disabled,2015-01-19,neutral,0.016089669443879927,-0.011289076502679019,0.02545410194037734,0.3181818181818182,0.08076654707115141,0.4772727272727273,0.5151515151515151,,,{},2317.TW,2015-01-19,2015-01-20
0.0677930990303367,826000,0,-0.035606060606060606,-0.3560606060606061,1.0,D-1 estimated accounting; fill-day constraints require ledger audit,direct,V4_DIRECT_FROZEN_LINEAR_PORTFOLIO,disabled,2015-01-19,neutral,0.016089669443879927,-0.011289076502679019,0.02545410194037734,0.3181818181818182,0.08076654707115141,0.4772727272727273,0.5151515151515151,,,{},2360.TW,2015-01-19,2015-01-20
0.0,0,-245000,-0.041666666666666664,-0.41666666666666663,1.0,D-1 estimated accounting; fill-day constraints require ledger audit,direct,V4_DIRECT_FROZEN_LINEAR_PORTFOLIO,disabled,2015-01-19,neutral,0.016089669443879927,-0.011289076502679019,0.02545410194037734,0.3181818181818182,0.08076654707115141,0.4772727272727273,0.5151515151515151,,,{},2368.TW,2015-01-19,2015-01-20
0.013717895742933481,135000,0,-0.0393939393939394,-0.3939393939393939,1.0,D-1 estimated accounting; fill-day constraints require ledger audit,direct,V4_DIRECT_FROZEN_LINEAR_PORTFOLIO,disabled,2015-01-19,neutral,0.016089669443879927,-0.011289076502679019,0.02545410194037734,0.3181818181818182,0.08076654707115141,0.4772727272727273,0.5151515151515151,,,{},2379.TW,2015-01-19,2015-01-20
0.021674306265390915,515000,0,0.02954545454545454,0.2954545454545454,1.0,D-1 estimated accounting; fill-day constraints require ledger audit,direct,V4_DIRECT_FROZEN_LINEAR_PORTFOLIO,disabled,2015-01-19,neutral,0.016089669443879927,-0.011289076502679019,0.02545410194037734,0.3181818181818182,0.08076654707115141,0.4772727272727273,0.5151515151515151,,,{},2383.TW,2015-01-19,2015-01-20
0.06352075807625411,615000,0,0.012121212121212123,0.12121212121212122,1.0,D-1 estimated accounting; fill-day constraints require ledger audit,direct,V4_DIRECT_FROZEN_LINEAR_PORTFOLIO,disabled,2015-01-19,neutral,0.016089669443879927,-0.011289076502679019,0.02545410194037734,0.3181818181818182,0.08076654707115141,0.4772727272727273,0.5151515151515151,,,{},2451.TW,2015-01-19,2015-01-20
0.024704299044125085,2344000,2344000,0.045454545454545456,0.45454545454545453,1.0,D-1 estimated accounting; fill-day constraints require ledger audit,direct,V4_DIRECT_FROZEN_LINEAR_PORTFOLIO,disabled,2015-01-19,neutral,0.016089669443879927,-0.011289076502679019,0.02545410194037734,0.3181818181818182,0.08076654707115141,0.4772727272727273,0.5151515151515151,,,{},2812.TW,2015-01-19,2015-01-20
0.0610110102177806,2502000,0,-0.023484848484848487,-0.23484848484848486,1.0,D-1 estimated accounting; fill-day constraints require ledger audit,direct,V4_DIRECT_FROZEN_LINEAR_PORTFOLIO,disabled,2015-01-19,neutral,0.016089669443879927,-0.011289076502679019,0.02545410194037734,0.3181818181818182,0.08076654707115141,0.4772727272727273,0.5151515151515151,,,{},2886.TW,2015-01-19,2015-01-20
0.07833151938936977,5970000,0,0.01666666666666667,0.16666666666666669,1.0,D-1 estimated accounting; fill-day constraints require ledger audit,direct,V4_DIRECT_FROZEN_LINEAR_PORTFOLIO,disabled,2015-01-19,neutral,0.016089669443879927,-0.011289076502679019,0.02545410194037734,0.3181818181818182,0.08076654707115141,0.4772727272727273,0.5151515151515151,,,{},2887.TW,2015-01-19,2015-01-20
0.05957419002845466,1013000,0,0.02121212121212121,0.2121212121212121,1.0,D-1 estimated accounting; fill-day constraints require ledger audit,direct,V4_DIRECT_FROZEN_LINEAR_PORTFOLIO,disabled,2015-01-19,neutral,0.016089669443879927,-0.011289076502679019,0.02545410194037734,0.3181818181818182,0.08076654707115141,0.4772727272727273,0.5151515151515151,,,{},3163.TWO,2015-01-19,2015-01-20
0.037018587215259205,644000,0,-0.0015151515151515138,-0.015151515151515138,1.0,D-1 estimated accounting; fill-day constraints require ledger audit,direct,V4_DIRECT_FROZEN_LINEAR_PORTFOLIO,disabled,2015-01-19,neutral,0.016089669443879927,-0.011289076502679019,0.02545410194037734,0.3181818181818182,0.08076654707115141,0.4772727272727273,0.5151515151515151,,,{},3260.TWO,2015-01-19,2015-01-20
0.02711270451443821,860000,0,0.043939393939393945,0.4393939393939394,1.0,D-1 estimated accounting; fill-day constraints require ledger audit,direct,V4_DIRECT_FROZEN_LINEAR_PORTFOLIO,disabled,2015-01-19,neutral,0.016089669443879927,-0.011289076502679019,0.02545410194037734,0.3181818181818182,0.08076654707115141,0.4772727272727273,0.5151515151515151,,,{},3363.TWO,2015-01-19,2015-01-20
0.017304031994309285,275000,0,0.0393939393939394,0.3939393939393939,1.0,D-1 estimated accounting; fill-day constraints require ledger audit,direct,V4_DIRECT_FROZEN_LINEAR_PORTFOLIO,disabled,2015-01-19,neutral,0.016089669443879927,-0.011289076502679019,0.02545410194037734,0.3181818181818182,0.08076654707115141,0.4772727272727273,0.5151515151515151,,,{},3491.TWO,2015-01-19,2015-01-20
0.0657199188908905,469000,0,0.04848484848484849,0.48484848484848486,1.0,D-1 estimated accounting; fill-day constraints require ledger audit,direct,V4_DIRECT_FROZEN_LINEAR_PORTFOLIO,disabled,2015-01-19,neutral,0.016089669443879927,-0.011289076502679019,0.02545410194037734,0.3181818181818182,0.08076654707115141,0.4772727272727273,0.5151515151515151,,,{},3533.TW,2015-01-19,2015-01-20
0.012812425781439303,137000,0,0.04015151515151515,0.4015151515151515,1.0,D-1 estimated accounting; fill-day constraints require ledger audit,direct,V4_DIRECT_FROZEN_LINEAR_PORTFOLIO,disabled,2015-01-19,neutral,0.016089669443879927,-0.011289076502679019,0.02545410194037734,0.3181818181818182,0.08076654707115141,0.4772727272727273,0.5151515151515151,,,{},3661.TW,2015-01-19,2015-01-20
0.0074601840581063434,71000,0,0.002272727272727271,0.022727272727272707,1.0,D-1 estimated accounting; fill-day constraints require ledger audit,direct,V4_DIRECT_FROZEN_LINEAR_PORTFOLIO,disabled,2015-01-19,neutral,0.016089669443879927,-0.011289076502679019,0.02545410194037734,0.3181818181818182,0.08076654707115141,0.4772727272727273,0.5151515151515151,,,{},3665.TW,2015-01-19,2015-01-20
0.06094938867390937,680000,0,-0.03484848484848485,-0.3484848484848485,1.0,D-1 estimated accounting; fill-day constraints require ledger audit,direct,V4_DIRECT_FROZEN_LINEAR_PORTFOLIO,disabled,2015-01-19,neutral,0.016089669443879927,-0.011289076502679019,0.02545410194037734,0.3181818181818182,0.08076654707115141,0.4772727272727273,0.5151515151515151,,,{},4958.TW,2015-01-19,2015-01-20
0.05857910281749142,686000,0,-0.02727272727272727,-0.2727272727272727,1.0,D-1 estimated accounting; fill-day constraints require ledger audit,direct,V4_DIRECT_FROZEN_LINEAR_PORTFOLIO,disabled,2015-01-19,neutral,0.016089669443879927,-0.011289076502679019,0.02545410194037734,0.3181818181818182,0.08076654707115141,0.4772727272727273,0.5151515151515151,,,{},5536.TWO,2015-01-19,2015-01-20
0.05384790605034931,3904000,0,0.04772727272727273,0.4772727272727273,1.0,D-1 estimated accounting; fill-day constraints require ledger audit,direct,V4_DIRECT_FROZEN_LINEAR_PORTFOLIO,disabled,2015-01-19,neutral,0.016089669443879927,-0.011289076502679019,0.02545410194037734,0.3181818181818182,0.08076654707115141,0.4772727272727273,0.5151515151515151,,,{},6182.TWO,2015-01-19,2015-01-20
0.05762569924936482,516000,0,0.046969696969696974,0.4696969696969697,1.0,D-1 estimated accounting; fill-day constraints require ledger audit,direct,V4_DIRECT_FROZEN_LINEAR_PORTFOLIO,disabled,2015-01-19,neutral,0.016089669443879927,-0.011289076502679019,0.02545410194037734,0.3181818181818182,0.08076654707115141,0.4772727272727273,0.5151515151515151,,,{},6223.TWO,2015-01-19,2015-01-20
0.06046349272822907,273000,0,-0.021212121212121217,-0.21212121212121215,1.0,D-1 estimated accounting; fill-day constraints require ledger audit,direct,V4_DIRECT_FROZEN_LINEAR_PORTFOLIO,disabled,2015-01-19,neutral,0.016089669443879927,-0.011289076502679019,0.02545410194037734,0.3181818181818182,0.08076654707115141,0.4772727272727273,0.5151515151515151,,,{},6415.TW,2015-01-19,2015-01-20
0.0651733828006127,5841000,0,0.04924242424242425,0.49242424242424243,1.0,D-1 estimated accounting; fill-day constraints require ledger audit,direct,V4_DIRECT_FROZEN_LINEAR_PORTFOLIO,disabled,2015-01-19,neutral,0.016089669443879927,-0.011289076502679019,0.02545410194037734,0.3181818181818182,0.08076654707115141,0.4772727272727273,0.5151515151515151,,,{},8932.TWO,2015-01-19,2015-01-20
0.023937586617196468,1370000,0,0.005303030303030304,0.05303030303030304,1.0,D-1 estimated accounting; fill-day constraints require ledger audit,direct,V4_DIRECT_FROZEN_LINEAR_PORTFOLIO,disabled,2015-01-21,risk_on,0.016263134972667532,-2.220446049250313e-16,0.026752439280377405,0.4621212121212121,0.07185095687509356,0.6439393939393939,0.7045454545454546,,,{},2313.TW,2015-01-21,2015-01-22
0.05350600987761068,619000,0,-0.023484848484848487,-0.23484848484848486,1.0,D-1 estimated accounting; fill-day constraints require ledger audit,direct,V4_DIRECT_FROZEN_LINEAR_PORTFOLIO,disabled,2015-01-21,risk_on,0.016263134972667532,-2.220446049250313e-16,0.026752439280377405,0.4621212121212121,0.07185095687509356,0.6439393939393939,0.7045454545454546,,,{},2317.TW,2015-01-21,2015-01-22
0.0,0,-826000,-0.04469696969696971,-0.446969696969697,1.0,D-1 estimated accounting; fill-day constraints require ledger audit,direct,V4_DIRECT_FROZEN_LINEAR_PORTFOLIO,disabled,2015-01-21,risk_on,0.016263134972667532,-2.220446049250313e-16,0.026752439280377405,0.4621212121212121,0.07185095687509356,0.6439393939393939,0.7045454545454546,,,{},2360.TW,2015-01-21,2015-01-22
0.013637598585982439,135000,0,-0.04318181818181818,-0.43181818181818177,1.0,D-1 estimated accounting; fill-day constraints require ledger audit,direct,V4_DIRECT_FROZEN_LINEAR_PORTFOLIO,disabled,2015-01-21,risk_on,0.016263134972667532,-2.220446049250313e-16,0.026752439280377405,0.4621212121212121,0.07185095687509356,0.6439393939393939,0.7045454545454546,,,{},2379.TW,2015-01-21,2015-01-22
0.021348344436131508,515000,0,0.03181818181818182,0.3181818181818182,1.0,D-1 estimated accounting; fill-day constraints require ledger audit,direct,V4_DIRECT_FROZEN_LINEAR_PORTFOLIO,disabled,2015-01-21,risk_on,0.016263134972667532,-2.220446049250313e-16,0.026752439280377405,0.4621212121212121,0.07185095687509356,0.6439393939393939,0.7045454545454546,,,{},2383.TW,2015-01-21,2015-01-22
0.06387988802121954,615000,0,-0.02727272727272727,-0.2727272727272727,1.0,D-1 estimated accounting; fill-day constraints require ledger audit,direct,V4_DIRECT_FROZEN_LINEAR_PORTFOLIO,disabled,2015-01-21,risk_on,0.016263134972667532,-2.220446049250313e-16,0.026752439280377405,0.4621212121212121,0.07185095687509356,0.6439393939393939,0.7045454545454546,,,{},2451.TW,2015-01-21,2015-01-22
0.006887550764476085,402000,402000,0.04848484848484849,0.48484848484848486,1.0,D-1 estimated accounting; fill-day constraints require ledger audit,direct,V4_DIRECT_FROZEN_LINEAR_PORTFOLIO,disabled,2015-01-21,risk_on,0.016263134972667532,-2.220446049250313e-16,0.026752439280377405,0.4621212121212121,0.07185095687509356,0.6439393939393939,0.7045454545454546,,,{},2609.TW,2015-01-21,2015-01-22
0.024332477248700114,2344000,0,0.04166666666666667,0.4166666666666667,1.0,D-1 estimated accounting; fill-day constraints require ledger audit,direct,V4_DIRECT_FROZEN_LINEAR_PORTFOLIO,disabled,2015-01-21,risk_on,0.016263134972667532,-2.220446049250313e-16,0.026752439280377405,0.4621212121212121,0.07185095687509356,0.6439393939393939,0.7045454545454546,,,{},2812.TW,2015-01-21,2015-01-22
0.06030638094113174,2502000,0,-0.018181818181818177,-0.18181818181818177,1.0,D-1 estimated accounting; fill-day constraints require ledger audit,direct,V4_DIRECT_FROZEN_LINEAR_PORTFOLIO,disabled,2015-01-21,risk_on,0.016263134972667532,-2.220446049250313e-16,0.026752439280377405,0.4621212121212121,0.07185095687509356,0.6439393939393939,0.7045454545454546,,,{},2886.TW,2015-01-21,2015-01-22
0.07768301159690726,5970000,0,0.02727272727272727,0.2727272727272727,1.0,D-1 estimated accounting; fill-day constraints require ledger audit,direct,V4_DIRECT_FROZEN_LINEAR_PORTFOLIO,disabled,2015-01-21,risk_on,0.016263134972667532,-2.220446049250313e-16,0.026752439280377405,0.4621212121212121,0.07185095687509356,0.6439393939393939,0.7045454545454546,,,{},2887.TW,2015-01-21,2015-01-22
0.059417522631220264,1013000,0,0.009090909090909089,0.09090909090909088,1.0,D-1 estimated accounting; fill-day constraints require ledger audit,direct,V4_DIRECT_FROZEN_LINEAR_PORTFOLIO,disabled,2015-01-21,risk_on,0.016263134972667532,-2.220446049250313e-16,0.026752439280377405,0.4621212121212121,0.07185095687509356,0.6439393939393939,0.7045454545454546,,,{},3163.TWO,2015-01-21,2015-01-22
0.03647933838725427,644000,0,0.0060606060606060615,0.06060606060606061,1.0,D-1 estimated accounting; fill-day constraints require ledger audit,direct,V4_DIRECT_FROZEN_LINEAR_PORTFOLIO,disabled,2015-01-21,risk_on,0.016263134972667532,-2.220446049250313e-16,0.026752439280377405,0.4621212121212121,0.07185095687509356,0.6439393939393939,0.7045454545454546,,,{},3260.TWO,2015-01-21,2015-01-22
0.027881303664318936,860000,0,0.037121212121212124,0.3712121212121212,1.0,D-1 estimated accounting; fill-day constraints require ledger audit,direct,V4_DIRECT_FROZEN_LINEAR_PORTFOLIO,disabled,2015-01-21,risk_on,0.016263134972667532,-2.220446049250313e-16,0.026752439280377405,0.4621212121212121,0.07185095687509356,0.6439393939393939,0.7045454545454546,,,{},3363.TWO,2015-01-21,2015-01-22
0.017127824244426198,275000,0,0.020454545454545454,0.20454545454545453,1.0,D-1 estimated accounting; fill-day constraints require ledger audit,direct,V4_DIRECT_FROZEN_LINEAR_PORTFOLIO,disabled,2015-01-21,risk_on,0.016263134972667532,-2.220446049250313e-16,0.026752439280377405,0.4621212121212121,0.07185095687509356,0.6439393939393939,0.7045454545454546,,,{},3491.TWO,2015-01-21,2015-01-22
0.06774272842938982,469000,0,0.04621212121212121,0.4621212121212121,1.0,D-1 estimated accounting; fill-day constraints require ledger audit,direct,V4_DIRECT_FROZEN_LINEAR_PORTFOLIO,disabled,2015-01-21,risk_on,0.016263134972667532,-2.220446049250313e-16,0.026752439280377405,0.4621212121212121,0.07185095687509356,0.6439393939393939,0.7045454545454546,,,{},3533.TW,2015-01-21,2015-01-22
0.012293502255752911,137000,0,-0.002272727272727271,-0.022727272727272707,1.0,D-1 estimated accounting; fill-day constraints require ledger audit,direct,V4_DIRECT_FROZEN_LINEAR_PORTFOLIO,disabled,2015-01-21,risk_on,0.016263134972667532,-2.220446049250313e-16,0.026752439280377405,0.4621212121212121,0.07185095687509356,0.6439393939393939,0.7045454545454546,,,{},3661.TW,2015-01-21,2015-01-22
0.007529248040669509,71000,0,-0.0303030303030303,-0.303030303030303,1.0,D-1 estimated accounting; fill-day constraints require ledger audit,direct,V4_DIRECT_FROZEN_LINEAR_PORTFOLIO,disabled,2015-01-21,risk_on,0.016263134972667532,-2.220446049250313e-16,0.026752439280377405,0.4621212121212121,0.07185095687509356,0.6439393939393939,0.7045454545454546,,,{},3665.TW,2015-01-21,2015-01-22
0.06159959713230214,680000,0,-0.008333333333333337,-0.08333333333333337,1.0,D-1 estimated accounting; fill-day constraints require ledger audit,direct,V4_DIRECT_FROZEN_LINEAR_PORTFOLIO,disabled,2015-01-21,risk_on,0.016263134972667532,-2.220446049250313e-16,0.026752439280377405,0.4621212121212121,0.07185095687509356,0.6439393939393939,0.7045454545454546,,,{},4958.TW,2015-01-21,2015-01-22
0.05790256016235934,686000,0,0.014393939393939393,0.14393939393939392,1.0,D-1 estimated accounting; fill-day constraints require ledger audit,direct,V4_DIRECT_FROZEN_LINEAR_PORTFOLIO,disabled,2015-01-21,risk_on,0.016263134972667532,-2.220446049250313e-16,0.026752439280377405,0.4621212121212121,0.07185095687509356,0.6439393939393939,0.7045454545454546,,,{},5536.TWO,2015-01-21,2015-01-22
0.054755459023789435,3904000,0,0.03636363636363637,0.36363636363636365,1.0,D-1 estimated accounting; fill-day constraints require ledger audit,direct,V4_DIRECT_FROZEN_LINEAR_PORTFOLIO,disabled,2015-01-21,risk_on,0.016263134972667532,-2.220446049250313e-16,0.026752439280377405,0.4621212121212121,0.07185095687509356,0.6439393939393939,0.7045454545454546,,,{},6182.TWO,2015-01-21,2015-01-22
0.05909639554460134,516000,0,0.043939393939393945,0.4393939393939394,1.0,D-1 estimated accounting; fill-day constraints require ledger audit,direct,V4_DIRECT_FROZEN_LINEAR_PORTFOLIO,disabled,2015-01-21,risk_on,0.016263134972667532,-2.220446049250313e-16,0.026752439280377405,0.4621212121212121,0.07185095687509356,0.6439393939393939,0.7045454545454546,,,{},6223.TWO,2015-01-21,2015-01-22
0.06120146637254,273000,0,-0.037121212121212124,-0.3712121212121212,1.0,D-1 estimated accounting; fill-day constraints require ledger audit,direct,V4_DIRECT_FROZEN_LINEAR_PORTFOLIO,disabled,2015-01-21,risk_on,0.016263134972667532,-2.220446049250313e-16,0.026752439280377405,0.4621212121212121,0.07185095687509356,0.6439393939393939,0.7045454545454546,,,{},6415.TW,2015-01-21,2015-01-22
0.0629921181918949,5841000,0,0.04772727272727273,0.4772727272727273,1.0,D-1 estimated accounting; fill-day constraints require ledger audit,direct,V4_DIRECT_FROZEN_LINEAR_PORTFOLIO,disabled,2015-01-21,risk_on,0.016263134972667532,-2.220446049250313e-16,0.026752439280377405,0.4621212121212121,0.07185095687509356,0.6439393939393939,0.7045454545454546,,,{},8932.TWO,2015-01-21,2015-01-22
0.024343608601213654,1370000,0,0.002272727272727271,0.022727272727272707,1.0,D-1 estimated accounting; fill-day constraints require ledger audit,direct,V4_DIRECT_FROZEN_LINEAR_PORTFOLIO,disabled,2015-01-22,risk_on,0.016681130890539374,0.00925869203263363,0.031008595917510706,0.696969696969697,0.0731290263628668,0.7803030303030303,0.7272727272727273,,,{},2313.TW,2015-01-22,2015-01-23
0.05330508406839107,619000,0,-0.017424242424242422,-0.1742424242424242,1.0,D-1 estimated accounting; fill-day constraints require ledger audit,direct,V4_DIRECT_FROZEN_LINEAR_PORTFOLIO,disabled,2015-01-22,risk_on,0.016681130890539374,0.00925869203263363,0.031008595917510706,0.696969696969697,0.0731290263628668,0.7803030303030303,0.7272727272727273,,,{},2317.TW,2015-01-22,2015-01-23
0.01363642418903566,135000,0,-0.0303030303030303,-0.303030303030303,1.0,D-1 estimated accounting; fill-day constraints require ledger audit,direct,V4_DIRECT_FROZEN_LINEAR_PORTFOLIO,disabled,2015-01-22,risk_on,0.016681130890539374,0.00925869203263363,0.031008595917510706,0.696969696969697,0.0731290263628668,0.7803030303030303,0.7272727272727273,,,{},2379.TW,2015-01-22,2015-01-23
0.022204124092425784,515000,0,-0.00757575757575758,-0.0757575757575758,1.0,D-1 estimated accounting; fill-day constraints require ledger audit,direct,V4_DIRECT_FROZEN_LINEAR_PORTFOLIO,disabled,2015-01-22,risk_on,0.016681130890539374,0.00925869203263363,0.031008595917510706,0.696969696969697,0.0731290263628668,0.7803030303030303,0.7272727272727273,,,{},2383.TW,2015-01-22,2015-01-23
0.06258263281323775,263000,263000,0.04772727272727273,0.4772727272727273,1.0,D-1 estimated accounting; fill-day constraints require ledger audit,direct,V4_DIRECT_FROZEN_LINEAR_PORTFOLIO,disabled,2015-01-22,risk_on,0.016681130890539374,0.00925869203263363,0.031008595917510706,0.696969696969697,0.0731290263628668,0.7803030303030303,0.7272727272727273,,,{},2395.TW,2015-01-22,2015-01-23
0.0650397051126865,615000,0,-0.04772727272727273,-0.4772727272727273,1.0,D-1 estimated accounting; fill-day constraints require ledger audit,direct,V4_DIRECT_FROZEN_LINEAR_PORTFOLIO,disabled,2015-01-22,risk_on,0.016681130890539374,0.00925869203263363,0.031008595917510706,0.696969696969697,0.0731290263628668,0.7803030303030303,0.7272727272727273,,,{},2451.TW,2015-01-22,2015-01-23
0.006886142620920775,402000,0,0.04848484848484849,0.48484848484848486,1.0,D-1 estimated accounting; fill-day constraints require ledger audit,direct,V4_DIRECT_FROZEN_LINEAR_PORTFOLIO,disabled,2015-01-22,risk_on,0.016681130890539374,0.00925869203263363,0.031008595917510706,0.696969696969697,0.0731290263628668,0.7803030303030303,0.7272727272727273,,,{},2609.TW,2015-01-22,2015-01-23
0.024302372255741642,2344000,0,0.03484848484848485,0.3484848484848485,1.0,D-1 estimated accounting; fill-day constraints require ledger audit,direct,V4_DIRECT_FROZEN_LINEAR_PORTFOLIO,disabled,2015-01-22,risk_on,0.016681130890539374,0.00925869203263363,0.031008595917510706,0.696969696969697,0.0731290263628668,0.7803030303030303,0.7272727272727273,,,{},2812.TW,2015-01-22,2015-01-23
0.06031714975769953,2502000,0,-0.012878787878787878,-0.12878787878787878,1.0,D-1 estimated accounting; fill-day constraints require ledger audit,direct,V4_DIRECT_FROZEN_LINEAR_PORTFOLIO,disabled,2015-01-22,risk_on,0.016681130890539374,0.00925869203263363,0.031008595917510706,0.696969696969697,0.0731290263628668,0.7803030303030303,0.7272727272727273,,,{},2886.TW,2015-01-22,2015-01-23
0.07781112210607044,5970000,0,0.02121212121212121,0.2121212121212121,1.0,D-1 estimated accounting; fill-day constraints require ledger audit,direct,V4_DIRECT_FROZEN_LINEAR_PORTFOLIO,disabled,2015-01-22,risk_on,0.016681130890539374,0.00925869203263363,0.031008595917510706,0.696969696969697,0.0731290263628668,0.7803030303030303,0.7272727272727273,,,{},2887.TW,2015-01-22,2015-01-23
0.05905593147693907,1013000,0,0.02727272727272727,0.2727272727272727,1.0,D-1 estimated accounting; fill-day constraints require ledger audit,direct,V4_DIRECT_FROZEN_LINEAR_PORTFOLIO,disabled,2015-01-22,risk_on,0.016681130890539374,0.00925869203263363,0.031008595917510706,0.696969696969697,0.0731290263628668,0.7803030303030303,0.7272727272727273,,,{},3163.TWO,2015-01-22,2015-01-23
0.03638706194610025,644000,0,0.04621212121212121,0.4621212121212121,1.0,D-1 estimated accounting; fill-day constraints require ledger audit,direct,V4_DIRECT_FROZEN_LINEAR_PORTFOLIO,disabled,2015-01-22,risk_on,0.016681130890539374,0.00925869203263363,0.031008595917510706,0.696969696969697,0.0731290263628668,0.7803030303030303,0.7272727272727273,,,{},3260.TWO,2015-01-22,2015-01-23
0.027321934473261002,860000,0,0.034090909090909095,0.34090909090909094,1.0,D-1 estimated accounting; fill-day constraints require ledger audit,direct,V4_DIRECT_FROZEN_LINEAR_PORTFOLIO,disabled,2015-01-22,risk_on,0.016681130890539374,0.00925869203263363,0.031008595917510706,0.696969696969697,0.0731290263628668,0.7803030303030303,0.7272727272727273,,,{},3363.TWO,2015-01-22,2015-01-23
0.017578105563293665,275000,0,-0.013636363636363636,-0.13636363636363635,1.0,D-1 estimated accounting; fill-day constraints require ledger audit,direct,V4_DIRECT_FROZEN_LINEAR_PORTFOLIO,disabled,2015-01-22,risk_on,0.016681130890539374,0.00925869203263363,0.031008595917510706,0.696969696969697,0.0731290263628668,0.7803030303030303,0.7272727272727273,,,{},3491.TWO,2015-01-22,2015-01-23
0.06756672069487606,469000,0,0.04015151515151515,0.4015151515151515,1.0,D-1 estimated accounting; fill-day constraints require ledger audit,direct,V4_DIRECT_FROZEN_LINEAR_PORTFOLIO,disabled,2015-01-22,risk_on,0.016681130890539374,0.00925869203263363,0.031008595917510706,0.696969696969697,0.0731290263628668,0.7803030303030303,0.7272727272727273,,,{},3533.TW,2015-01-22,2015-01-23
0.012384741341425837,137000,0,-0.014393939393939393,-0.14393939393939392,1.0,D-1 estimated accounting; fill-day constraints require ledger audit,direct,V4_DIRECT_FROZEN_LINEAR_PORTFOLIO,disabled,2015-01-22,risk_on,0.016681130890539374,0.00925869203263363,0.031008595917510706,0.696969696969697,0.0731290263628668,0.7803030303030303,0.7272727272727273,,,{},3661.TW,2015-01-22,2015-01-23
0.007519406083721564,71000,0,-0.023484848484848487,-0.23484848484848486,1.0,D-1 estimated accounting; fill-day constraints require ledger audit,direct,V4_DIRECT_FROZEN_LINEAR_PORTFOLIO,disabled,2015-01-22,risk_on,0.016681130890539374,0.00925869203263363,0.031008595917510706,0.696969696969697,0.0731290263628668,0.7803030303030303,0.7272727272727273,,,{},3665.TW,2015-01-22,2015-01-23
0.06081382254352194,680000,0,0.018181818181818184,0.18181818181818182,1.0,D-1 estimated accounting; fill-day constraints require ledger audit,direct,V4_DIRECT_FROZEN_LINEAR_PORTFOLIO,disabled,2015-01-22,risk_on,0.016681130890539374,0.00925869203263363,0.031008595917510706,0.696969696969697,0.0731290263628668,0.7803030303030303,0.7272727272727273,,,{},4958.TW,2015-01-22,2015-01-23
0.056997485570204495,686000,0,0.0030303030303030277,0.030303030303030276,1.0,D-1 estimated accounting; fill-day constraints require ledger audit,direct,V4_DIRECT_FROZEN_LINEAR_PORTFOLIO,disabled,2015-01-22,risk_on,0.016681130890539374,0.00925869203263363,0.031008595917510706,0.696969696969697,0.0731290263628668,0.7803030303030303,0.7272727272727273,,,{},5536.TWO,2015-01-22,2015-01-23
0.054422239314268844,3904000,0,0.037121212121212124,0.3712121212121212,1.0,D-1 estimated accounting; fill-day constraints require ledger audit,direct,V4_DIRECT_FROZEN_LINEAR_PORTFOLIO,disabled,2015-01-22,risk_on,0.016681130890539374,0.00925869203263363,0.031008595917510706,0.696969696969697,0.0731290263628668,0.7803030303030303,0.7272727272727273,,,{},6182.TWO,2015-01-22,2015-01-23
0.05769716999215483,516000,0,0.04090909090909091,0.40909090909090906,1.0,D-1 estimated accounting; fill-day constraints require ledger audit,direct,V4_DIRECT_FROZEN_LINEAR_PORTFOLIO,disabled,2015-01-22,risk_on,0.016681130890539374,0.00925869203263363,0.031008595917510706,0.696969696969697,0.0731290263628668,0.7803030303030303,0.7272727272727273,,,{},6223.TWO,2015-01-22,2015-01-23
0.0,0,-273000,-0.04848484848484849,-0.48484848484848486,1.0,D-1 estimated accounting; fill-day constraints require ledger audit,direct,V4_DIRECT_FROZEN_LINEAR_PORTFOLIO,disabled,2015-01-22,risk_on,0.016681130890539374,0.00925869203263363,0.031008595917510706,0.696969696969697,0.0731290263628668,0.7803030303030303,0.7272727272727273,,,{},6415.TW,2015-01-22,2015-01-23
0.06260877348617577,5841000,0,0.01666666666666667,0.16666666666666669,1.0,D-1 estimated accounting; fill-day constraints require ledger audit,direct,V4_DIRECT_FROZEN_LINEAR_PORTFOLIO,disabled,2015-01-22,risk_on,0.016681130890539374,0.00925869203263363,0.031008595917510706,0.696969696969697,0.0731290263628668,0.7803030303030303,0.7272727272727273,,,{},8932.TWO,2015-01-22,2015-01-23
0.02445005235383394,1370000,0,-0.011363636363636366,-0.11363636363636365,1.0,D-1 estimated accounting; fill-day constraints require ledger audit,direct,V4_DIRECT_FROZEN_LINEAR_PORTFOLIO,disabled,2015-01-23,risk_on,0.01614805308233344,0.02683795625330543,0.024470830780917274,0.7954545454545454,0.07220118337343014,0.7878787878787878,0.75,,,{},2313.TW,2015-01-23,2015-01-26
0.05482306521950506,619000,0,-0.03181818181818182,-0.31818181818181823,1.0,D-1 estimated accounting; fill-day constraints require ledger audit,direct,V4_DIRECT_FROZEN_LINEAR_PORTFOLIO,disabled,2015-01-23,risk_on,0.01614805308233344,0.02683795625330543,0.024470830780917274,0.7954545454545454,0.07220118337343014,0.7878787878787878,0.75,,,{},2317.TW,2015-01-23,2015-01-26
0.013862221199956577,135000,0,-0.009090909090909094,-0.09090909090909094,1.0,D-1 estimated accounting; fill-day constraints require ledger audit,direct,V4_DIRECT_FROZEN_LINEAR_PORTFOLIO,disabled,2015-01-23,risk_on,0.01614805308233344,0.02683795625330543,0.024470830780917274,0.7954545454545454,0.07220118337343014,0.7878787878787878,0.75,,,{},2379.TW,2015-01-23,2015-01-26
0.021874505931552005,515000,0,-0.019696969696969702,-0.19696969696969702,1.0,D-1 estimated accounting; fill-day constraints require ledger audit,direct,V4_DIRECT_FROZEN_LINEAR_PORTFOLIO,disabled,2015-01-23,risk_on,0.01614805308233344,0.02683795625330543,0.024470830780917274,0.7954545454545454,0.07220118337343014,0.7878787878787878,0.75,,,{},2383.TW,2015-01-23,2015-01-26
0.06267871866944175,263000,0,0.04166666666666667,0.4166666666666667,1.0,D-1 estimated accounting; fill-day constraints require ledger audit,direct,V4_DIRECT_FROZEN_LINEAR_PORTFOLIO,disabled,2015-01-23,risk_on,0.01614805308233344,0.02683795625330543,0.024470830780917274,0.7954545454545454,0.07220118337343014,0.7878787878787878,0.75,,,{},2395.TW,2015-01-23,2015-01-26
0.0,0,-615000,-0.046969696969696974,-0.4696969696969697,1.0,D-1 estimated accounting; fill-day constraints require ledger audit,direct,V4_DIRECT_FROZEN_LINEAR_PORTFOLIO,disabled,2015-01-23,risk_on,0.01614805308233344,0.02683795625330543,0.024470830780917274,0.7954545454545454,0.07220118337343014,0.7878787878787878,0.75,,,{},2451.TW,2015-01-23,2015-01-26
0.006815577391097113,402000,0,0.04772727272727273,0.4772727272727273,1.0,D-1 estimated accounting; fill-day constraints require ledger audit,direct,V4_DIRECT_FROZEN_LINEAR_PORTFOLIO,disabled,2015-01-23,risk_on,0.01614805308233344,0.02683795625330543,0.024470830780917274,0.7954545454545454,0.07220118337343014,0.7878787878787878,0.75,,,{},2609.TW,2015-01-23,2015-01-26
0.024575992370843344,2344000,0,-0.04242424242424242,-0.4242424242424242,1.0,D-1 estimated accounting; fill-day constraints require ledger audit,direct,V4_DIRECT_FROZEN_LINEAR_PORTFOLIO,disabled,2015-01-23,risk_on,0.01614805308233344,0.02683795625330543,0.024470830780917274,0.7954545454545454,0.07220118337343014,0.7878787878787878,0.75,,,{},2812.TW,2015-01-23,2015-01-26
0.06053587372216691,2502000,0,-0.016666666666666663,-0.16666666666666663,1.0,D-1 estimated accounting; fill-day constraints require ledger audit,direct,V4_DIRECT_FROZEN_LINEAR_PORTFOLIO,disabled,2015-01-23,risk_on,0.01614805308233344,0.02683795625330543,0.024470830780917274,0.7954545454545454,0.07220118337343014,0.7878787878787878,0.75,,,{},2886.TW,2015-01-23,2015-01-26
0.07762969862388858,5970000,0,-0.0030303030303030277,-0.030303030303030276,1.0,D-1 estimated accounting; fill-day constraints require ledger audit,direct,V4_DIRECT_FROZEN_LINEAR_PORTFOLIO,disabled,2015-01-23,risk_on,0.01614805308233344,0.02683795625330543,0.024470830780917274,0.7954545454545454,0.07220118337343014,0.7878787878787878,0.75,,,{},2887.TW,2015-01-23,2015-01-26
0.05935090868817647,1013000,0,0.031060606060606063,0.3106060606060606,1.0,D-1 estimated accounting; fill-day constraints require ledger audit,direct,V4_DIRECT_FROZEN_LINEAR_PORTFOLIO,disabled,2015-01-23,risk_on,0.01614805308233344,0.02683795625330543,0.024470830780917274,0.7954545454545454,0.07220118337343014,0.7878787878787878,0.75,,,{},3163.TWO,2015-01-23,2015-01-26
0.03631300728136953,644000,0,0.046969696969696974,0.4696969696969697,1.0,D-1 estimated accounting; fill-day constraints require ledger audit,direct,V4_DIRECT_FROZEN_LINEAR_PORTFOLIO,disabled,2015-01-23,risk_on,0.01614805308233344,0.02683795625330543,0.024470830780917274,0.7954545454545454,0.07220118337343014,0.7878787878787878,0.75,,,{},3260.TWO,2015-01-23,2015-01-26
0.06389850745363367,3234000,3234000,0.04848484848484849,0.48484848484848486,1.0,D-1 estimated accounting; fill-day constraints require ledger audit,direct,V4_DIRECT_FROZEN_LINEAR_PORTFOLIO,disabled,2015-01-23,risk_on,0.01614805308233344,0.02683795625330543,0.024470830780917274,0.7954545454545454,0.07220118337343014,0.7878787878787878,0.75,,,{},3324.TWO,2015-01-23,2015-01-26
0.027407248935704596,860000,0,0.04090909090909091,0.40909090909090906,1.0,D-1 estimated accounting; fill-day constraints require ledger audit,direct,V4_DIRECT_FROZEN_LINEAR_PORTFOLIO,disabled,2015-01-23,risk_on,0.01614805308233344,0.02683795625330543,0.024470830780917274,0.7954545454545454,0.07220118337343014,0.7878787878787878,0.75,,,{},3363.TWO,2015-01-23,2015-01-26
0.017466252563066005,275000,0,-0.002272727272727271,-0.022727272727272707,1.0,D-1 estimated accounting; fill-day constraints require ledger audit,direct,V4_DIRECT_FROZEN_LINEAR_PORTFOLIO,disabled,2015-01-23,risk_on,0.01614805308233344,0.02683795625330543,0.024470830780917274,0.7954545454545454,0.07220118337343014,0.7878787878787878,0.75,,,{},3491.TWO,2015-01-23,2015-01-26
0.06625079886377007,469000,0,0.04242424242424243,0.42424242424242425,1.0,D-1 estimated accounting; fill-day constraints require ledger audit,direct,V4_DIRECT_FROZEN_LINEAR_PORTFOLIO,disabled,2015-01-23,risk_on,0.01614805308233344,0.02683795625330543,0.024470830780917274,0.7954545454545454,0.07220118337343014,0.7878787878787878,0.75,,,{},3533.TW,2015-01-23,2015-01-26
0.01230674355890206,137000,0,-0.009848484848484851,-0.09848484848484851,1.0,D-1 estimated accounting; fill-day constraints require ledger audit,direct,V4_DIRECT_FROZEN_LINEAR_PORTFOLIO,disabled,2015-01-23,risk_on,0.01614805308233344,0.02683795625330543,0.024470830780917274,0.7954545454545454,0.07220118337343014,0.7878787878787878,0.75,,,{},3661.TW,2015-01-23,2015-01-26
0.0076390507316067766,71000,0,-0.021969696969696972,-0.21969696969696972,1.0,D-1 estimated accounting; fill-day constraints require ledger audit,direct,V4_DIRECT_FROZEN_LINEAR_PORTFOLIO,disabled,2015-01-23,risk_on,0.01614805308233344,0.02683795625330543,0.024470830780917274,0.7954545454545454,0.07220118337343014,0.7878787878787878,0.75,,,{},3665.TW,2015-01-23,2015-01-26
0.0617988520199951,680000,0,-0.021212121212121217,-0.21212121212121215,1.0,D-1 estimated accounting; fill-day constraints require ledger audit,direct,V4_DIRECT_FROZEN_LINEAR_PORTFOLIO,disabled,2015-01-23,risk_on,0.01614805308233344,0.02683795625330543,0.024470830780917274,0.7954545454545454,0.07220118337343014,0.7878787878787878,0.75,,,{},4958.TW,2015-01-23,2015-01-26
0.05729257811005919,686000,0,0.01515151515151515,0.1515151515151515,1.0,D-1 estimated accounting; fill-day constraints require ledger audit,direct,V4_DIRECT_FROZEN_LINEAR_PORTFOLIO,disabled,2015-01-23,risk_on,0.01614805308233344,0.02683795625330543,0.024470830780917274,0.7954545454545454,0.07220118337343014,0.7878787878787878,0.75,,,{},5536.TWO,2015-01-23,2015-01-26
0.05371870885186379,3904000,0,0.04015151515151515,0.4015151515151515,1.0,D-1 estimated accounting; fill-day constraints require ledger audit,direct,V4_DIRECT_FROZEN_LINEAR_PORTFOLIO,disabled,2015-01-23,risk_on,0.01614805308233344,0.02683795625330543,0.024470830780917274,0.7954545454545454,0.07220118337343014,0.7878787878787878,0.75,,,{},6182.TWO,2015-01-23,2015-01-26
0.05726516259615239,516000,0,0.0393939393939394,0.3939393939393939,1.0,D-1 estimated accounting; fill-day constraints require ledger audit,direct,V4_DIRECT_FROZEN_LINEAR_PORTFOLIO,disabled,2015-01-23,risk_on,0.01614805308233344,0.02683795625330543,0.024470830780917274,0.7954545454545454,0.07220118337343014,0.7878787878787878,0.75,,,{},6223.TWO,2015-01-23,2015-01-26
0.0624105102778755,5841000,0,-0.008333333333333337,-0.08333333333333337,1.0,D-1 estimated accounting; fill-day constraints require ledger audit,direct,V4_DIRECT_FROZEN_LINEAR_PORTFOLIO,disabled,2015-01-23,risk_on,0.01614805308233344,0.02683795625330543,0.024470830780917274,0.7954545454545454,0.07220118337343014,0.7878787878787878,0.75,,,{},8932.TWO,2015-01-23,2015-01-26
0.0,0,-1370000,-0.046969696969696974,-0.4696969696969697,1.0,D-1 estimated accounting; fill-day constraints require ledger audit,direct,V4_DIRECT_FROZEN_LINEAR_PORTFOLIO,disabled,2015-01-26,risk_on,0.016003624748192596,0.025785174669355926,0.025543385804190133,0.8484848484848485,0.07252336276635658,0.75,0.7348484848484849,,,{},2313.TW,2015-01-26,2015-01-27
0.05535506972929446,619000,0,-0.03787878787878788,-0.3787878787878788,1.0,D-1 estimated accounting; fill-day constraints require ledger audit,direct,V4_DIRECT_FROZEN_LINEAR_PORTFOLIO,disabled,2015-01-26,risk_on,0.016003624748192596,0.025785174669355926,0.025543385804190133,0.8484848484848485,0.07252336276635658,0.75,0.7348484848484849,,,{},2317.TW,2015-01-26,2015-01-27
0.06324630865819861,6192000,6192000,0.04772727272727273,0.4772727272727273,1.0,D-1 estimated accounting; fill-day constraints require ledger audit,direct,V4_DIRECT_FROZEN_LINEAR_PORTFOLIO,disabled,2015-01-26,risk_on,0.016003624748192596,0.025785174669355926,0.025543385804190133,0.8484848484848485,0.07252336276635658,0.75,0.7348484848484849,,,{},2344.TW,2015-01-26,2015-01-27
0.013770946614536924,135000,0,0.012121212121212123,0.12121212121212122,1.0,D-1 estimated accounting; fill-day constraints require ledger audit,direct,V4_DIRECT_FROZEN_LINEAR_PORTFOLIO,disabled,2015-01-26,risk_on,0.016003624748192596,0.025785174669355926,0.025543385804190133,0.8484848484848485,0.07252336276635658,0.75,0.7348484848484849,,,{},2379.TW,2015-01-26,2015-01-27
0.02188992362334571,515000,0,-0.018939393939393947,-0.18939393939393945,1.0,D-1 estimated accounting; fill-day constraints require ledger audit,direct,V4_DIRECT_FROZEN_LINEAR_PORTFOLIO,disabled,2015-01-26,risk_on,0.016003624748192596,0.025785174669355926,0.025543385804190133,0.8484848484848485,0.07252336276635658,0.75,0.7348484848484849,,,{},2383.TW,2015-01-26,2015-01-27
0.06297198150020013,263000,0,0.037121212121212124,0.3712121212121212,1.0,D-1 estimated accounting; fill-day constraints require ledger audit,direct,V4_DIRECT_FROZEN_LINEAR_PORTFOLIO,disabled,2015-01-26,risk_on,0.016003624748192596,0.025785174669355926,0.025543385804190133,0.8484848484848485,0.07252336276635658,0.75,0.7348484848484849,,,{},2395.TW,2015-01-26,2015-01-27
0.007026976311738102,402000,0,0.03484848484848485,0.3484848484848485,1.0,D-1 estimated accounting; fill-day constraints require ledger audit,direct,V4_DIRECT_FROZEN_LINEAR_PORTFOLIO,disabled,2015-01-26,risk_on,0.016003624748192596,0.025785174669355926,0.025543385804190133,0.8484848484848485,0.07252336276635658,0.75,0.7348484848484849,,,{},2609.TW,2015-01-26,2015-01-27
0.024652993045911367,2344000,0,-0.04242424242424242,-0.4242424242424242,1.0,D-1 estimated accounting; fill-day constraints require ledger audit,direct,V4_DIRECT_FROZEN_LINEAR_PORTFOLIO,disabled,2015-01-26,risk_on,0.016003624748192596,0.025785174669355926,0.025543385804190133,0.8484848484848485,0.07252336276635658,0.75,0.7348484848484849,,,{},2812.TW,2015-01-26,2015-01-27
0.060686802313351766,2502000,0,-0.009090909090909094,-0.09090909090909094,1.0,D-1 estimated accounting; fill-day constraints require ledger audit,direct,V4_DIRECT_FROZEN_LINEAR_PORTFOLIO,disabled,2015-01-26,risk_on,0.016003624748192596,0.025785174669355926,0.025543385804190133,0.8484848484848485,0.07252336276635658,0.75,0.7348484848484849,,,{},2886.TW,2015-01-26,2015-01-27
0.0787018831305699,5970000,0,-0.021969696969696972,-0.21969696969696972,1.0,D-1 estimated accounting; fill-day constraints require ledger audit,direct,V4_DIRECT_FROZEN_LINEAR_PORTFOLIO,disabled,2015-01-26,risk_on,0.016003624748192596,0.025785174669355926,0.025543385804190133,0.8484848484848485,0.07252336276635658,0.75,0.7348484848484849,,,{},2887.TW,2015-01-26,2015-01-27
0.05884406843185664,1013000,0,0.04015151515151515,0.4015151515151515,1.0,D-1 estimated accounting; fill-day constraints require ledger audit,direct,V4_DIRECT_FROZEN_LINEAR_PORTFOLIO,disabled,2015-01-26,risk_on,0.016003624748192596,0.025785174669355926,0.025543385804190133,0.8484848484848485,0.07252336276635658,0.75,0.7348484848484849,,,{},3163.TWO,2015-01-26,2015-01-27
0.036252491155058984,644000,0,0.04924242424242425,0.49242424242424243,1.0,D-1 estimated accounting; fill-day constraints require ledger audit,direct,V4_DIRECT_FROZEN_LINEAR_PORTFOLIO,disabled,2015-01-26,risk_on,0.016003624748192596,0.025785174669355926,0.025543385804190133,0.8484848484848485,0.07252336276635658,0.75,0.7348484848484849,,,{},3260.TWO,2015-01-26,2015-01-27
0.06346655022337758,3234000,0,0.04848484848484849,0.48484848484848486,1.0,D-1 estimated accounting; fill-day constraints require ledger audit,direct,V4_DIRECT_FROZEN_LINEAR_PORTFOLIO,disabled,2015-01-26,risk_on,0.016003624748192596,0.025785174669355926,0.025543385804190133,0.8484848484848485,0.07252336276635658,0.75,0.7348484848484849,,,{},3324.TWO,2015-01-26,2015-01-27
0.026755463553388537,860000,0,0.038636363636363635,0.38636363636363635,1.0,D-1 estimated accounting; fill-day constraints require ledger audit,direct,V4_DIRECT_FROZEN_LINEAR_PORTFOLIO,disabled,2015-01-26,risk_on,0.016003624748192596,0.025785174669355926,0.025543385804190133,0.8484848484848485,0.07252336276635658,0.75,0.7348484848484849,,,{},3363.TWO,2015-01-26,2015-01-27
0.017603476877816857,275000,0,-0.02803030303030303,-0.2803030303030303,1.0,D-1 estimated accounting; fill-day constraints require ledger audit,direct,V4_DIRECT_FROZEN_LINEAR_PORTFOLIO,disabled,2015-01-26,risk_on,0.016003624748192596,0.025785174669355926,0.025543385804190133,0.8484848484848485,0.07252336276635658,0.75,0.7348484848484849,,,{},3491.TWO,2015-01-26,2015-01-27
0.06566795963157991,469000,0,0.043939393939393945,0.4393939393939394,1.0,D-1 estimated accounting; fill-day constraints require ledger audit,direct,V4_DIRECT_FROZEN_LINEAR_PORTFOLIO,disabled,2015-01-26,risk_on,0.016003624748192596,0.025785174669355926,0.025543385804190133,0.8484848484848485,0.07252336276635658,0.75,0.7348484848484849,,,{},3533.TW,2015-01-26,2015-01-27
0.01243842854400238,137000,0,0.014393939393939393,0.14393939393939392,1.0,D-1 estimated accounting; fill-day constraints require ledger audit,direct,V4_DIRECT_FROZEN_LINEAR_PORTFOLIO,disabled,2015-01-26,risk_on,0.016003624748192596,0.025785174669355926,0.025543385804190133,0.8484848484848485,0.07252336276635658,0.75,0.7348484848484849,,,{},3661.TW,2015-01-26,2015-01-27
0.007590346940199894,71000,0,0.0015151515151515138,0.015151515151515138,1.0,D-1 estimated accounting; fill-day constraints require ledger audit,direct,V4_DIRECT_FROZEN_LINEAR_PORTFOLIO,disabled,2015-01-26,risk_on,0.016003624748192596,0.025785174669355926,0.025543385804190133,0.8484848484848485,0.07252336276635658,0.75,0.7348484848484849,,,{},3665.TW,2015-01-26,2015-01-27
0.06162738850661751,680000,0,-0.00757575757575758,-0.0757575757575758,1.0,D-1 estimated accounting; fill-day constraints require ledger audit,direct,V4_DIRECT_FROZEN_LINEAR_PORTFOLIO,disabled,2015-01-26,risk_on,0.016003624748192596,0.025785174669355926,0.025543385804190133,0.8484848484848485,0.07252336276635658,0.75,0.7348484848484849,,,{},4958.TW,2015-01-26,2015-01-27
0.05698986337346585,686000,0,0.0393939393939394,0.3939393939393939,1.0,D-1 estimated accounting; fill-day constraints require ledger audit,direct,V4_DIRECT_FROZEN_LINEAR_PORTFOLIO,disabled,2015-01-26,risk_on,0.016003624748192596,0.025785174669355926,0.025543385804190133,0.8484848484848485,0.07252336276635658,0.75,0.7348484848484849,,,{},5536.TWO,2015-01-26,2015-01-27
0.054022073693055936,3904000,0,0.04242424242424243,0.42424242424242425,1.0,D-1 estimated accounting; fill-day constraints require ledger audit,direct,V4_DIRECT_FROZEN_LINEAR_PORTFOLIO,disabled,2015-01-26,risk_on,0.016003624748192596,0.025785174669355926,0.025543385804190133,0.8484848484848485,0.07252336276635658,0.75,0.7348484848484849,,,{},6182.TWO,2015-01-26,2015-01-27
0.056909867008272344,516000,0,0.03333333333333334,0.33333333333333337,1.0,D-1 estimated accounting; fill-day constraints require ledger audit,direct,V4_DIRECT_FROZEN_LINEAR_PORTFOLIO,disabled,2015-01-26,risk_on,0.016003624748192596,0.025785174669355926,0.025543385804190133,0.8484848484848485,0.07252336276635658,0.75,0.7348484848484849,,,{},6223.TWO,2015-01-26,2015-01-27
0.06230650230371305,5841000,0,-0.021212121212121217,-0.21212121212121215,1.0,D-1 estimated accounting; fill-day constraints require ledger audit,direct,V4_DIRECT_FROZEN_LINEAR_PORTFOLIO,disabled,2015-01-26,risk_on,0.016003624748192596,0.025785174669355926,0.025543385804190133,0.8484848484848485,0.07252336276635658,0.75,0.7348484848484849,,,{},8932.TWO,2015-01-26,2015-01-27
0.05503194361476785,619000,0,-0.03181818181818182,-0.31818181818181823,1.0,D-1 estimated accounting; fill-day constraints require ledger audit,direct,V4_DIRECT_FROZEN_LINEAR_PORTFOLIO,disabled,2015-01-27,risk_on,0.0160196675167898,0.018952491359400803,0.02322788585494684,0.7803030303030303,0.0721438690400744,0.7878787878787878,0.7878787878787878,,,{},2317.TW,2015-01-27,2015-01-28
0.06318685823556104,6192000,0,0.04848484848484849,0.48484848484848486,1.0,D-1 estimated accounting; fill-day constraints require ledger audit,direct,V4_DIRECT_FROZEN_LINEAR_PORTFOLIO,disabled,2015-01-27,risk_on,0.0160196675167898,0.018952491359400803,0.02322788585494684,0.7803030303030303,0.0721438690400744,0.7878787878787878,0.7878787878787878,,,{},2344.TW,2015-01-27,2015-01-28
0.013826111087474398,135000,0,0.009848484848484851,0.09848484848484851,1.0,D-1 estimated accounting; fill-day constraints require ledger audit,direct,V4_DIRECT_FROZEN_LINEAR_PORTFOLIO,disabled,2015-01-27,risk_on,0.0160196675167898,0.018952491359400803,0.02322788585494684,0.7803030303030303,0.0721438690400744,0.7878787878787878,0.7878787878787878,,,{},2379.TW,2015-01-27,2015-01-28
0.02196842104871312,515000,0,-0.02727272727272727,-0.2727272727272727,1.0,D-1 estimated accounting; fill-day constraints require ledger audit,direct,V4_DIRECT_FROZEN_LINEAR_PORTFOLIO,disabled,2015-01-27,risk_on,0.0160196675167898,0.018952491359400803,0.02322788585494684,0.7803030303030303,0.0721438690400744,0.7878787878787878,0.7878787878787878,,,{},2383.TW,2015-01-27,2015-01-28
0.06352698396957025,263000,0,0.020454545454545454,0.20454545454545453,1.0,D-1 estimated accounting; fill-day constraints require ledger audit,direct,V4_DIRECT_FROZEN_LINEAR_PORTFOLIO,disabled,2015-01-27,risk_on,0.0160196675167898,0.018952491359400803,0.02322788585494684,0.7803030303030303,0.0721438690400744,0.7878787878787878,0.7878787878787878,,,{},2395.TW,2015-01-27,2015-01-28
0.007046354820374632,402000,0,0.030303030303030304,0.30303030303030304,1.0,D-1 estimated accounting; fill-day constraints require ledger audit,direct,V4_DIRECT_FROZEN_LINEAR_PORTFOLIO,disabled,2015-01-27,risk_on,0.0160196675167898,0.018952491359400803,0.02322788585494684,0.7803030303030303,0.0721438690400744,0.7878787878787878,0.7878787878787878,,,{},2609.TW,2015-01-27,2015-01-28
0.024509085254026477,2344000,0,-0.0393939393939394,-0.3939393939393939,1.0,D-1 estimated accounting; fill-day constraints require ledger audit,direct,V4_DIRECT_FROZEN_LINEAR_PORTFOLIO,disabled,2015-01-27,risk_on,0.0160196675167898,0.018952491359400803,0.02322788585494684,0.7803030303030303,0.0721438690400744,0.7878787878787878,0.7878787878787878,,,{},2812.TW,2015-01-27,2015-01-28
0.060708066902743184,2502000,0,-0.006818181818181824,-0.06818181818181823,1.0,D-1 estimated accounting; fill-day constraints require ledger audit,direct,V4_DIRECT_FROZEN_LINEAR_PORTFOLIO,disabled,2015-01-27,risk_on,0.0160196675167898,0.018952491359400803,0.02322788585494684,0.7803030303030303,0.0721438690400744,0.7878787878787878,0.7878787878787878,,,{},2886.TW,2015-01-27,2015-01-28
0.07883974462560667,5970000,0,-0.021969696969696972,-0.21969696969696972,1.0,D-1 estimated accounting; fill-day constraints require ledger audit,direct,V4_DIRECT_FROZEN_LINEAR_PORTFOLIO,disabled,2015-01-27,risk_on,0.0160196675167898,0.018952491359400803,0.02322788585494684,0.7803030303030303,0.0721438690400744,0.7878787878787878,0.7878787878787878,,,{},2887.TW,2015-01-27,2015-01-28
0.02830271264124141,178000,178000,0.04924242424242425,0.49242424242424243,1.0,D-1 estimated accounting; fill-day constraints require ledger audit,direct,V4_DIRECT_FROZEN_LINEAR_PORTFOLIO,disabled,2015-01-27,risk_on,0.0160196675167898,0.018952491359400803,0.02322788585494684,0.7803030303030303,0.0721438690400744,0.7878787878787878,0.7878787878787878,,,{},3131.TWO,2015-01-27,2015-01-28
0.05839918838145904,1013000,0,0.037121212121212124,0.3712121212121212,1.0,D-1 estimated accounting; fill-day constraints require ledger audit,direct,V4_DIRECT_FROZEN_LINEAR_PORTFOLIO,disabled,2015-01-27,risk_on,0.0160196675167898,0.018952491359400803,0.02322788585494684,0.7803030303030303,0.0721438690400744,0.7878787878787878,0.7878787878787878,,,{},3163.TWO,2015-01-27,2015-01-28
0.0364277162048379,644000,0,0.04772727272727273,0.4772727272727273,1.0,D-1 estimated accounting; fill-day constraints require ledger audit,direct,V4_DIRECT_FROZEN_LINEAR_PORTFOLIO,disabled,2015-01-27,risk_on,0.0160196675167898,0.018952491359400803,0.02322788585494684,0.7803030303030303,0.0721438690400744,0.7878787878787878,0.7878787878787878,,,{},3260.TWO,2015-01-27,2015-01-28
0.06519927716486391,3234000,0,0.04318181818181818,0.4318181818181818,1.0,D-1 estimated accounting; fill-day constraints require ledger audit,direct,V4_DIRECT_FROZEN_LINEAR_PORTFOLIO,disabled,2015-01-27,risk_on,0.0160196675167898,0.018952491359400803,0.02322788585494684,0.7803030303030303,0.0721438690400744,0.7878787878787878,0.7878787878787878,,,{},3324.TWO,2015-01-27,2015-01-28
0.026642323846638068,860000,0,0.0393939393939394,0.3939393939393939,1.0,D-1 estimated accounting; fill-day constraints require ledger audit,direct,V4_DIRECT_FROZEN_LINEAR_PORTFOLIO,disabled,2015-01-27,risk_on,0.0160196675167898,0.018952491359400803,0.02322788585494684,0.7803030303030303,0.0721438690400744,0.7878787878787878,0.7878787878787878,,,{},3363.TWO,2015-01-27,2015-01-28
0.0,0,-275000,-0.04924242424242425,-0.49242424242424243,1.0,D-1 estimated accounting; fill-day constraints require ledger audit,direct,V4_DIRECT_FROZEN_LINEAR_PORTFOLIO,disabled,2015-01-27,risk_on,0.0160196675167898,0.018952491359400803,0.02322788585494684,0.7803030303030303,0.0721438690400744,0.7878787878787878,0.7878787878787878,,,{},3491.TWO,2015-01-27,2015-01-28
0.06551947053049038,469000,0,0.045454545454545456,0.45454545454545453,1.0,D-1 estimated accounting; fill-day constraints require ledger audit,direct,V4_DIRECT_FROZEN_LINEAR_PORTFOLIO,disabled,2015-01-27,risk_on,0.0160196675167898,0.018952491359400803,0.02322788585494684,0.7803030303030303,0.0721438690400744,0.7878787878787878,0.7878787878787878,,,{},3533.TW,2015-01-27,2015-01-28
0.012558392450935658,137000,0,0.03787878787878788,0.3787878787878788,1.0,D-1 estimated accounting; fill-day constraints require ledger audit,direct,V4_DIRECT_FROZEN_LINEAR_PORTFOLIO,disabled,2015-01-27,risk_on,0.0160196675167898,0.018952491359400803,0.02322788585494684,0.7803030303030303,0.0721438690400744,0.7878787878787878,0.7878787878787878,,,{},3661.TW,2015-01-27,2015-01-28
0.007581802758987661,71000,0,0.031060606060606063,0.3106060606060606,1.0,D-1 estimated accounting; fill-day constraints require ledger audit,direct,V4_DIRECT_FROZEN_LINEAR_PORTFOLIO,disabled,2015-01-27,risk_on,0.0160196675167898,0.018952491359400803,0.02322788585494684,0.7803030303030303,0.0721438690400744,0.7878787878787878,0.7878787878787878,,,{},3665.TW,2015-01-27,2015-01-28
0.06140379909350805,680000,0,-0.0037878787878787845,-0.037878787878787845,1.0,D-1 estimated accounting; fill-day constraints require ledger audit,direct,V4_DIRECT_FROZEN_LINEAR_PORTFOLIO,disabled,2015-01-27,risk_on,0.0160196675167898,0.018952491359400803,0.02322788585494684,0.7803030303030303,0.0721438690400744,0.7878787878787878,0.7878787878787878,,,{},4958.TW,2015-01-27,2015-01-28
0.056657194419938633,686000,0,0.02803030303030303,0.2803030303030303,1.0,D-1 estimated accounting; fill-day constraints require ledger audit,direct,V4_DIRECT_FROZEN_LINEAR_PORTFOLIO,disabled,2015-01-27,risk_on,0.0160196675167898,0.018952491359400803,0.02322788585494684,0.7803030303030303,0.0721438690400744,0.7878787878787878,0.7878787878787878,,,{},5536.TWO,2015-01-27,2015-01-28
0.054097323114351815,3904000,0,0.04621212121212121,0.4621212121212121,1.0,D-1 estimated accounting; fill-day constraints require ledger audit,direct,V4_DIRECT_FROZEN_LINEAR_PORTFOLIO,disabled,2015-01-27,risk_on,0.0160196675167898,0.018952491359400803,0.02322788585494684,0.7803030303030303,0.0721438690400744,0.7878787878787878,0.7878787878787878,,,{},6182.TWO,2015-01-27,2015-01-28
0.05606097401561661,516000,0,0.03484848484848485,0.3484848484848485,1.0,D-1 estimated accounting; fill-day constraints require ledger audit,direct,V4_DIRECT_FROZEN_LINEAR_PORTFOLIO,disabled,2015-01-27,risk_on,0.0160196675167898,0.018952491359400803,0.02322788585494684,0.7803030303030303,0.0721438690400744,0.7878787878787878,0.7878787878787878,,,{},6223.TWO,2015-01-27,2015-01-28
0.06194279834493206,5841000,0,-0.031060606060606056,-0.31060606060606055,1.0,D-1 estimated accounting; fill-day constraints require ledger audit,direct,V4_DIRECT_FROZEN_LINEAR_PORTFOLIO,disabled,2015-01-27,risk_on,0.0160196675167898,0.018952491359400803,0.02322788585494684,0.7803030303030303,0.0721438690400744,0.7878787878787878,0.7878787878787878,,,{},8932.TWO,2015-01-27,2015-01-28
0.054523093444304595,619000,0,-0.03181818181818182,-0.31818181818181823,1.0,D-1 estimated accounting; fill-day constraints require ledger audit,direct,V4_DIRECT_FROZEN_LINEAR_PORTFOLIO,disabled,2015-01-28,risk_on,0.015730791583769207,0.01324561481452069,0.014879991643376611,0.7651515151515151,0.07165772138249273,0.7727272727272727,0.7803030303030303,,,{},2317.TW,2015-01-28,2015-01-29
0.06231353360027867,6192000,0,0.04848484848484849,0.48484848484848486,1.0,D-1 estimated accounting; fill-day constraints require ledger audit,direct,V4_DIRECT_FROZEN_LINEAR_PORTFOLIO,disabled,2015-01-28,risk_on,0.015730791583769207,0.01324561481452069,0.014879991643376611,0.7651515151515151,0.07165772138249273,0.7727272727272727,0.7803030303030303,,,{},2344.TW,2015-01-28,2015-01-29
0.013540045971566607,135000,0,-0.0015151515151515138,-0.015151515151515138,1.0,D-1 estimated accounting; fill-day constraints require ledger audit,direct,V4_DIRECT_FROZEN_LINEAR_PORTFOLIO,disabled,2015-01-28,risk_on,0.015730791583769207,0.01324561481452069,0.014879991643376611,0.7651515151515151,0.07165772138249273,0.7727272727272727,0.7803030303030303,,,{},2379.TW,2015-01-28,2015-01-29
0.021988143929881472,515000,0,-0.028787878787878786,-0.28787878787878785,1.0,D-1 estimated accounting; fill-day constraints require ledger audit,direct,V4_DIRECT_FROZEN_LINEAR_PORTFOLIO,disabled,2015-01-28,risk_on,0.015730791583769207,0.01324561481452069,0.014879991643376611,0.7651515151515151,0.07165772138249273,0.7727272727272727,0.7803030303030303,,,{},2383.TW,2015-01-28,2015-01-29
0.06411168562825989,263000,0,0.01893939393939394,0.1893939393939394,1.0,D-1 estimated accounting; fill-day constraints require ledger audit,direct,V4_DIRECT_FROZEN_LINEAR_PORTFOLIO,disabled,2015-01-28,risk_on,0.015730791583769207,0.01324561481452069,0.014879991643376611,0.7651515151515151,0.07165772138249273,0.7727272727272727,0.7803030303030303,,,{},2395.TW,2015-01-28,2015-01-29
0.006972078852281033,402000,0,0.025757575757575757,0.25757575757575757,1.0,D-1 estimated accounting; fill-day constraints require ledger audit,direct,V4_DIRECT_FROZEN_LINEAR_PORTFOLIO,disabled,2015-01-28,risk_on,0.015730791583769207,0.01324561481452069,0.014879991643376611,0.7651515151515151,0.07165772138249273,0.7727272727272727,0.7803030303030303,,,{},2609.TW,2015-01-28,2015-01-29
0.0,0,-2344000,-0.03787878787878788,-0.3787878787878788,1.0,D-1 estimated accounting; fill-day constraints require ledger audit,direct,V4_DIRECT_FROZEN_LINEAR_PORTFOLIO,disabled,2015-01-28,risk_on,0.015730791583769207,0.01324561481452069,0.014879991643376611,0.7651515151515151,0.07165772138249273,0.7727272727272727,0.7803030303030303,,,{},2812.TW,2015-01-28,2015-01-29
0.06076256959034318,2502000,0,-0.006818181818181824,-0.06818181818181823,1.0,D-1 estimated accounting; fill-day constraints require ledger audit,direct,V4_DIRECT_FROZEN_LINEAR_PORTFOLIO,disabled,2015-01-28,risk_on,0.015730791583769207,0.01324561481452069,0.014879991643376611,0.7651515151515151,0.07165772138249273,0.7727272727272727,0.7803030303030303,,,{},2886.TW,2015-01-28,2015-01-29
0.07950833264270764,5970000,0,-0.023484848484848487,-0.23484848484848486,1.0,D-1 estimated accounting; fill-day constraints require ledger audit,direct,V4_DIRECT_FROZEN_LINEAR_PORTFOLIO,disabled,2015-01-28,risk_on,0.015730791583769207,0.01324561481452069,0.014879991643376611,0.7651515151515151,0.07165772138249273,0.7727272727272727,0.7803030303030303,,,{},2887.TW,2015-01-28,2015-01-29
0.028238759181543383,178000,0,0.04924242424242425,0.49242424242424243,1.0,D-1 estimated accounting; fill-day constraints require ledger audit,direct,V4_DIRECT_FROZEN_LINEAR_PORTFOLIO,disabled,2015-01-28,risk_on,0.015730791583769207,0.01324561481452069,0.014879991643376611,0.7651515151515151,0.07165772138249273,0.7727272727272727,0.7803030303030303,,,{},3131.TWO,2015-01-28,2015-01-29
0.05814718268508027,1013000,0,0.035606060606060606,0.3560606060606061,1.0,D-1 estimated accounting; fill-day constraints require ledger audit,direct,V4_DIRECT_FROZEN_LINEAR_PORTFOLIO,disabled,2015-01-28,risk_on,0.015730791583769207,0.01324561481452069,0.014879991643376611,0.7651515151515151,0.07165772138249273,0.7727272727272727,0.7803030303030303,,,{},3163.TWO,2015-01-28,2015-01-29
0.036137761811873344,644000,0,0.046969696969696974,0.4696969696969697,1.0,D-1 estimated accounting; fill-day constraints require ledger audit,direct,V4_DIRECT_FROZEN_LINEAR_PORTFOLIO,disabled,2015-01-28,risk_on,0.015730791583769207,0.01324561481452069,0.014879991643376611,0.7651515151515151,0.07165772138249273,0.7727272727272727,0.7803030303030303,,,{},3260.TWO,2015-01-28,2015-01-29
0.06444816171317844,3234000,0,0.04242424242424243,0.42424242424242425,1.0,D-1 estimated accounting; fill-day constraints require ledger audit,direct,V4_DIRECT_FROZEN_LINEAR_PORTFOLIO,disabled,2015-01-28,risk_on,0.015730791583769207,0.01324561481452069,0.014879991643376611,0.7651515151515151,0.07165772138249273,0.7727272727272727,0.7803030303030303,,,{},3324.TWO,2015-01-28,2015-01-29
0.026537004222675492,860000,0,0.03636363636363637,0.36363636363636365,1.0,D-1 estimated accounting; fill-day constraints require ledger audit,direct,V4_DIRECT_FROZEN_LINEAR_PORTFOLIO,disabled,2015-01-28,risk_on,0.015730791583769207,0.01324561481452069,0.014879991643376611,0.7651515151515151,0.07165772138249273,0.7727272727272727,0.7803030303030303,,,{},3363.TWO,2015-01-28,2015-01-29
0.06628343574933807,469000,0,0.045454545454545456,0.45454545454545453,1.0,D-1 estimated accounting; fill-day constraints require ledger audit,direct,V4_DIRECT_FROZEN_LINEAR_PORTFOLIO,disabled,2015-01-28,risk_on,0.015730791583769207,0.01324561481452069,0.014879991643376611,0.7651515151515151,0.07165772138249273,0.7727272727272727,0.7803030303030303,,,{},3533.TW,2015-01-28,2015-01-29
0.012335620789157693,137000,0,0.04015151515151515,0.4015151515151515,1.0,D-1 estimated accounting; fill-day constraints require ledger audit,direct,V4_DIRECT_FROZEN_LINEAR_PORTFOLIO,disabled,2015-01-28,risk_on,0.015730791583769207,0.01324561481452069,0.014879991643376611,0.7651515151515151,0.07165772138249273,0.7727272727272727,0.7803030303030303,,,{},3661.TW,2015-01-28,2015-01-29
0.007660200231124265,71000,0,0.023484848484848487,0.23484848484848486,1.0,D-1 estimated accounting; fill-day constraints require ledger audit,direct,V4_DIRECT_FROZEN_LINEAR_PORTFOLIO,disabled,2015-01-28,risk_on,0.015730791583769207,0.01324561481452069,0.014879991643376611,0.7651515151515151,0.07165772138249273,0.7727272727272727,0.7803030303030303,,,{},3665.TW,2015-01-28,2015-01-29
0.061731471525988325,680000,0,0.0,0.0,1.0,D-1 estimated accounting; fill-day constraints require ledger audit,direct,V4_DIRECT_FROZEN_LINEAR_PORTFOLIO,disabled,2015-01-28,risk_on,0.015730791583769207,0.01324561481452069,0.014879991643376611,0.7651515151515151,0.07165772138249273,0.7727272727272727,0.7803030303030303,,,{},4958.TW,2015-01-28,2015-01-29
0.01936747533633424,313000,313000,0.04621212121212121,0.4621212121212121,1.0,D-1 estimated accounting; fill-day constraints require ledger audit,direct,V4_DIRECT_FROZEN_LINEAR_PORTFOLIO,disabled,2015-01-28,risk_on,0.015730791583769207,0.01324561481452069,0.014879991643376611,0.7651515151515151,0.07165772138249273,0.7727272727272727,0.7803030303030303,,,{},4991.TWO,2015-01-28,2015-01-29
0.05595195283125001,686000,0,-0.0037878787878787845,-0.037878787878787845,1.0,D-1 estimated accounting; fill-day constraints require ledger audit,direct,V4_DIRECT_FROZEN_LINEAR_PORTFOLIO,disabled,2015-01-28,risk_on,0.015730791583769207,0.01324561481452069,0.014879991643376611,0.7651515151515151,0.07165772138249273,0.7727272727272727,0.7803030303030303,,,{},5536.TWO,2015-01-28,2015-01-29
0.05434136331660718,3904000,0,0.04772727272727273,0.4772727272727273,1.0,D-1 estimated accounting; fill-day constraints require ledger audit,direct,V4_DIRECT_FROZEN_LINEAR_PORTFOLIO,disabled,2015-01-28,risk_on,0.015730791583769207,0.01324561481452069,0.014879991643376611,0.7651515151515151,0.07165772138249273,0.7727272727272727,0.7803030303030303,,,{},6182.TWO,2015-01-28,2015-01-29
0.056369882061558,516000,0,0.02272727272727273,0.2272727272727273,1.0,D-1 estimated accounting; fill-day constraints require ledger audit,direct,V4_DIRECT_FROZEN_LINEAR_PORTFOLIO,disabled,2015-01-28,risk_on,0.015730791583769207,0.01324561481452069,0.014879991643376611,0.7651515151515151,0.07165772138249273,0.7727272727272727,0.7803030303030303,,,{},6223.TWO,2015-01-28,2015-01-29
0.06287574553803127,5841000,0,-0.026515151515151516,-0.26515151515151514,1.0,D-1 estimated accounting; fill-day constraints require ledger audit,direct,V4_DIRECT_FROZEN_LINEAR_PORTFOLIO,disabled,2015-01-28,risk_on,0.015730791583769207,0.01324561481452069,0.014879991643376611,0.7651515151515151,0.07165772138249273,0.7727272727272727,0.7803030303030303,,,{},8932.TWO,2015-01-28,2015-01-29
0.05412704567043009,619000,0,-0.03181818181818182,-0.31818181818181823,1.0,D-1 estimated accounting; fill-day constraints require ledger audit,direct,V4_DIRECT_FROZEN_LINEAR_PORTFOLIO,disabled,2015-01-29,risk_on,0.015838023689887105,-0.0010823363825605004,0.007908172954090076,0.45454545454545453,0.0720895480224272,0.6060606060606061,0.7045454545454546,,,{},2317.TW,2015-01-29,2015-01-30
0.0630291287886629,6192000,0,0.04848484848484849,0.48484848484848486,1.0,D-1 estimated accounting; fill-day constraints require ledger audit,direct,V4_DIRECT_FROZEN_LINEAR_PORTFOLIO,disabled,2015-01-29,risk_on,0.015838023689887105,-0.0010823363825605004,0.007908172954090076,0.45454545454545453,0.0720895480224272,0.6060606060606061,0.7045454545454546,,,{},2344.TW,2015-01-29,2015-01-30
0.0,0,-135000,-0.03333333333333334,-0.33333333333333337,1.0,D-1 estimated accounting; fill-day constraints require ledger audit,direct,V4_DIRECT_FROZEN_LINEAR_PORTFOLIO,disabled,2015-01-29,risk_on,0.015838023689887105,-0.0010823363825605004,0.007908172954090076,0.45454545454545453,0.0720895480224272,0.6060606060606061,0.7045454545454546,,,{},2379.TW,2015-01-29,2015-01-30
0.02179287610945551,515000,0,-0.012121212121212123,-0.12121212121212122,1.0,D-1 estimated accounting; fill-day constraints require ledger audit,direct,V4_DIRECT_FROZEN_LINEAR_PORTFOLIO,disabled,2015-01-29,risk_on,0.015838023689887105,-0.0010823363825605004,0.007908172954090076,0.45454545454545453,0.0720895480224272,0.6060606060606061,0.7045454545454546,,,{},2383.TW,2015-01-29,2015-01-30
0.06346472983782249,263000,0,0.018181818181818184,0.18181818181818182,1.0,D-1 estimated accounting; fill-day constraints require ledger audit,direct,V4_DIRECT_FROZEN_LINEAR_PORTFOLIO,disabled,2015-01-29,risk_on,0.015838023689887105,-0.0010823363825605004,0.007908172954090076,0.45454545454545453,0.0720895480224272,0.6060606060606061,0.7045454545454546,,,{},2395.TW,2015-01-29,2015-01-30
0.006854984931511406,402000,0,0.012878787878787878,0.12878787878787878,1.0,D-1 estimated accounting; fill-day constraints require ledger audit,direct,V4_DIRECT_FROZEN_LINEAR_PORTFOLIO,disabled,2015-01-29,risk_on,0.015838023689887105,-0.0010823363825605004,0.007908172954090076,0.45454545454545453,0.0720895480224272,0.6060606060606061,0.7045454545454546,,,{},2609.TW,2015-01-29,2015-01-30
0.061156094664905264,2502000,0,-0.004545454545454542,-0.045454545454545414,1.0,D-1 estimated accounting; fill-day constraints require ledger audit,direct,V4_DIRECT_FROZEN_LINEAR_PORTFOLIO,disabled,2015-01-29,risk_on,0.015838023689887105,-0.0010823363825605004,0.007908172954090076,0.45454545454545453,0.0720895480224272,0.6060606060606061,0.7045454545454546,,,{},2886.TW,2015-01-29,2015-01-30
0.07881990616193375,5970000,0,-0.026515151515151516,-0.26515151515151514,1.0,D-1 estimated accounting; fill-day constraints require ledger audit,direct,V4_DIRECT_FROZEN_LINEAR_PORTFOLIO,disabled,2015-01-29,risk_on,0.015838023689887105,-0.0010823363825605004,0.007908172954090076,0.45454545454545453,0.0720895480224272,0.6060606060606061,0.7045454545454546,,,{},2887.TW,2015-01-29,2015-01-30
0.024155929921249812,990000,990000,0.04621212121212121,0.4621212121212121,1.0,D-1 estimated accounting; fill-day constraints require ledger audit,direct,V4_DIRECT_FROZEN_LINEAR_PORTFOLIO,disabled,2015-01-29,risk_on,0.015838023689887105,-0.0010823363825605004,0.007908172954090076,0.45454545454545453,0.0720895480224272,0.6060606060606061,0.7045454545454546,,,{},3017.TW,2015-01-29,2015-01-30
0.028241761948346707,178000,0,0.04924242424242425,0.49242424242424243,1.0,D-1 estimated accounting; fill-day constraints require ledger audit,direct,V4_DIRECT_FROZEN_LINEAR_PORTFOLIO,disabled,2015-01-29,risk_on,0.015838023689887105,-0.0010823363825605004,0.007908172954090076,0.45454545454545453,0.0720895480224272,0.6060606060606061,0.7045454545454546,,,{},3131.TWO,2015-01-29,2015-01-30
0.05780881930386467,1013000,0,0.03333333333333334,0.33333333333333337,1.0,D-1 estimated accounting; fill-day constraints require ledger audit,direct,V4_DIRECT_FROZEN_LINEAR_PORTFOLIO,disabled,2015-01-29,risk_on,0.015838023689887105,-0.0010823363825605004,0.007908172954090076,0.45454545454545453,0.0720895480224272,0.6060606060606061,0.7045454545454546,,,{},3163.TWO,2015-01-29,2015-01-30
0.035852208595306315,644000,0,0.045454545454545456,0.45454545454545453,1.0,D-1 estimated accounting; fill-day constraints require ledger audit,direct,V4_DIRECT_FROZEN_LINEAR_PORTFOLIO,disabled,2015-01-29,risk_on,0.015838023689887105,-0.0010823363825605004,0.007908172954090076,0.45454545454545453,0.0720895480224272,0.6060606060606061,0.7045454545454546,,,{},3260.TWO,2015-01-29,2015-01-30
0.064702577515576,3234000,0,0.04166666666666667,0.4166666666666667,1.0,D-1 estimated accounting; fill-day constraints require ledger audit,direct,V4_DIRECT_FROZEN_LINEAR_PORTFOLIO,disabled,2015-01-29,risk_on,0.015838023689887105,-0.0010823363825605004,0.007908172954090076,0.45454545454545453,0.0720895480224272,0.6060606060606061,0.7045454545454546,,,{},3324.TWO,2015-01-29,2015-01-30
0.02683894517458991,860000,0,0.038636363636363635,0.38636363636363635,1.0,D-1 estimated accounting; fill-day constraints require ledger audit,direct,V4_DIRECT_FROZEN_LINEAR_PORTFOLIO,disabled,2015-01-29,risk_on,0.015838023689887105,-0.0010823363825605004,0.007908172954090076,0.45454545454545453,0.0720895480224272,0.6060606060606061,0.7045454545454546,,,{},3363.TWO,2015-01-29,2015-01-30
0.06576643671180861,469000,0,0.04318181818181818,0.4318181818181818,1.0,D-1 estimated accounting; fill-day constraints require ledger audit,direct,V4_DIRECT_FROZEN_LINEAR_PORTFOLIO,disabled,2015-01-29,risk_on,0.015838023689887105,-0.0010823363825605004,0.007908172954090076,0.45454545454545453,0.0720895480224272,0.6060606060606061,0.7045454545454546,,,{},3533.TW,2015-01-29,2015-01-30
0.0122215193144775,137000,0,0.04242424242424243,0.42424242424242425,1.0,D-1 estimated accounting; fill-day constraints require ledger audit,direct,V4_DIRECT_FROZEN_LINEAR_PORTFOLIO,disabled,2015-01-29,risk_on,0.015838023689887105,-0.0010823363825605004,0.007908172954090076,0.45454545454545453,0.0720895480224272,0.6060606060606061,0.7045454545454546,,,{},3661.TW,2015-01-29,2015-01-30
0.007601729587213555,71000,0,0.021969696969696972,0.21969696969696972,1.0,D-1 estimated accounting; fill-day constraints require ledger audit,direct,V4_DIRECT_FROZEN_LINEAR_PORTFOLIO,disabled,2015-01-29,risk_on,0.015838023689887105,-0.0010823363825605004,0.007908172954090076,0.45454545454545453,0.0720895480224272,0.6060606060606061,0.7045454545454546,,,{},3665.TW,2015-01-29,2015-01-30
0.062062694072308834,680000,0,0.004545454545454547,0.04545454545454547,1.0,D-1 estimated accounting; fill-day constraints require ledger audit,direct,V4_DIRECT_FROZEN_LINEAR_PORTFOLIO,disabled,2015-01-29,risk_on,0.015838023689887105,-0.0010823363825605004,0.007908172954090076,0.45454545454545453,0.0720895480224272,0.6060606060606061,0.7045454545454546,,,{},4958.TW,2015-01-29,2015-01-30
0.019461314565529884,313000,0,0.046969696969696974,0.4696969696969697,1.0,D-1 estimated accounting; fill-day constraints require ledger audit,direct,V4_DIRECT_FROZEN_LINEAR_PORTFOLIO,disabled,2015-01-29,risk_on,0.015838023689887105,-0.0010823363825605004,0.007908172954090076,0.45454545454545453,0.0720895480224272,0.6060606060606061,0.7045454545454546,,,{},4991.TWO,2015-01-29,2015-01-30
0.055830046741511145,686000,0,-0.02954545454545454,-0.2954545454545454,1.0,D-1 estimated accounting; fill-day constraints require ledger audit,direct,V4_DIRECT_FROZEN_LINEAR_PORTFOLIO,disabled,2015-01-29,risk_on,0.015838023689887105,-0.0010823363825605004,0.007908172954090076,0.45454545454545453,0.0720895480224272,0.6060606060606061,0.7045454545454546,,,{},5536.TWO,2015-01-29,2015-01-30
0.054299824848864815,3904000,0,0.04772727272727273,0.4772727272727273,1.0,D-1 estimated accounting; fill-day constraints require ledger audit,direct,V4_DIRECT_FROZEN_LINEAR_PORTFOLIO,disabled,2015-01-29,risk_on,0.015838023689887105,-0.0010823363825605004,0.007908172954090076,0.45454545454545453,0.0720895480224272,0.6060606060606061,0.7045454545454546,,,{},6182.TWO,2015-01-29,2015-01-30
0.056734958163356955,516000,0,-0.02045454545454546,-0.20454545454545459,1.0,D-1 estimated accounting; fill-day constraints require ledger audit,direct,V4_DIRECT_FROZEN_LINEAR_PORTFOLIO,disabled,2015-01-29,risk_on,0.015838023689887105,-0.0010823363825605004,0.007908172954090076,0.45454545454545453,0.0720895480224272,0.6060606060606061,0.7045454545454546,,,{},6223.TWO,2015-01-29,2015-01-30
0.06416597446490797,5841000,0,-0.018181818181818177,-0.18181818181818177,1.0,D-1 estimated accounting; fill-day constraints require ledger audit,direct,V4_DIRECT_FROZEN_LINEAR_PORTFOLIO,disabled,2015-01-29,risk_on,0.015838023689887105,-0.0010823363825605004,0.007908172954090076,0.45454545454545453,0.0720895480224272,0.6060606060606061,0.7045454545454546,,,{},8932.TWO,2015-01-29,2015-01-30
0.05431123116612661,619000,0,-0.024242424242424246,-0.24242424242424243,1.0,D-1 estimated accounting; fill-day constraints require ledger audit,direct,V4_DIRECT_FROZEN_LINEAR_PORTFOLIO,disabled,2015-01-30,neutral,0.015752326251133007,-0.007462678504802367,-0.0010881547202435948,0.3106060606060606,0.07145083649373657,0.5151515151515151,0.6666666666666666,,,{},2317.TW,2015-01-30,2015-02-02
0.0629305194577277,6192000,0,0.04848484848484849,0.48484848484848486,1.0,D-1 estimated accounting; fill-day constraints require ledger audit,direct,V4_DIRECT_FROZEN_LINEAR_PORTFOLIO,disabled,2015-01-30,neutral,0.015752326251133007,-0.007462678504802367,-0.0010881547202435948,0.3106060606060606,0.07145083649373657,0.5151515151515151,0.6666666666666666,,,{},2344.TW,2015-01-30,2015-02-02
0.022231918655998335,515000,0,-0.0030303030303030277,-0.030303030303030276,1.0,D-1 estimated accounting; fill-day constraints require ledger audit,direct,V4_DIRECT_FROZEN_LINEAR_PORTFOLIO,disabled,2015-01-30,neutral,0.015752326251133007,-0.007462678504802367,-0.0010881547202435948,0.3106060606060606,0.07145083649373657,0.5151515151515151,0.6666666666666666,,,{},2383.TW,2015-01-30,2015-02-02
0.06341424354613653,263000,0,-0.0015151515151515138,-0.015151515151515138,1.0,D-1 estimated accounting; fill-day constraints require ledger audit,direct,V4_DIRECT_FROZEN_LINEAR_PORTFOLIO,disabled,2015-01-30,neutral,0.015752326251133007,-0.007462678504802367,-0.0010881547202435948,0.3106060606060606,0.07145083649373657,0.5151515151515151,0.6666666666666666,,,{},2395.TW,2015-01-30,2015-02-02
0.006878311325589705,402000,0,0.0060606060606060615,0.06060606060606061,1.0,D-1 estimated accounting; fill-day constraints require ledger audit,direct,V4_DIRECT_FROZEN_LINEAR_PORTFOLIO,disabled,2015-01-30,neutral,0.015752326251133007,-0.007462678504802367,-0.0010881547202435948,0.3106060606060606,0.07145083649373657,0.5151515151515151,0.6666666666666666,,,{},2609.TW,2015-01-30,2015-02-02
0.06123767474488226,2502000,0,-0.011363636363636366,-0.11363636363636365,1.0,D-1 estimated accounting; fill-day constraints require ledger audit,direct,V4_DIRECT_FROZEN_LINEAR_PORTFOLIO,disabled,2015-01-30,neutral,0.015752326251133007,-0.007462678504802367,-0.0010881547202435948,0.3106060606060606,0.07145083649373657,0.5151515151515151,0.6666666666666666,,,{},2886.TW,2015-01-30,2015-02-02
0.0781825282978664,5970000,0,-0.02045454545454546,-0.20454545454545459,1.0,D-1 estimated accounting; fill-day constraints require ledger audit,direct,V4_DIRECT_FROZEN_LINEAR_PORTFOLIO,disabled,2015-01-30,neutral,0.015752326251133007,-0.007462678504802367,-0.0010881547202435948,0.3106060606060606,0.07145083649373657,0.5151515151515151,0.6666666666666666,,,{},2887.TW,2015-01-30,2015-02-02
0.024288207383427195,990000,0,0.04772727272727273,0.4772727272727273,1.0,D-1 estimated accounting; fill-day constraints require ledger audit,direct,V4_DIRECT_FROZEN_LINEAR_PORTFOLIO,disabled,2015-01-30,neutral,0.015752326251133007,-0.007462678504802367,-0.0010881547202435948,0.3106060606060606,0.07145083649373657,0.5151515151515151,0.6666666666666666,,,{},3017.TW,2015-01-30,2015-02-02
0.028157368102079597,178000,0,0.04924242424242425,0.49242424242424243,1.0,D-1 estimated accounting; fill-day constraints require ledger audit,direct,V4_DIRECT_FROZEN_LINEAR_PORTFOLIO,disabled,2015-01-30,neutral,0.015752326251133007,-0.007462678504802367,-0.0010881547202435948,0.3106060606060606,0.07145083649373657,0.5151515151515151,0.6666666666666666,,,{},3131.TWO,2015-01-30,2015-02-02
0.05780056672521054,1013000,0,0.024242424242424246,0.24242424242424243,1.0,D-1 estimated accounting; fill-day constraints require ledger audit,direct,V4_DIRECT_FROZEN_LINEAR_PORTFOLIO,disabled,2015-01-30,neutral,0.015752326251133007,-0.007462678504802367,-0.0010881547202435948,0.3106060606060606,0.07145083649373657,0.5151515151515151,0.6666666666666666,,,{},3163.TWO,2015-01-30,2015-02-02
0.03564835447374594,644000,0,0.04090909090909091,0.40909090909090906,1.0,D-1 estimated accounting; fill-day constraints require ledger audit,direct,V4_DIRECT_FROZEN_LINEAR_PORTFOLIO,disabled,2015-01-30,neutral,0.015752326251133007,-0.007462678504802367,-0.0010881547202435948,0.3106060606060606,0.07145083649373657,0.5151515151515151,0.6666666666666666,,,{},3260.TWO,2015-01-30,2015-02-02
0.0649227498188107,3234000,0,0.038636363636363635,0.38636363636363635,1.0,D-1 estimated accounting; fill-day constraints require ledger audit,direct,V4_DIRECT_FROZEN_LINEAR_PORTFOLIO,disabled,2015-01-30,neutral,0.015752326251133007,-0.007462678504802367,-0.0010881547202435948,0.3106060606060606,0.07145083649373657,0.5151515151515151,0.6666666666666666,,,{},3324.TWO,2015-01-30,2015-02-02
0.026756249335418533,860000,0,0.031060606060606063,0.3106060606060606,1.0,D-1 estimated accounting; fill-day constraints require ledger audit,direct,V4_DIRECT_FROZEN_LINEAR_PORTFOLIO,disabled,2015-01-30,neutral,0.015752326251133007,-0.007462678504802367,-0.0010881547202435948,0.3106060606060606,0.07145083649373657,0.5151515151515151,0.6666666666666666,,,{},3363.TWO,2015-01-30,2015-02-02
0.06599022915412503,469000,0,0.03787878787878788,0.3787878787878788,1.0,D-1 estimated accounting; fill-day constraints require ledger audit,direct,V4_DIRECT_FROZEN_LINEAR_PORTFOLIO,disabled,2015-01-30,neutral,0.015752326251133007,-0.007462678504802367,-0.0010881547202435948,0.3106060606060606,0.07145083649373657,0.5151515151515151,0.6666666666666666,,,{},3533.TW,2015-01-30,2015-02-02
0.011748668413274342,137000,0,0.028787878787878786,0.28787878787878785,1.0,D-1 estimated accounting; fill-day constraints require ledger audit,direct,V4_DIRECT_FROZEN_LINEAR_PORTFOLIO,disabled,2015-01-30,neutral,0.015752326251133007,-0.007462678504802367,-0.0010881547202435948,0.3106060606060606,0.07145083649373657,0.5151515151515151,0.6666666666666666,,,{},3661.TW,2015-01-30,2015-02-02
0.007627597031387342,71000,0,0.035606060606060606,0.3560606060606061,1.0,D-1 estimated accounting; fill-day constraints require ledger audit,direct,V4_DIRECT_FROZEN_LINEAR_PORTFOLIO,disabled,2015-01-30,neutral,0.015752326251133007,-0.007462678504802367,-0.0010881547202435948,0.3106060606060606,0.07145083649373657,0.5151515151515151,0.6666666666666666,,,{},3665.TW,2015-01-30,2015-02-02
0.01414830391722626,263000,263000,0.046969696969696974,0.4696969696969697,1.0,D-1 estimated accounting; fill-day constraints require ledger audit,direct,V4_DIRECT_FROZEN_LINEAR_PORTFOLIO,disabled,2015-01-30,neutral,0.015752326251133007,-0.007462678504802367,-0.0010881547202435948,0.3106060606060606,0.07145083649373657,0.5151515151515151,0.6666666666666666,,,{},3680.TWO,2015-01-30,2015-02-02
0.06144815223430435,680000,0,0.03181818181818182,0.3181818181818182,1.0,D-1 estimated accounting; fill-day constraints require ledger audit,direct,V4_DIRECT_FROZEN_LINEAR_PORTFOLIO,disabled,2015-01-30,neutral,0.015752326251133007,-0.007462678504802367,-0.0010881547202435948,0.3106060606060606,0.07145083649373657,0.5151515151515151,0.6666666666666666,,,{},4958.TW,2015-01-30,2015-02-02
0.019495837691234655,313000,0,0.04621212121212121,0.4621212121212121,1.0,D-1 estimated accounting; fill-day constraints require ledger audit,direct,V4_DIRECT_FROZEN_LINEAR_PORTFOLIO,disabled,2015-01-30,neutral,0.015752326251133007,-0.007462678504802367,-0.0010881547202435948,0.3106060606060606,0.07145083649373657,0.5151515151515151,0.6666666666666666,,,{},4991.TWO,2015-01-30,2015-02-02
0.0,0,-686000,-0.03636363636363637,-0.36363636363636365,1.0,D-1 estimated accounting; fill-day constraints require ledger audit,direct,V4_DIRECT_FROZEN_LINEAR_PORTFOLIO,disabled,2015-01-30,neutral,0.015752326251133007,-0.007462678504802367,-0.0010881547202435948,0.3106060606060606,0.07145083649373657,0.5151515151515151,0.6666666666666666,,,{},5536.TWO,2015-01-30,2015-02-02
0.056063862002258526,3904000,0,0.02121212121212121,0.2121212121212121,1.0,D-1 estimated accounting; fill-day constraints require ledger audit,direct,V4_DIRECT_FROZEN_LINEAR_PORTFOLIO,disabled,2015-01-30,neutral,0.015752326251133007,-0.007462678504802367,-0.0010881547202435948,0.3106060606060606,0.07145083649373657,0.5151515151515151,0.6666666666666666,,,{},6182.TWO,2015-01-30,2015-02-02
0.0566668802622483,516000,0,-0.025757575757575757,-0.25757575757575757,1.0,D-1 estimated accounting; fill-day constraints require ledger audit,direct,V4_DIRECT_FROZEN_LINEAR_PORTFOLIO,disabled,2015-01-30,neutral,0.015752326251133007,-0.007462678504802367,-0.0010881547202435948,0.3106060606060606,0.07145083649373657,0.5151515151515151,0.6666666666666666,,,{},6223.TWO,2015-01-30,2015-02-02
0.06379363895344459,5841000,0,0.006818181818181818,0.06818181818181818,1.0,D-1 estimated accounting; fill-day constraints require ledger audit,direct,V4_DIRECT_FROZEN_LINEAR_PORTFOLIO,disabled,2015-01-30,neutral,0.015752326251133007,-0.007462678504802367,-0.0010881547202435948,0.3106060606060606,0.07145083649373657,0.5151515151515151,0.6666666666666666,,,{},8932.TWO,2015-01-30,2015-02-02
0.05192055620819779,1940000,1940000,0.045454545454545456,0.45454545454545453,1.0,D-1 estimated accounting; fill-day constraints require ledger audit,direct,V4_DIRECT_FROZEN_LINEAR_PORTFOLIO,disabled,2015-02-02,neutral,0.01584217996151608,-0.008307865439389384,0.003441920101944662,0.2727272727272727,0.06941796690546537,0.5151515151515151,0.6742424242424242,,,{},1785.TWO,2015-02-02,2015-02-03
0.05451642378614823,619000,0,-0.011363636363636366,-0.11363636363636365,1.0,D-1 estimated accounting; fill-day constraints require ledger audit,direct,V4_DIRECT_FROZEN_LINEAR_PORTFOLIO,disabled,2015-02-02,neutral,0.01584217996151608,-0.008307865439389384,0.003441920101944662,0.2727272727272727,0.06941796690546537,0.5151515151515151,0.6742424242424242,,,{},2317.TW,2015-02-02,2015-02-03
0.06293633432544933,6192000,0,0.04848484848484849,0.48484848484848486,1.0,D-1 estimated accounting; fill-day constraints require ledger audit,direct,V4_DIRECT_FROZEN_LINEAR_PORTFOLIO,disabled,2015-02-02,neutral,0.01584217996151608,-0.008307865439389384,0.003441920101944662,0.2727272727272727,0.06941796690546537,0.5151515151515151,0.6742424242424242,,,{},2344.TW,2015-02-02,2015-02-03
0.021895511246314725,515000,0,-0.02272727272727273,-0.2272727272727273,1.0,D-1 estimated accounting; fill-day constraints require ledger audit,direct,V4_DIRECT_FROZEN_LINEAR_PORTFOLIO,disabled,2015-02-02,neutral,0.01584217996151608,-0.008307865439389384,0.003441920101944662,0.2727272727272727,0.06941796690546537,0.5151515151515151,0.6742424242424242,,,{},2383.TW,2015-02-02,2015-02-03
0.06460521897490824,263000,0,-0.017424242424242422,-0.1742424242424242,1.0,D-1 estimated accounting; fill-day constraints require ledger audit,direct,V4_DIRECT_FROZEN_LINEAR_PORTFOLIO,disabled,2015-02-02,neutral,0.01584217996151608,-0.008307865439389384,0.003441920101944662,0.2727272727272727,0.06941796690546537,0.5151515151515151,0.6742424242424242,,,{},2395.TW,2015-02-02,2015-02-03
0.006633623821141972,402000,0,0.01515151515151515,0.1515151515151515,1.0,D-1 estimated accounting; fill-day constraints require ledger audit,direct,V4_DIRECT_FROZEN_LINEAR_PORTFOLIO,disabled,2015-02-02,neutral,0.01584217996151608,-0.008307865439389384,0.003441920101944662,0.2727272727272727,0.06941796690546537,0.5151515151515151,0.6742424242424242,,,{},2609.TW,2015-02-02,2015-02-03
0.06212034416728011,2502000,0,-0.014393939393939393,-0.14393939393939392,1.0,D-1 estimated accounting; fill-day constraints require ledger audit,direct,V4_DIRECT_FROZEN_LINEAR_PORTFOLIO,disabled,2015-02-02,neutral,0.01584217996151608,-0.008307865439389384,0.003441920101944662,0.2727272727272727,0.06941796690546537,0.5151515151515151,0.6742424242424242,,,{},2886.TW,2015-02-02,2015-02-03
0.08017788107023871,5970000,0,-0.012878787878787878,-0.12878787878787878,1.0,D-1 estimated accounting; fill-day constraints require ledger audit,direct,V4_DIRECT_FROZEN_LINEAR_PORTFOLIO,disabled,2015-02-02,neutral,0.01584217996151608,-0.008307865439389384,0.003441920101944662,0.2727272727272727,0.06941796690546537,0.5151515151515151,0.6742424242424242,,,{},2887.TW,2015-02-02,2015-02-03
0.024033266592586578,990000,0,0.046969696969696974,0.4696969696969697,1.0,D-1 estimated accounting; fill-day constraints require ledger audit,direct,V4_DIRECT_FROZEN_LINEAR_PORTFOLIO,disabled,2015-02-02,neutral,0.01584217996151608,-0.008307865439389384,0.003441920101944662,0.2727272727272727,0.06941796690546537,0.5151515151515151,0.6742424242424242,,,{},3017.TW,2015-02-02,2015-02-03
0.02832909883038407,178000,0,0.04924242424242425,0.49242424242424243,1.0,D-1 estimated accounting; fill-day constraints require ledger audit,direct,V4_DIRECT_FROZEN_LINEAR_PORTFOLIO,disabled,2015-02-02,neutral,0.01584217996151608,-0.008307865439389384,0.003441920101944662,0.2727272727272727,0.06941796690546537,0.5151515151515151,0.6742424242424242,,,{},3131.TWO,2015-02-02,2015-02-03
0.05722511536252895,1013000,0,0.018181818181818184,0.18181818181818182,1.0,D-1 estimated accounting; fill-day constraints require ledger audit,direct,V4_DIRECT_FROZEN_LINEAR_PORTFOLIO,disabled,2015-02-02,neutral,0.01584217996151608,-0.008307865439389384,0.003441920101944662,0.2727272727272727,0.06941796690546537,0.5151515151515151,0.6742424242424242,,,{},3163.TWO,2015-02-02,2015-02-03
0.0362591812845254,644000,0,0.03636363636363637,0.36363636363636365,1.0,D-1 estimated accounting; fill-day constraints require ledger audit,direct,V4_DIRECT_FROZEN_LINEAR_PORTFOLIO,disabled,2015-02-02,neutral,0.01584217996151608,-0.008307865439389384,0.003441920101944662,0.2727272727272727,0.06941796690546537,0.5151515151515151,0.6742424242424242,,,{},3260.TWO,2015-02-02,2015-02-03
0.06416699591518017,3234000,0,0.03181818181818182,0.3181818181818182,1.0,D-1 estimated accounting; fill-day constraints require ledger audit,direct,V4_DIRECT_FROZEN_LINEAR_PORTFOLIO,disabled,2015-02-02,neutral,0.01584217996151608,-0.008307865439389384,0.003441920101944662,0.2727272727272727,0.06941796690546537,0.5151515151515151,0.6742424242424242,,,{},3324.TWO,2015-02-02,2015-02-03
0.026831891816047886,860000,0,0.023484848484848487,0.23484848484848486,1.0,D-1 estimated accounting; fill-day constraints require ledger audit,direct,V4_DIRECT_FROZEN_LINEAR_PORTFOLIO,disabled,2015-02-02,neutral,0.01584217996151608,-0.008307865439389384,0.003441920101944662,0.2727272727272727,0.06941796690546537,0.5151515151515151,0.6742424242424242,,,{},3363.TWO,2015-02-02,2015-02-03
0.06519858774933981,469000,0,0.025,0.25,1.0,D-1 estimated accounting; fill-day constraints require ledger audit,direct,V4_DIRECT_FROZEN_LINEAR_PORTFOLIO,disabled,2015-02-02,neutral,0.01584217996151608,-0.008307865439389384,0.003441920101944662,0.2727272727272727,0.06941796690546537,0.5151515151515151,0.6742424242424242,,,{},3533.TW,2015-02-02,2015-02-03
0.01099499876497076,137000,0,0.002272727272727271,0.022727272727272707,1.0,D-1 estimated accounting; fill-day constraints require ledger audit,direct,V4_DIRECT_FROZEN_LINEAR_PORTFOLIO,disabled,2015-02-02,neutral,0.01584217996151608,-0.008307865439389384,0.003441920101944662,0.2727272727272727,0.06941796690546537,0.5151515151515151,0.6742424242424242,,,{},3661.TW,2015-02-02,2015-02-03
0.00763774723368198,71000,0,0.031060606060606063,0.3106060606060606,1.0,D-1 estimated accounting; fill-day constraints require ledger audit,direct,V4_DIRECT_FROZEN_LINEAR_PORTFOLIO,disabled,2015-02-02,neutral,0.01584217996151608,-0.008307865439389384,0.003441920101944662,0.2727272727272727,0.06941796690546537,0.5151515151515151,0.6742424242424242,,,{},3665.TW,2015-02-02,2015-02-03
0.01412736531111064,263000,0,0.04772727272727273,0.4772727272727273,1.0,D-1 estimated accounting; fill-day constraints require ledger audit,direct,V4_DIRECT_FROZEN_LINEAR_PORTFOLIO,disabled,2015-02-02,neutral,0.01584217996151608,-0.008307865439389384,0.003441920101944662,0.2727272727272727,0.06941796690546537,0.5151515151515151,0.6742424242424242,,,{},3680.TWO,2015-02-02,2015-02-03
0.061753691606105415,680000,0,0.04090909090909091,0.40909090909090906,1.0,D-1 estimated accounting; fill-day constraints require ledger audit,direct,V4_DIRECT_FROZEN_LINEAR_PORTFOLIO,disabled,2015-02-02,neutral,0.01584217996151608,-0.008307865439389384,0.003441920101944662,0.2727272727272727,0.06941796690546537,0.5151515151515151,0.6742424242424242,,,{},4958.TW,2015-02-02,2015-02-03
0.019455272623818496,313000,0,0.04621212121212121,0.4621212121212121,1.0,D-1 estimated accounting; fill-day constraints require ledger audit,direct,V4_DIRECT_FROZEN_LINEAR_PORTFOLIO,disabled,2015-02-02,neutral,0.01584217996151608,-0.008307865439389384,0.003441920101944662,0.2727272727272727,0.06941796690546537,0.5151515151515151,0.6742424242424242,,,{},4991.TWO,2015-02-02,2015-02-03
0.055809957540919566,3904000,0,0.01666666666666667,0.16666666666666669,1.0,D-1 estimated accounting; fill-day constraints require ledger audit,direct,V4_DIRECT_FROZEN_LINEAR_PORTFOLIO,disabled,2015-02-02,neutral,0.01584217996151608,-0.008307865439389384,0.003441920101944662,0.2727272727272727,0.06941796690546537,0.5151515151515151,0.6742424242424242,,,{},6182.TWO,2015-02-02,2015-02-03
0.0,0,-516000,-0.03484848484848485,-0.3484848484848485,1.0,D-1 estimated accounting; fill-day constraints require ledger audit,direct,V4_DIRECT_FROZEN_LINEAR_PORTFOLIO,disabled,2015-02-02,neutral,0.01584217996151608,-0.008307865439389384,0.003441920101944662,0.2727272727272727,0.06941796690546537,0.5151515151515151,0.6742424242424242,,,{},6223.TWO,2015-02-02,2015-02-03
0.06418271395644029,5841000,0,0.012121212121212123,0.12121212121212122,1.0,D-1 estimated accounting; fill-day constraints require ledger audit,direct,V4_DIRECT_FROZEN_LINEAR_PORTFOLIO,disabled,2015-02-02,neutral,0.01584217996151608,-0.008307865439389384,0.003441920101944662,0.2727272727272727,0.06941796690546537,0.5151515151515151,0.6742424242424242,,,{},8932.TWO,2015-02-02,2015-02-03
0.05266656270082111,1940000,0,0.038636363636363635,0.38636363636363635,1.0,D-1 estimated accounting; fill-day constraints require ledger audit,direct,V4_DIRECT_FROZEN_LINEAR_PORTFOLIO,disabled,2015-02-03,neutral,0.015110405421757681,-0.00848433591852149,0.02120559274995848,0.29545454545454547,0.07073480469187848,0.5454545454545454,0.696969696969697,,,{},1785.TWO,2015-02-03,2015-02-04
0.05493514622336123,619000,0,0.004545454545454547,0.04545454545454547,1.0,D-1 estimated accounting; fill-day constraints require ledger audit,direct,V4_DIRECT_FROZEN_LINEAR_PORTFOLIO,disabled,2015-02-03,neutral,0.015110405421757681,-0.00848433591852149,0.02120559274995848,0.29545454545454547,0.07073480469187848,0.5454545454545454,0.696969696969697,,,{},2317.TW,2015-02-03,2015-02-04
0.06440023055296097,6192000,0,0.045454545454545456,0.45454545454545453,1.0,D-1 estimated accounting; fill-day constraints require ledger audit,direct,V4_DIRECT_FROZEN_LINEAR_PORTFOLIO,disabled,2015-02-03,neutral,0.015110405421757681,-0.00848433591852149,0.02120559274995848,0.29545454545454547,0.07073480469187848,0.5454545454545454,0.696969696969697,,,{},2344.TW,2015-02-03,2015-02-04
0.0,0,-515000,-0.015909090909090907,-0.15909090909090906,1.0,D-1 estimated accounting; fill-day constraints require ledger audit,direct,V4_DIRECT_FROZEN_LINEAR_PORTFOLIO,disabled,2015-02-03,neutral,0.015110405421757681,-0.00848433591852149,0.02120559274995848,0.29545454545454547,0.07073480469187848,0.5454545454545454,0.696969696969697,,,{},2383.TW,2015-02-03,2015-02-04
0.06496574672227605,263000,0,-0.0037878787878787845,-0.037878787878787845,1.0,D-1 estimated accounting; fill-day constraints require ledger audit,direct,V4_DIRECT_FROZEN_LINEAR_PORTFOLIO,disabled,2015-02-03,neutral,0.015110405421757681,-0.00848433591852149,0.02120559274995848,0.29545454545454547,0.07073480469187848,0.5454545454545454,0.696969696969697,,,{},2395.TW,2015-02-03,2015-02-04
0.006656578080886024,402000,0,0.02727272727272727,0.2727272727272727,1.0,D-1 estimated accounting; fill-day constraints require ledger audit,direct,V4_DIRECT_FROZEN_LINEAR_PORTFOLIO,disabled,2015-02-03,neutral,0.015110405421757681,-0.00848433591852149,0.02120559274995848,0.29545454545454547,0.07073480469187848,0.5454545454545454,0.696969696969697,,,{},2609.TW,2015-02-03,2015-02-04
0.06157201557746735,2502000,0,0.0015151515151515138,0.015151515151515138,1.0,D-1 estimated accounting; fill-day constraints require ledger audit,direct,V4_DIRECT_FROZEN_LINEAR_PORTFOLIO,disabled,2015-02-03,neutral,0.015110405421757681,-0.00848433591852149,0.02120559274995848,0.29545454545454547,0.07073480469187848,0.5454545454545454,0.696969696969697,,,{},2886.TW,2015-02-03,2015-02-04
0.07965884350567841,5970000,0,-0.0007575757575757569,-0.007575757575757569,1.0,D-1 estimated accounting; fill-day constraints require ledger audit,direct,V4_DIRECT_FROZEN_LINEAR_PORTFOLIO,disabled,2015-02-03,neutral,0.015110405421757681,-0.00848433591852149,0.02120559274995848,0.29545454545454547,0.07073480469187848,0.5454545454545454,0.696969696969697,,,{},2887.TW,2015-02-03,2015-02-04
0.02381772997936018,990000,0,0.04772727272727273,0.4772727272727273,1.0,D-1 estimated accounting; fill-day constraints require ledger audit,direct,V4_DIRECT_FROZEN_LINEAR_PORTFOLIO,disabled,2015-02-03,neutral,0.015110405421757681,-0.00848433591852149,0.02120559274995848,0.29545454545454547,0.07073480469187848,0.5454545454545454,0.696969696969697,,,{},3017.TW,2015-02-03,2015-02-04
0.028162172563599156,178000,0,0.04924242424242425,0.49242424242424243,1.0,D-1 estimated accounting; fill-day constraints require ledger audit,direct,V4_DIRECT_FROZEN_LINEAR_PORTFOLIO,disabled,2015-02-03,neutral,0.015110405421757681,-0.00848433591852149,0.02120559274995848,0.29545454545454547,0.07073480469187848,0.5454545454545454,0.696969696969697,,,{},3131.TWO,2015-02-03,2015-02-04
0.05737933272594926,1013000,0,0.02121212121212121,0.2121212121212121,1.0,D-1 estimated accounting; fill-day constraints require ledger audit,direct,V4_DIRECT_FROZEN_LINEAR_PORTFOLIO,disabled,2015-02-03,neutral,0.015110405421757681,-0.00848433591852149,0.02120559274995848,0.29545454545454547,0.07073480469187848,0.5454545454545454,0.696969696969697,,,{},3163.TWO,2015-02-03,2015-02-04
0.03583447298061672,644000,0,0.028787878787878786,0.28787878787878785,1.0,D-1 estimated accounting; fill-day constraints require ledger audit,direct,V4_DIRECT_FROZEN_LINEAR_PORTFOLIO,disabled,2015-02-03,neutral,0.015110405421757681,-0.00848433591852149,0.02120559274995848,0.29545454545454547,0.07073480469187848,0.5454545454545454,0.696969696969697,,,{},3260.TWO,2015-02-03,2015-02-04
0.06399400756791586,3234000,0,0.04621212121212121,0.4621212121212121,1.0,D-1 estimated accounting; fill-day constraints require ledger audit,direct,V4_DIRECT_FROZEN_LINEAR_PORTFOLIO,disabled,2015-02-03,neutral,0.015110405421757681,-0.00848433591852149,0.02120559274995848,0.29545454545454547,0.07073480469187848,0.5454545454545454,0.696969696969697,,,{},3324.TWO,2015-02-03,2015-02-04
0.026846862361319137,860000,0,0.0196969696969697,0.19696969696969696,1.0,D-1 estimated accounting; fill-day constraints require ledger audit,direct,V4_DIRECT_FROZEN_LINEAR_PORTFOLIO,disabled,2015-02-03,neutral,0.015110405421757681,-0.00848433591852149,0.02120559274995848,0.29545454545454547,0.07073480469187848,0.5454545454545454,0.696969696969697,,,{},3363.TWO,2015-02-03,2015-02-04
0.06526099714662355,469000,0,0.018181818181818184,0.18181818181818182,1.0,D-1 estimated accounting; fill-day constraints require ledger audit,direct,V4_DIRECT_FROZEN_LINEAR_PORTFOLIO,disabled,2015-02-03,neutral,0.015110405421757681,-0.00848433591852149,0.02120559274995848,0.29545454545454547,0.07073480469187848,0.5454545454545454,0.696969696969697,,,{},3533.TW,2015-02-03,2015-02-04
0.011021160599569323,137000,0,0.0060606060606060615,0.06060606060606061,1.0,D-1 estimated accounting; fill-day constraints require ledger audit,direct,V4_DIRECT_FROZEN_LINEAR_PORTFOLIO,disabled,2015-02-03,neutral,0.015110405421757681,-0.00848433591852149,0.02120559274995848,0.29545454545454547,0.07073480469187848,0.5454545454545454,0.696969696969697,,,{},3661.TW,2015-02-03,2015-02-04
0.007653428740409786,71000,0,0.03787878787878788,0.3787878787878788,1.0,D-1 estimated accounting; fill-day constraints require ledger audit,direct,V4_DIRECT_FROZEN_LINEAR_PORTFOLIO,disabled,2015-02-03,neutral,0.015110405421757681,-0.00848433591852149,0.02120559274995848,0.29545454545454547,0.07073480469187848,0.5454545454545454,0.696969696969697,,,{},3665.TW,2015-02-03,2015-02-04
0.014116014102618006,263000,0,0.04848484848484849,0.48484848484848486,1.0,D-1 estimated accounting; fill-day constraints require ledger audit,direct,V4_DIRECT_FROZEN_LINEAR_PORTFOLIO,disabled,2015-02-03,neutral,0.015110405421757681,-0.00848433591852149,0.02120559274995848,0.29545454545454547,0.07073480469187848,0.5454545454545454,0.696969696969697,,,{},3680.TWO,2015-02-03,2015-02-04
0.062208604915942364,680000,0,0.0393939393939394,0.3939393939393939,1.0,D-1 estimated accounting; fill-day constraints require ledger audit,direct,V4_DIRECT_FROZEN_LINEAR_PORTFOLIO,disabled,2015-02-03,neutral,0.015110405421757681,-0.00848433591852149,0.02120559274995848,0.29545454545454547,0.07073480469187848,0.5454545454545454,0.696969696969697,,,{},4958.TW,2015-02-03,2015-02-04
0.019339207176641747,313000,0,0.046969696969696974,0.4696969696969697,1.0,D-1 estimated accounting; fill-day constraints require ledger audit,direct,V4_DIRECT_FROZEN_LINEAR_PORTFOLIO,disabled,2015-02-03,neutral,0.015110405421757681,-0.00848433591852149,0.02120559274995848,0.29545454545454547,0.07073480469187848,0.5454545454545454,0.696969696969697,,,{},4991.TWO,2015-02-03,2015-02-04
0.05431263454687186,591000,591000,0.0446969696969697,0.44696969696969696,1.0,D-1 estimated accounting; fill-day constraints require ledger audit,direct,V4_DIRECT_FROZEN_LINEAR_PORTFOLIO,disabled,2015-02-03,neutral,0.015110405421757681,-0.00848433591852149,0.02120559274995848,0.29545454545454547,0.07073480469187848,0.5454545454545454,0.696969696969697,,,{},5289.TWO,2015-02-03,2015-02-04
0.05506526947739066,3904000,0,0.009090909090909089,0.09090909090909088,1.0,D-1 estimated accounting; fill-day constraints require ledger audit,direct,V4_DIRECT_FROZEN_LINEAR_PORTFOLIO,disabled,2015-02-03,neutral,0.015110405421757681,-0.00848433591852149,0.02120559274995848,0.29545454545454547,0.07073480469187848,0.5454545454545454,0.696969696969697,,,{},6182.TWO,2015-02-03,2015-02-04
0.0634170009826017,5841000,0,-0.009848484848484851,-0.09848484848484851,1.0,D-1 estimated accounting; fill-day constraints require ledger audit,direct,V4_DIRECT_FROZEN_LINEAR_PORTFOLIO,disabled,2015-02-03,neutral,0.015110405421757681,-0.00848433591852149,0.02120559274995848,0.29545454545454547,0.07073480469187848,0.5454545454545454,0.696969696969697,,,{},8932.TWO,2015-02-03,2015-02-04
0.0513111020531414,1940000,0,0.03636363636363637,0.36363636363636365,1.0,D-1 estimated accounting; fill-day constraints require ledger audit,direct,V4_DIRECT_FROZEN_LINEAR_PORTFOLIO,disabled,2015-02-04,risk_on,0.015245886923723995,-0.001460748241993659,0.025833159086647184,0.4621212121212121,0.07241675639888853,0.6136363636363636,0.7424242424242424,,,{},1785.TWO,2015-02-04,2015-02-05
0.05419027847203054,619000,0,0.0015151515151515138,0.015151515151515138,1.0,D-1 estimated accounting; fill-day constraints require ledger audit,direct,V4_DIRECT_FROZEN_LINEAR_PORTFOLIO,disabled,2015-02-04,risk_on,0.015245886923723995,-0.001460748241993659,0.025833159086647184,0.4621212121212121,0.07241675639888853,0.6136363636363636,0.7424242424242424,,,{},2317.TW,2015-02-04,2015-02-05
0.06747836206848354,6192000,0,-0.028787878787878786,-0.28787878787878785,1.0,D-1 estimated accounting; fill-day constraints require ledger audit,direct,V4_DIRECT_FROZEN_LINEAR_PORTFOLIO,disabled,2015-02-04,risk_on,0.015245886923723995,-0.001460748241993659,0.025833159086647184,0.4621212121212121,0.07241675639888853,0.6136363636363636,0.7424242424242424,,,{},2344.TW,2015-02-04,2015-02-05
0.06401163381904026,263000,0,-0.0030303030303030277,-0.030303030303030276,1.0,D-1 estimated accounting; fill-day constraints require ledger audit,direct,V4_DIRECT_FROZEN_LINEAR_PORTFOLIO,disabled,2015-02-04,risk_on,0.015245886923723995,-0.001460748241993659,0.025833159086647184,0.4621212121212121,0.07241675639888853,0.6136363636363636,0.7424242424242424,,,{},2395.TW,2015-02-04,2015-02-05
0.006458221565117054,402000,0,0.01893939393939394,0.1893939393939394,1.0,D-1 estimated accounting; fill-day constraints require ledger audit,direct,V4_DIRECT_FROZEN_LINEAR_PORTFOLIO,disabled,2015-02-04,risk_on,0.015245886923723995,-0.001460748241993659,0.025833159086647184,0.4621212121212121,0.07241675639888853,0.6136363636363636,0.7424242424242424,,,{},2609.TW,2015-02-04,2015-02-05
0.061543361294240206,2502000,0,0.0007575757575757569,0.007575757575757569,1.0,D-1 estimated accounting; fill-day constraints require ledger audit,direct,V4_DIRECT_FROZEN_LINEAR_PORTFOLIO,disabled,2015-02-04,risk_on,0.015245886923723995,-0.001460748241993659,0.025833159086647184,0.4621212121212121,0.07241675639888853,0.6136363636363636,0.7424242424242424,,,{},2886.TW,2015-02-04,2015-02-05
0.07908581599776175,5970000,0,0.006818181818181818,0.06818181818181818,1.0,D-1 estimated accounting; fill-day constraints require ledger audit,direct,V4_DIRECT_FROZEN_LINEAR_PORTFOLIO,disabled,2015-02-04,risk_on,0.015245886923723995,-0.001460748241993659,0.025833159086647184,0.4621212121212121,0.07241675639888853,0.6136363636363636,0.7424242424242424,,,{},2887.TW,2015-02-04,2015-02-05
0.023220381245382397,990000,0,0.04772727272727273,0.4772727272727273,1.0,D-1 estimated accounting; fill-day constraints require ledger audit,direct,V4_DIRECT_FROZEN_LINEAR_PORTFOLIO,disabled,2015-02-04,risk_on,0.015245886923723995,-0.001460748241993659,0.025833159086647184,0.4621212121212121,0.07241675639888853,0.6136363636363636,0.7424242424242424,,,{},3017.TW,2015-02-04,2015-02-05
0.027837795352605325,178000,0,0.04924242424242425,0.49242424242424243,1.0,D-1 estimated accounting; fill-day constraints require ledger audit,direct,V4_DIRECT_FROZEN_LINEAR_PORTFOLIO,disabled,2015-02-04,risk_on,0.015245886923723995,-0.001460748241993659,0.025833159086647184,0.4621212121212121,0.07241675639888853,0.6136363636363636,0.7424242424242424,,,{},3131.TWO,2015-02-04,2015-02-05
0.05866435982378842,1013000,0,-0.021969696969696972,-0.21969696969696972,1.0,D-1 estimated accounting; fill-day constraints require ledger audit,direct,V4_DIRECT_FROZEN_LINEAR_PORTFOLIO,disabled,2015-02-04,risk_on,0.015245886923723995,-0.001460748241993659,0.025833159086647184,0.4621212121212121,0.07241675639888853,0.6136363636363636,0.7424242424242424,,,{},3163.TWO,2015-02-04,2015-02-05
0.035308193598381325,644000,0,0.03484848484848485,0.3484848484848485,1.0,D-1 estimated accounting; fill-day constraints require ledger audit,direct,V4_DIRECT_FROZEN_LINEAR_PORTFOLIO,disabled,2015-02-04,risk_on,0.015245886923723995,-0.001460748241993659,0.025833159086647184,0.4621212121212121,0.07241675639888853,0.6136363636363636,0.7424242424242424,,,{},3260.TWO,2015-02-04,2015-02-05
0.0624074566189915,3234000,0,0.045454545454545456,0.45454545454545453,1.0,D-1 estimated accounting; fill-day constraints require ledger audit,direct,V4_DIRECT_FROZEN_LINEAR_PORTFOLIO,disabled,2015-02-04,risk_on,0.015245886923723995,-0.001460748241993659,0.025833159086647184,0.4621212121212121,0.07241675639888853,0.6136363636363636,0.7424242424242424,,,{},3324.TWO,2015-02-04,2015-02-05
0.02653860326414156,860000,0,0.020454545454545454,0.20454545454545453,1.0,D-1 estimated accounting; fill-day constraints require ledger audit,direct,V4_DIRECT_FROZEN_LINEAR_PORTFOLIO,disabled,2015-02-04,risk_on,0.015245886923723995,-0.001460748241993659,0.025833159086647184,0.4621212121212121,0.07241675639888853,0.6136363636363636,0.7424242424242424,,,{},3363.TWO,2015-02-04,2015-02-05
0.06829212222854317,469000,0,-0.016666666666666663,-0.16666666666666663,1.0,D-1 estimated accounting; fill-day constraints require ledger audit,direct,V4_DIRECT_FROZEN_LINEAR_PORTFOLIO,disabled,2015-02-04,risk_on,0.015245886923723995,-0.001460748241993659,0.025833159086647184,0.4621212121212121,0.07241675639888853,0.6136363636363636,0.7424242424242424,,,{},3533.TW,2015-02-04,2015-02-05
0.01090053727917727,137000,0,0.013636363636363636,0.13636363636363635,1.0,D-1 estimated accounting; fill-day constraints require ledger audit,direct,V4_DIRECT_FROZEN_LINEAR_PORTFOLIO,disabled,2015-02-04,risk_on,0.015245886923723995,-0.001460748241993659,0.025833159086647184,0.4621212121212121,0.07241675639888853,0.6136363636363636,0.7424242424242424,,,{},3661.TW,2015-02-04,2015-02-05
0.00768398529515775,71000,0,0.04166666666666667,0.4166666666666667,1.0,D-1 estimated accounting; fill-day constraints require ledger audit,direct,V4_DIRECT_FROZEN_LINEAR_PORTFOLIO,disabled,2015-02-04,risk_on,0.015245886923723995,-0.001460748241993659,0.025833159086647184,0.4621212121212121,0.07241675639888853,0.6136363636363636,0.7424242424242424,,,{},3665.TW,2015-02-04,2015-02-05
0.013935042917807531,263000,0,0.04848484848484849,0.48484848484848486,1.0,D-1 estimated accounting; fill-day constraints require ledger audit,direct,V4_DIRECT_FROZEN_LINEAR_PORTFOLIO,disabled,2015-02-04,risk_on,0.015245886923723995,-0.001460748241993659,0.025833159086647184,0.4621212121212121,0.07241675639888853,0.6136363636363636,0.7424242424242424,,,{},3680.TWO,2015-02-04,2015-02-05
0.06224740379144168,680000,0,0.0393939393939394,0.3939393939393939,1.0,D-1 estimated accounting; fill-day constraints require ledger audit,direct,V4_DIRECT_FROZEN_LINEAR_PORTFOLIO,disabled,2015-02-04,risk_on,0.015245886923723995,-0.001460748241993659,0.025833159086647184,0.4621212121212121,0.07241675639888853,0.6136363636363636,0.7424242424242424,,,{},4958.TW,2015-02-04,2015-02-05
0.019368591485311403,313000,0,0.04318181818181818,0.4318181818181818,1.0,D-1 estimated accounting; fill-day constraints require ledger audit,direct,V4_DIRECT_FROZEN_LINEAR_PORTFOLIO,disabled,2015-02-04,risk_on,0.015245886923723995,-0.001460748241993659,0.025833159086647184,0.4621212121212121,0.07241675639888853,0.6136363636363636,0.7424242424242424,,,{},4991.TWO,2015-02-04,2015-02-05
0.05375150779113352,591000,0,0.04621212121212121,0.4621212121212121,1.0,D-1 estimated accounting; fill-day constraints require ledger audit,direct,V4_DIRECT_FROZEN_LINEAR_PORTFOLIO,disabled,2015-02-04,risk_on,0.015245886923723995,-0.001460748241993659,0.025833159086647184,0.4621212121212121,0.07241675639888853,0.6136363636363636,0.7424242424242424,,,{},5289.TWO,2015-02-04,2015-02-05
0.0,0,-3904000,-0.0303030303030303,-0.303030303030303,1.0,D-1 estimated accounting; fill-day constraints require ledger audit,direct,V4_DIRECT_FROZEN_LINEAR_PORTFOLIO,disabled,2015-02-04,risk_on,0.015245886923723995,-0.001460748241993659,0.025833159086647184,0.4621212121212121,0.07241675639888853,0.6136363636363636,0.7424242424242424,,,{},6182.TWO,2015-02-04,2015-02-05
0.024132387449336216,104000,104000,0.046969696969696974,0.4696969696969697,1.0,D-1 estimated accounting; fill-day constraints require ledger audit,direct,V4_DIRECT_FROZEN_LINEAR_PORTFOLIO,disabled,2015-02-04,risk_on,0.015245886923723995,-0.001460748241993659,0.025833159086647184,0.4621212121212121,0.07241675639888853,0.6136363636363636,0.7424242424242424,,,{},6415.TW,2015-02-04,2015-02-05
0.06336160040371498,5841000,0,0.0060606060606060615,0.06060606060606061,1.0,D-1 estimated accounting; fill-day constraints require ledger audit,direct,V4_DIRECT_FROZEN_LINEAR_PORTFOLIO,disabled,2015-02-04,risk_on,0.015245886923723995,-0.001460748241993659,0.025833159086647184,0.4621212121212121,0.07241675639888853,0.6136363636363636,0.7424242424242424,,,{},8932.TWO,2015-02-04,2015-02-05
