target_weight,target_shares,order_shares,expected_return,score,confidence,reason,family,model_ensemble_id,regime,observed_date,prior_regime,market_volatility,median_R5,median_R20,breadth,dispersion,above_EMA20,above_EMA50,model_train_end,latest_label_end,expert_weights,uncertainty,sign_agreement,lower_bound,upper_bound,symbol,signal_date,decision_date
0.0412804,2243000,2243000,0.06811154025311252,0.06811154025311252,0.23662200455387242,D-1 estimated accounting; fill-day constraints require ledger audit,adaptive,V4_CAUSAL_7_EXPERTS_RIDGE_ANCHOR20,disabled,2009-12-31,risk_on,0.01680976771907229,0.02405599526189517,0.0710495999006755,0.8839285714285714,0.10732147728060136,0.9642857142857143,0.9553571428571429,2009-12-21,2009-12-28,"{""long_momentum"": 0.125, ""mean_reversion"": 0.125, ""medium_momentum"": 0.125, ""ridge"": 0.125, ""risk_adjusted"": 0.125, ""short_momentum"": 0.125, ""trend"": 0.125, ""volume_momentum"": 0.125}",0.15862369203527024,0.75,-0.153654497042559,0.2676111890640418,1815.TWO,2009-12-31,2010-01-04
0.041293425,3544000,3544000,0.06727070982582216,0.06727070982582216,0.2592943226286863,D-1 estimated accounting; fill-day constraints require ledger audit,adaptive,V4_CAUSAL_7_EXPERTS_RIDGE_ANCHOR20,disabled,2009-12-31,risk_on,0.01680976771907229,0.02405599526189517,0.0710495999006755,0.8839285714285714,0.10732147728060136,0.9642857142857143,0.9553571428571429,2009-12-21,2009-12-28,"{""long_momentum"": 0.125, ""mean_reversion"": 0.125, ""medium_momentum"": 0.125, ""ridge"": 0.125, ""risk_adjusted"": 0.125, ""short_momentum"": 0.125, ""trend"": 0.125, ""volume_momentum"": 0.125}",0.13676985774181508,0.75,-0.13075153279221846,0.24302656395912053,2313.TW,2009-12-31,2010-01-04
0.04128345,3528000,3528000,0.04711193989748127,0.04711193989748127,0.3087075992851601,D-1 estimated accounting; fill-day constraints require ledger audit,adaptive,V4_CAUSAL_7_EXPERTS_RIDGE_ANCHOR20,disabled,2009-12-31,risk_on,0.01680976771907229,0.02405599526189517,0.0710495999006755,0.8839285714285714,0.10732147728060136,0.9642857142857143,0.9553571428571429,2009-12-21,2009-12-28,"{""long_momentum"": 0.125, ""mean_reversion"": 0.125, ""medium_momentum"": 0.125, ""ridge"": 0.125, ""risk_adjusted"": 0.125, ""short_momentum"": 0.125, ""trend"": 0.125, ""volume_momentum"": 0.125}",0.07449315506491463,0.75,-0.07413058158686431,0.1460880728970846,2327.TW,2009-12-31,2010-01-04
0.04127565,2255000,2255000,0.03090132456357822,0.03090132456357822,0.2233413189851115,D-1 estimated accounting; fill-day constraints require ledger audit,adaptive,V4_CAUSAL_7_EXPERTS_RIDGE_ANCHOR20,disabled,2009-12-31,risk_on,0.01680976771907229,0.02405599526189517,0.0710495999006755,0.8839285714285714,0.10732147728060136,0.9642857142857143,0.9553571428571429,2009-12-21,2009-12-28,"{""long_momentum"": 0.125, ""mean_reversion"": 0.125, ""medium_momentum"": 0.125, ""ridge"": 0.125, ""risk_adjusted"": 0.125, ""short_momentum"": 0.125, ""trend"": 0.125, ""volume_momentum"": 0.125}",0.08465851427429762,0.75,-0.10513351455341927,0.14466977519583343,2337.TW,2009-12-31,2010-01-04
0.041283135,4225000,4225000,0.0899593665419574,0.0899593665419574,0.33294901449746767,D-1 estimated accounting; fill-day constraints require ledger audit,adaptive,V4_CAUSAL_7_EXPERTS_RIDGE_ANCHOR20,disabled,2009-12-31,risk_on,0.01680976771907229,0.02405599526189517,0.0710495999006755,0.8839285714285714,0.10732147728060136,0.9642857142857143,0.9553571428571429,2009-12-21,2009-12-28,"{""long_momentum"": 0.125, ""mean_reversion"": 0.125, ""medium_momentum"": 0.125, ""ridge"": 0.125, ""risk_adjusted"": 0.125, ""short_momentum"": 0.125, ""trend"": 0.125, ""volume_momentum"": 0.125}",0.118945831567616,0.75,-0.08808620806926966,0.2457385526684422,2344.TW,2009-12-31,2010-01-04
0.041277475,2654000,2654000,0.030056842882079753,0.030056842882079753,0.19461556070402705,D-1 estimated accounting; fill-day constraints require ledger audit,adaptive,V4_CAUSAL_7_EXPERTS_RIDGE_ANCHOR20,disabled,2009-12-31,risk_on,0.01680976771907229,0.02405599526189517,0.0710495999006755,0.8839285714285714,0.10732147728060136,0.9642857142857143,0.9553571428571429,2009-12-21,2009-12-28,"{""long_momentum"": 0.125, ""mean_reversion"": 0.125, ""medium_momentum"": 0.125, ""ridge"": 0.125, ""risk_adjusted"": 0.125, ""short_momentum"": 0.125, ""trend"": 0.125, ""volume_momentum"": 0.125}",0.10004351634122956,0.75,-0.12572417959845625,0.1635714768778735,2345.TW,2009-12-31,2010-01-04
0.041272275,1316000,1316000,0.020413202924078434,0.020413202924078434,0.30024500523491543,D-1 estimated accounting; fill-day constraints require ledger audit,adaptive,V4_CAUSAL_7_EXPERTS_RIDGE_ANCHOR20,disabled,2009-12-31,risk_on,0.01680976771907229,0.02405599526189517,0.0710495999006755,0.8839285714285714,0.10732147728060136,0.9642857142857143,0.9553571428571429,2009-12-21,2009-12-28,"{""long_momentum"": 0.125, ""mean_reversion"": 0.125, ""medium_momentum"": 0.125, ""ridge"": 0.125, ""risk_adjusted"": 0.125, ""short_momentum"": 0.125, ""trend"": 0.125, ""volume_momentum"": 0.125}",0.05922834807922578,1.0,-0.0675046208544551,0.08606463821786971,2376.TW,2009-12-31,2010-01-04
0.04128375,1262000,1262000,0.07707897525252452,0.07707897525252452,0.25869120920790006,D-1 estimated accounting; fill-day constraints require ledger audit,adaptive,V4_CAUSAL_7_EXPERTS_RIDGE_ANCHOR20,disabled,2009-12-31,risk_on,0.01680976771907229,0.02405599526189517,0.0710495999006755,0.8839285714285714,0.10732147728060136,0.9642857142857143,0.9553571428571429,2009-12-21,2009-12-28,"{""long_momentum"": 0.125, ""mean_reversion"": 0.125, ""medium_momentum"": 0.125, ""ridge"": 0.125, ""risk_adjusted"": 0.125, ""short_momentum"": 0.125, ""trend"": 0.125, ""volume_momentum"": 0.125}",0.15588516596388854,0.75,-0.1417443077836411,0.2736358698039479,2408.TW,2009-12-31,2010-01-04
0.0412756,2715000,2715000,0.02048876528853328,0.02048876528853328,0.22245694375799577,D-1 estimated accounting; fill-day constraints require ledger audit,adaptive,V4_CAUSAL_7_EXPERTS_RIDGE_ANCHOR20,disabled,2009-12-31,risk_on,0.01680976771907229,0.02405599526189517,0.0710495999006755,0.8839285714285714,0.10732147728060136,0.9642857142857143,0.9553571428571429,2009-12-21,2009-12-28,"{""long_momentum"": 0.125, ""mean_reversion"": 0.125, ""medium_momentum"": 0.125, ""ridge"": 0.125, ""risk_adjusted"": 0.125, ""short_momentum"": 0.125, ""trend"": 0.125, ""volume_momentum"": 0.125}",0.06044505023307303,0.75,-0.07192039547130796,0.09063153756363226,2449.TW,2009-12-31,2010-01-04
0.04128645,3200000,3200000,0.02513211890098167,0.02513211890098167,0.22533635839923286,D-1 estimated accounting; fill-day constraints require ledger audit,adaptive,V4_CAUSAL_7_EXPERTS_RIDGE_ANCHOR20,disabled,2009-12-31,risk_on,0.01680976771907229,0.02405599526189517,0.0710495999006755,0.8839285714285714,0.10732147728060136,0.9642857142857143,0.9553571428571429,2009-12-21,2009-12-28,"{""long_momentum"": 0.125, ""mean_reversion"": 0.125, ""medium_momentum"": 0.125, ""ridge"": 0.125, ""risk_adjusted"": 0.125, ""short_momentum"": 0.125, ""trend"": 0.125, ""volume_momentum"": 0.125}",0.07015835058329481,0.75,-0.08893636649715819,0.11693421581437928,2890.TW,2009-12-31,2010-01-04
0.0412728,889000,889000,0.023078286002854477,0.023078286002854477,0.22379711348886708,D-1 estimated accounting; fill-day constraints require ledger audit,adaptive,V4_CAUSAL_7_EXPERTS_RIDGE_ANCHOR20,disabled,2009-12-31,risk_on,0.01680976771907229,0.02405599526189517,0.0710495999006755,0.8839285714285714,0.10732147728060136,0.9642857142857143,0.9553571428571429,2009-12-21,2009-12-28,"{""long_momentum"": 0.125, ""mean_reversion"": 0.125, ""medium_momentum"": 0.125, ""ridge"": 0.125, ""risk_adjusted"": 0.125, ""short_momentum"": 0.125, ""trend"": 0.125, ""volume_momentum"": 0.125}",0.06601906035629969,0.75,-0.08320987692390205,0.10710006044486875,3037.TW,2009-12-31,2010-01-04
0.041202,381000,381000,0.029173777389491316,0.029173777389491316,0.2660199602967352,D-1 estimated accounting; fill-day constraints require ledger audit,adaptive,V4_CAUSAL_7_EXPERTS_RIDGE_ANCHOR20,disabled,2009-12-31,risk_on,0.01680976771907229,0.02405599526189517,0.0710495999006755,0.8839285714285714,0.10732147728060136,0.9642857142857143,0.9553571428571429,2009-12-21,2009-12-28,"{""long_momentum"": 0.125, ""mean_reversion"": 0.125, ""medium_momentum"": 0.125, ""ridge"": 0.125, ""risk_adjusted"": 0.125, ""short_momentum"": 0.125, ""trend"": 0.125, ""volume_momentum"": 0.125}",0.062173628322203474,0.75,-0.06828652678761597,0.10436769308185634,3044.TW,2009-12-31,2010-01-04
0.0413015,365000,365000,0.025855141735185237,0.025855141735185237,0.24637857720193573,D-1 estimated accounting; fill-day constraints require ledger audit,adaptive,V4_CAUSAL_7_EXPERTS_RIDGE_ANCHOR20,disabled,2009-12-31,risk_on,0.01680976771907229,0.02405599526189517,0.0710495999006755,0.8839285714285714,0.10732147728060136,0.9642857142857143,0.9553571428571429,2009-12-21,2009-12-28,"{""long_momentum"": 0.125, ""mean_reversion"": 0.125, ""medium_momentum"": 0.125, ""ridge"": 0.125, ""risk_adjusted"": 0.125, ""short_momentum"": 0.125, ""trend"": 0.125, ""volume_momentum"": 0.125}",0.06307086662235922,0.75,-0.07388488796558057,0.10332878295120879,3211.TWO,2009-12-31,2010-01-04
0.04122525,394000,394000,0.06241001287642484,0.06241001287642484,0.2584259367409992,D-1 estimated accounting; fill-day constraints require ledger audit,adaptive,V4_CAUSAL_7_EXPERTS_RIDGE_ANCHOR20,disabled,2009-12-31,risk_on,0.01680976771907229,0.02405599526189517,0.0710495999006755,0.8839285714285714,0.10732147728060136,0.9642857142857143,0.9553571428571429,2009-12-21,2009-12-28,"{""long_momentum"": 0.125, ""mean_reversion"": 0.125, ""medium_momentum"": 0.125, ""ridge"": 0.125, ""risk_adjusted"": 0.125, ""short_momentum"": 0.125, ""trend"": 0.125, ""volume_momentum"": 0.125}",0.12822634737014213,0.75,-0.12612555567611652,0.22867919294422395,3260.TWO,2009-12-31,2010-01-04
0.041299375,1943000,1943000,0.024276848077757273,0.024276848077757273,0.21857803112442442,D-1 estimated accounting; fill-day constraints require ledger audit,adaptive,V4_CAUSAL_7_EXPERTS_RIDGE_ANCHOR20,disabled,2009-12-31,risk_on,0.01680976771907229,0.02405599526189517,0.0710495999006755,0.8839285714285714,0.10732147728060136,0.9642857142857143,0.9553571428571429,2009-12-21,2009-12-28,"{""long_momentum"": 0.125, ""mean_reversion"": 0.125, ""medium_momentum"": 0.125, ""ridge"": 0.125, ""risk_adjusted"": 0.125, ""short_momentum"": 0.125, ""trend"": 0.125, ""volume_momentum"": 0.125}",0.07117989016515737,0.75,-0.09155260589438133,0.11783991356515362,3264.TWO,2009-12-31,2010-01-04
0.041294475,1768000,1768000,0.05903173608896666,0.05903173608896666,0.22455170628072157,D-1 estimated accounting; fill-day constraints require ledger audit,adaptive,V4_CAUSAL_7_EXPERTS_RIDGE_ANCHOR20,disabled,2009-12-31,risk_on,0.01680976771907229,0.02405599526189517,0.0710495999006755,0.8839285714285714,0.10732147728060136,0.9642857142857143,0.9553571428571429,2009-12-21,2009-12-28,"{""long_momentum"": 0.125, ""mean_reversion"": 0.125, ""medium_momentum"": 0.125, ""ridge"": 0.125, ""risk_adjusted"": 0.125, ""short_momentum"": 0.125, ""trend"": 0.125, ""volume_momentum"": 0.125}",0.1498334928248961,0.75,-0.1532588213115947,0.24905590500478578,3324.TWO,2009-12-31,2010-01-04
0.0411525,232000,232000,0.051030910007022784,0.051030910007022784,0.21485651044179255,D-1 estimated accounting; fill-day constraints require ledger audit,adaptive,V4_CAUSAL_7_EXPERTS_RIDGE_ANCHOR20,disabled,2009-12-31,risk_on,0.01680976771907229,0.02405599526189517,0.0710495999006755,0.8839285714285714,0.10732147728060136,0.9642857142857143,0.9553571428571429,2009-12-21,2009-12-28,"{""long_momentum"": 0.125, ""mean_reversion"": 0.125, ""medium_momentum"": 0.125, ""ridge"": 0.125, ""risk_adjusted"": 0.125, ""short_momentum"": 0.125, ""trend"": 0.125, ""volume_momentum"": 0.125}",0.13955628639143924,0.75,-0.1500564465252733,0.22985187805457663,3533.TW,2009-12-31,2010-01-04
0.04128845,2564000,2564000,0.03494543743347145,0.03494543743347145,0.23064720881137823,D-1 estimated accounting; fill-day constraints require ledger audit,adaptive,V4_CAUSAL_7_EXPERTS_RIDGE_ANCHOR20,disabled,2009-12-31,risk_on,0.01680976771907229,0.02405599526189517,0.0710495999006755,0.8839285714285714,0.10732147728060136,0.9642857142857143,0.9553571428571429,2009-12-21,2009-12-28,"{""long_momentum"": 0.125, ""mean_reversion"": 0.125, ""medium_momentum"": 0.125, ""ridge"": 0.125, ""risk_adjusted"": 0.125, ""short_momentum"": 0.125, ""trend"": 0.125, ""volume_momentum"": 0.125}",0.08994591581331302,0.75,-0.10812607640026176,0.1557505627824624,5347.TWO,2009-12-31,2010-01-04
0.0412902,913000,913000,0.04646091817719272,0.04646091817719272,0.237019395004482,D-1 estimated accounting; fill-day constraints require ledger audit,adaptive,V4_CAUSAL_7_EXPERTS_RIDGE_ANCHOR20,disabled,2009-12-31,risk_on,0.01680976771907229,0.02405599526189517,0.0710495999006755,0.8839285714285714,0.10732147728060136,0.9642857142857143,0.9553571428571429,2009-12-21,2009-12-28,"{""long_momentum"": 0.125, ""mean_reversion"": 0.125, ""medium_momentum"": 0.125, ""ridge"": 0.125, ""risk_adjusted"": 0.125, ""short_momentum"": 0.125, ""trend"": 0.125, ""volume_momentum"": 0.125}",0.11137676281581083,0.75,-0.12284366034284439,0.19349910821248756,6023.TWO,2009-12-31,2010-01-04
0.04117575,379000,379000,0.025064288468869784,0.025064288468869784,0.24055685829561396,D-1 estimated accounting; fill-day constraints require ledger audit,adaptive,V4_CAUSAL_7_EXPERTS_RIDGE_ANCHOR20,disabled,2009-12-31,risk_on,0.01680976771907229,0.02405599526189517,0.0710495999006755,0.8839285714285714,0.10732147728060136,0.9642857142857143,0.9553571428571429,2009-12-21,2009-12-28,"{""long_momentum"": 0.125, ""mean_reversion"": 0.125, ""medium_momentum"": 0.125, ""ridge"": 0.125, ""risk_adjusted"": 0.125, ""short_momentum"": 0.125, ""trend"": 0.125, ""volume_momentum"": 0.125}",0.06366912870081835,0.75,-0.07610629340732052,0.10396848186031782,6239.TW,2009-12-31,2010-01-04
0.041285925,2938000,2938000,0.023585415748655823,0.023585415748655823,0.21650491085769463,D-1 estimated accounting; fill-day constraints require ledger audit,adaptive,V4_CAUSAL_7_EXPERTS_RIDGE_ANCHOR20,disabled,2009-12-31,risk_on,0.01680976771907229,0.02405599526189517,0.0710495999006755,0.8839285714285714,0.10732147728060136,0.9642857142857143,0.9553571428571429,2009-12-21,2009-12-28,"{""long_momentum"": 0.125, ""mean_reversion"": 0.125, ""medium_momentum"": 0.125, ""ridge"": 0.125, ""risk_adjusted"": 0.125, ""short_momentum"": 0.125, ""trend"": 0.125, ""volume_momentum"": 0.125}",0.07043802776844497,0.75,-0.09097022570727109,0.11587466871984048,6274.TWO,2009-12-31,2010-01-04
0.04128375,151000,151000,0.0311314776935296,0.0311314776935296,0.15027152831447657,D-1 estimated accounting; fill-day constraints require ledger audit,adaptive,V4_CAUSAL_7_EXPERTS_RIDGE_ANCHOR20,disabled,2009-12-31,risk_on,0.01680976771907229,0.02405599526189517,0.0710495999006755,0.8839285714285714,0.10732147728060136,0.9642857142857143,0.9553571428571429,2009-12-21,2009-12-28,"{""long_momentum"": 0.125, ""mean_reversion"": 0.125, ""medium_momentum"": 0.125, ""ridge"": 0.125, ""risk_adjusted"": 0.125, ""short_momentum"": 0.125, ""trend"": 0.125, ""volume_momentum"": 0.125}",0.08408915923882546,0.5,-0.10412467272660668,0.14412123962892362,8299.TWO,2009-12-31,2010-01-04
0.03918285465928646,2243000,0,0.06450111192357064,0.06450111192357064,0.30361530108291124,D-1 estimated accounting; fill-day constraints require ledger audit,adaptive,V4_CAUSAL_7_EXPERTS_RIDGE_ANCHOR20,disabled,2010-01-04,risk_on,0.01722988108630424,0.02187153504986017,0.0722380777399485,0.8214285714285714,0.10202390274449406,0.9375,0.9375,2009-12-21,2009-12-28,"{""long_momentum"": 0.125, ""mean_reversion"": 0.125, ""medium_momentum"": 0.125, ""ridge"": 0.125, ""risk_adjusted"": 0.125, ""short_momentum"": 0.125, ""trend"": 0.125, ""volume_momentum"": 0.125}",0.10218270558088202,0.75,-0.09388191409834654,0.20061774946074556,1815.TWO,2010-01-04,2010-01-05
0.03942645948443416,3544000,0,0.04518387445306594,0.04518387445306594,0.16495355207031992,D-1 estimated accounting; fill-day constraints require ledger audit,adaptive,V4_CAUSAL_7_EXPERTS_RIDGE_ANCHOR20,disabled,2010-01-04,risk_on,0.01722988108630424,0.02187153504986017,0.0722380777399485,0.8214285714285714,0.10202390274449406,0.9375,0.9375,2009-12-21,2009-12-28,"{""long_momentum"": 0.125, ""mean_reversion"": 0.125, ""medium_momentum"": 0.125, ""ridge"": 0.125, ""risk_adjusted"": 0.125, ""short_momentum"": 0.125, ""trend"": 0.125, ""volume_momentum"": 0.125}",0.10193129319022459,0.5,-0.11289469866525884,0.18099605908664845,2313.TW,2010-01-04,2010-01-05
0.04191241149296363,3528000,0,0.04068777194841397,0.04068777194841397,0.2977807714551062,D-1 estimated accounting; fill-day constraints require ledger audit,adaptive,V4_CAUSAL_7_EXPERTS_RIDGE_ANCHOR20,disabled,2010-01-04,risk_on,0.01722988108630424,0.02187153504986017,0.0722380777399485,0.8214285714285714,0.10202390274449406,0.9375,0.9375,2009-12-21,2009-12-28,"{""long_momentum"": 0.125, ""mean_reversion"": 0.125, ""medium_momentum"": 0.125, ""ridge"": 0.125, ""risk_adjusted"": 0.125, ""short_momentum"": 0.125, ""trend"": 0.125, ""volume_momentum"": 0.125}",0.06938288487697625,0.75,-0.07200849434996659,0.13111764976205229,2327.TW,2010-01-04,2010-01-05
0.04086823262880781,2255000,0,0.03176061707992573,0.03176061707992573,0.26785637261073864,D-1 estimated accounting; fill-day constraints require ledger audit,adaptive,V4_CAUSAL_7_EXPERTS_RIDGE_ANCHOR20,disabled,2010-01-04,risk_on,0.01722988108630424,0.02187153504986017,0.0722380777399485,0.8214285714285714,0.10202390274449406,0.9375,0.9375,2009-12-21,2009-12-28,"{""long_momentum"": 0.125, ""mean_reversion"": 0.125, ""medium_momentum"": 0.125, ""ridge"": 0.125, ""risk_adjusted"": 0.125, ""short_momentum"": 0.125, ""trend"": 0.125, ""volume_momentum"": 0.125}",0.06616940672806103,0.75,-0.07483341956425746,0.11608826523936666,2337.TW,2010-01-04,2010-01-05
0.04002563675746171,4225000,0,0.07926273469212694,0.07926273469212694,0.33656797331064625,D-1 estimated accounting; fill-day constraints require ledger audit,adaptive,V4_CAUSAL_7_EXPERTS_RIDGE_ANCHOR20,disabled,2010-01-04,risk_on,0.01722988108630424,0.02187153504986017,0.0722380777399485,0.8214285714285714,0.10202390274449406,0.9375,0.9375,2009-12-21,2009-12-28,"{""long_momentum"": 0.125, ""mean_reversion"": 0.125, ""medium_momentum"": 0.125, ""ridge"": 0.125, ""risk_adjusted"": 0.125, ""short_momentum"": 0.125, ""trend"": 0.125, ""volume_momentum"": 0.125}",0.10350632246877368,0.75,-0.08071750019708235,0.21697658109659396,2344.TW,2010-01-04,2010-01-05
0.04168481210880704,2654000,0,0.027062502514461014,0.027062502514461014,0.20867567290103167,D-1 estimated accounting; fill-day constraints require ledger audit,adaptive,V4_CAUSAL_7_EXPERTS_RIDGE_ANCHOR20,disabled,2010-01-04,risk_on,0.01722988108630424,0.02187153504986017,0.0722380777399485,0.8214285714285714,0.10202390274449406,0.9375,0.9375,2009-12-21,2009-12-28,"{""long_momentum"": 0.125, ""mean_reversion"": 0.125, ""medium_momentum"": 0.125, ""ridge"": 0.125, ""risk_adjusted"": 0.125, ""short_momentum"": 0.125, ""trend"": 0.125, ""volume_momentum"": 0.125}",0.08317314786846809,0.75,-0.10693098546508306,0.13878960200926285,2345.TW,2010-01-04,2010-01-05
0.040750834229085285,1316000,0,0.014575250552857355,0.014575250552857355,0.18757449573541082,D-1 estimated accounting; fill-day constraints require ledger audit,adaptive,V4_CAUSAL_7_EXPERTS_RIDGE_ANCHOR20,disabled,2010-01-04,risk_on,0.01722988108630424,0.02187153504986017,0.0722380777399485,0.8214285714285714,0.10202390274449406,0.9375,0.9375,2009-12-21,2009-12-28,"{""long_momentum"": 0.125, ""mean_reversion"": 0.125, ""medium_momentum"": 0.125, ""ridge"": 0.125, ""risk_adjusted"": 0.125, ""short_momentum"": 0.125, ""trend"": 0.125, ""volume_momentum"": 0.125}",0.058694654196626214,0.75,-0.0708702617140134,0.07775437433498585,2376.TW,2010-01-04,2010-01-05
0.0402866512745554,1262000,0,0.07310356051702879,0.07310356051702879,0.31166903635650806,D-1 estimated accounting; fill-day constraints require ledger audit,adaptive,V4_CAUSAL_7_EXPERTS_RIDGE_ANCHOR20,disabled,2010-01-04,risk_on,0.01722988108630424,0.02187153504986017,0.0722380777399485,0.8214285714285714,0.10202390274449406,0.9375,0.9375,2009-12-21,2009-12-28,"{""long_momentum"": 0.125, ""mean_reversion"": 0.125, ""medium_momentum"": 0.125, ""ridge"": 0.125, ""risk_adjusted"": 0.125, ""short_momentum"": 0.125, ""trend"": 0.125, ""volume_momentum"": 0.125}",0.10984475501845001,0.75,-0.09440694995397153,0.21834768250328684,2408.TW,2010-01-04,2010-01-05
0.0410026179352426,2715000,0,0.01394269650326369,0.01394269650326369,0.1833176931608158,D-1 estimated accounting; fill-day constraints require ledger audit,adaptive,V4_CAUSAL_7_EXPERTS_RIDGE_ANCHOR20,disabled,2010-01-04,risk_on,0.01722988108630424,0.02187153504986017,0.0722380777399485,0.8214285714285714,0.10202390274449406,0.9375,0.9375,2009-12-21,2009-12-28,"{""long_momentum"": 0.125, ""mean_reversion"": 0.125, ""medium_momentum"": 0.125, ""ridge"": 0.125, ""risk_adjusted"": 0.125, ""short_momentum"": 0.125, ""trend"": 0.125, ""volume_momentum"": 0.125}",0.05855676430974485,0.75,-0.07077640641800395,0.07639541093978906,2449.TW,2010-01-04,2010-01-05
0.04091589663075303,3200000,0,0.02016791728754258,0.02016791728754258,0.14193891503484188,D-1 estimated accounting; fill-day constraints require ledger audit,adaptive,V4_CAUSAL_7_EXPERTS_RIDGE_ANCHOR20,disabled,2010-01-04,risk_on,0.01722988108630424,0.02187153504986017,0.0722380777399485,0.8214285714285714,0.10202390274449406,0.9375,0.9375,2009-12-21,2009-12-28,"{""long_momentum"": 0.125, ""mean_reversion"": 0.125, ""medium_momentum"": 0.125, ""ridge"": 0.125, ""risk_adjusted"": 0.125, ""short_momentum"": 0.125, ""trend"": 0.125, ""volume_momentum"": 0.125}",0.06348964812136798,0.5,-0.08058011216332286,0.09864955825366577,2890.TW,2010-01-04,2010-01-05
0.04060633227598631,889000,0,0.017943497066158557,0.017943497066158557,0.20509508924070774,D-1 estimated accounting; fill-day constraints require ledger audit,adaptive,V4_CAUSAL_7_EXPERTS_RIDGE_ANCHOR20,disabled,2010-01-04,risk_on,0.01722988108630424,0.02187153504986017,0.0722380777399485,0.8214285714285714,0.10202390274449406,0.9375,0.9375,2009-12-21,2009-12-28,"{""long_momentum"": 0.125, ""mean_reversion"": 0.125, ""medium_momentum"": 0.125, ""ridge"": 0.125, ""risk_adjusted"": 0.125, ""short_momentum"": 0.125, ""trend"": 0.125, ""volume_momentum"": 0.125}",0.06095720900790726,0.75,-0.0760796176498594,0.08970022329743425,3037.TW,2010-01-04,2010-01-05
0.04070717158738784,381000,0,0.03099592181536575,0.03099592181536575,0.36503703835381185,D-1 estimated accounting; fill-day constraints require ledger audit,adaptive,V4_CAUSAL_7_EXPERTS_RIDGE_ANCHOR20,disabled,2010-01-04,risk_on,0.01722988108630424,0.02187153504986017,0.0722380777399485,0.8214285714285714,0.10202390274449406,0.9375,0.9375,2009-12-21,2009-12-28,"{""long_momentum"": 0.125, ""mean_reversion"": 0.125, ""medium_momentum"": 0.125, ""ridge"": 0.125, ""risk_adjusted"": 0.125, ""short_momentum"": 0.125, ""trend"": 0.125, ""volume_momentum"": 0.125}",0.06261303572410652,1.0,-0.06760311698439178,0.10732857213038105,3044.TW,2010-01-04,2010-01-05
0.04065558172255801,365000,0,0.02372822519988327,0.02372822519988327,0.31861205538609316,D-1 estimated accounting; fill-day constraints require ledger audit,adaptive,V4_CAUSAL_7_EXPERTS_RIDGE_ANCHOR20,disabled,2010-01-04,risk_on,0.01722988108630424,0.02187153504986017,0.0722380777399485,0.8214285714285714,0.10202390274449406,0.9375,0.9375,2009-12-21,2009-12-28,"{""long_momentum"": 0.125, ""mean_reversion"": 0.125, ""medium_momentum"": 0.125, ""ridge"": 0.125, ""risk_adjusted"": 0.125, ""short_momentum"": 0.125, ""trend"": 0.125, ""volume_momentum"": 0.125}",0.06143856138033728,1.0,-0.07171261111372966,0.09690267302875394,3211.TWO,2010-01-04,2010-01-05
0.03991017109023622,394000,0,0.05291666306919021,0.05291666306919021,0.32484739261237494,D-1 estimated accounting; fill-day constraints require ledger audit,adaptive,V4_CAUSAL_7_EXPERTS_RIDGE_ANCHOR20,disabled,2010-01-04,risk_on,0.01722988108630424,0.02187153504986017,0.0722380777399485,0.8214285714285714,0.10202390274449406,0.9375,0.9375,2009-12-21,2009-12-28,"{""long_momentum"": 0.125, ""mean_reversion"": 0.125, ""medium_momentum"": 0.125, ""ridge"": 0.125, ""risk_adjusted"": 0.125, ""short_momentum"": 0.125, ""trend"": 0.125, ""volume_momentum"": 0.125}",0.07579996292117006,0.75,-0.07035880742431569,0.15392574507795387,3260.TWO,2010-01-04,2010-01-05
0.04049723858621201,1943000,0,0.01868140676373633,0.01868140676373633,0.20575457595373267,D-1 estimated accounting; fill-day constraints require ledger audit,adaptive,V4_CAUSAL_7_EXPERTS_RIDGE_ANCHOR20,disabled,2010-01-04,risk_on,0.01722988108630424,0.02187153504986017,0.0722380777399485,0.8214285714285714,0.10202390274449406,0.9375,0.9375,2009-12-21,2009-12-28,"{""long_momentum"": 0.125, ""mean_reversion"": 0.125, ""medium_momentum"": 0.125, ""ridge"": 0.125, ""risk_adjusted"": 0.125, ""short_momentum"": 0.125, ""trend"": 0.125, ""volume_momentum"": 0.125}",0.06264014885890079,0.75,-0.07998643366478356,0.09508285870751396,3264.TWO,2010-01-04,2010-01-05
0.04441668419495463,1768000,0,0.0754783558982176,0.0754783558982176,0.25235740517283517,D-1 estimated accounting; fill-day constraints require ledger audit,adaptive,V4_CAUSAL_7_EXPERTS_RIDGE_ANCHOR20,disabled,2010-01-04,risk_on,0.01722988108630424,0.02187153504986017,0.0722380777399485,0.8214285714285714,0.10202390274449406,0.9375,0.9375,2009-12-21,2009-12-28,"{""long_momentum"": 0.125, ""mean_reversion"": 0.125, ""medium_momentum"": 0.125, ""ridge"": 0.125, ""risk_adjusted"": 0.125, ""short_momentum"": 0.125, ""trend"": 0.125, ""volume_momentum"": 0.125}",0.15870133800584893,0.75,-0.1463710035179046,0.2750613268295975,3324.TWO,2010-01-04,2010-01-05
0.0393190267366495,232000,0,0.03850368179500156,0.03850368179500156,0.15910223094595485,D-1 estimated accounting; fill-day constraints require ledger audit,adaptive,V4_CAUSAL_7_EXPERTS_RIDGE_ANCHOR20,disabled,2010-01-04,risk_on,0.01722988108630424,0.02187153504986017,0.0722380777399485,0.8214285714285714,0.10202390274449406,0.9375,0.9375,2009-12-21,2009-12-28,"{""long_momentum"": 0.125, ""mean_reversion"": 0.125, ""medium_momentum"": 0.125, ""ridge"": 0.125, ""risk_adjusted"": 0.125, ""short_momentum"": 0.125, ""trend"": 0.125, ""volume_momentum"": 0.125}",0.09321244574245344,0.5,-0.10876826171011368,0.16350923681537455,3533.TW,2010-01-04,2010-01-05
0.03975520016944495,2564000,0,0.02093756256560991,0.02093756256560991,0.1435876208839104,D-1 estimated accounting; fill-day constraints require ledger audit,adaptive,V4_CAUSAL_7_EXPERTS_RIDGE_ANCHOR20,disabled,2010-01-04,risk_on,0.01722988108630424,0.02187153504986017,0.0722380777399485,0.8214285714285714,0.10202390274449406,0.9375,0.9375,2009-12-21,2009-12-28,"{""long_momentum"": 0.125, ""mean_reversion"": 0.125, ""medium_momentum"": 0.125, ""ridge"": 0.125, ""risk_adjusted"": 0.125, ""short_momentum"": 0.125, ""trend"": 0.125, ""volume_momentum"": 0.125}",0.06438207086079895,0.5,-0.08186144731273055,0.10147018395920812,5347.TWO,2010-01-04,2010-01-05
0.04064445844438494,913000,0,0.04569435440145058,0.04569435440145058,0.30174116609700313,D-1 estimated accounting; fill-day constraints require ledger audit,adaptive,V4_CAUSAL_7_EXPERTS_RIDGE_ANCHOR20,disabled,2010-01-04,risk_on,0.01722988108630424,0.02187153504986017,0.0722380777399485,0.8214285714285714,0.10202390274449406,0.9375,0.9375,2009-12-21,2009-12-28,"{""long_momentum"": 0.125, ""mean_reversion"": 0.125, ""medium_momentum"": 0.125, ""ridge"": 0.125, ""risk_adjusted"": 0.125, ""short_momentum"": 0.125, ""trend"": 0.125, ""volume_momentum"": 0.125}",0.07531021531929176,0.75,-0.07682508589245204,0.14594740621061092,6023.TWO,2010-01-04,2010-01-05
0.04163981568036034,379000,0,0.02868905275580617,0.02868905275580617,0.26502368105983193,D-1 estimated accounting; fill-day constraints require ledger audit,adaptive,V4_CAUSAL_7_EXPERTS_RIDGE_ANCHOR20,disabled,2010-01-04,risk_on,0.01722988108630424,0.02187153504986017,0.0722380777399485,0.8214285714285714,0.10202390274449406,0.9375,0.9375,2009-12-21,2009-12-28,"{""long_momentum"": 0.125, ""mean_reversion"": 0.125, ""medium_momentum"": 0.125, ""ridge"": 0.125, ""risk_adjusted"": 0.125, ""short_momentum"": 0.125, ""trend"": 0.125, ""volume_momentum"": 0.125}",0.061648803339968083,0.75,-0.06734575247669969,0.10245746950356978,6239.TW,2010-01-04,2010-01-05
0.04200341098136592,2938000,0,0.024870977023267713,0.024870977023267713,0.23787865532077326,D-1 estimated accounting; fill-day constraints require ledger audit,adaptive,V4_CAUSAL_7_EXPERTS_RIDGE_ANCHOR20,disabled,2010-01-04,risk_on,0.01722988108630424,0.02187153504986017,0.0722380777399485,0.8214285714285714,0.10202390274449406,0.9375,0.9375,2009-12-21,2009-12-28,"{""long_momentum"": 0.125, ""mean_reversion"": 0.125, ""medium_momentum"": 0.125, ""ridge"": 0.125, ""risk_adjusted"": 0.125, ""short_momentum"": 0.125, ""trend"": 0.125, ""volume_momentum"": 0.125}",0.06430827053150176,0.75,-0.0777629338859038,0.10523849944769696,6274.TWO,2010-01-04,2010-01-05
0.04163377589130709,151000,0,0.03745869258923297,0.03745869258923297,0.26780189071151117,D-1 estimated accounting; fill-day constraints require ledger audit,adaptive,V4_CAUSAL_7_EXPERTS_RIDGE_ANCHOR20,disabled,2010-01-04,risk_on,0.01722988108630424,0.02187153504986017,0.0722380777399485,0.8214285714285714,0.10202390274449406,0.9375,0.9375,2009-12-21,2009-12-28,"{""long_momentum"": 0.125, ""mean_reversion"": 0.125, ""medium_momentum"": 0.125, ""ridge"": 0.125, ""risk_adjusted"": 0.125, ""short_momentum"": 0.125, ""trend"": 0.125, ""volume_momentum"": 0.125}",0.07645017454878364,0.75,-0.08681033253373197,0.13946132922745566,8299.TWO,2010-01-04,2010-01-05
0.0401044241655403,2243000,0,0.06794003531477487,0.06794003531477487,0.45955539831877357,D-1 estimated accounting; fill-day constraints require ledger audit,adaptive,V4_CAUSAL_7_EXPERTS_RIDGE_ANCHOR20,disabled,2010-01-05,risk_on,0.017347532081688592,0.012004628710030163,0.045715001437087954,0.6428571428571429,0.09211874238499353,0.8214285714285714,0.9464285714285714,2009-12-21,2009-12-28,"{""long_momentum"": 0.125, ""mean_reversion"": 0.125, ""medium_momentum"": 0.125, ""ridge"": 0.125, ""risk_adjusted"": 0.125, ""short_momentum"": 0.125, ""trend"": 0.125, ""volume_momentum"": 0.125}",0.08577866450164975,1.0,-0.0696138471774972,0.18322752932230468,1815.TWO,2010-01-05,2010-01-06
0.03798052674513475,3544000,0,0.04088222902726271,0.04088222902726271,0.2947440588210688,D-1 estimated accounting; fill-day constraints require ledger audit,adaptive,V4_CAUSAL_7_EXPERTS_RIDGE_ANCHOR20,disabled,2010-01-05,risk_on,0.017347532081688592,0.012004628710030163,0.045715001437087954,0.6428571428571429,0.09211874238499353,0.8214285714285714,0.9464285714285714,2009-12-21,2009-12-28,"{""long_momentum"": 0.125, ""mean_reversion"": 0.125, ""medium_momentum"": 0.125, ""ridge"": 0.125, ""risk_adjusted"": 0.125, ""short_momentum"": 0.125, ""trend"": 0.125, ""volume_momentum"": 0.125}",0.07086879865447737,0.75,-0.07441622375405062,0.13391429332383378,2313.TW,2010-01-05,2010-01-06
0.04228883025416065,3528000,0,0.03762307987372692,0.03762307987372692,0.2965827803217921,D-1 estimated accounting; fill-day constraints require ledger audit,adaptive,V4_CAUSAL_7_EXPERTS_RIDGE_ANCHOR20,disabled,2010-01-05,risk_on,0.017347532081688592,0.012004628710030163,0.045715001437087954,0.6428571428571429,0.09211874238499353,0.8214285714285714,0.9464285714285714,2009-12-21,2009-12-28,"{""long_momentum"": 0.125, ""mean_reversion"": 0.125, ""medium_momentum"": 0.125, ""ridge"": 0.125, ""risk_adjusted"": 0.125, ""short_momentum"": 0.125, ""trend"": 0.125, ""volume_momentum"": 0.125}",0.06516237506944504,0.75,-0.06687789707468558,0.11985766833739717,2327.TW,2010-01-05,2010-01-06
0.04077710382913507,2255000,0,0.026352621561498875,0.026352621561498875,0.3319106154923304,D-1 estimated accounting; fill-day constraints require ledger audit,adaptive,V4_CAUSAL_7_EXPERTS_RIDGE_ANCHOR20,disabled,2010-01-05,risk_on,0.017347532081688592,0.012004628710030163,0.045715001437087954,0.6428571428571429,0.09211874238499353,0.8214285714285714,0.9464285714285714,2009-12-21,2009-12-28,"{""long_momentum"": 0.125, ""mean_reversion"": 0.125, ""medium_momentum"": 0.125, ""ridge"": 0.125, ""risk_adjusted"": 0.125, ""short_momentum"": 0.125, ""trend"": 0.125, ""volume_momentum"": 0.125}",0.06310841733896784,1.0,-0.07347911797179221,0.1039179726100477,2337.TW,2010-01-05,2010-01-06
0.041200537547620125,4225000,0,0.07519191229048618,0.07519191229048618,0.31832458766046345,D-1 estimated accounting; fill-day constraints require ledger audit,adaptive,V4_CAUSAL_7_EXPERTS_RIDGE_ANCHOR20,disabled,2010-01-05,risk_on,0.017347532081688592,0.012004628710030163,0.045715001437087954,0.6428571428571429,0.09211874238499353,0.8214285714285714,0.9464285714285714,2009-12-21,2009-12-28,"{""long_momentum"": 0.125, ""mean_reversion"": 0.125, ""medium_momentum"": 0.125, ""ridge"": 0.125, ""risk_adjusted"": 0.125, ""short_momentum"": 0.125, ""trend"": 0.125, ""volume_momentum"": 0.125}",0.10874710325931587,0.75,-0.09102737681762134,0.2191448129138514,2344.TW,2010-01-05,2010-01-06
0.04178957660983028,2654000,0,0.03486469394291697,0.03486469394291697,0.3985412976320441,D-1 estimated accounting; fill-day constraints require ledger audit,adaptive,V4_CAUSAL_7_EXPERTS_RIDGE_ANCHOR20,disabled,2010-01-05,risk_on,0.017347532081688592,0.012004628710030163,0.045715001437087954,0.6428571428571429,0.09211874238499353,0.8214285714285714,0.9464285714285714,2009-12-21,2009-12-28,"{""long_momentum"": 0.125, ""mean_reversion"": 0.125, ""medium_momentum"": 0.125, ""ridge"": 0.125, ""risk_adjusted"": 0.125, ""short_momentum"": 0.125, ""trend"": 0.125, ""volume_momentum"": 0.125}",0.06016181317134025,1.0,-0.056594537016650556,0.10405753641774224,2345.TW,2010-01-05,2010-01-06
0.04031454134114979,1316000,0,0.005674995478079785,0.005674995478079785,0.10928879652824638,D-1 estimated accounting; fill-day constraints require ledger audit,adaptive,V4_CAUSAL_7_EXPERTS_RIDGE_ANCHOR20,disabled,2010-01-05,risk_on,0.017347532081688592,0.012004628710030163,0.045715001437087954,0.6428571428571429,0.09211874238499353,0.8214285714285714,0.9464285714285714,2009-12-21,2009-12-28,"{""long_momentum"": 0.125, ""mean_reversion"": 0.125, ""medium_momentum"": 0.125, ""ridge"": 0.125, ""risk_adjusted"": 0.125, ""short_momentum"": 0.125, ""trend"": 0.125, ""volume_momentum"": 0.125}",0.06258271128503361,0.75,-0.09284689995678055,0.08193050242819785,2376.TW,2010-01-05,2010-01-06
0.04186664073405684,1262000,0,0.0756633226055021,0.0756633226055021,0.3089627652628929,D-1 estimated accounting; fill-day constraints require ledger audit,adaptive,V4_CAUSAL_7_EXPERTS_RIDGE_ANCHOR20,disabled,2010-01-05,risk_on,0.017347532081688592,0.012004628710030163,0.045715001437087954,0.6428571428571429,0.09211874238499353,0.8214285714285714,0.9464285714285714,2009-12-21,2009-12-28,"{""long_momentum"": 0.125, ""mean_reversion"": 0.125, ""medium_momentum"": 0.125, ""ridge"": 0.125, ""risk_adjusted"": 0.125, ""short_momentum"": 0.125, ""trend"": 0.125, ""volume_momentum"": 0.125}",0.11514503605755541,0.75,-0.09801693581874579,0.22707719254500774,2408.TW,2010-01-05,2010-01-06
0.04068135133738601,2715000,0,0.011873510101300193,0.011873510101300193,0.1607055210434261,D-1 estimated accounting; fill-day constraints require ledger audit,adaptive,V4_CAUSAL_7_EXPERTS_RIDGE_ANCHOR20,disabled,2010-01-05,risk_on,0.017347532081688592,0.012004628710030163,0.045715001437087954,0.6428571428571429,0.09211874238499353,0.8214285714285714,0.9464285714285714,2009-12-21,2009-12-28,"{""long_momentum"": 0.125, ""mean_reversion"": 0.125, ""medium_momentum"": 0.125, ""ridge"": 0.125, ""risk_adjusted"": 0.125, ""short_momentum"": 0.125, ""trend"": 0.125, ""volume_momentum"": 0.125}",0.061873831581848684,0.75,-0.08478198155898435,0.08626261327684248,2449.TW,2010-01-05,2010-01-06
0.04112083267580886,3200000,0,0.012538245202254501,0.012538245202254501,0.11285298261668078,D-1 estimated accounting; fill-day constraints require ledger audit,adaptive,V4_CAUSAL_7_EXPERTS_RIDGE_ANCHOR20,disabled,2010-01-05,risk_on,0.017347532081688592,0.012004628710030163,0.045715001437087954,0.6428571428571429,0.09211874238499353,0.8214285714285714,0.9464285714285714,2009-12-21,2009-12-28,"{""long_momentum"": 0.125, ""mean_reversion"": 0.125, ""medium_momentum"": 0.125, ""ridge"": 0.125, ""risk_adjusted"": 0.125, ""short_momentum"": 0.125, ""trend"": 0.125, ""volume_momentum"": 0.125}",0.06016570552904934,0.5,-0.07893435810545349,0.08174446002522023,2890.TW,2010-01-05,2010-01-06
0.04047412882739821,889000,0,0.01684251453145073,0.01684251453145073,0.2027061045710073,D-1 estimated accounting; fill-day constraints require ledger audit,adaptive,V4_CAUSAL_7_EXPERTS_RIDGE_ANCHOR20,disabled,2010-01-05,risk_on,0.017347532081688592,0.012004628710030163,0.045715001437087954,0.6428571428571429,0.09211874238499353,0.8214285714285714,0.9464285714285714,2009-12-21,2009-12-28,"{""long_momentum"": 0.125, ""mean_reversion"": 0.125, ""medium_momentum"": 0.125, ""ridge"": 0.125, ""risk_adjusted"": 0.125, ""short_momentum"": 0.125, ""trend"": 0.125, ""volume_momentum"": 0.125}",0.05897343293721333,0.75,-0.06995117104584328,0.08136981162400249,3037.TW,2010-01-05,2010-01-06
0.04049154760473575,381000,0,0.023298490098240678,0.023298490098240678,0.2328600196171735,D-1 estimated accounting; fill-day constraints require ledger audit,adaptive,V4_CAUSAL_7_EXPERTS_RIDGE_ANCHOR20,disabled,2010-01-05,risk_on,0.017347532081688592,0.012004628710030163,0.045715001437087954,0.6428571428571429,0.09211874238499353,0.8214285714285714,0.9464285714285714,2009-12-21,2009-12-28,"{""long_momentum"": 0.125, ""mean_reversion"": 0.125, ""medium_momentum"": 0.125, ""ridge"": 0.125, ""risk_adjusted"": 0.125, ""short_momentum"": 0.125, ""trend"": 0.125, ""volume_momentum"": 0.125}",0.06284582745602633,0.75,-0.0758861148086434,0.1002167065203825,3044.TW,2010-01-05,2010-01-06
0.04009264236862395,365000,0,0.014318097839725341,0.014318097839725341,0.17091290766839326,D-1 estimated accounting; fill-day constraints require ledger audit,adaptive,V4_CAUSAL_7_EXPERTS_RIDGE_ANCHOR20,disabled,2010-01-05,risk_on,0.017347532081688592,0.012004628710030163,0.045715001437087954,0.6428571428571429,0.09211874238499353,0.8214285714285714,0.9464285714285714,2009-12-21,2009-12-28,"{""long_momentum"": 0.125, ""mean_reversion"": 0.125, ""medium_momentum"": 0.125, ""ridge"": 0.125, ""risk_adjusted"": 0.125, ""short_momentum"": 0.125, ""trend"": 0.125, ""volume_momentum"": 0.125}",0.06545357667829797,0.75,-0.09079923094126333,0.09716903813597175,3211.TWO,2010-01-05,2010-01-06
0.040268607568258244,394000,0,0.05668501432361632,0.05668501432361632,0.45400449966932266,D-1 estimated accounting; fill-day constraints require ledger audit,adaptive,V4_CAUSAL_7_EXPERTS_RIDGE_ANCHOR20,disabled,2010-01-05,risk_on,0.017347532081688592,0.012004628710030163,0.045715001437087954,0.6428571428571429,0.09211874238499353,0.8214285714285714,0.9464285714285714,2009-12-21,2009-12-28,"{""long_momentum"": 0.125, ""mean_reversion"": 0.125, ""medium_momentum"": 0.125, ""ridge"": 0.125, ""risk_adjusted"": 0.125, ""short_momentum"": 0.125, ""trend"": 0.125, ""volume_momentum"": 0.125}",0.07418371466154797,1.0,-0.06406853571424403,0.15517217587673443,3260.TWO,2010-01-05,2010-01-06
0.0401700619781023,1943000,0,0.015331892426264412,0.015331892426264412,0.12472606852248813,D-1 estimated accounting; fill-day constraints require ledger audit,adaptive,V4_CAUSAL_7_EXPERTS_RIDGE_ANCHOR20,disabled,2010-01-05,risk_on,0.017347532081688592,0.012004628710030163,0.045715001437087954,0.6428571428571429,0.09211874238499353,0.8214285714285714,0.9464285714285714,2009-12-21,2009-12-28,"{""long_momentum"": 0.125, ""mean_reversion"": 0.125, ""medium_momentum"": 0.125, ""ridge"": 0.125, ""risk_adjusted"": 0.125, ""short_momentum"": 0.125, ""trend"": 0.125, ""volume_momentum"": 0.125}",0.06117429415973614,0.5,-0.07934122842653744,0.08773862479432401,3264.TWO,2010-01-05,2010-01-06
0.04239070217060117,1768000,0,0.07178152303758269,0.07178152303758269,0.28856446532656604,D-1 estimated accounting; fill-day constraints require ledger audit,adaptive,V4_CAUSAL_7_EXPERTS_RIDGE_ANCHOR20,disabled,2010-01-05,risk_on,0.017347532081688592,0.012004628710030163,0.045715001437087954,0.6428571428571429,0.09211874238499353,0.8214285714285714,0.9464285714285714,2009-12-21,2009-12-28,"{""long_momentum"": 0.125, ""mean_reversion"": 0.125, ""medium_momentum"": 0.125, ""ridge"": 0.125, ""risk_adjusted"": 0.125, ""short_momentum"": 0.125, ""trend"": 0.125, ""volume_momentum"": 0.125}",0.12277923096245418,0.75,-0.11062376733490713,0.23192042492533027,3324.TWO,2010-01-05,2010-01-06
0.03896372277616498,232000,0,0.04758649527929079,0.04758649527929079,0.43977819036246024,D-1 estimated accounting; fill-day constraints require ledger audit,adaptive,V4_CAUSAL_7_EXPERTS_RIDGE_ANCHOR20,disabled,2010-01-05,risk_on,0.017347532081688592,0.012004628710030163,0.045715001437087954,0.6428571428571429,0.09211874238499353,0.8214285714285714,0.9464285714285714,2009-12-21,2009-12-28,"{""long_momentum"": 0.125, ""mean_reversion"": 0.125, ""medium_momentum"": 0.125, ""ridge"": 0.125, ""risk_adjusted"": 0.125, ""short_momentum"": 0.125, ""trend"": 0.125, ""volume_momentum"": 0.125}",0.06698854602948714,1.0,-0.060637696881036623,0.13354429895487593,3533.TW,2010-01-05,2010-01-06
0.04063318308576895,2564000,0,0.02724256514831801,0.02724256514831801,0.3454905352110221,D-1 estimated accounting; fill-day constraints require ledger audit,adaptive,V4_CAUSAL_7_EXPERTS_RIDGE_ANCHOR20,disabled,2010-01-05,risk_on,0.017347532081688592,0.012004628710030163,0.045715001437087954,0.6428571428571429,0.09211874238499353,0.8214285714285714,0.9464285714285714,2009-12-21,2009-12-28,"{""long_momentum"": 0.125, ""mean_reversion"": 0.125, ""medium_momentum"": 0.125, ""ridge"": 0.125, ""risk_adjusted"": 0.125, ""short_momentum"": 0.125, ""trend"": 0.125, ""volume_momentum"": 0.125}",0.06108145349266902,1.0,-0.06715481531554202,0.09937355712743577,5347.TWO,2010-01-05,2010-01-06
0.04022084558550037,913000,0,0.03822081632730956,0.03822081632730956,0.3850859763199256,D-1 estimated accounting; fill-day constraints require ledger audit,adaptive,V4_CAUSAL_7_EXPERTS_RIDGE_ANCHOR20,disabled,2010-01-05,risk_on,0.017347532081688592,0.012004628710030163,0.045715001437087954,0.6428571428571429,0.09211874238499353,0.8214285714285714,0.9464285714285714,2009-12-21,2009-12-28,"{""long_momentum"": 0.125, ""mean_reversion"": 0.125, ""medium_momentum"": 0.125, ""ridge"": 0.125, ""risk_adjusted"": 0.125, ""short_momentum"": 0.125, ""trend"": 0.125, ""volume_momentum"": 0.125}",0.0690159800898161,1.0,-0.07381446949570475,0.1279897136655816,6023.TWO,2010-01-05,2010-01-06
0.04162833865634142,379000,0,0.022081383683132477,0.022081383683132477,0.23231727633175964,D-1 estimated accounting; fill-day constraints require ledger audit,adaptive,V4_CAUSAL_7_EXPERTS_RIDGE_ANCHOR20,disabled,2010-01-05,risk_on,0.017347532081688592,0.012004628710030163,0.045715001437087954,0.6428571428571429,0.09211874238499353,0.8214285714285714,0.9464285714285714,2009-12-21,2009-12-28,"{""long_momentum"": 0.125, ""mean_reversion"": 0.125, ""medium_momentum"": 0.125, ""ridge"": 0.125, ""risk_adjusted"": 0.125, ""short_momentum"": 0.125, ""trend"": 0.125, ""volume_momentum"": 0.125}",0.060346628916947566,0.75,-0.07000283001786793,0.09189920889939063,6239.TW,2010-01-05,2010-01-06
0.04252987464667556,2938000,0,0.026484009469085332,0.026484009469085332,0.24197055333685133,D-1 estimated accounting; fill-day constraints require ledger audit,adaptive,V4_CAUSAL_7_EXPERTS_RIDGE_ANCHOR20,disabled,2010-01-05,risk_on,0.017347532081688592,0.012004628710030163,0.045715001437087954,0.6428571428571429,0.09211874238499353,0.8214285714285714,0.9464285714285714,2009-12-21,2009-12-28,"{""long_momentum"": 0.125, ""mean_reversion"": 0.125, ""medium_momentum"": 0.125, ""ridge"": 0.125, ""risk_adjusted"": 0.125, ""short_momentum"": 0.125, ""trend"": 0.125, ""volume_momentum"": 0.125}",0.06610227438315652,0.75,-0.07997371883611454,0.11067534928954294,6274.TWO,2010-01-05,2010-01-06
0.04093057189069202,151000,0,0.033482223022218566,0.033482223022218566,0.27531175015273723,D-1 estimated accounting; fill-day constraints require ledger audit,adaptive,V4_CAUSAL_7_EXPERTS_RIDGE_ANCHOR20,disabled,2010-01-05,risk_on,0.017347532081688592,0.012004628710030163,0.045715001437087954,0.6428571428571429,0.09211874238499353,0.8214285714285714,0.9464285714285714,2009-12-21,2009-12-28,"{""long_momentum"": 0.125, ""mean_reversion"": 0.125, ""medium_momentum"": 0.125, ""ridge"": 0.125, ""risk_adjusted"": 0.125, ""short_momentum"": 0.125, ""trend"": 0.125, ""volume_momentum"": 0.125}",0.06635045212024111,0.75,-0.0734772903809706,0.11817534794066548,8299.TWO,2010-01-05,2010-01-06
0.0396342464223895,2243000,0,0.0663866843541144,0.0663866843541144,0.3252041449990097,D-1 estimated accounting; fill-day constraints require ledger audit,adaptive,V4_CAUSAL_7_EXPERTS_RIDGE_ANCHOR20,disabled,2010-01-06,risk_on,0.0177746423030569,0.012092120252533478,0.07109950778735774,0.6428571428571429,0.08618590322051446,0.8482142857142857,0.9732142857142857,2009-12-21,2009-12-28,"{""long_momentum"": 0.125, ""mean_reversion"": 0.125, ""medium_momentum"": 0.125, ""ridge"": 0.125, ""risk_adjusted"": 0.125, ""short_momentum"": 0.125, ""trend"": 0.125, ""volume_momentum"": 0.125}",0.09324840437068907,0.75,-0.08093096940459685,0.19143794962808341,1815.TWO,2010-01-06,2010-01-07
0.038146625790164986,3544000,0,0.03811795374859794,0.03811795374859794,0.26360549269176065,D-1 estimated accounting; fill-day constraints require ledger audit,adaptive,V4_CAUSAL_7_EXPERTS_RIDGE_ANCHOR20,disabled,2010-01-06,risk_on,0.0177746423030569,0.012092120252533478,0.07109950778735774,0.6428571428571429,0.08618590322051446,0.8482142857142857,0.9732142857142857,2009-12-21,2009-12-28,"{""long_momentum"": 0.125, ""mean_reversion"": 0.125, ""medium_momentum"": 0.125, ""ridge"": 0.125, ""risk_adjusted"": 0.125, ""short_momentum"": 0.125, ""trend"": 0.125, ""volume_momentum"": 0.125}",0.07955955566605788,0.75,-0.09076047710545854,0.14472999611791215,2313.TW,2010-01-06,2010-01-07
0.043527295399789084,3528000,0,0.041840313610089025,0.041840313610089025,0.2879735645569595,D-1 estimated accounting; fill-day constraints require ledger audit,adaptive,V4_CAUSAL_7_EXPERTS_RIDGE_ANCHOR20,disabled,2010-01-06,risk_on,0.0177746423030569,0.012092120252533478,0.07109950778735774,0.6428571428571429,0.08618590322051446,0.8482142857142857,0.9732142857142857,2009-12-21,2009-12-28,"{""long_momentum"": 0.125, ""mean_reversion"": 0.125, ""medium_momentum"": 0.125, ""ridge"": 0.125, ""risk_adjusted"": 0.125, ""short_momentum"": 0.125, ""trend"": 0.125, ""volume_momentum"": 0.125}",0.07515086728741385,0.75,-0.08043165861695724,0.14184589735239303,2327.TW,2010-01-06,2010-01-07
0.040991248439861294,2255000,0,0.022170467906138424,0.022170467906138424,0.2291224228172579,D-1 estimated accounting; fill-day constraints require ledger audit,adaptive,V4_CAUSAL_7_EXPERTS_RIDGE_ANCHOR20,disabled,2010-01-06,risk_on,0.0177746423030569,0.012092120252533478,0.07109950778735774,0.6428571428571429,0.08618590322051446,0.8482142857142857,0.9732142857142857,2009-12-21,2009-12-28,"{""long_momentum"": 0.125, ""mean_reversion"": 0.125, ""medium_momentum"": 0.125, ""ridge"": 0.125, ""risk_adjusted"": 0.125, ""short_momentum"": 0.125, ""trend"": 0.125, ""volume_momentum"": 0.125}",0.06176823429088166,0.75,-0.07419561821782525,0.09627016554535985,2337.TW,2010-01-06,2010-01-07
0.040627805824781954,4225000,0,0.07754601315313712,0.07754601315313712,0.34809794902129054,D-1 estimated accounting; fill-day constraints require ledger audit,adaptive,V4_CAUSAL_7_EXPERTS_RIDGE_ANCHOR20,disabled,2010-01-06,risk_on,0.0177746423030569,0.012092120252533478,0.07109950778735774,0.6428571428571429,0.08618590322051446,0.8482142857142857,0.9732142857142857,2009-12-21,2009-12-28,"{""long_momentum"": 0.125, ""mean_reversion"": 0.125, ""medium_momentum"": 0.125, ""ridge"": 0.125, ""risk_adjusted"": 0.125, ""short_momentum"": 0.125, ""trend"": 0.125, ""volume_momentum"": 0.125}",0.09530481888685949,0.75,-0.07236829194111165,0.20519392976264367,2344.TW,2010-01-06,2010-01-07
0.041504839005525214,2654000,0,0.03238405354070652,0.03238405354070652,0.3832301509365804,D-1 estimated accounting; fill-day constraints require ledger audit,adaptive,V4_CAUSAL_7_EXPERTS_RIDGE_ANCHOR20,disabled,2010-01-06,risk_on,0.0177746423030569,0.012092120252533478,0.07109950778735774,0.6428571428571429,0.08618590322051446,0.8482142857142857,0.9732142857142857,2009-12-21,2009-12-28,"{""long_momentum"": 0.125, ""mean_reversion"": 0.125, ""medium_momentum"": 0.125, ""ridge"": 0.125, ""risk_adjusted"": 0.125, ""short_momentum"": 0.125, ""trend"": 0.125, ""volume_momentum"": 0.125}",0.060165822034957905,1.0,-0.059088949883636,0.10159066848030678,2345.TW,2010-01-06,2010-01-07
0.04076767891814696,1316000,0,0.005784423635963043,0.005784423635963043,0.11273241431369972,D-1 estimated accounting; fill-day constraints require ledger audit,adaptive,V4_CAUSAL_7_EXPERTS_RIDGE_ANCHOR20,disabled,2010-01-06,risk_on,0.0177746423030569,0.012092120252533478,0.07109950778735774,0.6428571428571429,0.08618590322051446,0.8482142857142857,0.9732142857142857,2009-12-21,2009-12-28,"{""long_momentum"": 0.125, ""mean_reversion"": 0.125, ""medium_momentum"": 0.125, ""ridge"": 0.125, ""risk_adjusted"": 0.125, ""short_momentum"": 0.125, ""trend"": 0.125, ""volume_momentum"": 0.125}",0.06096350952250703,0.75,-0.08825781966621447,0.0775602784533983,2376.TW,2010-01-06,2010-01-07
0.04313320589091798,1262000,0,0.0791423870061039,0.0791423870061039,0.3390320211599078,D-1 estimated accounting; fill-day constraints require ledger audit,adaptive,V4_CAUSAL_7_EXPERTS_RIDGE_ANCHOR20,disabled,2010-01-06,risk_on,0.0177746423030569,0.012092120252533478,0.07109950778735774,0.6428571428571429,0.08618590322051446,0.8482142857142857,0.9732142857142857,2009-12-21,2009-12-28,"{""long_momentum"": 0.125, ""mean_reversion"": 0.125, ""medium_momentum"": 0.125, ""ridge"": 0.125, ""risk_adjusted"": 0.125, ""short_momentum"": 0.125, ""trend"": 0.125, ""volume_momentum"": 0.125}",0.10199575427823505,0.75,-0.07901427994542287,0.2150326654728884,2408.TW,2010-01-06,2010-01-07
0.04135579265771566,2715000,0,0.013767786002500466,0.013767786002500466,0.18143590192928638,D-1 estimated accounting; fill-day constraints require ledger audit,adaptive,V4_CAUSAL_7_EXPERTS_RIDGE_ANCHOR20,disabled,2010-01-06,risk_on,0.0177746423030569,0.012092120252533478,0.07109950778735774,0.6428571428571429,0.08618590322051446,0.8482142857142857,0.9732142857142857,2009-12-21,2009-12-28,"{""long_momentum"": 0.125, ""mean_reversion"": 0.125, ""medium_momentum"": 0.125, ""ridge"": 0.125, ""risk_adjusted"": 0.125, ""short_momentum"": 0.125, ""trend"": 0.125, ""volume_momentum"": 0.125}",0.05881244675298431,0.75,-0.07226495630044463,0.0775341398207033,2449.TW,2010-01-06,2010-01-07
0.041593271818156086,3200000,0,0.01532284127703463,0.01532284127703463,0.2560645488519478,D-1 estimated accounting; fill-day constraints require ledger audit,adaptive,V4_CAUSAL_7_EXPERTS_RIDGE_ANCHOR20,disabled,2010-01-06,risk_on,0.0177746423030569,0.012092120252533478,0.07109950778735774,0.6428571428571429,0.08618590322051446,0.8482142857142857,0.9732142857142857,2009-12-21,2009-12-28,"{""long_momentum"": 0.125, ""mean_reversion"": 0.125, ""medium_momentum"": 0.125, ""ridge"": 0.125, ""risk_adjusted"": 0.125, ""short_momentum"": 0.125, ""trend"": 0.125, ""volume_momentum"": 0.125}",0.05904324578246283,1.0,-0.07178777089112143,0.08016706496044843,2890.TW,2010-01-06,2010-01-07
0.040278760193435174,889000,0,0.017121066547292018,0.017121066547292018,0.19559603612180287,D-1 estimated accounting; fill-day constraints require ledger audit,adaptive,V4_CAUSAL_7_EXPERTS_RIDGE_ANCHOR20,disabled,2010-01-06,risk_on,0.0177746423030569,0.012092120252533478,0.07109950778735774,0.6428571428571429,0.08618590322051446,0.8482142857142857,0.9732142857142857,2009-12-21,2009-12-28,"{""long_momentum"": 0.125, ""mean_reversion"": 0.125, ""medium_momentum"": 0.125, ""ridge"": 0.125, ""risk_adjusted"": 0.125, ""short_momentum"": 0.125, ""trend"": 0.125, ""volume_momentum"": 0.125}",0.06270069282689837,0.75,-0.08169982836032308,0.09367557297016488,3037.TW,2010-01-06,2010-01-07
0.03950845049259656,381000,0,0.019478304162628045,0.019478304162628045,0.19217512296586903,D-1 estimated accounting; fill-day constraints require ledger audit,adaptive,V4_CAUSAL_7_EXPERTS_RIDGE_ANCHOR20,disabled,2010-01-06,risk_on,0.0177746423030569,0.012092120252533478,0.07109950778735774,0.6428571428571429,0.08618590322051446,0.8482142857142857,0.9732142857142857,2009-12-21,2009-12-28,"{""long_momentum"": 0.125, ""mean_reversion"": 0.125, ""medium_momentum"": 0.125, ""ridge"": 0.125, ""risk_adjusted"": 0.125, ""short_momentum"": 0.125, ""trend"": 0.125, ""volume_momentum"": 0.125}",0.0710529375435714,0.75,-0.09613499162576705,0.11282521146628088,3044.TW,2010-01-06,2010-01-07
0.04026358142708809,365000,0,0.009437804664747872,0.009437804664747872,0.13710995144232915,D-1 estimated accounting; fill-day constraints require ledger audit,adaptive,V4_CAUSAL_7_EXPERTS_RIDGE_ANCHOR20,disabled,2010-01-06,risk_on,0.0177746423030569,0.012092120252533478,0.07109950778735774,0.6428571428571429,0.08618590322051446,0.8482142857142857,0.9732142857142857,2009-12-21,2009-12-28,"{""long_momentum"": 0.125, ""mean_reversion"": 0.125, ""medium_momentum"": 0.125, ""ridge"": 0.125, ""risk_adjusted"": 0.125, ""short_momentum"": 0.125, ""trend"": 0.125, ""volume_momentum"": 0.125}",0.06453788881812453,0.75,-0.09370733204851497,0.09031655289326848,3211.TWO,2010-01-06,2010-01-07
0.0399735603831385,394000,0,0.04733050491799675,0.04733050491799675,0.31022699124081926,D-1 estimated accounting; fill-day constraints require ledger audit,adaptive,V4_CAUSAL_7_EXPERTS_RIDGE_ANCHOR20,disabled,2010-01-06,risk_on,0.0177746423030569,0.012092120252533478,0.07109950778735774,0.6428571428571429,0.08618590322051446,0.8482142857142857,0.9732142857142857,2009-12-21,2009-12-28,"{""long_momentum"": 0.125, ""mean_reversion"": 0.125, ""medium_momentum"": 0.125, ""ridge"": 0.125, ""risk_adjusted"": 0.125, ""short_momentum"": 0.125, ""trend"": 0.125, ""volume_momentum"": 0.125}",0.0741829184676257,0.75,-0.07342178303979277,0.145816404391044,3260.TWO,2010-01-06,2010-01-07
0.04025408835248305,1943000,0,0.0157111792589668,0.0157111792589668,0.12392144171904539,D-1 estimated accounting; fill-day constraints require ledger audit,adaptive,V4_CAUSAL_7_EXPERTS_RIDGE_ANCHOR20,disabled,2010-01-06,risk_on,0.0177746423030569,0.012092120252533478,0.07109950778735774,0.6428571428571429,0.08618590322051446,0.8482142857142857,0.9732142857142857,2009-12-21,2009-12-28,"{""long_momentum"": 0.125, ""mean_reversion"": 0.125, ""medium_momentum"": 0.125, ""ridge"": 0.125, ""risk_adjusted"": 0.125, ""short_momentum"": 0.125, ""trend"": 0.125, ""volume_momentum"": 0.125}",0.06285458212849017,0.5,-0.08349522416589089,0.09265119419908223,3264.TWO,2010-01-06,2010-01-07
0.042913926020562605,1768000,0,0.07826195820525171,0.07826195820525171,0.3412821845532211,D-1 estimated accounting; fill-day constraints require ledger audit,adaptive,V4_CAUSAL_7_EXPERTS_RIDGE_ANCHOR20,disabled,2010-01-06,risk_on,0.0177746423030569,0.012092120252533478,0.07109950778735774,0.6428571428571429,0.08618590322051446,0.8482142857142857,0.9732142857142857,2009-12-21,2009-12-28,"{""long_momentum"": 0.125, ""mean_reversion"": 0.125, ""medium_momentum"": 0.125, ""ridge"": 0.125, ""risk_adjusted"": 0.125, ""short_momentum"": 0.125, ""trend"": 0.125, ""volume_momentum"": 0.125}",0.09971409938090275,0.75,-0.07711598340674465,0.21137351133250581,3324.TWO,2010-01-06,2010-01-07
0.03729712252577634,232000,0,0.046473403221773485,0.046473403221773485,0.2725142904863643,D-1 estimated accounting; fill-day constraints require ledger audit,adaptive,V4_CAUSAL_7_EXPERTS_RIDGE_ANCHOR20,disabled,2010-01-06,risk_on,0.0177746423030569,0.012092120252533478,0.07109950778735774,0.6428571428571429,0.08618590322051446,0.8482142857142857,0.9732142857142857,2009-12-21,2009-12-28,"{""long_momentum"": 0.125, ""mean_reversion"": 0.125, ""medium_momentum"": 0.125, ""ridge"": 0.125, ""risk_adjusted"": 0.125, ""short_momentum"": 0.125, ""trend"": 0.125, ""volume_momentum"": 0.125}",0.09018908481667227,0.75,-0.09691426156280733,0.16759467952161206,3533.TW,2010-01-06,2010-01-07
0.04152968852434428,2564000,0,0.029719637991910988,0.029719637991910988,0.3640232839232949,D-1 estimated accounting; fill-day constraints require ledger audit,adaptive,V4_CAUSAL_7_EXPERTS_RIDGE_ANCHOR20,disabled,2010-01-06,risk_on,0.0177746423030569,0.012092120252533478,0.07109950778735774,0.6428571428571429,0.08618590322051446,0.8482142857142857,0.9732142857142857,2009-12-21,2009-12-28,"{""long_momentum"": 0.125, ""mean_reversion"": 0.125, ""medium_momentum"": 0.125, ""ridge"": 0.125, ""risk_adjusted"": 0.125, ""short_momentum"": 0.125, ""trend"": 0.125, ""volume_momentum"": 0.125}",0.060657881868128864,1.0,-0.06337508151012357,0.10054796900920329,5347.TWO,2010-01-06,2010-01-07
0.039742452243355465,913000,0,0.0352866988225598,0.0352866988225598,0.2617078083827538,D-1 estimated accounting; fill-day constraints require ledger audit,adaptive,V4_CAUSAL_7_EXPERTS_RIDGE_ANCHOR20,disabled,2010-01-06,risk_on,0.0177746423030569,0.012092120252533478,0.07109950778735774,0.6428571428571429,0.08618590322051446,0.8482142857142857,0.9732142857142857,2009-12-21,2009-12-28,"{""long_momentum"": 0.125, ""mean_reversion"": 0.125, ""medium_momentum"": 0.125, ""ridge"": 0.125, ""risk_adjusted"": 0.125, ""short_momentum"": 0.125, ""trend"": 0.125, ""volume_momentum"": 0.125}",0.07516657826395981,0.75,-0.08700970556011448,0.13531671472049184,6023.TWO,2010-01-06,2010-01-07
0.041227864593519445,379000,0,0.019483837879177644,0.019483837879177644,0.21701159906987585,D-1 estimated accounting; fill-day constraints require ledger audit,adaptive,V4_CAUSAL_7_EXPERTS_RIDGE_ANCHOR20,disabled,2010-01-06,risk_on,0.0177746423030569,0.012092120252533478,0.07109950778735774,0.6428571428571429,0.08618590322051446,0.8482142857142857,0.9732142857142857,2009-12-21,2009-12-28,"{""long_momentum"": 0.125, ""mean_reversion"": 0.125, ""medium_momentum"": 0.125, ""ridge"": 0.125, ""risk_adjusted"": 0.125, ""short_momentum"": 0.125, ""trend"": 0.125, ""volume_momentum"": 0.125}",0.060133198666737796,0.75,-0.07187679818898512,0.08857808546259816,6239.TW,2010-01-06,2010-01-07
0.04191768622063461,2938000,0,0.01894932490368827,0.01894932490368827,0.28507778949801077,D-1 estimated accounting; fill-day constraints require ledger audit,adaptive,V4_CAUSAL_7_EXPERTS_RIDGE_ANCHOR20,disabled,2010-01-06,risk_on,0.0177746423030569,0.012092120252533478,0.07109950778735774,0.6428571428571429,0.08618590322051446,0.8482142857142857,0.9732142857142857,2009-12-21,2009-12-28,"{""long_momentum"": 0.125, ""mean_reversion"": 0.125, ""medium_momentum"": 0.125, ""ridge"": 0.125, ""risk_adjusted"": 0.125, ""short_momentum"": 0.125, ""trend"": 0.125, ""volume_momentum"": 0.125}",0.06006046395380314,1.0,-0.07215835857969612,0.08779061990233039,6274.TWO,2010-01-06,2010-01-07
0.04076184093109039,151000,0,0.028361491195133988,0.028361491195133988,0.25723905352430315,D-1 estimated accounting; fill-day constraints require ledger audit,adaptive,V4_CAUSAL_7_EXPERTS_RIDGE_ANCHOR20,disabled,2010-01-06,risk_on,0.0177746423030569,0.012092120252533478,0.07109950778735774,0.6428571428571429,0.08618590322051446,0.8482142857142857,0.9732142857142857,2009-12-21,2009-12-28,"{""long_momentum"": 0.125, ""mean_reversion"": 0.125, ""medium_momentum"": 0.125, ""ridge"": 0.125, ""risk_adjusted"": 0.125, ""short_momentum"": 0.125, ""trend"": 0.125, ""volume_momentum"": 0.125}",0.06390647046756343,0.75,-0.07335977488287737,0.10781636878840309,8299.TWO,2010-01-06,2010-01-07
0.0416274182995577,2243000,0,0.049348689746513005,0.049348689746513005,0.27841497645149726,D-1 estimated accounting; fill-day constraints require ledger audit,adaptive,V4_CAUSAL_7_EXPERTS_RIDGE_ANCHOR20,disabled,2010-01-07,risk_on,0.01785541942013002,0.0,0.04708143293641498,0.49107142857142855,0.08771799889657743,0.7232142857142857,0.8839285714285714,2009-12-21,2009-12-28,"{""long_momentum"": 0.125, ""mean_reversion"": 0.125, ""medium_momentum"": 0.125, ""ridge"": 0.125, ""risk_adjusted"": 0.125, ""short_momentum"": 0.125, ""trend"": 0.125, ""volume_momentum"": 0.125}",0.09205693048773407,0.75,-0.09644847279319875,0.1728794638014825,1815.TWO,2010-01-07,2010-01-08
0.03869718884225715,3544000,0,0.022890106380731474,0.022890106380731474,0.22660340268201135,D-1 estimated accounting; fill-day constraints require ledger audit,adaptive,V4_CAUSAL_7_EXPERTS_RIDGE_ANCHOR20,disabled,2010-01-07,risk_on,0.01785541942013002,0.0,0.04708143293641498,0.49107142857142855,0.08771799889657743,0.7232142857142857,0.8839285714285714,2009-12-21,2009-12-28,"{""long_momentum"": 0.125, ""mean_reversion"": 0.125, ""medium_momentum"": 0.125, ""ridge"": 0.125, ""risk_adjusted"": 0.125, ""short_momentum"": 0.125, ""trend"": 0.125, ""volume_momentum"": 0.125}",0.06441909788528692,0.75,-0.0799914527400557,0.10350527701677639,2313.TW,2010-01-07,2010-01-08
0.04286307266589358,3528000,0,0.028977795215339434,0.028977795215339434,0.26696676705815503,D-1 estimated accounting; fill-day constraints require ledger audit,adaptive,V4_CAUSAL_7_EXPERTS_RIDGE_ANCHOR20,disabled,2010-01-07,risk_on,0.01785541942013002,0.0,0.04708143293641498,0.49107142857142855,0.08771799889657743,0.7232142857142857,0.8839285714285714,2009-12-21,2009-12-28,"{""long_momentum"": 0.125, ""mean_reversion"": 0.125, ""medium_momentum"": 0.125, ""ridge"": 0.125, ""risk_adjusted"": 0.125, ""short_momentum"": 0.125, ""trend"": 0.125, ""volume_momentum"": 0.125}",0.06147733087514275,0.75,-0.06657364595808701,0.10226284790402362,2327.TW,2010-01-07,2010-01-08
0.040809602962335996,2255000,0,0.017022660467121826,0.017022660467121826,0.19988500446776927,D-1 estimated accounting; fill-day constraints require ledger audit,adaptive,V4_CAUSAL_7_EXPERTS_RIDGE_ANCHOR20,disabled,2010-01-07,risk_on,0.01785541942013002,0.0,0.04708143293641498,0.49107142857142855,0.08771799889657743,0.7232142857142857,0.8839285714285714,2009-12-21,2009-12-28,"{""long_momentum"": 0.125, ""mean_reversion"": 0.125, ""medium_momentum"": 0.125, ""ridge"": 0.125, ""risk_adjusted"": 0.125, ""short_momentum"": 0.125, ""trend"": 0.125, ""volume_momentum"": 0.125}",0.06060982811960793,0.75,-0.07591922654513793,0.08769815899463931,2337.TW,2010-01-07,2010-01-08
0.04041425507232575,4225000,0,0.05572961367392524,0.05572961367392524,0.4463447276931282,D-1 estimated accounting; fill-day constraints require ledger audit,adaptive,V4_CAUSAL_7_EXPERTS_RIDGE_ANCHOR20,disabled,2010-01-07,risk_on,0.01785541942013002,0.0,0.04708143293641498,0.49107142857142855,0.08771799889657743,0.7232142857142857,0.8839285714285714,2009-12-21,2009-12-28,"{""long_momentum"": 0.125, ""mean_reversion"": 0.125, ""medium_momentum"": 0.125, ""ridge"": 0.125, ""risk_adjusted"": 0.125, ""short_momentum"": 0.125, ""trend"": 0.125, ""volume_momentum"": 0.125}",0.0753302743588022,1.0,-0.066820926105852,0.15601376496896022,2344.TW,2010-01-07,2010-01-08
0.04177014067156069,2654000,0,0.02507631863429638,0.02507631863429638,0.24747520354709537,D-1 estimated accounting; fill-day constraints require ledger audit,adaptive,V4_CAUSAL_7_EXPERTS_RIDGE_ANCHOR20,disabled,2010-01-07,risk_on,0.01785541942013002,0.0,0.04708143293641498,0.49107142857142855,0.08771799889657743,0.7232142857142857,0.8839285714285714,2009-12-21,2009-12-28,"{""long_momentum"": 0.125, ""mean_reversion"": 0.125, ""medium_momentum"": 0.125, ""ridge"": 0.125, ""risk_adjusted"": 0.125, ""short_momentum"": 0.125, ""trend"": 0.125, ""volume_momentum"": 0.125}",0.061073172920438575,0.75,-0.06929630784361757,0.09718255662746805,2345.TW,2010-01-07,2010-01-08
0.040689561376690095,1316000,0,0.0016023277652243624,0.0016023277652243624,0.024849210774516607,D-1 estimated accounting; fill-day constraints require ledger audit,adaptive,V4_CAUSAL_7_EXPERTS_RIDGE_ANCHOR20,disabled,2010-01-07,risk_on,0.01785541942013002,0.0,0.04708143293641498,0.49107142857142855,0.08771799889657743,0.7232142857142857,0.8839285714285714,2009-12-21,2009-12-28,"{""long_momentum"": 0.125, ""mean_reversion"": 0.125, ""medium_momentum"": 0.125, ""ridge"": 0.125, ""risk_adjusted"": 0.125, ""short_momentum"": 0.125, ""trend"": 0.125, ""volume_momentum"": 0.125}",0.059821590333566835,0.25,-0.08864929889065878,0.06958756593636524,2376.TW,2010-01-07,2010-01-08
0.042450231098180115,1262000,0,0.06098768480696132,0.06098768480696132,0.31462496086941666,D-1 estimated accounting; fill-day constraints require ledger audit,adaptive,V4_CAUSAL_7_EXPERTS_RIDGE_ANCHOR20,disabled,2010-01-07,risk_on,0.01785541942013002,0.0,0.04708143293641498,0.49107142857142855,0.08771799889657743,0.7232142857142857,0.8839285714285714,2009-12-21,2009-12-28,"{""long_momentum"": 0.125, ""mean_reversion"": 0.125, ""medium_momentum"": 0.125, ""ridge"": 0.125, ""risk_adjusted"": 0.125, ""short_momentum"": 0.125, ""trend"": 0.125, ""volume_momentum"": 0.125}",0.09131313286643955,0.75,-0.08385390420230363,0.18356288533148402,2408.TW,2010-01-07,2010-01-08
0.04175571210351658,2715000,0,0.008633617031876213,0.008633617031876213,0.1187680622250482,D-1 estimated accounting; fill-day constraints require ledger audit,adaptive,V4_CAUSAL_7_EXPERTS_RIDGE_ANCHOR20,disabled,2010-01-07,risk_on,0.01785541942013002,0.0,0.04708143293641498,0.49107142857142855,0.08771799889657743,0.7232142857142857,0.8839285714285714,2009-12-21,2009-12-28,"{""long_momentum"": 0.125, ""mean_reversion"": 0.125, ""medium_momentum"": 0.125, ""ridge"": 0.125, ""risk_adjusted"": 0.125, ""short_momentum"": 0.125, ""trend"": 0.125, ""volume_momentum"": 0.125}",0.05811134946237002,0.625,-0.07331557825226168,0.06831642383127183,2449.TW,2010-01-07,2010-01-08
0.04117526336882527,3200000,0,0.01098540558844305,0.01098540558844305,0.16003513966765215,D-1 estimated accounting; fill-day constraints require ledger audit,adaptive,V4_CAUSAL_7_EXPERTS_RIDGE_ANCHOR20,disabled,2010-01-07,risk_on,0.01785541942013002,0.0,0.04708143293641498,0.49107142857142855,0.08771799889657743,0.7232142857142857,0.8839285714285714,2009-12-21,2009-12-28,"{""long_momentum"": 0.125, ""mean_reversion"": 0.125, ""medium_momentum"": 0.125, ""ridge"": 0.125, ""risk_adjusted"": 0.125, ""short_momentum"": 0.125, ""trend"": 0.125, ""volume_momentum"": 0.125}",0.05892973002633612,0.75,-0.07560603551920352,0.07531045821134735,2890.TW,2010-01-07,2010-01-08
0.0400299733558172,889000,0,0.008700494304281813,0.008700494304281813,0.0900220012680899,D-1 estimated accounting; fill-day constraints require ledger audit,adaptive,V4_CAUSAL_7_EXPERTS_RIDGE_ANCHOR20,disabled,2010-01-07,risk_on,0.01785541942013002,0.0,0.04708143293641498,0.49107142857142855,0.08771799889657743,0.7232142857142857,0.8839285714285714,2009-12-21,2009-12-28,"{""long_momentum"": 0.125, ""mean_reversion"": 0.125, ""medium_momentum"": 0.125, ""ridge"": 0.125, ""risk_adjusted"": 0.125, ""short_momentum"": 0.125, ""trend"": 0.125, ""volume_momentum"": 0.125}",0.06239476080719406,0.5,-0.08933860809220548,0.08447320821602683,3037.TW,2010-01-07,2010-01-08
0.040281589130341425,381000,0,0.015228309054932235,0.015228309054932235,0.18279236549729813,D-1 estimated accounting; fill-day constraints require ledger audit,adaptive,V4_CAUSAL_7_EXPERTS_RIDGE_ANCHOR20,disabled,2010-01-07,risk_on,0.01785541942013002,0.0,0.04708143293641498,0.49107142857142855,0.08771799889657743,0.7232142857142857,0.8839285714285714,2009-12-21,2009-12-28,"{""long_momentum"": 0.125, ""mean_reversion"": 0.125, ""medium_momentum"": 0.125, ""ridge"": 0.125, ""risk_adjusted"": 0.125, ""short_momentum"": 0.125, ""trend"": 0.125, ""volume_momentum"": 0.125}",0.06276876661573315,0.75,-0.08376373312674378,0.09195396275186599,3044.TW,2010-01-07,2010-01-08
0.04009091675689874,365000,0,0.004483649394456134,0.004483649394456134,0.06508909514559838,D-1 estimated accounting; fill-day constraints require ledger audit,adaptive,V4_CAUSAL_7_EXPERTS_RIDGE_ANCHOR20,disabled,2010-01-07,risk_on,0.01785541942013002,0.0,0.04708143293641498,0.49107142857142855,0.08771799889657743,0.7232142857142857,0.8839285714285714,2009-12-21,2009-12-28,"{""long_momentum"": 0.125, ""mean_reversion"": 0.125, ""medium_momentum"": 0.125, ""ridge"": 0.125, ""risk_adjusted"": 0.125, ""short_momentum"": 0.125, ""trend"": 0.125, ""volume_momentum"": 0.125}",0.06336764292449587,0.5,-0.09597399024202238,0.08267490054619242,3211.TWO,2010-01-07,2010-01-08
0.03813585860092448,394000,0,0.025019613428570366,0.025019613428570366,0.20779284936270137,D-1 estimated accounting; fill-day constraints require ledger audit,adaptive,V4_CAUSAL_7_EXPERTS_RIDGE_ANCHOR20,disabled,2010-01-07,risk_on,0.01785541942013002,0.0,0.04708143293641498,0.49107142857142855,0.08771799889657743,0.7232142857142857,0.8839285714285714,2009-12-21,2009-12-28,"{""long_momentum"": 0.125, ""mean_reversion"": 0.125, ""medium_momentum"": 0.125, ""ridge"": 0.125, ""risk_adjusted"": 0.125, ""short_momentum"": 0.125, ""trend"": 0.125, ""volume_momentum"": 0.125}",0.07833209424799392,0.75,-0.10206524496422514,0.12983808333662364,3260.TWO,2010-01-07,2010-01-08
0.04034450588797608,1943000,0,0.009799510866047582,0.009799510866047582,0.09776626412413449,D-1 estimated accounting; fill-day constraints require ledger audit,adaptive,V4_CAUSAL_7_EXPERTS_RIDGE_ANCHOR20,disabled,2010-01-07,risk_on,0.01785541942013002,0.0,0.04708143293641498,0.49107142857142855,0.08771799889657743,0.7232142857142857,0.8839285714285714,2009-12-21,2009-12-28,"{""long_momentum"": 0.125, ""mean_reversion"": 0.125, ""medium_momentum"": 0.125, ""ridge"": 0.125, ""risk_adjusted"": 0.125, ""short_momentum"": 0.125, ""trend"": 0.125, ""volume_momentum"": 0.125}",0.060888718599571276,0.5,-0.08401460481972706,0.08134723806707995,3264.TWO,2010-01-07,2010-01-08
0.04115340267869804,1768000,0,0.06452117111344602,0.06452117111344602,0.32205555879741454,D-1 estimated accounting; fill-day constraints require ledger audit,adaptive,V4_CAUSAL_7_EXPERTS_RIDGE_ANCHOR20,disabled,2010-01-07,risk_on,0.01785541942013002,0.0,0.04708143293641498,0.49107142857142855,0.08771799889657743,0.7232142857142857,0.8839285714285714,2009-12-21,2009-12-28,"{""long_momentum"": 0.125, ""mean_reversion"": 0.125, ""medium_momentum"": 0.125, ""ridge"": 0.125, ""risk_adjusted"": 0.125, ""short_momentum"": 0.125, ""trend"": 0.125, ""volume_momentum"": 0.125}",0.09237908774183785,0.75,-0.08168832828962147,0.18846428203177124,3324.TWO,2010-01-07,2010-01-08
0.037657793754929884,232000,0,0.0322741239239264,0.0322741239239264,0.2450147043234228,D-1 estimated accounting; fill-day constraints require ledger audit,adaptive,V4_CAUSAL_7_EXPERTS_RIDGE_ANCHOR20,disabled,2010-01-07,risk_on,0.01785541942013002,0.0,0.04708143293641498,0.49107142857142855,0.08771799889657743,0.7232142857142857,0.8839285714285714,2009-12-21,2009-12-28,"{""long_momentum"": 0.125, ""mean_reversion"": 0.125, ""medium_momentum"": 0.125, ""ridge"": 0.125, ""risk_adjusted"": 0.125, ""short_momentum"": 0.125, ""trend"": 0.125, ""volume_momentum"": 0.125}",0.07682348919746011,0.75,-0.09256033173281977,0.13484219109593032,3533.TW,2010-01-07,2010-01-08
0.040748275141146706,2564000,0,0.014785995115241908,0.014785995115241908,0.12468316046810245,D-1 estimated accounting; fill-day constraints require ledger audit,adaptive,V4_CAUSAL_7_EXPERTS_RIDGE_ANCHOR20,disabled,2010-01-07,risk_on,0.01785541942013002,0.0,0.04708143293641498,0.49107142857142855,0.08771799889657743,0.7232142857142857,0.8839285714285714,2009-12-21,2009-12-28,"{""long_momentum"": 0.125, ""mean_reversion"": 0.125, ""medium_momentum"": 0.125, ""ridge"": 0.125, ""risk_adjusted"": 0.125, ""short_momentum"": 0.125, ""trend"": 0.125, ""volume_momentum"": 0.125}",0.059559102654812346,0.5,-0.07447412068153837,0.08177972242727993,5347.TWO,2010-01-07,2010-01-08
0.04026723744631886,913000,0,0.029974980438159174,0.029974980438159174,0.2537977300132998,D-1 estimated accounting; fill-day constraints require ledger audit,adaptive,V4_CAUSAL_7_EXPERTS_RIDGE_ANCHOR20,disabled,2010-01-07,risk_on,0.01785541942013002,0.0,0.04708143293641498,0.49107142857142855,0.08771799889657743,0.7232142857142857,0.8839285714285714,2009-12-21,2009-12-28,"{""long_momentum"": 0.125, ""mean_reversion"": 0.125, ""medium_momentum"": 0.125, ""ridge"": 0.125, ""risk_adjusted"": 0.125, ""short_momentum"": 0.125, ""trend"": 0.125, ""volume_momentum"": 0.125}",0.0683799050734046,0.75,-0.0808950165830842,0.11857858897466031,6023.TWO,2010-01-07,2010-01-08
0.042404613245394095,379000,0,0.020571777599129593,0.020571777599129593,0.2632806459253841,D-1 estimated accounting; fill-day constraints require ledger audit,adaptive,V4_CAUSAL_7_EXPERTS_RIDGE_ANCHOR20,disabled,2010-01-07,risk_on,0.01785541942013002,0.0,0.04708143293641498,0.49107142857142855,0.08771799889657743,0.7232142857142857,0.8839285714285714,2009-12-21,2009-12-28,"{""long_momentum"": 0.125, ""mean_reversion"": 0.125, ""medium_momentum"": 0.125, ""ridge"": 0.125, ""risk_adjusted"": 0.125, ""short_momentum"": 0.125, ""trend"": 0.125, ""volume_momentum"": 0.125}",0.05941474057273687,0.875,-0.06811660944290301,0.08699377615641994,6239.TW,2010-01-07,2010-01-08
0.041118112912806835,2938000,0,0.012869613624622247,0.012869613624622247,0.16397728351662794,D-1 estimated accounting; fill-day constraints require ledger audit,adaptive,V4_CAUSAL_7_EXPERTS_RIDGE_ANCHOR20,disabled,2010-01-07,risk_on,0.01785541942013002,0.0,0.04708143293641498,0.49107142857142855,0.08771799889657743,0.7232142857142857,0.8839285714285714,2009-12-21,2009-12-28,"{""long_momentum"": 0.125, ""mean_reversion"": 0.125, ""medium_momentum"": 0.125, ""ridge"": 0.125, ""risk_adjusted"": 0.125, ""short_momentum"": 0.125, ""trend"": 0.125, ""volume_momentum"": 0.125}",0.06386250152599644,0.75,-0.08875030856895547,0.0922231473334577,6274.TWO,2010-01-07,2010-01-08
0.04146662818249058,151000,0,0.018729239430506337,0.018729239430506337,0.20817185803147337,D-1 estimated accounting; fill-day constraints require ledger audit,adaptive,V4_CAUSAL_7_EXPERTS_RIDGE_ANCHOR20,disabled,2010-01-07,risk_on,0.01785541942013002,0.0,0.04708143293641498,0.49107142857142855,0.08771799889657743,0.7232142857142857,0.8839285714285714,2009-12-21,2009-12-28,"{""long_momentum"": 0.125, ""mean_reversion"": 0.125, ""medium_momentum"": 0.125, ""ridge"": 0.125, ""risk_adjusted"": 0.125, ""short_momentum"": 0.125, ""trend"": 0.125, ""volume_momentum"": 0.125}",0.06176228541426421,0.75,-0.07762044642629501,0.09281253680256542,8299.TWO,2010-01-07,2010-01-08
0.04162167102510987,2243000,0,0.0424604350331799,0.0424604350331799,0.27836263334685035,D-1 estimated accounting; fill-day constraints require ledger audit,adaptive,V4_CAUSAL_7_EXPERTS_RIDGE_ANCHOR20,disabled,2010-01-08,risk_on,0.016749498541955014,-0.007176305691695306,0.07250000239510712,0.42857142857142855,0.08773619379915833,0.7589285714285714,0.8660714285714286,2009-12-21,2009-12-28,"{""long_momentum"": 0.125, ""mean_reversion"": 0.125, ""medium_momentum"": 0.125, ""ridge"": 0.125, ""risk_adjusted"": 0.125, ""short_momentum"": 0.125, ""trend"": 0.125, ""volume_momentum"": 0.125}",0.08041350353001728,0.75,-0.08764782685112979,0.15030230843274733,1815.TWO,2010-01-08,2010-01-11
0.03814689054959928,3544000,0,0.014035623317961276,0.014035623317961276,0.17213278436958798,D-1 estimated accounting; fill-day constraints require ledger audit,adaptive,V4_CAUSAL_7_EXPERTS_RIDGE_ANCHOR20,disabled,2010-01-08,risk_on,0.016749498541955014,-0.007176305691695306,0.07250000239510712,0.42857142857142855,0.08773619379915833,0.7589285714285714,0.8660714285714286,2009-12-21,2009-12-28,"{""long_momentum"": 0.125, ""mean_reversion"": 0.125, ""medium_momentum"": 0.125, ""ridge"": 0.125, ""risk_adjusted"": 0.125, ""short_momentum"": 0.125, ""trend"": 0.125, ""volume_momentum"": 0.125}",0.06390451815919787,0.75,-0.08768114926121767,0.09348600741239797,2313.TW,2010-01-08,2010-01-11
0.04249549103775984,3528000,0,0.0233514263495889,0.0233514263495889,0.23939671755332795,D-1 estimated accounting; fill-day constraints require ledger audit,adaptive,V4_CAUSAL_7_EXPERTS_RIDGE_ANCHOR20,disabled,2010-01-08,risk_on,0.016749498541955014,-0.007176305691695306,0.07250000239510712,0.42857142857142855,0.08773619379915833,0.7589285714285714,0.8660714285714286,2009-12-21,2009-12-28,"{""long_momentum"": 0.125, ""mean_reversion"": 0.125, ""medium_momentum"": 0.125, ""ridge"": 0.125, ""risk_adjusted"": 0.125, ""short_momentum"": 0.125, ""trend"": 0.125, ""volume_momentum"": 0.125}",0.06047004948144462,0.75,-0.06913944780665968,0.09357591202109522,2327.TW,2010-01-08,2010-01-11
0.04057278464119734,2255000,0,0.011503951056330989,0.011503951056330989,0.16069979939937037,D-1 estimated accounting; fill-day constraints require ledger audit,adaptive,V4_CAUSAL_7_EXPERTS_RIDGE_ANCHOR20,disabled,2010-01-08,risk_on,0.016749498541955014,-0.007176305691695306,0.07250000239510712,0.42857142857142855,0.08773619379915833,0.7589285714285714,0.8660714285714286,2009-12-21,2009-12-28,"{""long_momentum"": 0.125, ""mean_reversion"": 0.125, ""medium_momentum"": 0.125, ""ridge"": 0.125, ""risk_adjusted"": 0.125, ""short_momentum"": 0.125, ""trend"": 0.125, ""volume_momentum"": 0.125}",0.06052143004876042,0.75,-0.08115385147039918,0.0818953650983189,2337.TW,2010-01-08,2010-01-11
0.039845639088311256,4225000,0,0.04134302201775486,0.04134302201775486,0.2902962671409675,D-1 estimated accounting; fill-day constraints require ledger audit,adaptive,V4_CAUSAL_7_EXPERTS_RIDGE_ANCHOR20,disabled,2010-01-08,risk_on,0.016749498541955014,-0.007176305691695306,0.07250000239510712,0.42857142857142855,0.08773619379915833,0.7589285714285714,0.8660714285714286,2009-12-21,2009-12-28,"{""long_momentum"": 0.125, ""mean_reversion"": 0.125, ""medium_momentum"": 0.125, ""ridge"": 0.125, ""risk_adjusted"": 0.125, ""short_momentum"": 0.125, ""trend"": 0.125, ""volume_momentum"": 0.125}",0.0733873033344415,0.75,-0.07813757794950604,0.1385572335002735,2344.TW,2010-01-08,2010-01-11
0.041356252776641254,2654000,0,0.025175490352313524,0.025175490352313524,0.24570207843062444,D-1 estimated accounting; fill-day constraints require ledger audit,adaptive,V4_CAUSAL_7_EXPERTS_RIDGE_ANCHOR20,disabled,2010-01-08,risk_on,0.016749498541955014,-0.007176305691695306,0.07250000239510712,0.42857142857142855,0.08773619379915833,0.7589285714285714,0.8660714285714286,2009-12-21,2009-12-28,"{""long_momentum"": 0.125, ""mean_reversion"": 0.125, ""medium_momentum"": 0.125, ""ridge"": 0.125, ""risk_adjusted"": 0.125, ""short_momentum"": 0.125, ""trend"": 0.125, ""volume_momentum"": 0.125}",0.06193450688006775,0.75,-0.0716448549424,0.09972944716228478,2345.TW,2010-01-08,2010-01-11
0.041156228172707476,1316000,0,0.003049717172520303,0.003049717172520303,0.06052425561828787,D-1 estimated accounting; fill-day constraints require ledger audit,adaptive,V4_CAUSAL_7_EXPERTS_RIDGE_ANCHOR20,disabled,2010-01-08,risk_on,0.016749498541955014,-0.007176305691695306,0.07250000239510712,0.42857142857142855,0.08773619379915833,0.7589285714285714,0.8660714285714286,2009-12-21,2009-12-28,"{""long_momentum"": 0.125, ""mean_reversion"": 0.125, ""medium_momentum"": 0.125, ""ridge"": 0.125, ""risk_adjusted"": 0.125, ""short_momentum"": 0.125, ""trend"": 0.125, ""volume_momentum"": 0.125}",0.05845020992520362,0.5,-0.08107385211019436,0.06490689797049269,2376.TW,2010-01-08,2010-01-11
0.041409141680371624,1262000,0,0.0466009329151635,0.0466009329151635,0.314193512904181,D-1 estimated accounting; fill-day constraints require ledger audit,adaptive,V4_CAUSAL_7_EXPERTS_RIDGE_ANCHOR20,disabled,2010-01-08,risk_on,0.016749498541955014,-0.007176305691695306,0.07250000239510712,0.42857142857142855,0.08773619379915833,0.7589285714285714,0.8660714285714286,2009-12-21,2009-12-28,"{""long_momentum"": 0.125, ""mean_reversion"": 0.125, ""medium_momentum"": 0.125, ""ridge"": 0.125, ""risk_adjusted"": 0.125, ""short_momentum"": 0.125, ""trend"": 0.125, ""volume_momentum"": 0.125}",0.07157379252283465,0.75,-0.06989462696262685,0.14083010430821158,2408.TW,2010-01-08,2010-01-11
0.04161078062584368,2715000,0,0.005361100168437601,0.005361100168437601,0.11263743756781881,D-1 estimated accounting; fill-day constraints require ledger audit,adaptive,V4_CAUSAL_7_EXPERTS_RIDGE_ANCHOR20,disabled,2010-01-08,risk_on,0.016749498541955014,-0.007176305691695306,0.07250000239510712,0.42857142857142855,0.08773619379915833,0.7589285714285714,0.8660714285714286,2009-12-21,2009-12-28,"{""long_momentum"": 0.125, ""mean_reversion"": 0.125, ""medium_momentum"": 0.125, ""ridge"": 0.125, ""risk_adjusted"": 0.125, ""short_momentum"": 0.125, ""trend"": 0.125, ""volume_momentum"": 0.125}",0.05862861847328311,0.75,-0.0797422272566758,0.06819803910880876,2449.TW,2010-01-08,2010-01-11
0.041333600746167584,3200000,0,0.008670567422899234,0.008670567422899234,0.14164304814032805,D-1 estimated accounting; fill-day constraints require ledger audit,adaptive,V4_CAUSAL_7_EXPERTS_RIDGE_ANCHOR20,disabled,2010-01-08,risk_on,0.016749498541955014,-0.007176305691695306,0.07250000239510712,0.42857142857142855,0.08773619379915833,0.7589285714285714,0.8660714285714286,2009-12-21,2009-12-28,"{""long_momentum"": 0.125, ""mean_reversion"": 0.125, ""medium_momentum"": 0.125, ""ridge"": 0.125, ""risk_adjusted"": 0.125, ""short_momentum"": 0.125, ""trend"": 0.125, ""volume_momentum"": 0.125}",0.05871509288156334,0.75,-0.07687888435111016,0.07195363071216637,2890.TW,2010-01-08,2010-01-11
0.0399788607019228,889000,0,0.006405693835930775,0.006405693835930775,0.07801211795520513,D-1 estimated accounting; fill-day constraints require ledger audit,adaptive,V4_CAUSAL_7_EXPERTS_RIDGE_ANCHOR20,disabled,2010-01-08,risk_on,0.016749498541955014,-0.007176305691695306,0.07250000239510712,0.42857142857142855,0.08773619379915833,0.7589285714285714,0.8660714285714286,2009-12-21,2009-12-28,"{""long_momentum"": 0.125, ""mean_reversion"": 0.125, ""medium_momentum"": 0.125, ""ridge"": 0.125, ""risk_adjusted"": 0.125, ""short_momentum"": 0.125, ""trend"": 0.125, ""volume_momentum"": 0.125}",0.06169637116940575,0.5,-0.08976157143924221,0.0803065706263615,3037.TW,2010-01-08,2010-01-11
0.04027602766731096,381000,0,0.009136193877058905,0.009136193877058905,0.09391429594665487,D-1 estimated accounting; fill-day constraints require ledger audit,adaptive,V4_CAUSAL_7_EXPERTS_RIDGE_ANCHOR20,disabled,2010-01-08,risk_on,0.016749498541955014,-0.007176305691695306,0.07250000239510712,0.42857142857142855,0.08773619379915833,0.7589285714285714,0.8660714285714286,2009-12-21,2009-12-28,"{""long_momentum"": 0.125, ""mean_reversion"": 0.125, ""medium_momentum"": 0.125, ""ridge"": 0.125, ""risk_adjusted"": 0.125, ""short_momentum"": 0.125, ""trend"": 0.125, ""volume_momentum"": 0.125}",0.061124945732019015,0.5,-0.08539076819635111,0.08139676746572669,3044.TW,2010-01-08,2010-01-11
0.040834641088494196,365000,0,0.0052251928971282354,0.0052251928971282354,0.07408866638312823,D-1 estimated accounting; fill-day constraints require ledger audit,adaptive,V4_CAUSAL_7_EXPERTS_RIDGE_ANCHOR20,disabled,2010-01-08,risk_on,0.016749498541955014,-0.007176305691695306,0.07250000239510712,0.42857142857142855,0.08773619379915833,0.7589285714285714,0.8660714285714286,2009-12-21,2009-12-28,"{""long_momentum"": 0.125, ""mean_reversion"": 0.125, ""medium_momentum"": 0.125, ""ridge"": 0.125, ""risk_adjusted"": 0.125, ""short_momentum"": 0.125, ""trend"": 0.125, ""volume_momentum"": 0.125}",0.05878126515039277,0.5,-0.08065480112267087,0.06883879843218509,3211.TWO,2010-01-08,2010-01-11
0.03962670362635761,394000,0,0.023207579615083757,0.023207579615083757,0.22661021315035626,D-1 estimated accounting; fill-day constraints require ledger audit,adaptive,V4_CAUSAL_7_EXPERTS_RIDGE_ANCHOR20,disabled,2010-01-08,risk_on,0.016749498541955014,-0.007176305691695306,0.07250000239510712,0.42857142857142855,0.08773619379915833,0.7589285714285714,0.8660714285714286,2009-12-21,2009-12-28,"{""long_momentum"": 0.125, ""mean_reversion"": 0.125, ""medium_momentum"": 0.125, ""ridge"": 0.125, ""risk_adjusted"": 0.125, ""short_momentum"": 0.125, ""trend"": 0.125, ""volume_momentum"": 0.125}",0.0651495750215256,0.75,-0.08126608315258918,0.10541485389801443,3260.TWO,2010-01-08,2010-01-11
0.04004012880697092,1943000,0,0.0076667929857674845,0.0076667929857674845,0.08648818396653166,D-1 estimated accounting; fill-day constraints require ledger audit,adaptive,V4_CAUSAL_7_EXPERTS_RIDGE_ANCHOR20,disabled,2010-01-08,risk_on,0.016749498541955014,-0.007176305691695306,0.07250000239510712,0.42857142857142855,0.08773619379915833,0.7589285714285714,0.8660714285714286,2009-12-21,2009-12-28,"{""long_momentum"": 0.125, ""mean_reversion"": 0.125, ""medium_momentum"": 0.125, ""ridge"": 0.125, ""risk_adjusted"": 0.125, ""short_momentum"": 0.125, ""trend"": 0.125, ""volume_momentum"": 0.125}",0.06056166669994609,0.5,-0.08512079777383649,0.07818799526062921,3264.TWO,2010-01-08,2010-01-11
0.03978821465359238,1768000,0,0.052191607635801794,0.052191607635801794,0.28979599566798714,D-1 estimated accounting; fill-day constraints require ledger audit,adaptive,V4_CAUSAL_7_EXPERTS_RIDGE_ANCHOR20,disabled,2010-01-08,risk_on,0.016749498541955014,-0.007176305691695306,0.07250000239510712,0.42857142857142855,0.08773619379915833,0.7589285714285714,0.8660714285714286,2009-12-21,2009-12-28,"{""long_momentum"": 0.125, ""mean_reversion"": 0.125, ""medium_momentum"": 0.125, ""ridge"": 0.125, ""risk_adjusted"": 0.125, ""short_momentum"": 0.125, ""trend"": 0.125, ""volume_momentum"": 0.125}",0.09082184447550244,0.75,-0.09201600294669046,0.1741328297335518,3324.TWO,2010-01-08,2010-01-11
0.0392015936879434,232000,0,0.026050923287398043,0.026050923287398043,0.23719042915445768,D-1 estimated accounting; fill-day constraints require ledger audit,adaptive,V4_CAUSAL_7_EXPERTS_RIDGE_ANCHOR20,disabled,2010-01-08,risk_on,0.016749498541955014,-0.007176305691695306,0.07250000239510712,0.42857142857142855,0.08773619379915833,0.7589285714285714,0.8660714285714286,2009-12-21,2009-12-28,"{""long_momentum"": 0.125, ""mean_reversion"": 0.125, ""medium_momentum"": 0.125, ""ridge"": 0.125, ""risk_adjusted"": 0.125, ""short_momentum"": 0.125, ""trend"": 0.125, ""volume_momentum"": 0.125}",0.06713260185974579,0.75,-0.08245400810990738,0.11228946619996119,3533.TW,2010-01-08,2010-01-11
0.0425826398563582,2564000,0,0.019356264767885347,0.019356264767885347,0.20082364725215193,D-1 estimated accounting; fill-day constraints require ledger audit,adaptive,V4_CAUSAL_7_EXPERTS_RIDGE_ANCHOR20,disabled,2010-01-08,risk_on,0.016749498541955014,-0.007176305691695306,0.07250000239510712,0.42857142857142855,0.08773619379915833,0.7589285714285714,0.8660714285714286,2009-12-21,2009-12-28,"{""long_momentum"": 0.125, ""mean_reversion"": 0.125, ""medium_momentum"": 0.125, ""ridge"": 0.125, ""risk_adjusted"": 0.125, ""short_momentum"": 0.125, ""trend"": 0.125, ""volume_momentum"": 0.125}",0.06660512760727613,0.75,-0.0881122721028866,0.10455841315391504,5347.TWO,2010-01-08,2010-01-11
0.039887150727867075,913000,0,0.020634751848048024,0.020634751848048024,0.21142250923177813,D-1 estimated accounting; fill-day constraints require ledger audit,adaptive,V4_CAUSAL_7_EXPERTS_RIDGE_ANCHOR20,disabled,2010-01-08,risk_on,0.016749498541955014,-0.007176305691695306,0.07250000239510712,0.42857142857142855,0.08773619379915833,0.7589285714285714,0.8660714285714286,2009-12-21,2009-12-28,"{""long_momentum"": 0.125, ""mean_reversion"": 0.125, ""medium_momentum"": 0.125, ""ridge"": 0.125, ""risk_adjusted"": 0.125, ""short_momentum"": 0.125, ""trend"": 0.125, ""volume_momentum"": 0.125}",0.06530194148652442,0.75,-0.08416282262370908,0.10316593783506288,6023.TWO,2010-01-08,2010-01-11
0.04239875866780724,379000,0,0.016795770790908333,0.016795770790908333,0.1999329133085425,D-1 estimated accounting; fill-day constraints require ledger audit,adaptive,V4_CAUSAL_7_EXPERTS_RIDGE_ANCHOR20,disabled,2010-01-08,risk_on,0.016749498541955014,-0.007176305691695306,0.07250000239510712,0.42857142857142855,0.08773619379915833,0.7589285714285714,0.8660714285714286,2009-12-21,2009-12-28,"{""long_momentum"": 0.125, ""mean_reversion"": 0.125, ""medium_momentum"": 0.125, ""ridge"": 0.125, ""risk_adjusted"": 0.125, ""short_momentum"": 0.125, ""trend"": 0.125, ""volume_momentum"": 0.125}",0.059965795239764835,0.75,-0.07397745322556706,0.08530260632264147,6239.TW,2010-01-08,2010-01-11
0.04081124594842354,2938000,0,0.01323204328480235,0.01323204328480235,0.1592164684089852,D-1 estimated accounting; fill-day constraints require ledger audit,adaptive,V4_CAUSAL_7_EXPERTS_RIDGE_ANCHOR20,disabled,2010-01-08,risk_on,0.016749498541955014,-0.007176305691695306,0.07250000239510712,0.42857142857142855,0.08773619379915833,0.7589285714285714,0.8660714285714286,2009-12-21,2009-12-28,"{""long_momentum"": 0.125, ""mean_reversion"": 0.125, ""medium_momentum"": 0.125, ""ridge"": 0.125, ""risk_adjusted"": 0.125, ""short_momentum"": 0.125, ""trend"": 0.125, ""volume_momentum"": 0.125}",0.06765123625432658,0.75,-0.096270091471168,0.10046778955603043,6274.TWO,2010-01-08,2010-01-11
0.04099505026356791,151000,0,0.014396949770024828,0.014396949770024828,0.1837748902055837,D-1 estimated accounting; fill-day constraints require ledger audit,adaptive,V4_CAUSAL_7_EXPERTS_RIDGE_ANCHOR20,disabled,2010-01-08,risk_on,0.016749498541955014,-0.007176305691695306,0.07250000239510712,0.42857142857142855,0.08773619379915833,0.7589285714285714,0.8660714285714286,2009-12-21,2009-12-28,"{""long_momentum"": 0.125, ""mean_reversion"": 0.125, ""medium_momentum"": 0.125, ""ridge"": 0.125, ""risk_adjusted"": 0.125, ""short_momentum"": 0.125, ""trend"": 0.125, ""volume_momentum"": 0.125}",0.059763550944977706,0.75,-0.07564033645406876,0.08216784750937614,8299.TWO,2010-01-08,2010-01-11
0.04016261440121444,2243000,0,0.030071066064849272,0.030071066064849272,0.26675671695122655,D-1 estimated accounting; fill-day constraints require ledger audit,adaptive,V4_CAUSAL_7_EXPERTS_RIDGE_ANCHOR20,disabled,2010-01-11,risk_on,0.016718965885115775,0.003116130375150128,0.06103200869922221,0.5446428571428571,0.08284916510800606,0.7678571428571429,0.9196428571428571,2009-12-21,2009-12-28,"{""long_momentum"": 0.125, ""mean_reversion"": 0.125, ""medium_momentum"": 0.125, ""ridge"": 0.125, ""risk_adjusted"": 0.125, ""short_momentum"": 0.125, ""trend"": 0.125, ""volume_momentum"": 0.125}",0.0635330097734593,0.75,-0.07077954848123512,0.1086552921261914,1815.TWO,2010-01-11,2010-01-12
0.03734651299881123,3544000,0,0.00944828352182886,0.00944828352182886,0.09185284056266214,D-1 estimated accounting; fill-day constraints require ledger audit,adaptive,V4_CAUSAL_7_EXPERTS_RIDGE_ANCHOR20,disabled,2010-01-11,risk_on,0.016718965885115775,0.003116130375150128,0.06103200869922221,0.5446428571428571,0.08284916510800606,0.7678571428571429,0.9196428571428571,2009-12-21,2009-12-28,"{""long_momentum"": 0.125, ""mean_reversion"": 0.125, ""medium_momentum"": 0.125, ""ridge"": 0.125, ""risk_adjusted"": 0.125, ""short_momentum"": 0.125, ""trend"": 0.125, ""volume_momentum"": 0.125}",0.06420080034603597,0.5,-0.0929438338517742,0.08957401241068966,2313.TW,2010-01-11,2010-01-12
0.042592191078819064,3528000,0,0.024127282204008192,0.024127282204008192,0.239526560756303,D-1 estimated accounting; fill-day constraints require ledger audit,adaptive,V4_CAUSAL_7_EXPERTS_RIDGE_ANCHOR20,disabled,2010-01-11,risk_on,0.016718965885115775,0.003116130375150128,0.06103200869922221,0.5446428571428571,0.08284916510800606,0.7678571428571429,0.9196428571428571,2009-12-21,2009-12-28,"{""long_momentum"": 0.125, ""mean_reversion"": 0.125, ""medium_momentum"": 0.125, ""ridge"": 0.125, ""risk_adjusted"": 0.125, ""short_momentum"": 0.125, ""trend"": 0.125, ""volume_momentum"": 0.125}",0.06207538686129001,0.75,-0.0730719337520836,0.09906010967535772,2327.TW,2010-01-11,2010-01-12
0.040146707402483155,2255000,0,0.009717653639536947,0.009717653639536947,0.1443370463444707,D-1 estimated accounting; fill-day constraints require ledger audit,adaptive,V4_CAUSAL_7_EXPERTS_RIDGE_ANCHOR20,disabled,2010-01-11,risk_on,0.016718965885115775,0.003116130375150128,0.06103200869922221,0.5446428571428571,0.08284916510800606,0.7678571428571429,0.9196428571428571,2009-12-21,2009-12-28,"{""long_momentum"": 0.125, ""mean_reversion"": 0.125, ""medium_momentum"": 0.125, ""ridge"": 0.125, ""risk_adjusted"": 0.125, ""short_momentum"": 0.125, ""trend"": 0.125, ""volume_momentum"": 0.125}",0.061757793996471626,0.75,-0.08661964305802781,0.08378856185235944,2337.TW,2010-01-11,2010-01-12
0.03920516140651782,4225000,0,0.030597729215436457,0.030597729215436457,0.2578368518334604,D-1 estimated accounting; fill-day constraints require ledger audit,adaptive,V4_CAUSAL_7_EXPERTS_RIDGE_ANCHOR20,disabled,2010-01-11,risk_on,0.016718965885115775,0.003116130375150128,0.06103200869922221,0.5446428571428571,0.08284916510800606,0.7678571428571429,0.9196428571428571,2009-12-21,2009-12-28,"{""long_momentum"": 0.125, ""mean_reversion"": 0.125, ""medium_momentum"": 0.125, ""ridge"": 0.125, ""risk_adjusted"": 0.125, ""short_momentum"": 0.125, ""trend"": 0.125, ""volume_momentum"": 0.125}",0.06794952061222612,0.75,-0.07946883342715164,0.11839790337328229,2344.TW,2010-01-11,2010-01-12
0.04100317908658432,2654000,0,0.020599313063890335,0.020599313063890335,0.2207535964276636,D-1 estimated accounting; fill-day constraints require ledger audit,adaptive,V4_CAUSAL_7_EXPERTS_RIDGE_ANCHOR20,disabled,2010-01-11,risk_on,0.016718965885115775,0.003116130375150128,0.06103200869922221,0.5446428571428571,0.08284916510800606,0.7678571428571429,0.9196428571428571,2009-12-21,2009-12-28,"{""long_momentum"": 0.125, ""mean_reversion"": 0.125, ""medium_momentum"": 0.125, ""ridge"": 0.125, ""risk_adjusted"": 0.125, ""short_momentum"": 0.125, ""trend"": 0.125, ""volume_momentum"": 0.125}",0.06137315356230585,0.75,-0.07465378044958706,0.09358601809262548,2345.TW,2010-01-11,2010-01-12
0.04147911035087583,1316000,0,0.004771873212425465,0.004771873212425465,0.1077147942357867,D-1 estimated accounting; fill-day constraints require ledger audit,adaptive,V4_CAUSAL_7_EXPERTS_RIDGE_ANCHOR20,disabled,2010-01-11,risk_on,0.016718965885115775,0.003116130375150128,0.06103200869922221,0.5446428571428571,0.08284916510800606,0.7678571428571429,0.9196428571428571,2009-12-21,2009-12-28,"{""long_momentum"": 0.125, ""mean_reversion"": 0.125, ""medium_momentum"": 0.125, ""ridge"": 0.125, ""risk_adjusted"": 0.125, ""short_momentum"": 0.125, ""trend"": 0.125, ""volume_momentum"": 0.125}",0.05826803682329529,0.75,-0.07824621967051981,0.06552357761062848,2376.TW,2010-01-11,2010-01-12
0.04100463680190214,1262000,0,0.041054269019152066,0.041054269019152066,0.29727785103237553,D-1 estimated accounting; fill-day constraints require ledger audit,adaptive,V4_CAUSAL_7_EXPERTS_RIDGE_ANCHOR20,disabled,2010-01-11,risk_on,0.016718965885115775,0.003116130375150128,0.06103200869922221,0.5446428571428571,0.08284916510800606,0.7678571428571429,0.9196428571428571,2009-12-21,2009-12-28,"{""long_momentum"": 0.125, ""mean_reversion"": 0.125, ""medium_momentum"": 0.125, ""ridge"": 0.125, ""risk_adjusted"": 0.125, ""short_momentum"": 0.125, ""trend"": 0.125, ""volume_momentum"": 0.125}",0.07013569146533198,0.75,-0.07297457371025423,0.1328167232638161,2408.TW,2010-01-11,2010-01-12
0.04166764153198045,2715000,0,0.0037944851069563485,0.0037944851069563485,0.03293694494320586,D-1 estimated accounting; fill-day constraints require ledger audit,adaptive,V4_CAUSAL_7_EXPERTS_RIDGE_ANCHOR20,disabled,2010-01-11,risk_on,0.016718965885115775,0.003116130375150128,0.06103200869922221,0.5446428571428571,0.08284916510800606,0.7678571428571429,0.9196428571428571,2009-12-21,2009-12-28,"{""long_momentum"": 0.125, ""mean_reversion"": 0.125, ""medium_momentum"": 0.125, ""ridge"": 0.125, ""risk_adjusted"": 0.125, ""short_momentum"": 0.125, ""trend"": 0.125, ""volume_momentum"": 0.125}",0.057957949902733646,0.25,-0.07695059611249826,0.0622731778416687,2449.TW,2010-01-11,2010-01-12
0.041415814817338935,3200000,0,0.012000571130536299,0.012000571130536299,0.1683176179769506,D-1 estimated accounting; fill-day constraints require ledger audit,adaptive,V4_CAUSAL_7_EXPERTS_RIDGE_ANCHOR20,disabled,2010-01-11,risk_on,0.016718965885115775,0.003116130375150128,0.06103200869922221,0.5446428571428571,0.08284916510800606,0.7678571428571429,0.9196428571428571,2009-12-21,2009-12-28,"{""long_momentum"": 0.125, ""mean_reversion"": 0.125, ""medium_momentum"": 0.125, ""ridge"": 0.125, ""risk_adjusted"": 0.125, ""short_momentum"": 0.125, ""trend"": 0.125, ""volume_momentum"": 0.125}",0.05875161988281481,0.75,-0.07373244048827815,0.07546719426460849,2890.TW,2010-01-11,2010-01-12
0.039945542688624096,889000,0,0.004342515700635804,0.004342515700635804,0.06790256322230181,D-1 estimated accounting; fill-day constraints require ledger audit,adaptive,V4_CAUSAL_7_EXPERTS_RIDGE_ANCHOR20,disabled,2010-01-11,risk_on,0.016718965885115775,0.003116130375150128,0.06103200869922221,0.5446428571428571,0.08284916510800606,0.7678571428571429,0.9196428571428571,2009-12-21,2009-12-28,"{""long_momentum"": 0.125, ""mean_reversion"": 0.125, ""medium_momentum"": 0.125, ""ridge"": 0.125, ""risk_adjusted"": 0.125, ""short_momentum"": 0.125, ""trend"": 0.125, ""volume_momentum"": 0.125}",0.05945102652581848,0.5,-0.08449151268160938,0.07091015559813874,3037.TW,2010-01-11,2010-01-12
0.042928437412129365,381000,0,0.018687415553972166,0.018687415553972166,0.16627756821000408,D-1 estimated accounting; fill-day constraints require ledger audit,adaptive,V4_CAUSAL_7_EXPERTS_RIDGE_ANCHOR20,disabled,2010-01-11,risk_on,0.016718965885115775,0.003116130375150128,0.06103200869922221,0.5446428571428571,0.08284916510800606,0.7678571428571429,0.9196428571428571,2009-12-21,2009-12-28,"{""long_momentum"": 0.125, ""mean_reversion"": 0.125, ""medium_momentum"": 0.125, ""ridge"": 0.125, ""risk_adjusted"": 0.125, ""short_momentum"": 0.125, ""trend"": 0.125, ""volume_momentum"": 0.125}",0.08315538866025411,0.75,-0.11528146815264542,0.1303899107758475,3044.TW,2010-01-11,2010-01-12
0.0400063575487254,365000,0,0.005110835025935993,0.005110835025935993,0.07277113075596847,D-1 estimated accounting; fill-day constraints require ledger audit,adaptive,V4_CAUSAL_7_EXPERTS_RIDGE_ANCHOR20,disabled,2010-01-11,risk_on,0.016718965885115775,0.003116130375150128,0.06103200869922221,0.5446428571428571,0.08284916510800606,0.7678571428571429,0.9196428571428571,2009-12-21,2009-12-28,"{""long_momentum"": 0.125, ""mean_reversion"": 0.125, ""medium_momentum"": 0.125, ""ridge"": 0.125, ""risk_adjusted"": 0.125, ""short_momentum"": 0.125, ""trend"": 0.125, ""volume_momentum"": 0.125}",0.059359261981638205,0.5,-0.0833522263647343,0.07130750793186404,3211.TWO,2010-01-11,2010-01-12
0.03853969134737569,394000,0,0.018721610407325662,0.018721610407325662,0.1952950307278889,D-1 estimated accounting; fill-day constraints require ledger audit,adaptive,V4_CAUSAL_7_EXPERTS_RIDGE_ANCHOR20,disabled,2010-01-11,risk_on,0.016718965885115775,0.003116130375150128,0.06103200869922221,0.5446428571428571,0.08284916510800606,0.7678571428571429,0.9196428571428571,2009-12-21,2009-12-28,"{""long_momentum"": 0.125, ""mean_reversion"": 0.125, ""medium_momentum"": 0.125, ""ridge"": 0.125, ""risk_adjusted"": 0.125, ""short_momentum"": 0.125, ""trend"": 0.125, ""volume_momentum"": 0.125}",0.06737752170670816,0.75,-0.0902568213097398,0.10543365363964888,3260.TWO,2010-01-11,2010-01-12
0.04125347136404917,1943000,0,0.009514603684276876,0.009514603684276876,0.14684948619114577,D-1 estimated accounting; fill-day constraints require ledger audit,adaptive,V4_CAUSAL_7_EXPERTS_RIDGE_ANCHOR20,disabled,2010-01-11,risk_on,0.016718965885115775,0.003116130375150128,0.06103200869922221,0.5446428571428571,0.08284916510800606,0.7678571428571429,0.9196428571428571,2009-12-21,2009-12-28,"{""long_momentum"": 0.125, ""mean_reversion"": 0.125, ""medium_momentum"": 0.125, ""ridge"": 0.125, ""risk_adjusted"": 0.125, ""short_momentum"": 0.125, ""trend"": 0.125, ""volume_momentum"": 0.125}",0.05961539871176842,0.75,-0.07996312408942395,0.07672594297323544,3264.TWO,2010-01-11,2010-01-12
0.03853386048610442,1768000,0,0.038170803400609764,0.038170803400609764,0.21388290852344555,D-1 estimated accounting; fill-day constraints require ledger audit,adaptive,V4_CAUSAL_7_EXPERTS_RIDGE_ANCHOR20,disabled,2010-01-11,risk_on,0.016718965885115775,0.003116130375150128,0.06103200869922221,0.5446428571428571,0.08284916510800606,0.7678571428571429,0.9196428571428571,2009-12-21,2009-12-28,"{""long_momentum"": 0.125, ""mean_reversion"": 0.125, ""medium_momentum"": 0.125, ""ridge"": 0.125, ""risk_adjusted"": 0.125, ""short_momentum"": 0.125, ""trend"": 0.125, ""volume_momentum"": 0.125}",0.10821157106765253,0.75,-0.12741668143440882,0.1814918997508861,3324.TWO,2010-01-11,2010-01-12
0.03924323079287056,232000,0,0.021079899003357556,0.021079899003357556,0.13337144020129002,D-1 estimated accounting; fill-day constraints require ledger audit,adaptive,V4_CAUSAL_7_EXPERTS_RIDGE_ANCHOR20,disabled,2010-01-11,risk_on,0.016718965885115775,0.003116130375150128,0.06103200869922221,0.5446428571428571,0.08284916510800606,0.7678571428571429,0.9196428571428571,2009-12-21,2009-12-28,"{""long_momentum"": 0.125, ""mean_reversion"": 0.125, ""medium_momentum"": 0.125, ""ridge"": 0.125, ""risk_adjusted"": 0.125, ""short_momentum"": 0.125, ""trend"": 0.125, ""volume_momentum"": 0.125}",0.07169177896606616,0.5,-0.09561386714796893,0.11550727666994179,3533.TW,2010-01-11,2010-01-12
0.045122068799870824,2564000,0,0.03300014945184553,0.03300014945184553,0.22131047848483917,D-1 estimated accounting; fill-day constraints require ledger audit,adaptive,V4_CAUSAL_7_EXPERTS_RIDGE_ANCHOR20,disabled,2010-01-11,risk_on,0.016718965885115775,0.003116130375150128,0.06103200869922221,0.5446428571428571,0.08284916510800606,0.7678571428571429,0.9196428571428571,2009-12-21,2009-12-28,"{""long_momentum"": 0.125, ""mean_reversion"": 0.125, ""medium_momentum"": 0.125, ""ridge"": 0.125, ""risk_adjusted"": 0.125, ""short_momentum"": 0.125, ""trend"": 0.125, ""volume_momentum"": 0.125}",0.09077871490200179,0.75,-0.1111516957695512,0.1548856061885,5347.TWO,2010-01-11,2010-01-12
0.03990196467280719,913000,0,0.015227686721441872,0.015227686721441872,0.18862326906817362,D-1 estimated accounting; fill-day constraints require ledger audit,adaptive,V4_CAUSAL_7_EXPERTS_RIDGE_ANCHOR20,disabled,2010-01-11,risk_on,0.016718965885115775,0.003116130375150128,0.06103200869922221,0.5446428571428571,0.08284916510800606,0.7678571428571429,0.9196428571428571,2009-12-21,2009-12-28,"{""long_momentum"": 0.125, ""mean_reversion"": 0.125, ""medium_momentum"": 0.125, ""ridge"": 0.125, ""risk_adjusted"": 0.125, ""short_momentum"": 0.125, ""trend"": 0.125, ""volume_momentum"": 0.125}",0.06020122915954773,0.75,-0.07636653068535318,0.08455551564349466,6023.TWO,2010-01-11,2010-01-12
0.04231517402052752,379000,0,0.013914036165512199,0.013914036165512199,0.17815766416977785,D-1 estimated accounting; fill-day constraints require ledger audit,adaptive,V4_CAUSAL_7_EXPERTS_RIDGE_ANCHOR20,disabled,2010-01-11,risk_on,0.016718965885115775,0.003116130375150128,0.06103200869922221,0.5446428571428571,0.08284916510800606,0.7678571428571429,0.9196428571428571,2009-12-21,2009-12-28,"{""long_momentum"": 0.125, ""mean_reversion"": 0.125, ""medium_momentum"": 0.125, ""ridge"": 0.125, ""risk_adjusted"": 0.125, ""short_momentum"": 0.125, ""trend"": 0.125, ""volume_momentum"": 0.125}",0.060709409675222724,0.75,-0.07934335343930887,0.08490503728559101,6239.TW,2010-01-11,2010-01-12
0.04268466649266528,2938000,0,0.013092689001662104,0.013092689001662104,0.17410376894257829,D-1 estimated accounting; fill-day constraints require ledger audit,adaptive,V4_CAUSAL_7_EXPERTS_RIDGE_ANCHOR20,disabled,2010-01-11,risk_on,0.016718965885115775,0.003116130375150128,0.06103200869922221,0.5446428571428571,0.08284916510800606,0.7678571428571429,0.9196428571428571,2009-12-21,2009-12-28,"{""long_momentum"": 0.125, ""mean_reversion"": 0.125, ""medium_momentum"": 0.125, ""ridge"": 0.125, ""risk_adjusted"": 0.125, ""short_momentum"": 0.125, ""trend"": 0.125, ""volume_momentum"": 0.125}",0.059846558572708236,0.75,-0.07725034668742232,0.08116933620600428,6274.TWO,2010-01-11,2010-01-12
0.03967440763950972,151000,0,0.008432246332985869,0.008432246332985869,0.12868695426841098,D-1 estimated accounting; fill-day constraints require ledger audit,adaptive,V4_CAUSAL_7_EXPERTS_RIDGE_ANCHOR20,disabled,2010-01-11,risk_on,0.016718965885115775,0.003116130375150128,0.06103200869922221,0.5446428571428571,0.08284916510800606,0.7678571428571429,0.9196428571428571,2009-12-21,2009-12-28,"{""long_momentum"": 0.125, ""mean_reversion"": 0.125, ""medium_momentum"": 0.125, ""ridge"": 0.125, ""risk_adjusted"": 0.125, ""short_momentum"": 0.125, ""trend"": 0.125, ""volume_momentum"": 0.125}",0.06485218278425785,0.75,-0.09540132242661499,0.08999942660784446,8299.TWO,2010-01-11,2010-01-12
0.04008505174029377,2243000,0,0.032109979825968,0.032109979825968,0.2809336296626148,D-1 estimated accounting; fill-day constraints require ledger audit,adaptive,V4_CAUSAL_7_EXPERTS_RIDGE_ANCHOR20,disabled,2010-01-12,risk_on,0.01661164911519728,0.005120911189428146,0.04784369301672875,0.5535714285714286,0.0859185797521924,0.8035714285714286,0.9107142857142857,2009-12-21,2009-12-28,"{""long_momentum"": 0.125, ""mean_reversion"": 0.125, ""medium_momentum"": 0.125, ""ridge"": 0.125, ""risk_adjusted"": 0.125, ""short_momentum"": 0.125, ""trend"": 0.125, ""volume_momentum"": 0.125}",0.0619614090387301,0.75,-0.06478313039010784,0.10673670155730158,1815.TWO,2010-01-12,2010-01-13
0.0371061877107789,3544000,0,0.01280530007963297,0.01280530007963297,0.11383951914319161,D-1 estimated accounting; fill-day constraints require ledger audit,adaptive,V4_CAUSAL_7_EXPERTS_RIDGE_ANCHOR20,disabled,2010-01-12,risk_on,0.01661164911519728,0.005120911189428146,0.04784369301672875,0.5535714285714286,0.0859185797521924,0.8035714285714286,0.9107142857142857,2009-12-21,2009-12-28,"{""long_momentum"": 0.125, ""mean_reversion"": 0.125, ""medium_momentum"": 0.125, ""ridge"": 0.125, ""risk_adjusted"": 0.125, ""short_momentum"": 0.125, ""trend"": 0.125, ""volume_momentum"": 0.125}",0.0603982105010679,0.5,-0.07944986850304475,0.08279408017756844,2313.TW,2010-01-12,2010-01-13
0.0413784353299717,3528000,0,0.017646717089494477,0.017646717089494477,0.20426177256278694,D-1 estimated accounting; fill-day constraints require ledger audit,adaptive,V4_CAUSAL_7_EXPERTS_RIDGE_ANCHOR20,disabled,2010-01-12,risk_on,0.01661164911519728,0.005120911189428146,0.04784369301672875,0.5535714285714286,0.0859185797521924,0.8035714285714286,0.9107142857142857,2009-12-21,2009-12-28,"{""long_momentum"": 0.125, ""mean_reversion"": 0.125, ""medium_momentum"": 0.125, ""ridge"": 0.125, ""risk_adjusted"": 0.125, ""short_momentum"": 0.125, ""trend"": 0.125, ""volume_momentum"": 0.125}",0.06050657000880444,0.75,-0.07496294619717596,0.08798999189142265,2327.TW,2010-01-12,2010-01-13
0.04086705608011091,2255000,0,0.010920914003612819,0.010920914003612819,0.156568096714719,D-1 estimated accounting; fill-day constraints require ledger audit,adaptive,V4_CAUSAL_7_EXPERTS_RIDGE_ANCHOR20,disabled,2010-01-12,risk_on,0.01661164911519728,0.005120911189428146,0.04784369301672875,0.5535714285714286,0.0859185797521924,0.8035714285714286,0.9107142857142857,2009-12-21,2009-12-28,"{""long_momentum"": 0.125, ""mean_reversion"": 0.125, ""medium_momentum"": 0.125, ""ridge"": 0.125, ""risk_adjusted"": 0.125, ""short_momentum"": 0.125, ""trend"": 0.125, ""volume_momentum"": 0.125}",0.06034421122471903,0.75,-0.0811552508685727,0.08073069039105607,2337.TW,2010-01-12,2010-01-13
0.03900366870927571,4225000,0,0.022513579855873187,0.022513579855873187,0.22553650182480497,D-1 estimated accounting; fill-day constraints require ledger audit,adaptive,V4_CAUSAL_7_EXPERTS_RIDGE_ANCHOR20,disabled,2010-01-12,risk_on,0.01661164911519728,0.005120911189428146,0.04784369301672875,0.5535714285714286,0.0859185797521924,0.8035714285714286,0.9107142857142857,2009-12-21,2009-12-28,"{""long_momentum"": 0.125, ""mean_reversion"": 0.125, ""medium_momentum"": 0.125, ""ridge"": 0.125, ""risk_adjusted"": 0.125, ""short_momentum"": 0.125, ""trend"": 0.125, ""volume_momentum"": 0.125}",0.06398019044271087,0.75,-0.07937693353324919,0.1021377047602533,2344.TW,2010-01-12,2010-01-13
0.04074840280698982,2654000,0,0.019608238775363922,0.019608238775363922,0.2190927307600164,D-1 estimated accounting; fill-day constraints require ledger audit,adaptive,V4_CAUSAL_7_EXPERTS_RIDGE_ANCHOR20,disabled,2010-01-12,risk_on,0.01661164911519728,0.005120911189428146,0.04784369301672875,0.5535714285714286,0.0859185797521924,0.8035714285714286,0.9107142857142857,2009-12-21,2009-12-28,"{""long_momentum"": 0.125, ""mean_reversion"": 0.125, ""medium_momentum"": 0.125, ""ridge"": 0.125, ""risk_adjusted"": 0.125, ""short_momentum"": 0.125, ""trend"": 0.125, ""volume_momentum"": 0.125}",0.05963088233787351,0.75,-0.06992884366881538,0.08687893273480096,2345.TW,2010-01-12,2010-01-13
0.041014699506070916,1316000,0,0.0024358493360853613,0.0024358493360853613,0.05405522725627824,D-1 estimated accounting; fill-day constraints require ledger audit,adaptive,V4_CAUSAL_7_EXPERTS_RIDGE_ANCHOR20,disabled,2010-01-12,risk_on,0.01661164911519728,0.005120911189428146,0.04784369301672875,0.5535714285714286,0.0859185797521924,0.8035714285714286,0.9107142857142857,2009-12-21,2009-12-28,"{""long_momentum"": 0.125, ""mean_reversion"": 0.125, ""medium_momentum"": 0.125, ""ridge"": 0.125, ""risk_adjusted"": 0.125, ""short_momentum"": 0.125, ""trend"": 0.125, ""volume_momentum"": 0.125}",0.06134426420253384,0.5,-0.09273385709845208,0.07533916728588054,2376.TW,2010-01-12,2010-01-13
0.04193757786983967,1262000,0,0.041153161743013894,0.041153161743013894,0.3092934718809588,D-1 estimated accounting; fill-day constraints require ledger audit,adaptive,V4_CAUSAL_7_EXPERTS_RIDGE_ANCHOR20,disabled,2010-01-12,risk_on,0.01661164911519728,0.005120911189428146,0.04784369301672875,0.5535714285714286,0.0859185797521924,0.8035714285714286,0.9107142857142857,2009-12-21,2009-12-28,"{""long_momentum"": 0.125, ""mean_reversion"": 0.125, ""medium_momentum"": 0.125, ""ridge"": 0.125, ""risk_adjusted"": 0.125, ""short_momentum"": 0.125, ""trend"": 0.125, ""volume_momentum"": 0.125}",0.06576278364293665,0.75,-0.06460847481855207,0.1246484098198376,2408.TW,2010-01-12,2010-01-13
0.041684794809712135,2715000,0,0.0073203650957110004,0.0073203650957110004,0.12840597212660623,D-1 estimated accounting; fill-day constraints require ledger audit,adaptive,V4_CAUSAL_7_EXPERTS_RIDGE_ANCHOR20,disabled,2010-01-12,risk_on,0.01661164911519728,0.005120911189428146,0.04784369301672875,0.5535714285714286,0.0859185797521924,0.8035714285714286,0.9107142857142857,2009-12-21,2009-12-28,"{""long_momentum"": 0.125, ""mean_reversion"": 0.125, ""medium_momentum"": 0.125, ""ridge"": 0.125, ""risk_adjusted"": 0.125, ""short_momentum"": 0.125, ""trend"": 0.125, ""volume_momentum"": 0.125}",0.05964103723433396,0.75,-0.08225553083925086,0.07462987254593062,2449.TW,2010-01-12,2010-01-13
0.04010931086124578,3200000,0,0.0036673141512005886,0.0036673141512005886,0.06472414256813858,D-1 estimated accounting; fill-day constraints require ledger audit,adaptive,V4_CAUSAL_7_EXPERTS_RIDGE_ANCHOR20,disabled,2010-01-12,risk_on,0.01661164911519728,0.005120911189428146,0.04784369301672875,0.5535714285714286,0.0859185797521924,0.8035714285714286,0.9107142857142857,2009-12-21,2009-12-28,"{""long_momentum"": 0.125, ""mean_reversion"": 0.125, ""medium_momentum"": 0.125, ""ridge"": 0.125, ""risk_adjusted"": 0.125, ""short_momentum"": 0.125, ""trend"": 0.125, ""volume_momentum"": 0.125}",0.05828849095719496,0.5,-0.0794813460291015,0.06454958584676042,2890.TW,2010-01-12,2010-01-13
0.039127797900155255,889000,0,-0.0011643062746103236,-0.0011643062746103236,0.023972103569244996,D-1 estimated accounting; fill-day constraints require ledger audit,adaptive,V4_CAUSAL_7_EXPERTS_RIDGE_ANCHOR20,disabled,2010-01-12,risk_on,0.01661164911519728,0.005120911189428146,0.04784369301672875,0.5535714285714286,0.0859185797521924,0.8035714285714286,0.9107142857142857,2009-12-21,2009-12-28,"{""long_momentum"": 0.125, ""mean_reversion"": 0.125, ""medium_momentum"": 0.125, ""ridge"": 0.125, ""risk_adjusted"": 0.125, ""short_momentum"": 0.125, ""trend"": 0.125, ""volume_momentum"": 0.125}",0.05812194062070614,0.25,-0.08319011856311728,0.058595117529154375,3037.TW,2010-01-12,2010-01-13
0.04454618832407764,381000,0,0.024631509598324854,0.024631509598324854,0.15479182985513612,D-1 estimated accounting; fill-day constraints require ledger audit,adaptive,V4_CAUSAL_7_EXPERTS_RIDGE_ANCHOR20,disabled,2010-01-12,risk_on,0.01661164911519728,0.005120911189428146,0.04784369301672875,0.5535714285714286,0.0859185797521924,0.8035714285714286,0.9107142857142857,2009-12-21,2009-12-28,"{""long_momentum"": 0.125, ""mean_reversion"": 0.125, ""medium_momentum"": 0.125, ""ridge"": 0.125, ""risk_adjusted"": 0.125, ""short_momentum"": 0.125, ""trend"": 0.125, ""volume_momentum"": 0.125}",0.11393958339503213,0.75,-0.14765446215053754,0.174651092862445,3044.TW,2010-01-12,2010-01-13
0.04102232452022907,365000,0,0.005347679491951828,0.005347679491951828,0.06783320417975124,D-1 estimated accounting; fill-day constraints require ledger audit,adaptive,V4_CAUSAL_7_EXPERTS_RIDGE_ANCHOR20,disabled,2010-01-12,risk_on,0.01661164911519728,0.005120911189428146,0.04784369301672875,0.5535714285714286,0.0859185797521924,0.8035714285714286,0.9107142857142857,2009-12-21,2009-12-28,"{""long_momentum"": 0.125, ""mean_reversion"": 0.125, ""medium_momentum"": 0.125, ""ridge"": 0.125, ""risk_adjusted"": 0.125, ""short_momentum"": 0.125, ""trend"": 0.125, ""volume_momentum"": 0.125}",0.06592528753855663,0.5,-0.10074858858361194,0.08917755908277333,3211.TWO,2010-01-12,2010-01-13
0.0383603138018208,394000,0,0.012198376432698667,0.012198376432698667,0.1626216542721909,D-1 estimated accounting; fill-day constraints require ledger audit,adaptive,V4_CAUSAL_7_EXPERTS_RIDGE_ANCHOR20,disabled,2010-01-12,risk_on,0.01661164911519728,0.005120911189428146,0.04784369301672875,0.5535714285714286,0.0859185797521924,0.8035714285714286,0.9107142857142857,2009-12-21,2009-12-28,"{""long_momentum"": 0.125, ""mean_reversion"": 0.125, ""medium_momentum"": 0.125, ""ridge"": 0.125, ""risk_adjusted"": 0.125, ""short_momentum"": 0.125, ""trend"": 0.125, ""volume_momentum"": 0.125}",0.062119364997568864,0.75,-0.08511802623968043,0.08724839062033551,3260.TWO,2010-01-12,2010-01-13
0.04030043951646416,1943000,0,0.006025407228454727,0.006025407228454727,0.11752695498640174,D-1 estimated accounting; fill-day constraints require ledger audit,adaptive,V4_CAUSAL_7_EXPERTS_RIDGE_ANCHOR20,disabled,2010-01-12,risk_on,0.01661164911519728,0.005120911189428146,0.04784369301672875,0.5535714285714286,0.0859185797521924,0.8035714285714286,0.9107142857142857,2009-12-21,2009-12-28,"{""long_momentum"": 0.125, ""mean_reversion"": 0.125, ""medium_momentum"": 0.125, ""ridge"": 0.125, ""risk_adjusted"": 0.125, ""short_momentum"": 0.125, ""trend"": 0.125, ""volume_momentum"": 0.125}",0.05933339192785629,0.75,-0.08233145121774196,0.07211587718990915,3264.TWO,2010-01-12,2010-01-13
0.04049901703039809,1768000,0,0.037824571581665876,0.037824571581665876,0.18989533508717146,D-1 estimated accounting; fill-day constraints require ledger audit,adaptive,V4_CAUSAL_7_EXPERTS_RIDGE_ANCHOR20,disabled,2010-01-12,risk_on,0.01661164911519728,0.005120911189428146,0.04784369301672875,0.5535714285714286,0.0859185797521924,0.8035714285714286,0.9107142857142857,2009-12-21,2009-12-28,"{""long_momentum"": 0.125, ""mean_reversion"": 0.125, ""medium_momentum"": 0.125, ""ridge"": 0.125, ""risk_adjusted"": 0.125, ""short_momentum"": 0.125, ""trend"": 0.125, ""volume_momentum"": 0.125}",0.06993378438849855,0.5,-0.07584985367598862,0.12923260835457812,3324.TWO,2010-01-12,2010-01-13
0.04095614040393883,232000,0,0.030084144929659877,0.030084144929659877,0.18991242680491324,D-1 estimated accounting; fill-day constraints require ledger audit,adaptive,V4_CAUSAL_7_EXPERTS_RIDGE_ANCHOR20,disabled,2010-01-12,risk_on,0.01661164911519728,0.005120911189428146,0.04784369301672875,0.5535714285714286,0.0859185797521924,0.8035714285714286,0.9107142857142857,2009-12-21,2009-12-28,"{""long_momentum"": 0.125, ""mean_reversion"": 0.125, ""medium_momentum"": 0.125, ""ridge"": 0.125, ""risk_adjusted"": 0.125, ""short_momentum"": 0.125, ""trend"": 0.125, ""volume_momentum"": 0.125}",0.10346976194171584,0.75,-0.12985209717288956,0.16775399854746706,3533.TW,2010-01-12,2010-01-13
0.04517506325415103,2564000,0,0.03156588284822893,0.03156588284822893,0.1764345787094479,D-1 estimated accounting; fill-day constraints require ledger audit,adaptive,V4_CAUSAL_7_EXPERTS_RIDGE_ANCHOR20,disabled,2010-01-12,risk_on,0.01661164911519728,0.005120911189428146,0.04784369301672875,0.5535714285714286,0.0859185797521924,0.8035714285714286,0.9107142857142857,2009-12-21,2009-12-28,"{""long_momentum"": 0.125, ""mean_reversion"": 0.125, ""medium_momentum"": 0.125, ""ridge"": 0.125, ""risk_adjusted"": 0.125, ""short_momentum"": 0.125, ""trend"": 0.125, ""volume_momentum"": 0.125}",0.1188708367379819,0.75,-0.14639398683401175,0.18725936404572735,5347.TWO,2010-01-12,2010-01-13
0.03953985064545424,913000,0,0.011543983307106548,0.011543983307106548,0.11037179647017738,D-1 estimated accounting; fill-day constraints require ledger audit,adaptive,V4_CAUSAL_7_EXPERTS_RIDGE_ANCHOR20,disabled,2010-01-12,risk_on,0.01661164911519728,0.005120911189428146,0.04784369301672875,0.5535714285714286,0.0859185797521924,0.8035714285714286,0.9107142857142857,2009-12-21,2009-12-28,"{""long_momentum"": 0.125, ""mean_reversion"": 0.125, ""medium_momentum"": 0.125, ""ridge"": 0.125, ""risk_adjusted"": 0.125, ""short_momentum"": 0.125, ""trend"": 0.125, ""volume_momentum"": 0.125}",0.0584026236894406,0.5,-0.07230242260226624,0.07312400073173708,6023.TWO,2010-01-12,2010-01-13
0.04030159710937266,379000,0,0.008404391125101694,0.008404391125101694,0.08851052299108948,D-1 estimated accounting; fill-day constraints require ledger audit,adaptive,V4_CAUSAL_7_EXPERTS_RIDGE_ANCHOR20,disabled,2010-01-12,risk_on,0.01661164911519728,0.005120911189428146,0.04784369301672875,0.5535714285714286,0.0859185797521924,0.8035714285714286,0.9107142857142857,2009-12-21,2009-12-28,"{""long_momentum"": 0.125, ""mean_reversion"": 0.125, ""medium_momentum"": 0.125, ""ridge"": 0.125, ""risk_adjusted"": 0.125, ""short_momentum"": 0.125, ""trend"": 0.125, ""volume_momentum"": 0.125}",0.06231762854057771,0.5,-0.08943418361999655,0.08397657738545768,6239.TW,2010-01-12,2010-01-13
0.044812208207463226,2938000,0,0.02125523873076065,0.02125523873076065,0.15167853329922037,D-1 estimated accounting; fill-day constraints require ledger audit,adaptive,V4_CAUSAL_7_EXPERTS_RIDGE_ANCHOR20,disabled,2010-01-12,risk_on,0.01661164911519728,0.005120911189428146,0.04784369301672875,0.5535714285714286,0.0859185797521924,0.8035714285714286,0.9107142857142857,2009-12-21,2009-12-28,"{""long_momentum"": 0.125, ""mean_reversion"": 0.125, ""medium_momentum"": 0.125, ""ridge"": 0.125, ""risk_adjusted"": 0.125, ""short_momentum"": 0.125, ""trend"": 0.125, ""volume_momentum"": 0.125}",0.10356820180333702,0.75,-0.13879943887924853,0.15904352785602754,6274.TWO,2010-01-12,2010-01-13
0.03926882291448624,151000,0,0.010668012720701815,0.010668012720701815,0.14822221256556825,D-1 estimated accounting; fill-day constraints require ledger audit,adaptive,V4_CAUSAL_7_EXPERTS_RIDGE_ANCHOR20,disabled,2010-01-12,risk_on,0.01661164911519728,0.005120911189428146,0.04784369301672875,0.5535714285714286,0.0859185797521924,0.8035714285714286,0.9107142857142857,2009-12-21,2009-12-28,"{""long_momentum"": 0.125, ""mean_reversion"": 0.125, ""medium_momentum"": 0.125, ""ridge"": 0.125, ""risk_adjusted"": 0.125, ""short_momentum"": 0.125, ""trend"": 0.125, ""volume_momentum"": 0.125}",0.0636116670056289,0.75,-0.09036787472522015,0.08943751168188149,8299.TWO,2010-01-12,2010-01-13
0.04005461675386449,2243000,0,0.024936381824000008,0.024936381824000008,0.24807041424686752,D-1 estimated accounting; fill-day constraints require ledger audit,adaptive,V4_CAUSAL_7_EXPERTS_RIDGE_ANCHOR20,disabled,2010-01-13,neutral,0.01672422872569391,-0.012749436667792824,0.031065617275415125,0.3125,0.08521267196411364,0.5892857142857143,0.8571428571428571,2009-12-21,2009-12-28,"{""long_momentum"": 0.125, ""mean_reversion"": 0.125, ""medium_momentum"": 0.125, ""ridge"": 0.125, ""risk_adjusted"": 0.125, ""short_momentum"": 0.125, ""trend"": 0.125, ""volume_momentum"": 0.125}",0.060571333238129854,0.75,-0.06788226929342059,0.09548864445667835,1815.TWO,2010-01-13,2010-01-14
0.0375737992060032,3544000,0,0.011913256037653804,0.011913256037653804,0.16764034640970732,D-1 estimated accounting; fill-day constraints require ledger audit,adaptive,V4_CAUSAL_7_EXPERTS_RIDGE_ANCHOR20,disabled,2010-01-13,neutral,0.01672422872569391,-0.012749436667792824,0.031065617275415125,0.3125,0.08521267196411364,0.5892857142857143,0.8571428571428571,2009-12-21,2009-12-28,"{""long_momentum"": 0.125, ""mean_reversion"": 0.125, ""medium_momentum"": 0.125, ""ridge"": 0.125, ""risk_adjusted"": 0.125, ""short_momentum"": 0.125, ""trend"": 0.125, ""volume_momentum"": 0.125}",0.05875434009841469,0.75,-0.07383331574824273,0.07539343933880807,2313.TW,2010-01-13,2010-01-14
0.04241527734945724,3528000,0,0.017275191056779184,0.017275191056779184,0.1337231093232264,D-1 estimated accounting; fill-day constraints require ledger audit,adaptive,V4_CAUSAL_7_EXPERTS_RIDGE_ANCHOR20,disabled,2010-01-13,neutral,0.01672422872569391,-0.012749436667792824,0.031065617275415125,0.3125,0.08521267196411364,0.5892857142857143,0.8571428571428571,2009-12-21,2009-12-28,"{""long_momentum"": 0.125, ""mean_reversion"": 0.125, ""medium_momentum"": 0.125, ""ridge"": 0.125, ""risk_adjusted"": 0.125, ""short_momentum"": 0.125, ""trend"": 0.125, ""volume_momentum"": 0.125}",0.06101329651097961,0.5,-0.07691764042572308,0.0892016340545392,2327.TW,2010-01-13,2010-01-14
0.04095526133023965,2255000,0,0.005768438694222764,0.005768438694222764,0.07621324960342181,D-1 estimated accounting; fill-day constraints require ledger audit,adaptive,V4_CAUSAL_7_EXPERTS_RIDGE_ANCHOR20,disabled,2010-01-13,neutral,0.01672422872569391,-0.012749436667792824,0.031065617275415125,0.3125,0.08521267196411364,0.5892857142857143,0.8571428571428571,2009-12-21,2009-12-28,"{""long_momentum"": 0.125, ""mean_reversion"": 0.125, ""medium_momentum"": 0.125, ""ridge"": 0.125, ""risk_adjusted"": 0.125, ""short_momentum"": 0.125, ""trend"": 0.125, ""volume_momentum"": 0.125}",0.05987832384547142,0.5,-0.08469021292969132,0.0739607018333946,2337.TW,2010-01-13,2010-01-14
0.039349083939408586,4225000,0,0.022260495278928795,0.022260495278928795,0.22651475200799798,D-1 estimated accounting; fill-day constraints require ledger audit,adaptive,V4_CAUSAL_7_EXPERTS_RIDGE_ANCHOR20,disabled,2010-01-13,neutral,0.01672422872569391,-0.012749436667792824,0.031065617275415125,0.3125,0.08521267196411364,0.5892857142857143,0.8571428571428571,2009-12-21,2009-12-28,"{""long_momentum"": 0.125, ""mean_reversion"": 0.125, ""medium_momentum"": 0.125, ""ridge"": 0.125, ""risk_adjusted"": 0.125, ""short_momentum"": 0.125, ""trend"": 0.125, ""volume_momentum"": 0.125}",0.06300016667775778,0.75,-0.07730612273171517,0.0995607248048305,2344.TW,2010-01-13,2010-01-14
0.040795212675582226,2654000,0,0.01243215473323295,0.01243215473323295,0.17205847588089776,D-1 estimated accounting; fill-day constraints require ledger audit,adaptive,V4_CAUSAL_7_EXPERTS_RIDGE_ANCHOR20,disabled,2010-01-13,neutral,0.01672422872569391,-0.012749436667792824,0.031065617275415125,0.3125,0.08521267196411364,0.5892857142857143,0.8571428571428571,2009-12-21,2009-12-28,"{""long_momentum"": 0.125, ""mean_reversion"": 0.125, ""medium_momentum"": 0.125, ""ridge"": 0.125, ""risk_adjusted"": 0.125, ""short_momentum"": 0.125, ""trend"": 0.125, ""volume_momentum"": 0.125}",0.058554314302880515,0.75,-0.07227361371570666,0.0748715346974303,2345.TW,2010-01-13,2010-01-14
0.04240122776069473,1316000,0,0.007330694148596789,0.007330694148596789,0.11812556978504828,D-1 estimated accounting; fill-day constraints require ledger audit,adaptive,V4_CAUSAL_7_EXPERTS_RIDGE_ANCHOR20,disabled,2010-01-13,neutral,0.01672422872569391,-0.012749436667792824,0.031065617275415125,0.3125,0.08521267196411364,0.5892857142857143,0.8571428571428571,2009-12-21,2009-12-28,"{""long_momentum"": 0.125, ""mean_reversion"": 0.125, ""medium_momentum"": 0.125, ""ridge"": 0.125, ""risk_adjusted"": 0.125, ""short_momentum"": 0.125, ""trend"": 0.125, ""volume_momentum"": 0.125}",0.06595904979317727,0.75,-0.09883476459247331,0.09122976440492461,2376.TW,2010-01-13,2010-01-14
0.040982193935412546,1262000,0,0.02874814045362685,0.02874814045362685,0.213579701206739,D-1 estimated accounting; fill-day constraints require ledger audit,adaptive,V4_CAUSAL_7_EXPERTS_RIDGE_ANCHOR20,disabled,2010-01-13,neutral,0.01672422872569391,-0.012749436667792824,0.031065617275415125,0.3125,0.08521267196411364,0.5892857142857143,0.8571428571428571,2009-12-21,2009-12-28,"{""long_momentum"": 0.125, ""mean_reversion"": 0.125, ""medium_momentum"": 0.125, ""ridge"": 0.125, ""risk_adjusted"": 0.125, ""short_momentum"": 0.125, ""trend"": 0.125, ""volume_momentum"": 0.125}",0.06500931479302022,0.625,-0.07542495704390019,0.11065484946641163,2408.TW,2010-01-13,2010-01-14
0.04131948550678692,2715000,0,0.003959453544312162,0.003959453544312162,0.06696661167218186,D-1 estimated accounting; fill-day constraints require ledger audit,adaptive,V4_CAUSAL_7_EXPERTS_RIDGE_ANCHOR20,disabled,2010-01-13,neutral,0.01672422872569391,-0.012749436667792824,0.031065617275415125,0.3125,0.08521267196411364,0.5892857142857143,0.8571428571428571,2009-12-21,2009-12-28,"{""long_momentum"": 0.125, ""mean_reversion"": 0.125, ""medium_momentum"": 0.125, ""ridge"": 0.125, ""risk_adjusted"": 0.125, ""short_momentum"": 0.125, ""trend"": 0.125, ""volume_momentum"": 0.125}",0.057935476037692855,0.5,-0.07659108421613764,0.06224360282001971,2449.TW,2010-01-13,2010-01-14
0.03960878323320574,3200000,0,-0.0003399441942450198,-0.0003399441942450198,0.0,D-1 estimated accounting; fill-day constraints require ledger audit,adaptive,V4_CAUSAL_7_EXPERTS_RIDGE_ANCHOR20,disabled,2010-01-13,neutral,0.01672422872569391,-0.012749436667792824,0.031065617275415125,0.3125,0.08521267196411364,0.5892857142857143,0.8571428571428571,2009-12-21,2009-12-28,"{""long_momentum"": 0.125, ""mean_reversion"": 0.125, ""medium_momentum"": 0.125, ""ridge"": 0.125, ""risk_adjusted"": 0.125, ""short_momentum"": 0.125, ""trend"": 0.125, ""volume_momentum"": 0.125}",0.0635638667347038,0.0,-0.10126336502956756,0.07831708815633528,2890.TW,2010-01-13,2010-01-14
0.03861922555538408,889000,0,-0.00306650246296481,-0.00306650246296481,0.028956342474441864,D-1 estimated accounting; fill-day constraints require ledger audit,adaptive,V4_CAUSAL_7_EXPERTS_RIDGE_ANCHOR20,disabled,2010-01-13,neutral,0.01672422872569391,-0.012749436667792824,0.031065617275415125,0.3125,0.08521267196411364,0.5892857142857143,0.8571428571428571,2009-12-21,2009-12-28,"{""long_momentum"": 0.125, ""mean_reversion"": 0.125, ""medium_momentum"": 0.125, ""ridge"": 0.125, ""risk_adjusted"": 0.125, ""short_momentum"": 0.125, ""trend"": 0.125, ""volume_momentum"": 0.125}",0.06157715565860786,0.25,-0.09890047522795188,0.07050108181728,3037.TW,2010-01-13,2010-01-14
0.044311236384609085,381000,0,0.02498205367647796,0.02498205367647796,0.164974707199836,D-1 estimated accounting; fill-day constraints require ledger audit,adaptive,V4_CAUSAL_7_EXPERTS_RIDGE_ANCHOR20,disabled,2010-01-13,neutral,0.01672422872569391,-0.012749436667792824,0.031065617275415125,0.3125,0.08521267196411364,0.5892857142857143,0.8571428571428571,2009-12-21,2009-12-28,"{""long_momentum"": 0.125, ""mean_reversion"": 0.125, ""medium_momentum"": 0.125, ""ridge"": 0.125, ""risk_adjusted"": 0.125, ""short_momentum"": 0.125, ""trend"": 0.125, ""volume_momentum"": 0.125}",0.10632090232828849,0.75,-0.13836482550333895,0.16606254437155263,3044.TW,2010-01-13,2010-01-14
0.040413616715095746,365000,0,0.004850630618356382,0.004850630618356382,0.07255061079423195,D-1 estimated accounting; fill-day constraints require ledger audit,adaptive,V4_CAUSAL_7_EXPERTS_RIDGE_ANCHOR20,disabled,2010-01-13,neutral,0.01672422872569391,-0.012749436667792824,0.031065617275415125,0.3125,0.08521267196411364,0.5892857142857143,0.8571428571428571,2009-12-21,2009-12-28,"{""long_momentum"": 0.125, ""mean_reversion"": 0.125, ""medium_momentum"": 0.125, ""ridge"": 0.125, ""risk_adjusted"": 0.125, ""short_momentum"": 0.125, ""trend"": 0.125, ""volume_momentum"": 0.125}",0.058037361712230215,0.5,-0.07654177314928337,0.06397664590125389,3211.TWO,2010-01-13,2010-01-14
0.03817765255983742,394000,0,0.01145887800994645,0.01145887800994645,0.10294334466678914,D-1 estimated accounting; fill-day constraints require ledger audit,adaptive,V4_CAUSAL_7_EXPERTS_RIDGE_ANCHOR20,disabled,2010-01-13,neutral,0.01672422872569391,-0.012749436667792824,0.031065617275415125,0.3125,0.08521267196411364,0.5892857142857143,0.8571428571428571,2009-12-21,2009-12-28,"{""long_momentum"": 0.125, ""mean_reversion"": 0.125, ""medium_momentum"": 0.125, ""ridge"": 0.125, ""risk_adjusted"": 0.125, ""short_momentum"": 0.125, ""trend"": 0.125, ""volume_momentum"": 0.125}",0.06348255998792102,0.5,-0.08927235162367814,0.08992371915882878,3260.TWO,2010-01-13,2010-01-14
0.04051447450301724,1943000,0,0.004356673049185697,0.004356673049185697,0.10110535771056071,D-1 estimated accounting; fill-day constraints require ledger audit,adaptive,V4_CAUSAL_7_EXPERTS_RIDGE_ANCHOR20,disabled,2010-01-13,neutral,0.01672422872569391,-0.012749436667792824,0.031065617275415125,0.3125,0.08521267196411364,0.5892857142857143,0.8571428571428571,2009-12-21,2009-12-28,"{""long_momentum"": 0.125, ""mean_reversion"": 0.125, ""medium_momentum"": 0.125, ""ridge"": 0.125, ""risk_adjusted"": 0.125, ""short_momentum"": 0.125, ""trend"": 0.125, ""volume_momentum"": 0.125}",0.06005116987619744,0.75,-0.08671844101682405,0.07316539863045318,3264.TWO,2010-01-13,2010-01-14
0.041799859713175895,1768000,0,0.025338034470991106,0.025338034470991106,0.20862565589294482,D-1 estimated accounting; fill-day constraints require ledger audit,adaptive,V4_CAUSAL_7_EXPERTS_RIDGE_ANCHOR20,disabled,2010-01-13,neutral,0.01672422872569391,-0.012749436667792824,0.031065617275415125,0.3125,0.08521267196411364,0.5892857142857143,0.8571428571428571,2009-12-21,2009-12-28,"{""long_momentum"": 0.125, ""mean_reversion"": 0.125, ""medium_momentum"": 0.125, ""ridge"": 0.125, ""risk_adjusted"": 0.125, ""short_momentum"": 0.125, ""trend"": 0.125, ""volume_momentum"": 0.125}",0.0787258568124433,0.75,-0.10232566073439435,0.13073534119163427,3324.TWO,2010-01-13,2010-01-14
0.0410379865261662,232000,0,0.03524263293063118,0.03524263293063118,0.2501147664582852,D-1 estimated accounting; fill-day constraints require ledger audit,adaptive,V4_CAUSAL_7_EXPERTS_RIDGE_ANCHOR20,disabled,2010-01-13,neutral,0.01672422872569391,-0.012749436667792824,0.031065617275415125,0.3125,0.08521267196411364,0.5892857142857143,0.8571428571428571,2009-12-21,2009-12-28,"{""long_momentum"": 0.125, ""mean_reversion"": 0.125, ""medium_momentum"": 0.125, ""ridge"": 0.125, ""risk_adjusted"": 0.125, ""short_momentum"": 0.125, ""trend"": 0.125, ""volume_momentum"": 0.125}",0.08042986923851689,0.75,-0.09488906221199891,0.14310793958851903,3533.TW,2010-01-13,2010-01-14
0.044224757868940916,2564000,0,0.029239604642739756,0.029239604642739756,0.23469831850750938,D-1 estimated accounting; fill-day constraints require ledger audit,adaptive,V4_CAUSAL_7_EXPERTS_RIDGE_ANCHOR20,disabled,2010-01-13,neutral,0.01672422872569391,-0.012749436667792824,0.031065617275415125,0.3125,0.08521267196411364,0.5892857142857143,0.8571428571428571,2009-12-21,2009-12-28,"{""long_momentum"": 0.125, ""mean_reversion"": 0.125, ""medium_momentum"": 0.125, ""ridge"": 0.125, ""risk_adjusted"": 0.125, ""short_momentum"": 0.125, ""trend"": 0.125, ""volume_momentum"": 0.125}",0.07517619196524988,0.75,-0.09307174644617776,0.129284567246915,5347.TWO,2010-01-13,2010-01-14
0.03910522974138547,913000,0,0.004862843318085034,0.004862843318085034,0.07179688691757577,D-1 estimated accounting; fill-day constraints require ledger audit,adaptive,V4_CAUSAL_7_EXPERTS_RIDGE_ANCHOR20,disabled,2010-01-13,neutral,0.01672422872569391,-0.012749436667792824,0.031065617275415125,0.3125,0.08521267196411364,0.5892857142857143,0.8571428571428571,2009-12-21,2009-12-28,"{""long_momentum"": 0.125, ""mean_reversion"": 0.125, ""medium_momentum"": 0.125, ""ridge"": 0.125, ""risk_adjusted"": 0.125, ""short_momentum"": 0.125, ""trend"": 0.125, ""volume_momentum"": 0.125}",0.05882288764827129,0.5,-0.08122063349992505,0.06867993165135286,6023.TWO,2010-01-13,2010-01-14
0.039266825372422876,379000,0,0.0026827296959477847,0.0026827296959477847,0.023061478524476018,D-1 estimated accounting; fill-day constraints require ledger audit,adaptive,V4_CAUSAL_7_EXPERTS_RIDGE_ANCHOR20,disabled,2010-01-13,neutral,0.01672422872569391,-0.012749436667792824,0.031065617275415125,0.3125,0.08521267196411364,0.5892857142857143,0.8571428571428571,2009-12-21,2009-12-28,"{""long_momentum"": 0.125, ""mean_reversion"": 0.125, ""medium_momentum"": 0.125, ""ridge"": 0.125, ""risk_adjusted"": 0.125, ""short_momentum"": 0.125, ""trend"": 0.125, ""volume_momentum"": 0.125}",0.07560258186586094,0.25,-0.12028885503661144,0.10338792594376475,6239.TW,2010-01-13,2010-01-14
0.045159816329703666,2938000,0,0.019395669731573525,0.019395669731573525,0.13851097077617183,D-1 estimated accounting; fill-day constraints require ledger audit,adaptive,V4_CAUSAL_7_EXPERTS_RIDGE_ANCHOR20,disabled,2010-01-13,neutral,0.01672422872569391,-0.012749436667792824,0.031065617275415125,0.3125,0.08521267196411364,0.5892857142857143,0.8571428571428571,2009-12-21,2009-12-28,"{""long_momentum"": 0.125, ""mean_reversion"": 0.125, ""medium_momentum"": 0.125, ""ridge"": 0.125, ""risk_adjusted"": 0.125, ""short_momentum"": 0.125, ""trend"": 0.125, ""volume_momentum"": 0.125}",0.10770038154978641,0.75,-0.1455875779041096,0.16211252888251437,6274.TWO,2010-01-13,2010-01-14
0.03895869810985155,151000,0,0.006131297255006557,0.006131297255006557,0.07232503531052314,D-1 estimated accounting; fill-day constraints require ledger audit,adaptive,V4_CAUSAL_7_EXPERTS_RIDGE_ANCHOR20,disabled,2010-01-13,neutral,0.01672422872569391,-0.012749436667792824,0.031065617275415125,0.3125,0.08521267196411364,0.5892857142857143,0.8571428571428571,2009-12-21,2009-12-28,"{""long_momentum"": 0.125, ""mean_reversion"": 0.125, ""medium_momentum"": 0.125, ""ridge"": 0.125, ""risk_adjusted"": 0.125, ""short_momentum"": 0.125, ""trend"": 0.125, ""volume_momentum"": 0.125}",0.0658219818358021,0.5,-0.09975255181205922,0.08974875783733008,8299.TWO,2010-01-13,2010-01-14
0.04029879193745415,2243000,0,0.014274502930799515,0.014274502930799515,0.17784066656999786,D-1 estimated accounting; fill-day constraints require ledger audit,adaptive,V4_CAUSAL_7_EXPERTS_RIDGE_ANCHOR20,disabled,2010-01-14,risk_on,0.0166611150570875,0.005489247583788659,0.056960987314049305,0.5535714285714286,0.08997550145553561,0.7232142857142857,0.8928571428571429,2009-12-21,2009-12-28,"{""long_momentum"": 0.125, ""mean_reversion"": 0.125, ""medium_momentum"": 0.125, ""ridge"": 0.125, ""risk_adjusted"": 0.125, ""short_momentum"": 0.125, ""trend"": 0.125, ""volume_momentum"": 0.125}",0.06201105158779998,0.75,-0.08275236030830033,0.08903497768515709,1815.TWO,2010-01-14,2010-01-15
0.037347127312153554,3544000,0,0.005774018532584203,0.005774018532584203,0.07594433857100068,D-1 estimated accounting; fill-day constraints require ledger audit,adaptive,V4_CAUSAL_7_EXPERTS_RIDGE_ANCHOR20,disabled,2010-01-14,risk_on,0.0166611150570875,0.005489247583788659,0.056960987314049305,0.5535714285714286,0.08997550145553561,0.7232142857142857,0.8928571428571429,2009-12-21,2009-12-28,"{""long_momentum"": 0.125, ""mean_reversion"": 0.125, ""medium_momentum"": 0.125, ""ridge"": 0.125, ""risk_adjusted"": 0.125, ""short_momentum"": 0.125, ""trend"": 0.125, ""volume_momentum"": 0.125}",0.060159633239967134,0.5,-0.08567771910074334,0.07495936768116951,2313.TW,2010-01-14,2010-01-15
0.042135679846821365,3528000,0,0.018295922747689455,0.018295922747689455,0.20879179117431187,D-1 estimated accounting; fill-day constraints require ledger audit,adaptive,V4_CAUSAL_7_EXPERTS_RIDGE_ANCHOR20,disabled,2010-01-14,risk_on,0.0166611150570875,0.005489247583788659,0.056960987314049305,0.5535714285714286,0.08997550145553561,0.7232142857142857,0.8928571428571429,2009-12-21,2009-12-28,"{""long_momentum"": 0.125, ""mean_reversion"": 0.125, ""medium_momentum"": 0.125, ""ridge"": 0.125, ""risk_adjusted"": 0.125, ""short_momentum"": 0.125, ""trend"": 0.125, ""volume_momentum"": 0.125}",0.060385250551793716,0.75,-0.07391643002203185,0.08824188703266851,2327.TW,2010-01-14,2010-01-15
0.04051434152660032,2255000,0,0.006076100852604128,0.006076100852604128,0.11396388927005477,D-1 estimated accounting; fill-day constraints require ledger audit,adaptive,V4_CAUSAL_7_EXPERTS_RIDGE_ANCHOR20,disabled,2010-01-14,risk_on,0.0166611150570875,0.005489247583788659,0.056960987314049305,0.5535714285714286,0.08997550145553561,0.7232142857142857,0.8928571428571429,2009-12-21,2009-12-28,"{""long_momentum"": 0.125, ""mean_reversion"": 0.125, ""medium_momentum"": 0.125, ""ridge"": 0.125, ""risk_adjusted"": 0.125, ""short_momentum"": 0.125, ""trend"": 0.125, ""volume_momentum"": 0.125}",0.06181607308653037,0.75,-0.09042149383828288,0.08030730705874889,2337.TW,2010-01-14,2010-01-15
0.039137468351443744,4225000,0,0.021400820363662473,0.021400820363662473,0.21911387088343742,D-1 estimated accounting; fill-day constraints require ledger audit,adaptive,V4_CAUSAL_7_EXPERTS_RIDGE_ANCHOR20,disabled,2010-01-14,risk_on,0.0166611150570875,0.005489247583788659,0.056960987314049305,0.5535714285714286,0.08997550145553561,0.7232142857142857,0.8928571428571429,2009-12-21,2009-12-28,"{""long_momentum"": 0.125, ""mean_reversion"": 0.125, ""medium_momentum"": 0.125, ""ridge"": 0.125, ""risk_adjusted"": 0.125, ""short_momentum"": 0.125, ""trend"": 0.125, ""volume_momentum"": 0.125}",0.06396596104051545,0.75,-0.08045708975245681,0.10099234199503951,2344.TW,2010-01-14,2010-01-15
0.04035601593801774,2654000,0,0.005807142929234741,0.005807142929234741,0.03891983395099619,D-1 estimated accounting; fill-day constraints require ledger audit,adaptive,V4_CAUSAL_7_EXPERTS_RIDGE_ANCHOR20,disabled,2010-01-14,risk_on,0.0166611150570875,0.005489247583788659,0.056960987314049305,0.5535714285714286,0.08997550145553561,0.7232142857142857,0.8928571428571429,2009-12-21,2009-12-28,"{""long_momentum"": 0.125, ""mean_reversion"": 0.125, ""medium_momentum"": 0.125, ""ridge"": 0.125, ""risk_adjusted"": 0.125, ""short_momentum"": 0.125, ""trend"": 0.125, ""volume_momentum"": 0.125}",0.05861210833762557,0.25,-0.07920903978047088,0.0685569371541981,2345.TW,2010-01-14,2010-01-15
0.04227501439269169,1316000,0,0.01166161823382932,0.01166161823382932,0.15007009620141612,D-1 estimated accounting; fill-day constraints require ledger audit,adaptive,V4_CAUSAL_7_EXPERTS_RIDGE_ANCHOR20,disabled,2010-01-14,risk_on,0.0166611150570875,0.005489247583788659,0.056960987314049305,0.5535714285714286,0.08997550145553561,0.7232142857142857,0.8928571428571429,2009-12-21,2009-12-28,"{""long_momentum"": 0.125, ""mean_reversion"": 0.125, ""medium_momentum"": 0.125, ""ridge"": 0.125, ""risk_adjusted"": 0.125, ""short_momentum"": 0.125, ""trend"": 0.125, ""volume_momentum"": 0.125}",0.06660756058111748,0.75,-0.09581175351110319,0.09686860149401956,2376.TW,2010-01-14,2010-01-15
0.0404142936027741,1262000,0,0.026376221431185086,0.026376221431185086,0.16522562385055886,D-1 estimated accounting; fill-day constraints require ledger audit,adaptive,V4_CAUSAL_7_EXPERTS_RIDGE_ANCHOR20,disabled,2010-01-14,risk_on,0.0166611150570875,0.005489247583788659,0.056960987314049305,0.5535714285714286,0.08997550145553561,0.7232142857142857,0.8928571428571429,2009-12-21,2009-12-28,"{""long_momentum"": 0.125, ""mean_reversion"": 0.125, ""medium_momentum"": 0.125, ""ridge"": 0.125, ""risk_adjusted"": 0.125, ""short_momentum"": 0.125, ""trend"": 0.125, ""volume_momentum"": 0.125}",0.06357340169616907,0.5,-0.07456966434319426,0.10505571872082217,2408.TW,2010-01-14,2010-01-15
0.04155588858113732,2715000,0,0.00667426881401331,0.00667426881401331,0.10274181485625983,D-1 estimated accounting; fill-day constraints require ledger audit,adaptive,V4_CAUSAL_7_EXPERTS_RIDGE_ANCHOR20,disabled,2010-01-14,risk_on,0.0166611150570875,0.005489247583788659,0.056960987314049305,0.5535714285714286,0.08997550145553561,0.7232142857142857,0.8928571428571429,2009-12-21,2009-12-28,"{""long_momentum"": 0.125, ""mean_reversion"": 0.125, ""medium_momentum"": 0.125, ""ridge"": 0.125, ""risk_adjusted"": 0.125, ""short_momentum"": 0.125, ""trend"": 0.125, ""volume_momentum"": 0.125}",0.05934275593843357,0.625,-0.08172111603712573,0.0728032651804101,2449.TW,2010-01-14,2010-01-15
0.039342942903927786,3200000,0,0.0036422008931275675,0.0036422008931275675,0.0303917722732643,D-1 estimated accounting; fill-day constraints require ledger audit,adaptive,V4_CAUSAL_7_EXPERTS_RIDGE_ANCHOR20,disabled,2010-01-14,risk_on,0.0166611150570875,0.005489247583788659,0.056960987314049305,0.5535714285714286,0.08997550145553561,0.7232142857142857,0.8928571428571429,2009-12-21,2009-12-28,"{""long_momentum"": 0.125, ""mean_reversion"": 0.125, ""medium_momentum"": 0.125, ""ridge"": 0.125, ""risk_adjusted"": 0.125, ""short_momentum"": 0.125, ""trend"": 0.125, ""volume_momentum"": 0.125}",0.06244777055886742,0.25,-0.0945338956090831,0.07955190891059598,2890.TW,2010-01-14,2010-01-15
0.03856049689183745,889000,0,-0.0014611350268068782,-0.0014611350268068782,0.0,D-1 estimated accounting; fill-day constraints require ledger audit,adaptive,V4_CAUSAL_7_EXPERTS_RIDGE_ANCHOR20,disabled,2010-01-14,risk_on,0.0166611150570875,0.005489247583788659,0.056960987314049305,0.5535714285714286,0.08997550145553561,0.7232142857142857,0.8928571428571429,2009-12-21,2009-12-28,"{""long_momentum"": 0.125, ""mean_reversion"": 0.125, ""medium_momentum"": 0.125, ""ridge"": 0.125, ""risk_adjusted"": 0.125, ""short_momentum"": 0.125, ""trend"": 0.125, ""volume_momentum"": 0.125}",0.05957726944447516,0.0,-0.09079178843765616,0.06560312989930014,3037.TW,2010-01-14,2010-01-15
0.0434513552021731,381000,0,0.028917529346291375,0.028917529346291375,0.24967199903304252,D-1 estimated accounting; fill-day constraints require ledger audit,adaptive,V4_CAUSAL_7_EXPERTS_RIDGE_ANCHOR20,disabled,2010-01-14,risk_on,0.0166611150570875,0.005489247583788659,0.056960987314049305,0.5535714285714286,0.08997550145553561,0.7232142857142857,0.8928571428571429,2009-12-21,2009-12-28,"{""long_momentum"": 0.125, ""mean_reversion"": 0.125, ""medium_momentum"": 0.125, ""ridge"": 0.125, ""risk_adjusted"": 0.125, ""short_momentum"": 0.125, ""trend"": 0.125, ""volume_momentum"": 0.125}",0.06796873386399338,0.75,-0.08118517178905968,0.11675384199690017,3044.TW,2010-01-14,2010-01-15
0.039978528197342406,365000,0,0.0037178915721260398,0.0037178915721260398,0.06346254485990437,D-1 estimated accounting; fill-day constraints require ledger audit,adaptive,V4_CAUSAL_7_EXPERTS_RIDGE_ANCHOR20,disabled,2010-01-14,risk_on,0.0166611150570875,0.005489247583788659,0.056960987314049305,0.5535714285714286,0.08997550145553561,0.7232142857142857,0.8928571428571429,2009-12-21,2009-12-28,"{""long_momentum"": 0.125, ""mean_reversion"": 0.125, ""medium_momentum"": 0.125, ""ridge"": 0.125, ""risk_adjusted"": 0.125, ""short_momentum"": 0.125, ""trend"": 0.125, ""volume_momentum"": 0.125}",0.0599674376356064,0.5,-0.08706118707151378,0.07223058173102362,3211.TWO,2010-01-14,2010-01-15
0.03840003888762668,394000,0,0.010987503911128543,0.010987503911128543,0.10322433858255166,D-1 estimated accounting; fill-day constraints require ledger audit,adaptive,V4_CAUSAL_7_EXPERTS_RIDGE_ANCHOR20,disabled,2010-01-14,risk_on,0.0166611150570875,0.005489247583788659,0.056960987314049305,0.5535714285714286,0.08997550145553561,0.7232142857142857,0.8928571428571429,2009-12-21,2009-12-28,"{""long_momentum"": 0.125, ""mean_reversion"": 0.125, ""medium_momentum"": 0.125, ""ridge"": 0.125, ""risk_adjusted"": 0.125, ""short_momentum"": 0.125, ""trend"": 0.125, ""volume_momentum"": 0.125}",0.06145306936192202,0.5,-0.08449478034663307,0.08420339968414789,3260.TWO,2010-01-14,2010-01-15
0.04037084249844435,1943000,0,0.006971738035330284,0.006971738035330284,0.1283529533568425,D-1 estimated accounting; fill-day constraints require ledger audit,adaptive,V4_CAUSAL_7_EXPERTS_RIDGE_ANCHOR20,disabled,2010-01-14,risk_on,0.0166611150570875,0.005489247583788659,0.056960987314049305,0.5535714285714286,0.08997550145553561,0.7232142857142857,0.8928571428571429,2009-12-21,2009-12-28,"{""long_momentum"": 0.125, ""mean_reversion"": 0.125, ""medium_momentum"": 0.125, ""ridge"": 0.125, ""risk_adjusted"": 0.125, ""short_momentum"": 0.125, ""trend"": 0.125, ""volume_momentum"": 0.125}",0.05798226996895108,0.75,-0.07397785724629304,0.06565494483221135,3264.TWO,2010-01-14,2010-01-15
0.04410058795560815,1768000,0,0.032693060916931214,0.032693060916931214,0.1677489759482492,D-1 estimated accounting; fill-day constraints require ledger audit,adaptive,V4_CAUSAL_7_EXPERTS_RIDGE_ANCHOR20,disabled,2010-01-14,risk_on,0.0166611150570875,0.005489247583788659,0.056960987314049305,0.5535714285714286,0.08997550145553561,0.7232142857142857,0.8928571428571429,2009-12-21,2009-12-28,"{""long_momentum"": 0.125, ""mean_reversion"": 0.125, ""medium_momentum"": 0.125, ""ridge"": 0.125, ""risk_adjusted"": 0.125, ""short_momentum"": 0.125, ""trend"": 0.125, ""volume_momentum"": 0.125}",0.13083134006909736,0.75,-0.1587504183948092,0.20187015174392936,3324.TWO,2010-01-14,2010-01-15
0.03966293068437,232000,0,0.024988976903322226,0.024988976903322226,0.22986931696266472,D-1 estimated accounting; fill-day constraints require ledger audit,adaptive,V4_CAUSAL_7_EXPERTS_RIDGE_ANCHOR20,disabled,2010-01-14,risk_on,0.0166611150570875,0.005489247583788659,0.056960987314049305,0.5535714285714286,0.08997550145553561,0.7232142857142857,0.8928571428571429,2009-12-21,2009-12-28,"{""long_momentum"": 0.125, ""mean_reversion"": 0.125, ""medium_momentum"": 0.125, ""ridge"": 0.125, ""risk_adjusted"": 0.125, ""short_momentum"": 0.125, ""trend"": 0.125, ""volume_momentum"": 0.125}",0.06785675985999172,0.75,-0.08490274391077732,0.11261430923267951,3533.TW,2010-01-14,2010-01-15
0.043748639027985745,2564000,0,0.0329616383546414,0.0329616383546414,0.39180875050317393,D-1 estimated accounting; fill-day constraints require ledger audit,adaptive,V4_CAUSAL_7_EXPERTS_RIDGE_ANCHOR20,disabled,2010-01-14,risk_on,0.0166611150570875,0.005489247583788659,0.056960987314049305,0.5535714285714286,0.08997550145553561,0.7232142857142857,0.8928571428571429,2009-12-21,2009-12-28,"{""long_momentum"": 0.125, ""mean_reversion"": 0.125, ""medium_momentum"": 0.125, ""ridge"": 0.125, ""risk_adjusted"": 0.125, ""short_momentum"": 0.125, ""trend"": 0.125, ""volume_momentum"": 0.125}",0.05892654575530966,1.0,-0.053614946128109395,0.09727183435264992,5347.TWO,2010-01-14,2010-01-15
0.03850088960321881,913000,0,0.004567968911296269,0.004567968911296269,0.034517739127974005,D-1 estimated accounting; fill-day constraints require ledger audit,adaptive,V4_CAUSAL_7_EXPERTS_RIDGE_ANCHOR20,disabled,2010-01-14,risk_on,0.0166611150570875,0.005489247583788659,0.056960987314049305,0.5535714285714286,0.08997550145553561,0.7232142857142857,0.8928571428571429,2009-12-21,2009-12-28,"{""long_momentum"": 0.125, ""mean_reversion"": 0.125, ""medium_momentum"": 0.125, ""ridge"": 0.125, ""risk_adjusted"": 0.125, ""short_momentum"": 0.125, ""trend"": 0.125, ""volume_momentum"": 0.125}",0.05972950792969241,0.25,-0.08534235449599871,0.07221190383384898,6023.TWO,2010-01-14,2010-01-15
0.04055779263093007,379000,0,0.009504942706881644,0.009504942706881644,0.09642025722879959,D-1 estimated accounting; fill-day constraints require ledger audit,adaptive,V4_CAUSAL_7_EXPERTS_RIDGE_ANCHOR20,disabled,2010-01-14,risk_on,0.0166611150570875,0.005489247583788659,0.056960987314049305,0.5535714285714286,0.08997550145553561,0.7232142857142857,0.8928571428571429,2009-12-21,2009-12-28,"{""long_momentum"": 0.125, ""mean_reversion"": 0.125, ""medium_momentum"": 0.125, ""ridge"": 0.125, ""risk_adjusted"": 0.125, ""short_momentum"": 0.125, ""trend"": 0.125, ""volume_momentum"": 0.125}",0.06071235666446451,0.5,-0.08376171309533652,0.08050521002435754,6239.TW,2010-01-14,2010-01-15
0.04776982298341667,2938000,0,0.039095581345136785,0.039095581345136785,0.18575667535869192,D-1 estimated accounting; fill-day constraints require ledger audit,adaptive,V4_CAUSAL_7_EXPERTS_RIDGE_ANCHOR20,disabled,2010-01-14,risk_on,0.0166611150570875,0.005489247583788659,0.056960987314049305,0.5535714285714286,0.08997550145553561,0.7232142857142857,0.8928571428571429,2009-12-21,2009-12-28,"{""long_momentum"": 0.125, ""mean_reversion"": 0.125, ""medium_momentum"": 0.125, ""ridge"": 0.125, ""risk_adjusted"": 0.125, ""short_momentum"": 0.125, ""trend"": 0.125, ""volume_momentum"": 0.125}",0.1339420904908385,0.75,-0.15580229011097718,0.2117270643165085,6274.TWO,2010-01-14,2010-01-15
0.03967948826454184,151000,0,0.0018546461862615172,0.0018546461862615172,0.05108315634431626,D-1 estimated accounting; fill-day constraints require ledger audit,adaptive,V4_CAUSAL_7_EXPERTS_RIDGE_ANCHOR20,disabled,2010-01-14,risk_on,0.0166611150570875,0.005489247583788659,0.056960987314049305,0.5535714285714286,0.08997550145553561,0.7232142857142857,0.8928571428571429,2009-12-21,2009-12-28,"{""long_momentum"": 0.125, ""mean_reversion"": 0.125, ""medium_momentum"": 0.125, ""ridge"": 0.125, ""risk_adjusted"": 0.125, ""short_momentum"": 0.125, ""trend"": 0.125, ""volume_momentum"": 0.125}",0.06023837112906532,0.5,-0.08986591142905223,0.071308815316833,8299.TWO,2010-01-14,2010-01-15
0.040138912131523354,2243000,0,0.015793675103066573,0.015793675103066573,0.12679886418740366,D-1 estimated accounting; fill-day constraints require ledger audit,adaptive,V4_CAUSAL_7_EXPERTS_RIDGE_ANCHOR20,disabled,2010-01-15,risk_on,0.01618427624676224,0.005658687577290267,0.06799199540212642,0.5625,0.09286381225846267,0.7767857142857143,0.9017857142857143,2009-12-21,2009-12-28,"{""long_momentum"": 0.125, ""mean_reversion"": 0.125, ""medium_momentum"": 0.125, ""ridge"": 0.125, ""risk_adjusted"": 0.125, ""short_momentum"": 0.125, ""trend"": 0.125, ""volume_momentum"": 0.125}",0.06120104636515712,0.5,-0.07895829928934464,0.08827926101073554,1815.TWO,2010-01-15,2010-01-18
0.03681614314994994,3544000,0,0.004433115386439764,0.004433115386439764,0.03409974339165092,D-1 estimated accounting; fill-day constraints require ledger audit,adaptive,V4_CAUSAL_7_EXPERTS_RIDGE_ANCHOR20,disabled,2010-01-15,risk_on,0.01618427624676224,0.005658687577290267,0.06799199540212642,0.5625,0.09286381225846267,0.7767857142857143,0.9017857142857143,2009-12-21,2009-12-28,"{""long_momentum"": 0.125, ""mean_reversion"": 0.125, ""medium_momentum"": 0.125, ""ridge"": 0.125, ""risk_adjusted"": 0.125, ""short_momentum"": 0.125, ""trend"": 0.125, ""volume_momentum"": 0.125}",0.059725142478554864,0.25,-0.08546085925598414,0.07206070154412142,2313.TW,2010-01-15,2010-01-18
0.0424367885649548,3528000,0,0.01911243536817451,0.01911243536817451,0.1966916766928207,D-1 estimated accounting; fill-day constraints require ledger audit,adaptive,V4_CAUSAL_7_EXPERTS_RIDGE_ANCHOR20,disabled,2010-01-15,risk_on,0.01618427624676224,0.005658687577290267,0.06799199540212642,0.5625,0.09286381225846267,0.7767857142857143,0.9017857142857143,2009-12-21,2009-12-28,"{""long_momentum"": 0.125, ""mean_reversion"": 0.125, ""medium_momentum"": 0.125, ""ridge"": 0.125, ""risk_adjusted"": 0.125, ""short_momentum"": 0.125, ""trend"": 0.125, ""volume_momentum"": 0.125}",0.06783007501254545,0.75,-0.09072887465373133,0.1066873569053381,2327.TW,2010-01-15,2010-01-18
0.03990523315170211,2255000,0,0.008664572209000661,0.008664572209000661,0.09444038156700209,D-1 estimated accounting; fill-day constraints require ledger audit,adaptive,V4_CAUSAL_7_EXPERTS_RIDGE_ANCHOR20,disabled,2010-01-15,risk_on,0.01618427624676224,0.005658687577290267,0.06799199540212642,0.5625,0.09286381225846267,0.7767857142857143,0.9017857142857143,2009-12-21,2009-12-28,"{""long_momentum"": 0.125, ""mean_reversion"": 0.125, ""medium_momentum"": 0.125, ""ridge"": 0.125, ""risk_adjusted"": 0.125, ""short_momentum"": 0.125, ""trend"": 0.125, ""volume_momentum"": 0.125}",0.05868039284869626,0.5,-0.07670787624811345,0.07177063218137252,2337.TW,2010-01-15,2010-01-18
0.03905962535892066,4225000,0,0.02004167778836346,0.02004167778836346,0.14055237406992435,D-1 estimated accounting; fill-day constraints require ledger audit,adaptive,V4_CAUSAL_7_EXPERTS_RIDGE_ANCHOR20,disabled,2010-01-15,risk_on,0.01618427624676224,0.005658687577290267,0.06799199540212642,0.5625,0.09286381225846267,0.7767857142857143,0.9017857142857143,2009-12-21,2009-12-28,"{""long_momentum"": 0.125, ""mean_reversion"": 0.125, ""medium_momentum"": 0.125, ""ridge"": 0.125, ""risk_adjusted"": 0.125, ""short_momentum"": 0.125, ""trend"": 0.125, ""volume_momentum"": 0.125}",0.06404140584530504,0.5,-0.08198874652694618,0.09980571361893084,2344.TW,2010-01-15,2010-01-18
0.039708752963117835,2654000,0,0.00935912574101104,0.00935912574101104,0.0974587616621228,D-1 estimated accounting; fill-day constraints require ledger audit,adaptive,V4_CAUSAL_7_EXPERTS_RIDGE_ANCHOR20,disabled,2010-01-15,risk_on,0.01618427624676224,0.005658687577290267,0.06799199540212642,0.5625,0.09286381225846267,0.7767857142857143,0.9017857142857143,2009-12-21,2009-12-28,"{""long_momentum"": 0.125, ""mean_reversion"": 0.125, ""medium_momentum"": 0.125, ""ridge"": 0.125, ""risk_adjusted"": 0.125, ""short_momentum"": 0.125, ""trend"": 0.125, ""volume_momentum"": 0.125}",0.05930857481315931,0.5,-0.0788951551161403,0.07534701811342012,2345.TW,2010-01-15,2010-01-18
0.042069646186513834,1316000,0,0.012297618917148614,0.012297618917148614,0.15498979272868102,D-1 estimated accounting; fill-day constraints require ledger audit,adaptive,V4_CAUSAL_7_EXPERTS_RIDGE_ANCHOR20,disabled,2010-01-15,risk_on,0.01618427624676224,0.005658687577290267,0.06799199540212642,0.5625,0.09286381225846267,0.7767857142857143,0.9017857142857143,2009-12-21,2009-12-28,"{""long_momentum"": 0.125, ""mean_reversion"": 0.125, ""medium_momentum"": 0.125, ""ridge"": 0.125, ""risk_adjusted"": 0.125, ""short_momentum"": 0.125, ""trend"": 0.125, ""volume_momentum"": 0.125}",0.0664060493016473,0.75,-0.09477351781302276,0.09710236716257772,2376.TW,2010-01-15,2010-01-18
0.042540060559865166,1262000,0,0.0356565652837464,0.0356565652837464,0.2792935591058424,D-1 estimated accounting; fill-day constraints require ledger audit,adaptive,V4_CAUSAL_7_EXPERTS_RIDGE_ANCHOR20,disabled,2010-01-15,risk_on,0.01618427624676224,0.005658687577290267,0.06799199540212642,0.5625,0.09286381225846267,0.7767857142857143,0.9017857142857143,2009-12-21,2009-12-28,"{""long_momentum"": 0.125, ""mean_reversion"": 0.125, ""medium_momentum"": 0.125, ""ridge"": 0.125, ""risk_adjusted"": 0.125, ""short_momentum"": 0.125, ""trend"": 0.125, ""volume_momentum"": 0.125}",0.06852040270803693,0.75,-0.07547302983874007,0.12451977192149064,2408.TW,2010-01-15,2010-01-18
0.04399511227641265,2715000,0,0.021451670293854707,0.021451670293854707,0.18365683439640146,D-1 estimated accounting; fill-day constraints require ledger audit,adaptive,V4_CAUSAL_7_EXPERTS_RIDGE_ANCHOR20,disabled,2010-01-15,risk_on,0.01618427624676224,0.005658687577290267,0.06799199540212642,0.5625,0.09286381225846267,0.7767857142857143,0.9017857142857143,2009-12-21,2009-12-28,"{""long_momentum"": 0.125, ""mean_reversion"": 0.125, ""medium_momentum"": 0.125, ""ridge"": 0.125, ""risk_adjusted"": 0.125, ""short_momentum"": 0.125, ""trend"": 0.125, ""volume_momentum"": 0.125}",0.0815690999954308,0.75,-0.11029927436265281,0.13093622646561998,2449.TW,2010-01-15,2010-01-18
0.03976443932995954,3200000,0,0.0027647908935362953,0.0027647908935362953,0.0292225435408123,D-1 estimated accounting; fill-day constraints require ledger audit,adaptive,V4_CAUSAL_7_EXPERTS_RIDGE_ANCHOR20,disabled,2010-01-15,risk_on,0.01618427624676224,0.005658687577290267,0.06799199540212642,0.5625,0.09286381225846267,0.7767857142857143,0.9017857142857143,2009-12-21,2009-12-28,"{""long_momentum"": 0.125, ""mean_reversion"": 0.125, ""medium_momentum"": 0.125, ""ridge"": 0.125, ""risk_adjusted"": 0.125, ""short_momentum"": 0.125, ""trend"": 0.125, ""volume_momentum"": 0.125}",0.0586632981149715,0.25,-0.08251948055595901,0.06578267385828933,2890.TW,2010-01-15,2010-01-18
0.03792890137999831,889000,0,-0.0026370708822014695,-0.0026370708822014695,0.0,D-1 estimated accounting; fill-day constraints require ledger audit,adaptive,V4_CAUSAL_7_EXPERTS_RIDGE_ANCHOR20,disabled,2010-01-15,risk_on,0.01618427624676224,0.005658687577290267,0.06799199540212642,0.5625,0.09286381225846267,0.7767857142857143,0.9017857142857143,2009-12-21,2009-12-28,"{""long_momentum"": 0.125, ""mean_reversion"": 0.125, ""medium_momentum"": 0.125, ""ridge"": 0.125, ""risk_adjusted"": 0.125, ""short_momentum"": 0.125, ""trend"": 0.125, ""volume_momentum"": 0.125}",0.06102544219677965,0.0,-0.09686648765324288,0.0693259574040977,3037.TW,2010-01-15,2010-01-18
0.04322812637773524,381000,0,0.03418231934043846,0.03418231934043846,0.40194573427513736,D-1 estimated accounting; fill-day constraints require ledger audit,adaptive,V4_CAUSAL_7_EXPERTS_RIDGE_ANCHOR20,disabled,2010-01-15,risk_on,0.01618427624676224,0.005658687577290267,0.06799199540212642,0.5625,0.09286381225846267,0.7767857142857143,0.9017857142857143,2009-12-21,2009-12-28,"{""long_momentum"": 0.125, ""mean_reversion"": 0.125, ""medium_momentum"": 0.125, ""ridge"": 0.125, ""risk_adjusted"": 0.125, ""short_momentum"": 0.125, ""trend"": 0.125, ""volume_momentum"": 0.125}",0.0582992957116512,1.0,-0.04903458751056823,0.0951328377067029,3044.TW,2010-01-15,2010-01-18
0.039961988020897315,365000,0,0.0068095556336455546,0.0068095556336455546,0.08396909225956285,D-1 estimated accounting; fill-day constraints require ledger audit,adaptive,V4_CAUSAL_7_EXPERTS_RIDGE_ANCHOR20,disabled,2010-01-15,risk_on,0.01618427624676224,0.005658687577290267,0.06799199540212642,0.5625,0.09286381225846267,0.7767857142857143,0.9017857142857143,2009-12-21,2009-12-28,"{""long_momentum"": 0.125, ""mean_reversion"": 0.125, ""medium_momentum"": 0.125, ""ridge"": 0.125, ""risk_adjusted"": 0.125, ""short_momentum"": 0.125, ""trend"": 0.125, ""volume_momentum"": 0.125}",0.05851129288249771,0.5,-0.07765940119985182,0.06901212398240066,3211.TWO,2010-01-15,2010-01-18
0.03772151252785156,394000,0,0.007969221888028032,0.007969221888028032,0.08887800289907322,D-1 estimated accounting; fill-day constraints require ledger audit,adaptive,V4_CAUSAL_7_EXPERTS_RIDGE_ANCHOR20,disabled,2010-01-15,risk_on,0.01618427624676224,0.005658687577290267,0.06799199540212642,0.5625,0.09286381225846267,0.7767857142857143,0.9017857142857143,2009-12-21,2009-12-28,"{""long_momentum"": 0.125, ""mean_reversion"": 0.125, ""medium_momentum"": 0.125, ""ridge"": 0.125, ""risk_adjusted"": 0.125, ""short_momentum"": 0.125, ""trend"": 0.125, ""volume_momentum"": 0.125}",0.05999158655157784,0.5,-0.08289572450293983,0.07656777979425364,3260.TWO,2010-01-15,2010-01-18
0.04085657297969617,1943000,0,0.010805741609470634,0.010805741609470634,0.10051519226084331,D-1 estimated accounting; fill-day constraints require ledger audit,adaptive,V4_CAUSAL_7_EXPERTS_RIDGE_ANCHOR20,disabled,2010-01-15,risk_on,0.01618427624676224,0.005658687577290267,0.06799199540212642,0.5625,0.09286381225846267,0.7767857142857143,0.9017857142857143,2009-12-21,2009-12-28,"{""long_momentum"": 0.125, ""mean_reversion"": 0.125, ""medium_momentum"": 0.125, ""ridge"": 0.125, ""risk_adjusted"": 0.125, ""short_momentum"": 0.125, ""trend"": 0.125, ""volume_momentum"": 0.125}",0.06281790350306983,0.5,-0.088309228790613,0.087654323524812,3264.TWO,2010-01-15,2010-01-18
0.04271479796800032,1768000,0,0.027183025038933155,0.027183025038933155,0.20713597766300262,D-1 estimated accounting; fill-day constraints require ledger audit,adaptive,V4_CAUSAL_7_EXPERTS_RIDGE_ANCHOR20,disabled,2010-01-15,risk_on,0.01618427624676224,0.005658687577290267,0.06799199540212642,0.5625,0.09286381225846267,0.7767857142857143,0.9017857142857143,2009-12-21,2009-12-28,"{""long_momentum"": 0.125, ""mean_reversion"": 0.125, ""medium_momentum"": 0.125, ""ridge"": 0.125, ""risk_adjusted"": 0.125, ""short_momentum"": 0.125, ""trend"": 0.125, ""volume_momentum"": 0.125}",0.08434559085641702,0.75,-0.10842440521338917,0.14052406680651322,3324.TWO,2010-01-15,2010-01-18
0.04044157163537519,232000,0,0.025828264312009058,0.025828264312009058,0.24977239493449,D-1 estimated accounting; fill-day constraints require ledger audit,adaptive,V4_CAUSAL_7_EXPERTS_RIDGE_ANCHOR20,disabled,2010-01-15,risk_on,0.01618427624676224,0.005658687577290267,0.06799199540212642,0.5625,0.09286381225846267,0.7767857142857143,0.9017857142857143,2009-12-21,2009-12-28,"{""long_momentum"": 0.125, ""mean_reversion"": 0.125, ""medium_momentum"": 0.125, ""ridge"": 0.125, ""risk_adjusted"": 0.125, ""short_momentum"": 0.125, ""trend"": 0.125, ""volume_momentum"": 0.125}",0.06174080538070456,0.75,-0.07046211688092442,0.09985225702020029,3533.TW,2010-01-15,2010-01-18
0.04307808876819029,2564000,0,0.02868486145867753,0.02868486145867753,0.2683940474575952,D-1 estimated accounting; fill-day constraints require ledger audit,adaptive,V4_CAUSAL_7_EXPERTS_RIDGE_ANCHOR20,disabled,2010-01-15,risk_on,0.01618427624676224,0.005658687577290267,0.06799199540212642,0.5625,0.09286381225846267,0.7767857142857143,0.9017857142857143,2009-12-21,2009-12-28,"{""long_momentum"": 0.125, ""mean_reversion"": 0.125, ""medium_momentum"": 0.125, ""ridge"": 0.125, ""risk_adjusted"": 0.125, ""short_momentum"": 0.125, ""trend"": 0.125, ""volume_momentum"": 0.125}",0.060444074459693256,0.75,-0.0637211032041061,0.09882443763671891,5347.TWO,2010-01-15,2010-01-18
0.03813509748533186,913000,0,0.004783170341525849,0.004783170341525849,0.034569965068457595,D-1 estimated accounting; fill-day constraints require ledger audit,adaptive,V4_CAUSAL_7_EXPERTS_RIDGE_ANCHOR20,disabled,2010-01-15,risk_on,0.01618427624676224,0.005658687577290267,0.06799199540212642,0.5625,0.09286381225846267,0.7767857142857143,0.9017857142857143,2009-12-21,2009-12-28,"{""long_momentum"": 0.125, ""mean_reversion"": 0.125, ""medium_momentum"": 0.125, ""ridge"": 0.125, ""risk_adjusted"": 0.125, ""short_momentum"": 0.125, ""trend"": 0.125, ""volume_momentum"": 0.125}",0.06096589117873174,0.25,-0.08926629952576581,0.07656625172407526,6023.TWO,2010-01-15,2010-01-18
0.04224709212387065,379000,0,0.012648428250805172,0.012648428250805172,0.14455019395580387,D-1 estimated accounting; fill-day constraints require ledger audit,adaptive,V4_CAUSAL_7_EXPERTS_RIDGE_ANCHOR20,disabled,2010-01-15,risk_on,0.01618427624676224,0.005658687577290267,0.06799199540212642,0.5625,0.09286381225846267,0.7767857142857143,0.9017857142857143,2009-12-21,2009-12-28,"{""long_momentum"": 0.125, ""mean_reversion"": 0.125, ""medium_momentum"": 0.125, ""ridge"": 0.125, ""risk_adjusted"": 0.125, ""short_momentum"": 0.125, ""trend"": 0.125, ""volume_momentum"": 0.125}",0.07392060272642668,0.75,-0.10768692666802375,0.11071739468489183,6239.TW,2010-01-15,2010-01-18
0.04760804176919115,2938000,0,0.051881654181264475,0.051881654181264475,0.2665863824554889,D-1 estimated accounting; fill-day constraints require ledger audit,adaptive,V4_CAUSAL_7_EXPERTS_RIDGE_ANCHOR20,disabled,2010-01-15,risk_on,0.01618427624676224,0.005658687577290267,0.06799199540212642,0.5625,0.09286381225846267,0.7767857142857143,0.9017857142857143,2009-12-21,2009-12-28,"{""long_momentum"": 0.125, ""mean_reversion"": 0.125, ""medium_momentum"": 0.125, ""ridge"": 0.125, ""risk_adjusted"": 0.125, ""short_momentum"": 0.125, ""trend"": 0.125, ""volume_momentum"": 0.125}",0.10314617710929808,0.75,-0.10766491776447223,0.1891618376422589,6274.TWO,2010-01-15,2010-01-18
0.03877545343067356,151000,0,0.002531104929919529,0.002531104929919529,0.028370505361610492,D-1 estimated accounting; fill-day constraints require ledger audit,adaptive,V4_CAUSAL_7_EXPERTS_RIDGE_ANCHOR20,disabled,2010-01-15,risk_on,0.01618427624676224,0.005658687577290267,0.06799199540212642,0.5625,0.09286381225846267,0.7767857142857143,0.9017857142857143,2009-12-21,2009-12-28,"{""long_momentum"": 0.125, ""mean_reversion"": 0.125, ""medium_momentum"": 0.125, ""ridge"": 0.125, ""risk_adjusted"": 0.125, ""short_momentum"": 0.125, ""trend"": 0.125, ""volume_momentum"": 0.125}",0.05883275459538727,0.25,-0.08360013143345213,0.06639595280854892,8299.TWO,2010-01-15,2010-01-18
0.0395961477765022,2243000,0,0.01997661628228965,0.01997661628228965,0.21874880411547226,D-1 estimated accounting; fill-day constraints require ledger audit,adaptive,V4_CAUSAL_7_EXPERTS_RIDGE_ANCHOR20,disabled,2010-01-18,risk_on,0.016354612689187364,-0.0018668553063505011,0.06494029763666498,0.44642857142857145,0.0968715255696888,0.7142857142857143,0.8571428571428571,2009-12-21,2009-12-28,"{""long_momentum"": 0.125, ""mean_reversion"": 0.125, ""medium_momentum"": 0.125, ""ridge"": 0.125, ""risk_adjusted"": 0.125, ""short_momentum"": 0.125, ""trend"": 0.125, ""volume_momentum"": 0.125}",0.06065796484131192,0.75,-0.07311836616070495,0.090805210240542,1815.TWO,2010-01-18,2010-01-19
0.03690210497830253,3544000,0,0.008532587173119536,0.008532587173119536,0.09351266765302313,D-1 estimated accounting; fill-day constraints require ledger audit,adaptive,V4_CAUSAL_7_EXPERTS_RIDGE_ANCHOR20,disabled,2010-01-18,risk_on,0.016354612689187364,-0.0018668553063505011,0.06494029763666498,0.44642857142857145,0.0968715255696888,0.7142857142857143,0.8571428571428571,2009-12-21,2009-12-28,"{""long_momentum"": 0.125, ""mean_reversion"": 0.125, ""medium_momentum"": 0.125, ""ridge"": 0.125, ""risk_adjusted"": 0.125, ""short_momentum"": 0.125, ""trend"": 0.125, ""volume_momentum"": 0.125}",0.05882438601970995,0.5,-0.07755815388359195,0.07235693974508878,2313.TW,2010-01-18,2010-01-19
0.04163359789478512,3528000,0,0.015841065495270725,0.015841065495270725,0.19523963606081152,D-1 estimated accounting; fill-day constraints require ledger audit,adaptive,V4_CAUSAL_7_EXPERTS_RIDGE_ANCHOR20,disabled,2010-01-18,risk_on,0.016354612689187364,-0.0018668553063505011,0.06494029763666498,0.44642857142857145,0.0968715255696888,0.7142857142857143,0.8571428571428571,2009-12-21,2009-12-28,"{""long_momentum"": 0.125, ""mean_reversion"": 0.125, ""medium_momentum"": 0.125, ""ridge"": 0.125, ""risk_adjusted"": 0.125, ""short_momentum"": 0.125, ""trend"": 0.125, ""volume_momentum"": 0.125}",0.0592184932952635,0.75,-0.07203490016679437,0.08145064267259357,2327.TW,2010-01-18,2010-01-19
0.0395842989656822,2255000,0,0.009517892896780476,0.009517892896780476,0.0995152918011401,D-1 estimated accounting; fill-day constraints require ledger audit,adaptive,V4_CAUSAL_7_EXPERTS_RIDGE_ANCHOR20,disabled,2010-01-18,risk_on,0.016354612689187364,-0.0018668553063505011,0.06494029763666498,0.44642857142857145,0.0968715255696888,0.7142857142857143,0.8571428571428571,2009-12-21,2009-12-28,"{""long_momentum"": 0.125, ""mean_reversion"": 0.125, ""medium_momentum"": 0.125, ""ridge"": 0.125, ""risk_adjusted"": 0.125, ""short_momentum"": 0.125, ""trend"": 0.125, ""volume_momentum"": 0.125}",0.05842513241128656,0.5,-0.07446054078344239,0.0712299380922611,2337.TW,2010-01-18,2010-01-19
0.03816834624204625,4225000,0,0.021739096065169442,0.021739096065169442,0.15134624198963564,D-1 estimated accounting; fill-day constraints require ledger audit,adaptive,V4_CAUSAL_7_EXPERTS_RIDGE_ANCHOR20,disabled,2010-01-18,risk_on,0.016354612689187364,-0.0018668553063505011,0.06494029763666498,0.44642857142857145,0.0968715255696888,0.7142857142857143,0.8571428571428571,2009-12-21,2009-12-28,"{""long_momentum"": 0.125, ""mean_reversion"": 0.125, ""medium_momentum"": 0.125, ""ridge"": 0.125, ""risk_adjusted"": 0.125, ""short_momentum"": 0.125, ""trend"": 0.125, ""volume_momentum"": 0.125}",0.06159839984371663,0.5,-0.07415459267359026,0.09536639631918689,2344.TW,2010-01-18,2010-01-19
0.04040154466426932,2654000,0,0.007170728752961566,0.007170728752961566,0.08511753586557105,D-1 estimated accounting; fill-day constraints require ledger audit,adaptive,V4_CAUSAL_7_EXPERTS_RIDGE_ANCHOR20,disabled,2010-01-18,risk_on,0.016354612689187364,-0.0018668553063505011,0.06494029763666498,0.44642857142857145,0.0968715255696888,0.7142857142857143,0.8571428571428571,2009-12-21,2009-12-28,"{""long_momentum"": 0.125, ""mean_reversion"": 0.125, ""medium_momentum"": 0.125, ""ridge"": 0.125, ""risk_adjusted"": 0.125, ""short_momentum"": 0.125, ""trend"": 0.125, ""volume_momentum"": 0.125}",0.05932293368213995,0.5,-0.08114298630271116,0.07321805532389204,2345.TW,2010-01-18,2010-01-19
0.04164073692724571,1316000,0,0.014489644748265073,0.014489644748265073,0.18722840959750095,D-1 estimated accounting; fill-day constraints require ledger audit,adaptive,V4_CAUSAL_7_EXPERTS_RIDGE_ANCHOR20,disabled,2010-01-18,risk_on,0.016354612689187364,-0.0018668553063505011,0.06494029763666498,0.44642857142857145,0.0968715255696888,0.7142857142857143,0.8571428571428571,2009-12-21,2009-12-28,"{""long_momentum"": 0.125, ""mean_reversion"": 0.125, ""medium_momentum"": 0.125, ""ridge"": 0.125, ""risk_adjusted"": 0.125, ""short_momentum"": 0.125, ""trend"": 0.125, ""volume_momentum"": 0.125}",0.05858201965684617,0.75,-0.07036599511528609,0.07707889612707397,2376.TW,2010-01-18,2010-01-19
0.04256152338481849,1262000,0,0.035768778017714095,0.035768778017714095,0.24998426517524305,D-1 estimated accounting; fill-day constraints require ledger audit,adaptive,V4_CAUSAL_7_EXPERTS_RIDGE_ANCHOR20,disabled,2010-01-18,risk_on,0.016354612689187364,-0.0018668553063505011,0.06494029763666498,0.44642857142857145,0.0968715255696888,0.7142857142857143,0.8571428571428571,2009-12-21,2009-12-28,"{""long_momentum"": 0.125, ""mean_reversion"": 0.125, ""medium_momentum"": 0.125, ""ridge"": 0.125, ""risk_adjusted"": 0.125, ""short_momentum"": 0.125, ""trend"": 0.125, ""volume_momentum"": 0.125}",0.0815452543948895,0.75,-0.09594850849808485,0.14521967604877078,2408.TW,2010-01-18,2010-01-19
0.04617647658212672,2715000,0,0.03076178065767143,0.03076178065767143,0.16210565984300923,D-1 estimated accounting; fill-day constraints require ledger audit,adaptive,V4_CAUSAL_7_EXPERTS_RIDGE_ANCHOR20,disabled,2010-01-18,risk_on,0.016354612689187364,-0.0018668553063505011,0.06494029763666498,0.44642857142857145,0.0968715255696888,0.7142857142857143,0.8571428571428571,2009-12-21,2009-12-28,"{""long_momentum"": 0.125, ""mean_reversion"": 0.125, ""medium_momentum"": 0.125, ""ridge"": 0.125, ""risk_adjusted"": 0.125, ""short_momentum"": 0.125, ""trend"": 0.125, ""volume_momentum"": 0.125}",0.1296941048384218,0.75,-0.15941398874438467,0.1986711615749853,2449.TW,2010-01-18,2010-01-19
0.03887413875400389,3200000,0,-0.0010671095369835717,-0.0010671095369835717,0.04691568032009045,D-1 estimated accounting; fill-day constraints require ledger audit,adaptive,V4_CAUSAL_7_EXPERTS_RIDGE_ANCHOR20,disabled,2010-01-18,risk_on,0.016354612689187364,-0.0018668553063505011,0.06494029763666498,0.44642857142857145,0.0968715255696888,0.7142857142857143,0.8571428571428571,2009-12-21,2009-12-28,"{""long_momentum"": 0.125, ""mean_reversion"": 0.125, ""medium_momentum"": 0.125, ""ridge"": 0.125, ""risk_adjusted"": 0.125, ""short_momentum"": 0.125, ""trend"": 0.125, ""volume_momentum"": 0.125}",0.05859261079095001,0.5,-0.08597951886048827,0.06157891130177886,2890.TW,2010-01-18,2010-01-19
0.03783642585158184,889000,0,-0.005989683819181564,-0.005989683819181564,0.07901364474457685,D-1 estimated accounting; fill-day constraints require ledger audit,adaptive,V4_CAUSAL_7_EXPERTS_RIDGE_ANCHOR20,disabled,2010-01-18,risk_on,0.016354612689187364,-0.0018668553063505011,0.06494029763666498,0.44642857142857145,0.0968715255696888,0.7142857142857143,0.8571428571428571,2009-12-21,2009-12-28,"{""long_momentum"": 0.125, ""mean_reversion"": 0.125, ""medium_momentum"": 0.125, ""ridge"": 0.125, ""risk_adjusted"": 0.125, ""short_momentum"": 0.125, ""trend"": 0.125, ""volume_momentum"": 0.125}",0.05855326572268124,0.5,-0.09068974035223937,0.05644398422913397,3037.TW,2010-01-18,2010-01-19
0.043501000225986006,381000,0,0.03243688740150358,0.03243688740150358,0.2854104800995047,D-1 estimated accounting; fill-day constraints require ledger audit,adaptive,V4_CAUSAL_7_EXPERTS_RIDGE_ANCHOR20,disabled,2010-01-18,risk_on,0.016354612689187364,-0.0018668553063505011,0.06494029763666498,0.44642857142857145,0.0968715255696888,0.7142857142857143,0.8571428571428571,2009-12-21,2009-12-28,"{""long_momentum"": 0.125, ""mean_reversion"": 0.125, ""medium_momentum"": 0.125, ""ridge"": 0.125, ""risk_adjusted"": 0.125, ""short_momentum"": 0.125, ""trend"": 0.125, ""volume_momentum"": 0.125}",0.060939547624073484,0.75,-0.061532519852640216,0.10413990617090511,3044.TW,2010-01-18,2010-01-19
0.039683353041072844,365000,0,0.007759504525426441,0.007759504525426441,0.08987981754303347,D-1 estimated accounting; fill-day constraints require ledger audit,adaptive,V4_CAUSAL_7_EXPERTS_RIDGE_ANCHOR20,disabled,2010-01-18,risk_on,0.016354612689187364,-0.0018668553063505011,0.06494029763666498,0.44642857142857145,0.0968715255696888,0.7142857142857143,0.8571428571428571,2009-12-21,2009-12-28,"{""long_momentum"": 0.125, ""mean_reversion"": 0.125, ""medium_momentum"": 0.125, ""ridge"": 0.125, ""risk_adjusted"": 0.125, ""short_momentum"": 0.125, ""trend"": 0.125, ""volume_momentum"": 0.125}",0.05822141685504549,0.5,-0.07495390190461737,0.06820652247072799,3211.TWO,2010-01-18,2010-01-19
0.036964571512332664,394000,0,0.009152300410379503,0.009152300410379503,0.09598290029502214,D-1 estimated accounting; fill-day constraints require ledger audit,adaptive,V4_CAUSAL_7_EXPERTS_RIDGE_ANCHOR20,disabled,2010-01-18,risk_on,0.016354612689187364,-0.0018668553063505011,0.06494029763666498,0.44642857142857145,0.0968715255696888,0.7142857142857143,0.8571428571428571,2009-12-21,2009-12-28,"{""long_momentum"": 0.125, ""mean_reversion"": 0.125, ""medium_momentum"": 0.125, ""ridge"": 0.125, ""risk_adjusted"": 0.125, ""short_momentum"": 0.125, ""trend"": 0.125, ""volume_momentum"": 0.125}",0.05957072924844333,0.5,-0.08015299373117307,0.07619120606718985,3260.TWO,2010-01-18,2010-01-19
0.04297305886020274,1943000,0,0.017544099983267725,0.017544099983267725,0.15328051746165686,D-1 estimated accounting; fill-day constraints require ledger audit,adaptive,V4_CAUSAL_7_EXPERTS_RIDGE_ANCHOR20,disabled,2010-01-18,risk_on,0.016354612689187364,-0.0018668553063505011,0.06494029763666498,0.44642857142857145,0.0968715255696888,0.7142857142857143,0.8571428571428571,2009-12-21,2009-12-28,"{""long_momentum"": 0.125, ""mean_reversion"": 0.125, ""medium_momentum"": 0.125, ""ridge"": 0.125, ""risk_adjusted"": 0.125, ""short_momentum"": 0.125, ""trend"": 0.125, ""volume_momentum"": 0.125}",0.08776395003802968,0.75,-0.12266301570562621,0.13548482718741942,3264.TWO,2010-01-18,2010-01-19
0.043838121203291495,1768000,0,0.03041534376850331,0.03041534376850331,0.20961805488697433,D-1 estimated accounting; fill-day constraints require ledger audit,adaptive,V4_CAUSAL_7_EXPERTS_RIDGE_ANCHOR20,disabled,2010-01-18,risk_on,0.016354612689187364,-0.0018668553063505011,0.06494029763666498,0.44642857142857145,0.0968715255696888,0.7142857142857143,0.8571428571428571,2009-12-21,2009-12-28,"{""long_momentum"": 0.125, ""mean_reversion"": 0.125, ""medium_momentum"": 0.125, ""ridge"": 0.125, ""risk_adjusted"": 0.125, ""short_momentum"": 0.125, ""trend"": 0.125, ""volume_momentum"": 0.125}",0.09129849221618512,0.75,-0.11440738510579103,0.1529716841580554,3324.TWO,2010-01-18,2010-01-19
0.03976664175311302,232000,0,0.026347725594185488,0.026347725594185488,0.34382243902954424,D-1 estimated accounting; fill-day constraints require ledger audit,adaptive,V4_CAUSAL_7_EXPERTS_RIDGE_ANCHOR20,disabled,2010-01-18,risk_on,0.016354612689187364,-0.0018668553063505011,0.06494029763666498,0.44642857142857145,0.0968715255696888,0.7142857142857143,0.8571428571428571,2009-12-21,2009-12-28,"{""long_momentum"": 0.125, ""mean_reversion"": 0.125, ""medium_momentum"": 0.125, ""ridge"": 0.125, ""risk_adjusted"": 0.125, ""short_momentum"": 0.125, ""trend"": 0.125, ""volume_momentum"": 0.125}",0.05982644466260749,1.0,-0.0639217099328302,0.09435077263645891,3533.TW,2010-01-18,2010-01-19
0.04259164117801159,2564000,0,0.022918888879976666,0.022918888879976666,0.23490244150427006,D-1 estimated accounting; fill-day constraints require ledger audit,adaptive,V4_CAUSAL_7_EXPERTS_RIDGE_ANCHOR20,disabled,2010-01-18,risk_on,0.016354612689187364,-0.0018668553063505011,0.06494029763666498,0.44642857142857145,0.0968715255696888,0.7142857142857143,0.8571428571428571,2009-12-21,2009-12-28,"{""long_momentum"": 0.125, ""mean_reversion"": 0.125, ""medium_momentum"": 0.125, ""ridge"": 0.125, ""risk_adjusted"": 0.125, ""short_momentum"": 0.125, ""trend"": 0.125, ""volume_momentum"": 0.125}",0.06122095371123739,0.75,-0.07189159227155953,0.0954629815467706,5347.TWO,2010-01-18,2010-01-19
0.038585578070414676,913000,0,0.004935270854372938,0.004935270854372938,0.07222635937393386,D-1 estimated accounting; fill-day constraints require ledger audit,adaptive,V4_CAUSAL_7_EXPERTS_RIDGE_ANCHOR20,disabled,2010-01-18,risk_on,0.016354612689187364,-0.0018668553063505011,0.06494029763666498,0.44642857142857145,0.0968715255696888,0.7142857142857143,0.8571428571428571,2009-12-21,2009-12-28,"{""long_momentum"": 0.125, ""mean_reversion"": 0.125, ""medium_momentum"": 0.125, ""ridge"": 0.125, ""risk_adjusted"": 0.125, ""short_momentum"": 0.125, ""trend"": 0.125, ""volume_momentum"": 0.125}",0.05884343362757087,0.5,-0.08124745462761711,0.06885160785162073,6023.TWO,2010-01-18,2010-01-19
0.042520374794941494,379000,0,0.009186095786679987,0.009186095786679987,0.09650136886812502,D-1 estimated accounting; fill-day constraints require ledger audit,adaptive,V4_CAUSAL_7_EXPERTS_RIDGE_ANCHOR20,disabled,2010-01-18,risk_on,0.016354612689187364,-0.0018668553063505011,0.06494029763666498,0.44642857142857145,0.0968715255696888,0.7142857142857143,0.8571428571428571,2009-12-21,2009-12-28,"{""long_momentum"": 0.125, ""mean_reversion"": 0.125, ""medium_momentum"": 0.125, ""ridge"": 0.125, ""risk_adjusted"": 0.125, ""short_momentum"": 0.125, ""trend"": 0.125, ""volume_momentum"": 0.125}",0.09606697072214448,0.75,-0.14168228403056746,0.13778808711918517,6239.TW,2010-01-18,2010-01-19
0.04734628637337678,2938000,0,0.04517962366814486,0.04517962366814486,0.25785812339377506,D-1 estimated accounting; fill-day constraints require ledger audit,adaptive,V4_CAUSAL_7_EXPERTS_RIDGE_ANCHOR20,disabled,2010-01-18,risk_on,0.016354612689187364,-0.0018668553063505011,0.06494029763666498,0.44642857142857145,0.0968715255696888,0.7142857142857143,0.8571428571428571,2009-12-21,2009-12-28,"{""long_momentum"": 0.125, ""mean_reversion"": 0.125, ""medium_momentum"": 0.125, ""ridge"": 0.125, ""risk_adjusted"": 0.125, ""short_momentum"": 0.125, ""trend"": 0.125, ""volume_momentum"": 0.125}",0.09577163532568826,0.75,-0.105319560901124,0.17341241975267147,6274.TWO,2010-01-18,2010-01-19
0.03823026247565755,151000,0,0.0024651054373815632,0.0024651054373815632,0.028122339542501058,D-1 estimated accounting; fill-day constraints require ledger audit,adaptive,V4_CAUSAL_7_EXPERTS_RIDGE_ANCHOR20,disabled,2010-01-18,risk_on,0.016354612689187364,-0.0018668553063505011,0.06494029763666498,0.44642857142857145,0.0968715255696888,0.7142857142857143,0.8571428571428571,2009-12-21,2009-12-28,"{""long_momentum"": 0.125, ""mean_reversion"": 0.125, ""medium_momentum"": 0.125, ""ridge"": 0.125, ""risk_adjusted"": 0.125, ""short_momentum"": 0.125, ""trend"": 0.125, ""volume_momentum"": 0.125}",0.05889766486218412,0.25,-0.08397596146831521,0.06663978385833606,8299.TWO,2010-01-18,2010-01-19
0.04247338225399562,2243000,0,0.027923952689973663,0.027923952689973663,0.22266328884950065,D-1 estimated accounting; fill-day constraints require ledger audit,adaptive,V4_CAUSAL_7_EXPERTS_RIDGE_ANCHOR20,disabled,2010-01-19,neutral,0.01660269685638479,-0.014489984048664695,0.05136938820745085,0.3392857142857143,0.09160244661900817,0.5714285714285714,0.7857142857142857,2010-01-19,2009-12-28,"{""long_momentum"": 0.125, ""mean_reversion"": 0.125, ""medium_momentum"": 0.125, ""ridge"": 0.125, ""risk_adjusted"": 0.125, ""short_momentum"": 0.125, ""trend"": 0.125, ""volume_momentum"": 0.125}",0.07797427685234823,0.75,-0.09863194124448563,0.13221345813969068,1815.TWO,2010-01-19,2010-01-20
0.03761332788763824,3544000,0,0.011405191389473083,0.011405191389473083,0.1613496860459683,D-1 estimated accounting; fill-day constraints require ledger audit,adaptive,V4_CAUSAL_7_EXPERTS_RIDGE_ANCHOR20,disabled,2010-01-19,neutral,0.01660269685638479,-0.014489984048664695,0.05136938820745085,0.3392857142857143,0.09160244661900817,0.5714285714285714,0.7857142857142857,2010-01-19,2009-12-28,"{""long_momentum"": 0.125, ""mean_reversion"": 0.125, ""medium_momentum"": 0.125, ""ridge"": 0.125, ""risk_adjusted"": 0.125, ""short_momentum"": 0.125, ""trend"": 0.125, ""volume_momentum"": 0.125}",0.059850882257918146,0.75,-0.07895362548852179,0.07949761978272571,2313.TW,2010-01-19,2010-01-20
0.04095936532789589,3528000,0,0.013645758240400815,0.013645758240400815,0.11853950941961795,D-1 estimated accounting; fill-day constraints require ledger audit,adaptive,V4_CAUSAL_7_EXPERTS_RIDGE_ANCHOR20,disabled,2010-01-19,neutral,0.01660269685638479,-0.014489984048664695,0.05136938820745085,0.3392857142857143,0.09160244661900817,0.5714285714285714,0.7857142857142857,2010-01-19,2009-12-28,"{""long_momentum"": 0.125, ""mean_reversion"": 0.125, ""medium_momentum"": 0.125, ""ridge"": 0.125, ""risk_adjusted"": 0.125, ""short_momentum"": 0.125, ""trend"": 0.125, ""volume_momentum"": 0.125}",0.06000210495598169,0.5,-0.07725646381811524,0.08228159181417462,2327.TW,2010-01-19,2010-01-20
0.04056553509703265,2255000,0,0.010547021602849468,0.010547021602849468,0.15682867189080343,D-1 estimated accounting; fill-day constraints require ledger audit,adaptive,V4_CAUSAL_7_EXPERTS_RIDGE_ANCHOR20,disabled,2010-01-19,neutral,0.01660269685638479,-0.014489984048664695,0.05136938820745085,0.3392857142857143,0.09160244661900817,0.5714285714285714,0.7857142857142857,2010-01-19,2009-12-28,"{""long_momentum"": 0.125, ""mean_reversion"": 0.125, ""medium_momentum"": 0.125, ""ridge"": 0.125, ""risk_adjusted"": 0.125, ""short_momentum"": 0.125, ""trend"": 0.125, ""volume_momentum"": 0.125}",0.05880332557254397,0.75,-0.07544123133181072,0.07426888605276738,2337.TW,2010-01-19,2010-01-20
0.03717714035604383,4225000,0,0.015229773782680266,0.015229773782680266,0.1137684425798885,D-1 estimated accounting; fill-day constraints require ledger audit,adaptive,V4_CAUSAL_7_EXPERTS_RIDGE_ANCHOR20,disabled,2010-01-19,neutral,0.01660269685638479,-0.014489984048664695,0.05136938820745085,0.3392857142857143,0.09160244661900817,0.5714285714285714,0.7857142857142857,2010-01-19,2009-12-28,"{""long_momentum"": 0.125, ""mean_reversion"": 0.125, ""medium_momentum"": 0.125, ""ridge"": 0.125, ""risk_adjusted"": 0.125, ""short_momentum"": 0.125, ""trend"": 0.125, ""volume_momentum"": 0.125}",0.06867789394984963,0.5,-0.09618930668905677,0.10438246576967505,2344.TW,2010-01-19,2010-01-20
0.0406002100926912,2654000,0,0.009110607651222168,0.009110607651222168,0.09604616546446924,D-1 estimated accounting; fill-day constraints require ledger audit,adaptive,V4_CAUSAL_7_EXPERTS_RIDGE_ANCHOR20,disabled,2010-01-19,neutral,0.01660269685638479,-0.014489984048664695,0.05136938820745085,0.3392857142857143,0.09160244661900817,0.5714285714285714,0.7857142857142857,2010-01-19,2009-12-28,"{""long_momentum"": 0.125, ""mean_reversion"": 0.125, ""medium_momentum"": 0.125, ""ridge"": 0.125, ""risk_adjusted"": 0.125, ""short_momentum"": 0.125, ""trend"": 0.125, ""volume_momentum"": 0.125}",0.05934681557324879,0.5,-0.0793014497634985,0.07525627658120057,2345.TW,2010-01-19,2010-01-20
0.04374756379345706,1316000,0,0.024942953363581218,0.024942953363581218,0.222738640215971,D-1 estimated accounting; fill-day constraints require ledger audit,adaptive,V4_CAUSAL_7_EXPERTS_RIDGE_ANCHOR20,disabled,2010-01-19,neutral,0.01660269685638479,-0.014489984048664695,0.05136938820745085,0.3392857142857143,0.09160244661900817,0.5714285714285714,0.7857142857142857,2010-01-19,2009-12-28,"{""long_momentum"": 0.125, ""mean_reversion"": 0.125, ""medium_momentum"": 0.125, ""ridge"": 0.125, ""risk_adjusted"": 0.125, ""short_momentum"": 0.125, ""trend"": 0.125, ""volume_momentum"": 0.125}",0.07088021320020417,0.75,-0.09037506199225048,0.11799458023467066,2376.TW,2010-01-19,2010-01-20
0.0401919817673663,1262000,0,0.018464742861639197,0.018464742861639197,0.0679463323152062,D-1 estimated accounting; fill-day constraints require ledger audit,adaptive,V4_CAUSAL_7_EXPERTS_RIDGE_ANCHOR20,disabled,2010-01-19,neutral,0.01660269685638479,-0.014489984048664695,0.05136938820745085,0.3392857142857143,0.09160244661900817,0.5714285714285714,0.7857142857142857,2010-01-19,2009-12-28,"{""long_momentum"": 0.125, ""mean_reversion"": 0.125, ""medium_momentum"": 0.125, ""ridge"": 0.125, ""risk_adjusted"": 0.125, ""short_momentum"": 0.125, ""trend"": 0.125, ""volume_momentum"": 0.125}",0.06287083281294306,0.25,-0.08078208185411932,0.09544517909265546,2408.TW,2010-01-19,2010-01-20
0.045997677071359995,2715000,0,0.03398008973445112,0.03398008973445112,0.1927560146815438,D-1 estimated accounting; fill-day constraints require ledger audit,adaptive,V4_CAUSAL_7_EXPERTS_RIDGE_ANCHOR20,disabled,2010-01-19,neutral,0.01660269685638479,-0.014489984048664695,0.05136938820745085,0.3392857142857143,0.09160244661900817,0.5714285714285714,0.7857142857142857,2010-01-19,2009-12-28,"{""long_momentum"": 0.125, ""mean_reversion"": 0.125, ""medium_momentum"": 0.125, ""ridge"": 0.125, ""risk_adjusted"": 0.125, ""short_momentum"": 0.125, ""trend"": 0.125, ""volume_momentum"": 0.125}",0.11268867841858525,0.75,-0.13685366558277492,0.18254745656693488,2449.TW,2010-01-19,2010-01-20
0.03826804262247559,3200000,0,-0.002477377585809802,-0.002477377585809802,0.027250680458490554,D-1 estimated accounting; fill-day constraints require ledger audit,adaptive,V4_CAUSAL_7_EXPERTS_RIDGE_ANCHOR20,disabled,2010-01-19,neutral,0.01660269685638479,-0.014489984048664695,0.05136938820745085,0.3392857142857143,0.09160244661900817,0.5714285714285714,0.7857142857142857,2010-01-19,2009-12-28,"{""long_momentum"": 0.125, ""mean_reversion"": 0.125, ""medium_momentum"": 0.125, ""ridge"": 0.125, ""risk_adjusted"": 0.125, ""short_momentum"": 0.125, ""trend"": 0.125, ""volume_momentum"": 0.125}",0.06112070381989743,0.25,-0.09699173311823196,0.06977058946187009,2890.TW,2010-01-19,2010-01-20
0.039440565643774295,889000,0,0.0007813350023551692,0.0007813350023551692,0.042780380822661224,D-1 estimated accounting; fill-day constraints require ledger audit,adaptive,V4_CAUSAL_7_EXPERTS_RIDGE_ANCHOR20,disabled,2010-01-19,neutral,0.01660269685638479,-0.014489984048664695,0.05136938820745085,0.3392857142857143,0.09160244661900817,0.5714285714285714,0.7857142857142857,2010-01-19,2009-12-28,"{""long_momentum"": 0.125, ""mean_reversion"": 0.125, ""medium_momentum"": 0.125, ""ridge"": 0.125, ""risk_adjusted"": 0.125, ""short_momentum"": 0.125, ""trend"": 0.125, ""volume_momentum"": 0.125}",0.061788598822225635,0.5,-0.095640814737932,0.07493709625790007,3037.TW,2010-01-19,2010-01-20
0.04181425841410686,381000,0,0.017381211617037595,0.017381211617037595,0.19368387309909413,D-1 estimated accounting; fill-day constraints require ledger audit,adaptive,V4_CAUSAL_7_EXPERTS_RIDGE_ANCHOR20,disabled,2010-01-19,neutral,0.01660269685638479,-0.014489984048664695,0.05136938820745085,0.3392857142857143,0.09160244661900817,0.5714285714285714,0.7857142857142857,2010-01-19,2009-12-28,"{""long_momentum"": 0.125, ""mean_reversion"": 0.125, ""medium_momentum"": 0.125, ""ridge"": 0.125, ""risk_adjusted"": 0.125, ""short_momentum"": 0.125, ""trend"": 0.125, ""volume_momentum"": 0.125}",0.06428531587536779,0.75,-0.08520119201549356,0.09769722676482649,3044.TW,2010-01-19,2010-01-20
0.03951429982994477,365000,0,0.0053426738414597,0.0053426738414597,0.11285669007913375,D-1 estimated accounting; fill-day constraints require ledger audit,adaptive,V4_CAUSAL_7_EXPERTS_RIDGE_ANCHOR20,disabled,2010-01-19,neutral,0.01660269685638479,-0.014489984048664695,0.05136938820745085,0.3392857142857143,0.09160244661900817,0.5714285714285714,0.7857142857142857,2010-01-19,2009-12-28,"{""long_momentum"": 0.125, ""mean_reversion"": 0.125, ""medium_momentum"": 0.125, ""ridge"": 0.125, ""risk_adjusted"": 0.125, ""short_momentum"": 0.125, ""trend"": 0.125, ""volume_momentum"": 0.125}",0.058390560986317515,0.75,-0.07843226754501388,0.06685122674319102,3211.TWO,2010-01-19,2010-01-20
0.035888471045407815,394000,0,0.006956605613218475,0.006956605613218475,0.03489977885420837,D-1 estimated accounting; fill-day constraints require ledger audit,adaptive,V4_CAUSAL_7_EXPERTS_RIDGE_ANCHOR20,disabled,2010-01-19,neutral,0.01660269685638479,-0.014489984048664695,0.05136938820745085,0.3392857142857143,0.09160244661900817,0.5714285714285714,0.7857142857142857,2010-01-19,2009-12-28,"{""long_momentum"": 0.125, ""mean_reversion"": 0.125, ""medium_momentum"": 0.125, ""ridge"": 0.125, ""risk_adjusted"": 0.125, ""short_momentum"": 0.125, ""trend"": 0.125, ""volume_momentum"": 0.125}",0.07369297445408254,0.25,-0.11301510018102728,0.10466192292272197,3260.TWO,2010-01-19,2010-01-20
0.044539932282611314,1943000,0,0.025735002737780895,0.025735002737780895,0.16848772648816307,D-1 estimated accounting; fill-day constraints require ledger audit,adaptive,V4_CAUSAL_7_EXPERTS_RIDGE_ANCHOR20,disabled,2010-01-19,neutral,0.01660269685638479,-0.014489984048664695,0.05136938820745085,0.3392857142857143,0.09160244661900817,0.5714285714285714,0.7857142857142857,2010-01-19,2009-12-28,"{""long_momentum"": 0.125, ""mean_reversion"": 0.125, ""medium_momentum"": 0.125, ""ridge"": 0.125, ""risk_adjusted"": 0.125, ""short_momentum"": 0.125, ""trend"": 0.125, ""volume_momentum"": 0.125}",0.10607764548176236,0.75,-0.13732241804486417,0.16652603503568372,3264.TWO,2010-01-19,2010-01-20
0.045815832625736866,1768000,0,0.04518220225255249,0.04518220225255249,0.29499060799581467,D-1 estimated accounting; fill-day constraints require ledger audit,adaptive,V4_CAUSAL_7_EXPERTS_RIDGE_ANCHOR20,disabled,2010-01-19,neutral,0.01660269685638479,-0.014489984048664695,0.05136938820745085,0.3392857142857143,0.09160244661900817,0.5714285714285714,0.7857142857142857,2010-01-19,2009-12-28,"{""long_momentum"": 0.125, ""mean_reversion"": 0.125, ""medium_momentum"": 0.125, ""ridge"": 0.125, ""risk_adjusted"": 0.125, ""short_momentum"": 0.125, ""trend"": 0.125, ""volume_momentum"": 0.125}",0.0774037298729488,0.75,-0.08052418153425145,0.14862219755461417,3324.TWO,2010-01-19,2010-01-20
0.03868802856127092,232000,0,0.02065068296731996,0.02065068296731996,0.14657133525254512,D-1 estimated accounting; fill-day constraints require ledger audit,adaptive,V4_CAUSAL_7_EXPERTS_RIDGE_ANCHOR20,disabled,2010-01-19,neutral,0.01660269685638479,-0.014489984048664695,0.05136938820745085,0.3392857142857143,0.09160244661900817,0.5714285714285714,0.7857142857142857,2010-01-19,2009-12-28,"{""long_momentum"": 0.125, ""mean_reversion"": 0.125, ""medium_momentum"": 0.125, ""ridge"": 0.125, ""risk_adjusted"": 0.125, ""short_momentum"": 0.125, ""trend"": 0.125, ""volume_momentum"": 0.125}",0.06185170255411696,0.5,-0.07594442629684181,0.09497940374673948,3533.TW,2010-01-19,2010-01-20
0.0428010759090877,2564000,0,0.018582164514965006,0.018582164514965006,0.20760024280987194,D-1 estimated accounting; fill-day constraints require ledger audit,adaptive,V4_CAUSAL_7_EXPERTS_RIDGE_ANCHOR20,disabled,2010-01-19,neutral,0.01660269685638479,-0.014489984048664695,0.05136938820745085,0.3392857142857143,0.09160244661900817,0.5714285714285714,0.7857142857142857,2010-01-19,2009-12-28,"{""long_momentum"": 0.125, ""mean_reversion"": 0.125, ""medium_momentum"": 0.125, ""ridge"": 0.125, ""risk_adjusted"": 0.125, ""short_momentum"": 0.125, ""trend"": 0.125, ""volume_momentum"": 0.125}",0.0616134168910829,0.75,-0.07735365065334779,0.09225159119853554,5347.TWO,2010-01-19,2010-01-20
0.03795611712273685,913000,0,0.0026725739267338872,0.0026725739267338872,0.057654984940836276,D-1 estimated accounting; fill-day constraints require ledger audit,adaptive,V4_CAUSAL_7_EXPERTS_RIDGE_ANCHOR20,disabled,2010-01-19,neutral,0.01660269685638479,-0.014489984048664695,0.05136938820745085,0.3392857142857143,0.09160244661900817,0.5714285714285714,0.7857142857142857,2010-01-19,2009-12-28,"{""long_momentum"": 0.125, ""mean_reversion"": 0.125, ""medium_momentum"": 0.125, ""ridge"": 0.125, ""risk_adjusted"": 0.125, ""short_momentum"": 0.125, ""trend"": 0.125, ""volume_momentum"": 0.125}",0.05886611249047047,0.5,-0.08361881599132016,0.06669757536004567,6023.TWO,2010-01-19,2010-01-20
0.041784117074489875,379000,0,0.013445133449580928,0.013445133449580928,0.1647727848847126,D-1 estimated accounting; fill-day constraints require ledger audit,adaptive,V4_CAUSAL_7_EXPERTS_RIDGE_ANCHOR20,disabled,2010-01-19,neutral,0.01660269685638479,-0.014489984048664695,0.05136938820745085,0.3392857142857143,0.09160244661900817,0.5714285714285714,0.7857142857142857,2010-01-19,2009-12-28,"{""long_momentum"": 0.125, ""mean_reversion"": 0.125, ""medium_momentum"": 0.125, ""ridge"": 0.125, ""risk_adjusted"": 0.125, ""short_momentum"": 0.125, ""trend"": 0.125, ""volume_momentum"": 0.125}",0.06551199634503227,0.75,-0.0917947094058609,0.0964185878202805,6239.TW,2010-01-19,2010-01-20
0.04582233418742284,2938000,0,0.036637728781713716,0.036637728781713716,0.29486851690390814,D-1 estimated accounting; fill-day constraints require ledger audit,adaptive,V4_CAUSAL_7_EXPERTS_RIDGE_ANCHOR20,disabled,2010-01-19,neutral,0.01660269685638479,-0.014489984048664695,0.05136938820745085,0.3392857142857143,0.09160244661900817,0.5714285714285714,0.7857142857142857,2010-01-19,2009-12-28,"{""long_momentum"": 0.125, ""mean_reversion"": 0.125, ""medium_momentum"": 0.125, ""ridge"": 0.125, ""risk_adjusted"": 0.125, ""short_momentum"": 0.125, ""trend"": 0.125, ""volume_momentum"": 0.125}",0.06426810651796316,0.75,-0.06590601050587838,0.11691507958456356,6274.TWO,2010-01-19,2010-01-20
0.037210604716078094,151000,0,0.0024826188415516754,0.0024826188415516754,0.0,D-1 estimated accounting; fill-day constraints require ledger audit,adaptive,V4_CAUSAL_7_EXPERTS_RIDGE_ANCHOR20,disabled,2010-01-19,neutral,0.01660269685638479,-0.014489984048664695,0.05136938820745085,0.3392857142857143,0.09160244661900817,0.5714285714285714,0.7857142857142857,2010-01-19,2009-12-28,"{""long_momentum"": 0.125, ""mean_reversion"": 0.125, ""medium_momentum"": 0.125, ""ridge"": 0.125, ""risk_adjusted"": 0.125, ""short_momentum"": 0.125, ""trend"": 0.125, ""volume_momentum"": 0.125}",0.07134741138765892,0.0,-0.11363095715061744,0.09632980634897853,8299.TWO,2010-01-19,2010-01-20
0.042243404179510516,2243000,0,0.03203054087580398,0.03203054087580398,0.24763723484722258,D-1 estimated accounting; fill-day constraints require ledger audit,adaptive,V4_CAUSAL_7_EXPERTS_RIDGE_ANCHOR20,disabled,2010-01-20,neutral,0.016770738304332705,0.0,0.025633597044107947,0.4732142857142857,0.09254653384054363,0.5267857142857143,0.75,2010-01-19,2009-12-28,"{""long_momentum"": 0.125, ""mean_reversion"": 0.125, ""medium_momentum"": 0.125, ""ridge"": 0.125, ""risk_adjusted"": 0.125, ""short_momentum"": 0.125, ""trend"": 0.125, ""volume_momentum"": 0.125}",0.075121033074645,0.75,-0.09019501617414546,0.13198970944101115,1815.TWO,2010-01-20,2010-01-21
0.037156180217035116,3544000,0,0.006518797895547476,0.006518797895547476,0.08217170924287347,D-1 estimated accounting; fill-day constraints require ledger audit,adaptive,V4_CAUSAL_7_EXPERTS_RIDGE_ANCHOR20,disabled,2010-01-20,neutral,0.016770738304332705,0.0,0.025633597044107947,0.4732142857142857,0.09254653384054363,0.5267857142857143,0.75,2010-01-19,2009-12-28,"{""long_momentum"": 0.125, ""mean_reversion"": 0.125, ""medium_momentum"": 0.125, ""ridge"": 0.125, ""risk_adjusted"": 0.125, ""short_momentum"": 0.125, ""trend"": 0.125, ""volume_momentum"": 0.125}",0.05857100552755993,0.5,-0.07827750091522251,0.0690487082215752,2313.TW,2010-01-20,2010-01-21
0.041020372880778734,3528000,0,0.01316784273253652,0.01316784273253652,0.11184235321893347,D-1 estimated accounting; fill-day constraints require ledger audit,adaptive,V4_CAUSAL_7_EXPERTS_RIDGE_ANCHOR20,disabled,2010-01-20,neutral,0.016770738304332705,0.0,0.025633597044107947,0.4732142857142857,0.09254653384054363,0.5267857142857143,0.75,2010-01-19,2009-12-28,"{""long_momentum"": 0.125, ""mean_reversion"": 0.125, ""medium_momentum"": 0.125, ""ridge"": 0.125, ""risk_adjusted"": 0.125, ""short_momentum"": 0.125, ""trend"": 0.125, ""volume_momentum"": 0.125}",0.06305292118045372,0.5,-0.08652826291345003,0.09059755989378081,2327.TW,2010-01-20,2010-01-21
0.0407885098942374,2255000,0,0.009922350562836371,0.009922350562836371,0.14801154329531377,D-1 estimated accounting; fill-day constraints require ledger audit,adaptive,V4_CAUSAL_7_EXPERTS_RIDGE_ANCHOR20,disabled,2010-01-20,neutral,0.016770738304332705,0.0,0.025633597044107947,0.4732142857142857,0.09254653384054363,0.5267857142857143,0.75,2010-01-19,2009-12-28,"{""long_momentum"": 0.125, ""mean_reversion"": 0.125, ""medium_momentum"": 0.125, ""ridge"": 0.125, ""risk_adjusted"": 0.125, ""short_momentum"": 0.125, ""trend"": 0.125, ""volume_momentum"": 0.125}",0.06069177163976366,0.75,-0.08327949607789427,0.08085780871882475,2337.TW,2010-01-20,2010-01-21
0.03736730122867158,4225000,0,0.01505760239781209,0.01505760239781209,0.1145023981490137,D-1 estimated accounting; fill-day constraints require ledger audit,adaptive,V4_CAUSAL_7_EXPERTS_RIDGE_ANCHOR20,disabled,2010-01-20,neutral,0.016770738304332705,0.0,0.025633597044107947,0.4732142857142857,0.09254653384054363,0.5267857142857143,0.75,2010-01-19,2009-12-28,"{""long_momentum"": 0.125, ""mean_reversion"": 0.125, ""medium_momentum"": 0.125, ""ridge"": 0.125, ""risk_adjusted"": 0.125, ""short_momentum"": 0.125, ""trend"": 0.125, ""volume_momentum"": 0.125}",0.06752834655196047,0.5,-0.09421010352273065,0.1020589198336126,2344.TW,2010-01-20,2010-01-21
0.040091281449171824,2654000,0,0.008668913599916703,0.008668913599916703,0.09404153741652554,D-1 estimated accounting; fill-day constraints require ledger audit,adaptive,V4_CAUSAL_7_EXPERTS_RIDGE_ANCHOR20,disabled,2010-01-20,neutral,0.016770738304332705,0.0,0.025633597044107947,0.4732142857142857,0.09254653384054363,0.5267857142857143,0.75,2010-01-19,2009-12-28,"{""long_momentum"": 0.125, ""mean_reversion"": 0.125, ""medium_momentum"": 0.125, ""ridge"": 0.125, ""risk_adjusted"": 0.125, ""short_momentum"": 0.125, ""trend"": 0.125, ""volume_momentum"": 0.125}",0.05900595952223793,0.5,-0.07827334711763764,0.07334478583272878,2345.TW,2010-01-20,2010-01-21
0.0431676516768582,1316000,0,0.019847784694795208,0.019847784694795208,0.21058127445741381,D-1 estimated accounting; fill-day constraints require ledger audit,adaptive,V4_CAUSAL_7_EXPERTS_RIDGE_ANCHOR20,disabled,2010-01-20,neutral,0.016770738304332705,0.0,0.025633597044107947,0.4732142857142857,0.09254653384054363,0.5267857142857143,0.75,2010-01-19,2009-12-28,"{""long_momentum"": 0.125, ""mean_reversion"": 0.125, ""medium_momentum"": 0.125, ""ridge"": 0.125, ""risk_adjusted"": 0.125, ""short_momentum"": 0.125, ""trend"": 0.125, ""volume_momentum"": 0.125}",0.06364934577947762,0.75,-0.08127648621562616,0.09870566712047432,2376.TW,2010-01-20,2010-01-21
0.04007982989176926,1262000,0,0.022166666060409908,0.022166666060409908,0.1386949260949631,D-1 estimated accounting; fill-day constraints require ledger audit,adaptive,V4_CAUSAL_7_EXPERTS_RIDGE_ANCHOR20,disabled,2010-01-20,neutral,0.016770738304332705,0.0,0.025633597044107947,0.4732142857142857,0.09254653384054363,0.5267857142857143,0.75,2010-01-19,2009-12-28,"{""long_momentum"": 0.125, ""mean_reversion"": 0.125, ""medium_momentum"": 0.125, ""ridge"": 0.125, ""risk_adjusted"": 0.125, ""short_momentum"": 0.125, ""trend"": 0.125, ""volume_momentum"": 0.125}",0.0707701036012616,0.5,-0.09296238467957463,0.11502932831565219,2408.TW,2010-01-20,2010-01-21
0.04694860319340876,2715000,0,0.046733938336828026,0.046733938336828026,0.2668489060356979,D-1 estimated accounting; fill-day constraints require ledger audit,adaptive,V4_CAUSAL_7_EXPERTS_RIDGE_ANCHOR20,disabled,2010-01-20,neutral,0.016770738304332705,0.0,0.025633597044107947,0.4732142857142857,0.09254653384054363,0.5267857142857143,0.75,2010-01-19,2009-12-28,"{""long_momentum"": 0.125, ""mean_reversion"": 0.125, ""medium_momentum"": 0.125, ""ridge"": 0.125, ""risk_adjusted"": 0.125, ""short_momentum"": 0.125, ""trend"": 0.125, ""volume_momentum"": 0.125}",0.09366839562451287,0.75,-0.10111680612016032,0.17231829430907414,2449.TW,2010-01-20,2010-01-21
0.03720722783192074,3200000,0,-0.004854910914874302,-0.004854910914874302,0.05750497878993197,D-1 estimated accounting; fill-day constraints require ledger audit,adaptive,V4_CAUSAL_7_EXPERTS_RIDGE_ANCHOR20,disabled,2010-01-20,neutral,0.016770738304332705,0.0,0.025633597044107947,0.4732142857142857,0.09254653384054363,0.5267857142857143,0.75,2010-01-19,2009-12-28,"{""long_momentum"": 0.125, ""mean_reversion"": 0.125, ""medium_momentum"": 0.125, ""ridge"": 0.125, ""risk_adjusted"": 0.125, ""short_momentum"": 0.125, ""trend"": 0.125, ""volume_momentum"": 0.125}",0.07583254713006032,0.5,-0.12818044371887816,0.0962042334043873,2890.TW,2010-01-20,2010-01-21
0.03844667882575685,889000,0,-0.0016327647137600464,-0.0016327647137600464,0.0252652314885795,D-1 estimated accounting; fill-day constraints require ledger audit,adaptive,V4_CAUSAL_7_EXPERTS_RIDGE_ANCHOR20,disabled,2010-01-20,neutral,0.016770738304332705,0.0,0.025633597044107947,0.4732142857142857,0.09254653384054363,0.5267857142857143,0.75,2010-01-19,2009-12-28,"{""long_momentum"": 0.125, ""mean_reversion"": 0.125, ""medium_momentum"": 0.125, ""ridge"": 0.125, ""risk_adjusted"": 0.125, ""short_momentum"": 0.125, ""trend"": 0.125, ""volume_momentum"": 0.125}",0.05899858242784658,0.25,-0.08854147053774582,0.06300955262548347,3037.TW,2010-01-20,2010-01-21
0.041887114184228504,381000,0,0.019077062827487615,0.019077062827487615,0.20679269179288404,D-1 estimated accounting; fill-day constraints require ledger audit,adaptive,V4_CAUSAL_7_EXPERTS_RIDGE_ANCHOR20,disabled,2010-01-20,neutral,0.016770738304332705,0.0,0.025633597044107947,0.4732142857142857,0.09254653384054363,0.5267857142857143,0.75,2010-01-19,2009-12-28,"{""long_momentum"": 0.125, ""mean_reversion"": 0.125, ""medium_momentum"": 0.125, ""ridge"": 0.125, ""risk_adjusted"": 0.125, ""short_momentum"": 0.125, ""trend"": 0.125, ""volume_momentum"": 0.125}",0.06324612526032808,0.75,-0.08108871418032983,0.09697645135056279,3044.TW,2010-01-20,2010-01-21
0.039404038960886796,365000,0,0.004334781386523267,0.004334781386523267,0.06889618279579707,D-1 estimated accounting; fill-day constraints require ledger audit,adaptive,V4_CAUSAL_7_EXPERTS_RIDGE_ANCHOR20,disabled,2010-01-20,neutral,0.016770738304332705,0.0,0.025633597044107947,0.4732142857142857,0.09254653384054363,0.5267857142857143,0.75,2010-01-19,2009-12-28,"{""long_momentum"": 0.125, ""mean_reversion"": 0.125, ""medium_momentum"": 0.125, ""ridge"": 0.125, ""risk_adjusted"": 0.125, ""short_momentum"": 0.125, ""trend"": 0.125, ""volume_momentum"": 0.125}",0.05841049133918661,0.5,-0.07955796680660317,0.06596114109490744,3211.TWO,2010-01-20,2010-01-21
0.036650697046569126,394000,0,0.00655687079581407,0.00655687079581407,0.07852491793726665,D-1 estimated accounting; fill-day constraints require ledger audit,adaptive,V4_CAUSAL_7_EXPERTS_RIDGE_ANCHOR20,disabled,2010-01-20,neutral,0.016770738304332705,0.0,0.025633597044107947,0.4732142857142857,0.09254653384054363,0.5267857142857143,0.75,2010-01-19,2009-12-28,"{""long_momentum"": 0.125, ""mean_reversion"": 0.125, ""medium_momentum"": 0.125, ""ridge"": 0.125, ""risk_adjusted"": 0.125, ""short_momentum"": 0.125, ""trend"": 0.125, ""volume_momentum"": 0.125}",0.06203041270218859,0.5,-0.09052197671588114,0.08136932982276703,3260.TWO,2010-01-20,2010-01-21
0.043739757573904844,1943000,0,0.025408492427395537,0.025408492427395537,0.19898761458096426,D-1 estimated accounting; fill-day constraints require ledger audit,adaptive,V4_CAUSAL_7_EXPERTS_RIDGE_ANCHOR20,disabled,2010-01-20,neutral,0.016770738304332705,0.0,0.025633597044107947,0.4732142857142857,0.09254653384054363,0.5267857142857143,0.75,2010-01-19,2009-12-28,"{""long_momentum"": 0.125, ""mean_reversion"": 0.125, ""medium_momentum"": 0.125, ""ridge"": 0.125, ""risk_adjusted"": 0.125, ""short_momentum"": 0.125, ""trend"": 0.125, ""volume_momentum"": 0.125}",0.08420351178489266,0.75,-0.11000442280354064,0.13855501917358945,3264.TWO,2010-01-20,2010-01-21
0.04577584944821883,1768000,0,0.04100933712971193,0.04100933712971193,0.2581899097014143,D-1 estimated accounting; fill-day constraints require ledger audit,adaptive,V4_CAUSAL_7_EXPERTS_RIDGE_ANCHOR20,disabled,2010-01-20,neutral,0.016770738304332705,0.0,0.025633597044107947,0.4732142857142857,0.09254653384054363,0.5267857142857143,0.75,2010-01-19,2009-12-28,"{""long_momentum"": 0.125, ""mean_reversion"": 0.125, ""medium_momentum"": 0.125, ""ridge"": 0.125, ""risk_adjusted"": 0.125, ""short_momentum"": 0.125, ""trend"": 0.125, ""volume_momentum"": 0.125}",0.08764035850397815,0.75,-0.09903397316099184,0.15878625893567344,3324.TWO,2010-01-20,2010-01-21
0.039735165338709376,232000,0,0.03193919624882622,0.03193919624882622,0.2794166490489908,D-1 estimated accounting; fill-day constraints require ledger audit,adaptive,V4_CAUSAL_7_EXPERTS_RIDGE_ANCHOR20,disabled,2010-01-20,neutral,0.016770738304332705,0.0,0.025633597044107947,0.4732142857142857,0.09254653384054363,0.5267857142857143,0.75,2010-01-19,2009-12-28,"{""long_momentum"": 0.125, ""mean_reversion"": 0.125, ""medium_momentum"": 0.125, ""ridge"": 0.125, ""risk_adjusted"": 0.125, ""short_momentum"": 0.125, ""trend"": 0.125, ""volume_momentum"": 0.125}",0.06221164991912059,0.75,-0.06562148949129754,0.10723349350420772,3533.TW,2010-01-20,2010-01-21
0.044465354085247495,2564000,0,0.023213530396415615,0.023213530396415615,0.2269106836451924,D-1 estimated accounting; fill-day constraints require ledger audit,adaptive,V4_CAUSAL_7_EXPERTS_RIDGE_ANCHOR20,disabled,2010-01-20,neutral,0.016770738304332705,0.0,0.025633597044107947,0.4732142857142857,0.09254653384054363,0.5267857142857143,0.75,2010-01-19,2009-12-28,"{""long_momentum"": 0.125, ""mean_reversion"": 0.125, ""medium_momentum"": 0.125, ""ridge"": 0.125, ""risk_adjusted"": 0.125, ""short_momentum"": 0.125, ""trend"": 0.125, ""volume_momentum"": 0.125}",0.06503967151274904,0.75,-0.08102481672908773,0.10518548903717673,5347.TWO,2010-01-20,2010-01-21
0.03721482908260444,913000,0,0.003883912210661583,0.003883912210661583,0.0,D-1 estimated accounting; fill-day constraints require ledger audit,adaptive,V4_CAUSAL_7_EXPERTS_RIDGE_ANCHOR20,disabled,2010-01-20,neutral,0.016770738304332705,0.0,0.025633597044107947,0.4732142857142857,0.09254653384054363,0.5267857142857143,0.75,2010-01-19,2009-12-28,"{""long_momentum"": 0.125, ""mean_reversion"": 0.125, ""medium_momentum"": 0.125, ""ridge"": 0.125, ""risk_adjusted"": 0.125, ""short_momentum"": 0.125, ""trend"": 0.125, ""volume_momentum"": 0.125}",0.06107592102172001,0.0,-0.09049693240916543,0.07599836834574633,6023.TWO,2010-01-20,2010-01-21
0.0439300124071939,379000,0,0.03145552692159032,0.03145552692159032,0.24978959759674402,D-1 estimated accounting; fill-day constraints require ledger audit,adaptive,V4_CAUSAL_7_EXPERTS_RIDGE_ANCHOR20,disabled,2010-01-20,neutral,0.016770738304332705,0.0,0.025633597044107947,0.4732142857142857,0.09254653384054363,0.5267857142857143,0.75,2010-01-19,2009-12-28,"{""long_momentum"": 0.125, ""mean_reversion"": 0.125, ""medium_momentum"": 0.125, ""ridge"": 0.125, ""risk_adjusted"": 0.125, ""short_momentum"": 0.125, ""trend"": 0.125, ""volume_momentum"": 0.125}",0.07300317533923248,0.75,-0.08740324945635033,0.12804791481478872,6239.TW,2010-01-20,2010-01-21
0.04525650517356492,2938000,0,0.03367813000522326,0.03367813000522326,0.276463223002761,D-1 estimated accounting; fill-day constraints require ledger audit,adaptive,V4_CAUSAL_7_EXPERTS_RIDGE_ANCHOR20,disabled,2010-01-20,neutral,0.016770738304332705,0.0,0.025633597044107947,0.4732142857142857,0.09254653384054363,0.5267857142857143,0.75,2010-01-19,2009-12-28,"{""long_momentum"": 0.125, ""mean_reversion"": 0.125, ""medium_momentum"": 0.125, ""ridge"": 0.125, ""risk_adjusted"": 0.125, ""short_momentum"": 0.125, ""trend"": 0.125, ""volume_momentum"": 0.125}",0.066249379660783,0.75,-0.07307772707721985,0.11816759860292411,6274.TWO,2010-01-20,2010-01-21
0.03657990108431899,151000,0,-0.0003477491201343179,-0.0003477491201343179,0.017329353070231826,D-1 estimated accounting; fill-day constraints require ledger audit,adaptive,V4_CAUSAL_7_EXPERTS_RIDGE_ANCHOR20,disabled,2010-01-20,neutral,0.016770738304332705,0.0,0.025633597044107947,0.4732142857142857,0.09254653384054363,0.5267857142857143,0.75,2010-01-19,2009-12-28,"{""long_momentum"": 0.125, ""mean_reversion"": 0.125, ""medium_momentum"": 0.125, ""ridge"": 0.125, ""risk_adjusted"": 0.125, ""short_momentum"": 0.125, ""trend"": 0.125, ""volume_momentum"": 0.125}",0.07180096350723755,0.25,-0.1172244087111703,0.09426252198615942,8299.TWO,2010-01-20,2010-01-21
0.04200528164611031,2243000,0,0.01865534619037503,0.01865534619037503,0.19658385029739403,D-1 estimated accounting; fill-day constraints require ledger audit,adaptive,V4_CAUSAL_7_EXPERTS_RIDGE_ANCHOR20,disabled,2010-01-21,neutral,0.01777617462664606,-0.018573975957616395,0.014014949792410691,0.16071428571428573,0.08038001553475392,0.36607142857142855,0.6696428571428571,2010-01-19,2009-12-28,"{""long_momentum"": 0.125, ""mean_reversion"": 0.125, ""medium_momentum"": 0.125, ""ridge"": 0.125, ""risk_adjusted"": 0.125, ""short_momentum"": 0.125, ""trend"": 0.125, ""volume_momentum"": 0.125}",0.06659372368968755,0.75,-0.08879052154695147,0.10383482544295927,1815.TWO,2010-01-21,2010-01-22
0.036589902411297684,3544000,0,0.002940615469548451,0.002940615469548451,0.028383670933638847,D-1 estimated accounting; fill-day constraints require ledger audit,adaptive,V4_CAUSAL_7_EXPERTS_RIDGE_ANCHOR20,disabled,2010-01-21,neutral,0.01777617462664606,-0.018573975957616395,0.014014949792410691,0.16071428571428573,0.08038001553475392,0.36607142857142855,0.6696428571428571,2010-01-19,2009-12-28,"{""long_momentum"": 0.125, ""mean_reversion"": 0.125, ""medium_momentum"": 0.125, ""ridge"": 0.125, ""risk_adjusted"": 0.125, ""short_momentum"": 0.125, ""trend"": 0.125, ""volume_momentum"": 0.125}",0.06199938179255383,0.25,-0.09405486577051612,0.07766970822487076,2313.TW,2010-01-21,2010-01-22
0.041067102375401676,3528000,0,0.007220641610377643,0.007220641610377643,0.04025547207264788,D-1 estimated accounting; fill-day constraints require ledger audit,adaptive,V4_CAUSAL_7_EXPERTS_RIDGE_ANCHOR20,disabled,2010-01-21,neutral,0.01777617462664606,-0.018573975957616395,0.014014949792410691,0.16071428571428573,0.08038001553475392,0.36607142857142855,0.6696428571428571,2010-01-19,2009-12-28,"{""long_momentum"": 0.125, ""mean_reversion"": 0.125, ""medium_momentum"": 0.125, ""ridge"": 0.125, ""risk_adjusted"": 0.125, ""short_momentum"": 0.125, ""trend"": 0.125, ""volume_momentum"": 0.125}",0.06367364667621483,0.25,-0.09396050761873216,0.08613540235474519,2327.TW,2010-01-21,2010-01-22
0.04063206854636812,2255000,0,0.007248376100703755,0.007248376100703755,0.13052911450604224,D-1 estimated accounting; fill-day constraints require ledger audit,adaptive,V4_CAUSAL_7_EXPERTS_RIDGE_ANCHOR20,disabled,2010-01-21,neutral,0.01777617462664606,-0.018573975957616395,0.014014949792410691,0.16071428571428573,0.08038001553475392,0.36607142857142855,0.6696428571428571,2010-01-19,2009-12-28,"{""long_momentum"": 0.125, ""mean_reversion"": 0.125, ""medium_momentum"": 0.125, ""ridge"": 0.125, ""risk_adjusted"": 0.125, ""short_momentum"": 0.125, ""trend"": 0.125, ""volume_momentum"": 0.125}",0.058128888851190025,0.75,-0.07482731495872946,0.06705767867539471,2337.TW,2010-01-21,2010-01-22
0.03643542163041206,4225000,0,0.008178561008880772,0.008178561008880772,0.03609967060676892,D-1 estimated accounting; fill-day constraints require ledger audit,adaptive,V4_CAUSAL_7_EXPERTS_RIDGE_ANCHOR20,disabled,2010-01-21,neutral,0.01777617462664606,-0.018573975957616395,0.014014949792410691,0.16071428571428573,0.08038001553475392,0.36607142857142855,0.6696428571428571,2010-01-19,2009-12-28,"{""long_momentum"": 0.125, ""mean_reversion"": 0.125, ""medium_momentum"": 0.125, ""ridge"": 0.125, ""risk_adjusted"": 0.125, ""short_momentum"": 0.125, ""trend"": 0.125, ""volume_momentum"": 0.125}",0.07808654465118103,0.25,-0.11854360899307857,0.11263434252609786,2344.TW,2010-01-21,2010-01-22
0.0394917303659248,2654000,0,0.0061238244244561845,0.0061238244244561845,0.036084644094170344,D-1 estimated accounting; fill-day constraints require ledger audit,adaptive,V4_CAUSAL_7_EXPERTS_RIDGE_ANCHOR20,disabled,2010-01-21,neutral,0.01777617462664606,-0.018573975957616395,0.014014949792410691,0.16071428571428573,0.08038001553475392,0.36607142857142855,0.6696428571428571,2010-01-19,2009-12-28,"{""long_momentum"": 0.125, ""mean_reversion"": 0.125, ""medium_momentum"": 0.125, ""ridge"": 0.125, ""risk_adjusted"": 0.125, ""short_momentum"": 0.125, ""trend"": 0.125, ""volume_momentum"": 0.125}",0.06594375309845261,0.25,-0.10001030008347644,0.08999156044764656,2345.TW,2010-01-21,2010-01-22
0.043035760754455005,1316000,0,0.015485997931938365,0.015485997931938365,0.19133537436999673,D-1 estimated accounting; fill-day constraints require ledger audit,adaptive,V4_CAUSAL_7_EXPERTS_RIDGE_ANCHOR20,disabled,2010-01-21,neutral,0.01777617462664606,-0.018573975957616395,0.014014949792410691,0.16071428571428573,0.08038001553475392,0.36607142857142855,0.6696428571428571,2010-01-19,2009-12-28,"{""long_momentum"": 0.125, ""mean_reversion"": 0.125, ""medium_momentum"": 0.125, ""ridge"": 0.125, ""risk_adjusted"": 0.125, ""short_momentum"": 0.125, ""trend"": 0.125, ""volume_momentum"": 0.125}",0.05981540215962295,0.75,-0.07474290027728386,0.08344850765641833,2376.TW,2010-01-21,2010-01-22
0.038012326910218094,1262000,0,0.015197736212280936,0.015197736212280936,0.07972862142787598,D-1 estimated accounting; fill-day constraints require ledger audit,adaptive,V4_CAUSAL_7_EXPERTS_RIDGE_ANCHOR20,disabled,2010-01-21,neutral,0.01777617462664606,-0.018573975957616395,0.014014949792410691,0.16071428571428573,0.08038001553475392,0.36607142857142855,0.6696428571428571,2010-01-19,2009-12-28,"{""long_momentum"": 0.125, ""mean_reversion"": 0.125, ""medium_momentum"": 0.125, ""ridge"": 0.125, ""risk_adjusted"": 0.125, ""short_momentum"": 0.125, ""trend"": 0.125, ""volume_momentum"": 0.125}",0.10646779399854925,0.5,-0.1483238005727371,0.15645288451255673,2408.TW,2010-01-21,2010-01-22
0.04644538962502393,2715000,0,0.04218351465799918,0.04218351465799918,0.42686726308611983,D-1 estimated accounting; fill-day constraints require ledger audit,adaptive,V4_CAUSAL_7_EXPERTS_RIDGE_ANCHOR20,disabled,2010-01-21,neutral,0.01777617462664606,-0.018573975957616395,0.014014949792410691,0.16071428571428573,0.08038001553475392,0.36607142857142855,0.6696428571428571,2010-01-19,2009-12-28,"{""long_momentum"": 0.125, ""mean_reversion"": 0.125, ""medium_momentum"": 0.125, ""ridge"": 0.125, ""risk_adjusted"": 0.125, ""short_momentum"": 0.125, ""trend"": 0.125, ""volume_momentum"": 0.125}",0.06335088031264531,1.0,-0.05823402254082446,0.12033466337208057,2449.TW,2010-01-21,2010-01-22
0.03789743284149404,3200000,0,-0.006010751528050997,-0.006010751528050997,0.06912101398768229,D-1 estimated accounting; fill-day constraints require ledger audit,adaptive,V4_CAUSAL_7_EXPERTS_RIDGE_ANCHOR20,disabled,2010-01-21,neutral,0.01777617462664606,-0.018573975957616395,0.014014949792410691,0.16071428571428573,0.08038001553475392,0.36607142857142855,0.6696428571428571,2010-01-19,2009-12-28,"{""long_momentum"": 0.125, ""mean_reversion"": 0.125, ""medium_momentum"": 0.125, ""ridge"": 0.125, ""risk_adjusted"": 0.125, ""short_momentum"": 0.125, ""trend"": 0.125, ""volume_momentum"": 0.125}",0.0686376136566175,0.5,-0.11735594278530516,0.0830680512444609,2890.TW,2010-01-21,2010-01-22
0.03825964898063818,889000,0,-0.003398768086101985,-0.003398768086101985,0.031199519138027012,D-1 estimated accounting; fill-day constraints require ledger audit,adaptive,V4_CAUSAL_7_EXPERTS_RIDGE_ANCHOR20,disabled,2010-01-21,neutral,0.01777617462664606,-0.018573975957616395,0.014014949792410691,0.16071428571428573,0.08038001553475392,0.36607142857142855,0.6696428571428571,2010-01-19,2009-12-28,"{""long_momentum"": 0.125, ""mean_reversion"": 0.125, ""medium_momentum"": 0.125, ""ridge"": 0.125, ""risk_adjusted"": 0.125, ""short_momentum"": 0.125, ""trend"": 0.125, ""volume_momentum"": 0.125}",0.058900090342979425,0.25,-0.08985127000638374,0.06078734534943751,3037.TW,2010-01-21,2010-01-22
0.0430502332070668,381000,0,0.019438066279361732,0.019438066279361732,0.2118922737048605,D-1 estimated accounting; fill-day constraints require ledger audit,adaptive,V4_CAUSAL_7_EXPERTS_RIDGE_ANCHOR20,disabled,2010-01-21,neutral,0.01777617462664606,-0.018573975957616395,0.014014949792410691,0.16071428571428573,0.08038001553475392,0.36607142857142855,0.6696428571428571,2010-01-19,2009-12-28,"{""long_momentum"": 0.125, ""mean_reversion"": 0.125, ""medium_momentum"": 0.125, ""ridge"": 0.125, ""risk_adjusted"": 0.125, ""short_momentum"": 0.125, ""trend"": 0.125, ""volume_momentum"": 0.125}",0.06206131092327607,0.75,-0.07772353470872474,0.09433327878270595,3044.TW,2010-01-21,2010-01-22
0.04068985715085297,365000,0,0.006529525232457752,0.006529525232457752,0.12460774105877369,D-1 estimated accounting; fill-day constraints require ledger audit,adaptive,V4_CAUSAL_7_EXPERTS_RIDGE_ANCHOR20,disabled,2010-01-21,neutral,0.01777617462664606,-0.018573975957616395,0.014014949792410691,0.16071428571428573,0.08038001553475392,0.36607142857142855,0.6696428571428571,2010-01-19,2009-12-28,"{""long_momentum"": 0.125, ""mean_reversion"": 0.125, ""medium_momentum"": 0.125, ""ridge"": 0.125, ""risk_adjusted"": 0.125, ""short_momentum"": 0.125, ""trend"": 0.125, ""volume_momentum"": 0.125}",0.05786539237755429,0.75,-0.07337417161529597,0.06416683359546922,3211.TWO,2010-01-21,2010-01-22
0.03733057824653837,394000,0,0.005100002015159548,0.005100002015159548,0.03636972986392329,D-1 estimated accounting; fill-day constraints require ledger audit,adaptive,V4_CAUSAL_7_EXPERTS_RIDGE_ANCHOR20,disabled,2010-01-21,neutral,0.01777617462664606,-0.018573975957616395,0.014014949792410691,0.16071428571428573,0.08038001553475392,0.36607142857142855,0.6696428571428571,2010-01-19,2009-12-28,"{""long_momentum"": 0.125, ""mean_reversion"": 0.125, ""medium_momentum"": 0.125, ""ridge"": 0.125, ""risk_adjusted"": 0.125, ""short_momentum"": 0.125, ""trend"": 0.125, ""volume_momentum"": 0.125}",0.059325878057008494,0.25,-0.08322587179587652,0.07115948734145336,3260.TWO,2010-01-21,2010-01-22
0.043862714672573695,1943000,0,0.03058048337325154,0.03058048337325154,0.32400108529758365,D-1 estimated accounting; fill-day constraints require ledger audit,adaptive,V4_CAUSAL_7_EXPERTS_RIDGE_ANCHOR20,disabled,2010-01-21,neutral,0.01777617462664606,-0.018573975957616395,0.014014949792410691,0.16071428571428573,0.08038001553475392,0.36607142857142855,0.6696428571428571,2010-01-19,2009-12-28,"{""long_momentum"": 0.125, ""mean_reversion"": 0.125, ""medium_momentum"": 0.125, ""ridge"": 0.125, ""risk_adjusted"": 0.125, ""short_momentum"": 0.125, ""trend"": 0.125, ""volume_momentum"": 0.125}",0.06050846312827205,0.875,-0.06203531893629514,0.10092989719805595,3264.TWO,2010-01-21,2010-01-22
0.0442087378577466,1768000,0,0.03098471729659688,0.03098471729659688,0.27522737570323114,D-1 estimated accounting; fill-day constraints require ledger audit,adaptive,V4_CAUSAL_7_EXPERTS_RIDGE_ANCHOR20,disabled,2010-01-21,neutral,0.01777617462664606,-0.018573975957616395,0.014014949792410691,0.16071428571428573,0.08038001553475392,0.36607142857142855,0.6696428571428571,2010-01-19,2009-12-28,"{""long_momentum"": 0.125, ""mean_reversion"": 0.125, ""medium_momentum"": 0.125, ""ridge"": 0.125, ""risk_adjusted"": 0.125, ""short_momentum"": 0.125, ""trend"": 0.125, ""volume_momentum"": 0.125}",0.06207434351989884,0.75,-0.06621171234658246,0.10591475845503398,3324.TWO,2010-01-21,2010-01-22
0.040589916263061736,232000,0,0.03137071942321009,0.03137071942321009,0.27157949693030775,D-1 estimated accounting; fill-day constraints require ledger audit,adaptive,V4_CAUSAL_7_EXPERTS_RIDGE_ANCHOR20,disabled,2010-01-21,neutral,0.01777617462664606,-0.018573975957616395,0.014014949792410691,0.16071428571428573,0.08038001553475392,0.36607142857142855,0.6696428571428571,2010-01-19,2009-12-28,"{""long_momentum"": 0.125, ""mean_reversion"": 0.125, ""medium_momentum"": 0.125, ""ridge"": 0.125, ""risk_adjusted"": 0.125, ""short_momentum"": 0.125, ""trend"": 0.125, ""volume_momentum"": 0.125}",0.06407147107988083,0.75,-0.07072821459674,0.11120326495841792,3533.TW,2010-01-21,2010-01-22
0.043862714672573695,2564000,0,0.01966096056468729,0.01966096056468729,0.21867044827973656,D-1 estimated accounting; fill-day constraints require ledger audit,adaptive,V4_CAUSAL_7_EXPERTS_RIDGE_ANCHOR20,disabled,2010-01-21,neutral,0.01777617462664606,-0.018573975957616395,0.014014949792410691,0.16071428571428573,0.08038001553475392,0.36607142857142855,0.6696428571428571,2010-01-19,2009-12-28,"{""long_momentum"": 0.125, ""mean_reversion"": 0.125, ""medium_momentum"": 0.125, ""ridge"": 0.125, ""risk_adjusted"": 0.125, ""short_momentum"": 0.125, ""trend"": 0.125, ""volume_momentum"": 0.125}",0.05992166396926261,0.75,-0.07095423961578677,0.08800977226041909,5347.TWO,2010-01-21,2010-01-22
0.03748914268800361,913000,0,0.004165200934149687,0.004165200934149687,0.0,D-1 estimated accounting; fill-day constraints require ledger audit,adaptive,V4_CAUSAL_7_EXPERTS_RIDGE_ANCHOR20,disabled,2010-01-21,neutral,0.01777617462664606,-0.018573975957616395,0.014014949792410691,0.16071428571428573,0.08038001553475392,0.36607142857142855,0.6696428571428571,2010-01-19,2009-12-28,"{""long_momentum"": 0.125, ""mean_reversion"": 0.125, ""medium_momentum"": 0.125, ""ridge"": 0.125, ""risk_adjusted"": 0.125, ""short_momentum"": 0.125, ""trend"": 0.125, ""volume_momentum"": 0.125}",0.06788614884253812,0.0,-0.10578198029394777,0.09184599367750487,6023.TWO,2010-01-21,2010-01-22
0.044168812105611265,379000,0,0.02343132606314515,0.02343132606314515,0.23632873555435355,D-1 estimated accounting; fill-day constraints require ledger audit,adaptive,V4_CAUSAL_7_EXPERTS_RIDGE_ANCHOR20,disabled,2010-01-21,neutral,0.01777617462664606,-0.018573975957616395,0.014014949792410691,0.16071428571428573,0.08038001553475392,0.36607142857142855,0.6696428571428571,2010-01-19,2009-12-28,"{""long_momentum"": 0.125, ""mean_reversion"": 0.125, ""medium_momentum"": 0.125, ""ridge"": 0.125, ""risk_adjusted"": 0.125, ""short_momentum"": 0.125, ""trend"": 0.125, ""volume_momentum"": 0.125}",0.06179678139632479,0.75,-0.0730133161637502,0.09760957980529825,6239.TW,2010-01-21,2010-01-22
0.04520384548226037,2938000,0,0.02869109263316809,0.02869109263316809,0.22605025509309212,D-1 estimated accounting; fill-day constraints require ledger audit,adaptive,V4_CAUSAL_7_EXPERTS_RIDGE_ANCHOR20,disabled,2010-01-21,neutral,0.01777617462664606,-0.018573975957616395,0.014014949792410691,0.16071428571428573,0.08038001553475392,0.36607142857142855,0.6696428571428571,2010-01-19,2009-12-28,"{""long_momentum"": 0.125, ""mean_reversion"": 0.125, ""medium_momentum"": 0.125, ""ridge"": 0.125, ""risk_adjusted"": 0.125, ""short_momentum"": 0.125, ""trend"": 0.125, ""volume_momentum"": 0.125}",0.07809077403391466,0.75,-0.09803733579395475,0.13315313257554867,6274.TWO,2010-01-21,2010-01-22
0.036951814932554866,151000,0,-0.007465135192119401,-0.007465135192119401,0.036457534672173046,D-1 estimated accounting; fill-day constraints require ledger audit,adaptive,V4_CAUSAL_7_EXPERTS_RIDGE_ANCHOR20,disabled,2010-01-21,neutral,0.01777617462664606,-0.018573975957616395,0.014014949792410691,0.16071428571428573,0.08038001553475392,0.36607142857142855,0.6696428571428571,2010-01-19,2009-12-28,"{""long_momentum"": 0.125, ""mean_reversion"": 0.125, ""medium_momentum"": 0.125, ""ridge"": 0.125, ""risk_adjusted"": 0.125, ""short_momentum"": 0.125, ""trend"": 0.125, ""volume_momentum"": 0.125}",0.07301195002638325,0.25,-0.1263381753788959,0.08914151650991486,8299.TWO,2010-01-21,2010-01-22
0.04315987719201173,2243000,0,0.027298685411001153,0.027298685411001153,0.2646675036245407,D-1 estimated accounting; fill-day constraints require ledger audit,adaptive,V4_CAUSAL_7_EXPERTS_RIDGE_ANCHOR20,disabled,2010-01-22,risk_off,0.01827632654473195,-0.05005755437870424,-0.01095386413567373,0.08928571428571429,0.07709249784151878,0.23214285714285715,0.42857142857142855,2010-01-19,2009-12-28,"{""long_momentum"": 0.125, ""mean_reversion"": 0.125, ""medium_momentum"": 0.125, ""ridge"": 0.125, ""risk_adjusted"": 0.125, ""short_momentum"": 0.125, ""trend"": 0.125, ""volume_momentum"": 0.125}",0.0592275266343402,0.75,-0.060615653815817294,0.09294663615307734,1815.TWO,2010-01-22,2010-01-25
0.03559716345441912,3544000,0,0.003016797016470066,0.003016797016470066,0.020951076081212248,D-1 estimated accounting; fill-day constraints require ledger audit,adaptive,V4_CAUSAL_7_EXPERTS_RIDGE_ANCHOR20,disabled,2010-01-22,risk_off,0.01827632654473195,-0.05005755437870424,-0.01095386413567373,0.08928571428571429,0.07709249784151878,0.23214285714285715,0.42857142857142855,2010-01-19,2009-12-28,"{""long_momentum"": 0.125, ""mean_reversion"": 0.125, ""medium_momentum"": 0.125, ""ridge"": 0.125, ""risk_adjusted"": 0.125, ""short_momentum"": 0.125, ""trend"": 0.125, ""volume_momentum"": 0.125}",0.08764412494995676,0.25,-0.13703150781899978,0.12079871336719765,2313.TW,2010-01-22,2010-01-25
0.041239154005088804,3528000,0,-0.0007447474537183164,-0.0007447474537183164,0.0,D-1 estimated accounting; fill-day constraints require ledger audit,adaptive,V4_CAUSAL_7_EXPERTS_RIDGE_ANCHOR20,disabled,2010-01-22,risk_off,0.01827632654473195,-0.05005755437870424,-0.01095386413567373,0.08928571428571429,0.07709249784151878,0.23214285714285715,0.42857142857142855,2010-01-19,2009-12-28,"{""long_momentum"": 0.125, ""mean_reversion"": 0.125, ""medium_momentum"": 0.125, ""ridge"": 0.125, ""risk_adjusted"": 0.125, ""short_momentum"": 0.125, ""trend"": 0.125, ""volume_momentum"": 0.125}",0.06429677437323808,0.0,-0.10335287174670983,0.07959698835453094,2327.TW,2010-01-22,2010-01-25
0.04164110389793925,2255000,0,0.009195672640975958,0.009195672640975958,0.14741090874766752,D-1 estimated accounting; fill-day constraints require ledger audit,adaptive,V4_CAUSAL_7_EXPERTS_RIDGE_ANCHOR20,disabled,2010-01-22,risk_off,0.01827632654473195,-0.05005755437870424,-0.01095386413567373,0.08928571428571429,0.07709249784151878,0.23214285714285715,0.42857142857142855,2010-01-19,2009-12-28,"{""long_momentum"": 0.125, ""mean_reversion"": 0.125, ""medium_momentum"": 0.125, ""ridge"": 0.125, ""risk_adjusted"": 0.125, ""short_momentum"": 0.125, ""trend"": 0.125, ""volume_momentum"": 0.125}",0.05802933818883099,0.75,-0.0721338692972079,0.06825882609441755,2337.TW,2010-01-22,2010-01-25
0.03566230803853282,4225000,0,-0.0004502959663186361,-0.0004502959663186361,0.0,D-1 estimated accounting; fill-day constraints require ledger audit,adaptive,V4_CAUSAL_7_EXPERTS_RIDGE_ANCHOR20,disabled,2010-01-22,risk_off,0.01827632654473195,-0.05005755437870424,-0.01095386413567373,0.08928571428571429,0.07709249784151878,0.23214285714285715,0.42857142857142855,2010-01-19,2009-12-28,"{""long_momentum"": 0.125, ""mean_reversion"": 0.125, ""medium_momentum"": 0.125, ""ridge"": 0.125, ""risk_adjusted"": 0.125, ""short_momentum"": 0.125, ""trend"": 0.125, ""volume_momentum"": 0.125}",0.08757171500594176,0.0,-0.14040255209215458,0.11723557167477505,2344.TW,2010-01-22,2010-01-25
0.038986321173664684,2654000,0,0.00480915251691119,0.00480915251691119,0.0,D-1 estimated accounting; fill-day constraints require ledger audit,adaptive,V4_CAUSAL_7_EXPERTS_RIDGE_ANCHOR20,disabled,2010-01-22,risk_off,0.01827632654473195,-0.05005755437870424,-0.01095386413567373,0.08928571428571429,0.07709249784151878,0.23214285714285715,0.42857142857142855,2010-01-19,2009-12-28,"{""long_momentum"": 0.125, ""mean_reversion"": 0.125, ""medium_momentum"": 0.125, ""ridge"": 0.125, ""risk_adjusted"": 0.125, ""short_momentum"": 0.125, ""trend"": 0.125, ""volume_momentum"": 0.125}",0.08042162688229709,0.0,-0.1253107414245647,0.11266265797364482,2345.TW,2010-01-22,2010-01-25
0.0430277987067959,1316000,0,0.014558673178209086,0.014558673178209086,0.16865409914064458,D-1 estimated accounting; fill-day constraints require ledger audit,adaptive,V4_CAUSAL_7_EXPERTS_RIDGE_ANCHOR20,disabled,2010-01-22,risk_off,0.01827632654473195,-0.05005755437870424,-0.01095386413567373,0.08928571428571429,0.07709249784151878,0.23214285714285715,0.42857142857142855,2010-01-19,2009-12-28,"{""long_momentum"": 0.125, ""mean_reversion"": 0.125, ""medium_momentum"": 0.125, ""ridge"": 0.125, ""risk_adjusted"": 0.125, ""short_momentum"": 0.125, ""trend"": 0.125, ""volume_momentum"": 0.125}",0.0674181922427967,0.75,-0.09449793343533845,0.10134889130701435,2376.TW,2010-01-22,2010-01-25
0.037737264144135335,1262000,0,0.002116156087508609,0.002116156087508609,0.0,D-1 estimated accounting; fill-day constraints require ledger audit,adaptive,V4_CAUSAL_7_EXPERTS_RIDGE_ANCHOR20,disabled,2010-01-22,risk_off,0.01827632654473195,-0.05005755437870424,-0.01095386413567373,0.08928571428571429,0.07709249784151878,0.23214285714285715,0.42857142857142855,2010-01-19,2009-12-28,"{""long_momentum"": 0.125, ""mean_reversion"": 0.125, ""medium_momentum"": 0.125, ""ridge"": 0.125, ""risk_adjusted"": 0.125, ""short_momentum"": 0.125, ""trend"": 0.125, ""volume_momentum"": 0.125}",0.09895234158408032,0.0,-0.15232711670922755,0.13429304039950252,2408.TW,2010-01-22,2010-01-25
0.0466228778513668,2715000,0,0.03257264671080651,0.03257264671080651,0.28132329731881073,D-1 estimated accounting; fill-day constraints require ledger audit,adaptive,V4_CAUSAL_7_EXPERTS_RIDGE_ANCHOR20,disabled,2010-01-22,risk_off,0.01827632654473195,-0.05005755437870424,-0.01095386413567373,0.08928571428571429,0.07709249784151878,0.23214285714285715,0.42857142857142855,2010-01-19,2009-12-28,"{""long_momentum"": 0.125, ""mean_reversion"": 0.125, ""medium_momentum"": 0.125, ""ridge"": 0.125, ""risk_adjusted"": 0.125, ""short_momentum"": 0.125, ""trend"": 0.125, ""volume_momentum"": 0.125}",0.06259497289863653,0.75,-0.06598046608875664,0.1088593710256274,2449.TW,2010-01-22,2010-01-25
0.037571183464702826,3200000,0,-0.014343202316654197,-0.014343202316654197,0.10088856761108703,D-1 estimated accounting; fill-day constraints require ledger audit,adaptive,V4_CAUSAL_7_EXPERTS_RIDGE_ANCHOR20,disabled,2010-01-22,risk_off,0.01827632654473195,-0.05005755437870424,-0.01095386413567373,0.08928571428571429,0.07709249784151878,0.23214285714285715,0.42857142857142855,2010-01-19,2009-12-28,"{""long_momentum"": 0.125, ""mean_reversion"": 0.125, ""medium_momentum"": 0.125, ""ridge"": 0.125, ""risk_adjusted"": 0.125, ""short_momentum"": 0.125, ""trend"": 0.125, ""volume_momentum"": 0.125}",0.0765209910933457,0.5,-0.13871976261944388,0.08776696950139322,2890.TW,2010-01-22,2010-01-25
0.037305940492630786,889000,0,-0.0054121765603460485,-0.0054121765603460485,0.02637976926228491,D-1 estimated accounting; fill-day constraints require ledger audit,adaptive,V4_CAUSAL_7_EXPERTS_RIDGE_ANCHOR20,disabled,2010-01-22,risk_off,0.01827632654473195,-0.05005755437870424,-0.01095386413567373,0.08928571428571429,0.07709249784151878,0.23214285714285715,0.42857142857142855,2010-01-19,2009-12-28,"{""long_momentum"": 0.125, ""mean_reversion"": 0.125, ""medium_momentum"": 0.125, ""ridge"": 0.125, ""risk_adjusted"": 0.125, ""short_momentum"": 0.125, ""trend"": 0.125, ""volume_momentum"": 0.125}",0.08826359706774546,0.25,-0.14627975247524022,0.11318901086980587,3037.TW,2010-01-22,2010-01-25
0.04162825287852808,381000,0,0.0074201359140667585,0.0074201359140667585,0.11606320847626617,D-1 estimated accounting; fill-day constraints require ledger audit,adaptive,V4_CAUSAL_7_EXPERTS_RIDGE_ANCHOR20,disabled,2010-01-22,risk_off,0.01827632654473195,-0.05005755437870424,-0.01095386413567373,0.08928571428571429,0.07709249784151878,0.23214285714285715,0.42857142857142855,2010-01-19,2009-12-28,"{""long_momentum"": 0.125, ""mean_reversion"": 0.125, ""medium_momentum"": 0.125, ""ridge"": 0.125, ""risk_adjusted"": 0.125, ""short_momentum"": 0.125, ""trend"": 0.125, ""volume_momentum"": 0.125}",0.06783873386769461,0.75,-0.10243753727967386,0.09501142062306511,3044.TW,2010-01-22,2010-01-25
0.04101647195444692,365000,0,0.0026966445426252553,0.0026966445426252553,0.04401076448535841,D-1 estimated accounting; fill-day constraints require ledger audit,adaptive,V4_CAUSAL_7_EXPERTS_RIDGE_ANCHOR20,disabled,2010-01-22,risk_off,0.01827632654473195,-0.05005755437870424,-0.01095386413567373,0.08928571428571429,0.07709249784151878,0.23214285714285715,0.42857142857142855,2010-01-19,2009-12-28,"{""long_momentum"": 0.125, ""mean_reversion"": 0.125, ""medium_momentum"": 0.125, ""ridge"": 0.125, ""risk_adjusted"": 0.125, ""short_momentum"": 0.125, ""trend"": 0.125, ""volume_momentum"": 0.125}",0.05788371374550836,0.375,-0.07738267052801442,0.060509571128522656,3211.TWO,2010-01-22,2010-01-25
0.03757922504827803,394000,0,-0.005208449907941796,-0.005208449907941796,0.03678533288562215,D-1 estimated accounting; fill-day constraints require ledger audit,adaptive,V4_CAUSAL_7_EXPERTS_RIDGE_ANCHOR20,disabled,2010-01-22,risk_off,0.01827632654473195,-0.05005755437870424,-0.01095386413567373,0.08928571428571429,0.07709249784151878,0.23214285714285715,0.42857142857142855,2010-01-19,2009-12-28,"{""long_momentum"": 0.125, ""mean_reversion"": 0.125, ""medium_momentum"": 0.125, ""ridge"": 0.125, ""risk_adjusted"": 0.125, ""short_momentum"": 0.125, ""trend"": 0.125, ""volume_momentum"": 0.125}",0.05917008432799449,0.25,-0.0928770467006395,0.06019375840001365,3260.TWO,2010-01-22,2010-01-25
0.04422302108358066,1943000,0,0.030538364871969943,0.030538364871969943,0.27054195392437996,D-1 estimated accounting; fill-day constraints require ledger audit,adaptive,V4_CAUSAL_7_EXPERTS_RIDGE_ANCHOR20,disabled,2010-01-22,risk_off,0.01827632654473195,-0.05005755437870424,-0.01095386413567373,0.08928571428571429,0.07709249784151878,0.23214285714285715,0.42857142857142855,2010-01-19,2009-12-28,"{""long_momentum"": 0.125, ""mean_reversion"": 0.125, ""medium_momentum"": 0.125, ""ridge"": 0.125, ""risk_adjusted"": 0.125, ""short_momentum"": 0.125, ""trend"": 0.125, ""volume_momentum"": 0.125}",0.06298156250841536,0.75,-0.0689824581484915,0.10779279940768911,3264.TWO,2010-01-22,2010-01-25
0.04389928916601953,1768000,0,0.035208581798814045,0.035208581798814045,0.25637605468936026,D-1 estimated accounting; fill-day constraints require ledger audit,adaptive,V4_CAUSAL_7_EXPERTS_RIDGE_ANCHOR20,disabled,2010-01-22,risk_off,0.01827632654473195,-0.05005755437870424,-0.01095386413567373,0.08928571428571429,0.07709249784151878,0.23214285714285715,0.42857142857142855,2010-01-19,2009-12-28,"{""long_momentum"": 0.125, ""mean_reversion"": 0.125, ""medium_momentum"": 0.125, ""ridge"": 0.125, ""risk_adjusted"": 0.125, ""short_momentum"": 0.125, ""trend"": 0.125, ""volume_momentum"": 0.125}",0.07741720968022942,0.75,-0.09051796086361956,0.1386687359765054,3324.TWO,2010-01-22,2010-01-25
0.040880204605761056,232000,0,0.0210640185420738,0.0210640185420738,0.218401160425171,D-1 estimated accounting; fill-day constraints require ledger audit,adaptive,V4_CAUSAL_7_EXPERTS_RIDGE_ANCHOR20,disabled,2010-01-22,risk_off,0.01827632654473195,-0.05005755437870424,-0.01095386413567373,0.08928571428571429,0.07709249784151878,0.23214285714285715,0.42857142857142855,2010-01-19,2009-12-28,"{""long_momentum"": 0.125, ""mean_reversion"": 0.125, ""medium_momentum"": 0.125, ""ridge"": 0.125, ""risk_adjusted"": 0.125, ""short_momentum"": 0.125, ""trend"": 0.125, ""volume_momentum"": 0.125}",0.06344106407058442,0.75,-0.07956868579370363,0.09943033439310897,3533.TW,2010-01-22,2010-01-25
0.041775768101346464,2564000,0,0.006901269612678075,0.006901269612678075,0.0691139160575915,D-1 estimated accounting; fill-day constraints require ledger audit,adaptive,V4_CAUSAL_7_EXPERTS_RIDGE_ANCHOR20,disabled,2010-01-22,risk_off,0.01827632654473195,-0.05005755437870424,-0.01095386413567373,0.08928571428571429,0.07709249784151878,0.23214285714285715,0.42857142857142855,2010-01-19,2009-12-28,"{""long_momentum"": 0.125, ""mean_reversion"": 0.125, ""medium_momentum"": 0.125, ""ridge"": 0.125, ""risk_adjusted"": 0.125, ""short_momentum"": 0.125, ""trend"": 0.125, ""volume_momentum"": 0.125}",0.0741976688613113,0.5,-0.11387439648220377,0.10541054722281766,5347.TWO,2010-01-22,2010-01-25
0.03750941065711069,913000,0,-0.00024228226563906925,-0.00024228226563906925,0.0,D-1 estimated accounting; fill-day constraints require ledger audit,adaptive,V4_CAUSAL_7_EXPERTS_RIDGE_ANCHOR20,disabled,2010-01-22,risk_off,0.01827632654473195,-0.05005755437870424,-0.01095386413567373,0.08928571428571429,0.07709249784151878,0.23214285714285715,0.42857142857142855,2010-01-19,2009-12-28,"{""long_momentum"": 0.125, ""mean_reversion"": 0.125, ""medium_momentum"": 0.125, ""ridge"": 0.125, ""risk_adjusted"": 0.125, ""short_momentum"": 0.125, ""trend"": 0.125, ""volume_momentum"": 0.125}",0.06908810257132518,0.0,-0.11240812169144582,0.08965716867542543,6023.TWO,2010-01-22,2010-01-25
0.04474637044551652,379000,0,0.015038553635659833,0.015038553635659833,0.18038182921864243,D-1 estimated accounting; fill-day constraints require ledger audit,adaptive,V4_CAUSAL_7_EXPERTS_RIDGE_ANCHOR20,disabled,2010-01-22,risk_off,0.01827632654473195,-0.05005755437870424,-0.01095386413567373,0.08928571428571429,0.07709249784151878,0.23214285714285715,0.42857142857142855,2010-01-19,2009-12-28,"{""long_momentum"": 0.125, ""mean_reversion"": 0.125, ""medium_momentum"": 0.125, ""ridge"": 0.125, ""risk_adjusted"": 0.125, ""short_momentum"": 0.125, ""trend"": 0.125, ""volume_momentum"": 0.125}",0.0632786812091437,0.75,-0.08520567932071468,0.09301639810729209,6239.TW,2010-01-22,2010-01-25
0.045284872116053886,2938000,0,0.019177319568300873,0.019177319568300873,0.18801615692827614,D-1 estimated accounting; fill-day constraints require ledger audit,adaptive,V4_CAUSAL_7_EXPERTS_RIDGE_ANCHOR20,disabled,2010-01-22,risk_off,0.01827632654473195,-0.05005755437870424,-0.01095386413567373,0.08928571428571429,0.07709249784151878,0.23214285714285715,0.42857142857142855,2010-01-19,2009-12-28,"{""long_momentum"": 0.125, ""mean_reversion"": 0.125, ""medium_momentum"": 0.125, ""ridge"": 0.125, ""risk_adjusted"": 0.125, ""short_momentum"": 0.125, ""trend"": 0.125, ""volume_momentum"": 0.125}",0.07226646469191553,0.75,-0.09847356669203934,0.11456181734389884,6274.TWO,2010-01-22,2010-01-25
0.0379200744202661,151000,0,-0.010001063002152595,-0.010001063002152595,0.04887651161460387,D-1 estimated accounting; fill-day constraints require ledger audit,adaptive,V4_CAUSAL_7_EXPERTS_RIDGE_ANCHOR20,disabled,2010-01-22,risk_off,0.01827632654473195,-0.05005755437870424,-0.01095386413567373,0.08928571428571429,0.07709249784151878,0.23214285714285715,0.42857142857142855,2010-01-19,2009-12-28,"{""long_momentum"": 0.125, ""mean_reversion"": 0.125, ""medium_momentum"": 0.125, ""ridge"": 0.125, ""risk_adjusted"": 0.125, ""short_momentum"": 0.125, ""trend"": 0.125, ""volume_momentum"": 0.125}",0.0617283439594032,0.25,-0.1062569764029968,0.06398846191394936,8299.TWO,2010-01-22,2010-01-25
0.041125890543547296,2243000,0,0.019467354751236097,0.019467354751236097,0.1209562366866558,D-1 estimated accounting; fill-day constraints require ledger audit,adaptive,V4_CAUSAL_7_EXPERTS_RIDGE_ANCHOR20,disabled,2010-01-25,risk_off,0.018605057616425773,-0.05830899517362875,-0.018315018826859042,0.05405405405405406,0.06551017527629875,0.17117117117117117,0.3963963963963964,2010-01-19,2009-12-28,"{""long_momentum"": 0.125, ""mean_reversion"": 0.125, ""medium_momentum"": 0.125, ""ridge"": 0.125, ""risk_adjusted"": 0.125, ""short_momentum"": 0.125, ""trend"": 0.125, ""volume_momentum"": 0.125}",0.07667399778034197,0.5,-0.10514110533455576,0.1218094263522857,1815.TWO,2010-01-25,2010-01-26
0.03601454295537083,3544000,0,-0.00013407252362646277,-0.00013407252362646277,0.014324100130149535,D-1 estimated accounting; fill-day constraints require ledger audit,adaptive,V4_CAUSAL_7_EXPERTS_RIDGE_ANCHOR20,disabled,2010-01-25,risk_off,0.018605057616425773,-0.05830899517362875,-0.018315018826859042,0.05405405405405406,0.06551017527629875,0.17117117117117117,0.3963963963963964,2010-01-19,2009-12-28,"{""long_momentum"": 0.125, ""mean_reversion"": 0.125, ""medium_momentum"": 0.125, ""ridge"": 0.125, ""risk_adjusted"": 0.125, ""short_momentum"": 0.125, ""trend"": 0.125, ""volume_momentum"": 0.125}",0.08447142584936046,0.25,-0.1359135402694206,0.1133790067374254,2313.TW,2010-01-25,2010-01-26
0.04416815109441839,3528000,0,0.007089696755801678,0.007089696755801678,0.1252882430909077,D-1 estimated accounting; fill-day constraints require ledger audit,adaptive,V4_CAUSAL_7_EXPERTS_RIDGE_ANCHOR20,disabled,2010-01-25,risk_off,0.018605057616425773,-0.05830899517362875,-0.018315018826859042,0.05405405405405406,0.06551017527629875,0.17117117117117117,0.3963963963963964,2010-01-19,2009-12-28,"{""long_momentum"": 0.125, ""mean_reversion"": 0.125, ""medium_momentum"": 0.125, ""ridge"": 0.125, ""risk_adjusted"": 0.125, ""short_momentum"": 0.125, ""trend"": 0.125, ""volume_momentum"": 0.125}",0.0602815995698412,0.75,-0.08477687941919446,0.07668988444605557,2327.TW,2010-01-25,2010-01-26
0.042881567629548784,2255000,0,0.013365986575293,0.013365986575293,0.24094747876315661,D-1 estimated accounting; fill-day constraints require ledger audit,adaptive,V4_CAUSAL_7_EXPERTS_RIDGE_ANCHOR20,disabled,2010-01-25,risk_off,0.018605057616425773,-0.05830899517362875,-0.018315018826859042,0.05405405405405406,0.06551017527629875,0.17117117117117117,0.3963963963963964,2010-01-19,2009-12-28,"{""long_momentum"": 0.125, ""mean_reversion"": 0.125, ""medium_momentum"": 0.125, ""ridge"": 0.125, ""risk_adjusted"": 0.125, ""short_momentum"": 0.125, ""trend"": 0.125, ""volume_momentum"": 0.125}",0.057858038135694574,1.0,-0.06646575714892296,0.07093134181476671,2337.TW,2010-01-25,2010-01-26
0.03691436052344922,4225000,0,-0.0006848612993770925,-0.0006848612993770925,0.01695611477750646,D-1 estimated accounting; fill-day constraints require ledger audit,adaptive,V4_CAUSAL_7_EXPERTS_RIDGE_ANCHOR20,disabled,2010-01-25,risk_off,0.018605057616425773,-0.05830899517362875,-0.018315018826859042,0.05405405405405406,0.06551017527629875,0.17117117117117117,0.3963963963963964,2010-01-19,2009-12-28,"{""long_momentum"": 0.125, ""mean_reversion"": 0.125, ""medium_momentum"": 0.125, ""ridge"": 0.125, ""risk_adjusted"": 0.125, ""short_momentum"": 0.125, ""trend"": 0.125, ""volume_momentum"": 0.125}",0.07813241308765528,0.25,-0.12747488357573863,0.1038387724922422,2344.TW,2010-01-25,2010-01-26
0.03920604509318049,2654000,0,0.0013781661495421628,0.0013781661495421628,0.0,D-1 estimated accounting; fill-day constraints require ledger audit,adaptive,V4_CAUSAL_7_EXPERTS_RIDGE_ANCHOR20,disabled,2010-01-25,risk_off,0.018605057616425773,-0.05830899517362875,-0.018315018826859042,0.05405405405405406,0.06551017527629875,0.17117117117117117,0.3963963963963964,2010-01-19,2009-12-28,"{""long_momentum"": 0.125, ""mean_reversion"": 0.125, ""medium_momentum"": 0.125, ""ridge"": 0.125, ""risk_adjusted"": 0.125, ""short_momentum"": 0.125, ""trend"": 0.125, ""volume_momentum"": 0.125}",0.08108874031902363,0.0,-0.12969284438039558,0.11018278819473763,2345.TW,2010-01-25,2010-01-26
0.04288766927716357,1316000,0,0.009454311097880246,0.009454311097880246,0.12870272390086618,D-1 estimated accounting; fill-day constraints require ledger audit,adaptive,V4_CAUSAL_7_EXPERTS_RIDGE_ANCHOR20,disabled,2010-01-25,risk_off,0.018605057616425773,-0.05830899517362875,-0.018315018826859042,0.05405405405405406,0.06551017527629875,0.17117117117117117,0.3963963963963964,2010-01-19,2009-12-28,"{""long_momentum"": 0.125, ""mean_reversion"": 0.125, ""medium_momentum"": 0.125, ""ridge"": 0.125, ""risk_adjusted"": 0.125, ""short_momentum"": 0.125, ""trend"": 0.125, ""volume_momentum"": 0.125}",0.06977648833539599,0.75,-0.10394251398051413,0.10058474769153236,2376.TW,2010-01-25,2010-01-26
0.0374256209814452,1262000,0,-0.0023218749412351703,-0.0023218749412351703,0.015480748338150094,D-1 estimated accounting; fill-day constraints require ledger audit,adaptive,V4_CAUSAL_7_EXPERTS_RIDGE_ANCHOR20,disabled,2010-01-25,risk_off,0.018605057616425773,-0.05830899517362875,-0.018315018826859042,0.05405405405405406,0.06551017527629875,0.17117117117117117,0.3963963963963964,2010-01-19,2009-12-28,"{""long_momentum"": 0.125, ""mean_reversion"": 0.125, ""medium_momentum"": 0.125, ""ridge"": 0.125, ""risk_adjusted"": 0.125, ""short_momentum"": 0.125, ""trend"": 0.125, ""volume_momentum"": 0.125}",0.11091974331425082,0.25,-0.17109221983460066,0.14418208146738803,2408.TW,2010-01-25,2010-01-26
0.04593815264928379,2715000,0,0.02090108267324631,0.02090108267324631,0.1864964651003633,D-1 estimated accounting; fill-day constraints require ledger audit,adaptive,V4_CAUSAL_7_EXPERTS_RIDGE_ANCHOR20,disabled,2010-01-25,risk_off,0.018605057616425773,-0.05830899517362875,-0.018315018826859042,0.05405405405405406,0.06551017527629875,0.17117117117117117,0.3963963963963964,2010-01-19,2009-12-28,"{""long_momentum"": 0.125, ""mean_reversion"": 0.125, ""medium_momentum"": 0.125, ""ridge"": 0.125, ""risk_adjusted"": 0.125, ""short_momentum"": 0.125, ""trend"": 0.125, ""volume_momentum"": 0.125}",0.07826074149044875,0.75,-0.10607852280892321,0.12561429967067358,2449.TW,2010-01-25,2010-01-26
0.03704514528103627,3200000,0,-0.02081454103514282,-0.02081454103514282,0.12189498081968124,D-1 estimated accounting; fill-day constraints require ledger audit,adaptive,V4_CAUSAL_7_EXPERTS_RIDGE_ANCHOR20,disabled,2010-01-25,risk_off,0.018605057616425773,-0.05830899517362875,-0.018315018826859042,0.05405405405405406,0.06551017527629875,0.17117117117117117,0.3963963963963964,2010-01-19,2009-12-28,"{""long_momentum"": 0.125, ""mean_reversion"": 0.125, ""medium_momentum"": 0.125, ""ridge"": 0.125, ""risk_adjusted"": 0.125, ""short_momentum"": 0.125, ""trend"": 0.125, ""volume_momentum"": 0.125}",0.08007390843813848,0.5,-0.15043541304767982,0.0865399424926519,2890.TW,2010-01-25,2010-01-26
0.0375493299227854,889000,0,-0.009487076576718689,-0.009487076576718689,0.07512946721599385,D-1 estimated accounting; fill-day constraints require ledger audit,adaptive,V4_CAUSAL_7_EXPERTS_RIDGE_ANCHOR20,disabled,2010-01-25,risk_off,0.018605057616425773,-0.05830899517362875,-0.018315018826859042,0.05405405405405406,0.06551017527629875,0.17117117117117117,0.3963963963963964,2010-01-19,2009-12-28,"{""long_momentum"": 0.125, ""mean_reversion"": 0.125, ""medium_momentum"": 0.125, ""ridge"": 0.125, ""risk_adjusted"": 0.125, ""short_momentum"": 0.125, ""trend"": 0.125, ""volume_momentum"": 0.125}",0.0819270011051381,0.5,-0.14174203703054522,0.1005014953923656,3037.TW,2010-01-25,2010-01-26
0.040561291734213106,381000,0,-0.000528789098198259,-0.000528789098198259,0.014673466760245378,D-1 estimated accounting; fill-day constraints require ledger audit,adaptive,V4_CAUSAL_7_EXPERTS_RIDGE_ANCHOR20,disabled,2010-01-25,risk_off,0.018605057616425773,-0.05830899517362875,-0.018315018826859042,0.05405405405405406,0.06551017527629875,0.17117117117117117,0.3963963963963964,2010-01-19,2009-12-28,"{""long_momentum"": 0.125, ""mean_reversion"": 0.125, ""medium_momentum"": 0.125, ""ridge"": 0.125, ""risk_adjusted"": 0.125, ""short_momentum"": 0.125, ""trend"": 0.125, ""volume_momentum"": 0.125}",0.08866826038804401,0.25,-0.14192924343090718,0.11860527674976841,3044.TW,2010-01-25,2010-01-26
0.041157315338129906,365000,0,0.0028577534695961642,0.0028577534695961642,0.029685387325670103,D-1 estimated accounting; fill-day constraints require ledger audit,adaptive,V4_CAUSAL_7_EXPERTS_RIDGE_ANCHOR20,disabled,2010-01-25,risk_off,0.018605057616425773,-0.05830899517362875,-0.018315018826859042,0.05405405405405406,0.06551017527629875,0.17117117117117117,0.3963963963963964,2010-01-19,2009-12-28,"{""long_momentum"": 0.125, ""mean_reversion"": 0.125, ""medium_momentum"": 0.125, ""ridge"": 0.125, ""risk_adjusted"": 0.125, ""short_momentum"": 0.125, ""trend"": 0.125, ""volume_momentum"": 0.125}",0.05831751134496514,0.25,-0.08047311349304677,0.06392223194749684,3211.TWO,2010-01-25,2010-01-26
0.037232567993392716,394000,0,-0.0026630802971303385,-0.0026630802971303385,0.02611860357472425,D-1 estimated accounting; fill-day constraints require ledger audit,adaptive,V4_CAUSAL_7_EXPERTS_RIDGE_ANCHOR20,disabled,2010-01-25,risk_off,0.018605057616425773,-0.05830899517362875,-0.018315018826859042,0.05405405405405406,0.06551017527629875,0.17117117117117117,0.3963963963963964,2010-01-19,2009-12-28,"{""long_momentum"": 0.125, ""mean_reversion"": 0.125, ""medium_momentum"": 0.125, ""ridge"": 0.125, ""risk_adjusted"": 0.125, ""short_momentum"": 0.125, ""trend"": 0.125, ""volume_momentum"": 0.125}",0.06568579031923494,0.25,-0.10826522657155196,0.08067267749254904,3260.TWO,2010-01-25,2010-01-26
0.0444822942909292,1943000,0,0.018496710331833255,0.018496710331833255,0.20390776211225015,D-1 estimated accounting; fill-day constraints require ledger audit,adaptive,V4_CAUSAL_7_EXPERTS_RIDGE_ANCHOR20,disabled,2010-01-25,risk_off,0.018605057616425773,-0.05830899517362875,-0.018315018826859042,0.05405405405405406,0.06551017527629875,0.17117117117117117,0.3963963963963964,2010-01-19,2009-12-28,"{""long_momentum"": 0.125, ""mean_reversion"": 0.125, ""medium_momentum"": 0.125, ""ridge"": 0.125, ""risk_adjusted"": 0.125, ""short_momentum"": 0.125, ""trend"": 0.125, ""volume_momentum"": 0.125}",0.06292733045173353,0.75,-0.08089022519719394,0.09561725737611819,3264.TWO,2010-01-25,2010-01-26
0.041403188168409995,1768000,0,0.02520122022420796,0.02520122022420796,0.1533403161184361,D-1 estimated accounting; fill-day constraints require ledger audit,adaptive,V4_CAUSAL_7_EXPERTS_RIDGE_ANCHOR20,disabled,2010-01-25,risk_off,0.018605057616425773,-0.05830899517362875,-0.018315018826859042,0.05405405405405406,0.06551017527629875,0.17117117117117117,0.3963963963963964,2010-01-19,2009-12-28,"{""long_momentum"": 0.125, ""mean_reversion"": 0.125, ""medium_momentum"": 0.125, ""ridge"": 0.125, ""risk_adjusted"": 0.125, ""short_momentum"": 0.125, ""trend"": 0.125, ""volume_momentum"": 0.125}",0.1175154125670078,0.75,-0.15120676010921286,0.17934281207288655,3324.TWO,2010-01-25,2010-01-26
0.03860143204541112,232000,0,0.014347739805839255,0.014347739805839255,0.09492507862529388,D-1 estimated accounting; fill-day constraints require ledger audit,adaptive,V4_CAUSAL_7_EXPERTS_RIDGE_ANCHOR20,disabled,2010-01-25,risk_off,0.018605057616425773,-0.05830899517362875,-0.018315018826859042,0.05405405405405406,0.06551017527629875,0.17117117117117117,0.3963963963963964,2010-01-19,2009-12-28,"{""long_momentum"": 0.125, ""mean_reversion"": 0.125, ""medium_momentum"": 0.125, ""ridge"": 0.125, ""risk_adjusted"": 0.125, ""short_momentum"": 0.125, ""trend"": 0.125, ""volume_momentum"": 0.125}",0.08256284107559615,0.5,-0.11879739762962091,0.12522648875655715,3533.TW,2010-01-25,2010-01-26
0.04217485018671475,2564000,0,0.003742334178674256,0.003742334178674256,0.02135329297942479,D-1 estimated accounting; fill-day constraints require ledger audit,adaptive,V4_CAUSAL_7_EXPERTS_RIDGE_ANCHOR20,disabled,2010-01-25,risk_off,0.018605057616425773,-0.05830899517362875,-0.018315018826859042,0.05405405405405406,0.06551017527629875,0.17117117117117117,0.3963963963963964,2010-01-19,2009-12-28,"{""long_momentum"": 0.125, ""mean_reversion"": 0.125, ""medium_momentum"": 0.125, ""ridge"": 0.125, ""risk_adjusted"": 0.125, ""short_momentum"": 0.125, ""trend"": 0.125, ""volume_momentum"": 0.125}",0.09361113171412776,0.25,-0.1440358117385343,0.12925409161114057,5347.TWO,2010-01-25,2010-01-26
0.038084022802608475,913000,0,-0.004959174063762194,-0.004959174063762194,0.0,D-1 estimated accounting; fill-day constraints require ledger audit,adaptive,V4_CAUSAL_7_EXPERTS_RIDGE_ANCHOR20,disabled,2010-01-25,risk_off,0.018605057616425773,-0.05830899517362875,-0.018315018826859042,0.05405405405405406,0.06551017527629875,0.17117117117117117,0.3963963963963964,2010-01-19,2009-12-28,"{""long_momentum"": 0.125, ""mean_reversion"": 0.125, ""medium_momentum"": 0.125, ""ridge"": 0.125, ""risk_adjusted"": 0.125, ""short_momentum"": 0.125, ""trend"": 0.125, ""volume_momentum"": 0.125}",0.06395504858051312,0.0,-0.10679205997528074,0.0746073233630141,6023.TWO,2010-01-25,2010-01-26
0.04432388713890404,379000,0,0.015403943196614495,0.015403943196614495,0.18061512359878998,D-1 estimated accounting; fill-day constraints require ledger audit,adaptive,V4_CAUSAL_7_EXPERTS_RIDGE_ANCHOR20,disabled,2010-01-25,risk_off,0.018605057616425773,-0.05830899517362875,-0.018315018826859042,0.05405405405405406,0.06551017527629875,0.17117117117117117,0.3963963963963964,2010-01-19,2009-12-28,"{""long_momentum"": 0.125, ""mean_reversion"": 0.125, ""medium_momentum"": 0.125, ""ridge"": 0.125, ""risk_adjusted"": 0.125, ""short_momentum"": 0.125, ""trend"": 0.125, ""volume_momentum"": 0.125}",0.06432294507578815,0.75,-0.08726285669133188,0.0958043545998186,6239.TW,2010-01-25,2010-01-26
0.04663258823490179,2938000,0,0.014290620025407888,0.014290620025407888,0.1749993917617178,D-1 estimated accounting; fill-day constraints require ledger audit,adaptive,V4_CAUSAL_7_EXPERTS_RIDGE_ANCHOR20,disabled,2010-01-25,risk_off,0.018605057616425773,-0.05830899517362875,-0.018315018826859042,0.05405405405405406,0.06551017527629875,0.17117117117117117,0.3963963963963964,2010-01-19,2009-12-28,"{""long_momentum"": 0.125, ""mean_reversion"": 0.125, ""medium_momentum"": 0.125, ""ridge"": 0.125, ""risk_adjusted"": 0.125, ""short_momentum"": 0.125, ""trend"": 0.125, ""volume_momentum"": 0.125}",0.0633837531447329,0.75,-0.08620551416150848,0.092520365727582,6274.TWO,2010-01-25,2010-01-26
0.03784880821515765,151000,0,-0.010439219763886093,-0.010439219763886093,0.049958941155677276,D-1 estimated accounting; fill-day constraints require ledger audit,adaptive,V4_CAUSAL_7_EXPERTS_RIDGE_ANCHOR20,disabled,2010-01-25,risk_off,0.018605057616425773,-0.05830899517362875,-0.018315018826859042,0.05405405405405406,0.06551017527629875,0.17117117117117117,0.3963963963963964,2010-01-19,2009-12-28,"{""long_momentum"": 0.125, ""mean_reversion"": 0.125, ""medium_momentum"": 0.125, ""ridge"": 0.125, ""risk_adjusted"": 0.125, ""short_momentum"": 0.125, ""trend"": 0.125, ""volume_momentum"": 0.125}",0.061820322806160954,0.25,-0.10694846473366017,0.06380363672114572,8299.TWO,2010-01-25,2010-01-26
0.04013788304595592,2243000,0,0.003741115684443982,0.003741115684443982,0.01766415983725253,D-1 estimated accounting; fill-day constraints require ledger audit,adaptive,V4_CAUSAL_7_EXPERTS_RIDGE_ANCHOR20,disabled,2010-01-26,risk_off,0.020458505037530703,-0.08947985389981233,-0.0637855138244306,0.0,0.06517399695387247,0.044642857142857144,0.17857142857142858,2010-01-19,2010-01-26,"{""long_momentum"": 0.125, ""mean_reversion"": 0.125, ""medium_momentum"": 0.125, ""ridge"": 0.125, ""risk_adjusted"": 0.125, ""short_momentum"": 0.125, ""trend"": 0.125, ""volume_momentum"": 0.125}",0.11497147190788455,0.25,-0.2041426246653968,0.13704827821492443,1815.TWO,2010-01-26,2010-01-27
0.035247146472082276,3544000,0,-0.009910229593774635,-0.009910229593774635,0.02913183373727552,D-1 estimated accounting; fill-day constraints require ledger audit,adaptive,V4_CAUSAL_7_EXPERTS_RIDGE_ANCHOR20,disabled,2010-01-26,risk_off,0.020458505037530703,-0.08947985389981233,-0.0637855138244306,0.0,0.06517399695387247,0.044642857142857144,0.17857142857142858,2010-01-19,2010-01-26,"{""long_momentum"": 0.125, ""mean_reversion"": 0.125, ""medium_momentum"": 0.125, ""ridge"": 0.125, ""risk_adjusted"": 0.125, ""short_momentum"": 0.125, ""trend"": 0.125, ""volume_momentum"": 0.125}",0.11304455114747602,0.25,-0.2154217941844954,0.12102475717758582,2313.TW,2010-01-26,2010-01-27
0.04318230037841722,3528000,0,-0.00010530775435076828,-0.00010530775435076828,0.016535069821840904,D-1 estimated accounting; fill-day constraints require ledger audit,adaptive,V4_CAUSAL_7_EXPERTS_RIDGE_ANCHOR20,disabled,2010-01-26,risk_off,0.020458505037530703,-0.08947985389981233,-0.0637855138244306,0.0,0.06517399695387247,0.044642857142857144,0.17857142857142858,2010-01-19,2010-01-26,"{""long_momentum"": 0.125, ""mean_reversion"": 0.125, ""medium_momentum"": 0.125, ""ridge"": 0.125, ""risk_adjusted"": 0.125, ""short_momentum"": 0.125, ""trend"": 0.125, ""volume_momentum"": 0.125}",0.07208377897704075,0.25,-0.1420350622262004,0.06724786889813855,2327.TW,2010-01-26,2010-01-27
0.04282818988012149,2255000,0,-0.0008003382856915471,-0.0008003382856915471,0.01892242429790862,D-1 estimated accounting; fill-day constraints require ledger audit,adaptive,V4_CAUSAL_7_EXPERTS_RIDGE_ANCHOR20,disabled,2010-01-26,risk_off,0.020458505037530703,-0.08947985389981233,-0.0637855138244306,0.0,0.06517399695387247,0.044642857142857144,0.17857142857142858,2010-01-19,2010-01-26,"{""long_momentum"": 0.125, ""mean_reversion"": 0.125, ""medium_momentum"": 0.125, ""ridge"": 0.125, ""risk_adjusted"": 0.125, ""short_momentum"": 0.125, ""trend"": 0.125, ""volume_momentum"": 0.125}",0.07083279014400738,0.25,-0.1393090381650316,0.06313178377428819,2337.TW,2010-01-26,2010-01-27
0.0364073063085831,4225000,0,-0.01107619768188982,-0.01107619768188982,0.036124257857587466,D-1 estimated accounting; fill-day constraints require ledger audit,adaptive,V4_CAUSAL_7_EXPERTS_RIDGE_ANCHOR20,disabled,2010-01-26,risk_off,0.020458505037530703,-0.08947985389981233,-0.0637855138244306,0.0,0.06517399695387247,0.044642857142857144,0.17857142857142858,2010-01-19,2010-01-26,"{""long_momentum"": 0.125, ""mean_reversion"": 0.125, ""medium_momentum"": 0.125, ""ridge"": 0.125, ""risk_adjusted"": 0.125, ""short_momentum"": 0.125, ""trend"": 0.125, ""volume_momentum"": 0.125}",0.0951800511334281,0.25,-0.19327000547290205,0.09654103228976207,2344.TW,2010-01-26,2010-01-27
0.03831327416690325,2654000,0,-0.009111086448383616,-0.009111086448383616,0.028572106853081133,D-1 estimated accounting; fill-day constraints require ledger audit,adaptive,V4_CAUSAL_7_EXPERTS_RIDGE_ANCHOR20,disabled,2010-01-26,risk_off,0.020458505037530703,-0.08947985389981233,-0.0637855138244306,0.0,0.06517399695387247,0.044642857142857144,0.17857142857142858,2010-01-19,2010-01-26,"{""long_momentum"": 0.125, ""mean_reversion"": 0.125, ""medium_momentum"": 0.125, ""ridge"": 0.125, ""risk_adjusted"": 0.125, ""short_momentum"": 0.125, ""trend"": 0.125, ""volume_momentum"": 0.125}",0.10935798883667817,0.25,-0.21002281423654973,0.11722406352042218,2345.TW,2010-01-26,2010-01-27
0.04262689157593726,1316000,0,-0.004693502146297664,-0.004693502146297664,0.022867627894445876,D-1 estimated accounting; fill-day constraints require ledger audit,adaptive,V4_CAUSAL_7_EXPERTS_RIDGE_ANCHOR20,disabled,2010-01-26,risk_off,0.020458505037530703,-0.08947985389981233,-0.0637855138244306,0.0,0.06517399695387247,0.044642857142857144,0.17857142857142858,2010-01-19,2010-01-26,"{""long_momentum"": 0.125, ""mean_reversion"": 0.125, ""medium_momentum"": 0.125, ""ridge"": 0.125, ""risk_adjusted"": 0.125, ""short_momentum"": 0.125, ""trend"": 0.125, ""volume_momentum"": 0.125}",0.09628056511421645,0.25,-0.18841704392277656,0.10445346181082091,2376.TW,2010-01-26,2010-01-27
0.03824558020337783,1262000,0,-0.01187655332191271,-0.01187655332191271,0.03774243099327757,D-1 estimated accounting; fill-day constraints require ledger audit,adaptive,V4_CAUSAL_7_EXPERTS_RIDGE_ANCHOR20,disabled,2010-01-26,risk_off,0.020458505037530703,-0.08947985389981233,-0.0637855138244306,0.0,0.06517399695387247,0.044642857142857144,0.17857142857142858,2010-01-19,2010-01-26,"{""long_momentum"": 0.125, ""mean_reversion"": 0.125, ""medium_momentum"": 0.125, ""ridge"": 0.125, ""risk_adjusted"": 0.125, ""short_momentum"": 0.125, ""trend"": 0.125, ""volume_momentum"": 0.125}",0.09491111428300819,0.25,-0.19369399973152068,0.09536431526833494,2408.TW,2010-01-26,2010-01-27
0.04560180391869046,2715000,0,0.00836419091718943,0.00836419091718943,0.09010445593634059,D-1 estimated accounting; fill-day constraints require ledger audit,adaptive,V4_CAUSAL_7_EXPERTS_RIDGE_ANCHOR20,disabled,2010-01-26,risk_off,0.020458505037530703,-0.08947985389981233,-0.0637855138244306,0.0,0.06517399695387247,0.044642857142857144,0.17857142857142858,2010-01-19,2010-01-26,"{""long_momentum"": 0.125, ""mean_reversion"": 0.125, ""medium_momentum"": 0.125, ""ridge"": 0.125, ""risk_adjusted"": 0.125, ""short_momentum"": 0.125, ""trend"": 0.125, ""volume_momentum"": 0.125}",0.09787496017400069,0.75,-0.17754771123641244,0.11969951525143097,2449.TW,2010-01-26,2010-01-27
0.03723612518506683,3200000,0,-0.02796759385615517,-0.02796759385615517,0.11877444490614646,D-1 estimated accounting; fill-day constraints require ledger audit,adaptive,V4_CAUSAL_7_EXPERTS_RIDGE_ANCHOR20,disabled,2010-01-26,risk_off,0.020458505037530703,-0.08947985389981233,-0.0637855138244306,0.0,0.06517399695387247,0.044642857142857144,0.17857142857142858,2010-01-19,2010-01-26,"{""long_momentum"": 0.125, ""mean_reversion"": 0.125, ""medium_momentum"": 0.125, ""ridge"": 0.125, ""risk_adjusted"": 0.125, ""short_momentum"": 0.125, ""trend"": 0.125, ""volume_momentum"": 0.125}",0.10581475904057105,0.5,-0.22437172675133482,0.09385996121966417,2890.TW,2010-01-26,2010-01-27
0.03841771001010461,889000,0,-0.01741633733218902,-0.01741633733218902,0.09771358485341457,D-1 estimated accounting; fill-day constraints require ledger audit,adaptive,V4_CAUSAL_7_EXPERTS_RIDGE_ANCHOR20,disabled,2010-01-26,risk_off,0.020458505037530703,-0.08947985389981233,-0.0637855138244306,0.0,0.06517399695387247,0.044642857142857144,0.17857142857142858,2010-01-19,2010-01-26,"{""long_momentum"": 0.125, ""mean_reversion"": 0.125, ""medium_momentum"": 0.125, ""ridge"": 0.125, ""risk_adjusted"": 0.125, ""short_momentum"": 0.125, ""trend"": 0.125, ""volume_momentum"": 0.125}",0.09228796589144657,0.5,-0.1955060619848078,0.08609680950106945,3037.TW,2010-01-26,2010-01-27
0.04024006882632425,381000,0,-0.00777664530232662,-0.00777664530232662,0.023039405053046313,D-1 estimated accounting; fill-day constraints require ledger audit,adaptive,V4_CAUSAL_7_EXPERTS_RIDGE_ANCHOR20,disabled,2010-01-26,risk_off,0.020458505037530703,-0.08947985389981233,-0.0637855138244306,0.0,0.06517399695387247,0.044642857142857144,0.17857142857142858,2010-01-19,2010-01-26,"{""long_momentum"": 0.125, ""mean_reversion"": 0.125, ""medium_momentum"": 0.125, ""ridge"": 0.125, ""risk_adjusted"": 0.125, ""short_momentum"": 0.125, ""trend"": 0.125, ""volume_momentum"": 0.125}",0.12586240888450523,0.25,-0.22873170860049521,0.13860184017648164,3044.TW,2010-01-26,2010-01-27
0.040718728534365374,365000,0,-0.007975522756450748,-0.007975522756450748,0.031618197768849825,D-1 estimated accounting; fill-day constraints require ledger audit,adaptive,V4_CAUSAL_7_EXPERTS_RIDGE_ANCHOR20,disabled,2010-01-26,risk_off,0.020458505037530703,-0.08947985389981233,-0.0637855138244306,0.0,0.06517399695387247,0.044642857142857144,0.17857142857142858,2010-01-19,2010-01-26,"{""long_momentum"": 0.125, ""mean_reversion"": 0.125, ""medium_momentum"": 0.125, ""ridge"": 0.125, ""risk_adjusted"": 0.125, ""short_momentum"": 0.125, ""trend"": 0.125, ""volume_momentum"": 0.125}",0.08961984693626941,0.25,-0.18215397610818265,0.09162635277592082,3211.TWO,2010-01-26,2010-01-27
0.03723799109083081,394000,0,-0.006763437500443604,-0.006763437500443604,0.028553927931413328,D-1 estimated accounting; fill-day constraints require ledger audit,adaptive,V4_CAUSAL_7_EXPERTS_RIDGE_ANCHOR20,disabled,2010-01-26,risk_off,0.020458505037530703,-0.08947985389981233,-0.0637855138244306,0.0,0.06517399695387247,0.044642857142857144,0.17857142857142858,2010-01-19,2010-01-26,"{""long_momentum"": 0.125, ""mean_reversion"": 0.125, ""medium_momentum"": 0.125, ""ridge"": 0.125, ""risk_adjusted"": 0.125, ""short_momentum"": 0.125, ""trend"": 0.125, ""volume_momentum"": 0.125}",0.09122972624833588,0.25,-0.18331752840581053,0.09521407558556302,3260.TWO,2010-01-26,2010-01-27
0.04479655582237225,1943000,0,0.008437968774997015,0.008437968774997015,0.10593153117750044,D-1 estimated accounting; fill-day constraints require ledger audit,adaptive,V4_CAUSAL_7_EXPERTS_RIDGE_ANCHOR20,disabled,2010-01-26,risk_off,0.020458505037530703,-0.08947985389981233,-0.0637855138244306,0.0,0.06517399695387247,0.044642857142857144,0.17857142857142858,2010-01-19,2010-01-26,"{""long_momentum"": 0.125, ""mean_reversion"": 0.125, ""medium_momentum"": 0.125, ""ridge"": 0.125, ""risk_adjusted"": 0.125, ""short_momentum"": 0.125, ""trend"": 0.125, ""volume_momentum"": 0.125}",0.08170345388942306,0.75,-0.15313243925976522,0.09543179899039894,3264.TWO,2010-01-26,2010-01-27
0.040374688439236986,1768000,0,0.005352384241588168,0.005352384241588168,0.0,D-1 estimated accounting; fill-day constraints require ledger audit,adaptive,V4_CAUSAL_7_EXPERTS_RIDGE_ANCHOR20,disabled,2010-01-26,risk_off,0.020458505037530703,-0.08947985389981233,-0.0637855138244306,0.0,0.06517399695387247,0.044642857142857144,0.17857142857142858,2010-01-19,2010-01-26,"{""long_momentum"": 0.125, ""mean_reversion"": 0.125, ""medium_momentum"": 0.125, ""ridge"": 0.125, ""risk_adjusted"": 0.125, ""short_momentum"": 0.125, ""trend"": 0.125, ""volume_momentum"": 0.125}",0.13862041341296907,0.0,-0.23036976708700546,0.1664979577508215,3324.TWO,2010-01-26,2010-01-27
0.037640532819617975,232000,0,0.002479487009239522,0.002479487009239522,0.013680752335221721,D-1 estimated accounting; fill-day constraints require ledger audit,adaptive,V4_CAUSAL_7_EXPERTS_RIDGE_ANCHOR20,disabled,2010-01-26,risk_off,0.020458505037530703,-0.08947985389981233,-0.0637855138244306,0.0,0.06517399695387247,0.044642857142857144,0.17857142857142858,2010-01-19,2010-01-26,"{""long_momentum"": 0.125, ""mean_reversion"": 0.125, ""medium_momentum"": 0.125, ""ridge"": 0.125, ""risk_adjusted"": 0.125, ""short_momentum"": 0.125, ""trend"": 0.125, ""volume_momentum"": 0.125}",0.12919952789375017,0.25,-0.22238643383258788,0.1527688300317066,3533.TW,2010-01-26,2010-01-27
0.04264382192676628,2564000,0,-0.004821712634261883,-0.004821712634261883,0.0,D-1 estimated accounting; fill-day constraints require ledger audit,adaptive,V4_CAUSAL_7_EXPERTS_RIDGE_ANCHOR20,disabled,2010-01-26,risk_off,0.020458505037530703,-0.08947985389981233,-0.0637855138244306,0.0,0.06517399695387247,0.044642857142857144,0.17857142857142858,2010-01-19,2010-01-26,"{""long_momentum"": 0.125, ""mean_reversion"": 0.125, ""medium_momentum"": 0.125, ""ridge"": 0.125, ""risk_adjusted"": 0.125, ""short_momentum"": 0.125, ""trend"": 0.125, ""volume_momentum"": 0.125}",0.10567082870897938,0.0,-0.2010407435352387,0.11682074044735463,5347.TWO,2010-01-26,2010-01-27
0.03860202308387853,913000,0,-0.011257334394972705,-0.011257334394972705,0.08499008866247408,D-1 estimated accounting; fill-day constraints require ledger audit,adaptive,V4_CAUSAL_7_EXPERTS_RIDGE_ANCHOR20,disabled,2010-01-26,risk_off,0.020458505037530703,-0.08947985389981233,-0.0637855138244306,0.0,0.06517399695387247,0.044642857142857144,0.17857142857142858,2010-01-19,2010-01-26,"{""long_momentum"": 0.125, ""mean_reversion"": 0.125, ""medium_momentum"": 0.125, ""ridge"": 0.125, ""risk_adjusted"": 0.125, ""short_momentum"": 0.125, ""trend"": 0.125, ""volume_momentum"": 0.125}",0.0793851966978961,0.5,-0.16871729917121658,0.07162605256191085,6023.TWO,2010-01-26,2010-01-27
0.044985890377834514,379000,0,0.01389181450016767,0.01389181450016767,0.14579069778373915,D-1 estimated accounting; fill-day constraints require ledger audit,adaptive,V4_CAUSAL_7_EXPERTS_RIDGE_ANCHOR20,disabled,2010-01-26,risk_off,0.020458505037530703,-0.08947985389981233,-0.0637855138244306,0.0,0.06517399695387247,0.044642857142857144,0.17857142857142858,2010-01-19,2010-01-26,"{""long_momentum"": 0.125, ""mean_reversion"": 0.125, ""medium_momentum"": 0.125, ""ridge"": 0.125, ""risk_adjusted"": 0.125, ""short_momentum"": 0.125, ""trend"": 0.125, ""volume_momentum"": 0.125}",0.07829450184590914,0.75,-0.14153797457441336,0.0947450257553884,6239.TW,2010-01-26,2010-01-27
0.04547634919585373,2938000,0,0.0007330611813453384,0.0007330611813453384,0.0,D-1 estimated accounting; fill-day constraints require ledger audit,adaptive,V4_CAUSAL_7_EXPERTS_RIDGE_ANCHOR20,disabled,2010-01-26,risk_off,0.020458505037530703,-0.08947985389981233,-0.0637855138244306,0.0,0.06517399695387247,0.044642857142857144,0.17857142857142858,2010-01-19,2010-01-26,"{""long_momentum"": 0.125, ""mean_reversion"": 0.125, ""medium_momentum"": 0.125, ""ridge"": 0.125, ""risk_adjusted"": 0.125, ""short_momentum"": 0.125, ""trend"": 0.125, ""volume_momentum"": 0.125}",0.08887415743583513,0.0,-0.17232747160985146,0.0992170161531818,6274.TWO,2010-01-26,2010-01-27
0.03758043967810169,151000,0,-0.016321131443816736,-0.016321131443816736,0.09961911236058335,D-1 estimated accounting; fill-day constraints require ledger audit,adaptive,V4_CAUSAL_7_EXPERTS_RIDGE_ANCHOR20,disabled,2010-01-26,risk_off,0.020458505037530703,-0.08947985389981233,-0.0637855138244306,0.0,0.06517399695387247,0.044642857142857144,0.17857142857142858,2010-01-19,2010-01-26,"{""long_momentum"": 0.125, ""mean_reversion"": 0.125, ""medium_momentum"": 0.125, ""ridge"": 0.125, ""risk_adjusted"": 0.125, ""short_momentum"": 0.125, ""trend"": 0.125, ""volume_momentum"": 0.125}",0.08569212604558117,0.5,-0.18446721200776844,0.07724837130077462,8299.TWO,2010-01-26,2010-01-27
0.03838499257100652,2243000,0,-0.007925094667323758,-0.007925094667323758,0.020843741636714413,D-1 estimated accounting; fill-day constraints require ledger audit,adaptive,V4_CAUSAL_7_EXPERTS_RIDGE_ANCHOR20,disabled,2010-01-27,risk_off,0.020652058989546654,-0.09222785915556786,-0.06412013174058684,0.026785714285714284,0.06715174374845197,0.07142857142857142,0.16071428571428573,2010-01-19,2010-01-26,"{""long_momentum"": 0.125, ""mean_reversion"": 0.125, ""medium_momentum"": 0.125, ""ridge"": 0.125, ""risk_adjusted"": 0.125, ""short_momentum"": 0.125, ""trend"": 0.125, ""volume_momentum"": 0.125}",0.1420985917297162,0.25,-0.24759678819764935,0.15717002104364153,1815.TWO,2010-01-27,2010-01-28
0.03551460155087613,3544000,0,-0.015463089306214851,-0.015463089306214851,0.04360710595210698,D-1 estimated accounting; fill-day constraints require ledger audit,adaptive,V4_CAUSAL_7_EXPERTS_RIDGE_ANCHOR20,disabled,2010-01-27,risk_off,0.020652058989546654,-0.09222785915556786,-0.06412013174058684,0.026785714285714284,0.06715174374845197,0.07142857142857142,0.16071428571428573,2010-01-19,2010-01-26,"{""long_momentum"": 0.125, ""mean_reversion"": 0.125, ""medium_momentum"": 0.125, ""ridge"": 0.125, ""risk_adjusted"": 0.125, ""short_momentum"": 0.125, ""trend"": 0.125, ""volume_momentum"": 0.125}",0.09685201828593512,0.25,-0.1999746380210829,0.0944718815892929,2313.TW,2010-01-27,2010-01-28
0.04399556965868809,3528000,0,-0.004036911945595353,-0.004036911945595353,0.02867314385918586,D-1 estimated accounting; fill-day constraints require ledger audit,adaptive,V4_CAUSAL_7_EXPERTS_RIDGE_ANCHOR20,disabled,2010-01-27,risk_off,0.020652058989546654,-0.09222785915556786,-0.06412013174058684,0.026785714285714284,0.06715174374845197,0.07142857142857142,0.16071428571428573,2010-01-19,2010-01-26,"{""long_momentum"": 0.125, ""mean_reversion"": 0.125, ""medium_momentum"": 0.125, ""ridge"": 0.125, ""risk_adjusted"": 0.125, ""short_momentum"": 0.125, ""trend"": 0.125, ""volume_momentum"": 0.125}",0.06975556360204369,0.25,-0.1392180282189977,0.05656762650844667,2327.TW,2010-01-27,2010-01-28
0.04249978106788683,2255000,0,-0.005863502033405082,-0.005863502033405082,0.02962195167068632,D-1 estimated accounting; fill-day constraints require ledger audit,adaptive,V4_CAUSAL_7_EXPERTS_RIDGE_ANCHOR20,disabled,2010-01-27,risk_off,0.020652058989546654,-0.09222785915556786,-0.06412013174058684,0.026785714285714284,0.06715174374845197,0.07142857142857142,0.16071428571428573,2010-01-19,2010-01-26,"{""long_momentum"": 0.125, ""mean_reversion"": 0.125, ""medium_momentum"": 0.125, ""ridge"": 0.125, ""risk_adjusted"": 0.125, ""short_momentum"": 0.125, ""trend"": 0.125, ""volume_momentum"": 0.125}",0.08082105469480275,0.25,-0.16589891795515346,0.07959533606898297,2337.TW,2010-01-27,2010-01-28
0.03766000589319153,4225000,0,-0.015568884604377586,-0.015568884604377586,0.0534329327603751,D-1 estimated accounting; fill-day constraints require ledger audit,adaptive,V4_CAUSAL_7_EXPERTS_RIDGE_ANCHOR20,disabled,2010-01-27,risk_off,0.020652058989546654,-0.09222785915556786,-0.06412013174058684,0.026785714285714284,0.06715174374845197,0.07142857142857142,0.16071428571428573,2010-01-19,2010-01-26,"{""long_momentum"": 0.125, ""mean_reversion"": 0.125, ""medium_momentum"": 0.125, ""ridge"": 0.125, ""risk_adjusted"": 0.125, ""short_momentum"": 0.125, ""trend"": 0.125, ""volume_momentum"": 0.125}",0.07566804055477772,0.25,-0.16577832148742144,0.06006397445930594,2344.TW,2010-01-27,2010-01-28
0.03858957878713024,2654000,0,-0.015220796466407577,-0.015220796466407577,0.08451373211493884,D-1 estimated accounting; fill-day constraints require ledger audit,adaptive,V4_CAUSAL_7_EXPERTS_RIDGE_ANCHOR20,disabled,2010-01-27,risk_off,0.020652058989546654,-0.09222785915556786,-0.06412013174058684,0.026785714285714284,0.06715174374845197,0.07142857142857142,0.16071428571428573,2010-01-19,2010-01-26,"{""long_momentum"": 0.125, ""mean_reversion"": 0.125, ""medium_momentum"": 0.125, ""ridge"": 0.125, ""risk_adjusted"": 0.125, ""short_momentum"": 0.125, ""trend"": 0.125, ""volume_momentum"": 0.125}",0.09940944562790234,0.5,-0.20321012540690012,0.09819195465472463,2345.TW,2010-01-27,2010-01-28
0.04350331028542948,1316000,0,-0.007826875723669784,-0.007826875723669784,0.06488700736547337,D-1 estimated accounting; fill-day constraints require ledger audit,adaptive,V4_CAUSAL_7_EXPERTS_RIDGE_ANCHOR20,disabled,2010-01-27,risk_off,0.020652058989546654,-0.09222785915556786,-0.06412013174058684,0.026785714285714284,0.06715174374845197,0.07142857142857142,0.16071428571428573,2010-01-19,2010-01-26,"{""long_momentum"": 0.125, ""mean_reversion"": 0.125, ""medium_momentum"": 0.125, ""ridge"": 0.125, ""risk_adjusted"": 0.125, ""short_momentum"": 0.125, ""trend"": 0.125, ""volume_momentum"": 0.125}",0.08601321757438403,0.5,-0.1764805246970475,0.08625019543034762,2376.TW,2010-01-27,2010-01-28
0.036706983024111454,1262000,0,-0.019643309967112645,-0.019643309967112645,0.04445512198072262,D-1 estimated accounting; fill-day constraints require ledger audit,adaptive,V4_CAUSAL_7_EXPERTS_RIDGE_ANCHOR20,disabled,2010-01-27,risk_off,0.020652058989546654,-0.09222785915556786,-0.06412013174058684,0.026785714285714284,0.06715174374845197,0.07142857142857142,0.16071428571428573,2010-01-19,2010-01-26,"{""long_momentum"": 0.125, ""mean_reversion"": 0.125, ""medium_momentum"": 0.125, ""ridge"": 0.125, ""risk_adjusted"": 0.125, ""short_momentum"": 0.125, ""trend"": 0.125, ""volume_momentum"": 0.125}",0.11394201422679516,0.25,-0.2262622888996841,0.1123990911460985,2408.TW,2010-01-27,2010-01-28
0.04554964770844234,2715000,0,0.00377715918656897,0.00377715918656897,0.0,D-1 estimated accounting; fill-day constraints require ledger audit,adaptive,V4_CAUSAL_7_EXPERTS_RIDGE_ANCHOR20,disabled,2010-01-27,risk_off,0.020652058989546654,-0.09222785915556786,-0.06412013174058684,0.026785714285714284,0.06715174374845197,0.07142857142857142,0.16071428571428573,2010-01-19,2010-01-26,"{""long_momentum"": 0.125, ""mean_reversion"": 0.125, ""medium_momentum"": 0.125, ""ridge"": 0.125, ""risk_adjusted"": 0.125, ""short_momentum"": 0.125, ""trend"": 0.125, ""volume_momentum"": 0.125}",0.10224273306920818,0.0,-0.18798162850244143,0.12095936905621905,2449.TW,2010-01-27,2010-01-28
0.037221607657399985,3200000,0,-0.030190482207457892,-0.030190482207457892,0.1295281743633057,D-1 estimated accounting; fill-day constraints require ledger audit,adaptive,V4_CAUSAL_7_EXPERTS_RIDGE_ANCHOR20,disabled,2010-01-27,risk_off,0.020652058989546654,-0.09222785915556786,-0.06412013174058684,0.026785714285714284,0.06715174374845197,0.07142857142857142,0.16071428571428573,2010-01-19,2010-01-26,"{""long_momentum"": 0.125, ""mean_reversion"": 0.125, ""medium_momentum"": 0.125, ""ridge"": 0.125, ""risk_adjusted"": 0.125, ""short_momentum"": 0.125, ""trend"": 0.125, ""volume_momentum"": 0.125}",0.1006505515307088,0.5,-0.219841070963545,0.08488352872926888,2890.TW,2010-01-27,2010-01-28
0.03879310265340254,889000,0,-0.019146268811493967,-0.019146268811493967,0.11875686387453797,D-1 estimated accounting; fill-day constraints require ledger audit,adaptive,V4_CAUSAL_7_EXPERTS_RIDGE_ANCHOR20,disabled,2010-01-27,risk_off,0.020652058989546654,-0.09222785915556786,-0.06412013174058684,0.026785714285714284,0.06715174374845197,0.07142857142857142,0.16071428571428573,2010-01-19,2010-01-26,"{""long_momentum"": 0.125, ""mean_reversion"": 0.125, ""medium_momentum"": 0.125, ""ridge"": 0.125, ""risk_adjusted"": 0.125, ""short_momentum"": 0.125, ""trend"": 0.125, ""volume_momentum"": 0.125}",0.07751635524114,0.5,-0.17308269859408587,0.060213583151737624,3037.TW,2010-01-27,2010-01-28
0.042661733507078504,381000,0,-0.010030237287777952,-0.010030237287777952,0.03859773502857949,D-1 estimated accounting; fill-day constraints require ledger audit,adaptive,V4_CAUSAL_7_EXPERTS_RIDGE_ANCHOR20,disabled,2010-01-27,risk_off,0.020652058989546654,-0.09222785915556786,-0.06412013174058684,0.026785714285714284,0.06715174374845197,0.07142857142857142,0.16071428571428573,2010-01-19,2010-01-26,"{""long_momentum"": 0.125, ""mean_reversion"": 0.125, ""medium_momentum"": 0.125, ""ridge"": 0.125, ""risk_adjusted"": 0.125, ""short_momentum"": 0.125, ""trend"": 0.125, ""volume_momentum"": 0.125}",0.08232157154665815,0.25,-0.172656547822494,0.07801949542757775,3044.TW,2010-01-27,2010-01-28
0.04083164019197997,365000,0,-0.00996755513747094,-0.00996755513747094,0.07012528774188972,D-1 estimated accounting; fill-day constraints require ledger audit,adaptive,V4_CAUSAL_7_EXPERTS_RIDGE_ANCHOR20,disabled,2010-01-27,risk_off,0.020652058989546654,-0.09222785915556786,-0.06412013174058684,0.026785714285714284,0.06715174374845197,0.07142857142857142,0.16071428571428573,2010-01-19,2010-01-26,"{""long_momentum"": 0.125, ""mean_reversion"": 0.125, ""medium_momentum"": 0.125, ""ridge"": 0.125, ""risk_adjusted"": 0.125, ""short_momentum"": 0.125, ""trend"": 0.125, ""volume_momentum"": 0.125}",0.09175254270057322,0.5,-0.18728276381216244,0.09277107571786024,3211.TWO,2010-01-27,2010-01-28
0.036307036261626346,394000,0,-0.014710135359551707,-0.014710135359551707,0.038276691888609785,D-1 estimated accounting; fill-day constraints require ledger audit,adaptive,V4_CAUSAL_7_EXPERTS_RIDGE_ANCHOR20,disabled,2010-01-27,risk_off,0.020652058989546654,-0.09222785915556786,-0.06412013174058684,0.026785714285714284,0.06715174374845197,0.07142857142857142,0.16071428571428573,2010-01-19,2010-01-26,"{""long_momentum"": 0.125, ""mean_reversion"": 0.125, ""medium_momentum"": 0.125, ""ridge"": 0.125, ""risk_adjusted"": 0.125, ""short_momentum"": 0.125, ""trend"": 0.125, ""volume_momentum"": 0.125}",0.10902444426994448,0.25,-0.21520136872014245,0.11120452018167873,3260.TWO,2010-01-27,2010-01-28
0.043684217282496524,1943000,0,0.002462536672496381,0.002462536672496381,0.01813583384404311,D-1 estimated accounting; fill-day constraints require ledger audit,adaptive,V4_CAUSAL_7_EXPERTS_RIDGE_ANCHOR20,disabled,2010-01-27,risk_off,0.020652058989546654,-0.09222785915556786,-0.06412013174058684,0.026785714285714284,0.06715174374845197,0.07142857142857142,0.16071428571428573,2010-01-19,2010-01-26,"{""long_momentum"": 0.125, ""mean_reversion"": 0.125, ""medium_momentum"": 0.125, ""ridge"": 0.125, ""risk_adjusted"": 0.125, ""short_momentum"": 0.125, ""trend"": 0.125, ""volume_momentum"": 0.125}",0.09540751519097945,0.25,-0.18004880293457512,0.11039729846020756,3264.TWO,2010-01-27,2010-01-28
0.03826749108612431,1768000,0,-0.009849917606817613,-0.009849917606817613,0.023391690752084457,D-1 estimated accounting; fill-day constraints require ledger audit,adaptive,V4_CAUSAL_7_EXPERTS_RIDGE_ANCHOR20,disabled,2010-01-27,risk_off,0.020652058989546654,-0.09222785915556786,-0.06412013174058684,0.026785714285714284,0.06715174374845197,0.07142857142857142,0.16071428571428573,2010-01-19,2010-01-26,"{""long_momentum"": 0.125, ""mean_reversion"": 0.125, ""medium_momentum"": 0.125, ""ridge"": 0.125, ""risk_adjusted"": 0.125, ""short_momentum"": 0.125, ""trend"": 0.125, ""volume_momentum"": 0.125}",0.14385940533400404,0.25,-0.25151058753666855,0.15723417450367302,3324.TWO,2010-01-27,2010-01-28
0.03821943373363501,232000,0,-0.0012331186980648065,-0.0012331186980648065,0.011718542717383302,D-1 estimated accounting; fill-day constraints require ledger audit,adaptive,V4_CAUSAL_7_EXPERTS_RIDGE_ANCHOR20,disabled,2010-01-27,risk_off,0.020652058989546654,-0.09222785915556786,-0.06412013174058684,0.026785714285714284,0.06715174374845197,0.07142857142857142,0.16071428571428573,2010-01-19,2010-01-26,"{""long_momentum"": 0.125, ""mean_reversion"": 0.125, ""medium_momentum"": 0.125, ""ridge"": 0.125, ""risk_adjusted"": 0.125, ""short_momentum"": 0.125, ""trend"": 0.125, ""volume_momentum"": 0.125}",0.12674243228103838,0.25,-0.22322324613784172,0.14618043092235178,3533.TW,2010-01-27,2010-01-28
0.041869667823118774,2564000,0,-0.014673438353564919,-0.014673438353564919,0.04200888895930598,D-1 estimated accounting; fill-day constraints require ledger audit,adaptive,V4_CAUSAL_7_EXPERTS_RIDGE_ANCHOR20,disabled,2010-01-27,risk_off,0.020652058989546654,-0.09222785915556786,-0.06412013174058684,0.026785714285714284,0.06715174374845197,0.07142857142857142,0.16071428571428573,2010-01-19,2010-01-26,"{""long_momentum"": 0.125, ""mean_reversion"": 0.125, ""medium_momentum"": 0.125, ""ridge"": 0.125, ""risk_adjusted"": 0.125, ""short_momentum"": 0.125, ""trend"": 0.125, ""volume_momentum"": 0.125}",0.0974055825449798,0.25,-0.1999443825096341,0.09602092798314393,5347.TWO,2010-01-27,2010-01-28
0.038971493558716215,913000,0,-0.01694359800685792,-0.01694359800685792,0.16787300684271597,D-1 estimated accounting; fill-day constraints require ledger audit,adaptive,V4_CAUSAL_7_EXPERTS_RIDGE_ANCHOR20,disabled,2010-01-27,risk_off,0.020652058989546654,-0.09222785915556786,-0.06412013174058684,0.026785714285714284,0.06715174374845197,0.07142857142857142,0.16071428571428573,2010-01-19,2010-01-26,"{""long_momentum"": 0.125, ""mean_reversion"": 0.125, ""medium_momentum"": 0.125, ""ridge"": 0.125, ""risk_adjusted"": 0.125, ""short_momentum"": 0.125, ""trend"": 0.125, ""volume_momentum"": 0.125}",0.07609300010187216,0.75,-0.16803500284045647,0.059571229007380336,6023.TWO,2010-01-27,2010-01-28
0.04413560414305045,379000,0,0.0063613687616821644,0.0063613687616821644,0.0,D-1 estimated accounting; fill-day constraints require ledger audit,adaptive,V4_CAUSAL_7_EXPERTS_RIDGE_ANCHOR20,disabled,2010-01-27,risk_off,0.020652058989546654,-0.09222785915556786,-0.06412013174058684,0.026785714285714284,0.06715174374845197,0.07142857142857142,0.16071428571428573,2010-01-19,2010-01-26,"{""long_momentum"": 0.125, ""mean_reversion"": 0.125, ""medium_momentum"": 0.125, ""ridge"": 0.125, ""risk_adjusted"": 0.125, ""short_momentum"": 0.125, ""trend"": 0.125, ""volume_momentum"": 0.125}",0.09560959314837128,0.0,-0.17643146525472336,0.11457762495872739,6239.TW,2010-01-27,2010-01-28
0.04452551449509712,2938000,0,-0.005259531736404877,-0.005259531736404877,0.023280461756587725,D-1 estimated accounting; fill-day constraints require ledger audit,adaptive,V4_CAUSAL_7_EXPERTS_RIDGE_ANCHOR20,disabled,2010-01-27,risk_off,0.020652058989546654,-0.09222785915556786,-0.06412013174058684,0.026785714285714284,0.06715174374845197,0.07142857142857142,0.16071428571428573,2010-01-19,2010-01-26,"{""long_momentum"": 0.125, ""mean_reversion"": 0.125, ""medium_momentum"": 0.125, ""ridge"": 0.125, ""risk_adjusted"": 0.125, ""short_momentum"": 0.125, ""trend"": 0.125, ""volume_momentum"": 0.125}",0.09991366675590717,0.25,-0.19392574884483102,0.10883010755266094,6274.TWO,2010-01-27,2010-01-28
0.03854233217531702,151000,0,-0.015242878347848115,-0.015242878347848115,0.09770952583023947,D-1 estimated accounting; fill-day constraints require ledger audit,adaptive,V4_CAUSAL_7_EXPERTS_RIDGE_ANCHOR20,disabled,2010-01-27,risk_off,0.020652058989546654,-0.09222785915556786,-0.06412013174058684,0.026785714285714284,0.06715174374845197,0.07142857142857142,0.16071428571428573,2010-01-19,2010-01-26,"{""long_momentum"": 0.125, ""mean_reversion"": 0.125, ""medium_momentum"": 0.125, ""ridge"": 0.125, ""risk_adjusted"": 0.125, ""short_momentum"": 0.125, ""trend"": 0.125, ""volume_momentum"": 0.125}",0.08334414746076184,0.5,-0.17958399973793746,0.0745216652228809,8299.TWO,2010-01-27,2010-01-28
0.0396666163243136,2243000,0,-0.0056737431050697396,-0.0056737431050697396,0.026932871345899213,D-1 estimated accounting; fill-day constraints require ledger audit,adaptive,V4_CAUSAL_7_EXPERTS_RIDGE_ANCHOR20,disabled,2010-01-28,risk_off,0.021612152283736537,-0.05959548478198062,-0.056254968977626996,0.044642857142857144,0.0678697369631325,0.10714285714285714,0.30357142857142855,2010-01-19,2010-01-26,"{""long_momentum"": 0.125, ""mean_reversion"": 0.125, ""medium_momentum"": 0.125, ""ridge"": 0.125, ""risk_adjusted"": 0.125, ""short_momentum"": 0.125, ""trend"": 0.125, ""volume_momentum"": 0.125}",0.08840354211998779,0.25,-0.17802261198110086,0.09209854795160105,1815.TWO,2010-01-28,2010-01-29
0.03599166165968455,3544000,0,-0.014090761711377423,-0.014090761711377423,0.05072093159837417,D-1 estimated accounting; fill-day constraints require ledger audit,adaptive,V4_CAUSAL_7_EXPERTS_RIDGE_ANCHOR20,disabled,2010-01-28,risk_off,0.021612152283736537,-0.05959548478198062,-0.056254968977626996,0.044642857142857144,0.0678697369631325,0.10714285714285714,0.30357142857142855,2010-01-19,2010-01-26,"{""long_momentum"": 0.125, ""mean_reversion"": 0.125, ""medium_momentum"": 0.125, ""ridge"": 0.125, ""risk_adjusted"": 0.125, ""short_momentum"": 0.125, ""trend"": 0.125, ""volume_momentum"": 0.125}",0.07500629600113,0.25,-0.1628925622069613,0.060134460964846176,2313.TW,2010-01-28,2010-01-29
0.043498701992201246,3528000,0,0.004393524868320427,0.004393524868320427,0.028104320549078597,D-1 estimated accounting; fill-day constraints require ledger audit,adaptive,V4_CAUSAL_7_EXPERTS_RIDGE_ANCHOR20,disabled,2010-01-28,risk_off,0.021612152283736537,-0.05959548478198062,-0.056254968977626996,0.044642857142857144,0.0678697369631325,0.10714285714285714,0.30357142857142855,2010-01-19,2010-01-26,"{""long_momentum"": 0.125, ""mean_reversion"": 0.125, ""medium_momentum"": 0.125, ""ridge"": 0.125, ""risk_adjusted"": 0.125, ""short_momentum"": 0.125, ""trend"": 0.125, ""volume_momentum"": 0.125}",0.07416591265585407,0.25,-0.14255300562500023,0.07676347754228074,2327.TW,2010-01-28,2010-01-29
0.041951993524077136,2255000,0,-0.00025544078388701477,-0.00025544078388701477,0.015977624187477713,D-1 estimated accounting; fill-day constraints require ledger audit,adaptive,V4_CAUSAL_7_EXPERTS_RIDGE_ANCHOR20,disabled,2010-01-28,risk_off,0.021612152283736537,-0.05959548478198062,-0.056254968977626996,0.044642857142857144,0.0678697369631325,0.10714285714285714,0.30357142857142855,2010-01-19,2010-01-26,"{""long_momentum"": 0.125, ""mean_reversion"": 0.125, ""medium_momentum"": 0.125, ""ridge"": 0.125, ""risk_adjusted"": 0.125, ""short_momentum"": 0.125, ""trend"": 0.125, ""volume_momentum"": 0.125}",0.07697582092030784,0.25,-0.15312987230538905,0.0780424129182547,2337.TW,2010-01-28,2010-01-29
0.03792604212129266,4225000,0,-0.009298041420463077,-0.009298041420463077,0.0426145828363461,D-1 estimated accounting; fill-day constraints require ledger audit,adaptive,V4_CAUSAL_7_EXPERTS_RIDGE_ANCHOR20,disabled,2010-01-28,risk_off,0.021612152283736537,-0.05959548478198062,-0.056254968977626996,0.044642857142857144,0.0678697369631325,0.10714285714285714,0.30357142857142855,2010-01-19,2010-01-26,"{""long_momentum"": 0.125, ""mean_reversion"": 0.125, ""medium_momentum"": 0.125, ""ridge"": 0.125, ""risk_adjusted"": 0.125, ""short_momentum"": 0.125, ""trend"": 0.125, ""volume_momentum"": 0.125}",0.06958193855829338,0.25,-0.14389765055207848,0.05072498989179203,2344.TW,2010-01-28,2010-01-29
0.03889585742012885,2654000,0,-0.014899165711679332,-0.014899165711679332,0.051466396563220176,D-1 estimated accounting; fill-day constraints require ledger audit,adaptive,V4_CAUSAL_7_EXPERTS_RIDGE_ANCHOR20,disabled,2010-01-28,risk_off,0.021612152283736537,-0.05959548478198062,-0.056254968977626996,0.044642857142857144,0.0678697369631325,0.10714285714285714,0.30357142857142855,2010-01-19,2010-01-26,"{""long_momentum"": 0.125, ""mean_reversion"": 0.125, ""medium_momentum"": 0.125, ""ridge"": 0.125, ""risk_adjusted"": 0.125, ""short_momentum"": 0.125, ""trend"": 0.125, ""volume_momentum"": 0.125}",0.07676179678273021,0.25,-0.16734707970139334,0.06297217045867437,2345.TW,2010-01-28,2010-01-29
0.04313649126620099,1316000,0,-0.005824257903627631,-0.005824257903627631,0.033079454189694615,D-1 estimated accounting; fill-day constraints require ledger audit,adaptive,V4_CAUSAL_7_EXPERTS_RIDGE_ANCHOR20,disabled,2010-01-28,risk_off,0.021612152283736537,-0.05959548478198062,-0.056254968977626996,0.044642857142857144,0.0678697369631325,0.10714285714285714,0.30357142857142855,2010-01-19,2010-01-26,"{""long_momentum"": 0.125, ""mean_reversion"": 0.125, ""medium_momentum"": 0.125, ""ridge"": 0.125, ""risk_adjusted"": 0.125, ""short_momentum"": 0.125, ""trend"": 0.125, ""volume_momentum"": 0.125}",0.0709807338108348,0.25,-0.1447588210881496,0.05853372746153401,2376.TW,2010-01-28,2010-01-29
0.03693005724619372,1262000,0,-0.014454958091750339,-0.014454958091750339,0.04790543758327324,D-1 estimated accounting; fill-day constraints require ledger audit,adaptive,V4_CAUSAL_7_EXPERTS_RIDGE_ANCHOR20,disabled,2010-01-28,risk_off,0.021612152283736537,-0.05959548478198062,-0.056254968977626996,0.044642857142857144,0.0678697369631325,0.10714285714285714,0.30357142857142855,2010-01-19,2010-01-26,"{""long_momentum"": 0.125, ""mean_reversion"": 0.125, ""medium_momentum"": 0.125, ""ridge"": 0.125, ""risk_adjusted"": 0.125, ""short_momentum"": 0.125, ""trend"": 0.125, ""volume_momentum"": 0.125}",0.08207296375392795,0.25,-0.17665841429091841,0.07317192028805741,2408.TW,2010-01-28,2010-01-29
0.046103169593441205,2715000,0,0.005390091009180486,0.005390091009180486,0.09464871324374098,D-1 estimated accounting; fill-day constraints require ledger audit,adaptive,V4_CAUSAL_7_EXPERTS_RIDGE_ANCHOR20,disabled,2010-01-28,risk_off,0.021612152283736537,-0.05959548478198062,-0.056254968977626996,0.044642857142857144,0.0678697369631325,0.10714285714285714,0.30357142857142855,2010-01-19,2010-01-26,"{""long_momentum"": 0.125, ""mean_reversion"": 0.125, ""medium_momentum"": 0.125, ""ridge"": 0.125, ""risk_adjusted"": 0.125, ""short_momentum"": 0.125, ""trend"": 0.125, ""volume_momentum"": 0.125}",0.07194138492771694,0.75,-0.13616888186116438,0.07237248606016505,2449.TW,2010-01-28,2010-01-29
0.036686393619276246,3200000,0,-0.031021854537195397,-0.031021854537195397,0.15193459421083552,D-1 estimated accounting; fill-day constraints require ledger audit,adaptive,V4_CAUSAL_7_EXPERTS_RIDGE_ANCHOR20,disabled,2010-01-28,risk_off,0.021612152283736537,-0.05959548478198062,-0.056254968977626996,0.044642857142857144,0.0678697369631325,0.10714285714285714,0.30357142857142855,2010-01-19,2010-01-26,"{""long_momentum"": 0.125, ""mean_reversion"": 0.125, ""medium_momentum"": 0.125, ""ridge"": 0.125, ""risk_adjusted"": 0.125, ""short_momentum"": 0.125, ""trend"": 0.125, ""volume_momentum"": 0.125}",0.08252209762951407,0.5,-0.19398749367785428,0.05736720678410319,2890.TW,2010-01-28,2010-01-29
0.03809100777661834,889000,0,-0.018316060765347742,-0.018316060765347742,0.12400959725536599,D-1 estimated accounting; fill-day constraints require ledger audit,adaptive,V4_CAUSAL_7_EXPERTS_RIDGE_ANCHOR20,disabled,2010-01-28,risk_off,0.021612152283736537,-0.05959548478198062,-0.056254968977626996,0.044642857142857144,0.0678697369631325,0.10714285714285714,0.30357142857142855,2010-01-19,2010-01-26,"{""long_momentum"": 0.125, ""mean_reversion"": 0.125, ""medium_momentum"": 0.125, ""ridge"": 0.125, ""risk_adjusted"": 0.125, ""short_momentum"": 0.125, ""trend"": 0.125, ""volume_momentum"": 0.125}",0.07069303724556786,0.5,-0.15641637552830065,0.04520767617824484,3037.TW,2010-01-28,2010-01-29
0.04414277635675044,381000,0,-0.008833124759792435,-0.008833124759792435,0.0,D-1 estimated accounting; fill-day constraints require ledger audit,adaptive,V4_CAUSAL_7_EXPERTS_RIDGE_ANCHOR20,disabled,2010-01-28,risk_off,0.021612152283736537,-0.05959548478198062,-0.056254968977626996,0.044642857142857144,0.0678697369631325,0.10714285714285714,0.30357142857142855,2010-01-19,2010-01-26,"{""long_momentum"": 0.125, ""mean_reversion"": 0.125, ""medium_momentum"": 0.125, ""ridge"": 0.125, ""risk_adjusted"": 0.125, ""short_momentum"": 0.125, ""trend"": 0.125, ""volume_momentum"": 0.125}",0.07501835889235761,0.0,-0.1576609825485673,0.06541815520962213,3044.TW,2010-01-28,2010-01-29
0.041105699706588554,365000,0,-0.006976811985923519,-0.006976811985923519,0.03525570311424086,D-1 estimated accounting; fill-day constraints require ledger audit,adaptive,V4_CAUSAL_7_EXPERTS_RIDGE_ANCHOR20,disabled,2010-01-28,risk_off,0.021612152283736537,-0.05959548478198062,-0.056254968977626996,0.044642857142857144,0.0678697369631325,0.10714285714285714,0.30357142857142855,2010-01-19,2010-01-26,"{""long_momentum"": 0.125, ""mean_reversion"": 0.125, ""medium_momentum"": 0.125, ""ridge"": 0.125, ""risk_adjusted"": 0.125, ""short_momentum"": 0.125, ""trend"": 0.125, ""volume_momentum"": 0.125}",0.0729513764203213,0.25,-0.15108145789188493,0.06255125610067755,3211.TWO,2010-01-28,2010-01-29
0.03698685712194581,394000,0,-0.015400045842943194,-0.015400045842943194,0.05244693407612839,D-1 estimated accounting; fill-day constraints require ledger audit,adaptive,V4_CAUSAL_7_EXPERTS_RIDGE_ANCHOR20,disabled,2010-01-28,risk_off,0.021612152283736537,-0.05959548478198062,-0.056254968977626996,0.044642857142857144,0.0678697369631325,0.10714285714285714,0.30357142857142855,2010-01-19,2010-01-26,"{""long_momentum"": 0.125, ""mean_reversion"": 0.125, ""medium_momentum"": 0.125, ""ridge"": 0.125, ""risk_adjusted"": 0.125, ""short_momentum"": 0.125, ""trend"": 0.125, ""volume_momentum"": 0.125}",0.07684131917818406,0.25,-0.1680068484296531,0.06263017892440641,3260.TWO,2010-01-28,2010-01-29
0.043714871343231106,1943000,0,0.0030623994615651007,0.0030623994615651007,0.02371674961217092,D-1 estimated accounting; fill-day constraints require ledger audit,adaptive,V4_CAUSAL_7_EXPERTS_RIDGE_ANCHOR20,disabled,2010-01-28,risk_off,0.021612152283736537,-0.05959548478198062,-0.056254968977626996,0.044642857142857144,0.0678697369631325,0.10714285714285714,0.30357142857142855,2010-01-19,2010-01-26,"{""long_momentum"": 0.125, ""mean_reversion"": 0.125, ""medium_momentum"": 0.125, ""ridge"": 0.125, ""risk_adjusted"": 0.125, ""short_momentum"": 0.125, ""trend"": 0.125, ""volume_momentum"": 0.125}",0.07692394556258243,0.25,-0.14970897543907252,0.0812571965428424,3264.TWO,2010-01-28,2010-01-29
0.03958737765899738,1768000,0,-0.011399888740142874,-0.011399888740142874,0.03603587218275936,D-1 estimated accounting; fill-day constraints require ledger audit,adaptive,V4_CAUSAL_7_EXPERTS_RIDGE_ANCHOR20,disabled,2010-01-28,risk_off,0.021612152283736537,-0.05959548478198062,-0.056254968977626996,0.044642857142857144,0.0678697369631325,0.10714285714285714,0.30357142857142855,2010-01-19,2010-01-26,"{""long_momentum"": 0.125, ""mean_reversion"": 0.125, ""medium_momentum"": 0.125, ""ridge"": 0.125, ""risk_adjusted"": 0.125, ""short_momentum"": 0.125, ""trend"": 0.125, ""volume_momentum"": 0.125}",0.09737485672022281,0.25,-0.19662878189799493,0.09925242659834886,3324.TWO,2010-01-28,2010-01-29
0.03746196469760849,232000,0,-0.007423089762484904,-0.007423089762484904,0.030194498838238472,D-1 estimated accounting; fill-day constraints require ledger audit,adaptive,V4_CAUSAL_7_EXPERTS_RIDGE_ANCHOR20,disabled,2010-01-28,risk_off,0.021612152283736537,-0.05959548478198062,-0.056254968977626996,0.044642857142857144,0.0678697369631325,0.10714285714285714,0.30357142857142855,2010-01-19,2010-01-26,"{""long_momentum"": 0.125, ""mean_reversion"": 0.125, ""medium_momentum"": 0.125, ""ridge"": 0.125, ""risk_adjusted"": 0.125, ""short_momentum"": 0.125, ""trend"": 0.125, ""volume_momentum"": 0.125}",0.09043579381295828,0.25,-0.18281182736209706,0.09338907001776695,3533.TW,2010-01-28,2010-01-29
0.04298488074586889,2564000,0,-0.009736610380203497,-0.009736610380203497,0.04278072613637902,D-1 estimated accounting; fill-day constraints require ledger audit,adaptive,V4_CAUSAL_7_EXPERTS_RIDGE_ANCHOR20,disabled,2010-01-28,risk_off,0.021612152283736537,-0.05959548478198062,-0.056254968977626996,0.044642857142857144,0.0678697369631325,0.10714285714285714,0.30357142857142855,2010-01-19,2010-01-26,"{""long_momentum"": 0.125, ""mean_reversion"": 0.125, ""medium_momentum"": 0.125, ""ridge"": 0.125, ""risk_adjusted"": 0.125, ""short_momentum"": 0.125, ""trend"": 0.125, ""volume_momentum"": 0.125}",0.07138050187512165,0.25,-0.14979122426215447,0.05574142568238716,5347.TWO,2010-01-28,2010-01-29
0.038130910973481785,913000,0,-0.014782955605249344,-0.014782955605249344,0.10710789653065224,D-1 estimated accounting; fill-day constraints require ledger audit,adaptive,V4_CAUSAL_7_EXPERTS_RIDGE_ANCHOR20,disabled,2010-01-28,risk_off,0.021612152283736537,-0.05959548478198062,-0.056254968977626996,0.044642857142857144,0.0678697369631325,0.10714285714285714,0.30357142857142855,2010-01-19,2010-01-26,"{""long_momentum"": 0.125, ""mean_reversion"": 0.125, ""medium_momentum"": 0.125, ""ridge"": 0.125, ""risk_adjusted"": 0.125, ""short_momentum"": 0.125, ""trend"": 0.125, ""volume_momentum"": 0.125}",0.07256763779655384,0.5,-0.15794252585499294,0.053800036825133936,6023.TWO,2010-01-28,2010-01-29
0.043911359442691464,379000,0,0.004045049176186125,0.004045049176186125,0.026912315246053628,D-1 estimated accounting; fill-day constraints require ledger audit,adaptive,V4_CAUSAL_7_EXPERTS_RIDGE_ANCHOR20,disabled,2010-01-28,risk_off,0.021612152283736537,-0.05959548478198062,-0.056254968977626996,0.044642857142857144,0.0678697369631325,0.10714285714285714,0.30357142857142855,2010-01-19,2010-01-26,"{""long_momentum"": 0.125, ""mean_reversion"": 0.125, ""medium_momentum"": 0.125, ""ridge"": 0.125, ""risk_adjusted"": 0.125, ""short_momentum"": 0.125, ""trend"": 0.125, ""volume_momentum"": 0.125}",0.07497827893112409,0.25,-0.14469617168387144,0.07820969221688338,6239.TW,2010-01-28,2010-01-29
0.04512272966291983,2938000,0,-0.0035753032711545625,-0.0035753032711545625,0.0,D-1 estimated accounting; fill-day constraints require ledger audit,adaptive,V4_CAUSAL_7_EXPERTS_RIDGE_ANCHOR20,disabled,2010-01-28,risk_off,0.021612152283736537,-0.05959548478198062,-0.056254968977626996,0.044642857142857144,0.0678697369631325,0.10714285714285714,0.30357142857142855,2010-01-19,2010-01-26,"{""long_momentum"": 0.125, ""mean_reversion"": 0.125, ""medium_momentum"": 0.125, ""ridge"": 0.125, ""risk_adjusted"": 0.125, ""short_momentum"": 0.125, ""trend"": 0.125, ""volume_momentum"": 0.125}",0.08369087727452874,0.0,-0.16848941057213745,0.086762226210468,6274.TWO,2010-01-28,2010-01-29
0.03817243625151853,151000,0,-0.019632896240604037,-0.019632896240604037,0.06341137003651699,D-1 estimated accounting; fill-day constraints require ledger audit,adaptive,V4_CAUSAL_7_EXPERTS_RIDGE_ANCHOR20,disabled,2010-01-28,risk_off,0.021612152283736537,-0.05959548478198062,-0.056254968977626996,0.044642857142857144,0.0678697369631325,0.10714285714285714,0.30357142857142855,2010-01-19,2010-01-26,"{""long_momentum"": 0.125, ""mean_reversion"": 0.125, ""medium_momentum"": 0.125, ""ridge"": 0.125, ""risk_adjusted"": 0.125, ""short_momentum"": 0.125, ""trend"": 0.125, ""volume_momentum"": 0.125}",0.07248255886791428,0.25,-0.16257943272310987,0.04873706242254147,8299.TWO,2010-01-28,2010-01-29
0.03877102229444576,2243000,0,-0.01575058228053482,-0.01575058228053482,0.05205344739828122,D-1 estimated accounting; fill-day constraints require ledger audit,adaptive,V4_CAUSAL_7_EXPERTS_RIDGE_ANCHOR20,disabled,2010-01-29,risk_off,0.02182182987542909,-0.035405115550017574,-0.06949992215832379,0.125,0.07717346845318687,0.125,0.26785714285714285,2010-01-19,2010-01-26,"{""long_momentum"": 0.125, ""mean_reversion"": 0.125, ""medium_momentum"": 0.125, ""ridge"": 0.125, ""risk_adjusted"": 0.125, ""short_momentum"": 0.125, ""trend"": 0.125, ""volume_momentum"": 0.125}",0.07890939855495156,0.25,-0.172333400769554,0.06625565838912405,1815.TWO,2010-01-29,2010-02-01
0.03547721940883678,3544000,0,-0.021404295086428115,-0.021404295086428115,0.13692206572296778,D-1 estimated accounting; fill-day constraints require ledger audit,adaptive,V4_CAUSAL_7_EXPERTS_RIDGE_ANCHOR20,disabled,2010-01-29,risk_off,0.02182182987542909,-0.035405115550017574,-0.06949992215832379,0.125,0.07717346845318687,0.125,0.26785714285714285,2010-01-19,2010-01-26,"{""long_momentum"": 0.125, ""mean_reversion"": 0.125, ""medium_momentum"": 0.125, ""ridge"": 0.125, ""risk_adjusted"": 0.125, ""short_momentum"": 0.125, ""trend"": 0.125, ""volume_momentum"": 0.125}",0.0700165956845726,0.5,-0.157433260858226,0.040048092866009466,2313.TW,2010-01-29,2010-02-01
0.042896010322153615,3528000,0,-0.005082264571924825,-0.005082264571924825,0.04796382876304694,D-1 estimated accounting; fill-day constraints require ledger audit,adaptive,V4_CAUSAL_7_EXPERTS_RIDGE_ANCHOR20,disabled,2010-01-29,risk_off,0.02182182987542909,-0.035405115550017574,-0.06949992215832379,0.125,0.07717346845318687,0.125,0.26785714285714285,2010-01-19,2010-01-26,"{""long_momentum"": 0.125, ""mean_reversion"": 0.125, ""medium_momentum"": 0.125, ""ridge"": 0.125, ""risk_adjusted"": 0.125, ""short_momentum"": 0.125, ""trend"": 0.125, ""volume_momentum"": 0.125}",0.06874482892701435,0.375,-0.1366324058800597,0.05189129891684972,2327.TW,2010-01-29,2010-02-01
0.0438968102879594,2255000,0,-0.0016324467061147548,-0.0016324467061147548,0.0,D-1 estimated accounting; fill-day constraints require ledger audit,adaptive,V4_CAUSAL_7_EXPERTS_RIDGE_ANCHOR20,disabled,2010-01-29,risk_off,0.02182182987542909,-0.035405115550017574,-0.06949992215832379,0.125,0.07717346845318687,0.125,0.26785714285714285,2010-01-19,2010-01-26,"{""long_momentum"": 0.125, ""mean_reversion"": 0.125, ""medium_momentum"": 0.125, ""ridge"": 0.125, ""risk_adjusted"": 0.125, ""short_momentum"": 0.125, ""trend"": 0.125, ""volume_momentum"": 0.125}",0.06992286424009102,0.0,-0.1373604271076072,0.059518955876017375,2337.TW,2010-01-29,2010-02-01
0.036396289376345585,4225000,0,-0.01961519445210742,-0.01961519445210742,0.12753011049005247,D-1 estimated accounting; fill-day constraints require ledger audit,adaptive,V4_CAUSAL_7_EXPERTS_RIDGE_ANCHOR20,disabled,2010-01-29,risk_off,0.02182182987542909,-0.035405115550017574,-0.06949992215832379,0.125,0.07717346845318687,0.125,0.26785714285714285,2010-01-19,2010-01-26,"{""long_momentum"": 0.125, ""mean_reversion"": 0.125, ""medium_momentum"": 0.125, ""ridge"": 0.125, ""risk_adjusted"": 0.125, ""short_momentum"": 0.125, ""trend"": 0.125, ""volume_momentum"": 0.125}",0.07189218861813401,0.5,-0.16104506811106967,0.04723810138749451,2344.TW,2010-01-29,2010-02-01
0.04109821748674886,2654000,0,-0.015268971736914456,-0.015268971736914456,0.04826547291310139,D-1 estimated accounting; fill-day constraints require ledger audit,adaptive,V4_CAUSAL_7_EXPERTS_RIDGE_ANCHOR20,disabled,2010-01-29,risk_off,0.02182182987542909,-0.035405115550017574,-0.06949992215832379,0.125,0.07717346845318687,0.125,0.26785714285714285,2010-01-19,2010-01-26,"{""long_momentum"": 0.125, ""mean_reversion"": 0.125, ""medium_momentum"": 0.125, ""ridge"": 0.125, ""risk_adjusted"": 0.125, ""short_momentum"": 0.125, ""trend"": 0.125, ""volume_momentum"": 0.125}",0.08471793978370465,0.25,-0.18185708929590663,0.07674256800271739,2345.TW,2010-01-29,2010-02-01
0.0437796832192954,1316000,0,-0.009959459177006781,-0.009959459177006781,0.04434470500908353,D-1 estimated accounting; fill-day constraints require ledger audit,adaptive,V4_CAUSAL_7_EXPERTS_RIDGE_ANCHOR20,disabled,2010-01-29,risk_off,0.02182182987542909,-0.035405115550017574,-0.06949992215832379,0.125,0.07717346845318687,0.125,0.26785714285714285,2010-01-19,2010-01-26,"{""long_momentum"": 0.125, ""mean_reversion"": 0.125, ""medium_momentum"": 0.125, ""ridge"": 0.125, ""risk_adjusted"": 0.125, ""short_momentum"": 0.125, ""trend"": 0.125, ""volume_momentum"": 0.125}",0.06937676075016659,0.25,-0.1438518449070333,0.04935634873365942,2376.TW,2010-01-29,2010-02-01
0.03613371431177953,1262000,0,-0.023418317100098236,-0.023418317100098236,0.06168126442244216,D-1 estimated accounting; fill-day constraints require ledger audit,adaptive,V4_CAUSAL_7_EXPERTS_RIDGE_ANCHOR20,disabled,2010-01-29,risk_off,0.02182182987542909,-0.035405115550017574,-0.06949992215832379,0.125,0.07717346845318687,0.125,0.26785714285714285,2010-01-19,2010-01-26,"{""long_momentum"": 0.125, ""mean_reversion"": 0.125, ""medium_momentum"": 0.125, ""ridge"": 0.125, ""risk_adjusted"": 0.125, ""short_momentum"": 0.125, ""trend"": 0.125, ""volume_momentum"": 0.125}",0.08676381059376309,0.25,-0.1932476593002313,0.07183444728067453,2408.TW,2010-01-29,2010-02-01
0.044707323061225414,2715000,0,-0.007607240755138389,-0.007607240755138389,0.03784684323158208,D-1 estimated accounting; fill-day constraints require ledger audit,adaptive,V4_CAUSAL_7_EXPERTS_RIDGE_ANCHOR20,disabled,2010-01-29,risk_off,0.02182182987542909,-0.035405115550017574,-0.06949992215832379,0.125,0.07717346845318687,0.125,0.26785714285714285,2010-01-19,2010-01-26,"{""long_momentum"": 0.125, ""mean_reversion"": 0.125, ""medium_momentum"": 0.125, ""ridge"": 0.125, ""risk_adjusted"": 0.125, ""short_momentum"": 0.125, ""trend"": 0.125, ""volume_momentum"": 0.125}",0.07067077980522646,0.25,-0.1456419473067682,0.05585088797713109,2449.TW,2010-01-29,2010-02-01
0.03681477945900754,3200000,0,-0.03581843886415951,-0.03581843886415951,0.1773804486107193,D-1 estimated accounting; fill-day constraints require ledger audit,adaptive,V4_CAUSAL_7_EXPERTS_RIDGE_ANCHOR20,disabled,2010-01-29,risk_off,0.02182182987542909,-0.035405115550017574,-0.06949992215832379,0.125,0.07717346845318687,0.125,0.26785714285714285,2010-01-19,2010-01-26,"{""long_momentum"": 0.125, ""mean_reversion"": 0.125, ""medium_momentum"": 0.125, ""ridge"": 0.125, ""risk_adjusted"": 0.125, ""short_momentum"": 0.125, ""trend"": 0.125, ""volume_momentum"": 0.125}",0.07424057464002891,0.5,-0.18293314969178964,0.0367196941441103,2890.TW,2010-01-29,2010-02-01
0.03787205773206764,889000,0,-0.01908223339320542,-0.01908223339320542,0.1286308029225721,D-1 estimated accounting; fill-day constraints require ledger audit,adaptive,V4_CAUSAL_7_EXPERTS_RIDGE_ANCHOR20,disabled,2010-01-29,risk_off,0.02182182987542909,-0.035405115550017574,-0.06949992215832379,0.125,0.07717346845318687,0.125,0.26785714285714285,2010-01-19,2010-01-26,"{""long_momentum"": 0.125, ""mean_reversion"": 0.125, ""medium_momentum"": 0.125, ""ridge"": 0.125, ""risk_adjusted"": 0.125, ""short_momentum"": 0.125, ""trend"": 0.125, ""volume_momentum"": 0.125}",0.06952766736945039,0.5,-0.15349696846466357,0.040755923858892415,3037.TW,2010-01-29,2010-02-01
0.045755061079681754,381000,0,-0.009076434639945525,-0.009076434639945525,0.0,D-1 estimated accounting; fill-day constraints require ledger audit,adaptive,V4_CAUSAL_7_EXPERTS_RIDGE_ANCHOR20,disabled,2010-01-29,risk_off,0.02182182987542909,-0.035405115550017574,-0.06949992215832379,0.125,0.07717346845318687,0.125,0.26785714285714285,2010-01-19,2010-01-26,"{""long_momentum"": 0.125, ""mean_reversion"": 0.125, ""medium_momentum"": 0.125, ""ridge"": 0.125, ""risk_adjusted"": 0.125, ""short_momentum"": 0.125, ""trend"": 0.125, ""volume_momentum"": 0.125}",0.11955469711043543,0.0,-0.22252507267917745,0.12979562557992608,3044.TW,2010-01-29,2010-02-01
0.04024951643719747,365000,0,-0.01582401140781544,-0.01582401140781544,0.11467976495178464,D-1 estimated accounting; fill-day constraints require ledger audit,adaptive,V4_CAUSAL_7_EXPERTS_RIDGE_ANCHOR20,disabled,2010-01-29,risk_off,0.02182182987542909,-0.035405115550017574,-0.06949992215832379,0.125,0.07717346845318687,0.125,0.26785714285714285,2010-01-19,2010-01-26,"{""long_momentum"": 0.125, ""mean_reversion"": 0.125, ""medium_momentum"": 0.125, ""ridge"": 0.125, ""risk_adjusted"": 0.125, ""short_momentum"": 0.125, ""trend"": 0.125, ""volume_momentum"": 0.125}",0.0699679928161668,0.5,-0.15169737503191502,0.04547277439692382,3211.TWO,2010-01-29,2010-02-01
0.03587277471943127,394000,0,-0.02208434450861141,-0.02208434450861141,0.06461898308267336,D-1 estimated accounting; fill-day constraints require ledger audit,adaptive,V4_CAUSAL_7_EXPERTS_RIDGE_ANCHOR20,disabled,2010-01-29,risk_off,0.02182182987542909,-0.035405115550017574,-0.06949992215832379,0.125,0.07717346845318687,0.125,0.26785714285714285,2010-01-19,2010-01-26,"{""long_momentum"": 0.125, ""mean_reversion"": 0.125, ""medium_momentum"": 0.125, ""ridge"": 0.125, ""risk_adjusted"": 0.125, ""short_momentum"": 0.125, ""trend"": 0.125, ""volume_momentum"": 0.125}",0.07770043860210302,0.25,-0.17637770208157785,0.05763243524499473,3260.TWO,2010-01-29,2010-02-01
0.04407575820645583,1943000,0,-0.0018159743932749596,-0.0018159743932749596,0.022699253326261087,D-1 estimated accounting; fill-day constraints require ledger audit,adaptive,V4_CAUSAL_7_EXPERTS_RIDGE_ANCHOR20,disabled,2010-01-29,risk_off,0.02182182987542909,-0.035405115550017574,-0.06949992215832379,0.125,0.07717346845318687,0.125,0.26785714285714285,2010-01-19,2010-01-26,"{""long_momentum"": 0.125, ""mean_reversion"": 0.125, ""medium_momentum"": 0.125, ""ridge"": 0.125, ""risk_adjusted"": 0.125, ""short_momentum"": 0.125, ""trend"": 0.125, ""volume_momentum"": 0.125}",0.0682522921187061,0.25,-0.13131328481004326,0.05310475820413302,3264.TWO,2010-01-29,2010-02-01
0.0412639453381515,1768000,0,-0.019068759729019266,-0.019068759729019266,0.1271912244048771,D-1 estimated accounting; fill-day constraints require ledger audit,adaptive,V4_CAUSAL_7_EXPERTS_RIDGE_ANCHOR20,disabled,2010-01-29,risk_off,0.02182182987542909,-0.035405115550017574,-0.06949992215832379,0.125,0.07717346845318687,0.125,0.26785714285714285,2010-01-19,2010-01-26,"{""long_momentum"": 0.125, ""mean_reversion"": 0.125, ""medium_momentum"": 0.125, ""ridge"": 0.125, ""risk_adjusted"": 0.125, ""short_momentum"": 0.125, ""trend"": 0.125, ""volume_momentum"": 0.125}",0.07054767250377068,0.5,-0.15673766567052194,0.04402356839312305,3324.TWO,2010-01-29,2010-02-01
0.039672467323020856,232000,0,-0.016216367658400996,-0.016216367658400996,0.052710060060569025,D-1 estimated accounting; fill-day constraints require ledger audit,adaptive,V4_CAUSAL_7_EXPERTS_RIDGE_ANCHOR20,disabled,2010-01-29,risk_off,0.02182182987542909,-0.035405115550017574,-0.06949992215832379,0.125,0.07717346845318687,0.125,0.26785714285714285,2010-01-19,2010-01-26,"{""long_momentum"": 0.125, ""mean_reversion"": 0.125, ""medium_momentum"": 0.125, ""ridge"": 0.125, ""risk_adjusted"": 0.125, ""short_momentum"": 0.125, ""trend"": 0.125, ""volume_momentum"": 0.125}",0.07941132862017139,0.25,-0.17372414502260264,0.06671483188644028,3533.TW,2010-01-29,2010-02-01
0.04292032434245808,2564000,0,-0.009173474382068376,-0.009173474382068376,0.08550355591455269,D-1 estimated accounting; fill-day constraints require ledger audit,adaptive,V4_CAUSAL_7_EXPERTS_RIDGE_ANCHOR20,disabled,2010-01-29,risk_off,0.02182182987542909,-0.035405115550017574,-0.06949992215832379,0.125,0.07717346845318687,0.125,0.26785714285714285,2010-01-19,2010-01-26,"{""long_momentum"": 0.125, ""mean_reversion"": 0.125, ""medium_momentum"": 0.125, ""ridge"": 0.125, ""risk_adjusted"": 0.125, ""short_momentum"": 0.125, ""trend"": 0.125, ""volume_momentum"": 0.125}",0.06870889366957457,0.5,-0.14058159876014306,0.04765807217664598,5347.TWO,2010-01-29,2010-02-01
0.038346099354393835,913000,0,-0.019574184513851848,-0.019574184513851848,0.16378822108840735,D-1 estimated accounting; fill-day constraints require ledger audit,adaptive,V4_CAUSAL_7_EXPERTS_RIDGE_ANCHOR20,disabled,2010-01-29,risk_off,0.02182182987542909,-0.035405115550017574,-0.06949992215832379,0.125,0.07717346845318687,0.125,0.26785714285714285,2010-01-19,2010-01-26,"{""long_momentum"": 0.125, ""mean_reversion"": 0.125, ""medium_momentum"": 0.125, ""ridge"": 0.125, ""risk_adjusted"": 0.125, ""short_momentum"": 0.125, ""trend"": 0.125, ""volume_momentum"": 0.125}",0.06919852526402168,0.625,-0.15283282897200967,0.03910788212494566,6023.TWO,2010-01-29,2010-02-01
0.04241188328781772,379000,0,-0.008053874612668273,-0.008053874612668273,0.03420634279501002,D-1 estimated accounting; fill-day constraints require ledger audit,adaptive,V4_CAUSAL_7_EXPERTS_RIDGE_ANCHOR20,disabled,2010-01-29,risk_off,0.02182182987542909,-0.035405115550017574,-0.06949992215832379,0.125,0.07717346845318687,0.125,0.26785714285714285,2010-01-19,2010-01-26,"{""long_momentum"": 0.125, ""mean_reversion"": 0.125, ""medium_momentum"": 0.125, ""ridge"": 0.125, ""risk_adjusted"": 0.125, ""short_momentum"": 0.125, ""trend"": 0.125, ""volume_momentum"": 0.125}",0.08235149136650737,0.25,-0.17073091311032784,0.080046586065631,6239.TW,2010-01-29,2010-02-01
0.04453407203762095,2938000,0,-0.011282771948860964,-0.011282771948860964,0.046551504140187355,D-1 estimated accounting; fill-day constraints require ledger audit,adaptive,V4_CAUSAL_7_EXPERTS_RIDGE_ANCHOR20,disabled,2010-01-29,risk_off,0.02182182987542909,-0.035405115550017574,-0.06949992215832379,0.125,0.07717346845318687,0.125,0.26785714285714285,2010-01-19,2010-01-26,"{""long_momentum"": 0.125, ""mean_reversion"": 0.125, ""medium_momentum"": 0.125, ""ridge"": 0.125, ""risk_adjusted"": 0.125, ""short_momentum"": 0.125, ""trend"": 0.125, ""volume_momentum"": 0.125}",0.07116215732681974,0.25,-0.1507309891720041,0.05358886745492184,6274.TWO,2010-01-29,2010-02-01
0.036340192679275414,151000,0,-0.029259687966481696,-0.029259687966481696,0.15282928467236326,D-1 estimated accounting; fill-day constraints require ledger audit,adaptive,V4_CAUSAL_7_EXPERTS_RIDGE_ANCHOR20,disabled,2010-01-29,risk_off,0.02182182987542909,-0.035405115550017574,-0.06949992215832379,0.125,0.07717346845318687,0.125,0.26785714285714285,2010-01-19,2010-01-26,"{""long_momentum"": 0.125, ""mean_reversion"": 0.125, ""medium_momentum"": 0.125, ""ridge"": 0.125, ""risk_adjusted"": 0.125, ""short_momentum"": 0.125, ""trend"": 0.125, ""volume_momentum"": 0.125}",0.07782513936202382,0.5,-0.18379352006833666,0.050697566316012924,8299.TWO,2010-01-29,2010-02-01
0.039682383246504686,2243000,0,-0.016444226011160485,-0.016444226011160485,0.05599949838038851,D-1 estimated accounting; fill-day constraints require ledger audit,adaptive,V4_CAUSAL_7_EXPERTS_RIDGE_ANCHOR20,disabled,2010-02-01,risk_off,0.021902464761227793,-0.04726852180410446,-0.08214780442720909,0.10714285714285714,0.07269178647612357,0.08928571428571429,0.20535714285714285,2010-01-19,2010-01-26,"{""long_momentum"": 0.125, ""mean_reversion"": 0.125, ""medium_momentum"": 0.125, ""ridge"": 0.125, ""risk_adjusted"": 0.125, ""short_momentum"": 0.125, ""trend"": 0.125, ""volume_momentum"": 0.125}",0.07428978336110219,0.25,-0.16366940755067222,0.05620437770899092,1815.TWO,2010-02-01,2010-02-02
0.03551367502377998,3544000,0,-0.021808417463672618,-0.021808417463672618,0.13860790259871325,D-1 estimated accounting; fill-day constraints require ledger audit,adaptive,V4_CAUSAL_7_EXPERTS_RIDGE_ANCHOR20,disabled,2010-02-01,risk_off,0.021902464761227793,-0.04726852180410446,-0.08214780442720909,0.10714285714285714,0.07269178647612357,0.08928571428571429,0.20535714285714285,2010-01-19,2010-01-26,"{""long_momentum"": 0.125, ""mean_reversion"": 0.125, ""medium_momentum"": 0.125, ""ridge"": 0.125, ""risk_adjusted"": 0.125, ""short_momentum"": 0.125, ""trend"": 0.125, ""volume_momentum"": 0.125}",0.06989753133524344,0.5,-0.15745439879119186,0.0392609860444863,2313.TW,2010-02-01,2010-02-02
0.04438552955097586,3528000,0,-0.005597768920481052,-0.005597768920481052,0.033213469205385746,D-1 estimated accounting; fill-day constraints require ledger audit,adaptive,V4_CAUSAL_7_EXPERTS_RIDGE_ANCHOR20,disabled,2010-02-01,risk_off,0.021902464761227793,-0.04726852180410446,-0.08214780442720909,0.10714285714285714,0.07269178647612357,0.08928571428571429,0.20535714285714285,2010-01-19,2010-01-26,"{""long_momentum"": 0.125, ""mean_reversion"": 0.125, ""medium_momentum"": 0.125, ""ridge"": 0.125, ""risk_adjusted"": 0.125, ""short_momentum"": 0.125, ""trend"": 0.125, ""volume_momentum"": 0.125}",0.06917234523822423,0.25,-0.13876169350589357,0.05298957784557115,2327.TW,2010-02-01,2010-02-02
0.04323983817842223,2255000,0,-0.006900752110796175,-0.006900752110796175,0.036410338344366126,D-1 estimated accounting; fill-day constraints require ledger audit,adaptive,V4_CAUSAL_7_EXPERTS_RIDGE_ANCHOR20,disabled,2010-02-01,risk_off,0.021902464761227793,-0.04726852180410446,-0.08214780442720909,0.10714285714285714,0.07269178647612357,0.08928571428571429,0.20535714285714285,2010-01-19,2010-01-26,"{""long_momentum"": 0.125, ""mean_reversion"": 0.125, ""medium_momentum"": 0.125, ""ridge"": 0.125, ""risk_adjusted"": 0.125, ""short_momentum"": 0.125, ""trend"": 0.125, ""volume_momentum"": 0.125}",0.06981197463071193,0.25,-0.14226768561082523,0.05388960356987255,2337.TW,2010-02-01,2010-02-02
0.036116320660654205,4225000,0,-0.01856606996873488,-0.01856606996873488,0.05960102131254702,D-1 estimated accounting; fill-day constraints require ledger audit,adaptive,V4_CAUSAL_7_EXPERTS_RIDGE_ANCHOR20,disabled,2010-02-01,risk_off,0.021902464761227793,-0.04726852180410446,-0.08214780442720909,0.10714285714285714,0.07269178647612357,0.08928571428571429,0.20535714285714285,2010-01-19,2010-01-26,"{""long_momentum"": 0.125, ""mean_reversion"": 0.125, ""medium_momentum"": 0.125, ""ridge"": 0.125, ""risk_adjusted"": 0.125, ""short_momentum"": 0.125, ""trend"": 0.125, ""volume_momentum"": 0.125}",0.0752832007725948,0.25,-0.16796221081399657,0.05625349305716646,2344.TW,2010-02-01,2010-02-02
0.04257762010574542,2654000,0,-0.01564391530420429,-0.01564391530420429,0.04048813832086022,D-1 estimated accounting; fill-day constraints require ledger audit,adaptive,V4_CAUSAL_7_EXPERTS_RIDGE_ANCHOR20,disabled,2010-02-01,risk_off,0.021902464761227793,-0.04726852180410446,-0.08214780442720909,0.10714285714285714,0.07269178647612357,0.08928571428571429,0.20535714285714285,2010-01-19,2010-01-26,"{""long_momentum"": 0.125, ""mean_reversion"": 0.125, ""medium_momentum"": 0.125, ""ridge"": 0.125, ""risk_adjusted"": 0.125, ""short_momentum"": 0.125, ""trend"": 0.125, ""volume_momentum"": 0.125}",0.10682499386497932,0.25,-0.2133427038832833,0.10747829545551442,2345.TW,2010-02-01,2010-02-02
0.04418530684143192,1316000,0,-0.007161174033743059,-0.007161174033743059,0.03711378339726919,D-1 estimated accounting; fill-day constraints require ledger audit,adaptive,V4_CAUSAL_7_EXPERTS_RIDGE_ANCHOR20,disabled,2010-02-01,risk_off,0.021902464761227793,-0.04726852180410446,-0.08214780442720909,0.10714285714285714,0.07269178647612357,0.08928571428571429,0.20535714285714285,2010-01-19,2010-01-26,"{""long_momentum"": 0.125, ""mean_reversion"": 0.125, ""medium_momentum"": 0.125, ""ridge"": 0.125, ""risk_adjusted"": 0.125, ""short_momentum"": 0.125, ""trend"": 0.125, ""volume_momentum"": 0.125}",0.06975700380041082,0.25,-0.14234705278490334,0.053448126898056905,2376.TW,2010-02-01,2010-02-02
0.03689426141706112,1262000,0,-0.02689766169202865,-0.02689766169202865,0.14970021593311106,D-1 estimated accounting; fill-day constraints require ledger audit,adaptive,V4_CAUSAL_7_EXPERTS_RIDGE_ANCHOR20,disabled,2010-02-01,risk_off,0.021902464761227793,-0.04726852180410446,-0.08214780442720909,0.10714285714285714,0.07269178647612357,0.08928571428571429,0.20535714285714285,2010-01-19,2010-01-26,"{""long_momentum"": 0.125, ""mean_reversion"": 0.125, ""medium_momentum"": 0.125, ""ridge"": 0.125, ""risk_adjusted"": 0.125, ""short_momentum"": 0.125, ""trend"": 0.125, ""volume_momentum"": 0.125}",0.07464080083858367,0.5,-0.17490249132337216,0.04653059011995456,2408.TW,2010-02-01,2010-02-02
0.044152705420824424,2715000,0,-0.012975342950226534,-0.012975342950226534,0.05018343985532646,D-1 estimated accounting; fill-day constraints require ledger audit,adaptive,V4_CAUSAL_7_EXPERTS_RIDGE_ANCHOR20,disabled,2010-02-01,risk_off,0.021902464761227793,-0.04726852180410446,-0.08214780442720909,0.10714285714285714,0.07269178647612357,0.08928571428571429,0.20535714285714285,2010-01-19,2010-01-26,"{""long_momentum"": 0.125, ""mean_reversion"": 0.125, ""medium_momentum"": 0.125, ""ridge"": 0.125, ""risk_adjusted"": 0.125, ""short_momentum"": 0.125, ""trend"": 0.125, ""volume_momentum"": 0.125}",0.0715728376948605,0.25,-0.15355411406236516,0.05302685034255178,2449.TW,2010-02-01,2010-02-02
0.03709506089984243,3200000,0,-0.032330892714640576,-0.032330892714640576,0.25878286223062197,D-1 estimated accounting; fill-day constraints require ledger audit,adaptive,V4_CAUSAL_7_EXPERTS_RIDGE_ANCHOR20,disabled,2010-02-01,risk_off,0.021902464761227793,-0.04726852180410446,-0.08214780442720909,0.10714285714285714,0.07269178647612357,0.08928571428571429,0.20535714285714285,2010-01-19,2010-01-26,"{""long_momentum"": 0.125, ""mean_reversion"": 0.125, ""medium_momentum"": 0.125, ""ridge"": 0.125, ""risk_adjusted"": 0.125, ""short_momentum"": 0.125, ""trend"": 0.125, ""volume_momentum"": 0.125}",0.07086085265306093,0.75,-0.17092087215751414,0.03168250890887269,2890.TW,2010-02-01,2010-02-02
0.03557075909504419,889000,0,-0.026616736150198436,-0.026616736150198436,0.12923255555539392,D-1 estimated accounting; fill-day constraints require ledger audit,adaptive,V4_CAUSAL_7_EXPERTS_RIDGE_ANCHOR20,disabled,2010-02-01,risk_off,0.021902464761227793,-0.04726852180410446,-0.08214780442720909,0.10714285714285714,0.07269178647612357,0.08928571428571429,0.20535714285714285,2010-01-19,2010-01-26,"{""long_momentum"": 0.125, ""mean_reversion"": 0.125, ""medium_momentum"": 0.125, ""ridge"": 0.125, ""risk_adjusted"": 0.125, ""short_momentum"": 0.125, ""trend"": 0.125, ""volume_momentum"": 0.125}",0.0907082307063392,0.5,-0.20240669245142023,0.07459664233166304,3037.TW,2010-02-01,2010-02-02
0.045474724611659544,381000,0,-0.0034275303931615934,-0.0034275303931615934,0.0,D-1 estimated accounting; fill-day constraints require ledger audit,adaptive,V4_CAUSAL_7_EXPERTS_RIDGE_ANCHOR20,disabled,2010-02-01,risk_off,0.021902464761227793,-0.04726852180410446,-0.08214780442720909,0.10714285714285714,0.07269178647612357,0.08928571428571429,0.20535714285714285,2010-01-19,2010-01-26,"{""long_momentum"": 0.125, ""mean_reversion"": 0.125, ""medium_momentum"": 0.125, ""ridge"": 0.125, ""risk_adjusted"": 0.125, ""short_momentum"": 0.125, ""trend"": 0.125, ""volume_momentum"": 0.125}",0.09241379007674025,0.0,-0.18169855780196795,0.10026691919628444,3044.TW,2010-02-01,2010-02-02
0.039712705039554964,365000,0,-0.0181262719273722,-0.0181262719273722,0.12225540665751185,D-1 estimated accounting; fill-day constraints require ledger audit,adaptive,V4_CAUSAL_7_EXPERTS_RIDGE_ANCHOR20,disabled,2010-02-01,risk_off,0.021902464761227793,-0.04726852180410446,-0.08214780442720909,0.10714285714285714,0.07269178647612357,0.08928571428571429,0.20535714285714285,2010-01-19,2010-01-26,"{""long_momentum"": 0.125, ""mean_reversion"": 0.125, ""medium_momentum"": 0.125, ""ridge"": 0.125, ""risk_adjusted"": 0.125, ""short_momentum"": 0.125, ""trend"": 0.125, ""volume_momentum"": 0.125}",0.07145552432871688,0.5,-0.15838641908302029,0.047557297408915546,3211.TWO,2010-02-01,2010-02-02
0.035755820908062994,394000,0,-0.023682815307075458,-0.023682815307075458,0.1438338309580124,D-1 estimated accounting; fill-day constraints require ledger audit,adaptive,V4_CAUSAL_7_EXPERTS_RIDGE_ANCHOR20,disabled,2010-02-01,risk_off,0.021902464761227793,-0.04726852180410446,-0.08214780442720909,0.10714285714285714,0.07269178647612357,0.08928571428571429,0.20535714285714285,2010-01-19,2010-01-26,"{""long_momentum"": 0.125, ""mean_reversion"": 0.125, ""medium_momentum"": 0.125, ""ridge"": 0.125, ""risk_adjusted"": 0.125, ""short_momentum"": 0.125, ""trend"": 0.125, ""volume_momentum"": 0.125}",0.07102535180504323,0.5,-0.16274456031766577,0.040802351884154556,3260.TWO,2010-02-01,2010-02-02
0.044304561574606105,1943000,0,-0.009361711403705262,-0.009361711403705262,0.0,D-1 estimated accounting; fill-day constraints require ledger audit,adaptive,V4_CAUSAL_7_EXPERTS_RIDGE_ANCHOR20,disabled,2010-02-01,risk_off,0.021902464761227793,-0.04726852180410446,-0.08214780442720909,0.10714285714285714,0.07269178647612357,0.08928571428571429,0.20535714285714285,2010-01-19,2010-01-26,"{""long_momentum"": 0.125, ""mean_reversion"": 0.125, ""medium_momentum"": 0.125, ""ridge"": 0.125, ""risk_adjusted"": 0.125, ""short_momentum"": 0.125, ""trend"": 0.125, ""volume_momentum"": 0.125}",0.0696954171272842,0.0,-0.14434305335019645,0.051043052723425617,3264.TWO,2010-02-01,2010-02-02
0.04157809955077655,1768000,0,-0.026909993602391612,-0.026909993602391612,0.06323810617341273,D-1 estimated accounting; fill-day constraints require ledger audit,adaptive,V4_CAUSAL_7_EXPERTS_RIDGE_ANCHOR20,disabled,2010-02-01,risk_off,0.021902464761227793,-0.04726852180410446,-0.08214780442720909,0.10714285714285714,0.07269178647612357,0.08928571428571429,0.20535714285714285,2010-01-19,2010-01-26,"{""long_momentum"": 0.125, ""mean_reversion"": 0.125, ""medium_momentum"": 0.125, ""ridge"": 0.125, ""risk_adjusted"": 0.125, ""short_momentum"": 0.125, ""trend"": 0.125, ""volume_momentum"": 0.125}",0.09424018519521275,0.25,-0.207783989413071,0.07938742438892746,3324.TWO,2010-02-01,2010-02-02
0.038314222196680014,232000,0,-0.0132757518118783,-0.0132757518118783,0.09973687151765327,D-1 estimated accounting; fill-day constraints require ledger audit,adaptive,V4_CAUSAL_7_EXPERTS_RIDGE_ANCHOR20,disabled,2010-02-01,risk_off,0.021902464761227793,-0.04726852180410446,-0.08214780442720909,0.10714285714285714,0.07269178647612357,0.08928571428571429,0.20535714285714285,2010-01-19,2010-01-26,"{""long_momentum"": 0.125, ""mean_reversion"": 0.125, ""medium_momentum"": 0.125, ""ridge"": 0.125, ""risk_adjusted"": 0.125, ""short_momentum"": 0.125, ""trend"": 0.125, ""volume_momentum"": 0.125}",0.07334408513399744,0.5,-0.1583226293376895,0.05719454789457261,3533.TW,2010-02-01,2010-02-02
0.04085229909502783,2564000,0,-0.014470430937665701,-0.014470430937665701,0.05344774467527682,D-1 estimated accounting; fill-day constraints require ledger audit,adaptive,V4_CAUSAL_7_EXPERTS_RIDGE_ANCHOR20,disabled,2010-02-01,risk_off,0.021902464761227793,-0.04726852180410446,-0.08214780442720909,0.10714285714285714,0.07269178647612357,0.08928571428571429,0.20535714285714285,2010-01-19,2010-01-26,"{""long_momentum"": 0.125, ""mean_reversion"": 0.125, ""medium_momentum"": 0.125, ""ridge"": 0.125, ""risk_adjusted"": 0.125, ""short_momentum"": 0.125, ""trend"": 0.125, ""volume_momentum"": 0.125}",0.07160184468387276,0.25,-0.15512747590459167,0.05161003620989993,5347.TWO,2010-02-01,2010-02-02
0.03863803917137454,913000,0,-0.020212782069085795,-0.020212782069085795,0.2012709294025513,D-1 estimated accounting; fill-day constraints require ledger audit,adaptive,V4_CAUSAL_7_EXPERTS_RIDGE_ANCHOR20,disabled,2010-02-01,risk_off,0.021902464761227793,-0.04726852180410446,-0.08214780442720909,0.10714285714285714,0.07269178647612357,0.08928571428571429,0.20535714285714285,2010-01-19,2010-01-26,"{""long_momentum"": 0.125, ""mean_reversion"": 0.125, ""medium_momentum"": 0.125, ""ridge"": 0.125, ""risk_adjusted"": 0.125, ""short_momentum"": 0.125, ""trend"": 0.125, ""volume_momentum"": 0.125}",0.06873812583373551,0.75,-0.15173651475138333,0.0367343727938514,6023.TWO,2010-02-01,2010-02-02
0.04273477708023245,379000,0,-0.012577473100425302,-0.012577473100425302,0.048972301428625416,D-1 estimated accounting; fill-day constraints require ledger audit,adaptive,V4_CAUSAL_7_EXPERTS_RIDGE_ANCHOR20,disabled,2010-02-01,risk_off,0.021902464761227793,-0.04726852180410446,-0.08214780442720909,0.10714285714285714,0.07269178647612357,0.08928571428571429,0.20535714285714285,2010-01-19,2010-01-26,"{""long_momentum"": 0.125, ""mean_reversion"": 0.125, ""medium_momentum"": 0.125, ""ridge"": 0.125, ""risk_adjusted"": 0.125, ""short_momentum"": 0.125, ""trend"": 0.125, ""volume_momentum"": 0.125}",0.07215423537382087,0.25,-0.15468914318021057,0.054957619159999624,6239.TW,2010-02-01,2010-02-02
0.04487312265969103,2938000,0,-0.016768066510503204,-0.016768066510503204,0.1191731974451954,D-1 estimated accounting; fill-day constraints require ledger audit,adaptive,V4_CAUSAL_7_EXPERTS_RIDGE_ANCHOR20,disabled,2010-02-01,risk_off,0.021902464761227793,-0.04726852180410446,-0.08214780442720909,0.10714285714285714,0.07269178647612357,0.08928571428571429,0.20535714285714285,2010-01-19,2010-01-26,"{""long_momentum"": 0.125, ""mean_reversion"": 0.125, ""medium_momentum"": 0.125, ""ridge"": 0.125, ""risk_adjusted"": 0.125, ""short_momentum"": 0.125, ""trend"": 0.125, ""volume_momentum"": 0.125}",0.06956147308884238,0.5,-0.15129813975488723,0.04318542891452053,6274.TWO,2010-02-01,2010-02-02
0.03678330123234815,151000,0,-0.026573789338609523,-0.026573789338609523,0.14499439189437463,D-1 estimated accounting; fill-day constraints require ledger audit,adaptive,V4_CAUSAL_7_EXPERTS_RIDGE_ANCHOR20,disabled,2010-02-01,risk_off,0.021902464761227793,-0.04726852180410446,-0.08214780442720909,0.10714285714285714,0.07269178647612357,0.08928571428571429,0.20535714285714285,2010-01-19,2010-01-26,"{""long_momentum"": 0.125, ""mean_reversion"": 0.125, ""medium_momentum"": 0.125, ""ridge"": 0.125, ""risk_adjusted"": 0.125, ""short_momentum"": 0.125, ""trend"": 0.125, ""volume_momentum"": 0.125}",0.07730555739367777,0.5,-0.1800985811335373,0.05237442463695793,8299.TWO,2010-02-01,2010-02-02
0.04175612818297451,2243000,0,-0.008861656134689398,-0.008861656134689398,0.041263445245610354,D-1 estimated accounting; fill-day constraints require ledger audit,adaptive,V4_CAUSAL_7_EXPERTS_RIDGE_ANCHOR20,disabled,2010-02-02,risk_off,0.021846496587908854,-0.017923315645840765,-0.09464602973073005,0.33035714285714285,0.06944926331121869,0.08035714285714286,0.14285714285714285,2010-01-19,2010-01-26,"{""long_momentum"": 0.125, ""mean_reversion"": 0.125, ""medium_momentum"": 0.125, ""ridge"": 0.125, ""risk_adjusted"": 0.125, ""short_momentum"": 0.125, ""trend"": 0.125, ""volume_momentum"": 0.125}",0.07012100728678057,0.25,-0.14522157836644564,0.05292168827770655,1815.TWO,2010-02-02,2010-02-03
0.03602383756615202,3544000,0,-0.01326524343527028,-0.01326524343527028,0.04833359271884613,D-1 estimated accounting; fill-day constraints require ledger audit,adaptive,V4_CAUSAL_7_EXPERTS_RIDGE_ANCHOR20,disabled,2010-02-02,risk_off,0.021846496587908854,-0.017923315645840765,-0.09464602973073005,0.33035714285714285,0.06944926331121869,0.08035714285714286,0.14285714285714285,2010-01-19,2010-01-26,"{""long_momentum"": 0.125, ""mean_reversion"": 0.125, ""medium_momentum"": 0.125, ""ridge"": 0.125, ""risk_adjusted"": 0.125, ""short_momentum"": 0.125, ""trend"": 0.125, ""volume_momentum"": 0.125}",0.07620964663506964,0.25,-0.1645959332162967,0.06348886852639582,2313.TW,2010-02-02,2010-02-03
0.04537380258247277,3528000,0,0.002796386387749137,0.002796386387749137,0.012956636180795664,D-1 estimated accounting; fill-day constraints require ledger audit,adaptive,V4_CAUSAL_7_EXPERTS_RIDGE_ANCHOR20,disabled,2010-02-02,risk_off,0.021846496587908854,-0.017923315645840765,-0.09464602973073005,0.33035714285714285,0.06944926331121869,0.08035714285714286,0.14285714285714285,2010-01-19,2010-01-26,"{""long_momentum"": 0.125, ""mean_reversion"": 0.125, ""medium_momentum"": 0.125, ""ridge"": 0.125, ""risk_adjusted"": 0.125, ""short_momentum"": 0.125, ""trend"": 0.125, ""volume_momentum"": 0.125}",0.0674197642295784,0.125,-0.1224490784066727,0.05346527336281065,2327.TW,2010-02-02,2010-02-03
0.0433787885092886,2255000,0,-0.0049121250442871744,-0.0049121250442871744,0.03185068376995132,D-1 estimated accounting; fill-day constraints require ledger audit,adaptive,V4_CAUSAL_7_EXPERTS_RIDGE_ANCHOR20,disabled,2010-02-02,risk_off,0.021846496587908854,-0.017923315645840765,-0.09464602973073005,0.33035714285714285,0.06944926331121869,0.08035714285714286,0.14285714285714285,2010-01-19,2010-01-26,"{""long_momentum"": 0.125, ""mean_reversion"": 0.125, ""medium_momentum"": 0.125, ""ridge"": 0.125, ""risk_adjusted"": 0.125, ""short_momentum"": 0.125, ""trend"": 0.125, ""volume_momentum"": 0.125}",0.06788938398986506,0.25,-0.1327127874734434,0.04831195956550873,2337.TW,2010-02-02,2010-02-03
0.03503286448617533,4225000,0,-0.01398028721618422,-0.01398028721618422,0.0364990711974936,D-1 estimated accounting; fill-day constraints require ledger audit,adaptive,V4_CAUSAL_7_EXPERTS_RIDGE_ANCHOR20,disabled,2010-02-02,risk_off,0.021846496587908854,-0.017923315645840765,-0.09464602973073005,0.33035714285714285,0.06944926331121869,0.08035714285714286,0.14285714285714285,2010-01-19,2010-01-26,"{""long_momentum"": 0.125, ""mean_reversion"": 0.125, ""medium_momentum"": 0.125, ""ridge"": 0.125, ""risk_adjusted"": 0.125, ""short_momentum"": 0.125, ""trend"": 0.125, ""volume_momentum"": 0.125}",0.11102498821591775,0.25,-0.21698252377198898,0.11444537152026024,2344.TW,2010-02-02,2010-02-03
0.0410216855153371,2654000,0,-0.010463111746345325,-0.010463111746345325,0.044595615376664954,D-1 estimated accounting; fill-day constraints require ledger audit,adaptive,V4_CAUSAL_7_EXPERTS_RIDGE_ANCHOR20,disabled,2010-02-02,risk_off,0.021846496587908854,-0.017923315645840765,-0.09464602973073005,0.33035714285714285,0.06944926331121869,0.08035714285714286,0.14285714285714285,2010-01-19,2010-01-26,"{""long_momentum"": 0.125, ""mean_reversion"": 0.125, ""medium_momentum"": 0.125, ""ridge"": 0.125, ""risk_adjusted"": 0.125, ""short_momentum"": 0.125, ""trend"": 0.125, ""volume_momentum"": 0.125}",0.0712220456157646,0.25,-0.15007890134882693,0.05457610003677597,2345.TW,2010-02-02,2010-02-03
0.04440197171117341,1316000,0,-0.0050303607769529215,-0.0050303607769529215,0.032051869441682944,D-1 estimated accounting; fill-day constraints require ledger audit,adaptive,V4_CAUSAL_7_EXPERTS_RIDGE_ANCHOR20,disabled,2010-02-02,risk_off,0.021846496587908854,-0.017923315645840765,-0.09464602973073005,0.33035714285714285,0.06944926331121869,0.08035714285714286,0.14285714285714285,2010-01-19,2010-01-26,"{""long_momentum"": 0.125, ""mean_reversion"": 0.125, ""medium_momentum"": 0.125, ""ridge"": 0.125, ""risk_adjusted"": 0.125, ""short_momentum"": 0.125, ""trend"": 0.125, ""volume_momentum"": 0.125}",0.06820501949628473,0.25,-0.13431690685134673,0.04967960747808058,2376.TW,2010-02-02,2010-02-03
0.03709789933741755,1262000,0,-0.019634523523554586,-0.019634523523554586,0.05909409937884166,D-1 estimated accounting; fill-day constraints require ledger audit,adaptive,V4_CAUSAL_7_EXPERTS_RIDGE_ANCHOR20,disabled,2010-02-02,risk_off,0.021846496587908854,-0.017923315645840765,-0.09464602973073005,0.33035714285714285,0.06944926331121869,0.08035714285714286,0.14285714285714285,2010-01-19,2010-01-26,"{""long_momentum"": 0.125, ""mean_reversion"": 0.125, ""medium_momentum"": 0.125, ""ridge"": 0.125, ""risk_adjusted"": 0.125, ""short_momentum"": 0.125, ""trend"": 0.125, ""volume_momentum"": 0.125}",0.07958283397277968,0.25,-0.17745518792363496,0.06360956305716546,2408.TW,2010-02-02,2010-02-03
0.04257697587033397,2715000,0,-0.008879145006438362,-0.008879145006438362,0.027724708767679927,D-1 estimated accounting; fill-day constraints require ledger audit,adaptive,V4_CAUSAL_7_EXPERTS_RIDGE_ANCHOR20,disabled,2010-02-02,risk_off,0.021846496587908854,-0.017923315645840765,-0.09464602973073005,0.33035714285714285,0.06944926331121869,0.08035714285714286,0.14285714285714285,2010-01-19,2010-01-26,"{""long_momentum"": 0.125, ""mean_reversion"": 0.125, ""medium_momentum"": 0.125, ""ridge"": 0.125, ""risk_adjusted"": 0.125, ""short_momentum"": 0.125, ""trend"": 0.125, ""volume_momentum"": 0.125}",0.11127225985356481,0.25,-0.21218995475244531,0.11985508692020827,2449.TW,2010-02-02,2010-02-03
0.037545801076401,3200000,0,-0.026041575121074943,-0.026041575121074943,0.1495726014696809,D-1 estimated accounting; fill-day constraints require ledger audit,adaptive,V4_CAUSAL_7_EXPERTS_RIDGE_ANCHOR20,disabled,2010-02-02,risk_off,0.021846496587908854,-0.017923315645840765,-0.09464602973073005,0.33035714285714285,0.06944926331121869,0.08035714285714286,0.14285714285714285,2010-01-19,2010-01-26,"{""long_momentum"": 0.125, ""mean_reversion"": 0.125, ""medium_momentum"": 0.125, ""ridge"": 0.125, ""risk_adjusted"": 0.125, ""short_momentum"": 0.125, ""trend"": 0.125, ""volume_momentum"": 0.125}",0.07272600936988285,0.5,-0.16959425283300605,0.042934524771495855,2890.TW,2010-02-02,2010-02-03
0.0360205719978479,889000,0,-0.027385007150553167,-0.027385007150553167,0.1187889823192872,D-1 estimated accounting; fill-day constraints require ledger audit,adaptive,V4_CAUSAL_7_EXPERTS_RIDGE_ANCHOR20,disabled,2010-02-02,risk_off,0.021846496587908854,-0.017923315645840765,-0.09464602973073005,0.33035714285714285,0.06944926331121869,0.08035714285714286,0.14285714285714285,2010-01-19,2010-01-26,"{""long_momentum"": 0.125, ""mean_reversion"": 0.125, ""medium_momentum"": 0.125, ""ridge"": 0.125, ""risk_adjusted"": 0.125, ""short_momentum"": 0.125, ""trend"": 0.125, ""volume_momentum"": 0.125}",0.10392816987249374,0.5,-0.22134943013131608,0.09200283801084944,3037.TW,2010-02-02,2010-02-03
0.04432430871368173,381000,0,0.005061656602303009,0.005061656602303009,0.0,D-1 estimated accounting; fill-day constraints require ledger audit,adaptive,V4_CAUSAL_7_EXPERTS_RIDGE_ANCHOR20,disabled,2010-02-02,risk_off,0.021846496587908854,-0.017923315645840765,-0.09464602973073005,0.33035714285714285,0.06944926331121869,0.08035714285714286,0.14285714285714285,2010-01-19,2010-01-26,"{""long_momentum"": 0.125, ""mean_reversion"": 0.125, ""medium_momentum"": 0.125, ""ridge"": 0.125, ""risk_adjusted"": 0.125, ""short_momentum"": 0.125, ""trend"": 0.125, ""volume_momentum"": 0.125}",0.0718310314999588,0.0,-0.13620699993273586,0.07175373531798154,3044.TW,2010-02-02,2010-02-03
0.04003287820086781,365000,0,-0.011019689936537902,-0.011019689936537902,0.07907023389582879,D-1 estimated accounting; fill-day constraints require ledger audit,adaptive,V4_CAUSAL_7_EXPERTS_RIDGE_ANCHOR20,disabled,2010-02-02,risk_off,0.021846496587908854,-0.017923315645840765,-0.09464602973073005,0.33035714285714285,0.06944926331121869,0.08035714285714286,0.14285714285714285,2010-01-19,2010-01-26,"{""long_momentum"": 0.125, ""mean_reversion"": 0.125, ""medium_momentum"": 0.125, ""ridge"": 0.125, ""risk_adjusted"": 0.125, ""short_momentum"": 0.125, ""trend"": 0.125, ""volume_momentum"": 0.125}",0.08528069294612228,0.5,-0.1785111646461436,0.08189520695370749,3211.TWO,2010-02-02,2010-02-03
0.035644270240938296,394000,0,-0.015278304056174674,-0.015278304056174674,0.09051115558456382,D-1 estimated accounting; fill-day constraints require ledger audit,adaptive,V4_CAUSAL_7_EXPERTS_RIDGE_ANCHOR20,disabled,2010-02-02,risk_off,0.021846496587908854,-0.017923315645840765,-0.09464602973073005,0.33035714285714285,0.06944926331121869,0.08035714285714286,0.14285714285714285,2010-01-19,2010-01-26,"{""long_momentum"": 0.125, ""mean_reversion"": 0.125, ""medium_momentum"": 0.125, ""ridge"": 0.125, ""risk_adjusted"": 0.125, ""short_momentum"": 0.125, ""trend"": 0.125, ""volume_momentum"": 0.125}",0.09174271658602022,0.5,-0.1925792524741178,0.08744606654240814,3260.TWO,2010-02-02,2010-02-03
0.04450315356847195,1943000,0,-0.007011339385969667,-0.007011339385969667,0.0361925746326592,D-1 estimated accounting; fill-day constraints require ledger audit,adaptive,V4_CAUSAL_7_EXPERTS_RIDGE_ANCHOR20,disabled,2010-02-02,risk_off,0.021846496587908854,-0.017923315645840765,-0.09464602973073005,0.33035714285714285,0.06944926331121869,0.08035714285714286,0.14285714285714285,2010-01-19,2010-01-26,"{""long_momentum"": 0.125, ""mean_reversion"": 0.125, ""medium_momentum"": 0.125, ""ridge"": 0.125, ""risk_adjusted"": 0.125, ""short_momentum"": 0.125, ""trend"": 0.125, ""volume_momentum"": 0.125}",0.07095691796985658,0.25,-0.14587778212333288,0.05727852553203322,3264.TWO,2010-02-02,2010-02-03
0.0398974614565123,1768000,0,-0.017648060762232864,-0.017648060762232864,0.056009954133828053,D-1 estimated accounting; fill-day constraints require ledger audit,adaptive,V4_CAUSAL_7_EXPERTS_RIDGE_ANCHOR20,disabled,2010-02-02,risk_off,0.021846496587908854,-0.017923315645840765,-0.09464602973073005,0.33035714285714285,0.06944926331121869,0.08035714285714286,0.14285714285714285,2010-01-19,2010-01-26,"{""long_momentum"": 0.125, ""mean_reversion"": 0.125, ""medium_momentum"": 0.125, ""ridge"": 0.125, ""risk_adjusted"": 0.125, ""short_momentum"": 0.125, ""trend"": 0.125, ""volume_momentum"": 0.125}",0.07844138446440689,0.25,-0.17335535630912835,0.06348265696530232,3324.TWO,2010-02-02,2010-02-03
0.03658536303407283,232000,0,-0.011854065513285246,-0.011854065513285246,0.03930369848439544,D-1 estimated accounting; fill-day constraints require ledger audit,adaptive,V4_CAUSAL_7_EXPERTS_RIDGE_ANCHOR20,disabled,2010-02-02,risk_off,0.021846496587908854,-0.017923315645840765,-0.09464602973073005,0.33035714285714285,0.06944926331121869,0.08035714285714286,0.14285714285714285,2010-01-19,2010-01-26,"{""long_momentum"": 0.125, ""mean_reversion"": 0.125, ""medium_momentum"": 0.125, ""ridge"": 0.125, ""risk_adjusted"": 0.125, ""short_momentum"": 0.125, ""trend"": 0.125, ""volume_momentum"": 0.125}",0.090350002826344,0.25,-0.18711616483835136,0.08883145599242055,3533.TW,2010-02-02,2010-02-03
0.040643325153192605,2564000,0,-0.008854304978662228,-0.008854304978662228,0.030597306449815894,D-1 estimated accounting; fill-day constraints require ledger audit,adaptive,V4_CAUSAL_7_EXPERTS_RIDGE_ANCHOR20,disabled,2010-02-02,risk_off,0.021846496587908854,-0.017923315645840765,-0.09464602973073005,0.33035714285714285,0.06944926331121869,0.08035714285714286,0.14285714285714285,2010-01-19,2010-01-26,"{""long_momentum"": 0.125, ""mean_reversion"": 0.125, ""medium_momentum"": 0.125, ""ridge"": 0.125, ""risk_adjusted"": 0.125, ""short_momentum"": 0.125, ""trend"": 0.125, ""volume_momentum"": 0.125}",0.09934442545031637,0.25,-0.19675614691896148,0.10447095914227669,5347.TWO,2010-02-02,2010-02-03
0.039053320509919685,913000,0,-0.016024745233702523,-0.016024745233702523,0.17207277448530062,D-1 estimated accounting; fill-day constraints require ledger audit,adaptive,V4_CAUSAL_7_EXPERTS_RIDGE_ANCHOR20,disabled,2010-02-02,risk_off,0.021846496587908854,-0.017923315645840765,-0.09464602973073005,0.33035714285714285,0.06944926331121869,0.08035714285714286,0.14285714285714285,2010-01-19,2010-01-26,"{""long_momentum"": 0.125, ""mean_reversion"": 0.125, ""medium_momentum"": 0.125, ""ridge"": 0.125, ""risk_adjusted"": 0.125, ""short_momentum"": 0.125, ""trend"": 0.125, ""volume_momentum"": 0.125}",0.07061414983522034,0.75,-0.1538918014621593,0.047265733175393954,6023.TWO,2010-02-02,2010-02-03
0.04430597866706967,379000,0,-0.004521897090463861,-0.004521897090463861,0.028894574093214522,D-1 estimated accounting; fill-day constraints require ledger audit,adaptive,V4_CAUSAL_7_EXPERTS_RIDGE_ANCHOR20,disabled,2010-02-02,risk_off,0.021846496587908854,-0.017923315645840765,-0.09464602973073005,0.33035714285714285,0.06944926331121869,0.08035714285714286,0.14285714285714285,2010-01-19,2010-01-26,"{""long_momentum"": 0.125, ""mean_reversion"": 0.125, ""medium_momentum"": 0.125, ""ridge"": 0.125, ""risk_adjusted"": 0.125, ""short_momentum"": 0.125, ""trend"": 0.125, ""volume_momentum"": 0.125}",0.07286292245858031,0.25,-0.14841091756268976,0.06479054556240173,6239.TW,2010-02-02,2010-02-03
0.0447475917900616,2938000,0,-0.007300900446290268,-0.007300900446290268,0.03389183542682802,D-1 estimated accounting; fill-day constraints require ledger audit,adaptive,V4_CAUSAL_7_EXPERTS_RIDGE_ANCHOR20,disabled,2010-02-02,risk_off,0.021846496587908854,-0.017923315645840765,-0.09464602973073005,0.33035714285714285,0.06944926331121869,0.08035714285714286,0.14285714285714285,2010-01-19,2010-01-26,"{""long_momentum"": 0.125, ""mean_reversion"": 0.125, ""medium_momentum"": 0.125, ""ridge"": 0.125, ""risk_adjusted"": 0.125, ""short_momentum"": 0.125, ""trend"": 0.125, ""volume_momentum"": 0.125}",0.07843555784355165,0.25,-0.16299721309087234,0.07381883437893144,6274.TWO,2010-02-02,2010-02-03
0.035460180172809865,151000,0,-0.023362233234330274,-0.023362233234330274,0.10171520471388572,D-1 estimated accounting; fill-day constraints require ledger audit,adaptive,V4_CAUSAL_7_EXPERTS_RIDGE_ANCHOR20,disabled,2010-02-02,risk_off,0.021846496587908854,-0.017923315645840765,-0.09464602973073005,0.33035714285714285,0.06944926331121869,0.08035714285714286,0.14285714285714285,2010-01-19,2010-01-26,"{""long_momentum"": 0.125, ""mean_reversion"": 0.125, ""medium_momentum"": 0.125, ""ridge"": 0.125, ""risk_adjusted"": 0.125, ""short_momentum"": 0.125, ""trend"": 0.125, ""volume_momentum"": 0.125}",0.11105759742968051,0.5,-0.22640518513909785,0.10510414085107696,8299.TWO,2010-02-02,2010-02-03
0.0429856412605824,2243000,0,-0.001960394445110413,-0.001960394445110413,0.016174273866183128,D-1 estimated accounting; fill-day constraints require ledger audit,adaptive,V4_CAUSAL_7_EXPERTS_RIDGE_ANCHOR20,disabled,2010-02-03,risk_off,0.0221156040591422,0.0064014883124423605,-0.0885619642756652,0.5625,0.06525079352753885,0.10714285714285714,0.21428571428571427,2010-01-19,2010-01-26,"{""long_momentum"": 0.125, ""mean_reversion"": 0.125, ""medium_momentum"": 0.125, ""ridge"": 0.125, ""risk_adjusted"": 0.125, ""short_momentum"": 0.125, ""trend"": 0.125, ""volume_momentum"": 0.125}",0.10062394755838248,0.25,-0.1915755422762142,0.11307817556663308,1815.TWO,2010-02-03,2010-02-04
0.03564446184208612,3544000,0,-0.014167117840423255,-0.014167117840423255,0.10684853943229997,D-1 estimated accounting; fill-day constraints require ledger audit,adaptive,V4_CAUSAL_7_EXPERTS_RIDGE_ANCHOR20,disabled,2010-02-03,risk_off,0.0221156040591422,0.0064014883124423605,-0.0885619642756652,0.5625,0.06525079352753885,0.10714285714285714,0.21428571428571427,2010-01-19,2010-01-26,"{""long_momentum"": 0.125, ""mean_reversion"": 0.125, ""medium_momentum"": 0.125, ""ridge"": 0.125, ""risk_adjusted"": 0.125, ""short_momentum"": 0.125, ""trend"": 0.125, ""volume_momentum"": 0.125}",0.07052581545684322,0.5,-0.15177055035862913,0.04885973685842229,2313.TW,2010-02-03,2010-02-04
0.04396366370837799,3528000,0,-0.0022306488253843433,-0.0022306488253843433,0.023892310100532485,D-1 estimated accounting; fill-day constraints require ledger audit,adaptive,V4_CAUSAL_7_EXPERTS_RIDGE_ANCHOR20,disabled,2010-02-03,risk_off,0.0221156040591422,0.0064014883124423605,-0.0885619642756652,0.5625,0.06525079352753885,0.10714285714285714,0.21428571428571427,2010-01-19,2010-01-26,"{""long_momentum"": 0.125, ""mean_reversion"": 0.125, ""medium_momentum"": 0.125, ""ridge"": 0.125, ""risk_adjusted"": 0.125, ""short_momentum"": 0.125, ""trend"": 0.125, ""volume_momentum"": 0.125}",0.06842809655084442,0.25,-0.13248890325961254,0.05345102778948354,2327.TW,2010-02-03,2010-02-04
0.043340462698979496,2255000,0,0.0015330566678710932,0.0015330566678710932,0.021548172279649263,D-1 estimated accounting; fill-day constraints require ledger audit,adaptive,V4_CAUSAL_7_EXPERTS_RIDGE_ANCHOR20,disabled,2010-02-03,risk_off,0.0221156040591422,0.0064014883124423605,-0.0885619642756652,0.5625,0.06525079352753885,0.10714285714285714,0.21428571428571427,2010-01-19,2010-01-26,"{""long_momentum"": 0.125, ""mean_reversion"": 0.125, ""medium_momentum"": 0.125, ""ridge"": 0.125, ""risk_adjusted"": 0.125, ""short_momentum"": 0.125, ""trend"": 0.125, ""volume_momentum"": 0.125}",0.06926289232360215,0.25,-0.1319566532238805,0.06044618874026238,2337.TW,2010-02-03,2010-02-04
0.03514546356451451,4225000,0,-0.01851351235675771,-0.01851351235675771,0.05529055659570481,D-1 estimated accounting; fill-day constraints require ledger audit,adaptive,V4_CAUSAL_7_EXPERTS_RIDGE_ANCHOR20,disabled,2010-02-03,risk_off,0.0221156040591422,0.0064014883124423605,-0.0885619642756652,0.5625,0.06525079352753885,0.10714285714285714,0.21428571428571427,2010-01-19,2010-01-26,"{""long_momentum"": 0.125, ""mean_reversion"": 0.125, ""medium_momentum"": 0.125, ""ridge"": 0.125, ""risk_adjusted"": 0.125, ""short_momentum"": 0.125, ""trend"": 0.125, ""volume_momentum"": 0.125}",0.0828044278327987,0.25,-0.18195433464790858,0.07035073211503282,2344.TW,2010-02-03,2010-02-04
0.04115873309450226,2654000,0,-0.0013844129925290188,-0.0013844129925290188,0.0,D-1 estimated accounting; fill-day constraints require ledger audit,adaptive,V4_CAUSAL_7_EXPERTS_RIDGE_ANCHOR20,disabled,2010-02-03,risk_off,0.0221156040591422,0.0064014883124423605,-0.0885619642756652,0.5625,0.06525079352753885,0.10714285714285714,0.21428571428571427,2010-01-19,2010-01-26,"{""long_momentum"": 0.125, ""mean_reversion"": 0.125, ""medium_momentum"": 0.125, ""ridge"": 0.125, ""risk_adjusted"": 0.125, ""short_momentum"": 0.125, ""trend"": 0.125, ""volume_momentum"": 0.125}",0.0702686547392879,0.0,-0.13820493287580893,0.06085952907139058,2345.TW,2010-02-03,2010-02-04
0.044470492146135215,1316000,0,-0.0024739738897016305,-0.0024739738897016305,0.012474351909272444,D-1 estimated accounting; fill-day constraints require ledger audit,adaptive,V4_CAUSAL_7_EXPERTS_RIDGE_ANCHOR20,disabled,2010-02-03,risk_off,0.0221156040591422,0.0064014883124423605,-0.0885619642756652,0.5625,0.06525079352753885,0.10714285714285714,0.21428571428571427,2010-01-19,2010-01-26,"{""long_momentum"": 0.125, ""mean_reversion"": 0.125, ""medium_momentum"": 0.125, ""ridge"": 0.125, ""risk_adjusted"": 0.125, ""short_momentum"": 0.125, ""trend"": 0.125, ""volume_momentum"": 0.125}",0.0674194348426798,0.125,-0.1277174480199007,0.04819292242113711,2376.TW,2010-02-03,2010-02-04
0.037053436592657786,1262000,0,-0.017336086282253794,-0.017336086282253794,0.058450015649964555,D-1 estimated accounting; fill-day constraints require ledger audit,adaptive,V4_CAUSAL_7_EXPERTS_RIDGE_ANCHOR20,disabled,2010-02-03,risk_off,0.0221156040591422,0.0064014883124423605,-0.0885619642756652,0.5625,0.06525079352753885,0.10714285714285714,0.21428571428571427,2010-01-19,2010-01-26,"{""long_momentum"": 0.125, ""mean_reversion"": 0.125, ""medium_momentum"": 0.125, ""ridge"": 0.125, ""risk_adjusted"": 0.125, ""short_momentum"": 0.125, ""trend"": 0.125, ""volume_momentum"": 0.125}",0.07319890217701508,0.25,-0.16203741638497834,0.05278866600111044,2408.TW,2010-02-03,2010-02-04
0.04466090237101674,2715000,0,-0.009599592423564476,-0.009599592423564476,0.0425286535919816,D-1 estimated accounting; fill-day constraints require ledger audit,adaptive,V4_CAUSAL_7_EXPERTS_RIDGE_ANCHOR20,disabled,2010-02-03,risk_off,0.0221156040591422,0.0064014883124423605,-0.0885619642756652,0.5625,0.06525079352753885,0.10714285714285714,0.21428571428571427,2010-01-19,2010-01-26,"{""long_momentum"": 0.125, ""mean_reversion"": 0.125, ""medium_momentum"": 0.125, ""ridge"": 0.125, ""risk_adjusted"": 0.125, ""short_momentum"": 0.125, ""trend"": 0.125, ""volume_momentum"": 0.125}",0.07122250156765642,0.25,-0.14921665413684487,0.05544089147035558,2449.TW,2010-02-03,2010-02-04
0.03757291843637267,3200000,0,-0.020707562494055105,-0.020707562494055105,0.1345134350426439,D-1 estimated accounting; fill-day constraints require ledger audit,adaptive,V4_CAUSAL_7_EXPERTS_RIDGE_ANCHOR20,disabled,2010-02-03,risk_off,0.0221156040591422,0.0064014883124423605,-0.0885619642756652,0.5625,0.06525079352753885,0.10714285714285714,0.21428571428571427,2010-01-19,2010-01-26,"{""long_momentum"": 0.125, ""mean_reversion"": 0.125, ""medium_momentum"": 0.125, ""ridge"": 0.125, ""risk_adjusted"": 0.125, ""short_momentum"": 0.125, ""trend"": 0.125, ""volume_momentum"": 0.125}",0.06985003919050975,0.5,-0.15619905264600412,0.04020734983853359,2890.TW,2010-02-03,2010-02-04
0.03556349111914828,889000,0,-0.026187479956998282,-0.026187479956998282,0.1242187893077416,D-1 estimated accounting; fill-day constraints require ledger audit,adaptive,V4_CAUSAL_7_EXPERTS_RIDGE_ANCHOR20,disabled,2010-02-03,risk_off,0.0221156040591422,0.0064014883124423605,-0.0885619642756652,0.5625,0.06525079352753885,0.10714285714285714,0.21428571428571427,2010-01-19,2010-01-26,"{""long_momentum"": 0.125, ""mean_reversion"": 0.125, ""medium_momentum"": 0.125, ""ridge"": 0.125, ""risk_adjusted"": 0.125, ""short_momentum"": 0.125, ""trend"": 0.125, ""volume_momentum"": 0.125}",0.09434699083764908,0.5,-0.20721210416895355,0.08026056643559668,3037.TW,2010-02-03,2010-02-04
0.046265780641310206,381000,0,0.014030714264444518,0.014030714264444518,0.16414763390837156,D-1 estimated accounting; fill-day constraints require ledger audit,adaptive,V4_CAUSAL_7_EXPERTS_RIDGE_ANCHOR20,disabled,2010-02-03,risk_off,0.0221156040591422,0.0064014883124423605,-0.0885619642756652,0.5625,0.06525079352753885,0.10714285714285714,0.21428571428571427,2010-01-19,2010-01-26,"{""long_momentum"": 0.125, ""mean_reversion"": 0.125, ""medium_momentum"": 0.125, ""ridge"": 0.125, ""risk_adjusted"": 0.125, ""short_momentum"": 0.125, ""trend"": 0.125, ""volume_momentum"": 0.125}",0.06792171604777493,0.75,-0.11392914312528263,0.06741399383481134,3044.TW,2010-02-03,2010-02-04
0.040277424753949825,365000,0,-0.009954004086815411,-0.009954004086815411,0.08843399143922537,D-1 estimated accounting; fill-day constraints require ledger audit,adaptive,V4_CAUSAL_7_EXPERTS_RIDGE_ANCHOR20,disabled,2010-02-03,risk_off,0.0221156040591422,0.0064014883124423605,-0.0885619642756652,0.5625,0.06525079352753885,0.10714285714285714,0.21428571428571427,2010-01-19,2010-01-26,"{""long_momentum"": 0.125, ""mean_reversion"": 0.125, ""medium_momentum"": 0.125, ""ridge"": 0.125, ""risk_adjusted"": 0.125, ""short_momentum"": 0.125, ""trend"": 0.125, ""volume_momentum"": 0.125}",0.06959495634935509,0.5,-0.1445977321966348,0.05011314620364367,3211.TWO,2010-02-03,2010-02-04
0.0360455941925287,394000,0,-0.014839726588137668,-0.014839726588137668,0.054368528839991236,D-1 estimated accounting; fill-day constraints require ledger audit,adaptive,V4_CAUSAL_7_EXPERTS_RIDGE_ANCHOR20,disabled,2010-02-03,risk_off,0.0221156040591422,0.0064014883124423605,-0.0885619642756652,0.5625,0.06525079352753885,0.10714285714285714,0.21428571428571427,2010-01-19,2010-01-26,"{""long_momentum"": 0.125, ""mean_reversion"": 0.125, ""medium_momentum"": 0.125, ""ridge"": 0.125, ""risk_adjusted"": 0.125, ""short_momentum"": 0.125, ""trend"": 0.125, ""volume_momentum"": 0.125}",0.07138826417894185,0.25,-0.15491567160948938,0.05065964061385373,3260.TWO,2010-02-03,2010-02-04
0.04455599262227803,1943000,0,-0.0011309051765915445,-0.0011309051765915445,0.020738794087550975,D-1 estimated accounting; fill-day constraints require ledger audit,adaptive,V4_CAUSAL_7_EXPERTS_RIDGE_ANCHOR20,disabled,2010-02-03,risk_off,0.0221156040591422,0.0064014883124423605,-0.0885619642756652,0.5625,0.06525079352753885,0.10714285714285714,0.21428571428571427,2010-01-19,2010-01-26,"{""long_momentum"": 0.125, ""mean_reversion"": 0.125, ""medium_momentum"": 0.125, ""ridge"": 0.125, ""risk_adjusted"": 0.125, ""short_momentum"": 0.125, ""trend"": 0.125, ""volume_momentum"": 0.125}",0.06777533487176048,0.25,-0.12835525599893818,0.05151686782639478,3264.TWO,2010-02-03,2010-02-04
0.03936881606706422,1768000,0,-0.008855962016396855,-0.008855962016396855,0.03531236921098511,D-1 estimated accounting; fill-day constraints require ledger audit,adaptive,V4_CAUSAL_7_EXPERTS_RIDGE_ANCHOR20,disabled,2010-02-03,risk_off,0.0221156040591422,0.0064014883124423605,-0.0885619642756652,0.5625,0.06525079352753885,0.10714285714285714,0.21428571428571427,2010-01-19,2010-01-26,"{""long_momentum"": 0.125, ""mean_reversion"": 0.125, ""medium_momentum"": 0.125, ""ridge"": 0.125, ""risk_adjusted"": 0.125, ""short_momentum"": 0.125, ""trend"": 0.125, ""volume_momentum"": 0.125}",0.08423970761716663,0.25,-0.1746688117052471,0.08238030985309307,3324.TWO,2010-02-03,2010-02-04
0.03592099829141385,232000,0,-0.009460393005686933,-0.009460393005686933,0.02887912162262746,D-1 estimated accounting; fill-day constraints require ledger audit,adaptive,V4_CAUSAL_7_EXPERTS_RIDGE_ANCHOR20,disabled,2010-02-03,risk_off,0.0221156040591422,0.0064014883124423605,-0.0885619642756652,0.5625,0.06525079352753885,0.10714285714285714,0.21428571428571427,2010-01-19,2010-01-26,"{""long_momentum"": 0.125, ""mean_reversion"": 0.125, ""medium_momentum"": 0.125, ""ridge"": 0.125, ""risk_adjusted"": 0.125, ""short_momentum"": 0.125, ""trend"": 0.125, ""volume_momentum"": 0.125}",0.11071994657185824,0.25,-0.21208143424010556,0.11858407040937136,3533.TW,2010-02-03,2010-02-04
0.04075734047706624,2564000,0,-0.00884272292587227,-0.00884272292587227,0.03501268639215619,D-1 estimated accounting; fill-day constraints require ledger audit,adaptive,V4_CAUSAL_7_EXPERTS_RIDGE_ANCHOR20,disabled,2010-02-03,risk_off,0.0221156040591422,0.0064014883124423605,-0.0885619642756652,0.5625,0.06525079352753885,0.10714285714285714,0.21428571428571427,2010-01-19,2010-01-26,"{""long_momentum"": 0.125, ""mean_reversion"": 0.125, ""medium_momentum"": 0.125, ""ridge"": 0.125, ""risk_adjusted"": 0.125, ""short_momentum"": 0.125, ""trend"": 0.125, ""volume_momentum"": 0.125}",0.08499804275280343,0.25,-0.17588165344150627,0.08361962977040142,5347.TWO,2010-02-03,2010-02-04
0.03869824092726405,913000,0,-0.0122151302455317,-0.0122151302455317,0.05015587180487476,D-1 estimated accounting; fill-day constraints require ledger audit,adaptive,V4_CAUSAL_7_EXPERTS_RIDGE_ANCHOR20,disabled,2010-02-03,risk_off,0.0221156040591422,0.0064014883124423605,-0.0885619642756652,0.5625,0.06525079352753885,0.10714285714285714,0.21428571428571427,2010-01-19,2010-01-26,"{""long_momentum"": 0.125, ""mean_reversion"": 0.125, ""medium_momentum"": 0.125, ""ridge"": 0.125, ""risk_adjusted"": 0.125, ""short_momentum"": 0.125, ""trend"": 0.125, ""volume_momentum"": 0.125}",0.06859301955846854,0.25,-0.14315769042049384,0.044150852110070124,6023.TWO,2010-02-03,2010-02-04
0.043081109408814405,379000,0,-0.011356542919495803,-0.011356542919495803,0.07120597415659005,D-1 estimated accounting; fill-day constraints require ledger audit,adaptive,V4_CAUSAL_7_EXPERTS_RIDGE_ANCHOR20,disabled,2010-02-03,risk_off,0.0221156040591422,0.0064014883124423605,-0.0885619642756652,0.5625,0.06525079352753885,0.10714285714285714,0.21428571428571427,2010-01-19,2010-01-26,"{""long_momentum"": 0.125, ""mean_reversion"": 0.125, ""medium_momentum"": 0.125, ""ridge"": 0.125, ""risk_adjusted"": 0.125, ""short_momentum"": 0.125, ""trend"": 0.125, ""volume_momentum"": 0.125}",0.06978375173221718,0.375,-0.14663069549394006,0.049341031835588134,6239.TW,2010-02-03,2010-02-04
0.044748617885401604,2938000,0,-0.004480244043358697,-0.004480244043358697,0.030274387174686133,D-1 estimated accounting; fill-day constraints require ledger audit,adaptive,V4_CAUSAL_7_EXPERTS_RIDGE_ANCHOR20,disabled,2010-02-03,risk_off,0.0221156040591422,0.0064014883124423605,-0.0885619642756652,0.5625,0.06525079352753885,0.10714285714285714,0.21428571428571427,2010-01-19,2010-01-26,"{""long_momentum"": 0.125, ""mean_reversion"": 0.125, ""medium_momentum"": 0.125, ""ridge"": 0.125, ""risk_adjusted"": 0.125, ""short_momentum"": 0.125, ""trend"": 0.125, ""volume_momentum"": 0.125}",0.06880576707105936,0.25,-0.13626877659812794,0.052731710692050224,6274.TWO,2010-02-03,2010-02-04
0.03624245571629018,151000,0,-0.02280812459494723,-0.02280812459494723,0.1371369214296086,D-1 estimated accounting; fill-day constraints require ledger audit,adaptive,V4_CAUSAL_7_EXPERTS_RIDGE_ANCHOR20,disabled,2010-02-03,risk_off,0.0221156040591422,0.0064014883124423605,-0.0885619642756652,0.5625,0.06525079352753885,0.10714285714285714,0.21428571428571427,2010-01-19,2010-01-26,"{""long_momentum"": 0.125, ""mean_reversion"": 0.125, ""medium_momentum"": 0.125, ""ridge"": 0.125, ""risk_adjusted"": 0.125, ""short_momentum"": 0.125, ""trend"": 0.125, ""volume_momentum"": 0.125}",0.0735800511970146,0.5,-0.16840996486656162,0.04821713785730679,8299.TWO,2010-02-03,2010-02-04
