target_weight,target_shares,order_shares,expected_return,score,confidence,reason,family,model_ensemble_id,regime,observed_date,prior_regime,market_volatility,median_R5,median_R20,breadth,dispersion,above_EMA20,above_EMA50,model_train_end,latest_label_end,expert_weights,symbol,signal_date,decision_date
0.0412804,2243000,2243000,0.04478757099169943,0.44787570991699427,1.0,D-1 estimated accounting; fill-day constraints require ledger audit,direct,V4_DIRECT_FROZEN_LINEAR_PORTFOLIO,disabled,2009-12-31,risk_on,0.01680976771907229,0.02405599526189517,0.0710495999006755,0.8839285714285714,0.10732147728060136,0.9642857142857143,0.9553571428571429,,,{},1815.TWO,2009-12-31,2010-01-04
0.041250925,858000,858000,0.02466551987767584,0.24665519877675837,1.0,D-1 estimated accounting; fill-day constraints require ledger audit,direct,V4_DIRECT_FROZEN_LINEAR_PORTFOLIO,disabled,2009-12-31,risk_on,0.01680976771907229,0.02405599526189517,0.0710495999006755,0.8839285714285714,0.10732147728060136,0.9642857142857143,0.9553571428571429,,,{},2301.TW,2009-12-31,2010-01-04
0.041293425,3544000,3544000,0.044324759720401924,0.4432475972040192,1.0,D-1 estimated accounting; fill-day constraints require ledger audit,direct,V4_DIRECT_FROZEN_LINEAR_PORTFOLIO,disabled,2009-12-31,risk_on,0.01680976771907229,0.02405599526189517,0.0710495999006755,0.8839285714285714,0.10732147728060136,0.9642857142857143,0.9553571428571429,,,{},2313.TW,2009-12-31,2010-01-04
0.04128345,3528000,3528000,0.02862194189602446,0.2862194189602446,1.0,D-1 estimated accounting; fill-day constraints require ledger audit,direct,V4_DIRECT_FROZEN_LINEAR_PORTFOLIO,disabled,2009-12-31,risk_on,0.01680976771907229,0.02405599526189517,0.0710495999006755,0.8839285714285714,0.10732147728060136,0.9642857142857143,0.9553571428571429,,,{},2327.TW,2009-12-31,2010-01-04
0.04127565,2255000,2255000,0.02319790301441678,0.23197903014416776,1.0,D-1 estimated accounting; fill-day constraints require ledger audit,direct,V4_DIRECT_FROZEN_LINEAR_PORTFOLIO,disabled,2009-12-31,risk_on,0.01680976771907229,0.02405599526189517,0.0710495999006755,0.8839285714285714,0.10732147728060136,0.9642857142857143,0.9553571428571429,,,{},2337.TW,2009-12-31,2010-01-04
0.041283135,4225000,4225000,0.048057284840541725,0.4805728484054172,1.0,D-1 estimated accounting; fill-day constraints require ledger audit,direct,V4_DIRECT_FROZEN_LINEAR_PORTFOLIO,disabled,2009-12-31,risk_on,0.01680976771907229,0.02405599526189517,0.0710495999006755,0.8839285714285714,0.10732147728060136,0.9642857142857143,0.9553571428571429,,,{},2344.TW,2009-12-31,2010-01-04
0.041277475,2654000,2654000,0.034777741371778075,0.3477774137177807,1.0,D-1 estimated accounting; fill-day constraints require ledger audit,direct,V4_DIRECT_FROZEN_LINEAR_PORTFOLIO,disabled,2009-12-31,risk_on,0.01680976771907229,0.02405599526189517,0.0710495999006755,0.8839285714285714,0.10732147728060136,0.9642857142857143,0.9553571428571429,,,{},2345.TW,2009-12-31,2010-01-04
0.04128375,1262000,1262000,0.047594473569244206,0.47594473569244206,1.0,D-1 estimated accounting; fill-day constraints require ledger audit,direct,V4_DIRECT_FROZEN_LINEAR_PORTFOLIO,disabled,2009-12-31,risk_on,0.01680976771907229,0.02405599526189517,0.0710495999006755,0.8839285714285714,0.10732147728060136,0.9642857142857143,0.9553571428571429,,,{},2408.TW,2009-12-31,2010-01-04
0.0412756,2715000,2715000,0.01770287243337702,0.1770287243337702,1.0,D-1 estimated accounting; fill-day constraints require ledger audit,direct,V4_DIRECT_FROZEN_LINEAR_PORTFOLIO,disabled,2009-12-31,risk_on,0.01680976771907229,0.02405599526189517,0.0710495999006755,0.8839285714285714,0.10732147728060136,0.9642857142857143,0.9553571428571429,,,{},2449.TW,2009-12-31,2010-01-04
0.0412923,4213000,4213000,0.019928189165574484,0.19928189165574484,1.0,D-1 estimated accounting; fill-day constraints require ledger audit,direct,V4_DIRECT_FROZEN_LINEAR_PORTFOLIO,disabled,2009-12-31,risk_on,0.01680976771907229,0.02405599526189517,0.0710495999006755,0.8839285714285714,0.10732147728060136,0.9642857142857143,0.9553571428571429,,,{},2883.TW,2009-12-31,2010-01-04
0.0412728,889000,889000,0.0207541502839668,0.207541502839668,1.0,D-1 estimated accounting; fill-day constraints require ledger audit,direct,V4_DIRECT_FROZEN_LINEAR_PORTFOLIO,disabled,2009-12-31,risk_on,0.01680976771907229,0.02405599526189517,0.0710495999006755,0.8839285714285714,0.10732147728060136,0.9642857142857143,0.9553571428571429,,,{},3037.TW,2009-12-31,2010-01-04
0.041202,381000,381000,0.017282383136740933,0.17282383136740934,1.0,D-1 estimated accounting; fill-day constraints require ledger audit,direct,V4_DIRECT_FROZEN_LINEAR_PORTFOLIO,disabled,2009-12-31,risk_on,0.01680976771907229,0.02405599526189517,0.0710495999006755,0.8839285714285714,0.10732147728060136,0.9642857142857143,0.9553571428571429,,,{},3044.TW,2009-12-31,2010-01-04
0.0413015,365000,365000,0.019263324595893402,0.19263324595893402,1.0,D-1 estimated accounting; fill-day constraints require ledger audit,direct,V4_DIRECT_FROZEN_LINEAR_PORTFOLIO,disabled,2009-12-31,risk_on,0.01680976771907229,0.02405599526189517,0.0710495999006755,0.8839285714285714,0.10732147728060136,0.9642857142857143,0.9553571428571429,,,{},3211.TWO,2009-12-31,2010-01-04
0.04122525,394000,394000,0.041597040192223676,0.4159704019222367,1.0,D-1 estimated accounting; fill-day constraints require ledger audit,direct,V4_DIRECT_FROZEN_LINEAR_PORTFOLIO,disabled,2009-12-31,risk_on,0.01680976771907229,0.02405599526189517,0.0710495999006755,0.8839285714285714,0.10732147728060136,0.9642857142857143,0.9553571428571429,,,{},3260.TWO,2009-12-31,2010-01-04
0.041299375,1943000,1943000,0.025445063346439496,0.25445063346439495,1.0,D-1 estimated accounting; fill-day constraints require ledger audit,direct,V4_DIRECT_FROZEN_LINEAR_PORTFOLIO,disabled,2009-12-31,risk_on,0.01680976771907229,0.02405599526189517,0.0710495999006755,0.8839285714285714,0.10732147728060136,0.9642857142857143,0.9553571428571429,,,{},3264.TWO,2009-12-31,2010-01-04
0.04131225,150000,150000,0.023004041065967675,0.23004041065967673,1.0,D-1 estimated accounting; fill-day constraints require ledger audit,direct,V4_DIRECT_FROZEN_LINEAR_PORTFOLIO,disabled,2009-12-31,risk_on,0.01680976771907229,0.02405599526189517,0.0710495999006755,0.8839285714285714,0.10732147728060136,0.9642857142857143,0.9553571428571429,,,{},3293.TWO,2009-12-31,2010-01-04
0.041294475,1768000,1768000,0.04652823285277413,0.4652823285277413,1.0,D-1 estimated accounting; fill-day constraints require ledger audit,direct,V4_DIRECT_FROZEN_LINEAR_PORTFOLIO,disabled,2009-12-31,risk_on,0.01680976771907229,0.02405599526189517,0.0710495999006755,0.8839285714285714,0.10732147728060136,0.9642857142857143,0.9553571428571429,,,{},3324.TWO,2009-12-31,2010-01-04
0.0411525,232000,232000,0.03829183049366536,0.3829183049366535,1.0,D-1 estimated accounting; fill-day constraints require ledger audit,direct,V4_DIRECT_FROZEN_LINEAR_PORTFOLIO,disabled,2009-12-31,risk_on,0.01680976771907229,0.02405599526189517,0.0710495999006755,0.8839285714285714,0.10732147728060136,0.9642857142857143,0.9553571428571429,,,{},3533.TW,2009-12-31,2010-01-04
0.04128845,2564000,2564000,0.0308868501529052,0.308868501529052,1.0,D-1 estimated accounting; fill-day constraints require ledger audit,direct,V4_DIRECT_FROZEN_LINEAR_PORTFOLIO,disabled,2009-12-31,risk_on,0.01680976771907229,0.02405599526189517,0.0710495999006755,0.8839285714285714,0.10732147728060136,0.9642857142857143,0.9553571428571429,,,{},5347.TWO,2009-12-31,2010-01-04
0.0412902,913000,913000,0.034375,0.34375,1.0,D-1 estimated accounting; fill-day constraints require ledger audit,direct,V4_DIRECT_FROZEN_LINEAR_PORTFOLIO,disabled,2009-12-31,risk_on,0.01680976771907229,0.02405599526189517,0.0710495999006755,0.8839285714285714,0.10732147728060136,0.9642857142857143,0.9553571428571429,,,{},6023.TWO,2009-12-31,2010-01-04
0.041285925,2938000,2938000,0.02420270860637833,0.2420270860637833,1.0,D-1 estimated accounting; fill-day constraints require ledger audit,direct,V4_DIRECT_FROZEN_LINEAR_PORTFOLIO,disabled,2009-12-31,risk_on,0.01680976771907229,0.02405599526189517,0.0710495999006755,0.8839285714285714,0.10732147728060136,0.9642857142857143,0.9553571428571429,,,{},6274.TWO,2009-12-31,2010-01-04
0.04128375,151000,151000,0.028159130624726955,0.2815913062472695,1.0,D-1 estimated accounting; fill-day constraints require ledger audit,direct,V4_DIRECT_FROZEN_LINEAR_PORTFOLIO,disabled,2009-12-31,risk_on,0.01680976771907229,0.02405599526189517,0.0710495999006755,0.8839285714285714,0.10732147728060136,0.9642857142857143,0.9553571428571429,,,{},8299.TWO,2009-12-31,2010-01-04
0.039215406385979125,2243000,0,0.04344828527741372,0.4344828527741372,1.0,D-1 estimated accounting; fill-day constraints require ledger audit,direct,V4_DIRECT_FROZEN_LINEAR_PORTFOLIO,disabled,2010-01-04,risk_on,0.01722988108630424,0.02187153504986017,0.0722380777399485,0.8214285714285714,0.10202390274449406,0.9375,0.9375,,,{},1815.TWO,2010-01-04,2010-01-05
0.040996785732564836,858000,0,0.019891328090869374,0.19891328090869373,1.0,D-1 estimated accounting; fill-day constraints require ledger audit,direct,V4_DIRECT_FROZEN_LINEAR_PORTFOLIO,disabled,2010-01-04,risk_on,0.01722988108630424,0.02187153504986017,0.0722380777399485,0.8214285714285714,0.10202390274449406,0.9375,0.9375,,,{},2301.TW,2010-01-04,2010-01-05
0.039459213589380225,3544000,0,0.039827708606378326,0.3982770860637832,1.0,D-1 estimated accounting; fill-day constraints require ledger audit,direct,V4_DIRECT_FROZEN_LINEAR_PORTFOLIO,disabled,2010-01-04,risk_on,0.01722988108630424,0.02187153504986017,0.0722380777399485,0.8214285714285714,0.10202390274449406,0.9375,0.9375,,,{},2313.TW,2010-01-04,2010-01-05
0.04194723083871607,3528000,0,0.02828746177370031,0.28287461773700306,1.0,D-1 estimated accounting; fill-day constraints require ledger audit,direct,V4_DIRECT_FROZEN_LINEAR_PORTFOLIO,disabled,2010-01-04,risk_on,0.01722988108630424,0.02187153504986017,0.0722380777399485,0.8214285714285714,0.10202390274449406,0.9375,0.9375,,,{},2327.TW,2010-01-04,2010-01-05
0.04090218450777408,2255000,0,0.019180045871559637,0.19180045871559634,1.0,D-1 estimated accounting; fill-day constraints require ledger audit,direct,V4_DIRECT_FROZEN_LINEAR_PORTFOLIO,disabled,2010-01-04,risk_on,0.01722988108630424,0.02187153504986017,0.0722380777399485,0.8214285714285714,0.10202390274449406,0.9375,0.9375,,,{},2337.TW,2010-01-04,2010-01-05
0.04005888863764649,4225000,0,0.04640809305373526,0.46408093053735255,1.0,D-1 estimated accounting; fill-day constraints require ledger audit,direct,V4_DIRECT_FROZEN_LINEAR_PORTFOLIO,disabled,2010-01-04,risk_on,0.01722988108630424,0.02187153504986017,0.0722380777399485,0.8214285714285714,0.10202390274449406,0.9375,0.9375,,,{},2344.TW,2010-01-04,2010-01-05
0.04171944237305909,2654000,0,0.03628221930974225,0.3628221930974225,1.0,D-1 estimated accounting; fill-day constraints require ledger audit,direct,V4_DIRECT_FROZEN_LINEAR_PORTFOLIO,disabled,2010-01-04,risk_on,0.01722988108630424,0.02187153504986017,0.0722380777399485,0.8214285714285714,0.10202390274449406,0.9375,0.9375,,,{},2345.TW,2010-01-04,2010-01-05
0.04032011999634851,1262000,0,0.0454538007863696,0.4545380078636959,1.0,D-1 estimated accounting; fill-day constraints require ledger audit,direct,V4_DIRECT_FROZEN_LINEAR_PORTFOLIO,disabled,2010-01-04,risk_on,0.01722988108630424,0.02187153504986017,0.0722380777399485,0.8214285714285714,0.10202390274449406,0.9375,0.9375,,,{},2408.TW,2010-01-04,2010-01-05
0.04103668145675774,2715000,0,0.0021365771079073837,0.021365771079073836,1.0,D-1 estimated accounting; fill-day constraints require ledger audit,direct,V4_DIRECT_FROZEN_LINEAR_PORTFOLIO,disabled,2010-01-04,risk_on,0.01722988108630424,0.02187153504986017,0.0722380777399485,0.8214285714285714,0.10202390274449406,0.9375,0.9375,,,{},2449.TW,2010-01-04,2010-01-05
0.04202515847170399,4213000,0,0.01993228484054172,0.1993228484054172,1.0,D-1 estimated accounting; fill-day constraints require ledger audit,direct,V4_DIRECT_FROZEN_LINEAR_PORTFOLIO,disabled,2010-01-04,risk_on,0.01722988108630424,0.02187153504986017,0.0722380777399485,0.8214285714285714,0.10202390274449406,0.9375,0.9375,,,{},2883.TW,2010-01-04,2010-01-05
0.04064006657742333,889000,0,0.0170339121887287,0.170339121887287,1.0,D-1 estimated accounting; fill-day constraints require ledger audit,direct,V4_DIRECT_FROZEN_LINEAR_PORTFOLIO,disabled,2010-01-04,risk_on,0.01722988108630424,0.02187153504986017,0.0722380777399485,0.8214285714285714,0.10202390274449406,0.9375,0.9375,,,{},3037.TW,2010-01-04,2010-01-05
0.04074098966255021,381000,0,0.014000382262996942,0.1400038226299694,1.0,D-1 estimated accounting; fill-day constraints require ledger audit,direct,V4_DIRECT_FROZEN_LINEAR_PORTFOLIO,disabled,2010-01-04,risk_on,0.01722988108630424,0.02187153504986017,0.0722380777399485,0.8214285714285714,0.10202390274449406,0.9375,0.9375,,,{},3044.TW,2010-01-04,2010-01-05
0.04068935693868944,365000,0,0.011231705985146355,0.11231705985146354,1.0,D-1 estimated accounting; fill-day constraints require ledger audit,direct,V4_DIRECT_FROZEN_LINEAR_PORTFOLIO,disabled,2010-01-04,risk_on,0.01722988108630424,0.02187153504986017,0.0722380777399485,0.8214285714285714,0.10202390274449406,0.9375,0.9375,,,{},3211.TWO,2010-01-04,2010-01-05
0.03994332704563772,394000,0,0.0371996505024028,0.371996505024028,1.0,D-1 estimated accounting; fill-day constraints require ledger audit,direct,V4_DIRECT_FROZEN_LINEAR_PORTFOLIO,disabled,2010-01-04,risk_on,0.01722988108630424,0.02187153504986017,0.0722380777399485,0.8214285714285714,0.10202390274449406,0.9375,0.9375,,,{},3260.TWO,2010-01-04,2010-01-05
0.040530882256478724,1943000,0,0.01662844036697248,0.1662844036697248,1.0,D-1 estimated accounting; fill-day constraints require ledger audit,direct,V4_DIRECT_FROZEN_LINEAR_PORTFOLIO,disabled,2010-01-04,risk_on,0.01722988108630424,0.02187153504986017,0.0722380777399485,0.8214285714285714,0.10202390274449406,0.9375,0.9375,,,{},3264.TWO,2010-01-04,2010-01-05
0.04048358164408335,150000,0,0.01678271079073831,0.1678271079073831,1.0,D-1 estimated accounting; fill-day constraints require ledger audit,direct,V4_DIRECT_FROZEN_LINEAR_PORTFOLIO,disabled,2010-01-04,risk_on,0.01722988108630424,0.02187153504986017,0.0722380777399485,0.8214285714285714,0.10202390274449406,0.9375,0.9375,,,{},3293.TWO,2010-01-04,2010-01-05
0.04445358400169614,1768000,0,0.0463548492791612,0.463548492791612,1.0,D-1 estimated accounting; fill-day constraints require ledger audit,direct,V4_DIRECT_FROZEN_LINEAR_PORTFOLIO,disabled,2010-01-04,risk_on,0.01722988108630424,0.02187153504986017,0.0722380777399485,0.8214285714285714,0.10202390274449406,0.9375,0.9375,,,{},3324.TWO,2010-01-04,2010-01-05
0.03935169159027699,232000,0,0.03469582787243338,0.34695827872433377,1.0,D-1 estimated accounting; fill-day constraints require ledger audit,direct,V4_DIRECT_FROZEN_LINEAR_PORTFOLIO,disabled,2010-01-04,risk_on,0.01722988108630424,0.02187153504986017,0.0722380777399485,0.8214285714285714,0.10202390274449406,0.9375,0.9375,,,{},3533.TW,2010-01-04,2010-01-05
0.03978822738049888,2564000,0,0.015944462647444296,0.15944462647444296,1.0,D-1 estimated accounting; fill-day constraints require ledger audit,direct,V4_DIRECT_FROZEN_LINEAR_PORTFOLIO,disabled,2010-01-04,risk_on,0.01722988108630424,0.02187153504986017,0.0722380777399485,0.8214285714285714,0.10202390274449406,0.9375,0.9375,,,{},5347.TWO,2010-01-04,2010-01-05
0.04067822441969116,913000,0,0.03422619047619047,0.3422619047619047,1.0,D-1 estimated accounting; fill-day constraints require ledger audit,direct,V4_DIRECT_FROZEN_LINEAR_PORTFOLIO,disabled,2010-01-04,risk_on,0.01722988108630424,0.02187153504986017,0.0722380777399485,0.8214285714285714,0.10202390274449406,0.9375,0.9375,,,{},6023.TWO,2010-01-04,2010-01-05
0.04203830592626756,2938000,0,0.02434742245522062,0.2434742245522062,1.0,D-1 estimated accounting; fill-day constraints require ledger audit,direct,V4_DIRECT_FROZEN_LINEAR_PORTFOLIO,disabled,2010-01-04,risk_on,0.01722988108630424,0.02187153504986017,0.0722380777399485,0.8214285714285714,0.10202390274449406,0.9375,0.9375,,,{},6274.TWO,2010-01-04,2010-01-05
0.04166836375647878,151000,0,0.026840323285277412,0.2684032328527741,1.0,D-1 estimated accounting; fill-day constraints require ledger audit,direct,V4_DIRECT_FROZEN_LINEAR_PORTFOLIO,disabled,2010-01-04,risk_on,0.01722988108630424,0.02187153504986017,0.0722380777399485,0.8214285714285714,0.10202390274449406,0.9375,0.9375,,,{},8299.TWO,2010-01-04,2010-01-05
0.04010245142623442,2243000,0,0.044481760594145915,0.44481760594145914,1.0,D-1 estimated accounting; fill-day constraints require ledger audit,direct,V4_DIRECT_FROZEN_LINEAR_PORTFOLIO,disabled,2010-01-05,risk_on,0.017347532081688592,0.012004628710030163,0.045715001437087954,0.6428571428571429,0.09211874238499353,0.8214285714285714,0.9464285714285714,,,{},1815.TWO,2010-01-05,2010-01-06
0.0415901855868327,858000,0,0.022714613368283093,0.22714613368283093,1.0,D-1 estimated accounting; fill-day constraints require ledger audit,direct,V4_DIRECT_FROZEN_LINEAR_PORTFOLIO,disabled,2010-01-05,risk_on,0.017347532081688592,0.012004628710030163,0.045715001437087954,0.6428571428571429,0.09211874238499353,0.8214285714285714,0.9464285714285714,,,{},2301.TW,2010-01-05,2010-01-06
0.03797865848048498,3544000,0,0.030262942332896465,0.30262942332896464,1.0,D-1 estimated accounting; fill-day constraints require ledger audit,direct,V4_DIRECT_FROZEN_LINEAR_PORTFOLIO,disabled,2010-01-05,risk_on,0.017347532081688592,0.012004628710030163,0.045715001437087954,0.6428571428571429,0.09211874238499353,0.8214285714285714,0.9464285714285714,,,{},2313.TW,2010-01-05,2010-01-06
0.042286750063773235,3528000,0,0.028639689820882483,0.2863968982088248,1.0,D-1 estimated accounting; fill-day constraints require ledger audit,direct,V4_DIRECT_FROZEN_LINEAR_PORTFOLIO,disabled,2010-01-05,risk_on,0.017347532081688592,0.012004628710030163,0.045715001437087954,0.6428571428571429,0.09211874238499353,0.8214285714285714,0.9464285714285714,,,{},2327.TW,2010-01-05,2010-01-06
0.04077509800067156,2255000,0,0.01290956749672346,0.1290956749672346,1.0,D-1 estimated accounting; fill-day constraints require ledger audit,direct,V4_DIRECT_FROZEN_LINEAR_PORTFOLIO,disabled,2010-01-05,risk_on,0.017347532081688592,0.012004628710030163,0.045715001437087954,0.6428571428571429,0.09211874238499353,0.8214285714285714,0.9464285714285714,,,{},2337.TW,2010-01-05,2010-01-06
0.0411985108904237,4225000,0,0.0435438510266492,0.43543851026649194,1.0,D-1 estimated accounting; fill-day constraints require ledger audit,direct,V4_DIRECT_FROZEN_LINEAR_PORTFOLIO,disabled,2010-01-05,risk_on,0.017347532081688592,0.012004628710030163,0.045715001437087954,0.6428571428571429,0.09211874238499353,0.8214285714285714,0.9464285714285714,,,{},2344.TW,2010-01-05,2010-01-06
0.041787520977763004,2654000,0,0.037344364351245087,0.37344364351245085,1.0,D-1 estimated accounting; fill-day constraints require ledger audit,direct,V4_DIRECT_FROZEN_LINEAR_PORTFOLIO,disabled,2010-01-05,risk_on,0.017347532081688592,0.012004628710030163,0.045715001437087954,0.6428571428571429,0.09211874238499353,0.8214285714285714,0.9464285714285714,,,{},2345.TW,2010-01-05,2010-01-06
0.04186458131120014,1262000,0,0.04559441896024465,0.4559441896024465,1.0,D-1 estimated accounting; fill-day constraints require ledger audit,direct,V4_DIRECT_FROZEN_LINEAR_PORTFOLIO,disabled,2010-01-05,risk_on,0.017347532081688592,0.012004628710030163,0.045715001437087954,0.6428571428571429,0.09211874238499353,0.8214285714285714,0.9464285714285714,,,{},2408.TW,2010-01-05,2010-01-06
0.04067935021899398,2715000,0,-0.004584425513324595,-0.04584425513324595,1.0,D-1 estimated accounting; fill-day constraints require ledger audit,direct,V4_DIRECT_FROZEN_LINEAR_PORTFOLIO,disabled,2010-01-05,risk_on,0.017347532081688592,0.012004628710030163,0.045715001437087954,0.6428571428571429,0.09211874238499353,0.8214285714285714,0.9464285714285714,,,{},2449.TW,2010-01-05,2010-01-06
0.04270765436672353,4213000,0,0.021560998252512013,0.21560998252512012,1.0,D-1 estimated accounting; fill-day constraints require ledger audit,direct,V4_DIRECT_FROZEN_LINEAR_PORTFOLIO,disabled,2010-01-05,risk_on,0.017347532081688592,0.012004628710030163,0.045715001437087954,0.6428571428571429,0.09211874238499353,0.8214285714285714,0.9464285714285714,,,{},2883.TW,2010-01-05,2010-01-06
0.0404721379022953,889000,0,0.009729958497160332,0.09729958497160332,1.0,D-1 estimated accounting; fill-day constraints require ledger audit,direct,V4_DIRECT_FROZEN_LINEAR_PORTFOLIO,disabled,2010-01-05,risk_on,0.017347532081688592,0.012004628710030163,0.045715001437087954,0.6428571428571429,0.09211874238499353,0.8214285714285714,0.9464285714285714,,,{},3037.TW,2010-01-05,2010-01-06
0.04048955582280201,381000,0,0.006609054172127569,0.06609054172127568,1.0,D-1 estimated accounting; fill-day constraints require ledger audit,direct,V4_DIRECT_FROZEN_LINEAR_PORTFOLIO,disabled,2010-01-05,risk_on,0.017347532081688592,0.012004628710030163,0.045715001437087954,0.6428571428571429,0.09211874238499353,0.8214285714285714,0.9464285714285714,,,{},3044.TW,2010-01-05,2010-01-06
0.04009067020886545,365000,0,-0.004450633464394932,-0.04450633464394932,1.0,D-1 estimated accounting; fill-day constraints require ledger audit,direct,V4_DIRECT_FROZEN_LINEAR_PORTFOLIO,disabled,2010-01-05,risk_on,0.017347532081688592,0.012004628710030163,0.045715001437087954,0.6428571428571429,0.09211874238499353,0.8214285714285714,0.9464285714285714,,,{},3211.TWO,2010-01-05,2010-01-06
0.04026662675275981,394000,0,0.037348460026212324,0.3734846002621232,1.0,D-1 estimated accounting; fill-day constraints require ledger audit,direct,V4_DIRECT_FROZEN_LINEAR_PORTFOLIO,disabled,2010-01-05,risk_on,0.017347532081688592,0.012004628710030163,0.045715001437087954,0.6428571428571429,0.09211874238499353,0.8214285714285714,0.9464285714285714,,,{},3260.TWO,2010-01-05,2010-01-06
0.040168086010068035,1943000,0,0.011106105286151158,0.11106105286151158,1.0,D-1 estimated accounting; fill-day constraints require ledger audit,direct,V4_DIRECT_FROZEN_LINEAR_PORTFOLIO,disabled,2010-01-05,risk_on,0.017347532081688592,0.012004628710030163,0.045715001437087954,0.6428571428571429,0.09211874238499353,0.8214285714285714,0.9464285714285714,,,{},3264.TWO,2010-01-05,2010-01-06
0.039741296176544184,150000,0,0.006353757099169944,0.06353757099169943,1.0,D-1 estimated accounting; fill-day constraints require ledger audit,direct,V4_DIRECT_FROZEN_LINEAR_PORTFOLIO,disabled,2010-01-05,risk_on,0.017347532081688592,0.012004628710030163,0.045715001437087954,0.6428571428571429,0.09211874238499353,0.8214285714285714,0.9464285714285714,,,{},3293.TWO,2010-01-05,2010-01-06
0.042388616969127366,1768000,0,0.04821019003931848,0.48210190039318473,1.0,D-1 estimated accounting; fill-day constraints require ledger audit,direct,V4_DIRECT_FROZEN_LINEAR_PORTFOLIO,disabled,2010-01-05,risk_on,0.017347532081688592,0.012004628710030163,0.045715001437087954,0.6428571428571429,0.09211874238499353,0.8214285714285714,0.9464285714285714,,,{},3324.TWO,2010-01-05,2010-01-06
0.0389618061480367,232000,0,0.03650202053298384,0.36502020532983837,1.0,D-1 estimated accounting; fill-day constraints require ledger audit,direct,V4_DIRECT_FROZEN_LINEAR_PORTFOLIO,disabled,2010-01-05,risk_on,0.017347532081688592,0.012004628710030163,0.045715001437087954,0.6428571428571429,0.09211874238499353,0.8214285714285714,0.9464285714285714,,,{},3533.TW,2010-01-05,2010-01-06
0.040631184336776434,2564000,0,0.02176441677588467,0.21764416775884668,1.0,D-1 estimated accounting; fill-day constraints require ledger audit,direct,V4_DIRECT_FROZEN_LINEAR_PORTFOLIO,disabled,2010-01-05,risk_on,0.017347532081688592,0.012004628710030163,0.045715001437087954,0.6428571428571429,0.09211874238499353,0.8214285714285714,0.9464285714285714,,,{},5347.TWO,2010-01-05,2010-01-06
0.04021886711941706,913000,0,0.030952380952380953,0.30952380952380953,1.0,D-1 estimated accounting; fill-day constraints require ledger audit,direct,V4_DIRECT_FROZEN_LINEAR_PORTFOLIO,disabled,2010-01-05,risk_on,0.017347532081688592,0.012004628710030163,0.045715001437087954,0.6428571428571429,0.09211874238499353,0.8214285714285714,0.9464285714285714,,,{},6023.TWO,2010-01-05,2010-01-06
0.04252778259929836,2938000,0,0.021693425076452597,0.21693425076452597,1.0,D-1 estimated accounting; fill-day constraints require ledger audit,direct,V4_DIRECT_FROZEN_LINEAR_PORTFOLIO,disabled,2010-01-05,risk_on,0.017347532081688592,0.012004628710030163,0.045715001437087954,0.6428571428571429,0.09211874238499353,0.8214285714285714,0.9464285714285714,,,{},6274.TWO,2010-01-05,2010-01-06
0.040928558513124304,151000,0,0.01819708387942333,0.18197083879423329,1.0,D-1 estimated accounting; fill-day constraints require ledger audit,direct,V4_DIRECT_FROZEN_LINEAR_PORTFOLIO,disabled,2010-01-05,risk_on,0.017347532081688592,0.012004628710030163,0.045715001437087954,0.6428571428571429,0.09211874238499353,0.8214285714285714,0.9464285714285714,,,{},8299.TWO,2010-01-05,2010-01-06
0.03964114917451901,2243000,0,0.03955875928352993,0.39558759283529926,1.0,D-1 estimated accounting; fill-day constraints require ledger audit,direct,V4_DIRECT_FROZEN_LINEAR_PORTFOLIO,disabled,2010-01-06,risk_on,0.0177746423030569,0.012092120252533478,0.07109950778735774,0.6428571428571429,0.08618590322051446,0.8482142857142857,0.9732142857142857,,,{},1815.TWO,2010-01-06,2010-01-07
0.041845855464536875,858000,0,0.01781209043250328,0.17812090432503278,1.0,D-1 estimated accounting; fill-day constraints require ledger audit,direct,V4_DIRECT_FROZEN_LINEAR_PORTFOLIO,disabled,2010-01-06,risk_on,0.0177746423030569,0.012092120252533478,0.07109950778735774,0.6428571428571429,0.08618590322051446,0.8482142857142857,0.9732142857142857,,,{},2301.TW,2010-01-06,2010-01-07
0.038153269456341975,3544000,0,0.030052697684578425,0.3005269768457842,1.0,D-1 estimated accounting; fill-day constraints require ledger audit,direct,V4_DIRECT_FROZEN_LINEAR_PORTFOLIO,disabled,2010-01-06,risk_on,0.0177746423030569,0.012092120252533478,0.07109950778735774,0.6428571428571429,0.08618590322051446,0.8482142857142857,0.9732142857142857,,,{},2313.TW,2010-01-06,2010-01-07
0.04353487617041383,3528000,0,0.02932230231542158,0.2932230231542158,1.0,D-1 estimated accounting; fill-day constraints require ledger audit,direct,V4_DIRECT_FROZEN_LINEAR_PORTFOLIO,disabled,2010-01-06,risk_on,0.0177746423030569,0.012092120252533478,0.07109950778735774,0.6428571428571429,0.08618590322051446,0.8482142857142857,0.9732142857142857,,,{},2327.TW,2010-01-06,2010-01-07
0.040998387529234764,2255000,0,0.0019809414591524677,0.019809414591524677,1.0,D-1 estimated accounting; fill-day constraints require ledger audit,direct,V4_DIRECT_FROZEN_LINEAR_PORTFOLIO,disabled,2010-01-06,risk_on,0.0177746423030569,0.012092120252533478,0.07109950778735774,0.6428571428571429,0.08618590322051446,0.8482142857142857,0.9732142857142857,,,{},2337.TW,2010-01-06,2010-01-07
0.04063488161651484,4225000,0,0.037819462647444305,0.378194626474443,1.0,D-1 estimated accounting; fill-day constraints require ledger audit,direct,V4_DIRECT_FROZEN_LINEAR_PORTFOLIO,disabled,2010-01-06,risk_on,0.0177746423030569,0.012092120252533478,0.07109950778735774,0.6428571428571429,0.08618590322051446,0.8482142857142857,0.9732142857142857,,,{},2344.TW,2010-01-06,2010-01-07
0.04151206754250248,2654000,0,0.031049311926605507,0.31049311926605505,1.0,D-1 estimated accounting; fill-day constraints require ledger audit,direct,V4_DIRECT_FROZEN_LINEAR_PORTFOLIO,disabled,2010-01-06,risk_on,0.0177746423030569,0.012092120252533478,0.07109950778735774,0.6428571428571429,0.08618590322051446,0.8482142857142857,0.9732142857142857,,,{},2345.TW,2010-01-06,2010-01-07
0.04314071802639907,1262000,0,0.04177998034076016,0.41779980340760153,1.0,D-1 estimated accounting; fill-day constraints require ledger audit,direct,V4_DIRECT_FROZEN_LINEAR_PORTFOLIO,disabled,2010-01-06,risk_on,0.0177746423030569,0.012092120252533478,0.07109950778735774,0.6428571428571429,0.08618590322051446,0.8482142857142857,0.9732142857142857,,,{},2408.TW,2010-01-06,2010-01-07
0.0413629952365863,2715000,0,-0.00012423547400611525,-0.0012423547400611523,1.0,D-1 estimated accounting; fill-day constraints require ledger audit,direct,V4_DIRECT_FROZEN_LINEAR_PORTFOLIO,disabled,2010-01-06,risk_on,0.0177746423030569,0.012092120252533478,0.07109950778735774,0.6428571428571429,0.08618590322051446,0.8482142857142857,0.9732142857142857,,,{},2449.TW,2010-01-06,2010-01-07
0.04278720442628279,4213000,0,0.02142038007863696,0.21420380078636958,1.0,D-1 estimated accounting; fill-day constraints require ledger audit,direct,V4_DIRECT_FROZEN_LINEAR_PORTFOLIO,disabled,2010-01-06,risk_on,0.0177746423030569,0.012092120252533478,0.07109950778735774,0.6428571428571429,0.08618590322051446,0.8482142857142857,0.9732142857142857,,,{},2883.TW,2010-01-06,2010-01-07
0.040285775194924954,889000,0,0.0035502675840978592,0.03550267584097859,1.0,D-1 estimated accounting; fill-day constraints require ledger audit,direct,V4_DIRECT_FROZEN_LINEAR_PORTFOLIO,disabled,2010-01-06,risk_on,0.0177746423030569,0.012092120252533478,0.07109950778735774,0.6428571428571429,0.08618590322051446,0.8482142857142857,0.9732142857142857,,,{},3037.TW,2010-01-06,2010-01-07
0.039515331335942615,381000,0,0.00012287024901703748,0.0012287024901703747,1.0,D-1 estimated accounting; fill-day constraints require ledger audit,direct,V4_DIRECT_FROZEN_LINEAR_PORTFOLIO,disabled,2010-01-06,risk_on,0.0177746423030569,0.012092120252533478,0.07109950778735774,0.6428571428571429,0.08618590322051446,0.8482142857142857,0.9732142857142857,,,{},3044.TW,2010-01-06,2010-01-07
0.04027059378502409,365000,0,-0.014468654434250761,-0.1446865443425076,1.0,D-1 estimated accounting; fill-day constraints require ledger audit,direct,V4_DIRECT_FROZEN_LINEAR_PORTFOLIO,disabled,2010-01-06,risk_on,0.0177746423030569,0.012092120252533478,0.07109950778735774,0.6428571428571429,0.08618590322051446,0.8482142857142857,0.9732142857142857,,,{},3211.TWO,2010-01-06,2010-01-07
0.03998052223063065,394000,0,0.025357688947138485,0.25357688947138485,1.0,D-1 estimated accounting; fill-day constraints require ledger audit,direct,V4_DIRECT_FROZEN_LINEAR_PORTFOLIO,disabled,2010-01-06,risk_on,0.0177746423030569,0.012092120252533478,0.07109950778735774,0.6428571428571429,0.08618590322051446,0.8482142857142857,0.9732142857142857,,,{},3260.TWO,2010-01-06,2010-01-07
0.04026109905709278,1943000,0,0.0099074377457405,0.099074377457405,1.0,D-1 estimated accounting; fill-day constraints require ledger audit,direct,V4_DIRECT_FROZEN_LINEAR_PORTFOLIO,disabled,2010-01-06,risk_on,0.0177746423030569,0.012092120252533478,0.07109950778735774,0.6428571428571429,0.08618590322051446,0.8482142857142857,0.9732142857142857,,,{},3264.TWO,2010-01-06,2010-01-07
0.03973569026226286,150000,0,0.00020341852337265183,0.002034185233726518,1.0,D-1 estimated accounting; fill-day constraints require ledger audit,direct,V4_DIRECT_FROZEN_LINEAR_PORTFOLIO,disabled,2010-01-06,risk_on,0.0177746423030569,0.012092120252533478,0.07109950778735774,0.6428571428571429,0.08618590322051446,0.8482142857142857,0.9732142857142857,,,{},3293.TWO,2010-01-06,2010-01-07
0.04292139996597505,1768000,0,0.047879805591961554,0.4787980559196155,1.0,D-1 estimated accounting; fill-day constraints require ledger audit,direct,V4_DIRECT_FROZEN_LINEAR_PORTFOLIO,disabled,2010-01-06,risk_on,0.0177746423030569,0.012092120252533478,0.07109950778735774,0.6428571428571429,0.08618590322051446,0.8482142857142857,0.9732142857142857,,,{},3324.TWO,2010-01-06,2010-01-07
0.03730361824135513,232000,0,0.02534949759720402,0.2534949759720402,1.0,D-1 estimated accounting; fill-day constraints require ledger audit,direct,V4_DIRECT_FROZEN_LINEAR_PORTFOLIO,disabled,2010-01-06,risk_on,0.0177746423030569,0.012092120252533478,0.07109950778735774,0.6428571428571429,0.08618590322051446,0.8482142857142857,0.9732142857142857,,,{},3533.TW,2010-01-06,2010-01-07
0.041536921389146206,2564000,0,0.023070937090432505,0.23070937090432503,1.0,D-1 estimated accounting; fill-day constraints require ledger audit,direct,V4_DIRECT_FROZEN_LINEAR_PORTFOLIO,disabled,2010-01-06,risk_on,0.0177746423030569,0.012092120252533478,0.07109950778735774,0.6428571428571429,0.08618590322051446,0.8482142857142857,0.9732142857142857,,,{},5347.TWO,2010-01-06,2010-01-07
0.0397493738407521,913000,0,0.013629041065967674,0.13629041065967673,1.0,D-1 estimated accounting; fill-day constraints require ledger audit,direct,V4_DIRECT_FROZEN_LINEAR_PORTFOLIO,disabled,2010-01-06,risk_on,0.0177746423030569,0.012092120252533478,0.07109950778735774,0.6428571428571429,0.08618590322051446,0.8482142857142857,0.9732142857142857,,,{},6023.TWO,2010-01-06,2010-01-07
0.04192498665962215,2938000,0,0.008118993010048056,0.08118993010048055,1.0,D-1 estimated accounting; fill-day constraints require ledger audit,direct,V4_DIRECT_FROZEN_LINEAR_PORTFOLIO,disabled,2010-01-06,risk_on,0.0177746423030569,0.012092120252533478,0.07109950778735774,0.6428571428571429,0.08618590322051446,0.8482142857142857,0.9732142857142857,,,{},6274.TWO,2010-01-06,2010-01-07
0.04076894006655247,151000,0,0.007718982088248144,0.07718982088248144,1.0,D-1 estimated accounting; fill-day constraints require ledger audit,direct,V4_DIRECT_FROZEN_LINEAR_PORTFOLIO,disabled,2010-01-06,risk_on,0.0177746423030569,0.012092120252533478,0.07109950778735774,0.6428571428571429,0.08618590322051446,0.8482142857142857,0.9732142857142857,,,{},8299.TWO,2010-01-06,2010-01-07
0.0416608225644288,2243000,0,0.03957514198339886,0.39575141983398854,1.0,D-1 estimated accounting; fill-day constraints require ledger audit,direct,V4_DIRECT_FROZEN_LINEAR_PORTFOLIO,disabled,2010-01-07,risk_on,0.01785541942013002,0.0,0.04708143293641498,0.49107142857142855,0.08771799889657743,0.7232142857142857,0.8839285714285714,,,{},1815.TWO,2010-01-07,2010-01-08
0.04183666917809709,858000,0,0.005635648754914811,0.056356487549148106,1.0,D-1 estimated accounting; fill-day constraints require ledger audit,direct,V4_DIRECT_FROZEN_LINEAR_PORTFOLIO,disabled,2010-01-07,risk_on,0.01785541942013002,0.0,0.04708143293641498,0.49107142857142855,0.08771799889657743,0.7232142857142857,0.8839285714285714,,,{},2301.TW,2010-01-07,2010-01-08
0.038728241720351865,3544000,0,0.02223268894713849,0.22232688947138488,1.0,D-1 estimated accounting; fill-day constraints require ledger audit,direct,V4_DIRECT_FROZEN_LINEAR_PORTFOLIO,disabled,2010-01-07,risk_on,0.01785541942013002,0.0,0.04708143293641498,0.49107142857142855,0.08771799889657743,0.7232142857142857,0.8839285714285714,,,{},2313.TW,2010-01-07,2010-01-08
0.04289746849179413,3528000,0,0.02602801441677588,0.2602801441677588,1.0,D-1 estimated accounting; fill-day constraints require ledger audit,direct,V4_DIRECT_FROZEN_LINEAR_PORTFOLIO,disabled,2010-01-07,risk_on,0.01785541942013002,0.0,0.04708143293641498,0.49107142857142855,0.08771799889657743,0.7232142857142857,0.8839285714285714,,,{},2327.TW,2010-01-07,2010-01-08
0.04084235096455003,2255000,0,0.0016382699868938391,0.01638269986893839,1.0,D-1 estimated accounting; fill-day constraints require ledger audit,direct,V4_DIRECT_FROZEN_LINEAR_PORTFOLIO,disabled,2010-01-07,risk_on,0.01785541942013002,0.0,0.04708143293641498,0.49107142857142855,0.08771799889657743,0.7232142857142857,0.8839285714285714,,,{},2337.TW,2010-01-07,2010-01-08
0.04044668582436734,4225000,0,0.03627812363477501,0.3627812363477501,1.0,D-1 estimated accounting; fill-day constraints require ledger audit,direct,V4_DIRECT_FROZEN_LINEAR_PORTFOLIO,disabled,2010-01-07,risk_on,0.01785541942013002,0.0,0.04708143293641498,0.49107142857142855,0.08771799889657743,0.7232142857142857,0.8839285714285714,,,{},2344.TW,2010-01-07,2010-01-08
0.041803659465175405,2654000,0,0.020980777632153776,0.20980777632153774,1.0,D-1 estimated accounting; fill-day constraints require ledger audit,direct,V4_DIRECT_FROZEN_LINEAR_PORTFOLIO,disabled,2010-01-07,risk_on,0.01785541942013002,0.0,0.04708143293641498,0.49107142857142855,0.08771799889657743,0.7232142857142857,0.8839285714285714,,,{},2345.TW,2010-01-07,2010-01-08
0.04248429563596237,1262000,0,0.04072602664919178,0.4072602664919178,1.0,D-1 estimated accounting; fill-day constraints require ledger audit,direct,V4_DIRECT_FROZEN_LINEAR_PORTFOLIO,disabled,2010-01-07,risk_on,0.01785541942013002,0.0,0.04708143293641498,0.49107142857142855,0.08771799889657743,0.7232142857142857,0.8839285714285714,,,{},2408.TW,2010-01-07,2010-01-08
0.041789219318807955,2715000,0,0.00395915246832678,0.03959152468326779,1.0,D-1 estimated accounting; fill-day constraints require ledger audit,direct,V4_DIRECT_FROZEN_LINEAR_PORTFOLIO,disabled,2010-01-07,risk_on,0.01785541942013002,0.0,0.04708143293641498,0.49107142857142855,0.08771799889657743,0.7232142857142857,0.8839285714285714,,,{},2449.TW,2010-01-07,2010-01-08
0.0431416480325533,4213000,0,0.022011522498907823,0.2201152249890782,1.0,D-1 estimated accounting; fill-day constraints require ledger audit,direct,V4_DIRECT_FROZEN_LINEAR_PORTFOLIO,disabled,2010-01-07,risk_on,0.01785541942013002,0.0,0.04708143293641498,0.49107142857142855,0.08771799889657743,0.7232142857142857,0.8839285714285714,,,{},2883.TW,2010-01-07,2010-01-08
0.04006209573782846,889000,0,-0.003952326343381389,-0.03952326343381389,1.0,D-1 estimated accounting; fill-day constraints require ledger audit,direct,V4_DIRECT_FROZEN_LINEAR_PORTFOLIO,disabled,2010-01-07,risk_on,0.01785541942013002,0.0,0.04708143293641498,0.49107142857142855,0.08771799889657743,0.7232142857142857,0.8839285714285714,,,{},3037.TW,2010-01-07,2010-01-08
0.04031391342350455,381000,0,0.006529871122761032,0.06529871122761031,1.0,D-1 estimated accounting; fill-day constraints require ledger audit,direct,V4_DIRECT_FROZEN_LINEAR_PORTFOLIO,disabled,2010-01-07,risk_on,0.01785541942013002,0.0,0.04708143293641498,0.49107142857142855,0.08771799889657743,0.7232142857142857,0.8839285714285714,,,{},3044.TW,2010-01-07,2010-01-08
0.040123088043444444,365000,0,-0.01868856487549148,-0.18688564875491478,1.0,D-1 estimated accounting; fill-day constraints require ledger audit,direct,V4_DIRECT_FROZEN_LINEAR_PORTFOLIO,disabled,2010-01-07,risk_on,0.01785541942013002,0.0,0.04708143293641498,0.49107142857142855,0.08771799889657743,0.7232142857142857,0.8839285714285714,,,{},3211.TWO,2010-01-07,2010-01-08
0.03816646103494105,394000,0,0.010874017038007866,0.10874017038007865,1.0,D-1 estimated accounting; fill-day constraints require ledger audit,direct,V4_DIRECT_FROZEN_LINEAR_PORTFOLIO,disabled,2010-01-07,risk_on,0.01785541942013002,0.0,0.04708143293641498,0.49107142857142855,0.08771799889657743,0.7232142857142857,0.8839285714285714,,,{},3260.TWO,2010-01-07,2010-01-08
0.040376880669209865,1943000,0,0.0025830056793359544,0.025830056793359542,1.0,D-1 estimated accounting; fill-day constraints require ledger audit,direct,V4_DIRECT_FROZEN_LINEAR_PORTFOLIO,disabled,2010-01-07,risk_on,0.01785541942013002,0.0,0.04708143293641498,0.49107142857142855,0.08771799889657743,0.7232142857142857,0.8839285714285714,,,{},3264.TWO,2010-01-07,2010-01-08
0.03952752818793427,150000,0,-0.000387723896898208,-0.00387723896898208,1.0,D-1 estimated accounting; fill-day constraints require ledger audit,direct,V4_DIRECT_FROZEN_LINEAR_PORTFOLIO,disabled,2010-01-07,risk_on,0.01785541942013002,0.0,0.04708143293641498,0.49107142857142855,0.08771799889657743,0.7232142857142857,0.8839285714285714,,,{},3293.TWO,2010-01-07,2010-01-08
0.04118642656582776,1768000,0,0.042638706858890346,0.4263870685889034,1.0,D-1 estimated accounting; fill-day constraints require ledger audit,direct,V4_DIRECT_FROZEN_LINEAR_PORTFOLIO,disabled,2010-01-07,risk_on,0.01785541942013002,0.0,0.04708143293641498,0.49107142857142855,0.08771799889657743,0.7232142857142857,0.8839285714285714,,,{},3324.TWO,2010-01-07,2010-01-08
0.03768801256187099,232000,0,0.015945827872433378,0.15945827872433377,1.0,D-1 estimated accounting; fill-day constraints require ledger audit,direct,V4_DIRECT_FROZEN_LINEAR_PORTFOLIO,disabled,2010-01-07,risk_on,0.01785541942013002,0.0,0.04708143293641498,0.49107142857142855,0.08771799889657743,0.7232142857142857,0.8839285714285714,,,{},3533.TW,2010-01-07,2010-01-08
0.040780973930345216,2564000,0,0.01137778505897772,0.11377785058977719,1.0,D-1 estimated accounting; fill-day constraints require ledger audit,direct,V4_DIRECT_FROZEN_LINEAR_PORTFOLIO,disabled,2010-01-07,risk_on,0.01785541942013002,0.0,0.04708143293641498,0.49107142857142855,0.08771799889657743,0.7232142857142857,0.8839285714285714,,,{},5347.TWO,2010-01-07,2010-01-08
0.04029955022285486,913000,0,0.01643594364351245,0.1643594364351245,1.0,D-1 estimated accounting; fill-day constraints require ledger audit,direct,V4_DIRECT_FROZEN_LINEAR_PORTFOLIO,disabled,2010-01-07,risk_on,0.01785541942013002,0.0,0.04708143293641498,0.49107142857142855,0.08771799889657743,0.7232142857142857,0.8839285714285714,,,{},6023.TWO,2010-01-07,2010-01-08
0.041151108481373086,2938000,0,0.0006375600698995192,0.006375600698995192,1.0,D-1 estimated accounting; fill-day constraints require ledger audit,direct,V4_DIRECT_FROZEN_LINEAR_PORTFOLIO,disabled,2010-01-07,risk_on,0.01785541942013002,0.0,0.04708143293641498,0.49107142857142855,0.08771799889657743,0.7232142857142857,0.8839285714285714,,,{},6274.TWO,2010-01-07,2010-01-08
0.041499903420007145,151000,0,0.0064179226736566205,0.0641792267365662,1.0,D-1 estimated accounting; fill-day constraints require ledger audit,direct,V4_DIRECT_FROZEN_LINEAR_PORTFOLIO,disabled,2010-01-07,risk_on,0.01785541942013002,0.0,0.04708143293641498,0.49107142857142855,0.08771799889657743,0.7232142857142857,0.8839285714285714,,,{},8299.TWO,2010-01-07,2010-01-08
0.04162795200061834,2243000,0,0.031094364351245088,0.31094364351245085,1.0,D-1 estimated accounting; fill-day constraints require ledger audit,direct,V4_DIRECT_FROZEN_LINEAR_PORTFOLIO,disabled,2010-01-08,risk_on,0.016749498541955014,-0.007176305691695306,0.07250000239510712,0.42857142857142855,0.08773619379915833,0.7589285714285714,0.8660714285714286,,,{},1815.TWO,2010-01-08,2010-01-11
0.0418036598705706,858000,0,0.0027345456531236334,0.027345456531236333,1.0,D-1 estimated accounting; fill-day constraints require ledger audit,direct,V4_DIRECT_FROZEN_LINEAR_PORTFOLIO,disabled,2010-01-08,risk_on,0.016749498541955014,-0.007176305691695306,0.07250000239510712,0.42857142857142855,0.08773619379915833,0.7589285714285714,0.8660714285714286,,,{},2301.TW,2010-01-08,2010-01-11
0.038152647158581215,3544000,0,0.011717726081258194,0.11717726081258194,1.0,D-1 estimated accounting; fill-day constraints require ledger audit,direct,V4_DIRECT_FROZEN_LINEAR_PORTFOLIO,disabled,2010-01-08,risk_on,0.016749498541955014,-0.007176305691695306,0.07250000239510712,0.42857142857142855,0.08773619379915833,0.7589285714285714,0.8660714285714286,,,{},2313.TW,2010-01-08,2010-01-11
0.04250190387827909,3528000,0,0.02349006116207951,0.23490061162079506,1.0,D-1 estimated accounting; fill-day constraints require ledger audit,direct,V4_DIRECT_FROZEN_LINEAR_PORTFOLIO,disabled,2010-01-08,risk_on,0.016749498541955014,-0.007176305691695306,0.07250000239510712,0.42857142857142855,0.08773619379915833,0.7589285714285714,0.8660714285714286,,,{},2327.TW,2010-01-08,2010-01-11
0.040578907333063505,2255000,0,-0.007095074268239406,-0.07095074268239406,1.0,D-1 estimated accounting; fill-day constraints require ledger audit,direct,V4_DIRECT_FROZEN_LINEAR_PORTFOLIO,disabled,2010-01-08,risk_on,0.016749498541955014,-0.007176305691695306,0.07250000239510712,0.42857142857142855,0.08773619379915833,0.7589285714285714,0.8660714285714286,,,{},2337.TW,2010-01-08,2010-01-11
0.03985165204927772,4225000,0,0.024634119702927046,0.24634119702927043,1.0,D-1 estimated accounting; fill-day constraints require ledger audit,direct,V4_DIRECT_FROZEN_LINEAR_PORTFOLIO,disabled,2010-01-08,risk_on,0.016749498541955014,-0.007176305691695306,0.07250000239510712,0.42857142857142855,0.08773619379915833,0.7589285714285714,0.8660714285714286,,,{},2344.TW,2010-01-08,2010-01-11
0.04136249369884391,2654000,0,0.019199159021406727,0.19199159021406725,1.0,D-1 estimated accounting; fill-day constraints require ledger audit,direct,V4_DIRECT_FROZEN_LINEAR_PORTFOLIO,disabled,2010-01-08,risk_on,0.016749498541955014,-0.007176305691695306,0.07250000239510712,0.42857142857142855,0.08773619379915833,0.7589285714285714,0.8660714285714286,,,{},2345.TW,2010-01-08,2010-01-11
0.04141539058384704,1262000,0,0.03134693097422455,0.3134693097422455,1.0,D-1 estimated accounting; fill-day constraints require ledger audit,direct,V4_DIRECT_FROZEN_LINEAR_PORTFOLIO,disabled,2010-01-08,risk_on,0.016749498541955014,-0.007176305691695306,0.07250000239510712,0.42857142857142855,0.08773619379915833,0.7589285714285714,0.8660714285714286,,,{},2408.TW,2010-01-08,2010-01-11
0.041617059957921476,2715000,0,-0.002286751856705986,-0.02286751856705986,1.0,D-1 estimated accounting; fill-day constraints require ledger audit,direct,V4_DIRECT_FROZEN_LINEAR_PORTFOLIO,disabled,2010-01-08,risk_on,0.016749498541955014,-0.007176305691695306,0.07250000239510712,0.42857142857142855,0.08773619379915833,0.7589285714285714,0.8660714285714286,,,{},2449.TW,2010-01-08,2010-01-11
0.043625937056259875,4213000,0,0.02079237658366099,0.20792376583660988,1.0,D-1 estimated accounting; fill-day constraints require ledger audit,direct,V4_DIRECT_FROZEN_LINEAR_PORTFOLIO,disabled,2010-01-08,risk_on,0.016749498541955014,-0.007176305691695306,0.07250000239510712,0.42857142857142855,0.08773619379915833,0.7589285714285714,0.8660714285714286,,,{},2883.TW,2010-01-08,2010-01-11
0.03998489376688009,889000,0,-0.007772225862822195,-0.07772225862822195,1.0,D-1 estimated accounting; fill-day constraints require ledger audit,direct,V4_DIRECT_FROZEN_LINEAR_PORTFOLIO,disabled,2010-01-08,risk_on,0.016749498541955014,-0.007176305691695306,0.07250000239510712,0.42857142857142855,0.08773619379915833,0.7589285714285714,0.8660714285714286,,,{},3037.TW,2010-01-08,2010-01-11
0.04028210557665786,381000,0,0.006277304499781564,0.06277304499781564,1.0,D-1 estimated accounting; fill-day constraints require ledger audit,direct,V4_DIRECT_FROZEN_LINEAR_PORTFOLIO,disabled,2010-01-08,risk_on,0.016749498541955014,-0.007176305691695306,0.07250000239510712,0.42857142857142855,0.08773619379915833,0.7589285714285714,0.8660714285714286,,,{},3044.TW,2010-01-08,2010-01-11
0.040840803296167676,365000,0,-0.008883519003931847,-0.08883519003931847,1.0,D-1 estimated accounting; fill-day constraints require ledger audit,direct,V4_DIRECT_FROZEN_LINEAR_PORTFOLIO,disabled,2010-01-08,risk_on,0.016749498541955014,-0.007176305691695306,0.07250000239510712,0.42857142857142855,0.08773619379915833,0.7589285714285714,0.8660714285714286,,,{},3211.TWO,2010-01-08,2010-01-11
0.03963268354856709,394000,0,0.01773154215814766,0.17731542158147662,1.0,D-1 estimated accounting; fill-day constraints require ledger audit,direct,V4_DIRECT_FROZEN_LINEAR_PORTFOLIO,disabled,2010-01-08,risk_on,0.016749498541955014,-0.007176305691695306,0.07250000239510712,0.42857142857142855,0.08773619379915833,0.7589285714285714,0.8660714285714286,,,{},3260.TWO,2010-01-08,2010-01-11
0.04004617111767587,1943000,0,-0.0014635211882918276,-0.014635211882918275,1.0,D-1 estimated accounting; fill-day constraints require ledger audit,direct,V4_DIRECT_FROZEN_LINEAR_PORTFOLIO,disabled,2010-01-08,risk_on,0.016749498541955014,-0.007176305691695306,0.07250000239510712,0.42857142857142855,0.08773619379915833,0.7589285714285714,0.8660714285714286,,,{},3264.TWO,2010-01-08,2010-01-11
0.04026775370863375,150000,0,-0.003189165574486676,-0.031891655744866756,1.0,D-1 estimated accounting; fill-day constraints require ledger audit,direct,V4_DIRECT_FROZEN_LINEAR_PORTFOLIO,disabled,2010-01-08,risk_on,0.016749498541955014,-0.007176305691695306,0.07250000239510712,0.42857142857142855,0.08773619379915833,0.7589285714285714,0.8660714285714286,,,{},3293.TWO,2010-01-08,2010-01-11
0.03979421894884554,1768000,0,0.02791475535168196,0.2791475535168196,1.0,D-1 estimated accounting; fill-day constraints require ledger audit,direct,V4_DIRECT_FROZEN_LINEAR_PORTFOLIO,disabled,2010-01-08,risk_on,0.016749498541955014,-0.007176305691695306,0.07250000239510712,0.42857142857142855,0.08773619379915833,0.7589285714285714,0.8660714285714286,,,{},3324.TWO,2010-01-08,2010-01-11
0.03920750945835296,232000,0,0.022063401048492793,0.22063401048492792,1.0,D-1 estimated accounting; fill-day constraints require ledger audit,direct,V4_DIRECT_FROZEN_LINEAR_PORTFOLIO,disabled,2010-01-08,risk_on,0.016749498541955014,-0.007176305691695306,0.07250000239510712,0.42857142857142855,0.08773619379915833,0.7589285714285714,0.8660714285714286,,,{},3533.TW,2010-01-08,2010-01-11
0.04258906584818977,2564000,0,0.024464831804281346,0.24464831804281345,1.0,D-1 estimated accounting; fill-day constraints require ledger audit,direct,V4_DIRECT_FROZEN_LINEAR_PORTFOLIO,disabled,2010-01-08,risk_on,0.016749498541955014,-0.007176305691695306,0.07250000239510712,0.42857142857142855,0.08773619379915833,0.7589285714285714,0.8660714285714286,,,{},5347.TWO,2010-01-08,2010-01-11
0.0398931699532046,913000,0,0.005643840104849279,0.05643840104849279,1.0,D-1 estimated accounting; fill-day constraints require ledger audit,direct,V4_DIRECT_FROZEN_LINEAR_PORTFOLIO,disabled,2010-01-08,risk_on,0.016749498541955014,-0.007176305691695306,0.07250000239510712,0.42857142857142855,0.08773619379915833,0.7589285714285714,0.8660714285714286,,,{},6023.TWO,2010-01-08,2010-01-11
0.04081740462562123,2938000,0,-0.005041775884665792,-0.05041775884665792,1.0,D-1 estimated accounting; fill-day constraints require ledger audit,direct,V4_DIRECT_FROZEN_LINEAR_PORTFOLIO,disabled,2010-01-08,risk_on,0.016749498541955014,-0.007176305691695306,0.07250000239510712,0.42857142857142855,0.08773619379915833,0.7589285714285714,0.8660714285714286,,,{},6274.TWO,2010-01-08,2010-01-11
0.04100123667800857,151000,0,0.003317496723460027,0.03317496723460027,1.0,D-1 estimated accounting; fill-day constraints require ledger audit,direct,V4_DIRECT_FROZEN_LINEAR_PORTFOLIO,disabled,2010-01-08,risk_on,0.016749498541955014,-0.007176305691695306,0.07250000239510712,0.42857142857142855,0.08773619379915833,0.7589285714285714,0.8660714285714286,,,{},8299.TWO,2010-01-08,2010-01-11
0.04015668702779487,2243000,0,0.02610173656618611,0.26101736566186107,1.0,D-1 estimated accounting; fill-day constraints require ledger audit,direct,V4_DIRECT_FROZEN_LINEAR_PORTFOLIO,disabled,2010-01-11,risk_on,0.016718965885115775,0.003116130375150128,0.06103200869922221,0.5446428571428571,0.08284916510800606,0.7678571428571429,0.9196428571428571,,,{},1815.TWO,2010-01-11,2010-01-12
0.04197222085080578,858000,0,0.008112166885102667,0.08112166885102666,1.0,D-1 estimated accounting; fill-day constraints require ledger audit,direct,V4_DIRECT_FROZEN_LINEAR_PORTFOLIO,disabled,2010-01-11,risk_on,0.016718965885115775,0.003116130375150128,0.06103200869922221,0.5446428571428571,0.08284916510800606,0.7678571428571429,0.9196428571428571,,,{},2301.TW,2010-01-11,2010-01-12
0.03734100123789219,3544000,0,0.0013925294888597632,0.01392529488859763,1.0,D-1 estimated accounting; fill-day constraints require ledger audit,direct,V4_DIRECT_FROZEN_LINEAR_PORTFOLIO,disabled,2010-01-11,risk_on,0.016718965885115775,0.003116130375150128,0.06103200869922221,0.5446428571428571,0.08284916510800606,0.7678571428571429,0.9196428571428571,,,{},2313.TW,2010-01-11,2010-01-12
0.042585905137899976,3528000,0,0.019009392747924854,0.19009392747924853,1.0,D-1 estimated accounting; fill-day constraints require ledger audit,direct,V4_DIRECT_FROZEN_LINEAR_PORTFOLIO,disabled,2010-01-11,risk_on,0.016718965885115775,0.003116130375150128,0.06103200869922221,0.5446428571428571,0.08284916510800606,0.7678571428571429,0.9196428571428571,,,{},2327.TW,2010-01-11,2010-01-12
0.040140782376687674,2255000,0,-0.014568315858453473,-0.14568315858453473,1.0,D-1 estimated accounting; fill-day constraints require ledger audit,direct,V4_DIRECT_FROZEN_LINEAR_PORTFOLIO,disabled,2010-01-11,risk_on,0.016718965885115775,0.003116130375150128,0.06103200869922221,0.5446428571428571,0.08284916510800606,0.7678571428571429,0.9196428571428571,,,{},2337.TW,2010-01-11,2010-01-12
0.039199375338178,4225000,0,0.02175349497597204,0.2175349497597204,1.0,D-1 estimated accounting; fill-day constraints require ledger audit,direct,V4_DIRECT_FROZEN_LINEAR_PORTFOLIO,disabled,2010-01-11,risk_on,0.016718965885115775,0.003116130375150128,0.06103200869922221,0.5446428571428571,0.08284916510800606,0.7678571428571429,0.9196428571428571,,,{},2344.TW,2010-01-11,2010-01-12
0.040997127658970366,2654000,0,0.012767584097859329,0.12767584097859327,1.0,D-1 estimated accounting; fill-day constraints require ledger audit,direct,V4_DIRECT_FROZEN_LINEAR_PORTFOLIO,disabled,2010-01-11,risk_on,0.016718965885115775,0.003116130375150128,0.06103200869922221,0.5446428571428571,0.08284916510800606,0.7678571428571429,0.9196428571428571,,,{},2345.TW,2010-01-11,2010-01-12
0.040998585159152216,1262000,0,0.029958497160332023,0.2995849716033202,1.0,D-1 estimated accounting; fill-day constraints require ledger audit,direct,V4_DIRECT_FROZEN_LINEAR_PORTFOLIO,disabled,2010-01-11,risk_on,0.016718965885115775,0.003116130375150128,0.06103200869922221,0.5446428571428571,0.08284916510800606,0.7678571428571429,0.9196428571428571,,,{},2408.TW,2010-01-11,2010-01-12
0.041661492040107086,2715000,0,-0.002969364351245085,-0.029693643512450848,1.0,D-1 estimated accounting; fill-day constraints require ledger audit,direct,V4_DIRECT_FROZEN_LINEAR_PORTFOLIO,disabled,2010-01-11,risk_on,0.016718965885115775,0.003116130375150128,0.06103200869922221,0.5446428571428571,0.08284916510800606,0.7678571428571429,0.9196428571428571,,,{},2449.TW,2010-01-11,2010-01-12
0.044819818223637356,4213000,0,0.022830657492354745,0.22830657492354742,1.0,D-1 estimated accounting; fill-day constraints require ledger audit,direct,V4_DIRECT_FROZEN_LINEAR_PORTFOLIO,disabled,2010-01-11,risk_on,0.016718965885115775,0.003116130375150128,0.06103200869922221,0.5446428571428571,0.08284916510800606,0.7678571428571429,0.9196428571428571,,,{},2883.TW,2010-01-11,2010-01-12
0.039939647351592555,889000,0,-0.015072083879423326,-0.15072083879423326,1.0,D-1 estimated accounting; fill-day constraints require ledger audit,direct,V4_DIRECT_FROZEN_LINEAR_PORTFOLIO,disabled,2010-01-11,risk_on,0.016718965885115775,0.003116130375150128,0.06103200869922221,0.5446428571428571,0.08284916510800606,0.7678571428571429,0.9196428571428571,,,{},3037.TW,2010-01-11,2010-01-12
0.04292210184651308,381000,0,0.03305346221057231,0.33053462210572304,1.0,D-1 estimated accounting; fill-day constraints require ledger audit,direct,V4_DIRECT_FROZEN_LINEAR_PORTFOLIO,disabled,2010-01-11,risk_on,0.016718965885115775,0.003116130375150128,0.06103200869922221,0.5446428571428571,0.08284916510800606,0.7678571428571429,0.9196428571428571,,,{},3044.TW,2010-01-11,2010-01-12
0.040000453236372135,365000,0,-0.017377948885976408,-0.17377948885976408,1.0,D-1 estimated accounting; fill-day constraints require ledger audit,direct,V4_DIRECT_FROZEN_LINEAR_PORTFOLIO,disabled,2010-01-11,risk_on,0.016718965885115775,0.003116130375150128,0.06103200869922221,0.5446428571428571,0.08284916510800606,0.7678571428571429,0.9196428571428571,,,{},3211.TWO,2010-01-11,2010-01-12
0.0385340034920033,394000,0,0.011448776758409787,0.11448776758409786,1.0,D-1 estimated accounting; fill-day constraints require ledger audit,direct,V4_DIRECT_FROZEN_LINEAR_PORTFOLIO,disabled,2010-01-11,risk_on,0.016718965885115775,0.003116130375150128,0.06103200869922221,0.5446428571428571,0.08284916510800606,0.7678571428571429,0.9196428571428571,,,{},3260.TWO,2010-01-11,2010-01-12
0.04124738299721165,1943000,0,0.009114242027086064,0.09114242027086064,1.0,D-1 estimated accounting; fill-day constraints require ledger audit,direct,V4_DIRECT_FROZEN_LINEAR_PORTFOLIO,disabled,2010-01-11,risk_on,0.016718965885115775,0.003116130375150128,0.06103200869922221,0.5446428571428571,0.08284916510800606,0.7678571428571429,0.9196428571428571,,,{},3264.TWO,2010-01-11,2010-01-12
0.0,0,-150000,-0.019717944517256444,-0.19717944517256442,1.0,D-1 estimated accounting; fill-day constraints require ledger audit,direct,V4_DIRECT_FROZEN_LINEAR_PORTFOLIO,disabled,2010-01-11,risk_on,0.016718965885115775,0.003116130375150128,0.06103200869922221,0.5446428571428571,0.08284916510800606,0.7678571428571429,0.9196428571428571,,,{},3293.TWO,2010-01-11,2010-01-12
0.03852817349127591,1768000,0,0.02166475535168196,0.21664755351681958,1.0,D-1 estimated accounting; fill-day constraints require ledger audit,direct,V4_DIRECT_FROZEN_LINEAR_PORTFOLIO,disabled,2010-01-11,risk_on,0.016718965885115775,0.003116130375150128,0.06103200869922221,0.5446428571428571,0.08284916510800606,0.7678571428571429,0.9196428571428571,,,{},3324.TWO,2010-01-11,2010-01-12
0.043175451176368465,756000,756000,0.04045161642638707,0.40451616426387066,1.0,D-1 estimated accounting; fill-day constraints require ledger audit,direct,V4_DIRECT_FROZEN_LINEAR_PORTFOLIO,disabled,2010-01-11,risk_on,0.016718965885115775,0.003116130375150128,0.06103200869922221,0.5446428571428571,0.08284916510800606,0.7678571428571429,0.9196428571428571,,,{},3481.TW,2010-01-11,2010-01-12
0.03923743910608502,232000,0,0.02220401922236785,0.22204019222367846,1.0,D-1 estimated accounting; fill-day constraints require ledger audit,direct,V4_DIRECT_FROZEN_LINEAR_PORTFOLIO,disabled,2010-01-11,risk_on,0.016718965885115775,0.003116130375150128,0.06103200869922221,0.5446428571428571,0.08284916510800606,0.7678571428571429,0.9196428571428571,,,{},3533.TW,2010-01-11,2010-01-12
0.04511540948858773,2564000,0,0.03808841197029271,0.38088411970292707,1.0,D-1 estimated accounting; fill-day constraints require ledger audit,direct,V4_DIRECT_FROZEN_LINEAR_PORTFOLIO,disabled,2010-01-11,risk_on,0.016718965885115775,0.003116130375150128,0.06103200869922221,0.5446428571428571,0.08284916510800606,0.7678571428571429,0.9196428571428571,,,{},5347.TWO,2010-01-11,2010-01-12
0.03989607576720886,913000,0,0.002569353429445171,0.02569353429445171,1.0,D-1 estimated accounting; fill-day constraints require ledger audit,direct,V4_DIRECT_FROZEN_LINEAR_PORTFOLIO,disabled,2010-01-11,risk_on,0.016718965885115775,0.003116130375150128,0.06103200869922221,0.5446428571428571,0.08284916510800606,0.7678571428571429,0.9196428571428571,,,{},6023.TWO,2010-01-11,2010-01-12
0.042678366903822165,2938000,0,0.008652795980777632,0.08652795980777632,1.0,D-1 estimated accounting; fill-day constraints require ledger audit,direct,V4_DIRECT_FROZEN_LINEAR_PORTFOLIO,disabled,2010-01-11,risk_on,0.016718965885115775,0.003116130375150128,0.06103200869922221,0.5446428571428571,0.08284916510800606,0.7678571428571429,0.9196428571428571,,,{},6274.TWO,2010-01-11,2010-01-12
0.039668552317768696,151000,0,-0.014150557011795543,-0.14150557011795542,1.0,D-1 estimated accounting; fill-day constraints require ledger audit,direct,V4_DIRECT_FROZEN_LINEAR_PORTFOLIO,disabled,2010-01-11,risk_on,0.016718965885115775,0.003116130375150128,0.06103200869922221,0.5446428571428571,0.08284916510800606,0.7678571428571429,0.9196428571428571,,,{},8299.TWO,2010-01-11,2010-01-12
0.04001729846170823,2243000,0,0.02531263652249891,0.2531263652249891,1.0,D-1 estimated accounting; fill-day constraints require ledger audit,direct,V4_DIRECT_FROZEN_LINEAR_PORTFOLIO,disabled,2010-01-12,risk_on,0.01661164911519728,0.005120911189428146,0.04784369301672875,0.5535714285714286,0.0859185797521924,0.8035714285714286,0.9107142857142857,,,{},1815.TWO,2010-01-12,2010-01-13
0.04140996581699426,858000,0,0.007512833114897335,0.07512833114897334,1.0,D-1 estimated accounting; fill-day constraints require ledger audit,direct,V4_DIRECT_FROZEN_LINEAR_PORTFOLIO,disabled,2010-01-12,risk_on,0.01661164911519728,0.005120911189428146,0.04784369301672875,0.5535714285714286,0.0859185797521924,0.8035714285714286,0.9107142857142857,,,{},2301.TW,2010-01-12,2010-01-13
0.03704346942143991,3544000,0,0.0058445281782437755,0.058445281782437755,1.0,D-1 estimated accounting; fill-day constraints require ledger audit,direct,V4_DIRECT_FROZEN_LINEAR_PORTFOLIO,disabled,2010-01-12,risk_on,0.01661164911519728,0.005120911189428146,0.04784369301672875,0.5535714285714286,0.0859185797521924,0.8035714285714286,0.9107142857142857,,,{},2313.TW,2010-01-12,2010-01-13
0.041308495925265205,3528000,0,0.012115006553079948,0.12115006553079946,1.0,D-1 estimated accounting; fill-day constraints require ledger audit,direct,V4_DIRECT_FROZEN_LINEAR_PORTFOLIO,disabled,2010-01-12,risk_on,0.01661164911519728,0.005120911189428146,0.04784369301672875,0.5535714285714286,0.0859185797521924,0.8035714285714286,0.9107142857142857,,,{},2327.TW,2010-01-12,2010-01-13
0.04079798102805644,2255000,0,0.0034744975972040184,0.03474497597204018,1.0,D-1 estimated accounting; fill-day constraints require ledger audit,direct,V4_DIRECT_FROZEN_LINEAR_PORTFOLIO,disabled,2010-01-12,risk_on,0.01661164911519728,0.005120911189428146,0.04784369301672875,0.5535714285714286,0.0859185797521924,0.8035714285714286,0.9107142857142857,,,{},2337.TW,2010-01-12,2010-01-13
0.038937743225406087,4225000,0,0.017686489733508084,0.17686489733508082,1.0,D-1 estimated accounting; fill-day constraints require ledger audit,direct,V4_DIRECT_FROZEN_LINEAR_PORTFOLIO,disabled,2010-01-12,risk_on,0.01661164911519728,0.005120911189428146,0.04784369301672875,0.5535714285714286,0.0859185797521924,0.8035714285714286,0.9107142857142857,,,{},2344.TW,2010-01-12,2010-01-13
0.04067952830720908,2654000,0,0.013338248143294013,0.13338248143294013,1.0,D-1 estimated accounting; fill-day constraints require ledger audit,direct,V4_DIRECT_FROZEN_LINEAR_PORTFOLIO,disabled,2010-01-12,risk_on,0.01661164911519728,0.005120911189428146,0.04784369301672875,0.5535714285714286,0.0859185797521924,0.8035714285714286,0.9107142857142857,,,{},2345.TW,2010-01-12,2010-01-13
0.04186669338115229,1262000,0,0.031740115771079075,0.31740115771079075,1.0,D-1 estimated accounting; fill-day constraints require ledger audit,direct,V4_DIRECT_FROZEN_LINEAR_PORTFOLIO,disabled,2010-01-12,risk_on,0.01661164911519728,0.005120911189428146,0.04784369301672875,0.5535714285714286,0.0859185797521924,0.8035714285714286,0.9107142857142857,,,{},2408.TW,2010-01-12,2010-01-13
0.04161433758456442,2715000,0,0.0108030253385758,0.10803025338575799,1.0,D-1 estimated accounting; fill-day constraints require ledger audit,direct,V4_DIRECT_FROZEN_LINEAR_PORTFOLIO,disabled,2010-01-12,risk_on,0.01661164911519728,0.005120911189428146,0.04784369301672875,0.5535714285714286,0.0859185797521924,0.8035714285714286,0.9107142857142857,,,{},2449.TW,2010-01-12,2010-01-13
0.04340004689481483,4213000,0,0.018333606378331146,0.18333606378331146,1.0,D-1 estimated accounting; fill-day constraints require ledger audit,direct,V4_DIRECT_FROZEN_LINEAR_PORTFOLIO,disabled,2010-01-12,risk_on,0.01661164911519728,0.005120911189428146,0.04784369301672875,0.5535714285714286,0.0859185797521924,0.8035714285714286,0.9107142857142857,,,{},2883.TW,2010-01-12,2010-01-13
0.0,0,-889000,-0.022219036697247705,-0.22219036697247704,1.0,D-1 estimated accounting; fill-day constraints require ledger audit,direct,V4_DIRECT_FROZEN_LINEAR_PORTFOLIO,disabled,2010-01-12,risk_on,0.01661164911519728,0.005120911189428146,0.04784369301672875,0.5535714285714286,0.0859185797521924,0.8035714285714286,0.9107142857142857,,,{},3037.TW,2010-01-12,2010-01-13
0.0444708946628146,381000,0,0.04205575578855396,0.42055755788553956,1.0,D-1 estimated accounting; fill-day constraints require ledger audit,direct,V4_DIRECT_FROZEN_LINEAR_PORTFOLIO,disabled,2010-01-12,risk_on,0.01661164911519728,0.005120911189428146,0.04784369301672875,0.5535714285714286,0.0859185797521924,0.8035714285714286,0.9107142857142857,,,{},3044.TW,2010-01-12,2010-01-13
0.04095298702755342,365000,0,0.008865771079073832,0.08865771079073832,1.0,D-1 estimated accounting; fill-day constraints require ledger audit,direct,V4_DIRECT_FROZEN_LINEAR_PORTFOLIO,disabled,2010-01-12,risk_on,0.01661164911519728,0.005120911189428146,0.04784369301672875,0.5535714285714286,0.0859185797521924,0.8035714285714286,0.9107142857142857,,,{},3211.TWO,2010-01-12,2010-01-13
0.03829547574087772,394000,0,0.012767584097859325,0.12767584097859325,1.0,D-1 estimated accounting; fill-day constraints require ledger audit,direct,V4_DIRECT_FROZEN_LINEAR_PORTFOLIO,disabled,2010-01-12,risk_on,0.01661164911519728,0.005120911189428146,0.04784369301672875,0.5535714285714286,0.0859185797521924,0.8035714285714286,0.9107142857142857,,,{},3260.TWO,2010-01-12,2010-01-13
0.04023232218126975,1943000,0,0.004811052861511575,0.04811052861511575,1.0,D-1 estimated accounting; fill-day constraints require ledger audit,direct,V4_DIRECT_FROZEN_LINEAR_PORTFOLIO,disabled,2010-01-12,risk_on,0.01661164911519728,0.005120911189428146,0.04784369301672875,0.5535714285714286,0.0859185797521924,0.8035714285714286,0.9107142857142857,,,{},3264.TWO,2010-01-12,2010-01-13
0.04043056405193922,1768000,0,0.022984927916120574,0.22984927916120573,1.0,D-1 estimated accounting; fill-day constraints require ledger audit,direct,V4_DIRECT_FROZEN_LINEAR_PORTFOLIO,disabled,2010-01-12,risk_on,0.01661164911519728,0.005120911189428146,0.04784369301672875,0.5535714285714286,0.0859185797521924,0.8035714285714286,0.9107142857142857,,,{},3324.TWO,2010-01-12,2010-01-13
0.04241958998357197,756000,0,0.036855613805155084,0.36855613805155085,1.0,D-1 estimated accounting; fill-day constraints require ledger audit,direct,V4_DIRECT_FROZEN_LINEAR_PORTFOLIO,disabled,2010-01-12,risk_on,0.01661164911519728,0.005120911189428146,0.04784369301672875,0.5535714285714286,0.0859185797521924,0.8035714285714286,0.9107142857142857,,,{},3481.TW,2010-01-12,2010-01-13
0.04088691477817302,232000,0,0.035890399737876805,0.35890399737876805,1.0,D-1 estimated accounting; fill-day constraints require ledger audit,direct,V4_DIRECT_FROZEN_LINEAR_PORTFOLIO,disabled,2010-01-12,risk_on,0.01661164911519728,0.005120911189428146,0.04784369301672875,0.5535714285714286,0.0859185797521924,0.8035714285714286,0.9107142857142857,,,{},3533.TW,2010-01-12,2010-01-13
0.04509870664456977,2564000,0,0.03853074486675404,0.3853074486675404,1.0,D-1 estimated accounting; fill-day constraints require ledger audit,direct,V4_DIRECT_FROZEN_LINEAR_PORTFOLIO,disabled,2010-01-12,risk_on,0.01661164911519728,0.005120911189428146,0.04784369301672875,0.5535714285714286,0.0859185797521924,0.8035714285714286,0.9107142857142857,,,{},5347.TWO,2010-01-12,2010-01-13
0.0394730188864891,913000,0,0.004450633464394934,0.04450633464394933,1.0,D-1 estimated accounting; fill-day constraints require ledger audit,direct,V4_DIRECT_FROZEN_LINEAR_PORTFOLIO,disabled,2010-01-12,risk_on,0.01661164911519728,0.005120911189428146,0.04784369301672875,0.5535714285714286,0.0859185797521924,0.8035714285714286,0.9107142857142857,,,{},6023.TWO,2010-01-12,2010-01-13
0.04473646490927854,2938000,0,0.033102610310179116,0.33102610310179115,1.0,D-1 estimated accounting; fill-day constraints require ledger audit,direct,V4_DIRECT_FROZEN_LINEAR_PORTFOLIO,disabled,2010-01-12,risk_on,0.01661164911519728,0.005120911189428146,0.04784369301672875,0.5535714285714286,0.0859185797521924,0.8035714285714286,0.9107142857142857,,,{},6274.TWO,2010-01-12,2010-01-13
0.0431994435064869,297000,297000,0.03965842070773263,0.3965842070773263,1.0,D-1 estimated accounting; fill-day constraints require ledger audit,direct,V4_DIRECT_FROZEN_LINEAR_PORTFOLIO,disabled,2010-01-12,risk_on,0.01661164911519728,0.005120911189428146,0.04784369301672875,0.5535714285714286,0.0859185797521924,0.8035714285714286,0.9107142857142857,,,{},8046.TW,2010-01-12,2010-01-13
0.039202449256897136,151000,0,-0.013286369593709041,-0.1328636959370904,1.0,D-1 estimated accounting; fill-day constraints require ledger audit,direct,V4_DIRECT_FROZEN_LINEAR_PORTFOLIO,disabled,2010-01-12,risk_on,0.01661164911519728,0.005120911189428146,0.04784369301672875,0.5535714285714286,0.0859185797521924,0.8035714285714286,0.9107142857142857,,,{},8299.TWO,2010-01-12,2010-01-13
0.04008443043209765,2243000,0,0.029611730013106165,0.29611730013106163,1.0,D-1 estimated accounting; fill-day constraints require ledger audit,direct,V4_DIRECT_FROZEN_LINEAR_PORTFOLIO,disabled,2010-01-13,neutral,0.01672422872569391,-0.012749436667792824,0.031065617275415125,0.3125,0.08521267196411364,0.5892857142857143,0.8571428571428571,,,{},1815.TWO,2010-01-13,2010-01-14
0.04104858414390359,858000,0,0.0020696810834425513,0.02069681083442551,1.0,D-1 estimated accounting; fill-day constraints require ledger audit,direct,V4_DIRECT_FROZEN_LINEAR_PORTFOLIO,disabled,2010-01-13,neutral,0.01672422872569391,-0.012749436667792824,0.031065617275415125,0.3125,0.08521267196411364,0.5892857142857143,0.8571428571428571,,,{},2301.TW,2010-01-13,2010-01-14
0.03760176634812837,3544000,0,0.014913717780690259,0.14913717780690258,1.0,D-1 estimated accounting; fill-day constraints require ledger audit,direct,V4_DIRECT_FROZEN_LINEAR_PORTFOLIO,disabled,2010-01-13,neutral,0.01672422872569391,-0.012749436667792824,0.031065617275415125,0.3125,0.08521267196411364,0.5892857142857143,0.8571428571428571,,,{},2313.TW,2010-01-13,2010-01-14
0.042446848127898014,3528000,0,0.01731514853647881,0.1731514853647881,1.0,D-1 estimated accounting; fill-day constraints require ledger audit,direct,V4_DIRECT_FROZEN_LINEAR_PORTFOLIO,disabled,2010-01-13,neutral,0.01672422872569391,-0.012749436667792824,0.031065617275415125,0.3125,0.08521267196411364,0.5892857142857143,0.8571428571428571,,,{},2327.TW,2010-01-13,2010-01-14
0.04098574538132313,2255000,0,0.008377020532983837,0.08377020532983837,1.0,D-1 estimated accounting; fill-day constraints require ledger audit,direct,V4_DIRECT_FROZEN_LINEAR_PORTFOLIO,disabled,2010-01-13,neutral,0.01672422872569391,-0.012749436667792824,0.031065617275415125,0.3125,0.08521267196411364,0.5892857142857143,0.8571428571428571,,,{},2337.TW,2010-01-13,2010-01-14
0.03937837247147837,4225000,0,0.021993774574049805,0.21993774574049804,1.0,D-1 estimated accounting; fill-day constraints require ledger audit,direct,V4_DIRECT_FROZEN_LINEAR_PORTFOLIO,disabled,2010-01-13,neutral,0.01672422872569391,-0.012749436667792824,0.031065617275415125,0.3125,0.08521267196411364,0.5892857142857143,0.8571428571428571,,,{},2344.TW,2010-01-13,2010-01-14
0.04082557759834847,2654000,0,0.014363532110091747,0.14363532110091745,1.0,D-1 estimated accounting; fill-day constraints require ledger audit,direct,V4_DIRECT_FROZEN_LINEAR_PORTFOLIO,disabled,2010-01-13,neutral,0.01672422872569391,-0.012749436667792824,0.031065617275415125,0.3125,0.08521267196411364,0.5892857142857143,0.8571428571428571,,,{},2345.TW,2010-01-13,2010-01-14
0.0410126980331246,1262000,0,0.020997160332022716,0.20997160332022716,1.0,D-1 estimated accounting; fill-day constraints require ledger audit,direct,V4_DIRECT_FROZEN_LINEAR_PORTFOLIO,disabled,2010-01-13,neutral,0.01672422872569391,-0.012749436667792824,0.031065617275415125,0.3125,0.08521267196411364,0.5892857142857143,0.8571428571428571,,,{},2408.TW,2010-01-13,2010-01-14
0.041350240659263564,2715000,0,0.009761358671909129,0.09761358671909127,1.0,D-1 estimated accounting; fill-day constraints require ledger audit,direct,V4_DIRECT_FROZEN_LINEAR_PORTFOLIO,disabled,2010-01-13,neutral,0.01672422872569391,-0.012749436667792824,0.031065617275415125,0.3125,0.08521267196411364,0.5892857142857143,0.8571428571428571,,,{},2449.TW,2010-01-13,2010-01-14
0.043201750790642625,4213000,0,0.01952408256880734,0.19524082568807338,1.0,D-1 estimated accounting; fill-day constraints require ledger audit,direct,V4_DIRECT_FROZEN_LINEAR_PORTFOLIO,disabled,2010-01-13,neutral,0.01672422872569391,-0.012749436667792824,0.031065617275415125,0.3125,0.08521267196411364,0.5892857142857143,0.8571428571428571,,,{},2883.TW,2010-01-13,2010-01-14
0.0443442183739713,381000,0,0.0435684250764526,0.435684250764526,1.0,D-1 estimated accounting; fill-day constraints require ledger audit,direct,V4_DIRECT_FROZEN_LINEAR_PORTFOLIO,disabled,2010-01-13,neutral,0.01672422872569391,-0.012749436667792824,0.031065617275415125,0.3125,0.08521267196411364,0.5892857142857143,0.8571428571428571,,,{},3044.TW,2010-01-13,2010-01-14
0.04044369760620464,365000,0,0.0054267693315858435,0.054267693315858435,1.0,D-1 estimated accounting; fill-day constraints require ledger audit,direct,V4_DIRECT_FROZEN_LINEAR_PORTFOLIO,disabled,2010-01-13,neutral,0.01672422872569391,-0.012749436667792824,0.031065617275415125,0.3125,0.08521267196411364,0.5892857142857143,0.8571428571428571,,,{},3211.TWO,2010-01-13,2010-01-14
0.0382060691654964,394000,0,0.012441295325469639,0.12441295325469638,1.0,D-1 estimated accounting; fill-day constraints require ledger audit,direct,V4_DIRECT_FROZEN_LINEAR_PORTFOLIO,disabled,2010-01-13,neutral,0.01672422872569391,-0.012749436667792824,0.031065617275415125,0.3125,0.08521267196411364,0.5892857142857143,0.8571428571428571,,,{},3260.TWO,2010-01-13,2010-01-14
0.04054463046516364,1943000,0,0.008837101354303187,0.08837101354303187,1.0,D-1 estimated accounting; fill-day constraints require ledger audit,direct,V4_DIRECT_FROZEN_LINEAR_PORTFOLIO,disabled,2010-01-13,neutral,0.01672422872569391,-0.012749436667792824,0.031065617275415125,0.3125,0.08521267196411364,0.5892857142857143,0.8571428571428571,,,{},3264.TWO,2010-01-13,2010-01-14
0.04183097242049094,1768000,0,0.027705875928352993,0.2770587592835299,1.0,D-1 estimated accounting; fill-day constraints require ledger audit,direct,V4_DIRECT_FROZEN_LINEAR_PORTFOLIO,disabled,2010-01-13,neutral,0.01672422872569391,-0.012749436667792824,0.031065617275415125,0.3125,0.08521267196411364,0.5892857142857143,0.8571428571428571,,,{},3324.TWO,2010-01-13,2010-01-14
0.04108655134455801,756000,0,0.03268894713848842,0.32688947138488417,1.0,D-1 estimated accounting; fill-day constraints require ledger audit,direct,V4_DIRECT_FROZEN_LINEAR_PORTFOLIO,disabled,2010-01-13,neutral,0.01672422872569391,-0.012749436667792824,0.031065617275415125,0.3125,0.08521267196411364,0.5892857142857143,0.8571428571428571,,,{},3481.TW,2010-01-13,2010-01-14
0.041068532151734054,232000,0,0.03887887723896898,0.3887887723896898,1.0,D-1 estimated accounting; fill-day constraints require ledger audit,direct,V4_DIRECT_FROZEN_LINEAR_PORTFOLIO,disabled,2010-01-13,neutral,0.01672422872569391,-0.012749436667792824,0.031065617275415125,0.3125,0.08521267196411364,0.5892857142857143,0.8571428571428571,,,{},3533.TW,2010-01-13,2010-01-14
0.04425767549012665,2564000,0,0.03813756006989952,0.3813756006989952,1.0,D-1 estimated accounting; fill-day constraints require ledger audit,direct,V4_DIRECT_FROZEN_LINEAR_PORTFOLIO,disabled,2010-01-13,neutral,0.01672422872569391,-0.012749436667792824,0.031065617275415125,0.3125,0.08521267196411364,0.5892857142857143,0.8571428571428571,,,{},5347.TWO,2010-01-13,2010-01-14
0.03913433676652335,913000,0,0.003058103975535169,0.03058103975535169,1.0,D-1 estimated accounting; fill-day constraints require ledger audit,direct,V4_DIRECT_FROZEN_LINEAR_PORTFOLIO,disabled,2010-01-13,neutral,0.01672422872569391,-0.012749436667792824,0.031065617275415125,0.3125,0.08521267196411364,0.5892857142857143,0.8571428571428571,,,{},6023.TWO,2010-01-13,2010-01-14
0.04519342993887624,2938000,0,0.03779761904761905,0.37797619047619047,1.0,D-1 estimated accounting; fill-day constraints require ledger audit,direct,V4_DIRECT_FROZEN_LINEAR_PORTFOLIO,disabled,2010-01-13,neutral,0.01672422872569391,-0.012749436667792824,0.031065617275415125,0.3125,0.08521267196411364,0.5892857142857143,0.8571428571428571,,,{},6274.TWO,2010-01-13,2010-01-14
0.042583667097635995,297000,0,0.03617436653560507,0.3617436653560507,1.0,D-1 estimated accounting; fill-day constraints require ledger audit,direct,V4_DIRECT_FROZEN_LINEAR_PORTFOLIO,disabled,2010-01-13,neutral,0.01672422872569391,-0.012749436667792824,0.031065617275415125,0.3125,0.08521267196411364,0.5892857142857143,0.8571428571428571,,,{},8046.TW,2010-01-13,2010-01-14
0.038987696067739074,151000,0,-0.01390208606378331,-0.1390208606378331,1.0,D-1 estimated accounting; fill-day constraints require ledger audit,direct,V4_DIRECT_FROZEN_LINEAR_PORTFOLIO,disabled,2010-01-13,neutral,0.01672422872569391,-0.012749436667792824,0.031065617275415125,0.3125,0.08521267196411364,0.5892857142857143,0.8571428571428571,,,{},8299.TWO,2010-01-13,2010-01-14
0.04035593311331903,2243000,0,0.018646242900830057,0.18646242900830057,1.0,D-1 estimated accounting; fill-day constraints require ledger audit,direct,V4_DIRECT_FROZEN_LINEAR_PORTFOLIO,disabled,2010-01-14,risk_on,0.0166611150570875,0.005489247583788659,0.056960987314049305,0.5535714285714286,0.08997550145553561,0.7232142857142857,0.8928571428571429,,,{},1815.TWO,2010-01-14,2010-01-15
0.04123789465079363,858000,0,0.002016437308868503,0.02016437308868503,1.0,D-1 estimated accounting; fill-day constraints require ledger audit,direct,V4_DIRECT_FROZEN_LINEAR_PORTFOLIO,disabled,2010-01-14,risk_on,0.0166611150570875,0.005489247583788659,0.056960987314049305,0.5535714285714286,0.08997550145553561,0.7232142857142857,0.8928571428571429,,,{},2301.TW,2010-01-14,2010-01-15
0.03740008321150419,3544000,0,0.008808431629532548,0.08808431629532547,1.0,D-1 estimated accounting; fill-day constraints require ledger audit,direct,V4_DIRECT_FROZEN_LINEAR_PORTFOLIO,disabled,2010-01-14,risk_on,0.0166611150570875,0.005489247583788659,0.056960987314049305,0.5535714285714286,0.08997550145553561,0.7232142857142857,0.8928571428571429,,,{},2313.TW,2010-01-14,2010-01-15
0.04219542561528138,3528000,0,0.0186749126256007,0.186749126256007,1.0,D-1 estimated accounting; fill-day constraints require ledger audit,direct,V4_DIRECT_FROZEN_LINEAR_PORTFOLIO,disabled,2010-01-14,risk_on,0.0166611150570875,0.005489247583788659,0.056960987314049305,0.5535714285714286,0.08997550145553561,0.7232142857142857,0.8928571428571429,,,{},2327.TW,2010-01-14,2010-01-15
0.04057178833835127,2255000,0,0.002251256006989953,0.022512560069899528,1.0,D-1 estimated accounting; fill-day constraints require ledger audit,direct,V4_DIRECT_FROZEN_LINEAR_PORTFOLIO,disabled,2010-01-14,risk_on,0.0166611150570875,0.005489247583788659,0.056960987314049305,0.5535714285714286,0.08997550145553561,0.7232142857142857,0.8928571428571429,,,{},2337.TW,2010-01-14,2010-01-15
0.03919296284282818,4225000,0,0.02077462865880297,0.20774628658802968,1.0,D-1 estimated accounting; fill-day constraints require ledger audit,direct,V4_DIRECT_FROZEN_LINEAR_PORTFOLIO,disabled,2010-01-14,risk_on,0.0166611150570875,0.005489247583788659,0.056960987314049305,0.5535714285714286,0.08997550145553561,0.7232142857142857,0.8928571428571429,,,{},2344.TW,2010-01-14,2010-01-15
0.04041323825394968,2654000,0,0.007096439493228485,0.07096439493228485,1.0,D-1 estimated accounting; fill-day constraints require ledger audit,direct,V4_DIRECT_FROZEN_LINEAR_PORTFOLIO,disabled,2010-01-14,risk_on,0.0166611150570875,0.005489247583788659,0.056960987314049305,0.5535714285714286,0.08997550145553561,0.7232142857142857,0.8928571428571429,,,{},2345.TW,2010-01-14,2010-01-15
0.04047159855280325,1262000,0,0.02069544560943644,0.20695445609436436,1.0,D-1 estimated accounting; fill-day constraints require ledger audit,direct,V4_DIRECT_FROZEN_LINEAR_PORTFOLIO,disabled,2010-01-14,risk_on,0.0166611150570875,0.005489247583788659,0.056960987314049305,0.5535714285714286,0.08997550145553561,0.7232142857142857,0.8928571428571429,,,{},2408.TW,2010-01-14,2010-01-15
0.04161481224171061,2715000,0,0.008992737003058105,0.08992737003058104,1.0,D-1 estimated accounting; fill-day constraints require ledger audit,direct,V4_DIRECT_FROZEN_LINEAR_PORTFOLIO,disabled,2010-01-14,risk_on,0.0166611150570875,0.005489247583788659,0.056960987314049305,0.5535714285714286,0.08997550145553561,0.7232142857142857,0.8928571428571429,,,{},2449.TW,2010-01-14,2010-01-15
0.042765412038178435,4213000,0,0.012955985146352121,0.1295598514635212,1.0,D-1 estimated accounting; fill-day constraints require ledger audit,direct,V4_DIRECT_FROZEN_LINEAR_PORTFOLIO,disabled,2010-01-14,risk_on,0.0166611150570875,0.005489247583788659,0.056960987314049305,0.5535714285714286,0.08997550145553561,0.7232142857142857,0.8928571428571429,,,{},2883.TW,2010-01-14,2010-01-15
0.04351296651630452,381000,0,0.04224552206203583,0.42245522062035823,1.0,D-1 estimated accounting; fill-day constraints require ledger audit,direct,V4_DIRECT_FROZEN_LINEAR_PORTFOLIO,disabled,2010-01-14,risk_on,0.0166611150570875,0.005489247583788659,0.056960987314049305,0.5535714285714286,0.08997550145553561,0.7232142857142857,0.8928571428571429,,,{},3044.TW,2010-01-14,2010-01-15
0.040035215259180114,365000,0,0.0013256334643949334,0.013256334643949333,1.0,D-1 estimated accounting; fill-day constraints require ledger audit,direct,V4_DIRECT_FROZEN_LINEAR_PORTFOLIO,disabled,2010-01-14,risk_on,0.0166611150570875,0.005489247583788659,0.056960987314049305,0.5535714285714286,0.08997550145553561,0.7232142857142857,0.8928571428571429,,,{},3211.TWO,2010-01-14,2010-01-15
0.038454487749982204,394000,0,0.022081148973350808,0.22081148973350806,1.0,D-1 estimated accounting; fill-day constraints require ledger audit,direct,V4_DIRECT_FROZEN_LINEAR_PORTFOLIO,disabled,2010-01-14,risk_on,0.0166611150570875,0.005489247583788659,0.056960987314049305,0.5535714285714286,0.08997550145553561,0.7232142857142857,0.8928571428571429,,,{},3260.TWO,2010-01-14,2010-01-15
0.040428085837515094,1943000,0,0.005009010484927917,0.050090104849279164,1.0,D-1 estimated accounting; fill-day constraints require ledger audit,direct,V4_DIRECT_FROZEN_LINEAR_PORTFOLIO,disabled,2010-01-14,risk_on,0.0166611150570875,0.005489247583788659,0.056960987314049305,0.5535714285714286,0.08997550145553561,0.7232142857142857,0.8928571428571429,,,{},3264.TWO,2010-01-14,2010-01-15
0.044163119841328875,1768000,0,0.0410195500218436,0.410195500218436,1.0,D-1 estimated accounting; fill-day constraints require ledger audit,direct,V4_DIRECT_FROZEN_LINEAR_PORTFOLIO,disabled,2010-01-14,risk_on,0.0166611150570875,0.005489247583788659,0.056960987314049305,0.5535714285714286,0.08997550145553561,0.7232142857142857,0.8928571428571429,,,{},3324.TWO,2010-01-14,2010-01-15
0.041203727622622796,756000,0,0.03268075578855396,0.32680755788553956,1.0,D-1 estimated accounting; fill-day constraints require ledger audit,direct,V4_DIRECT_FROZEN_LINEAR_PORTFOLIO,disabled,2010-01-14,risk_on,0.0166611150570875,0.005489247583788659,0.056960987314049305,0.5535714285714286,0.08997550145553561,0.7232142857142857,0.8928571428571429,,,{},3481.TW,2010-01-14,2010-01-15
0.03971917024859986,232000,0,0.034828254696373954,0.34828254696373956,1.0,D-1 estimated accounting; fill-day constraints require ledger audit,direct,V4_DIRECT_FROZEN_LINEAR_PORTFOLIO,disabled,2010-01-14,risk_on,0.0166611150570875,0.005489247583788659,0.056960987314049305,0.5535714285714286,0.08997550145553561,0.7232142857142857,0.8928571428571429,,,{},3533.TW,2010-01-14,2010-01-15
0.04381067187205778,2564000,0,0.039794943206640454,0.39794943206640454,1.0,D-1 estimated accounting; fill-day constraints require ledger audit,direct,V4_DIRECT_FROZEN_LINEAR_PORTFOLIO,disabled,2010-01-14,risk_on,0.0166611150570875,0.005489247583788659,0.056960987314049305,0.5535714285714286,0.08997550145553561,0.7232142857142857,0.8928571428571429,,,{},5347.TWO,2010-01-14,2010-01-15
0.03855548146560483,913000,0,-0.008416612057667104,-0.08416612057667104,1.0,D-1 estimated accounting; fill-day constraints require ledger audit,direct,V4_DIRECT_FROZEN_LINEAR_PORTFOLIO,disabled,2010-01-14,risk_on,0.0166611150570875,0.005489247583788659,0.056960987314049305,0.5535714285714286,0.08997550145553561,0.7232142857142857,0.8928571428571429,,,{},6023.TWO,2010-01-14,2010-01-15
0.047837557615769084,2938000,0,0.044494047619047614,0.4449404761904761,1.0,D-1 estimated accounting; fill-day constraints require ledger audit,direct,V4_DIRECT_FROZEN_LINEAR_PORTFOLIO,disabled,2010-01-14,risk_on,0.0166611150570875,0.005489247583788659,0.056960987314049305,0.5535714285714286,0.08997550145553561,0.7232142857142857,0.8928571428571429,,,{},6274.TWO,2010-01-14,2010-01-15
0.0429009747470092,297000,0,0.036335463084316295,0.36335463084316294,1.0,D-1 estimated accounting; fill-day constraints require ledger audit,direct,V4_DIRECT_FROZEN_LINEAR_PORTFOLIO,disabled,2010-01-14,risk_on,0.0166611150570875,0.005489247583788659,0.056960987314049305,0.5535714285714286,0.08997550145553561,0.7232142857142857,0.8928571428571429,,,{},8046.TW,2010-01-14,2010-01-15
0.03973575130638865,151000,0,-0.008255515508955874,-0.08255515508955874,1.0,D-1 estimated accounting; fill-day constraints require ledger audit,direct,V4_DIRECT_FROZEN_LINEAR_PORTFOLIO,disabled,2010-01-14,risk_on,0.0166611150570875,0.005489247583788659,0.056960987314049305,0.5535714285714286,0.08997550145553561,0.7232142857142857,0.8928571428571429,,,{},8299.TWO,2010-01-14,2010-01-15
0.040269716361530185,2243000,0,0.018051004805591964,0.18051004805591964,1.0,D-1 estimated accounting; fill-day constraints require ledger audit,direct,V4_DIRECT_FROZEN_LINEAR_PORTFOLIO,disabled,2010-01-15,risk_on,0.01618427624676224,0.005658687577290267,0.06799199540212642,0.5625,0.09286381225846267,0.7767857142857143,0.9017857142857143,,,{},1815.TWO,2010-01-15,2010-01-18
0.04096398828966347,858000,0,0.0024874399301004846,0.024874399301004844,1.0,D-1 estimated accounting; fill-day constraints require ledger audit,direct,V4_DIRECT_FROZEN_LINEAR_PORTFOLIO,disabled,2010-01-15,risk_on,0.01618427624676224,0.005658687577290267,0.06799199540212642,0.5625,0.09286381225846267,0.7767857142857143,0.9017857142857143,,,{},2301.TW,2010-01-15,2010-01-18
0.036936119178218235,3544000,0,0.008957241153342068,0.08957241153342067,1.0,D-1 estimated accounting; fill-day constraints require ledger audit,direct,V4_DIRECT_FROZEN_LINEAR_PORTFOLIO,disabled,2010-01-15,risk_on,0.01618427624676224,0.005658687577290267,0.06799199540212642,0.5625,0.09286381225846267,0.7767857142857143,0.9017857142857143,,,{},2313.TW,2010-01-15,2010-01-18
0.042575081088529254,3528000,0,0.02391191568370467,0.2391191568370467,1.0,D-1 estimated accounting; fill-day constraints require ledger audit,direct,V4_DIRECT_FROZEN_LINEAR_PORTFOLIO,disabled,2010-01-15,risk_on,0.01618427624676224,0.005658687577290267,0.06799199540212642,0.5625,0.09286381225846267,0.7767857142857143,0.9017857142857143,,,{},2327.TW,2010-01-15,2010-01-18
0.04003527587130915,2255000,0,1.0921799912625917e-05,0.00010921799912625915,1.0,D-1 estimated accounting; fill-day constraints require ledger audit,direct,V4_DIRECT_FROZEN_LINEAR_PORTFOLIO,disabled,2010-01-15,risk_on,0.01618427624676224,0.005658687577290267,0.06799199540212642,0.5625,0.09286381225846267,0.7767857142857143,0.9017857142857143,,,{},2337.TW,2010-01-15,2010-01-18
0.039186912421477,4225000,0,0.025974770642201835,0.25974770642201833,1.0,D-1 estimated accounting; fill-day constraints require ledger audit,direct,V4_DIRECT_FROZEN_LINEAR_PORTFOLIO,disabled,2010-01-15,risk_on,0.01618427624676224,0.005658687577290267,0.06799199540212642,0.5625,0.09286381225846267,0.7767857142857143,0.9017857142857143,,,{},2344.TW,2010-01-15,2010-01-18
0.03983815539532259,2654000,0,0.005748962429008301,0.05748962429008301,1.0,D-1 estimated accounting; fill-day constraints require ledger audit,direct,V4_DIRECT_FROZEN_LINEAR_PORTFOLIO,disabled,2010-01-15,risk_on,0.01618427624676224,0.005658687577290267,0.06799199540212642,0.5625,0.09286381225846267,0.7767857142857143,0.9017857142857143,,,{},2345.TW,2010-01-15,2010-01-18
0.042678689625041226,1262000,0,0.03800240279598078,0.3800240279598078,1.0,D-1 estimated accounting; fill-day constraints require ledger audit,direct,V4_DIRECT_FROZEN_LINEAR_PORTFOLIO,disabled,2010-01-15,risk_on,0.01618427624676224,0.005658687577290267,0.06799199540212642,0.5625,0.09286381225846267,0.7767857142857143,0.9017857142857143,,,{},2408.TW,2010-01-15,2010-01-18
0.0441384830475617,2715000,0,0.03714094582787243,0.3714094582787243,1.0,D-1 estimated accounting; fill-day constraints require ledger audit,direct,V4_DIRECT_FROZEN_LINEAR_PORTFOLIO,disabled,2010-01-15,risk_on,0.01618427624676224,0.005658687577290267,0.06799199540212642,0.5625,0.09286381225846267,0.7767857142857143,0.9017857142857143,,,{},2449.TW,2010-01-15,2010-01-18
0.04264705362099077,4213000,0,0.008281454783748362,0.08281454783748361,1.0,D-1 estimated accounting; fill-day constraints require ledger audit,direct,V4_DIRECT_FROZEN_LINEAR_PORTFOLIO,disabled,2010-01-15,risk_on,0.01618427624676224,0.005658687577290267,0.06799199540212642,0.5625,0.09286381225846267,0.7767857142857143,0.9017857142857143,,,{},2883.TW,2010-01-15,2010-01-18
0.043368997703967245,381000,0,0.041794997815640014,0.4179499781564001,1.0,D-1 estimated accounting; fill-day constraints require ledger audit,direct,V4_DIRECT_FROZEN_LINEAR_PORTFOLIO,disabled,2010-01-15,risk_on,0.01618427624676224,0.005658687577290267,0.06799199540212642,0.5625,0.09286381225846267,0.7767857142857143,0.9017857142857143,,,{},3044.TW,2010-01-15,2010-01-18
0.04009221569262613,365000,0,0.0011563455657492333,0.011563455657492332,1.0,D-1 estimated accounting; fill-day constraints require ledger audit,direct,V4_DIRECT_FROZEN_LINEAR_PORTFOLIO,disabled,2010-01-15,risk_on,0.01618427624676224,0.005658687577290267,0.06799199540212642,0.5625,0.09286381225846267,0.7767857142857143,0.9017857142857143,,,{},3211.TWO,2010-01-15,2010-01-18
0.03784443896354396,394000,0,0.008060288335517692,0.08060288335517692,1.0,D-1 estimated accounting; fill-day constraints require ledger audit,direct,V4_DIRECT_FROZEN_LINEAR_PORTFOLIO,disabled,2010-01-15,risk_on,0.01618427624676224,0.005658687577290267,0.06799199540212642,0.5625,0.09286381225846267,0.7767857142857143,0.9017857142857143,,,{},3260.TWO,2010-01-15,2010-01-18
0.04098971591470686,1943000,0,0.016351299694189605,0.16351299694189603,1.0,D-1 estimated accounting; fill-day constraints require ledger audit,direct,V4_DIRECT_FROZEN_LINEAR_PORTFOLIO,disabled,2010-01-15,risk_on,0.01618427624676224,0.005658687577290267,0.06799199540212642,0.5625,0.09286381225846267,0.7767857142857143,0.9017857142857143,,,{},3264.TWO,2010-01-15,2010-01-18
0.04285399646545321,1768000,0,0.04102364569681083,0.4102364569681083,1.0,D-1 estimated accounting; fill-day constraints require ledger audit,direct,V4_DIRECT_FROZEN_LINEAR_PORTFOLIO,disabled,2010-01-15,risk_on,0.01618427624676224,0.005658687577290267,0.06799199540212642,0.5625,0.09286381225846267,0.7767857142857143,0.9017857142857143,,,{},3324.TWO,2010-01-15,2010-01-18
0.042924099257722614,756000,0,0.037732088248143295,0.3773208824814329,1.0,D-1 estimated accounting; fill-day constraints require ledger audit,direct,V4_DIRECT_FROZEN_LINEAR_PORTFOLIO,disabled,2010-01-15,risk_on,0.01618427624676224,0.005658687577290267,0.06799199540212642,0.5625,0.09286381225846267,0.7767857142857143,0.9017857142857143,,,{},3481.TW,2010-01-15,2010-01-18
0.04057336216872841,232000,0,0.03344391655744867,0.33443916557448666,1.0,D-1 estimated accounting; fill-day constraints require ledger audit,direct,V4_DIRECT_FROZEN_LINEAR_PORTFOLIO,disabled,2010-01-15,risk_on,0.01618427624676224,0.005658687577290267,0.06799199540212642,0.5625,0.09286381225846267,0.7767857142857143,0.9017857142857143,,,{},3533.TW,2010-01-15,2010-01-18
0.04321847115356799,2564000,0,0.033487603757099166,0.33487603757099166,1.0,D-1 estimated accounting; fill-day constraints require ledger audit,direct,V4_DIRECT_FROZEN_LINEAR_PORTFOLIO,disabled,2010-01-15,risk_on,0.01618427624676224,0.005658687577290267,0.06799199540212642,0.5625,0.09286381225846267,0.7767857142857143,0.9017857142857143,,,{},5347.TWO,2010-01-15,2010-01-18
0.038259371706976415,913000,0,-0.008875327653997381,-0.08875327653997381,1.0,D-1 estimated accounting; fill-day constraints require ledger audit,direct,V4_DIRECT_FROZEN_LINEAR_PORTFOLIO,disabled,2010-01-15,risk_on,0.01618427624676224,0.005658687577290267,0.06799199540212642,0.5625,0.09286381225846267,0.7767857142857143,0.9017857142857143,,,{},6023.TWO,2010-01-15,2010-01-18
0.04313490623191541,384000,384000,0.04802451944080384,0.48024519440803837,1.0,D-1 estimated accounting; fill-day constraints require ledger audit,direct,V4_DIRECT_FROZEN_LINEAR_PORTFOLIO,disabled,2010-01-15,risk_on,0.01618427624676224,0.005658687577290267,0.06799199540212642,0.5625,0.09286381225846267,0.7767857142857143,0.9017857142857143,,,{},6223.TWO,2010-01-15,2010-01-18
0.04776318631385013,2938000,0,0.044196428571428574,0.4419642857142857,1.0,D-1 estimated accounting; fill-day constraints require ledger audit,direct,V4_DIRECT_FROZEN_LINEAR_PORTFOLIO,disabled,2010-01-15,risk_on,0.01618427624676224,0.005658687577290267,0.06799199540212642,0.5625,0.09286381225846267,0.7767857142857143,0.9017857142857143,,,{},6274.TWO,2010-01-15,2010-01-18
0.041236496690195794,297000,0,0.028081312800349496,0.28081312800349495,1.0,D-1 estimated accounting; fill-day constraints require ledger audit,direct,V4_DIRECT_FROZEN_LINEAR_PORTFOLIO,disabled,2010-01-15,risk_on,0.01618427624676224,0.005658687577290267,0.06799199540212642,0.5625,0.09286381225846267,0.7767857142857143,0.9017857142857143,,,{},8046.TW,2010-01-15,2010-01-18
0.0,0,-151000,-0.013633136740934908,-0.13633136740934906,1.0,D-1 estimated accounting; fill-day constraints require ledger audit,direct,V4_DIRECT_FROZEN_LINEAR_PORTFOLIO,disabled,2010-01-15,risk_on,0.01618427624676224,0.005658687577290267,0.06799199540212642,0.5625,0.09286381225846267,0.7767857142857143,0.9017857142857143,,,{},8299.TWO,2010-01-15,2010-01-18
0.03967445444136752,2243000,0,0.021775338575797294,0.21775338575797293,1.0,D-1 estimated accounting; fill-day constraints require ledger audit,direct,V4_DIRECT_FROZEN_LINEAR_PORTFOLIO,disabled,2010-01-18,risk_on,0.016354612689187364,-0.0018668553063505011,0.06494029763666498,0.44642857142857145,0.0968715255696888,0.7142857142857143,0.8571428571428571,,,{},1815.TWO,2010-01-18,2010-01-19
0.04136632364130158,858000,0,0.010254204892966363,0.10254204892966362,1.0,D-1 estimated accounting; fill-day constraints require ledger audit,direct,V4_DIRECT_FROZEN_LINEAR_PORTFOLIO,disabled,2010-01-18,risk_on,0.016354612689187364,-0.0018668553063505011,0.06494029763666498,0.44642857142857145,0.0968715255696888,0.7142857142857143,0.8571428571428571,,,{},2301.TW,2010-01-18,2010-01-19
0.036975083814114316,3544000,0,0.0151867627785059,0.151867627785059,1.0,D-1 estimated accounting; fill-day constraints require ledger audit,direct,V4_DIRECT_FROZEN_LINEAR_PORTFOLIO,disabled,2010-01-18,risk_on,0.016354612689187364,-0.0018668553063505011,0.06494029763666498,0.44642857142857145,0.0968715255696888,0.7142857142857143,0.8571428571428571,,,{},2313.TW,2010-01-18,2010-01-19
0.041715933889081486,3528000,0,0.016306247269550024,0.16306247269550023,1.0,D-1 estimated accounting; fill-day constraints require ledger audit,direct,V4_DIRECT_FROZEN_LINEAR_PORTFOLIO,disabled,2010-01-18,risk_on,0.016354612689187364,-0.0018668553063505011,0.06494029763666498,0.44642857142857145,0.0968715255696888,0.7142857142857143,0.8571428571428571,,,{},2327.TW,2010-01-18,2010-01-19
0.03966258219794334,2255000,0,0.0012505460899956324,0.012505460899956322,1.0,D-1 estimated accounting; fill-day constraints require ledger audit,direct,V4_DIRECT_FROZEN_LINEAR_PORTFOLIO,disabled,2010-01-18,risk_on,0.016354612689187364,-0.0018668553063505011,0.06494029763666498,0.44642857142857145,0.0968715255696888,0.7142857142857143,0.8571428571428571,,,{},2337.TW,2010-01-18,2010-01-19
0.038243829238890026,4225000,0,0.021622433377020533,0.2162243337702053,1.0,D-1 estimated accounting; fill-day constraints require ledger audit,direct,V4_DIRECT_FROZEN_LINEAR_PORTFOLIO,disabled,2010-01-18,risk_on,0.016354612689187364,-0.0018668553063505011,0.06494029763666498,0.44642857142857145,0.0968715255696888,0.7142857142857143,0.8571428571428571,,,{},2344.TW,2010-01-18,2010-01-19
0.04048144410893054,2654000,0,0.012663826998689384,0.12663826998689384,1.0,D-1 estimated accounting; fill-day constraints require ledger audit,direct,V4_DIRECT_FROZEN_LINEAR_PORTFOLIO,disabled,2010-01-18,risk_on,0.016354612689187364,-0.0018668553063505011,0.06494029763666498,0.44642857142857145,0.0968715255696888,0.7142857142857143,0.8571428571428571,,,{},2345.TW,2010-01-18,2010-01-19
0.04264569447556864,1262000,0,0.04060179117518567,0.4060179117518567,1.0,D-1 estimated accounting; fill-day constraints require ledger audit,direct,V4_DIRECT_FROZEN_LINEAR_PORTFOLIO,disabled,2010-01-18,risk_on,0.016354612689187364,-0.0018668553063505011,0.06494029763666498,0.44642857142857145,0.0968715255696888,0.7142857142857143,0.8571428571428571,,,{},2408.TW,2010-01-18,2010-01-19
0.046267796725105975,2715000,0,0.04150557011795544,0.41505570117955437,1.0,D-1 estimated accounting; fill-day constraints require ledger audit,direct,V4_DIRECT_FROZEN_LINEAR_PORTFOLIO,disabled,2010-01-18,risk_on,0.016354612689187364,-0.0018668553063505011,0.06494029763666498,0.44642857142857145,0.0968715255696888,0.7142857142857143,0.8571428571428571,,,{},2449.TW,2010-01-18,2010-01-19
0.0422794432171314,4213000,0,-0.0013119812145041512,-0.013119812145041512,1.0,D-1 estimated accounting; fill-day constraints require ledger audit,direct,V4_DIRECT_FROZEN_LINEAR_PORTFOLIO,disabled,2010-01-18,risk_on,0.016354612689187364,-0.0018668553063505011,0.06494029763666498,0.44642857142857145,0.0968715255696888,0.7142857142857143,0.8571428571428571,,,{},2883.TW,2010-01-18,2010-01-19
0.0435870292575279,381000,0,0.03910004368719965,0.3910004368719965,1.0,D-1 estimated accounting; fill-day constraints require ledger audit,direct,V4_DIRECT_FROZEN_LINEAR_PORTFOLIO,disabled,2010-01-18,risk_on,0.016354612689187364,-0.0018668553063505011,0.06494029763666498,0.44642857142857145,0.0968715255696888,0.7142857142857143,0.8571428571428571,,,{},3044.TW,2010-01-18,2010-01-19
0.039761832165983155,365000,0,0.006550349497597205,0.06550349497597205,1.0,D-1 estimated accounting; fill-day constraints require ledger audit,direct,V4_DIRECT_FROZEN_LINEAR_PORTFOLIO,disabled,2010-01-18,risk_on,0.016354612689187364,-0.0018668553063505011,0.06494029763666498,0.44642857142857145,0.0968715255696888,0.7142857142857143,0.8571428571428571,,,{},3211.TWO,2010-01-18,2010-01-19
0.037037673884049334,394000,0,0.006708715596330277,0.06708715596330277,1.0,D-1 estimated accounting; fill-day constraints require ledger audit,direct,V4_DIRECT_FROZEN_LINEAR_PORTFOLIO,disabled,2010-01-18,risk_on,0.016354612689187364,-0.0018668553063505011,0.06494029763666498,0.44642857142857145,0.0968715255696888,0.7142857142857143,0.8571428571428571,,,{},3260.TWO,2010-01-18,2010-01-19
0.043058043817259604,1943000,0,0.03378112712975098,0.3378112712975098,1.0,D-1 estimated accounting; fill-day constraints require ledger audit,direct,V4_DIRECT_FROZEN_LINEAR_PORTFOLIO,disabled,2010-01-18,risk_on,0.016354612689187364,-0.0018668553063505011,0.06494029763666498,0.44642857142857145,0.0968715255696888,0.7142857142857143,0.8571428571428571,,,{},3264.TWO,2010-01-18,2010-01-19
0.04392481693654231,1768000,0,0.04254041065967671,0.4254041065967671,1.0,D-1 estimated accounting; fill-day constraints require ledger audit,direct,V4_DIRECT_FROZEN_LINEAR_PORTFOLIO,disabled,2010-01-18,risk_on,0.016354612689187364,-0.0018668553063505011,0.06494029763666498,0.44642857142857145,0.0968715255696888,0.7142857142857143,0.8571428571428571,,,{},3324.TWO,2010-01-18,2010-01-19
0.0424641335980984,756000,0,0.031891655744866756,0.31891655744866754,1.0,D-1 estimated accounting; fill-day constraints require ledger audit,direct,V4_DIRECT_FROZEN_LINEAR_PORTFOLIO,disabled,2010-01-18,risk_on,0.016354612689187364,-0.0018668553063505011,0.06494029763666498,0.44642857142857145,0.0968715255696888,0.7142857142857143,0.8571428571428571,,,{},3481.TW,2010-01-18,2010-01-19
0.03984528559256319,232000,0,0.030624726955002186,0.30624726955002185,1.0,D-1 estimated accounting; fill-day constraints require ledger audit,direct,V4_DIRECT_FROZEN_LINEAR_PORTFOLIO,disabled,2010-01-18,risk_on,0.016354612689187364,-0.0018668553063505011,0.06494029763666498,0.44642857142857145,0.0968715255696888,0.7142857142857143,0.8571428571428571,,,{},3533.TW,2010-01-18,2010-01-19
0.04267587183071588,2564000,0,0.016263925294888595,0.16263925294888595,1.0,D-1 estimated accounting; fill-day constraints require ledger audit,direct,V4_DIRECT_FROZEN_LINEAR_PORTFOLIO,disabled,2010-01-18,risk_on,0.016354612689187364,-0.0018668553063505011,0.06494029763666498,0.44642857142857145,0.0968715255696888,0.7142857142857143,0.8571428571428571,,,{},5347.TWO,2010-01-18,2010-01-19
0.03866188619886316,913000,0,0.0010826234163390119,0.010826234163390118,1.0,D-1 estimated accounting; fill-day constraints require ledger audit,direct,V4_DIRECT_FROZEN_LINEAR_PORTFOLIO,disabled,2010-01-18,risk_on,0.016354612689187364,-0.0018668553063505011,0.06494029763666498,0.44642857142857145,0.0968715255696888,0.7142857142857143,0.8571428571428571,,,{},6023.TWO,2010-01-18,2010-01-19
0.04583977502860191,384000,0,0.048479139362166884,0.48479139362166884,1.0,D-1 estimated accounting; fill-day constraints require ledger audit,direct,V4_DIRECT_FROZEN_LINEAR_PORTFOLIO,disabled,2010-01-18,risk_on,0.016354612689187364,-0.0018668553063505011,0.06494029763666498,0.44642857142857145,0.0968715255696888,0.7142857142857143,0.8571428571428571,,,{},6223.TWO,2010-01-18,2010-01-19
0.04743991997128596,2938000,0,0.04330357142857143,0.43303571428571425,1.0,D-1 estimated accounting; fill-day constraints require ledger audit,direct,V4_DIRECT_FROZEN_LINEAR_PORTFOLIO,disabled,2010-01-18,risk_on,0.016354612689187364,-0.0018668553063505011,0.06494029763666498,0.44642857142857145,0.0968715255696888,0.7142857142857143,0.8571428571428571,,,{},6274.TWO,2010-01-18,2010-01-19
0.04108342646012701,297000,0,0.01875682612494539,0.18756826124945392,1.0,D-1 estimated accounting; fill-day constraints require ledger audit,direct,V4_DIRECT_FROZEN_LINEAR_PORTFOLIO,disabled,2010-01-18,risk_on,0.016354612689187364,-0.0018668553063505011,0.06494029763666498,0.44642857142857145,0.0968715255696888,0.7142857142857143,0.8571428571428571,,,{},8046.TW,2010-01-18,2010-01-19
0.04272939912237483,2243000,0,0.03407192005242464,0.34071920052424637,1.0,D-1 estimated accounting; fill-day constraints require ledger audit,direct,V4_DIRECT_FROZEN_LINEAR_PORTFOLIO,disabled,2010-01-19,neutral,0.01660269685638479,-0.014489984048664695,0.05136938820745085,0.3392857142857143,0.09160244661900817,0.5714285714285714,0.7857142857142857,,,{},1815.TWO,2010-01-19,2010-01-20
0.041221417665540584,858000,0,0.011852883355176935,0.11852883355176934,1.0,D-1 estimated accounting; fill-day constraints require ledger audit,direct,V4_DIRECT_FROZEN_LINEAR_PORTFOLIO,disabled,2010-01-19,neutral,0.01660269685638479,-0.014489984048664695,0.05136938820745085,0.3392857142857143,0.09160244661900817,0.5714285714285714,0.7857142857142857,,,{},2301.TW,2010-01-19,2010-01-20
0.03784004979919987,3544000,0,0.021453145478374836,0.21453145478374835,1.0,D-1 estimated accounting; fill-day constraints require ledger audit,direct,V4_DIRECT_FROZEN_LINEAR_PORTFOLIO,disabled,2010-01-19,neutral,0.01660269685638479,-0.014489984048664695,0.05136938820745085,0.3392857142857143,0.09160244661900817,0.5714285714285714,0.7857142857142857,,,{},2313.TW,2010-01-19,2010-01-20
0.04120625615423363,3528000,0,0.01601272389689821,0.1601272389689821,1.0,D-1 estimated accounting; fill-day constraints require ledger audit,direct,V4_DIRECT_FROZEN_LINEAR_PORTFOLIO,disabled,2010-01-19,neutral,0.01660269685638479,-0.014489984048664695,0.05136938820745085,0.3392857142857143,0.09160244661900817,0.5714285714285714,0.7857142857142857,,,{},2327.TW,2010-01-19,2010-01-20
0.04081005203231139,2255000,0,0.012951889471384887,0.12951889471384886,1.0,D-1 estimated accounting; fill-day constraints require ledger audit,direct,V4_DIRECT_FROZEN_LINEAR_PORTFOLIO,disabled,2010-01-19,neutral,0.01660269685638479,-0.014489984048664695,0.05136938820745085,0.3392857142857143,0.09160244661900817,0.5714285714285714,0.7857142857142857,,,{},2337.TW,2010-01-19,2010-01-20
0.03740123305938283,4225000,0,0.010308813892529488,0.10308813892529488,1.0,D-1 estimated accounting; fill-day constraints require ledger audit,direct,V4_DIRECT_FROZEN_LINEAR_PORTFOLIO,disabled,2010-01-19,neutral,0.01660269685638479,-0.014489984048664695,0.05136938820745085,0.3392857142857143,0.09160244661900817,0.5714285714285714,0.7857142857142857,,,{},2344.TW,2010-01-19,2010-01-20
0.040844936038492013,2654000,0,0.01836364132809087,0.18363641328090868,1.0,D-1 estimated accounting; fill-day constraints require ledger audit,direct,V4_DIRECT_FROZEN_LINEAR_PORTFOLIO,disabled,2010-01-19,neutral,0.01660269685638479,-0.014489984048664695,0.05136938820745085,0.3392857142857143,0.09160244661900817,0.5714285714285714,0.7857142857142857,,,{},2345.TW,2010-01-19,2010-01-20
0.04043424703469304,1262000,0,0.023117354740061165,0.23117354740061163,1.0,D-1 estimated accounting; fill-day constraints require ledger audit,direct,V4_DIRECT_FROZEN_LINEAR_PORTFOLIO,disabled,2010-01-19,neutral,0.01660269685638479,-0.014489984048664695,0.05136938820745085,0.3392857142857143,0.09160244661900817,0.5714285714285714,0.7857142857142857,,,{},2408.TW,2010-01-19,2010-01-20
0.04627493733676821,2715000,0,0.039566950633464396,0.39566950633464393,1.0,D-1 estimated accounting; fill-day constraints require ledger audit,direct,V4_DIRECT_FROZEN_LINEAR_PORTFOLIO,disabled,2010-01-19,neutral,0.01660269685638479,-0.014489984048664695,0.05136938820745085,0.3392857142857143,0.09160244661900817,0.5714285714285714,0.7857142857142857,,,{},2449.TW,2010-01-19,2010-01-20
0.04223671265577195,4213000,0,0.0007426823940585418,0.007426823940585418,1.0,D-1 estimated accounting; fill-day constraints require ledger audit,direct,V4_DIRECT_FROZEN_LINEAR_PORTFOLIO,disabled,2010-01-19,neutral,0.01660269685638479,-0.014489984048664695,0.05136938820745085,0.3392857142857143,0.09160244661900817,0.5714285714285714,0.7857142857142857,,,{},2883.TW,2010-01-19,2010-01-20
0.04206630228075163,381000,0,0.015803844473569247,0.15803844473569245,1.0,D-1 estimated accounting; fill-day constraints require ledger audit,direct,V4_DIRECT_FROZEN_LINEAR_PORTFOLIO,disabled,2010-01-19,neutral,0.01660269685638479,-0.014489984048664695,0.05136938820745085,0.3392857142857143,0.09160244661900817,0.5714285714285714,0.7857142857142857,,,{},3044.TW,2010-01-19,2010-01-20
0.03975248023286542,365000,0,-0.004704565312363476,-0.047045653123634755,1.0,D-1 estimated accounting; fill-day constraints require ledger audit,direct,V4_DIRECT_FROZEN_LINEAR_PORTFOLIO,disabled,2010-01-19,neutral,0.01660269685638479,-0.014489984048664695,0.05136938820745085,0.3392857142857143,0.09160244661900817,0.5714285714285714,0.7857142857142857,,,{},3211.TWO,2010-01-19,2010-01-20
0.03610479603485691,394000,0,-0.005791284403669725,-0.05791284403669725,1.0,D-1 estimated accounting; fill-day constraints require ledger audit,direct,V4_DIRECT_FROZEN_LINEAR_PORTFOLIO,disabled,2010-01-19,neutral,0.01660269685638479,-0.014489984048664695,0.05136938820745085,0.3392857142857143,0.09160244661900817,0.5714285714285714,0.7857142857142857,,,{},3260.TWO,2010-01-19,2010-01-20
0.04480840569762274,1943000,0,0.035925895587592835,0.3592589558759283,1.0,D-1 estimated accounting; fill-day constraints require ledger audit,direct,V4_DIRECT_FROZEN_LINEAR_PORTFOLIO,disabled,2010-01-19,neutral,0.01660269685638479,-0.014489984048664695,0.05136938820745085,0.3392857142857143,0.09160244661900817,0.5714285714285714,0.7857142857142857,,,{},3264.TWO,2010-01-19,2010-01-20
0.046091996787114044,1768000,0,0.04405717562254259,0.4405717562254259,1.0,D-1 estimated accounting; fill-day constraints require ledger audit,direct,V4_DIRECT_FROZEN_LINEAR_PORTFOLIO,disabled,2010-01-19,neutral,0.01660269685638479,-0.014489984048664695,0.05136938820745085,0.3392857142857143,0.09160244661900817,0.5714285714285714,0.7857142857142857,,,{},3324.TWO,2010-01-19,2010-01-20
0.04140460881868743,756000,0,0.024877129750982958,0.24877129750982957,1.0,D-1 estimated accounting; fill-day constraints require ledger audit,direct,V4_DIRECT_FROZEN_LINEAR_PORTFOLIO,disabled,2010-01-19,neutral,0.01660269685638479,-0.014489984048664695,0.05136938820745085,0.3392857142857143,0.09160244661900817,0.5714285714285714,0.7857142857142857,,,{},3481.TW,2010-01-19,2010-01-20
0.038921228447656,232000,0,0.02016300786369594,0.2016300786369594,1.0,D-1 estimated accounting; fill-day constraints require ledger audit,direct,V4_DIRECT_FROZEN_LINEAR_PORTFOLIO,disabled,2010-01-19,neutral,0.01660269685638479,-0.014489984048664695,0.05136938820745085,0.3392857142857143,0.09160244661900817,0.5714285714285714,0.7857142857142857,,,{},3533.TW,2010-01-19,2010-01-20
0.043059068016991345,2564000,0,0.014722586282219308,0.14722586282219308,1.0,D-1 estimated accounting; fill-day constraints require ledger audit,direct,V4_DIRECT_FROZEN_LINEAR_PORTFOLIO,disabled,2010-01-19,neutral,0.01660269685638479,-0.014489984048664695,0.05136938820745085,0.3392857142857143,0.09160244661900817,0.5714285714285714,0.7857142857142857,,,{},5347.TWO,2010-01-19,2010-01-20
0.03818490526547261,913000,0,-0.008453473132372217,-0.08453473132372216,1.0,D-1 estimated accounting; fill-day constraints require ledger audit,direct,V4_DIRECT_FROZEN_LINEAR_PORTFOLIO,disabled,2010-01-19,neutral,0.01660269685638479,-0.014489984048664695,0.05136938820745085,0.3392857142857143,0.09160244661900817,0.5714285714285714,0.7857142857142857,,,{},6023.TWO,2010-01-19,2010-01-20
0.04586595243671944,384000,0,0.048636140235910875,0.48636140235910874,1.0,D-1 estimated accounting; fill-day constraints require ledger audit,direct,V4_DIRECT_FROZEN_LINEAR_PORTFOLIO,disabled,2010-01-19,neutral,0.01660269685638479,-0.014489984048664695,0.05136938820745085,0.3392857142857143,0.09160244661900817,0.5714285714285714,0.7857142857142857,,,{},6223.TWO,2010-01-19,2010-01-20
0.046098537538272914,2938000,0,0.04076561817387506,0.4076561817387505,1.0,D-1 estimated accounting; fill-day constraints require ledger audit,direct,V4_DIRECT_FROZEN_LINEAR_PORTFOLIO,disabled,2010-01-19,neutral,0.01660269685638479,-0.014489984048664695,0.05136938820745085,0.3392857142857143,0.09160244661900817,0.5714285714285714,0.7857142857142857,,,{},6274.TWO,2010-01-19,2010-01-20
0.040557669254836434,297000,0,0.009493774574049804,0.09493774574049804,1.0,D-1 estimated accounting; fill-day constraints require ledger audit,direct,V4_DIRECT_FROZEN_LINEAR_PORTFOLIO,disabled,2010-01-19,neutral,0.01660269685638479,-0.014489984048664695,0.05136938820745085,0.3392857142857143,0.09160244661900817,0.5714285714285714,0.7857142857142857,,,{},8046.TW,2010-01-19,2010-01-20
0.04264953500763837,2243000,0,0.04139498689384011,0.413949868938401,1.0,D-1 estimated accounting; fill-day constraints require ledger audit,direct,V4_DIRECT_FROZEN_LINEAR_PORTFOLIO,disabled,2010-01-20,neutral,0.016770738304332705,0.0,0.025633597044107947,0.4732142857142857,0.09254653384054363,0.5267857142857143,0.75,,,{},1815.TWO,2010-01-20,2010-01-21
0.0403055790637601,858000,0,0.006718272171253823,0.06718272171253822,1.0,D-1 estimated accounting; fill-day constraints require ledger audit,direct,V4_DIRECT_FROZEN_LINEAR_PORTFOLIO,disabled,2010-01-20,neutral,0.016770738304332705,0.0,0.025633597044107947,0.4732142857142857,0.09254653384054363,0.5267857142857143,0.75,,,{},2301.TW,2010-01-20,2010-01-21
0.03751340214397754,3544000,0,0.016393621668851027,0.16393621668851027,1.0,D-1 estimated accounting; fill-day constraints require ledger audit,direct,V4_DIRECT_FROZEN_LINEAR_PORTFOLIO,disabled,2010-01-20,neutral,0.016770738304332705,0.0,0.025633597044107947,0.4732142857142857,0.09254653384054363,0.5267857142857143,0.75,,,{},2313.TW,2010-01-20,2010-01-21
0.04141474540666207,3528000,0,0.013519823066841415,0.13519823066841413,1.0,D-1 estimated accounting; fill-day constraints require ledger audit,direct,V4_DIRECT_FROZEN_LINEAR_PORTFOLIO,disabled,2010-01-20,neutral,0.016770738304332705,0.0,0.025633597044107947,0.4732142857142857,0.09254653384054363,0.5267857142857143,0.75,,,{},2327.TW,2010-01-20,2010-01-21
0.041180653274327086,2255000,0,0.017151321537789428,0.17151321537789427,1.0,D-1 estimated accounting; fill-day constraints require ledger audit,direct,V4_DIRECT_FROZEN_LINEAR_PORTFOLIO,disabled,2010-01-20,neutral,0.016770738304332705,0.0,0.025633597044107947,0.4732142857142857,0.09254653384054363,0.5267857142857143,0.75,,,{},2337.TW,2010-01-20,2010-01-21
0.03772655288671538,4225000,0,0.010585954565312364,0.10585954565312364,1.0,D-1 estimated accounting; fill-day constraints require ledger audit,direct,V4_DIRECT_FROZEN_LINEAR_PORTFOLIO,disabled,2010-01-20,neutral,0.016770738304332705,0.0,0.025633597044107947,0.4732142857142857,0.09254653384054363,0.5267857142857143,0.75,,,{},2344.TW,2010-01-20,2010-01-21
0.04047672162976117,2654000,0,0.016127402795980777,0.16127402795980778,1.0,D-1 estimated accounting; fill-day constraints require ledger audit,direct,V4_DIRECT_FROZEN_LINEAR_PORTFOLIO,disabled,2010-01-20,neutral,0.016770738304332705,0.0,0.025633597044107947,0.4732142857142857,0.09254653384054363,0.5267857142857143,0.75,,,{},2345.TW,2010-01-20,2010-01-21
0.04046515997634287,1262000,0,0.026342016164263873,0.2634201616426387,1.0,D-1 estimated accounting; fill-day constraints require ledger audit,direct,V4_DIRECT_FROZEN_LINEAR_PORTFOLIO,disabled,2010-01-20,neutral,0.016770738304332705,0.0,0.025633597044107947,0.4732142857142857,0.09254653384054363,0.5267857142857143,0.75,,,{},2408.TW,2010-01-20,2010-01-21
0.04739997011008432,2715000,0,0.04135676059414592,0.41356760594145914,1.0,D-1 estimated accounting; fill-day constraints require ledger audit,direct,V4_DIRECT_FROZEN_LINEAR_PORTFOLIO,disabled,2010-01-20,neutral,0.016770738304332705,0.0,0.025633597044107947,0.4732142857142857,0.09254653384054363,0.5267857142857143,0.75,,,{},2449.TW,2010-01-20,2010-01-21
0.041423623552670916,4213000,0,-0.0069749344692005225,-0.06974934469200522,1.0,D-1 estimated accounting; fill-day constraints require ledger audit,direct,V4_DIRECT_FROZEN_LINEAR_PORTFOLIO,disabled,2010-01-20,neutral,0.016770738304332705,0.0,0.025633597044107947,0.4732142857142857,0.09254653384054363,0.5267857142857143,0.75,,,{},2883.TW,2010-01-20,2010-01-21
0.042289819617229045,381000,0,0.011167540410659677,0.11167540410659677,1.0,D-1 estimated accounting; fill-day constraints require ledger audit,direct,V4_DIRECT_FROZEN_LINEAR_PORTFOLIO,disabled,2010-01-20,neutral,0.016770738304332705,0.0,0.025633597044107947,0.4732142857142857,0.09254653384054363,0.5267857142857143,0.75,,,{},3044.TW,2010-01-20,2010-01-21
0.039782871947612077,365000,0,-0.007697138488422892,-0.07697138488422892,1.0,D-1 estimated accounting; fill-day constraints require ledger audit,direct,V4_DIRECT_FROZEN_LINEAR_PORTFOLIO,disabled,2010-01-20,neutral,0.016770738304332705,0.0,0.025633597044107947,0.4732142857142857,0.09254653384054363,0.5267857142857143,0.75,,,{},3211.TWO,2010-01-20,2010-01-21
0.037003059225519795,394000,0,0.005856815203145478,0.05856815203145478,1.0,D-1 estimated accounting; fill-day constraints require ledger audit,direct,V4_DIRECT_FROZEN_LINEAR_PORTFOLIO,disabled,2010-01-20,neutral,0.016770738304332705,0.0,0.025633597044107947,0.4732142857142857,0.09254653384054363,0.5267857142857143,0.75,,,{},3260.TWO,2010-01-20,2010-01-21
0.04416027444063544,1943000,0,0.03549994539100043,0.3549994539100043,1.0,D-1 estimated accounting; fill-day constraints require ledger audit,direct,V4_DIRECT_FROZEN_LINEAR_PORTFOLIO,disabled,2010-01-20,neutral,0.016770738304332705,0.0,0.025633597044107947,0.4732142857142857,0.09254653384054363,0.5267857142857143,0.75,,,{},3264.TWO,2010-01-20,2010-01-21
0.046215941434311146,1768000,0,0.043606651376146784,0.4360665137614678,1.0,D-1 estimated accounting; fill-day constraints require ledger audit,direct,V4_DIRECT_FROZEN_LINEAR_PORTFOLIO,disabled,2010-01-20,neutral,0.016770738304332705,0.0,0.025633597044107947,0.4732142857142857,0.09254653384054363,0.5267857142857143,0.75,,,{},3324.TWO,2010-01-20,2010-01-21
0.04098092006863651,756000,0,0.02734955220620358,0.2734955220620358,1.0,D-1 estimated accounting; fill-day constraints require ledger audit,direct,V4_DIRECT_FROZEN_LINEAR_PORTFOLIO,disabled,2010-01-20,neutral,0.016770738304332705,0.0,0.025633597044107947,0.4732142857142857,0.09254653384054363,0.5267857142857143,0.75,,,{},3481.TW,2010-01-20,2010-01-21
0.04011718179591134,232000,0,0.02761577107907383,0.2761577107907383,1.0,D-1 estimated accounting; fill-day constraints require ledger audit,direct,V4_DIRECT_FROZEN_LINEAR_PORTFOLIO,disabled,2010-01-20,neutral,0.016770738304332705,0.0,0.025633597044107947,0.4732142857142857,0.09254653384054363,0.5267857142857143,0.75,,,{},3533.TW,2010-01-20,2010-01-21
0.04489284688390786,2564000,0,0.028686107470511136,0.28686107470511135,1.0,D-1 estimated accounting; fill-day constraints require ledger audit,direct,V4_DIRECT_FROZEN_LINEAR_PORTFOLIO,disabled,2010-01-20,neutral,0.016770738304332705,0.0,0.025633597044107947,0.4732142857142857,0.09254653384054363,0.5267857142857143,0.75,,,{},5347.TWO,2010-01-20,2010-01-21
0.03757261486354502,913000,0,-0.012314329401485366,-0.12314329401485366,1.0,D-1 estimated accounting; fill-day constraints require ledger audit,direct,V4_DIRECT_FROZEN_LINEAR_PORTFOLIO,disabled,2010-01-20,neutral,0.016770738304332705,0.0,0.025633597044107947,0.4732142857142857,0.09254653384054363,0.5267857142857143,0.75,,,{},6023.TWO,2010-01-20,2010-01-21
0.044743849523911916,384000,0,0.04803271079073831,0.48032710790738303,1.0,D-1 estimated accounting; fill-day constraints require ledger audit,direct,V4_DIRECT_FROZEN_LINEAR_PORTFOLIO,disabled,2010-01-20,neutral,0.016770738304332705,0.0,0.025633597044107947,0.4732142857142857,0.09254653384054363,0.5267857142857143,0.75,,,{},6223.TWO,2010-01-20,2010-01-21
0.04569160415011065,2938000,0,0.03685151813018785,0.36851518130187855,1.0,D-1 estimated accounting; fill-day constraints require ledger audit,direct,V4_DIRECT_FROZEN_LINEAR_PORTFOLIO,disabled,2010-01-20,neutral,0.016770738304332705,0.0,0.025633597044107947,0.4732142857142857,0.09254653384054363,0.5267857142857143,0.75,,,{},6274.TWO,2010-01-20,2010-01-21
0.03984256117784105,297000,0,0.005641109654871123,0.05641109654871122,1.0,D-1 estimated accounting; fill-day constraints require ledger audit,direct,V4_DIRECT_FROZEN_LINEAR_PORTFOLIO,disabled,2010-01-20,neutral,0.016770738304332705,0.0,0.025633597044107947,0.4732142857142857,0.09254653384054363,0.5267857142857143,0.75,,,{},8046.TW,2010-01-20,2010-01-21
0.04231043535823347,2243000,0,0.03942769768457842,0.39427697684578417,1.0,D-1 estimated accounting; fill-day constraints require ledger audit,direct,V4_DIRECT_FROZEN_LINEAR_PORTFOLIO,disabled,2010-01-21,neutral,0.01777617462664606,-0.018573975957616395,0.014014949792410691,0.16071428571428573,0.08038001553475392,0.36607142857142855,0.6696428571428571,,,{},1815.TWO,2010-01-21,2010-01-22
0.04030135293357387,858000,0,2.5939274792486505e-05,0.00025939274792486505,1.0,D-1 estimated accounting; fill-day constraints require ledger audit,direct,V4_DIRECT_FROZEN_LINEAR_PORTFOLIO,disabled,2010-01-21,neutral,0.01777617462664606,-0.018573975957616395,0.014014949792410691,0.16071428571428573,0.08038001553475392,0.36607142857142855,0.6696428571428571,,,{},2301.TW,2010-01-21,2010-01-22
0.03685571528314318,3544000,0,0.0016737658366098732,0.01673765836609873,1.0,D-1 estimated accounting; fill-day constraints require ledger audit,direct,V4_DIRECT_FROZEN_LINEAR_PORTFOLIO,disabled,2010-01-21,neutral,0.01777617462664606,-0.018573975957616395,0.014014949792410691,0.16071428571428573,0.08038001553475392,0.36607142857142855,0.6696428571428571,,,{},2313.TW,2010-01-21,2010-01-22
0.04136544054252966,3528000,0,0.004376911314984708,0.04376911314984708,1.0,D-1 estimated accounting; fill-day constraints require ledger audit,direct,V4_DIRECT_FROZEN_LINEAR_PORTFOLIO,disabled,2010-01-21,neutral,0.01777617462664606,-0.018573975957616395,0.014014949792410691,0.16071428571428573,0.08038001553475392,0.36607142857142855,0.6696428571428571,,,{},2327.TW,2010-01-21,2010-01-22
0.04092724634454662,2255000,0,0.015510321100917433,0.15510321100917432,1.0,D-1 estimated accounting; fill-day constraints require ledger audit,direct,V4_DIRECT_FROZEN_LINEAR_PORTFOLIO,disabled,2010-01-21,neutral,0.01777617462664606,-0.018573975957616395,0.014014949792410691,0.16071428571428573,0.08038001553475392,0.36607142857142855,0.6696428571428571,,,{},2337.TW,2010-01-21,2010-01-22
0.036700112253295246,4225000,0,0.00047100262123198067,0.004710026212319807,1.0,D-1 estimated accounting; fill-day constraints require ledger audit,direct,V4_DIRECT_FROZEN_LINEAR_PORTFOLIO,disabled,2010-01-21,neutral,0.01777617462664606,-0.018573975957616395,0.014014949792410691,0.16071428571428573,0.08038001553475392,0.36607142857142855,0.6696428571428571,,,{},2344.TW,2010-01-21,2010-01-22
0.03977862400517849,2654000,0,0.005541448230668416,0.05541448230668415,1.0,D-1 estimated accounting; fill-day constraints require ledger audit,direct,V4_DIRECT_FROZEN_LINEAR_PORTFOLIO,disabled,2010-01-21,neutral,0.01777617462664606,-0.018573975957616395,0.014014949792410691,0.16071428571428573,0.08038001553475392,0.36607142857142855,0.6696428571428571,,,{},2345.TW,2010-01-21,2010-01-22
0.038288473199649446,1262000,0,0.009740880297072957,0.09740880297072957,1.0,D-1 estimated accounting; fill-day constraints require ledger audit,direct,V4_DIRECT_FROZEN_LINEAR_PORTFOLIO,disabled,2010-01-21,neutral,0.01777617462664606,-0.018573975957616395,0.014014949792410691,0.16071428571428573,0.08038001553475392,0.36607142857142855,0.6696428571428571,,,{},2408.TW,2010-01-21,2010-01-22
0.04678279917210157,2715000,0,0.04180728484054172,0.4180728484054172,1.0,D-1 estimated accounting; fill-day constraints require ledger audit,direct,V4_DIRECT_FROZEN_LINEAR_PORTFOLIO,disabled,2010-01-21,neutral,0.01777617462664606,-0.018573975957616395,0.014014949792410691,0.16071428571428573,0.08038001553475392,0.36607142857142855,0.6696428571428571,,,{},2449.TW,2010-01-21,2010-01-22
0.041621379186979154,4213000,0,-0.0048916011358671905,-0.0489160113586719,1.0,D-1 estimated accounting; fill-day constraints require ledger audit,direct,V4_DIRECT_FROZEN_LINEAR_PORTFOLIO,disabled,2010-01-21,neutral,0.01777617462664606,-0.018573975957616395,0.014014949792410691,0.16071428571428573,0.08038001553475392,0.36607142857142855,0.6696428571428571,,,{},2883.TW,2010-01-21,2010-01-22
0.0433629781276123,381000,0,0.019741153342070772,0.19741153342070772,1.0,D-1 estimated accounting; fill-day constraints require ledger audit,direct,V4_DIRECT_FROZEN_LINEAR_PORTFOLIO,disabled,2010-01-21,neutral,0.01777617462664606,-0.018573975957616395,0.014014949792410691,0.16071428571428573,0.08038001553475392,0.36607142857142855,0.6696428571428571,,,{},3044.TW,2010-01-21,2010-01-22
0.040985454763075954,365000,0,0.012019440803844473,0.12019440803844472,1.0,D-1 estimated accounting; fill-day constraints require ledger audit,direct,V4_DIRECT_FROZEN_LINEAR_PORTFOLIO,disabled,2010-01-21,neutral,0.01777617462664606,-0.018573975957616395,0.014014949792410691,0.16071428571428573,0.08038001553475392,0.36607142857142855,0.6696428571428571,,,{},3211.TWO,2010-01-21,2010-01-22
0.037601771869845264,394000,0,0.012176441677588468,0.12176441677588468,1.0,D-1 estimated accounting; fill-day constraints require ledger audit,direct,V4_DIRECT_FROZEN_LINEAR_PORTFOLIO,disabled,2010-01-21,neutral,0.01777617462664606,-0.018573975957616395,0.014014949792410691,0.16071428571428573,0.08038001553475392,0.36607142857142855,0.6696428571428571,,,{},3260.TWO,2010-01-21,2010-01-22
0.04418136198742569,1943000,0,0.03671089995631279,0.3671089995631279,1.0,D-1 estimated accounting; fill-day constraints require ledger audit,direct,V4_DIRECT_FROZEN_LINEAR_PORTFOLIO,disabled,2010-01-21,neutral,0.01777617462664606,-0.018573975957616395,0.014014949792410691,0.16071428571428573,0.08038001553475392,0.36607142857142855,0.6696428571428571,,,{},3264.TWO,2010-01-21,2010-01-22
0.04452989891028344,1768000,0,0.034241207951070336,0.34241207951070335,1.0,D-1 estimated accounting; fill-day constraints require ledger audit,direct,V4_DIRECT_FROZEN_LINEAR_PORTFOLIO,disabled,2010-01-21,neutral,0.01777617462664606,-0.018573975957616395,0.014014949792410691,0.16071428571428573,0.08038001553475392,0.36607142857142855,0.6696428571428571,,,{},3324.TWO,2010-01-21,2010-01-22
0.04048721720517386,756000,0,0.01854521625163827,0.1854521625163827,1.0,D-1 estimated accounting; fill-day constraints require ledger audit,direct,V4_DIRECT_FROZEN_LINEAR_PORTFOLIO,disabled,2010-01-21,neutral,0.01777617462664606,-0.018573975957616395,0.014014949792410691,0.16071428571428573,0.08038001553475392,0.36607142857142855,0.6696428571428571,,,{},3481.TW,2010-01-21,2010-01-22
0.04088478783961236,232000,0,0.03477910659676715,0.34779106596767145,1.0,D-1 estimated accounting; fill-day constraints require ledger audit,direct,V4_DIRECT_FROZEN_LINEAR_PORTFOLIO,disabled,2010-01-21,neutral,0.01777617462664606,-0.018573975957616395,0.014014949792410691,0.16071428571428573,0.08038001553475392,0.36607142857142855,0.6696428571428571,,,{},3533.TW,2010-01-21,2010-01-22
0.04418136198742569,2564000,0,0.027367300131061596,0.27367300131061595,1.0,D-1 estimated accounting; fill-day constraints require ledger audit,direct,V4_DIRECT_FROZEN_LINEAR_PORTFOLIO,disabled,2010-01-21,neutral,0.01777617462664606,-0.018573975957616395,0.014014949792410691,0.16071428571428573,0.08038001553475392,0.36607142857142855,0.6696428571428571,,,{},5347.TWO,2010-01-21,2010-01-22
0.037761488226641805,913000,0,-0.009036424202708605,-0.09036424202708604,1.0,D-1 estimated accounting; fill-day constraints require ledger audit,direct,V4_DIRECT_FROZEN_LINEAR_PORTFOLIO,disabled,2010-01-21,neutral,0.01777617462664606,-0.018573975957616395,0.014014949792410691,0.16071428571428573,0.08038001553475392,0.36607142857142855,0.6696428571428571,,,{},6023.TWO,2010-01-21,2010-01-22
0.0458597726824802,384000,0,0.04756580384447357,0.4756580384447357,1.0,D-1 estimated accounting; fill-day constraints require ledger audit,direct,V4_DIRECT_FROZEN_LINEAR_PORTFOLIO,disabled,2010-01-21,neutral,0.01777617462664606,-0.018573975957616395,0.014014949792410691,0.16071428571428573,0.08038001553475392,0.36607142857142855,0.6696428571428571,,,{},6223.TWO,2010-01-21,2010-01-22
0.04553223564441587,2938000,0,0.02451261467889908,0.2451261467889908,1.0,D-1 estimated accounting; fill-day constraints require ledger audit,direct,V4_DIRECT_FROZEN_LINEAR_PORTFOLIO,disabled,2010-01-21,neutral,0.01777617462664606,-0.018573975957616395,0.014014949792410691,0.16071428571428573,0.08038001553475392,0.36607142857142855,0.6696428571428571,,,{},6274.TWO,2010-01-21,2010-01-22
0.04215522989901998,297000,0,0.025415028396679768,0.2541502839667977,1.0,D-1 estimated accounting; fill-day constraints require ledger audit,direct,V4_DIRECT_FROZEN_LINEAR_PORTFOLIO,disabled,2010-01-21,neutral,0.01777617462664606,-0.018573975957616395,0.014014949792410691,0.16071428571428573,0.08038001553475392,0.36607142857142855,0.6696428571428571,,,{},8046.TW,2010-01-21,2010-01-22
0.043636936423871286,2243000,0,0.04043250327653997,0.4043250327653997,1.0,D-1 estimated accounting; fill-day constraints require ledger audit,direct,V4_DIRECT_FROZEN_LINEAR_PORTFOLIO,disabled,2010-01-22,risk_off,0.01827632654473195,-0.05005755437870424,-0.01095386413567373,0.08928571428571429,0.07709249784151878,0.23214285714285715,0.42857142857142855,,,{},1815.TWO,2010-01-22,2010-01-25
0.03950101096058419,858000,0,-0.007952435561380516,-0.07952435561380515,1.0,D-1 estimated accounting; fill-day constraints require ledger audit,direct,V4_DIRECT_FROZEN_LINEAR_PORTFOLIO,disabled,2010-01-22,risk_off,0.01827632654473195,-0.05005755437870424,-0.01095386413567373,0.08928571428571429,0.07709249784151878,0.23214285714285715,0.42857142857142855,,,{},2301.TW,2010-01-22,2010-01-25
0.03599062971426027,3544000,0,-0.004555755788553953,-0.04555755788553953,1.0,D-1 estimated accounting; fill-day constraints require ledger audit,direct,V4_DIRECT_FROZEN_LINEAR_PORTFOLIO,disabled,2010-01-22,risk_off,0.01827632654473195,-0.05005755437870424,-0.01095386413567373,0.08928571428571429,0.07709249784151878,0.23214285714285715,0.42857142857142855,,,{},2313.TW,2010-01-22,2010-01-25
0.0416949829001684,3528000,0,-0.005167376583660988,-0.051673765836609875,1.0,D-1 estimated accounting; fill-day constraints require ledger audit,direct,V4_DIRECT_FROZEN_LINEAR_PORTFOLIO,disabled,2010-01-22,risk_off,0.01827632654473195,-0.05005755437870424,-0.01095386413567373,0.08928571428571429,0.07709249784151878,0.23214285714285715,0.42857142857142855,,,{},2327.TW,2010-01-22,2010-01-25
0.042101375667271616,2255000,0,0.02129750982961992,0.21297509829619918,1.0,D-1 estimated accounting; fill-day constraints require ledger audit,direct,V4_DIRECT_FROZEN_LINEAR_PORTFOLIO,disabled,2010-01-22,risk_off,0.01827632654473195,-0.05005755437870424,-0.01095386413567373,0.08928571428571429,0.07709249784151878,0.23214285714285715,0.42857142857142855,,,{},2337.TW,2010-01-22,2010-01-25
0.036056494361249004,4225000,0,-0.005034949759720403,-0.05034949759720403,1.0,D-1 estimated accounting; fill-day constraints require ledger audit,direct,V4_DIRECT_FROZEN_LINEAR_PORTFOLIO,disabled,2010-01-22,risk_off,0.01827632654473195,-0.05005755437870424,-0.01095386413567373,0.08928571428571429,0.07709249784151878,0.23214285714285715,0.42857142857142855,,,{},2344.TW,2010-01-22,2010-01-25
0.039417248823189616,2654000,0,0.0047851135867190905,0.047851135867190905,1.0,D-1 estimated accounting; fill-day constraints require ledger audit,direct,V4_DIRECT_FROZEN_LINEAR_PORTFOLIO,disabled,2010-01-22,risk_off,0.01827632654473195,-0.05005755437870424,-0.01095386413567373,0.08928571428571429,0.07709249784151878,0.23214285714285715,0.42857142857142855,,,{},2345.TW,2010-01-22,2010-01-25
0.038154385586927915,1262000,0,0.0062814001747488,0.062814001747488,1.0,D-1 estimated accounting; fill-day constraints require ledger audit,direct,V4_DIRECT_FROZEN_LINEAR_PORTFOLIO,disabled,2010-01-22,risk_off,0.01827632654473195,-0.05005755437870424,-0.01095386413567373,0.08928571428571429,0.07709249784151878,0.23214285714285715,0.42857142857142855,,,{},2408.TW,2010-01-22,2010-01-25
0.04713821468135601,2715000,0,0.04269604630843163,0.4269604630843163,1.0,D-1 estimated accounting; fill-day constraints require ledger audit,direct,V4_DIRECT_FROZEN_LINEAR_PORTFOLIO,disabled,2010-01-22,risk_off,0.01827632654473195,-0.05005755437870424,-0.01095386413567373,0.08928571428571429,0.07709249784151878,0.23214285714285715,0.42857142857142855,,,{},2449.TW,2010-01-22,2010-01-25
0.041109280598744975,4213000,0,-0.005888215377894277,-0.058882153778942764,1.0,D-1 estimated accounting; fill-day constraints require ledger audit,direct,V4_DIRECT_FROZEN_LINEAR_PORTFOLIO,disabled,2010-01-22,risk_off,0.01827632654473195,-0.05005755437870424,-0.01095386413567373,0.08928571428571429,0.07709249784151878,0.23214285714285715,0.42857142857142855,,,{},2883.TW,2010-01-22,2010-01-25
0.042088382601639565,381000,0,0.007112822193097424,0.07112822193097423,1.0,D-1 estimated accounting; fill-day constraints require ledger audit,direct,V4_DIRECT_FROZEN_LINEAR_PORTFOLIO,disabled,2010-01-22,risk_off,0.01827632654473195,-0.05005755437870424,-0.01095386413567373,0.08928571428571429,0.07709249784151878,0.23214285714285715,0.42857142857142855,,,{},3044.TW,2010-01-22,2010-01-25
0.04146983947718397,365000,0,0.012949159021406729,0.12949159021406728,1.0,D-1 estimated accounting; fill-day constraints require ledger audit,direct,V4_DIRECT_FROZEN_LINEAR_PORTFOLIO,disabled,2010-01-22,risk_off,0.01827632654473195,-0.05005755437870424,-0.01095386413567373,0.08928571428571429,0.07709249784151878,0.23214285714285715,0.42857142857142855,,,{},3211.TWO,2010-01-22,2010-01-25
0.03799459963694175,394000,0,0.014738968982088247,0.14738968982088246,1.0,D-1 estimated accounting; fill-day constraints require ledger audit,direct,V4_DIRECT_FROZEN_LINEAR_PORTFOLIO,disabled,2010-01-22,risk_off,0.01827632654473195,-0.05005755437870424,-0.01095386413567373,0.08928571428571429,0.07709249784151878,0.23214285714285715,0.42857142857142855,,,{},3260.TWO,2010-01-22,2010-01-25
0.044711831567789975,1943000,0,0.0383519003931848,0.38351900393184796,1.0,D-1 estimated accounting; fill-day constraints require ledger audit,direct,V4_DIRECT_FROZEN_LINEAR_PORTFOLIO,disabled,2010-01-22,risk_off,0.01827632654473195,-0.05005755437870424,-0.01095386413567373,0.08928571428571429,0.07709249784151878,0.23214285714285715,0.42857142857142855,,,{},3264.TWO,2010-01-22,2010-01-25
0.044384521343014655,1768000,0,0.03328691568370467,0.3328691568370467,1.0,D-1 estimated accounting; fill-day constraints require ledger audit,direct,V4_DIRECT_FROZEN_LINEAR_PORTFOLIO,disabled,2010-01-22,risk_off,0.01827632654473195,-0.05005755437870424,-0.01095386413567373,0.08928571428571429,0.07709249784151878,0.23214285714285715,0.42857142857142855,,,{},3324.TWO,2010-01-22,2010-01-25
0.042402255329966436,756000,0,0.023270259938837922,0.2327025993883792,1.0,D-1 estimated accounting; fill-day constraints require ledger audit,direct,V4_DIRECT_FROZEN_LINEAR_PORTFOLIO,disabled,2010-01-22,risk_off,0.01827632654473195,-0.05005755437870424,-0.01095386413567373,0.08928571428571429,0.07709249784151878,0.23214285714285715,0.42857142857142855,,,{},3481.TW,2010-01-22,2010-01-25
0.04133206592410362,232000,0,0.031026103101791182,0.3102610310179118,1.0,D-1 estimated accounting; fill-day constraints require ledger audit,direct,V4_DIRECT_FROZEN_LINEAR_PORTFOLIO,disabled,2010-01-22,risk_off,0.01827632654473195,-0.05005755437870424,-0.01095386413567373,0.08928571428571429,0.07709249784151878,0.23214285714285715,0.42857142857142855,,,{},3533.TW,2010-01-22,2010-01-25
0.042237528355021606,2564000,0,0.0157628877238969,0.15762887723896898,1.0,D-1 estimated accounting; fill-day constraints require ledger audit,direct,V4_DIRECT_FROZEN_LINEAR_PORTFOLIO,disabled,2010-01-22,risk_off,0.01827632654473195,-0.05005755437870424,-0.01095386413567373,0.08928571428571429,0.07709249784151878,0.23214285714285715,0.42857142857142855,,,{},5347.TWO,2010-01-22,2010-01-25
0.03792401356610363,913000,0,-0.005026758409785932,-0.050267584097859315,1.0,D-1 estimated accounting; fill-day constraints require ledger audit,direct,V4_DIRECT_FROZEN_LINEAR_PORTFOLIO,disabled,2010-01-22,risk_off,0.01827632654473195,-0.05005755437870424,-0.01095386413567373,0.08928571428571429,0.07709249784151878,0.23214285714285715,0.42857142857142855,,,{},6023.TWO,2010-01-22,2010-01-25
0.04382662995350145,384000,0,0.03943588903451289,0.39435889034512883,1.0,D-1 estimated accounting; fill-day constraints require ledger audit,direct,V4_DIRECT_FROZEN_LINEAR_PORTFOLIO,disabled,2010-01-22,risk_off,0.01827632654473195,-0.05005755437870424,-0.01095386413567373,0.08928571428571429,0.07709249784151878,0.23214285714285715,0.42857142857142855,,,{},6223.TWO,2010-01-22,2010-01-25
0.04578541956224869,2938000,0,0.019264689820882485,0.19264689820882483,1.0,D-1 estimated accounting; fill-day constraints require ledger audit,direct,V4_DIRECT_FROZEN_LINEAR_PORTFOLIO,disabled,2010-01-22,risk_off,0.01827632654473195,-0.05005755437870424,-0.01095386413567373,0.08928571428571429,0.07709249784151878,0.23214285714285715,0.42857142857142855,,,{},6274.TWO,2010-01-22,2010-01-25
0.04122095822000657,297000,0,0.022336446046308432,0.2233644604630843,1.0,D-1 estimated accounting; fill-day constraints require ledger audit,direct,V4_DIRECT_FROZEN_LINEAR_PORTFOLIO,disabled,2010-01-22,risk_off,0.01827632654473195,-0.05005755437870424,-0.01095386413567373,0.08928571428571429,0.07709249784151878,0.23214285714285715,0.42857142857142855,,,{},8046.TW,2010-01-22,2010-01-25
0.04162709768590744,2243000,0,0.035393727060393725,0.35393727060393726,1.0,D-1 estimated accounting; fill-day constraints require ledger audit,direct,V4_DIRECT_FROZEN_LINEAR_PORTFOLIO,disabled,2010-01-25,risk_off,0.018605057616425773,-0.05830899517362875,-0.018315018826859042,0.05405405405405406,0.06551017527629875,0.17117117117117117,0.3963963963963964,,,{},1815.TWO,2010-01-25,2010-01-26
0.03913999489634477,858000,0,-0.013888888888888888,-0.13888888888888887,1.0,D-1 estimated accounting; fill-day constraints require ledger audit,direct,V4_DIRECT_FROZEN_LINEAR_PORTFOLIO,disabled,2010-01-25,risk_off,0.018605057616425773,-0.05830899517362875,-0.018315018826859042,0.05405405405405406,0.06551017527629875,0.17117117117117117,0.3963963963963964,,,{},2301.TW,2010-01-25,2010-01-26
0.03645345736961201,3544000,0,-0.007899566232899563,-0.07899566232899563,1.0,D-1 estimated accounting; fill-day constraints require ledger audit,direct,V4_DIRECT_FROZEN_LINEAR_PORTFOLIO,disabled,2010-01-25,risk_off,0.018605057616425773,-0.05830899517362875,-0.018315018826859042,0.05405405405405406,0.06551017527629875,0.17117117117117117,0.3963963963963964,,,{},2313.TW,2010-01-25,2010-01-26
0.044706434703618875,3528000,0,0.024737237237237236,0.24737237237237233,1.0,D-1 estimated accounting; fill-day constraints require ledger audit,direct,V4_DIRECT_FROZEN_LINEAR_PORTFOLIO,disabled,2010-01-25,risk_off,0.018605057616425773,-0.05830899517362875,-0.018315018826859042,0.05405405405405406,0.06551017527629875,0.17117117117117117,0.3963963963963964,,,{},2327.TW,2010-01-25,2010-01-26
0.043404171461039594,2255000,0,0.027548381715048382,0.2754838171504838,1.0,D-1 estimated accounting; fill-day constraints require ledger audit,direct,V4_DIRECT_FROZEN_LINEAR_PORTFOLIO,disabled,2010-01-25,risk_off,0.018605057616425773,-0.05830899517362875,-0.018315018826859042,0.05405405405405406,0.06551017527629875,0.17117117117117117,0.3963963963963964,,,{},2337.TW,2010-01-25,2010-01-26
0.03736424114379516,4225000,0,-0.0014723056389723016,-0.014723056389723016,1.0,D-1 estimated accounting; fill-day constraints require ledger audit,direct,V4_DIRECT_FROZEN_LINEAR_PORTFOLIO,disabled,2010-01-25,risk_off,0.018605057616425773,-0.05830899517362875,-0.018315018826859042,0.05405405405405406,0.06551017527629875,0.17117117117117117,0.3963963963963964,,,{},2344.TW,2010-01-25,2010-01-26
0.03968385480294444,2654000,0,-0.00338254921588255,-0.0338254921588255,1.0,D-1 estimated accounting; fill-day constraints require ledger audit,direct,V4_DIRECT_FROZEN_LINEAR_PORTFOLIO,disabled,2010-01-25,risk_off,0.018605057616425773,-0.05830899517362875,-0.018315018826859042,0.05405405405405406,0.06551017527629875,0.17117117117117117,0.3963963963963964,,,{},2345.TW,2010-01-25,2010-01-26
0.037881732406516995,1262000,0,-0.003324157490824159,-0.03324157490824159,1.0,D-1 estimated accounting; fill-day constraints require ledger audit,direct,V4_DIRECT_FROZEN_LINEAR_PORTFOLIO,disabled,2010-01-25,risk_off,0.018605057616425773,-0.05830899517362875,-0.018315018826859042,0.05405405405405406,0.06551017527629875,0.17117117117117117,0.3963963963963964,,,{},2408.TW,2010-01-25,2010-01-26
0.046498007521976976,2715000,0,0.029346012679346015,0.2934601267934601,1.0,D-1 estimated accounting; fill-day constraints require ledger audit,direct,V4_DIRECT_FROZEN_LINEAR_PORTFOLIO,disabled,2010-01-25,risk_off,0.018605057616425773,-0.05830899517362875,-0.018315018826859042,0.05405405405405406,0.06551017527629875,0.17117117117117117,0.3963963963963964,,,{},2449.TW,2010-01-25,2010-01-26
0.04078737777806573,4213000,0,-0.011031865198531865,-0.11031865198531864,1.0,D-1 estimated accounting; fill-day constraints require ledger audit,direct,V4_DIRECT_FROZEN_LINEAR_PORTFOLIO,disabled,2010-01-25,risk_off,0.018605057616425773,-0.05830899517362875,-0.018315018826859042,0.05405405405405406,0.06551017527629875,0.17117117117117117,0.3963963963963964,,,{},2883.TW,2010-01-25,2010-01-26
0.04105561802968905,381000,0,-0.004717217217217219,-0.04717217217217219,1.0,D-1 estimated accounting; fill-day constraints require ledger audit,direct,V4_DIRECT_FROZEN_LINEAR_PORTFOLIO,disabled,2010-01-25,risk_off,0.018605057616425773,-0.05830899517362875,-0.018315018826859042,0.05405405405405406,0.06551017527629875,0.17117117117117117,0.3963963963963964,,,{},3044.TW,2010-01-25,2010-01-26
0.04165890545898082,365000,0,0.011841007674341007,0.11841007674341006,1.0,D-1 estimated accounting; fill-day constraints require ledger audit,direct,V4_DIRECT_FROZEN_LINEAR_PORTFOLIO,disabled,2010-01-25,risk_off,0.018605057616425773,-0.05830899517362875,-0.018315018826859042,0.05405405405405406,0.06551017527629875,0.17117117117117117,0.3963963963963964,,,{},3211.TWO,2010-01-25,2010-01-26
0.0376863266539362,394000,0,0.011344678011344679,0.11344678011344678,1.0,D-1 estimated accounting; fill-day constraints require ledger audit,direct,V4_DIRECT_FROZEN_LINEAR_PORTFOLIO,disabled,2010-01-25,risk_off,0.018605057616425773,-0.05830899517362875,-0.018315018826859042,0.05405405405405406,0.06551017527629875,0.17117117117117117,0.3963963963963964,,,{},3260.TWO,2010-01-25,2010-01-26
0.04502440640844243,1943000,0,0.03337087087087087,0.3337087087087087,1.0,D-1 estimated accounting; fill-day constraints require ledger audit,direct,V4_DIRECT_FROZEN_LINEAR_PORTFOLIO,disabled,2010-01-25,risk_off,0.018605057616425773,-0.05830899517362875,-0.018315018826859042,0.05405405405405406,0.06551017527629875,0.17117117117117117,0.3963963963963964,,,{},3264.TWO,2010-01-25,2010-01-26
0.04190777477680245,1768000,0,0.01284617951284618,0.1284617951284618,1.0,D-1 estimated accounting; fill-day constraints require ledger audit,direct,V4_DIRECT_FROZEN_LINEAR_PORTFOLIO,disabled,2010-01-25,risk_off,0.018605057616425773,-0.05830899517362875,-0.018315018826859042,0.05405405405405406,0.06551017527629875,0.17117117117117117,0.3963963963963964,,,{},3324.TWO,2010-01-25,2010-01-26
0.04251055858302056,756000,0,0.02237237237237237,0.22372372372372368,1.0,D-1 estimated accounting; fill-day constraints require ledger audit,direct,V4_DIRECT_FROZEN_LINEAR_PORTFOLIO,disabled,2010-01-25,risk_off,0.018605057616425773,-0.05830899517362875,-0.018315018826859042,0.05405405405405406,0.06551017527629875,0.17117117117117117,0.3963963963963964,,,{},3481.TW,2010-01-25,2010-01-26
0.039071873249012616,232000,0,0.022414080747414078,0.22414080747414078,1.0,D-1 estimated accounting; fill-day constraints require ledger audit,direct,V4_DIRECT_FROZEN_LINEAR_PORTFOLIO,disabled,2010-01-25,risk_off,0.018605057616425773,-0.05830899517362875,-0.018315018826859042,0.05405405405405406,0.06551017527629875,0.17117117117117117,0.3963963963963964,,,{},3533.TW,2010-01-25,2010-01-26
0.04268884115109685,2564000,0,0.02132132132132132,0.21321321321321318,1.0,D-1 estimated accounting; fill-day constraints require ledger audit,direct,V4_DIRECT_FROZEN_LINEAR_PORTFOLIO,disabled,2010-01-25,risk_off,0.018605057616425773,-0.05830899517362875,-0.018315018826859042,0.05405405405405406,0.06551017527629875,0.17117117117117117,0.3963963963963964,,,{},5347.TWO,2010-01-25,2010-01-26
0.03854815826535942,913000,0,-0.005835001668335001,-0.058350016683350006,1.0,D-1 estimated accounting; fill-day constraints require ledger audit,direct,V4_DIRECT_FROZEN_LINEAR_PORTFOLIO,disabled,2010-01-25,risk_off,0.018605057616425773,-0.05830899517362875,-0.018315018826859042,0.05405405405405406,0.06551017527629875,0.17117117117117117,0.3963963963963964,,,{},6023.TWO,2010-01-25,2010-01-26
0.043009145425945784,384000,0,0.030092592592592594,0.30092592592592593,1.0,D-1 estimated accounting; fill-day constraints require ledger audit,direct,V4_DIRECT_FROZEN_LINEAR_PORTFOLIO,disabled,2010-01-25,risk_off,0.018605057616425773,-0.05830899517362875,-0.018315018826859042,0.05405405405405406,0.06551017527629875,0.17117117117117117,0.3963963963963964,,,{},6223.TWO,2010-01-25,2010-01-26
0.047200906293943544,2938000,0,0.022839506172839502,0.22839506172839502,1.0,D-1 estimated accounting; fill-day constraints require ledger audit,direct,V4_DIRECT_FROZEN_LINEAR_PORTFOLIO,disabled,2010-01-25,risk_off,0.018605057616425773,-0.05830899517362875,-0.018315018826859042,0.05405405405405406,0.06551017527629875,0.17117117117117117,0.3963963963963964,,,{},6274.TWO,2010-01-25,2010-01-26
0.04100552078709848,297000,0,0.01727143810477144,0.17271438104771442,1.0,D-1 estimated accounting; fill-day constraints require ledger audit,direct,V4_DIRECT_FROZEN_LINEAR_PORTFOLIO,disabled,2010-01-25,risk_off,0.018605057616425773,-0.05830899517362875,-0.018315018826859042,0.05405405405405406,0.06551017527629875,0.17117117117117117,0.3963963963963964,,,{},8046.TW,2010-01-25,2010-01-26
0.04077801466357274,2243000,0,0.01264334862385321,0.1264334862385321,1.0,D-1 estimated accounting; fill-day constraints require ledger audit,direct,V4_DIRECT_FROZEN_LINEAR_PORTFOLIO,disabled,2010-01-26,risk_off,0.020458505037530703,-0.08947985389981233,-0.0637855138244306,0.0,0.06517399695387247,0.044642857142857144,0.17857142857142858,,,{},1815.TWO,2010-01-26,2010-01-27
0.0390582572973055,858000,0,-0.012859054172127566,-0.12859054172127565,1.0,D-1 estimated accounting; fill-day constraints require ledger audit,direct,V4_DIRECT_FROZEN_LINEAR_PORTFOLIO,disabled,2010-01-26,risk_off,0.020458505037530703,-0.08947985389981233,-0.0637855138244306,0.0,0.06517399695387247,0.044642857142857144,0.17857142857142858,,,{},2301.TW,2010-01-26,2010-01-27
0.03580927908036452,3544000,0,-0.017088521188291832,-0.1708852118829183,1.0,D-1 estimated accounting; fill-day constraints require ledger audit,direct,V4_DIRECT_FROZEN_LINEAR_PORTFOLIO,disabled,2010-01-26,risk_off,0.020458505037530703,-0.08947985389981233,-0.0637855138244306,0.0,0.06517399695387247,0.044642857142857144,0.17857142857142858,,,{},2313.TW,2010-01-26,2010-01-27
0.043870985323809154,3528000,0,0.02189001747487986,0.21890017474879858,1.0,D-1 estimated accounting; fill-day constraints require ledger audit,direct,V4_DIRECT_FROZEN_LINEAR_PORTFOLIO,disabled,2010-01-26,risk_off,0.020458505037530703,-0.08947985389981233,-0.0637855138244306,0.0,0.06517399695387247,0.044642857142857144,0.17857142857142858,,,{},2327.TW,2010-01-26,2010-01-27
0.04351122735960622,2255000,0,0.022012887723896896,0.22012887723896893,1.0,D-1 estimated accounting; fill-day constraints require ledger audit,direct,V4_DIRECT_FROZEN_LINEAR_PORTFOLIO,disabled,2010-01-26,risk_off,0.020458505037530703,-0.08947985389981233,-0.0637855138244306,0.0,0.06517399695387247,0.044642857142857144,0.17857142857142858,,,{},2337.TW,2010-01-26,2010-01-27
0.03698794151183238,4225000,0,-0.00860228265618174,-0.0860228265618174,1.0,D-1 estimated accounting; fill-day constraints require ledger audit,direct,V4_DIRECT_FROZEN_LINEAR_PORTFOLIO,disabled,2010-01-26,risk_off,0.020458505037530703,-0.08947985389981233,-0.0637855138244306,0.0,0.06517399695387247,0.044642857142857144,0.17857142857142858,,,{},2344.TW,2010-01-26,2010-01-27
0.0389243063466666,2654000,0,-0.013211282219309742,-0.13211282219309742,1.0,D-1 estimated accounting; fill-day constraints require ledger audit,direct,V4_DIRECT_FROZEN_LINEAR_PORTFOLIO,disabled,2010-01-26,risk_off,0.020458505037530703,-0.08947985389981233,-0.0637855138244306,0.0,0.06517399695387247,0.044642857142857144,0.17857142857142858,,,{},2345.TW,2010-01-26,2010-01-27
0.038855532778461356,1262000,0,0.003682011795543909,0.03682011795543909,1.0,D-1 estimated accounting; fill-day constraints require ledger audit,direct,V4_DIRECT_FROZEN_LINEAR_PORTFOLIO,disabled,2010-01-26,risk_off,0.020458505037530703,-0.08947985389981233,-0.0637855138244306,0.0,0.06517399695387247,0.044642857142857144,0.17857142857142858,,,{},2408.TW,2010-01-26,2010-01-27
0.04632907586961259,2715000,0,0.025331749672346006,0.25331749672346004,1.0,D-1 estimated accounting; fill-day constraints require ledger audit,direct,V4_DIRECT_FROZEN_LINEAR_PORTFOLIO,disabled,2010-01-26,risk_off,0.020458505037530703,-0.08947985389981233,-0.0637855138244306,0.0,0.06517399695387247,0.044642857142857144,0.17857142857142858,,,{},2449.TW,2010-01-26,2010-01-27
0.0415813579610881,4213000,0,-0.004520259938837923,-0.04520259938837923,1.0,D-1 estimated accounting; fill-day constraints require ledger audit,direct,V4_DIRECT_FROZEN_LINEAR_PORTFOLIO,disabled,2010-01-26,risk_off,0.020458505037530703,-0.08947985389981233,-0.0637855138244306,0.0,0.06517399695387247,0.044642857142857144,0.17857142857142858,,,{},2883.TW,2010-01-26,2010-01-27
0.04088183013499403,381000,0,-0.009160659676714724,-0.09160659676714723,1.0,D-1 estimated accounting; fill-day constraints require ledger audit,direct,V4_DIRECT_FROZEN_LINEAR_PORTFOLIO,disabled,2010-01-26,risk_off,0.020458505037530703,-0.08947985389981233,-0.0637855138244306,0.0,0.06517399695387247,0.044642857142857144,0.17857142857142858,,,{},3044.TW,2010-01-26,2010-01-27
0.04136812365902006,365000,0,-0.0014239296636085646,-0.014239296636085644,1.0,D-1 estimated accounting; fill-day constraints require ledger audit,direct,V4_DIRECT_FROZEN_LINEAR_PORTFOLIO,disabled,2010-01-26,risk_off,0.020458505037530703,-0.08947985389981233,-0.0637855138244306,0.0,0.06517399695387247,0.044642857142857144,0.17857142857142858,,,{},3211.TWO,2010-01-26,2010-01-27
0.03783187431697111,394000,0,0.011973023154215815,0.11973023154215814,1.0,D-1 estimated accounting; fill-day constraints require ledger audit,direct,V4_DIRECT_FROZEN_LINEAR_PORTFOLIO,disabled,2010-01-26,risk_off,0.020458505037530703,-0.08947985389981233,-0.0637855138244306,0.0,0.06517399695387247,0.044642857142857144,0.17857142857142858,,,{},3260.TWO,2010-01-26,2010-01-27
0.04551098542269285,1943000,0,0.022505733944954125,0.22505733944954123,1.0,D-1 estimated accounting; fill-day constraints require ledger audit,direct,V4_DIRECT_FROZEN_LINEAR_PORTFOLIO,disabled,2010-01-26,risk_off,0.020458505037530703,-0.08947985389981233,-0.0637855138244306,0.0,0.06517399695387247,0.044642857142857144,0.17857142857142858,,,{},3264.TWO,2010-01-26,2010-01-27
0.041018596703950215,1768000,0,0.004505242463958062,0.04505242463958061,1.0,D-1 estimated accounting; fill-day constraints require ledger audit,direct,V4_DIRECT_FROZEN_LINEAR_PORTFOLIO,disabled,2010-01-26,risk_off,0.020458505037530703,-0.08947985389981233,-0.0637855138244306,0.0,0.06517399695387247,0.044642857142857144,0.17857142857142858,,,{},3324.TWO,2010-01-26,2010-01-27
0.041630199181799735,756000,0,0.01753768020969856,0.17537680209698558,1.0,D-1 estimated accounting; fill-day constraints require ledger audit,direct,V4_DIRECT_FROZEN_LINEAR_PORTFOLIO,disabled,2010-01-26,risk_off,0.020458505037530703,-0.08947985389981233,-0.0637855138244306,0.0,0.06517399695387247,0.044642857142857144,0.17857142857142858,,,{},3481.TW,2010-01-26,2010-01-27
0.038240835908203735,232000,0,0.01318397771952818,0.13183977719528178,1.0,D-1 estimated accounting; fill-day constraints require ledger audit,direct,V4_DIRECT_FROZEN_LINEAR_PORTFOLIO,disabled,2010-01-26,risk_off,0.020458505037530703,-0.08947985389981233,-0.0637855138244306,0.0,0.06517399695387247,0.044642857142857144,0.17857142857142858,,,{},3533.TW,2010-01-26,2010-01-27
0.04332391904798441,2564000,0,0.02353374836173001,0.2353374836173001,1.0,D-1 estimated accounting; fill-day constraints require ledger audit,direct,V4_DIRECT_FROZEN_LINEAR_PORTFOLIO,disabled,2010-01-26,risk_off,0.020458505037530703,-0.08947985389981233,-0.0637855138244306,0.0,0.06517399695387247,0.044642857142857144,0.17857142857142858,,,{},5347.TWO,2010-01-26,2010-01-27
0.03921766032243625,913000,0,-0.005489569681083442,-0.054895696810834414,1.0,D-1 estimated accounting; fill-day constraints require ledger audit,direct,V4_DIRECT_FROZEN_LINEAR_PORTFOLIO,disabled,2010-01-26,risk_off,0.020458505037530703,-0.08947985389981233,-0.0637855138244306,0.0,0.06517399695387247,0.044642857142857144,0.17857142857142858,,,{},6023.TWO,2010-01-26,2010-01-27
0.042103696975057135,384000,0,0.02423683923110529,0.2423683923110529,1.0,D-1 estimated accounting; fill-day constraints require ledger audit,direct,V4_DIRECT_FROZEN_LINEAR_PORTFOLIO,disabled,2010-01-26,risk_off,0.020458505037530703,-0.08947985389981233,-0.0637855138244306,0.0,0.06517399695387247,0.044642857142857144,0.17857142857142858,,,{},6223.TWO,2010-01-26,2010-01-27
0.04620162035528978,2938000,0,0.018567059851463518,0.1856705985146352,1.0,D-1 estimated accounting; fill-day constraints require ledger audit,direct,V4_DIRECT_FROZEN_LINEAR_PORTFOLIO,disabled,2010-01-26,risk_off,0.020458505037530703,-0.08947985389981233,-0.0637855138244306,0.0,0.06517399695387247,0.044642857142857144,0.17857142857142858,,,{},6274.TWO,2010-01-26,2010-01-27
0.04113590484136718,297000,0,0.020281782437745744,0.20281782437745743,1.0,D-1 estimated accounting; fill-day constraints require ledger audit,direct,V4_DIRECT_FROZEN_LINEAR_PORTFOLIO,disabled,2010-01-26,risk_off,0.020458505037530703,-0.08947985389981233,-0.0637855138244306,0.0,0.06517399695387247,0.044642857142857144,0.17857142857142858,,,{},8046.TW,2010-01-26,2010-01-27
0.03886320751917635,2243000,0,-0.00738723241590214,-0.0738723241590214,1.0,D-1 estimated accounting; fill-day constraints require ledger audit,direct,V4_DIRECT_FROZEN_LINEAR_PORTFOLIO,disabled,2010-01-27,risk_off,0.020652058989546654,-0.09222785915556786,-0.06412013174058684,0.026785714285714284,0.06715174374845197,0.07142857142857142,0.16071428571428573,,,{},1815.TWO,2010-01-27,2010-01-28
0.03990015638632125,858000,0,-0.008555865006553079,-0.08555865006553079,1.0,D-1 estimated accounting; fill-day constraints require ledger audit,direct,V4_DIRECT_FROZEN_LINEAR_PORTFOLIO,disabled,2010-01-27,risk_off,0.020652058989546654,-0.09222785915556786,-0.06412013174058684,0.026785714285714284,0.06715174374845197,0.07142857142857142,0.16071428571428573,,,{},2301.TW,2010-01-27,2010-01-28
0.03595705606766436,3544000,0,-0.014414045434687637,-0.14414045434687636,1.0,D-1 estimated accounting; fill-day constraints require ledger audit,direct,V4_DIRECT_FROZEN_LINEAR_PORTFOLIO,disabled,2010-01-27,risk_off,0.020652058989546654,-0.09222785915556786,-0.06412013174058684,0.026785714285714284,0.06715174374845197,0.07142857142857142,0.16071428571428573,,,{},2313.TW,2010-01-27,2010-01-28
0.04454368332642196,3528000,0,0.022939875491480997,0.22939875491480996,1.0,D-1 estimated accounting; fill-day constraints require ledger audit,direct,V4_DIRECT_FROZEN_LINEAR_PORTFOLIO,disabled,2010-01-27,risk_off,0.020652058989546654,-0.09222785915556786,-0.06412013174058684,0.026785714285714284,0.06715174374845197,0.07142857142857142,0.16071428571428573,,,{},2327.TW,2010-01-27,2010-01-28
0.0430292596281083,2255000,0,0.0026772062035823533,0.02677206203582353,1.0,D-1 estimated accounting; fill-day constraints require ledger audit,direct,V4_DIRECT_FROZEN_LINEAR_PORTFOLIO,disabled,2010-01-27,risk_off,0.020652058989546654,-0.09222785915556786,-0.06412013174058684,0.026785714285714284,0.06715174374845197,0.07142857142857142,0.16071428571428573,,,{},2337.TW,2010-01-27,2010-01-28
0.0381291886794842,4225000,0,-0.00025256662297946583,-0.0025256662297946583,1.0,D-1 estimated accounting; fill-day constraints require ledger audit,direct,V4_DIRECT_FROZEN_LINEAR_PORTFOLIO,disabled,2010-01-27,risk_off,0.020652058989546654,-0.09222785915556786,-0.06412013174058684,0.026785714285714284,0.06715174374845197,0.07142857142857142,0.16071428571428573,,,{},2344.TW,2010-01-27,2010-01-28
0.03907034254878646,2654000,0,-0.014401758409785931,-0.1440175840978593,1.0,D-1 estimated accounting; fill-day constraints require ledger audit,direct,V4_DIRECT_FROZEN_LINEAR_PORTFOLIO,disabled,2010-01-27,risk_off,0.020652058989546654,-0.09222785915556786,-0.06412013174058684,0.026785714285714284,0.06715174374845197,0.07142857142857142,0.16071428571428573,,,{},2345.TW,2010-01-27,2010-01-28
0.04317508631197702,1359000,1359000,0.04307284840541722,0.43072848405417213,1.0,D-1 estimated accounting; fill-day constraints require ledger audit,direct,V4_DIRECT_FROZEN_LINEAR_PORTFOLIO,disabled,2010-01-27,risk_off,0.020652058989546654,-0.09222785915556786,-0.06412013174058684,0.026785714285714284,0.06715174374845197,0.07142857142857142,0.16071428571428573,,,{},2404.TW,2010-01-27,2010-01-28
0.037164292686263256,1262000,0,-0.008611839231105284,-0.08611839231105284,1.0,D-1 estimated accounting; fill-day constraints require ledger audit,direct,V4_DIRECT_FROZEN_LINEAR_PORTFOLIO,disabled,2010-01-27,risk_off,0.020652058989546654,-0.09222785915556786,-0.06412013174058684,0.026785714285714284,0.06715174374845197,0.07142857142857142,0.16071428571428573,,,{},2408.TW,2010-01-27,2010-01-28
0.046117122676107174,2715000,0,0.017081695063346437,0.17081695063346436,1.0,D-1 estimated accounting; fill-day constraints require ledger audit,direct,V4_DIRECT_FROZEN_LINEAR_PORTFOLIO,disabled,2010-01-27,risk_off,0.020652058989546654,-0.09222785915556786,-0.06412013174058684,0.026785714285714284,0.06715174374845197,0.07142857142857142,0.16071428571428573,,,{},2449.TW,2010-01-27,2010-01-28
0.04236206292259265,4213000,0,-0.0005843162953254685,-0.005843162953254684,1.0,D-1 estimated accounting; fill-day constraints require ledger audit,direct,V4_DIRECT_FROZEN_LINEAR_PORTFOLIO,disabled,2010-01-27,risk_off,0.020652058989546654,-0.09222785915556786,-0.06412013174058684,0.026785714285714284,0.06715174374845197,0.07142857142857142,0.16071428571428573,,,{},2883.TW,2010-01-27,2010-01-28
0.043193229732854325,381000,0,0.010647389689820883,0.10647389689820883,1.0,D-1 estimated accounting; fill-day constraints require ledger audit,direct,V4_DIRECT_FROZEN_LINEAR_PORTFOLIO,disabled,2010-01-27,risk_off,0.020652058989546654,-0.09222785915556786,-0.06412013174058684,0.026785714285714284,0.06715174374845197,0.07142857142857142,0.16071428571428573,,,{},3044.TW,2010-01-27,2010-01-28
0.04134033641386867,365000,0,-0.0020614897335080816,-0.020614897335080817,1.0,D-1 estimated accounting; fill-day constraints require ledger audit,direct,V4_DIRECT_FROZEN_LINEAR_PORTFOLIO,disabled,2010-01-27,risk_off,0.020652058989546654,-0.09222785915556786,-0.06412013174058684,0.026785714285714284,0.06715174374845197,0.07142857142857142,0.16071428571428573,,,{},3211.TWO,2010-01-27,2010-01-28
0.03675936323373493,394000,0,-0.014576507208387941,-0.1457650720838794,1.0,D-1 estimated accounting; fill-day constraints require ledger audit,direct,V4_DIRECT_FROZEN_LINEAR_PORTFOLIO,disabled,2010-01-27,risk_off,0.020652058989546654,-0.09222785915556786,-0.06412013174058684,0.026785714285714284,0.06715174374845197,0.07142857142857142,0.16071428571428573,,,{},3260.TWO,2010-01-27,2010-01-28
0.04422845200300466,1943000,0,0.01187063128003495,0.11870631280034949,1.0,D-1 estimated accounting; fill-day constraints require ledger audit,direct,V4_DIRECT_FROZEN_LINEAR_PORTFOLIO,disabled,2010-01-27,risk_off,0.020652058989546654,-0.09222785915556786,-0.06412013174058684,0.026785714285714284,0.06715174374845197,0.07142857142857142,0.16071428571428573,,,{},3264.TWO,2010-01-27,2010-01-28
0.03874424215576404,1768000,0,-0.005328473132372212,-0.05328473132372212,1.0,D-1 estimated accounting; fill-day constraints require ledger audit,direct,V4_DIRECT_FROZEN_LINEAR_PORTFOLIO,disabled,2010-01-27,risk_off,0.020652058989546654,-0.09222785915556786,-0.06412013174058684,0.026785714285714284,0.06715174374845197,0.07142857142857142,0.16071428571428573,,,{},3324.TWO,2010-01-27,2010-01-28
0.04325351910332023,756000,0,0.030470456531236347,0.30470456531236345,1.0,D-1 estimated accounting; fill-day constraints require ledger audit,direct,V4_DIRECT_FROZEN_LINEAR_PORTFOLIO,disabled,2010-01-27,risk_off,0.020652058989546654,-0.09222785915556786,-0.06412013174058684,0.026785714285714284,0.06715174374845197,0.07142857142857142,0.16071428571428573,,,{},3481.TW,2010-01-27,2010-01-28
0.03869558608635986,232000,0,0.011257645259938838,0.11257645259938838,1.0,D-1 estimated accounting; fill-day constraints require ledger audit,direct,V4_DIRECT_FROZEN_LINEAR_PORTFOLIO,disabled,2010-01-27,risk_off,0.020652058989546654,-0.09222785915556786,-0.06412013174058684,0.026785714285714284,0.06715174374845197,0.07142857142857142,0.16071428571428573,,,{},3533.TW,2010-01-27,2010-01-28
0.04239129619105142,2564000,0,0.008921745303626034,0.08921745303626034,1.0,D-1 estimated accounting; fill-day constraints require ledger audit,direct,V4_DIRECT_FROZEN_LINEAR_PORTFOLIO,disabled,2010-01-27,risk_off,0.020652058989546654,-0.09222785915556786,-0.06412013174058684,0.026785714285714284,0.06715174374845197,0.07142857142857142,0.16071428571428573,,,{},5347.TWO,2010-01-27,2010-01-28
0.0,0,-913000,-0.01605504587155963,-0.1605504587155963,1.0,D-1 estimated accounting; fill-day constraints require ledger audit,direct,V4_DIRECT_FROZEN_LINEAR_PORTFOLIO,disabled,2010-01-27,risk_off,0.020652058989546654,-0.09222785915556786,-0.06412013174058684,0.026785714285714284,0.06715174374845197,0.07142857142857142,0.16071428571428573,,,{},6023.TWO,2010-01-27,2010-01-28
0.03978905977642515,384000,0,0.01517993665356051,0.15179936653560508,1.0,D-1 estimated accounting; fill-day constraints require ledger audit,direct,V4_DIRECT_FROZEN_LINEAR_PORTFOLIO,disabled,2010-01-27,risk_off,0.020652058989546654,-0.09222785915556786,-0.06412013174058684,0.026785714285714284,0.06715174374845197,0.07142857142857142,0.16071428571428573,,,{},6223.TWO,2010-01-27,2010-01-28
0.0450802304186998,2938000,0,0.006794724770642202,0.06794724770642202,1.0,D-1 estimated accounting; fill-day constraints require ledger audit,direct,V4_DIRECT_FROZEN_LINEAR_PORTFOLIO,disabled,2010-01-27,risk_off,0.020652058989546654,-0.09222785915556786,-0.06412013174058684,0.026785714285714284,0.06715174374845197,0.07142857142857142,0.16071428571428573,,,{},6274.TWO,2010-01-27,2010-01-28
0.044629701822593744,297000,0,0.03801878549584972,0.38018785495849716,1.0,D-1 estimated accounting; fill-day constraints require ledger audit,direct,V4_DIRECT_FROZEN_LINEAR_PORTFOLIO,disabled,2010-01-27,risk_off,0.020652058989546654,-0.09222785915556786,-0.06412013174058684,0.026785714285714284,0.06715174374845197,0.07142857142857142,0.16071428571428573,,,{},8046.TW,2010-01-27,2010-01-28
0.04018668513313866,2243000,0,-0.0012860419397116658,-0.012860419397116657,1.0,D-1 estimated accounting; fill-day constraints require ledger audit,direct,V4_DIRECT_FROZEN_LINEAR_PORTFOLIO,disabled,2010-01-28,risk_off,0.021612152283736537,-0.05959548478198062,-0.056254968977626996,0.044642857142857144,0.0678697369631325,0.10714285714285714,0.30357142857142855,,,{},1815.TWO,2010-01-28,2010-01-29
0.039079561402639115,858000,0,-0.021634720401922238,-0.21634720401922236,1.0,D-1 estimated accounting; fill-day constraints require ledger audit,direct,V4_DIRECT_FROZEN_LINEAR_PORTFOLIO,disabled,2010-01-28,risk_off,0.021612152283736537,-0.05959548478198062,-0.056254968977626996,0.044642857142857144,0.0678697369631325,0.10714285714285714,0.30357142857142855,,,{},2301.TW,2010-01-28,2010-01-29
0.03646354815622733,3544000,0,-0.01114023591087811,-0.1114023591087811,1.0,D-1 estimated accounting; fill-day constraints require ledger audit,direct,V4_DIRECT_FROZEN_LINEAR_PORTFOLIO,disabled,2010-01-28,risk_off,0.021612152283736537,-0.05959548478198062,-0.056254968977626996,0.044642857142857144,0.0678697369631325,0.10714285714285714,0.30357142857142855,,,{},2313.TW,2010-01-28,2010-01-29
0.04406901325710876,3528000,0,0.02353511358671909,0.2353511358671909,1.0,D-1 estimated accounting; fill-day constraints require ledger audit,direct,V4_DIRECT_FROZEN_LINEAR_PORTFOLIO,disabled,2010-01-28,risk_off,0.021612152283736537,-0.05959548478198062,-0.056254968977626996,0.044642857142857144,0.0678697369631325,0.10714285714285714,0.30357142857142855,,,{},2327.TW,2010-01-28,2010-01-29
0.04250202590197195,2255000,0,0.008228211009174313,0.08228211009174313,1.0,D-1 estimated accounting; fill-day constraints require ledger audit,direct,V4_DIRECT_FROZEN_LINEAR_PORTFOLIO,disabled,2010-01-28,risk_off,0.021612152283736537,-0.05959548478198062,-0.056254968977626996,0.044642857142857144,0.0678697369631325,0.10714285714285714,0.30357142857142855,,,{},2337.TW,2010-01-28,2010-01-29
0.03842329027042152,4225000,0,0.012561435124508519,0.1256143512450852,1.0,D-1 estimated accounting; fill-day constraints require ledger audit,direct,V4_DIRECT_FROZEN_LINEAR_PORTFOLIO,disabled,2010-01-28,risk_off,0.021612152283736537,-0.05959548478198062,-0.056254968977626996,0.044642857142857144,0.0678697369631325,0.10714285714285714,0.30357142857142855,,,{},2344.TW,2010-01-28,2010-01-29
0.03940582081280463,2654000,0,-0.015893949322848402,-0.15893949322848402,1.0,D-1 estimated accounting; fill-day constraints require ledger audit,direct,V4_DIRECT_FROZEN_LINEAR_PORTFOLIO,disabled,2010-01-28,risk_off,0.021612152283736537,-0.05959548478198062,-0.056254968977626996,0.044642857142857144,0.0678697369631325,0.10714285714285714,0.30357142857142855,,,{},2345.TW,2010-01-28,2010-01-29
0.04267192072410566,1359000,0,0.046875,0.46874999999999994,1.0,D-1 estimated accounting; fill-day constraints require ledger audit,direct,V4_DIRECT_FROZEN_LINEAR_PORTFOLIO,disabled,2010-01-28,risk_off,0.021612152283736537,-0.05959548478198062,-0.056254968977626996,0.044642857142857144,0.0678697369631325,0.10714285714285714,0.30357142857142855,,,{},2404.TW,2010-01-28,2010-01-29
0.037414247042591775,1262000,0,-0.008073940585408473,-0.08073940585408473,1.0,D-1 estimated accounting; fill-day constraints require ledger audit,direct,V4_DIRECT_FROZEN_LINEAR_PORTFOLIO,disabled,2010-01-28,risk_off,0.021612152283736537,-0.05959548478198062,-0.056254968977626996,0.044642857142857144,0.0678697369631325,0.10714285714285714,0.30357142857142855,,,{},2408.TW,2010-01-28,2010-01-29
0.046707628020081035,2715000,0,0.023865498034076015,0.23865498034076013,1.0,D-1 estimated accounting; fill-day constraints require ledger audit,direct,V4_DIRECT_FROZEN_LINEAR_PORTFOLIO,disabled,2010-01-28,risk_off,0.021612152283736537,-0.05959548478198062,-0.056254968977626996,0.044642857142857144,0.0678697369631325,0.10714285714285714,0.30357142857142855,,,{},2449.TW,2010-01-28,2010-01-29
0.041591649304362176,4213000,0,-0.004577599388379205,-0.04577599388379205,1.0,D-1 estimated accounting; fill-day constraints require ledger audit,direct,V4_DIRECT_FROZEN_LINEAR_PORTFOLIO,disabled,2010-01-28,risk_off,0.021612152283736537,-0.05959548478198062,-0.056254968977626996,0.044642857142857144,0.0678697369631325,0.10714285714285714,0.30357142857142855,,,{},2883.TW,2010-01-28,2010-01-29
0.0447215320774398,381000,0,0.027970729576234168,0.27970729576234166,1.0,D-1 estimated accounting; fill-day constraints require ledger audit,direct,V4_DIRECT_FROZEN_LINEAR_PORTFOLIO,disabled,2010-01-28,risk_off,0.021612152283736537,-0.05959548478198062,-0.056254968977626996,0.044642857142857144,0.0678697369631325,0.10714285714285714,0.30357142857142855,,,{},3044.TW,2010-01-28,2010-01-29
0.04164463633046243,365000,0,0.005560561380515508,0.05560561380515508,1.0,D-1 estimated accounting; fill-day constraints require ledger audit,direct,V4_DIRECT_FROZEN_LINEAR_PORTFOLIO,disabled,2010-01-28,risk_off,0.021612152283736537,-0.05959548478198062,-0.056254968977626996,0.044642857142857144,0.0678697369631325,0.10714285714285714,0.30357142857142855,,,{},3211.TWO,2010-01-28,2010-01-29
0.03747179162123161,394000,0,-0.007313510266491918,-0.07313510266491917,1.0,D-1 estimated accounting; fill-day constraints require ledger audit,direct,V4_DIRECT_FROZEN_LINEAR_PORTFOLIO,disabled,2010-01-28,risk_off,0.021612152283736537,-0.05959548478198062,-0.056254968977626996,0.044642857142857144,0.0678697369631325,0.10714285714285714,0.30357142857142855,,,{},3260.TWO,2010-01-28,2010-01-29
0.044288016803422016,1943000,0,0.01288772389689821,0.1288772389689821,1.0,D-1 estimated accounting; fill-day constraints require ledger audit,direct,V4_DIRECT_FROZEN_LINEAR_PORTFOLIO,disabled,2010-01-28,risk_off,0.021612152283736537,-0.05959548478198062,-0.056254968977626996,0.044642857142857144,0.0678697369631325,0.10714285714285714,0.30357142857142855,,,{},3264.TWO,2010-01-28,2010-01-29
0.04010640757007661,1768000,0,-0.004270423765836611,-0.042704237658366104,1.0,D-1 estimated accounting; fill-day constraints require ledger audit,direct,V4_DIRECT_FROZEN_LINEAR_PORTFOLIO,disabled,2010-01-28,risk_off,0.021612152283736537,-0.05959548478198062,-0.056254968977626996,0.044642857142857144,0.0678697369631325,0.10714285714285714,0.30357142857142855,,,{},3324.TWO,2010-01-28,2010-01-29
0.04450630823215096,756000,0,0.04139908256880734,0.4139908256880733,1.0,D-1 estimated accounting; fill-day constraints require ledger audit,direct,V4_DIRECT_FROZEN_LINEAR_PORTFOLIO,disabled,2010-01-28,risk_off,0.021612152283736537,-0.05959548478198062,-0.056254968977626996,0.044642857142857144,0.0678697369631325,0.10714285714285714,0.30357142857142855,,,{},3481.TW,2010-01-28,2010-01-29
0.03795312832994961,232000,0,0.0012505460899956329,0.012505460899956328,1.0,D-1 estimated accounting; fill-day constraints require ledger audit,direct,V4_DIRECT_FROZEN_LINEAR_PORTFOLIO,disabled,2010-01-28,risk_off,0.021612152283736537,-0.05959548478198062,-0.056254968977626996,0.044642857142857144,0.0678697369631325,0.10714285714285714,0.30357142857142855,,,{},3533.TW,2010-01-28,2010-01-29
0.04354845530297798,2564000,0,0.01630897771952818,0.16308977719528178,1.0,D-1 estimated accounting; fill-day constraints require ledger audit,direct,V4_DIRECT_FROZEN_LINEAR_PORTFOLIO,disabled,2010-01-28,risk_off,0.021612152283736537,-0.05959548478198062,-0.056254968977626996,0.044642857142857144,0.0678697369631325,0.10714285714285714,0.30357142857142855,,,{},5347.TWO,2010-01-28,2010-01-29
0.03938640191406325,384000,0,0.016138324595893407,0.16138324595893405,1.0,D-1 estimated accounting; fill-day constraints require ledger audit,direct,V4_DIRECT_FROZEN_LINEAR_PORTFOLIO,disabled,2010-01-28,risk_off,0.021612152283736537,-0.05959548478198062,-0.056254968977626996,0.044642857142857144,0.0678697369631325,0.10714285714285714,0.30357142857142855,,,{},6223.TWO,2010-01-28,2010-01-29
0.04571433354651969,2938000,0,0.014801769331585847,0.14801769331585846,1.0,D-1 estimated accounting; fill-day constraints require ledger audit,direct,V4_DIRECT_FROZEN_LINEAR_PORTFOLIO,disabled,2010-01-28,risk_off,0.021612152283736537,-0.05959548478198062,-0.056254968977626996,0.044642857142857144,0.0678697369631325,0.10714285714285714,0.30357142857142855,,,{},6274.TWO,2010-01-28,2010-01-29
0.04302285774748131,297000,0,0.026425294888597642,0.2642529488859764,1.0,D-1 estimated accounting; fill-day constraints require ledger audit,direct,V4_DIRECT_FROZEN_LINEAR_PORTFOLIO,disabled,2010-01-28,risk_off,0.021612152283736537,-0.05959548478198062,-0.056254968977626996,0.044642857142857144,0.0678697369631325,0.10714285714285714,0.30357142857142855,,,{},8046.TW,2010-01-28,2010-01-29
0.03904033562966828,2243000,0,-0.00992928134556575,-0.09929281345565749,1.0,D-1 estimated accounting; fill-day constraints require ledger audit,direct,V4_DIRECT_FROZEN_LINEAR_PORTFOLIO,disabled,2010-01-29,risk_off,0.02182182987542909,-0.035405115550017574,-0.06949992215832379,0.125,0.07717346845318687,0.125,0.26785714285714285,,,{},1815.TWO,2010-01-29,2010-02-01
0.03836126419806417,858000,0,-0.02015481651376147,-0.20154816513761467,1.0,D-1 estimated accounting; fill-day constraints require ledger audit,direct,V4_DIRECT_FROZEN_LINEAR_PORTFOLIO,disabled,2010-01-29,risk_off,0.02182182987542909,-0.035405115550017574,-0.06949992215832379,0.125,0.07717346845318687,0.125,0.26785714285714285,,,{},2301.TW,2010-01-29,2010-02-01
0.03572365315543375,3544000,0,-0.015757426823940584,-0.15757426823940585,1.0,D-1 estimated accounting; fill-day constraints require ledger audit,direct,V4_DIRECT_FROZEN_LINEAR_PORTFOLIO,disabled,2010-01-29,risk_off,0.02182182987542909,-0.035405115550017574,-0.06949992215832379,0.125,0.07717346845318687,0.125,0.26785714285714285,,,{},2313.TW,2010-01-29,2010-02-01
0.04319397686840209,3528000,0,0.018339067278287463,0.18339067278287463,1.0,D-1 estimated accounting; fill-day constraints require ledger audit,direct,V4_DIRECT_FROZEN_LINEAR_PORTFOLIO,disabled,2010-01-29,risk_off,0.02182182987542909,-0.035405115550017574,-0.06949992215832379,0.125,0.07717346845318687,0.125,0.26785714285714285,,,{},2327.TW,2010-01-29,2010-02-01
0.04420172864410948,2255000,0,0.022909840541721273,0.2290984054172127,1.0,D-1 estimated accounting; fill-day constraints require ledger audit,direct,V4_DIRECT_FROZEN_LINEAR_PORTFOLIO,disabled,2010-01-29,risk_off,0.02182182987542909,-0.035405115550017574,-0.06949992215832379,0.125,0.07717346845318687,0.125,0.26785714285714285,,,{},2337.TW,2010-01-29,2010-02-01
0.03664910721558713,4225000,0,-0.004932557885539537,-0.04932557885539537,1.0,D-1 estimated accounting; fill-day constraints require ledger audit,direct,V4_DIRECT_FROZEN_LINEAR_PORTFOLIO,disabled,2010-01-29,risk_off,0.02182182987542909,-0.035405115550017574,-0.06949992215832379,0.125,0.07717346845318687,0.125,0.26785714285714285,,,{},2344.TW,2010-01-29,2010-02-01
0.04138369610887543,2654000,0,0.013313674093490609,0.13313674093490607,1.0,D-1 estimated accounting; fill-day constraints require ledger audit,direct,V4_DIRECT_FROZEN_LINEAR_PORTFOLIO,disabled,2010-01-29,risk_off,0.02182182987542909,-0.035405115550017574,-0.06949992215832379,0.125,0.07717346845318687,0.125,0.26785714285714285,,,{},2345.TW,2010-01-29,2010-02-01
0.04283702589762437,1359000,0,0.04732142857142857,0.47321428571428564,1.0,D-1 estimated accounting; fill-day constraints require ledger audit,direct,V4_DIRECT_FROZEN_LINEAR_PORTFOLIO,disabled,2010-01-29,risk_off,0.02182182987542909,-0.035405115550017574,-0.06949992215832379,0.125,0.07717346845318687,0.125,0.26785714285714285,,,{},2404.TW,2010-01-29,2010-02-01
0.03638470823815524,1262000,0,-0.016708988641328092,-0.1670898864132809,1.0,D-1 estimated accounting; fill-day constraints require ledger audit,direct,V4_DIRECT_FROZEN_LINEAR_PORTFOLIO,disabled,2010-01-29,risk_off,0.02182182987542909,-0.035405115550017574,-0.06949992215832379,0.125,0.07717346845318687,0.125,0.26785714285714285,,,{},2408.TW,2010-01-29,2010-02-01
0.04501787144426906,2715000,0,0.008605013106159895,0.08605013106159895,1.0,D-1 estimated accounting; fill-day constraints require ledger audit,direct,V4_DIRECT_FROZEN_LINEAR_PORTFOLIO,disabled,2010-01-29,risk_off,0.02182182987542909,-0.035405115550017574,-0.06949992215832379,0.125,0.07717346845318687,0.125,0.26785714285714285,,,{},2449.TW,2010-01-29,2010-02-01
0.04107846117186468,4213000,0,-0.013679554390563564,-0.13679554390563564,1.0,D-1 estimated accounting; fill-day constraints require ledger audit,direct,V4_DIRECT_FROZEN_LINEAR_PORTFOLIO,disabled,2010-01-29,risk_off,0.02182182987542909,-0.035405115550017574,-0.06949992215832379,0.125,0.07717346845318687,0.125,0.26785714285714285,,,{},2883.TW,2010-01-29,2010-02-01
0.04607288731622245,381000,0,0.037692496723460034,0.3769249672346003,1.0,D-1 estimated accounting; fill-day constraints require ledger audit,direct,V4_DIRECT_FROZEN_LINEAR_PORTFOLIO,disabled,2010-01-29,risk_off,0.02182182987542909,-0.035405115550017574,-0.06949992215832379,0.125,0.07717346845318687,0.125,0.26785714285714285,,,{},3044.TW,2010-01-29,2010-02-01
0.04052909976699654,365000,0,-0.0063564875491481,-0.063564875491481,1.0,D-1 estimated accounting; fill-day constraints require ledger audit,direct,V4_DIRECT_FROZEN_LINEAR_PORTFOLIO,disabled,2010-01-29,risk_off,0.02182182987542909,-0.035405115550017574,-0.06949992215832379,0.125,0.07717346845318687,0.125,0.26785714285714285,,,{},3211.TWO,2010-01-29,2010-02-01
0.03612195609334516,394000,0,-0.015982688947138488,-0.15982688947138488,1.0,D-1 estimated accounting; fill-day constraints require ledger audit,direct,V4_DIRECT_FROZEN_LINEAR_PORTFOLIO,disabled,2010-01-29,risk_off,0.02182182987542909,-0.035405115550017574,-0.06949992215832379,0.125,0.07717346845318687,0.125,0.26785714285714285,,,{},3260.TWO,2010-01-29,2010-02-01
0.044381919580146055,1943000,0,0.01171772608125819,0.1171772608125819,1.0,D-1 estimated accounting; fill-day constraints require ledger audit,direct,V4_DIRECT_FROZEN_LINEAR_PORTFOLIO,disabled,2010-01-29,risk_off,0.02182182987542909,-0.035405115550017574,-0.06949992215832379,0.125,0.07717346845318687,0.125,0.26785714285714285,,,{},3264.TWO,2010-01-29,2010-02-01
0.041550575147885696,1768000,0,0.0022976736566186116,0.022976736566186116,1.0,D-1 estimated accounting; fill-day constraints require ledger audit,direct,V4_DIRECT_FROZEN_LINEAR_PORTFOLIO,disabled,2010-01-29,risk_off,0.02182182987542909,-0.035405115550017574,-0.06949992215832379,0.125,0.07717346845318687,0.125,0.26785714285714285,,,{},3324.TWO,2010-01-29,2010-02-01
0.04368706600258292,756000,0,0.03632727173438183,0.3632727173438183,1.0,D-1 estimated accounting; fill-day constraints require ledger audit,direct,V4_DIRECT_FROZEN_LINEAR_PORTFOLIO,disabled,2010-01-29,risk_off,0.02182182987542909,-0.035405115550017574,-0.06949992215832379,0.125,0.07717346845318687,0.125,0.26785714285714285,,,{},3481.TW,2010-01-29,2010-02-01
0.0399480423236006,232000,0,0.018358180428134557,0.18358180428134557,1.0,D-1 estimated accounting; fill-day constraints require ledger audit,direct,V4_DIRECT_FROZEN_LINEAR_PORTFOLIO,disabled,2010-01-29,risk_off,0.02182182987542909,-0.035405115550017574,-0.06949992215832379,0.125,0.07717346845318687,0.125,0.26785714285714285,,,{},3533.TW,2010-01-29,2010-02-01
0.04321845978004636,2564000,0,0.01828582350371341,0.1828582350371341,1.0,D-1 estimated accounting; fill-day constraints require ledger audit,direct,V4_DIRECT_FROZEN_LINEAR_PORTFOLIO,disabled,2010-01-29,risk_off,0.02182182987542909,-0.035405115550017574,-0.06949992215832379,0.125,0.07717346845318687,0.125,0.26785714285714285,,,{},5347.TWO,2010-01-29,2010-02-01
0.042213809539110046,384000,0,0.0319448995194408,0.319448995194408,1.0,D-1 estimated accounting; fill-day constraints require ledger audit,direct,V4_DIRECT_FROZEN_LINEAR_PORTFOLIO,disabled,2010-01-29,risk_off,0.02182182987542909,-0.035405115550017574,-0.06949992215832379,0.125,0.07717346845318687,0.125,0.26785714285714285,,,{},6223.TWO,2010-01-29,2010-02-01
0.04484341697519846,2938000,0,0.0060015290519877685,0.06001529051987768,1.0,D-1 estimated accounting; fill-day constraints require ledger audit,direct,V4_DIRECT_FROZEN_LINEAR_PORTFOLIO,disabled,2010-01-29,risk_off,0.02182182987542909,-0.035405115550017574,-0.06949992215832379,0.125,0.07717346845318687,0.125,0.26785714285714285,,,{},6274.TWO,2010-01-29,2010-02-01
0.0442572543506749,297000,0,0.03342753385757973,0.3342753385757973,1.0,D-1 estimated accounting; fill-day constraints require ledger audit,direct,V4_DIRECT_FROZEN_LINEAR_PORTFOLIO,disabled,2010-01-29,risk_off,0.02182182987542909,-0.035405115550017574,-0.06949992215832379,0.125,0.07717346845318687,0.125,0.26785714285714285,,,{},8046.TW,2010-01-29,2010-02-01
0.04002704847288908,2243000,0,0.003322957623416338,0.03322957623416338,1.0,D-1 estimated accounting; fill-day constraints require ledger audit,direct,V4_DIRECT_FROZEN_LINEAR_PORTFOLIO,disabled,2010-02-01,risk_off,0.021902464761227793,-0.04726852180410446,-0.08214780442720909,0.10714285714285714,0.07269178647612357,0.08928571428571429,0.20535714285714285,,,{},1815.TWO,2010-02-01,2010-02-02
0.03848224876171742,858000,0,-0.016265290519877677,-0.16265290519877676,1.0,D-1 estimated accounting; fill-day constraints require ledger audit,direct,V4_DIRECT_FROZEN_LINEAR_PORTFOLIO,disabled,2010-02-01,risk_off,0.021902464761227793,-0.04726852180410446,-0.08214780442720909,0.10714285714285714,0.07269178647612357,0.08928571428571429,0.20535714285714285,,,{},2301.TW,2010-02-01,2010-02-02
0.03582213252659115,3544000,0,-0.01470756880733945,-0.1470756880733945,1.0,D-1 estimated accounting; fill-day constraints require ledger audit,direct,V4_DIRECT_FROZEN_LINEAR_PORTFOLIO,disabled,2010-02-01,risk_off,0.021902464761227793,-0.04726852180410446,-0.08214780442720909,0.10714285714285714,0.07269178647612357,0.08928571428571429,0.20535714285714285,,,{},2313.TW,2010-02-01,2010-02-02
0.0447710444152381,3528000,0,0.020377348186981212,0.20377348186981212,1.0,D-1 estimated accounting; fill-day constraints require ledger audit,direct,V4_DIRECT_FROZEN_LINEAR_PORTFOLIO,disabled,2010-02-01,risk_off,0.021902464761227793,-0.04726852180410446,-0.08214780442720909,0.10714285714285714,0.07269178647612357,0.08928571428571429,0.20535714285714285,,,{},2327.TW,2010-02-01,2010-02-02
0.043615402028053245,2255000,0,0.014713029707295761,0.1471302970729576,1.0,D-1 estimated accounting; fill-day constraints require ledger audit,direct,V4_DIRECT_FROZEN_LINEAR_PORTFOLIO,disabled,2010-02-01,risk_off,0.021902464761227793,-0.04726852180410446,-0.08214780442720909,0.10714285714285714,0.07269178647612357,0.08928571428571429,0.20535714285714285,,,{},2337.TW,2010-02-01,2010-02-02
0.03643001250117067,4225000,0,-0.009256225425950197,-0.09256225425950197,1.0,D-1 estimated accounting; fill-day constraints require ledger audit,direct,V4_DIRECT_FROZEN_LINEAR_PORTFOLIO,disabled,2010-02-01,risk_off,0.021902464761227793,-0.04726852180410446,-0.08214780442720909,0.10714285714285714,0.07269178647612357,0.08928571428571429,0.20535714285714285,,,{},2344.TW,2010-02-01,2010-02-02
0.042947432195445154,2654000,0,0.02622597204019222,0.2622597204019222,1.0,D-1 estimated accounting; fill-day constraints require ledger audit,direct,V4_DIRECT_FROZEN_LINEAR_PORTFOLIO,disabled,2010-02-01,risk_off,0.021902464761227793,-0.04726852180410446,-0.08214780442720909,0.10714285714285714,0.07269178647612357,0.08928571428571429,0.20535714285714285,,,{},2345.TW,2010-02-01,2010-02-02
0.04625079526211695,1359000,0,0.04836309523809523,0.48363095238095233,1.0,D-1 estimated accounting; fill-day constraints require ledger audit,direct,V4_DIRECT_FROZEN_LINEAR_PORTFOLIO,disabled,2010-02-01,risk_off,0.021902464761227793,-0.04726852180410446,-0.08214780442720909,0.10714285714285714,0.07269178647612357,0.08928571428571429,0.20535714285714285,,,{},2404.TW,2010-02-01,2010-02-02
0.03721471013821288,1262000,0,-0.007346275666229793,-0.07346275666229793,1.0,D-1 estimated accounting; fill-day constraints require ledger audit,direct,V4_DIRECT_FROZEN_LINEAR_PORTFOLIO,disabled,2010-02-01,risk_off,0.021902464761227793,-0.04726852180410446,-0.08214780442720909,0.10714285714285714,0.07269178647612357,0.08928571428571429,0.20535714285714285,,,{},2408.TW,2010-02-01,2010-02-02
0.04453619806830023,2715000,0,0.004393294014853649,0.04393294014853649,1.0,D-1 estimated accounting; fill-day constraints require ledger audit,direct,V4_DIRECT_FROZEN_LINEAR_PORTFOLIO,disabled,2010-02-01,risk_off,0.021902464761227793,-0.04726852180410446,-0.08214780442720909,0.10714285714285714,0.07269178647612357,0.08928571428571429,0.20535714285714285,,,{},2449.TW,2010-02-01,2010-02-02
0.040528855580516165,4213000,0,-0.01635403014416776,-0.16354030144167758,1.0,D-1 estimated accounting; fill-day constraints require ledger audit,direct,V4_DIRECT_FROZEN_LINEAR_PORTFOLIO,disabled,2010-02-01,risk_off,0.021902464761227793,-0.04726852180410446,-0.08214780442720909,0.10714285714285714,0.07269178647612357,0.08928571428571429,0.20535714285714285,,,{},2883.TW,2010-02-01,2010-02-02
0.04586969978630272,381000,0,0.041209316295325475,0.4120931629532547,1.0,D-1 estimated accounting; fill-day constraints require ledger audit,direct,V4_DIRECT_FROZEN_LINEAR_PORTFOLIO,disabled,2010-02-01,risk_off,0.021902464761227793,-0.04726852180410446,-0.08214780442720909,0.10714285714285714,0.07269178647612357,0.08928571428571429,0.20535714285714285,,,{},3044.TW,2010-02-01,2010-02-02
0.040057633628842765,365000,0,-0.004856105286151159,-0.048561052861511585,1.0,D-1 estimated accounting; fill-day constraints require ledger audit,direct,V4_DIRECT_FROZEN_LINEAR_PORTFOLIO,disabled,2010-02-01,risk_off,0.021902464761227793,-0.04726852180410446,-0.08214780442720909,0.10714285714285714,0.07269178647612357,0.08928571428571429,0.20535714285714285,,,{},3211.TWO,2010-02-01,2010-02-02
0.036066381592669124,394000,0,-0.014981979030144166,-0.14981979030144166,1.0,D-1 estimated accounting; fill-day constraints require ledger audit,direct,V4_DIRECT_FROZEN_LINEAR_PORTFOLIO,disabled,2010-02-01,risk_off,0.021902464761227793,-0.04726852180410446,-0.08214780442720909,0.10714285714285714,0.07269178647612357,0.08928571428571429,0.20535714285714285,,,{},3260.TWO,2010-02-01,2010-02-02
0.044689373183579156,1943000,0,0.01709944298820445,0.17099442988204452,1.0,D-1 estimated accounting; fill-day constraints require ledger audit,direct,V4_DIRECT_FROZEN_LINEAR_PORTFOLIO,disabled,2010-02-01,risk_off,0.021902464761227793,-0.04726852180410446,-0.08214780442720909,0.10714285714285714,0.07269178647612357,0.08928571428571429,0.20535714285714285,,,{},3264.TWO,2010-02-01,2010-02-02
0.041939230206797906,1768000,0,0.007204292267365663,0.07204292267365663,1.0,D-1 estimated accounting; fill-day constraints require ledger audit,direct,V4_DIRECT_FROZEN_LINEAR_PORTFOLIO,disabled,2010-02-01,risk_off,0.021902464761227793,-0.04726852180410446,-0.08214780442720909,0.10714285714285714,0.07269178647612357,0.08928571428571429,0.20535714285714285,,,{},3324.TWO,2010-02-01,2010-02-02
0.042922055381266186,756000,0,0.03099879860200961,0.3099879860200961,1.0,D-1 estimated accounting; fill-day constraints require ledger audit,direct,V4_DIRECT_FROZEN_LINEAR_PORTFOLIO,disabled,2010-02-01,risk_off,0.021902464761227793,-0.04726852180410446,-0.08214780442720909,0.10714285714285714,0.07269178647612357,0.08928571428571429,0.20535714285714285,,,{},3481.TW,2010-02-01,2010-02-02
0.03864700412626142,232000,0,0.01713493883792049,0.17134938837920488,1.0,D-1 estimated accounting; fill-day constraints require ledger audit,direct,V4_DIRECT_FROZEN_LINEAR_PORTFOLIO,disabled,2010-02-01,risk_off,0.021902464761227793,-0.04726852180410446,-0.08214780442720909,0.10714285714285714,0.07269178647612357,0.08928571428571429,0.20535714285714285,,,{},3533.TW,2010-02-01,2010-02-02
0.04120712574010215,2564000,0,0.0007017256443861947,0.007017256443861947,1.0,D-1 estimated accounting; fill-day constraints require ledger audit,direct,V4_DIRECT_FROZEN_LINEAR_PORTFOLIO,disabled,2010-02-01,risk_off,0.021902464761227793,-0.04726852180410446,-0.08214780442720909,0.10714285714285714,0.07269178647612357,0.08928571428571429,0.20535714285714285,,,{},5347.TWO,2010-02-01,2010-02-02
0.04069127827283979,384000,0,0.02325660768894714,0.2325660768894714,1.0,D-1 estimated accounting; fill-day constraints require ledger audit,direct,V4_DIRECT_FROZEN_LINEAR_PORTFOLIO,disabled,2010-02-01,risk_off,0.021902464761227793,-0.04726852180410446,-0.08214780442720909,0.10714285714285714,0.07269178647612357,0.08928571428571429,0.20535714285714285,,,{},6223.TWO,2010-02-01,2010-02-02
0.04526287256165639,2938000,0,0.005373525557011795,0.05373525557011794,1.0,D-1 estimated accounting; fill-day constraints require ledger audit,direct,V4_DIRECT_FROZEN_LINEAR_PORTFOLIO,disabled,2010-02-01,risk_off,0.021902464761227793,-0.04726852180410446,-0.08214780442720909,0.10714285714285714,0.07269178647612357,0.08928571428571429,0.20535714285714285,,,{},6274.TWO,2010-02-01,2010-02-02
0.041868973000730385,297000,0,0.025279871122761033,0.25279871122761033,1.0,D-1 estimated accounting; fill-day constraints require ledger audit,direct,V4_DIRECT_FROZEN_LINEAR_PORTFOLIO,disabled,2010-02-01,risk_off,0.021902464761227793,-0.04726852180410446,-0.08214780442720909,0.10714285714285714,0.07269178647612357,0.08928571428571429,0.20535714285714285,,,{},8046.TW,2010-02-01,2010-02-02
0.04213878331774327,2243000,0,0.023014962865880298,0.23014962865880295,1.0,D-1 estimated accounting; fill-day constraints require ledger audit,direct,V4_DIRECT_FROZEN_LINEAR_PORTFOLIO,disabled,2010-02-02,risk_off,0.021846496587908854,-0.017923315645840765,-0.09464602973073005,0.33035714285714285,0.06944926331121869,0.08035714285714286,0.14285714285714285,,,{},1815.TWO,2010-02-02,2010-02-03
0.04040990107521352,858000,0,-0.002636249453910004,-0.02636249453910004,1.0,D-1 estimated accounting; fill-day constraints require ledger audit,direct,V4_DIRECT_FROZEN_LINEAR_PORTFOLIO,disabled,2010-02-02,risk_off,0.021846496587908854,-0.017923315645840765,-0.09464602973073005,0.33035714285714285,0.06944926331121869,0.08035714285714286,0.14285714285714285,,,{},2301.TW,2010-02-02,2010-02-03
0.03635396171842877,3544000,0,-0.006957186544342506,-0.06957186544342506,1.0,D-1 estimated accounting; fill-day constraints require ledger audit,direct,V4_DIRECT_FROZEN_LINEAR_PORTFOLIO,disabled,2010-02-02,risk_off,0.021846496587908854,-0.017923315645840765,-0.09464602973073005,0.33035714285714285,0.06944926331121869,0.08035714285714286,0.14285714285714285,,,{},2313.TW,2010-02-02,2010-02-03
0.045789610256644214,3528000,0,0.02972231323722149,0.29722313237221487,1.0,D-1 estimated accounting; fill-day constraints require ledger audit,direct,V4_DIRECT_FROZEN_LINEAR_PORTFOLIO,disabled,2010-02-02,risk_off,0.021846496587908854,-0.017923315645840765,-0.09464602973073005,0.33035714285714285,0.06944926331121869,0.08035714285714286,0.14285714285714285,,,{},2327.TW,2010-02-02,2010-02-03
0.04377631378007976,2255000,0,0.013192169069462646,0.13192169069462645,1.0,D-1 estimated accounting; fill-day constraints require ledger audit,direct,V4_DIRECT_FROZEN_LINEAR_PORTFOLIO,disabled,2010-02-02,risk_off,0.021846496587908854,-0.017923315645840765,-0.09464602973073005,0.33035714285714285,0.06944926331121869,0.08035714285714286,0.14285714285714285,,,{},2337.TW,2010-02-02,2010-02-03
0.03535390731424959,4225000,0,-0.012307503276539972,-0.12307503276539972,1.0,D-1 estimated accounting; fill-day constraints require ledger audit,direct,V4_DIRECT_FROZEN_LINEAR_PORTFOLIO,disabled,2010-02-02,risk_off,0.021846496587908854,-0.017923315645840765,-0.09464602973073005,0.33035714285714285,0.06944926331121869,0.08035714285714286,0.14285714285714285,,,{},2344.TW,2010-02-02,2010-02-03
0.04139761018274229,2654000,0,0.020045598514635218,0.20045598514635216,1.0,D-1 estimated accounting; fill-day constraints require ledger audit,direct,V4_DIRECT_FROZEN_LINEAR_PORTFOLIO,disabled,2010-02-02,risk_off,0.021846496587908854,-0.017923315645840765,-0.09464602973073005,0.33035714285714285,0.06944926331121869,0.08035714285714286,0.14285714285714285,,,{},2345.TW,2010-02-02,2010-02-03
0.04433797070652652,1359000,0,0.04925595238095238,0.4925595238095238,1.0,D-1 estimated accounting; fill-day constraints require ledger audit,direct,V4_DIRECT_FROZEN_LINEAR_PORTFOLIO,disabled,2010-02-02,risk_off,0.021846496587908854,-0.017923315645840765,-0.09464602973073005,0.33035714285714285,0.06944926331121869,0.08035714285714286,0.14285714285714285,,,{},2404.TW,2010-02-02,2010-02-03
0.03743786624259593,1262000,0,-0.009682175622542593,-0.09682175622542592,1.0,D-1 estimated accounting; fill-day constraints require ledger audit,direct,V4_DIRECT_FROZEN_LINEAR_PORTFOLIO,disabled,2010-02-02,risk_off,0.021846496587908854,-0.017923315645840765,-0.09464602973073005,0.33035714285714285,0.06944926331121869,0.08035714285714286,0.14285714285714285,,,{},2408.TW,2010-02-02,2010-02-03
0.042967153292156134,2715000,0,-0.0026676496286588028,-0.026676496286588025,1.0,D-1 estimated accounting; fill-day constraints require ledger audit,direct,V4_DIRECT_FROZEN_LINEAR_PORTFOLIO,disabled,2010-02-02,risk_off,0.021846496587908854,-0.017923315645840765,-0.09464602973073005,0.33035714285714285,0.06944926331121869,0.08035714285714286,0.14285714285714285,,,{},2449.TW,2010-02-02,2010-02-03
0.041248999903561845,4213000,0,-0.020070172564438618,-0.20070172564438618,1.0,D-1 estimated accounting; fill-day constraints require ledger audit,direct,V4_DIRECT_FROZEN_LINEAR_PORTFOLIO,disabled,2010-02-02,risk_off,0.021846496587908854,-0.017923315645840765,-0.09464602973073005,0.33035714285714285,0.06944926331121869,0.08035714285714286,0.14285714285714285,,,{},2883.TW,2010-02-02,2010-02-03
0.044730498776372495,381000,0,0.040427042376583656,0.40427042376583655,1.0,D-1 estimated accounting; fill-day constraints require ledger audit,direct,V4_DIRECT_FROZEN_LINEAR_PORTFOLIO,disabled,2010-02-02,risk_off,0.021846496587908854,-0.017923315645840765,-0.09464602973073005,0.33035714285714285,0.06944926331121869,0.08035714285714286,0.14285714285714285,,,{},3044.TW,2010-02-02,2010-02-03
0.040399741391248106,365000,0,-0.00382262996941896,-0.0382262996941896,1.0,D-1 estimated accounting; fill-day constraints require ledger audit,direct,V4_DIRECT_FROZEN_LINEAR_PORTFOLIO,disabled,2010-02-02,risk_off,0.021846496587908854,-0.017923315645840765,-0.09464602973073005,0.33035714285714285,0.06944926331121869,0.08035714285714286,0.14285714285714285,,,{},3211.TWO,2010-02-02,2010-02-03
0.03597091602028384,394000,0,-0.014651594582787242,-0.14651594582787242,1.0,D-1 estimated accounting; fill-day constraints require ledger audit,direct,V4_DIRECT_FROZEN_LINEAR_PORTFOLIO,disabled,2010-02-02,risk_off,0.021846496587908854,-0.017923315645840765,-0.09464602973073005,0.33035714285714285,0.06944926331121869,0.08035714285714286,0.14285714285714285,,,{},3260.TWO,2010-02-02,2010-02-03
0.0449109825738758,1943000,0,0.013209916994320663,0.1320991699432066,1.0,D-1 estimated accounting; fill-day constraints require ledger audit,direct,V4_DIRECT_FROZEN_LINEAR_PORTFOLIO,disabled,2010-02-02,risk_off,0.021846496587908854,-0.017923315645840765,-0.09464602973073005,0.33035714285714285,0.06944926331121869,0.08035714285714286,0.14285714285714285,,,{},3264.TWO,2010-02-02,2010-02-03
0.04026308368143876,1768000,0,-0.008585899956312797,-0.08585899956312797,1.0,D-1 estimated accounting; fill-day constraints require ledger audit,direct,V4_DIRECT_FROZEN_LINEAR_PORTFOLIO,disabled,2010-02-02,risk_off,0.021846496587908854,-0.017923315645840765,-0.09464602973073005,0.33035714285714285,0.06944926331121869,0.08035714285714286,0.14285714285714285,,,{},3324.TWO,2010-02-02,2010-02-03
0.04357440073320401,756000,0,0.03533884884228921,0.35338848842289206,1.0,D-1 estimated accounting; fill-day constraints require ledger audit,direct,V4_DIRECT_FROZEN_LINEAR_PORTFOLIO,disabled,2010-02-02,risk_off,0.021846496587908854,-0.017923315645840765,-0.09464602973073005,0.33035714285714285,0.06944926331121869,0.08035714285714286,0.14285714285714285,,,{},3481.TW,2010-02-02,2010-02-03
0.03692063303231168,232000,0,0.004217179991262561,0.04217179991262561,1.0,D-1 estimated accounting; fill-day constraints require ledger audit,direct,V4_DIRECT_FROZEN_LINEAR_PORTFOLIO,disabled,2010-02-02,risk_off,0.021846496587908854,-0.017923315645840765,-0.09464602973073005,0.33035714285714285,0.06944926331121869,0.08035714285714286,0.14285714285714285,,,{},3533.TW,2010-02-02,2010-02-03
0.04101578250833328,2564000,0,-0.003886795543905636,-0.038867955439056356,1.0,D-1 estimated accounting; fill-day constraints require ledger audit,direct,V4_DIRECT_FROZEN_LINEAR_PORTFOLIO,disabled,2010-02-02,risk_off,0.021846496587908854,-0.017923315645840765,-0.09464602973073005,0.33035714285714285,0.06944926331121869,0.08035714285714286,0.14285714285714285,,,{},5347.TWO,2010-02-02,2010-02-03
0.041055482113744365,384000,0,0.026571373962429007,0.26571373962429007,1.0,D-1 estimated accounting; fill-day constraints require ledger audit,direct,V4_DIRECT_FROZEN_LINEAR_PORTFOLIO,disabled,2010-02-02,risk_off,0.021846496587908854,-0.017923315645840765,-0.09464602973073005,0.33035714285714285,0.06944926331121869,0.08035714285714286,0.14285714285714285,,,{},6223.TWO,2010-02-02,2010-02-03
0.0451576608388961,2938000,0,0.0032901922236784637,0.032901922236784634,1.0,D-1 estimated accounting; fill-day constraints require ledger audit,direct,V4_DIRECT_FROZEN_LINEAR_PORTFOLIO,disabled,2010-02-02,risk_off,0.021846496587908854,-0.017923315645840765,-0.09464602973073005,0.33035714285714285,0.06944926331121869,0.08035714285714286,0.14285714285714285,,,{},6274.TWO,2010-02-02,2010-02-03
0.04216268845648543,297000,0,0.017661915683704673,0.1766191568370467,1.0,D-1 estimated accounting; fill-day constraints require ledger audit,direct,V4_DIRECT_FROZEN_LINEAR_PORTFOLIO,disabled,2010-02-02,risk_off,0.021846496587908854,-0.017923315645840765,-0.09464602973073005,0.33035714285714285,0.06944926331121869,0.08035714285714286,0.14285714285714285,,,{},8046.TW,2010-02-02,2010-02-03
0.04329646252524299,2243000,0,0.03297291393621669,0.32972913936216686,1.0,D-1 estimated accounting; fill-day constraints require ledger audit,direct,V4_DIRECT_FROZEN_LINEAR_PORTFOLIO,disabled,2010-02-03,risk_off,0.0221156040591422,0.0064014883124423605,-0.0885619642756652,0.5625,0.06525079352753885,0.10714285714285714,0.21428571428571427,,,{},1815.TWO,2010-02-03,2010-02-04
0.04103659925433705,858000,0,0.006858890345128876,0.06858890345128876,1.0,D-1 estimated accounting; fill-day constraints require ledger audit,direct,V4_DIRECT_FROZEN_LINEAR_PORTFOLIO,disabled,2010-02-03,risk_off,0.0221156040591422,0.0064014883124423605,-0.0885619642756652,0.5625,0.06525079352753885,0.10714285714285714,0.21428571428571427,,,{},2301.TW,2010-02-03,2010-02-04
0.0359022003887962,3544000,0,-0.00947875709916994,-0.0947875709916994,1.0,D-1 estimated accounting; fill-day constraints require ledger audit,direct,V4_DIRECT_FROZEN_LINEAR_PORTFOLIO,disabled,2010-02-03,risk_off,0.0221156040591422,0.0064014883124423605,-0.0885619642756652,0.5625,0.06525079352753885,0.10714285714285714,0.21428571428571427,,,{},2313.TW,2010-02-03,2010-02-04
0.04428155687344941,3528000,0,0.01931793359545653,0.1931793359545653,1.0,D-1 estimated accounting; fill-day constraints require ledger audit,direct,V4_DIRECT_FROZEN_LINEAR_PORTFOLIO,disabled,2010-02-03,risk_off,0.0221156040591422,0.0064014883124423605,-0.0885619642756652,0.5625,0.06525079352753885,0.10714285714285714,0.21428571428571427,,,{},2327.TW,2010-02-03,2010-02-04
0.04365384961219102,2255000,0,0.017024355613805154,0.17024355613805153,1.0,D-1 estimated accounting; fill-day constraints require ledger audit,direct,V4_DIRECT_FROZEN_LINEAR_PORTFOLIO,disabled,2010-02-03,risk_off,0.0221156040591422,0.0064014883124423605,-0.0885619642756652,0.5625,0.06525079352753885,0.10714285714285714,0.21428571428571427,,,{},2337.TW,2010-02-03,2010-02-04
0.03539959394647121,4225000,0,-0.013469309742245528,-0.13469309742245528,1.0,D-1 estimated accounting; fill-day constraints require ledger audit,direct,V4_DIRECT_FROZEN_LINEAR_PORTFOLIO,disabled,2010-02-03,risk_off,0.0221156040591422,0.0064014883124423605,-0.0885619642756652,0.5625,0.06525079352753885,0.10714285714285714,0.21428571428571427,,,{},2344.TW,2010-02-03,2010-02-04
0.041456344322277336,2654000,0,0.024373361730013105,0.24373361730013104,1.0,D-1 estimated accounting; fill-day constraints require ledger audit,direct,V4_DIRECT_FROZEN_LINEAR_PORTFOLIO,disabled,2010-02-03,risk_off,0.0221156040591422,0.0064014883124423605,-0.0885619642756652,0.5625,0.06525079352753885,0.10714285714285714,0.21428571428571427,,,{},2345.TW,2010-02-03,2010-02-04
0.04564844047021755,1359000,0,0.048511904761904756,0.48511904761904756,1.0,D-1 estimated accounting; fill-day constraints require ledger audit,direct,V4_DIRECT_FROZEN_LINEAR_PORTFOLIO,disabled,2010-02-03,risk_off,0.0221156040591422,0.0064014883124423605,-0.0885619642756652,0.5625,0.06525079352753885,0.10714285714285714,0.21428571428571427,,,{},2404.TW,2010-02-03,2010-02-04
0.037321363176605525,1262000,0,-0.004531181738750546,-0.04531181738750546,1.0,D-1 estimated accounting; fill-day constraints require ledger audit,direct,V4_DIRECT_FROZEN_LINEAR_PORTFOLIO,disabled,2010-02-03,risk_off,0.0221156040591422,0.0064014883124423605,-0.0885619642756652,0.5625,0.06525079352753885,0.10714285714285714,0.21428571428571427,,,{},2408.TW,2010-02-03,2010-02-04
0.04498383714059925,2715000,0,0.01702025993883792,0.1702025993883792,1.0,D-1 estimated accounting; fill-day constraints require ledger audit,direct,V4_DIRECT_FROZEN_LINEAR_PORTFOLIO,disabled,2010-02-03,risk_off,0.0221156040591422,0.0064014883124423605,-0.0885619642756652,0.5625,0.06525079352753885,0.10714285714285714,0.21428571428571427,,,{},2449.TW,2010-02-03,2010-02-04
0.0,0,-4213000,-0.020640836609873304,-0.20640836609873303,1.0,D-1 estimated accounting; fill-day constraints require ledger audit,direct,V4_DIRECT_FROZEN_LINEAR_PORTFOLIO,disabled,2010-02-03,risk_off,0.0221156040591422,0.0064014883124423605,-0.0885619642756652,0.5625,0.06525079352753885,0.10714285714285714,0.21428571428571427,,,{},2883.TW,2010-02-03,2010-02-04
0.04300692739167339,90000,90000,0.036867900830056796,0.36867900830056793,1.0,D-1 estimated accounting; fill-day constraints require ledger audit,direct,V4_DIRECT_FROZEN_LINEAR_PORTFOLIO,disabled,2010-02-03,risk_off,0.0221156040591422,0.0064014883124423605,-0.0885619642756652,0.5625,0.06525079352753885,0.10714285714285714,0.21428571428571427,,,{},3008.TW,2010-02-03,2010-02-04
0.04660031999044464,381000,0,0.04684223460026212,0.46842234600262117,1.0,D-1 estimated accounting; fill-day constraints require ledger audit,direct,V4_DIRECT_FROZEN_LINEAR_PORTFOLIO,disabled,2010-02-03,risk_off,0.0221156040591422,0.0064014883124423605,-0.0885619642756652,0.5625,0.06525079352753885,0.10714285714285714,0.21428571428571427,,,{},3044.TW,2010-02-03,2010-02-04
0.0405686634032328,365000,0,0.000282601572739187,0.00282601572739187,1.0,D-1 estimated accounting; fill-day constraints require ledger audit,direct,V4_DIRECT_FROZEN_LINEAR_PORTFOLIO,disabled,2010-02-03,risk_off,0.0221156040591422,0.0064014883124423605,-0.0885619642756652,0.5625,0.06525079352753885,0.10714285714285714,0.21428571428571427,,,{},3211.TWO,2010-02-03,2010-02-04
0.036306233253475734,394000,0,-0.004669069462647445,-0.04669069462647445,1.0,D-1 estimated accounting; fill-day constraints require ledger audit,direct,V4_DIRECT_FROZEN_LINEAR_PORTFOLIO,disabled,2010-02-03,risk_off,0.0221156040591422,0.0064014883124423605,-0.0885619642756652,0.5625,0.06525079352753885,0.10714285714285714,0.21428571428571427,,,{},3260.TWO,2010-02-03,2010-02-04
0.04487816880876577,1943000,0,0.022733726518130187,0.22733726518130185,1.0,D-1 estimated accounting; fill-day constraints require ledger audit,direct,V4_DIRECT_FROZEN_LINEAR_PORTFOLIO,disabled,2010-02-03,risk_off,0.0221156040591422,0.0064014883124423605,-0.0885619642756652,0.5625,0.06525079352753885,0.10714285714285714,0.21428571428571427,,,{},3264.TWO,2010-02-03,2010-02-04
0.03965348473407271,1768000,0,-0.000827326343381389,-0.00827326343381389,1.0,D-1 estimated accounting; fill-day constraints require ledger audit,direct,V4_DIRECT_FROZEN_LINEAR_PORTFOLIO,disabled,2010-02-03,risk_off,0.0221156040591422,0.0064014883124423605,-0.0885619642756652,0.5625,0.06525079352753885,0.10714285714285714,0.21428571428571427,,,{},3324.TWO,2010-02-03,2010-02-04
0.043376278509858306,756000,0,0.0276799366535605,0.276799366535605,1.0,D-1 estimated accounting; fill-day constraints require ledger audit,direct,V4_DIRECT_FROZEN_LINEAR_PORTFOLIO,disabled,2010-02-03,risk_off,0.0221156040591422,0.0064014883124423605,-0.0885619642756652,0.5625,0.06525079352753885,0.10714285714285714,0.21428571428571427,,,{},3481.TW,2010-02-03,2010-02-04
0.03618073642231958,232000,0,0.0051428025338575815,0.05142802533857581,1.0,D-1 estimated accounting; fill-day constraints require ledger audit,direct,V4_DIRECT_FROZEN_LINEAR_PORTFOLIO,disabled,2010-02-03,risk_off,0.0221156040591422,0.0064014883124423605,-0.0885619642756652,0.5625,0.06525079352753885,0.10714285714285714,0.21428571428571427,,,{},3533.TW,2010-02-03,2010-02-04
0.04105204930866161,2564000,0,-0.003601463521188292,-0.03601463521188292,1.0,D-1 estimated accounting; fill-day constraints require ledger audit,direct,V4_DIRECT_FROZEN_LINEAR_PORTFOLIO,disabled,2010-02-03,risk_off,0.0221156040591422,0.0064014883124423605,-0.0885619642756652,0.5625,0.06525079352753885,0.10714285714285714,0.21428571428571427,,,{},5347.TWO,2010-02-03,2010-02-04
0.03988958610575449,384000,0,0.02830794014853648,0.28307940148536476,1.0,D-1 estimated accounting; fill-day constraints require ledger audit,direct,V4_DIRECT_FROZEN_LINEAR_PORTFOLIO,disabled,2010-02-03,risk_off,0.0221156040591422,0.0064014883124423605,-0.0885619642756652,0.5625,0.06525079352753885,0.10714285714285714,0.21428571428571427,,,{},6223.TWO,2010-02-03,2010-02-04
0.045072186909733185,2938000,0,0.01296281127129751,0.12962811271297509,1.0,D-1 estimated accounting; fill-day constraints require ledger audit,direct,V4_DIRECT_FROZEN_LINEAR_PORTFOLIO,disabled,2010-02-03,risk_off,0.0221156040591422,0.0064014883124423605,-0.0885619642756652,0.5625,0.06525079352753885,0.10714285714285714,0.21428571428571427,,,{},6274.TWO,2010-02-03,2010-02-04
0.04164960944225782,297000,0,0.004984436435124509,0.04984436435124509,1.0,D-1 estimated accounting; fill-day constraints require ledger audit,direct,V4_DIRECT_FROZEN_LINEAR_PORTFOLIO,disabled,2010-02-03,risk_off,0.0221156040591422,0.0064014883124423605,-0.0885619642756652,0.5625,0.06525079352753885,0.10714285714285714,0.21428571428571427,,,{},8046.TW,2010-02-03,2010-02-04
