target_weight,target_shares,order_shares,expected_return,score,confidence,reason,family,model_ensemble_id,regime,observed_date,prior_regime,market_volatility,median_R5,median_R20,breadth,dispersion,above_EMA20,above_EMA50,model_train_end,latest_label_end,expert_weights,uncertainty,sign_agreement,lower_bound,upper_bound,symbol,signal_date,decision_date
0.04132585,755000,755000,0.031901520933495325,0.031901520933495325,0.20187331581455964,D-1 estimated accounting; fill-day constraints require ledger audit,adaptive,V4_CAUSAL_7_EXPERTS_RIDGE_ANCHOR20,disabled,2015-06-30,neutral,0.021503246484665183,-0.004237304231073047,-0.03383469822358898,0.42857142857142855,0.07189065831709471,0.42105263157894735,0.3082706766917293,2015-06-29,2015-06-29,"{""long_momentum"": 0.14337915832188558, ""mean_reversion"": 0.09639341848495578, ""medium_momentum"": 0.1267540301054242, ""ridge"": 0.15254966794100222, ""risk_adjusted"": 0.1334021257218044, ""short_momentum"": 0.10166882324840229, ""trend"": 0.14060500845678803, ""volume_momentum"": 0.10524776771973744}",0.1106533617569461,0.8072131630300884,-0.1525559088609802,0.18234104033171672,1216.TW,2015-06-30,2015-07-01
0.0413042,570000,570000,0.017355576590920713,0.017355576590920713,0.18864096284179427,D-1 estimated accounting; fill-day constraints require ledger audit,adaptive,V4_CAUSAL_7_EXPERTS_RIDGE_ANCHOR20,disabled,2015-06-30,neutral,0.021503246484665183,-0.004237304231073047,-0.03383469822358898,0.42857142857142855,0.07189065831709471,0.42105263157894735,0.3082706766917293,2015-06-29,2015-06-29,"{""long_momentum"": 0.14337915832188558, ""mean_reversion"": 0.09639341848495578, ""medium_momentum"": 0.1267540301054242, ""ridge"": 0.15254966794100222, ""risk_adjusted"": 0.1334021257218044, ""short_momentum"": 0.10166882324840229, ""trend"": 0.14060500845678803, ""volume_momentum"": 0.10524776771973744}",0.09615302437327948,0.9999999999999999,-0.12547513379801803,0.12616837658360533,1303.TW,2015-06-30,2015-07-01
0.0412735,425000,425000,0.02486026376688344,0.02486026376688344,0.11532786834646916,D-1 estimated accounting; fill-day constraints require ledger audit,adaptive,V4_CAUSAL_7_EXPERTS_RIDGE_ANCHOR20,disabled,2015-06-30,neutral,0.021503246484665183,-0.004237304231073047,-0.03383469822358898,0.42857142857142855,0.07189065831709471,0.42105263157894735,0.3082706766917293,2015-06-29,2015-06-29,"{""long_momentum"": 0.14337915832188558, ""mean_reversion"": 0.09639341848495578, ""medium_momentum"": 0.1267540301054242, ""ridge"": 0.15254966794100222, ""risk_adjusted"": 0.1334021257218044, ""short_momentum"": 0.10166882324840229, ""trend"": 0.14060500845678803, ""volume_momentum"": 0.10524776771973744}",0.10732863006567901,0.5298581020595865,-0.15281672655179107,0.16851934368930382,2317.TW,2015-06-30,2015-07-01
0.04131875,687000,687000,0.1866447533559631,0.1866447533559631,0.2491120862167672,D-1 estimated accounting; fill-day constraints require ledger audit,adaptive,V4_CAUSAL_7_EXPERTS_RIDGE_ANCHOR20,disabled,2015-06-30,neutral,0.021503246484665183,-0.004237304231073047,-0.03383469822358898,0.42857142857142855,0.07189065831709471,0.42105263157894735,0.3082706766917293,2015-06-29,2015-06-29,"{""long_momentum"": 0.14337915832188558, ""mean_reversion"": 0.09639341848495578, ""medium_momentum"": 0.1267540301054242, ""ridge"": 0.15254966794100222, ""risk_adjusted"": 0.1334021257218044, ""short_momentum"": 0.10166882324840229, ""trend"": 0.14060500845678803, ""volume_momentum"": 0.10524776771973744}",0.42935348837517506,0.8072131630300884,-0.35970418179458574,0.6989757781102578,2383.TW,2015-06-30,2015-07-01
0.04125725,363000,363000,0.033608599434403336,0.033608599434403336,0.1952488535508436,D-1 estimated accounting; fill-day constraints require ledger audit,adaptive,V4_CAUSAL_7_EXPERTS_RIDGE_ANCHOR20,disabled,2015-06-30,neutral,0.021503246484665183,-0.004237304231073047,-0.03383469822358898,0.42857142857142855,0.07189065831709471,0.42105263157894735,0.3082706766917293,2015-06-29,2015-06-29,"{""long_momentum"": 0.14337915832188558, ""mean_reversion"": 0.09639341848495578, ""medium_momentum"": 0.1267540301054242, ""ridge"": 0.15254966794100222, ""risk_adjusted"": 0.1334021257218044, ""short_momentum"": 0.10166882324840229, ""trend"": 0.14060500845678803, ""volume_momentum"": 0.10524776771973744}",0.12101010819345379,0.8072131630300884,-0.16904427960937282,0.20224356808192537,2451.TW,2015-06-30,2015-07-01
0.041145,97000,97000,0.03327041861741695,0.03327041861741695,0.20269116397177056,D-1 estimated accounting; fill-day constraints require ledger audit,adaptive,V4_CAUSAL_7_EXPERTS_RIDGE_ANCHOR20,disabled,2015-06-30,neutral,0.021503246484665183,-0.004237304231073047,-0.03383469822358898,0.42857142857142855,0.07189065831709471,0.42105263157894735,0.3082706766917293,2015-06-29,2015-06-29,"{""long_momentum"": 0.14337915832188558, ""mean_reversion"": 0.09639341848495578, ""medium_momentum"": 0.1267540301054242, ""ridge"": 0.15254966794100222, ""risk_adjusted"": 0.1334021257218044, ""short_momentum"": 0.10166882324840229, ""trend"": 0.14060500845678803, ""volume_momentum"": 0.10524776771973744}",0.11214857927017785,0.7966623535031954,-0.15404594544029865,0.18656887227887842,2454.TW,2015-06-30,2015-07-01
0.0412915,672000,672000,0.0222729512770479,0.0222729512770479,0.17540504222322353,D-1 estimated accounting; fill-day constraints require ledger audit,adaptive,V4_CAUSAL_7_EXPERTS_RIDGE_ANCHOR20,disabled,2015-06-30,neutral,0.021503246484665183,-0.004237304231073047,-0.03383469822358898,0.42857142857142855,0.07189065831709471,0.42105263157894735,0.3082706766917293,2015-06-29,2015-06-29,"{""long_momentum"": 0.14337915832188558, ""mean_reversion"": 0.09639341848495578, ""medium_momentum"": 0.1267540301054242, ""ridge"": 0.15254966794100222, ""risk_adjusted"": 0.1334021257218044, ""short_momentum"": 0.10166882324840229, ""trend"": 0.14060500845678803, ""volume_momentum"": 0.10524776771973744}",0.0965965411614897,0.7966623535031954,-0.12314806310306428,0.13367605526090592,2881.TW,2015-06-30,2015-07-01
0.04132215,1700000,1700000,0.030055041740804984,0.030055041740804984,0.2119045568218675,D-1 estimated accounting; fill-day constraints require ledger audit,adaptive,V4_CAUSAL_7_EXPERTS_RIDGE_ANCHOR20,disabled,2015-06-30,neutral,0.021503246484665183,-0.004237304231073047,-0.03383469822358898,0.42857142857142855,0.07189065831709471,0.42105263157894735,0.3082706766917293,2015-06-29,2015-06-29,"{""long_momentum"": 0.14337915832188558, ""mean_reversion"": 0.09639341848495578, ""medium_momentum"": 0.1267540301054242, ""ridge"": 0.15254966794100222, ""risk_adjusted"": 0.1334021257218044, ""short_momentum"": 0.10166882324840229, ""trend"": 0.14060500845678803, ""volume_momentum"": 0.10524776771973744}",0.09848097819261283,0.8072131630300884,-0.1237290713600932,0.14982124444544903,2891.TW,2015-06-30,2015-07-01
0.0405375,11000,11000,0.061839511867091725,0.061839511867091725,0.27425000724357834,D-1 estimated accounting; fill-day constraints require ledger audit,adaptive,V4_CAUSAL_7_EXPERTS_RIDGE_ANCHOR20,disabled,2015-06-30,neutral,0.021503246484665183,-0.004237304231073047,-0.03383469822358898,0.42857142857142855,0.07189065831709471,0.42105263157894735,0.3082706766917293,2015-06-29,2015-06-29,"{""long_momentum"": 0.14337915832188558, ""mean_reversion"": 0.09639341848495578, ""medium_momentum"": 0.1267540301054242, ""ridge"": 0.15254966794100222, ""risk_adjusted"": 0.1334021257218044, ""short_momentum"": 0.10166882324840229, ""trend"": 0.14060500845678803, ""volume_momentum"": 0.10524776771973744}",0.1273210038106663,0.7966623535031954,-0.15061686420955545,0.24027797754748476,3008.TW,2015-06-30,2015-07-01
0.041308725,1521000,1521000,0.05079197919168957,0.05079197919168957,0.23091285214421337,D-1 estimated accounting; fill-day constraints require ledger audit,adaptive,V4_CAUSAL_7_EXPERTS_RIDGE_ANCHOR20,disabled,2015-06-30,neutral,0.021503246484665183,-0.004237304231073047,-0.03383469822358898,0.42857142857142855,0.07189065831709471,0.42105263157894735,0.3082706766917293,2015-06-29,2015-06-29,"{""long_momentum"": 0.14337915832188558, ""mean_reversion"": 0.09639341848495578, ""medium_momentum"": 0.1267540301054242, ""ridge"": 0.15254966794100222, ""risk_adjusted"": 0.1334021257218044, ""short_momentum"": 0.10166882324840229, ""trend"": 0.14060500845678803, ""volume_momentum"": 0.10524776771973744}",0.11210635575481777,0.6949006641179954,-0.1364450179940335,0.2040110659811585,3017.TW,2015-06-30,2015-07-01
0.0413545,401000,401000,0.03055375137558012,0.03055375137558012,0.2045930765228585,D-1 estimated accounting; fill-day constraints require ledger audit,adaptive,V4_CAUSAL_7_EXPERTS_RIDGE_ANCHOR20,disabled,2015-06-30,neutral,0.021503246484665183,-0.004237304231073047,-0.03383469822358898,0.42857142857142855,0.07189065831709471,0.42105263157894735,0.3082706766917293,2015-06-29,2015-06-29,"{""long_momentum"": 0.14337915832188558, ""mean_reversion"": 0.09639341848495578, ""medium_momentum"": 0.1267540301054242, ""ridge"": 0.15254966794100222, ""risk_adjusted"": 0.1334021257218044, ""short_momentum"": 0.10166882324840229, ""trend"": 0.14060500845678803, ""volume_momentum"": 0.10524776771973744}",0.10472204188793674,0.8072131630300884,-0.14125812603563392,0.16834771839054002,3045.TW,2015-06-30,2015-07-01
0.0412585,408000,408000,0.1546549682869528,0.1546549682869528,0.400159558082779,D-1 estimated accounting; fill-day constraints require ledger audit,adaptive,V4_CAUSAL_7_EXPERTS_RIDGE_ANCHOR20,disabled,2015-06-30,neutral,0.021503246484665183,-0.004237304231073047,-0.03383469822358898,0.42857142857142855,0.07189065831709471,0.42105263157894735,0.3082706766917293,2015-06-29,2015-06-29,"{""long_momentum"": 0.14337915832188558, ""mean_reversion"": 0.09639341848495578, ""medium_momentum"": 0.1267540301054242, ""ridge"": 0.15254966794100222, ""risk_adjusted"": 0.1334021257218044, ""short_momentum"": 0.10166882324840229, ""trend"": 0.14060500845678803, ""volume_momentum"": 0.10524776771973744}",0.20086442254519812,0.9036065815150441,-0.14997886718394893,0.4252708933616004,3227.TWO,2015-06-30,2015-07-01
0.04131375,1197000,1197000,0.11663105568838406,0.11663105568838406,0.1703747875970451,D-1 estimated accounting; fill-day constraints require ledger audit,adaptive,V4_CAUSAL_7_EXPERTS_RIDGE_ANCHOR20,disabled,2015-06-30,neutral,0.021503246484665183,-0.004237304231073047,-0.03383469822358898,0.42857142857142855,0.07189065831709471,0.42105263157894735,0.3082706766917293,2015-06-29,2015-06-29,"{""long_momentum"": 0.14337915832188558, ""mean_reversion"": 0.09639341848495578, ""medium_momentum"": 0.1267540301054242, ""ridge"": 0.15254966794100222, ""risk_adjusted"": 0.1334021257218044, ""short_momentum"": 0.10166882324840229, ""trend"": 0.14060500845678803, ""volume_momentum"": 0.10524776771973744}",0.45464076580389495,0.8072131630300884,-0.4556100822818193,0.6548542832623333,3363.TWO,2015-06-30,2015-07-01
0.041251,248000,248000,0.07850513156437355,0.07850513156437355,0.3381030480181471,D-1 estimated accounting; fill-day constraints require ledger audit,adaptive,V4_CAUSAL_7_EXPERTS_RIDGE_ANCHOR20,disabled,2015-06-30,neutral,0.021503246484665183,-0.004237304231073047,-0.03383469822358898,0.42857142857142855,0.07189065831709471,0.42105263157894735,0.3082706766917293,2015-06-29,2015-06-29,"{""long_momentum"": 0.14337915832188558, ""mean_reversion"": 0.09639341848495578, ""medium_momentum"": 0.1267540301054242, ""ridge"": 0.15254966794100222, ""risk_adjusted"": 0.1334021257218044, ""short_momentum"": 0.10166882324840229, ""trend"": 0.14060500845678803, ""volume_momentum"": 0.10524776771973744}",0.11586142775662886,0.8072131630300884,-0.11552481809667753,0.2385171708291705,3665.TW,2015-06-30,2015-07-01
0.04129109999999999,553000,553000,0.030959291809034006,0.030959291809034006,0.19655562854536238,D-1 estimated accounting; fill-day constraints require ledger audit,adaptive,V4_CAUSAL_7_EXPERTS_RIDGE_ANCHOR20,disabled,2015-06-30,neutral,0.021503246484665183,-0.004237304231073047,-0.03383469822358898,0.42857142857142855,0.07189065831709471,0.42105263157894735,0.3082706766917293,2015-06-29,2015-06-29,"{""long_momentum"": 0.14337915832188558, ""mean_reversion"": 0.09639341848495578, ""medium_momentum"": 0.1267540301054242, ""ridge"": 0.15254966794100222, ""risk_adjusted"": 0.1334021257218044, ""short_momentum"": 0.10166882324840229, ""trend"": 0.14060500845678803, ""volume_momentum"": 0.10524776771973744}",0.11171805478393468,0.8072131630300884,-0.15554422608886717,0.18344489931068106,4904.TW,2015-06-30,2015-07-01
0.041202,381000,381000,0.033117090622130134,0.033117090622130134,0.10363196268545047,D-1 estimated accounting; fill-day constraints require ledger audit,adaptive,V4_CAUSAL_7_EXPERTS_RIDGE_ANCHOR20,disabled,2015-06-30,neutral,0.021503246484665183,-0.004237304231073047,-0.03383469822358898,0.42857142857142855,0.07189065831709471,0.42105263157894735,0.3082706766917293,2015-06-29,2015-06-29,"{""long_momentum"": 0.14337915832188558, ""mean_reversion"": 0.09639341848495578, ""medium_momentum"": 0.1267540301054242, ""ridge"": 0.15254966794100222, ""risk_adjusted"": 0.1334021257218044, ""short_momentum"": 0.10166882324840229, ""trend"": 0.14060500845678803, ""volume_momentum"": 0.10524776771973744}",0.156771134687055,0.5298581020595865,-0.21925911855363545,0.2514753894016416,4958.TW,2015-06-30,2015-07-01
0.0412665,457000,457000,0.043289651483930144,0.043289651483930144,0.1569681010231341,D-1 estimated accounting; fill-day constraints require ledger audit,adaptive,V4_CAUSAL_7_EXPERTS_RIDGE_ANCHOR20,disabled,2015-06-30,neutral,0.021503246484665183,-0.004237304231073047,-0.03383469822358898,0.42857142857142855,0.07189065831709471,0.42105263157894735,0.3082706766917293,2015-06-29,2015-06-29,"{""long_momentum"": 0.14337915832188558, ""mean_reversion"": 0.09639341848495578, ""medium_momentum"": 0.1267540301054242, ""ridge"": 0.15254966794100222, ""risk_adjusted"": 0.1334021257218044, ""short_momentum"": 0.10166882324840229, ""trend"": 0.14060500845678803, ""volume_momentum"": 0.10524776771973744}",0.11471584401240088,0.5298581020595865,-0.1487207058252381,0.2012820983968443,4979.TWO,2015-06-30,2015-07-01
0.04131,121000,121000,0.04594640479630776,0.04594640479630776,0.2637409671401386,D-1 estimated accounting; fill-day constraints require ledger audit,adaptive,V4_CAUSAL_7_EXPERTS_RIDGE_ANCHOR20,disabled,2015-06-30,neutral,0.021503246484665183,-0.004237304231073047,-0.03383469822358898,0.42857142857142855,0.07189065831709471,0.42105263157894735,0.3082706766917293,2015-06-29,2015-06-29,"{""long_momentum"": 0.14337915832188558, ""mean_reversion"": 0.09639341848495578, ""medium_momentum"": 0.1267540301054242, ""ridge"": 0.15254966794100222, ""risk_adjusted"": 0.1334021257218044, ""short_momentum"": 0.10166882324840229, ""trend"": 0.14060500845678803, ""volume_momentum"": 0.10524776771973744}",0.10294353952162254,0.7966623535031954,-0.12146743519377723,0.17934233439013864,5274.TWO,2015-06-30,2015-07-01
0.0413231,836000,836000,0.030325487186173013,0.030325487186173013,0.12149635049392336,D-1 estimated accounting; fill-day constraints require ledger audit,adaptive,V4_CAUSAL_7_EXPERTS_RIDGE_ANCHOR20,disabled,2015-06-30,neutral,0.021503246484665183,-0.004237304231073047,-0.03383469822358898,0.42857142857142855,0.07189065831709471,0.42105263157894735,0.3082706766917293,2015-06-29,2015-06-29,"{""long_momentum"": 0.14337915832188558, ""mean_reversion"": 0.09639341848495578, ""medium_momentum"": 0.1267540301054242, ""ridge"": 0.15254966794100222, ""risk_adjusted"": 0.1334021257218044, ""short_momentum"": 0.10166882324840229, ""trend"": 0.14060500845678803, ""volume_momentum"": 0.10524776771973744}",0.11873260195562413,0.5298581020595865,-0.16859587794500802,0.1952289419210999,5347.TWO,2015-06-30,2015-07-01
0.0413158,618000,618000,0.06482039114987852,0.06482039114987852,0.3147604151565752,D-1 estimated accounting; fill-day constraints require ledger audit,adaptive,V4_CAUSAL_7_EXPERTS_RIDGE_ANCHOR20,disabled,2015-06-30,neutral,0.021503246484665183,-0.004237304231073047,-0.03383469822358898,0.42857142857142855,0.07189065831709471,0.42105263157894735,0.3082706766917293,2015-06-29,2015-06-29,"{""long_momentum"": 0.14337915832188558, ""mean_reversion"": 0.09639341848495578, ""medium_momentum"": 0.1267540301054242, ""ridge"": 0.15254966794100222, ""risk_adjusted"": 0.1334021257218044, ""short_momentum"": 0.10166882324840229, ""trend"": 0.14060500845678803, ""volume_momentum"": 0.10524776771973744}",0.1068958490682776,0.7966623535031954,-0.11192171986856882,0.20754459177207168,6239.TW,2015-06-30,2015-07-01
0.0413028,521000,521000,0.04250527566075596,0.04250527566075596,0.25435657379411797,D-1 estimated accounting; fill-day constraints require ledger audit,adaptive,V4_CAUSAL_7_EXPERTS_RIDGE_ANCHOR20,disabled,2015-06-30,neutral,0.021503246484665183,-0.004237304231073047,-0.03383469822358898,0.42857142857142855,0.07189065831709471,0.42105263157894735,0.3082706766917293,2015-06-29,2015-06-29,"{""long_momentum"": 0.14337915832188558, ""mean_reversion"": 0.09639341848495578, ""medium_momentum"": 0.1267540301054242, ""ridge"": 0.15254966794100222, ""risk_adjusted"": 0.1334021257218044, ""short_momentum"": 0.10166882324840229, ""trend"": 0.14060500845678803, ""volume_momentum"": 0.10524776771973744}",0.1032550654412355,0.8072131630300884,-0.12570774005963153,0.17670038098488933,6505.TW,2015-06-30,2015-07-01
0.041325075,2920000,2920000,0.02813675664099979,0.02813675664099979,0.19156712934748013,D-1 estimated accounting; fill-day constraints require ledger audit,adaptive,V4_CAUSAL_7_EXPERTS_RIDGE_ANCHOR20,disabled,2015-06-30,neutral,0.021503246484665183,-0.004237304231073047,-0.03383469822358898,0.42857142857142855,0.07189065831709471,0.42105263157894735,0.3082706766917293,2015-06-29,2015-06-29,"{""long_momentum"": 0.14337915832188558, ""mean_reversion"": 0.09639341848495578, ""medium_momentum"": 0.1267540301054242, ""ridge"": 0.15254966794100222, ""risk_adjusted"": 0.1334021257218044, ""short_momentum"": 0.10166882324840229, ""trend"": 0.14060500845678803, ""volume_momentum"": 0.10524776771973744}",0.10466771233549785,0.7966623535031954,-0.14354620792191458,0.16580181080766004,8069.TWO,2015-06-30,2015-07-01
0.04116332195579913,755000,0,0.015589044376841776,0.015589044376841776,0.0904902540525435,D-1 estimated accounting; fill-day constraints require ledger audit,adaptive,V4_CAUSAL_7_EXPERTS_RIDGE_ANCHOR20,disabled,2015-07-01,neutral,0.021448402587917793,0.003683249810657818,-0.02771366811039322,0.5639097744360902,0.07367282315013261,0.5338345864661654,0.3383458646616541,2015-06-29,2015-06-29,"{""long_momentum"": 0.14337915832188558, ""mean_reversion"": 0.09639341848495578, ""medium_momentum"": 0.1267540301054242, ""ridge"": 0.15254966794100222, ""risk_adjusted"": 0.1334021257218044, ""short_momentum"": 0.10166882324840229, ""trend"": 0.14060500845678803, ""volume_momentum"": 0.10524776771973744}",0.10236898219510426,0.5404089115864795,-0.15031375366213146,0.14747393201956088,1216.TW,2015-07-01,2015-07-02
0.041673804081231954,570000,0,0.011975849657263015,0.011975849657263015,0.09570961510076474,D-1 estimated accounting; fill-day constraints require ledger audit,adaptive,V4_CAUSAL_7_EXPERTS_RIDGE_ANCHOR20,disabled,2015-07-01,neutral,0.021448402587917793,0.003683249810657818,-0.02771366811039322,0.5639097744360902,0.07367282315013261,0.5338345864661654,0.3383458646616541,2015-06-29,2015-06-29,"{""long_momentum"": 0.14337915832188558, ""mean_reversion"": 0.09639341848495578, ""medium_momentum"": 0.1267540301054242, ""ridge"": 0.15254966794100222, ""risk_adjusted"": 0.1334021257218044, ""short_momentum"": 0.10166882324840229, ""trend"": 0.14060500845678803, ""volume_momentum"": 0.10524776771973744}",0.09597268331203411,0.6368023300714353,-0.1296693830323425,0.1196031719506144,1303.TW,2015-07-01,2015-07-02
0.04184097129911326,425000,0,0.025664878240618156,0.025664878240618156,0.186047224225403,D-1 estimated accounting; fill-day constraints require ledger audit,adaptive,V4_CAUSAL_7_EXPERTS_RIDGE_ANCHOR20,disabled,2015-07-01,neutral,0.021448402587917793,0.003683249810657818,-0.02771366811039322,0.5639097744360902,0.07367282315013261,0.5338345864661654,0.3383458646616541,2015-06-29,2015-06-29,"{""long_momentum"": 0.14337915832188558, ""mean_reversion"": 0.09639341848495578, ""medium_momentum"": 0.1267540301054242, ""ridge"": 0.15254966794100222, ""risk_adjusted"": 0.1334021257218044, ""short_momentum"": 0.10166882324840229, ""trend"": 0.14060500845678803, ""volume_momentum"": 0.10524776771973744}",0.10064347194181987,0.7966623535031954,-0.13535017613159012,0.15266202221657227,2317.TW,2015-07-01,2015-07-02
0.04139044260266246,687000,0,0.20152907517543586,0.20152907517543586,0.3143676365345305,D-1 estimated accounting; fill-day constraints require ledger audit,adaptive,V4_CAUSAL_7_EXPERTS_RIDGE_ANCHOR20,disabled,2015-07-01,neutral,0.021448402587917793,0.003683249810657818,-0.02771366811039322,0.5639097744360902,0.07367282315013261,0.5338345864661654,0.3383458646616541,2015-06-29,2015-06-29,"{""long_momentum"": 0.14337915832188558, ""mean_reversion"": 0.09639341848495578, ""medium_momentum"": 0.1267540301054242, ""ridge"": 0.15254966794100222, ""risk_adjusted"": 0.1334021257218044, ""short_momentum"": 0.10166882324840229, ""trend"": 0.14060500845678803, ""volume_momentum"": 0.10524776771973744}",0.3237831092078652,0.8072131630300884,-0.23564551900107186,0.6046857589556894,2383.TW,2015-07-01,2015-07-02
0.041215348487894835,363000,0,0.026580237384078758,0.026580237384078758,0.17083964634097606,D-1 estimated accounting; fill-day constraints require ledger audit,adaptive,V4_CAUSAL_7_EXPERTS_RIDGE_ANCHOR20,disabled,2015-07-01,neutral,0.021448402587917793,0.003683249810657818,-0.02771366811039322,0.5639097744360902,0.07367282315013261,0.5338345864661654,0.3383458646616541,2015-06-29,2015-06-29,"{""long_momentum"": 0.14337915832188558, ""mean_reversion"": 0.09639341848495578, ""medium_momentum"": 0.1267540301054242, ""ridge"": 0.15254966794100222, ""risk_adjusted"": 0.1334021257218044, ""short_momentum"": 0.10166882324840229, ""trend"": 0.14060500845678803, ""volume_momentum"": 0.10524776771973744}",0.1176356141704499,0.8072131630300884,-0.17049892655648674,0.1896414909283901,2451.TW,2015-07-01,2015-07-02
0.041823160866235755,97000,0,0.03483777579544195,0.03483777579544195,0.23100960690962685,D-1 estimated accounting; fill-day constraints require ledger audit,adaptive,V4_CAUSAL_7_EXPERTS_RIDGE_ANCHOR20,disabled,2015-07-01,neutral,0.021448402587917793,0.003683249810657818,-0.02771366811039322,0.5639097744360902,0.07367282315013261,0.5338345864661654,0.3383458646616541,2015-06-29,2015-06-29,"{""long_momentum"": 0.14337915832188558, ""mean_reversion"": 0.09639341848495578, ""medium_momentum"": 0.1267540301054242, ""ridge"": 0.15254966794100222, ""risk_adjusted"": 0.1334021257218044, ""short_momentum"": 0.10166882324840229, ""trend"": 0.14060500845678803, ""volume_momentum"": 0.10524776771973744}",0.09936672499617466,0.8072131630300884,-0.12210510790432569,0.15776274909895546,2454.TW,2015-07-01,2015-07-02
0.041297125968431006,672000,0,0.020389754517400605,0.020389754517400605,0.165567803710631,D-1 estimated accounting; fill-day constraints require ledger audit,adaptive,V4_CAUSAL_7_EXPERTS_RIDGE_ANCHOR20,disabled,2015-07-01,neutral,0.021448402587917793,0.003683249810657818,-0.02771366811039322,0.5639097744360902,0.07367282315013261,0.5338345864661654,0.3383458646616541,2015-06-29,2015-06-29,"{""long_momentum"": 0.14337915832188558, ""mean_reversion"": 0.09639341848495578, ""medium_momentum"": 0.1267540301054242, ""ridge"": 0.15254966794100222, ""risk_adjusted"": 0.1334021257218044, ""short_momentum"": 0.10166882324840229, ""trend"": 0.14060500845678803, ""volume_momentum"": 0.10524776771973744}",0.096778089322893,0.7966623535031954,-0.12599167801961147,0.13275327665815856,2881.TW,2015-07-01,2015-07-02
0.0412068948035572,1700000,0,0.03073983806428727,0.03073983806428727,0.21334387381407233,D-1 estimated accounting; fill-day constraints require ledger audit,adaptive,V4_CAUSAL_7_EXPERTS_RIDGE_ANCHOR20,disabled,2015-07-01,neutral,0.021448402587917793,0.003683249810657818,-0.02771366811039322,0.5639097744360902,0.07367282315013261,0.5338345864661654,0.3383458646616541,2015-06-29,2015-06-29,"{""long_momentum"": 0.14337915832188558, ""mean_reversion"": 0.09639341848495578, ""medium_momentum"": 0.1267540301054242, ""ridge"": 0.15254966794100222, ""risk_adjusted"": 0.1334021257218044, ""short_momentum"": 0.10166882324840229, ""trend"": 0.14060500845678803, ""volume_momentum"": 0.10524776771973744}",0.097718803128906,0.7966623535031954,-0.12001013391874524,0.1474718996510656,2891.TW,2015-07-01,2015-07-02
0.0424640855986588,11000,0,0.07198189780558803,0.07198189780558803,0.2898903785287701,D-1 estimated accounting; fill-day constraints require ledger audit,adaptive,V4_CAUSAL_7_EXPERTS_RIDGE_ANCHOR20,disabled,2015-07-01,neutral,0.021448402587917793,0.003683249810657818,-0.02771366811039322,0.5639097744360902,0.07367282315013261,0.5338345864661654,0.3383458646616541,2015-06-29,2015-06-29,"{""long_momentum"": 0.14337915832188558, ""mean_reversion"": 0.09639341848495578, ""medium_momentum"": 0.1267540301054242, ""ridge"": 0.15254966794100222, ""risk_adjusted"": 0.1334021257218044, ""short_momentum"": 0.10166882324840229, ""trend"": 0.14060500845678803, ""volume_momentum"": 0.10524776771973744}",0.13737775614043138,0.8072131630300884,-0.15493234909877868,0.2648782343137006,3008.TW,2015-07-01,2015-07-02
0.04076236145000461,1521000,0,0.02993411509733577,0.02993411509733577,0.05187411166089581,D-1 estimated accounting; fill-day constraints require ledger audit,adaptive,V4_CAUSAL_7_EXPERTS_RIDGE_ANCHOR20,disabled,2015-07-01,neutral,0.021448402587917793,0.003683249810657818,-0.02771366811039322,0.5639097744360902,0.07367282315013261,0.5338345864661654,0.3383458646616541,2015-06-29,2015-06-29,"{""long_momentum"": 0.14337915832188558, ""mean_reversion"": 0.09639341848495578, ""medium_momentum"": 0.1267540301054242, ""ridge"": 0.15254966794100222, ""risk_adjusted"": 0.1334021257218044, ""short_momentum"": 0.10166882324840229, ""trend"": 0.14060500845678803, ""volume_momentum"": 0.10524776771973744}",0.11642748619831982,0.22475876617758206,-0.16507860810107425,0.19092892789949165,3017.TW,2015-07-01,2015-07-02
0.04230103233992104,401000,0,0.05021593203613569,0.05021593203613569,0.25091457116524024,D-1 estimated accounting; fill-day constraints require ledger audit,adaptive,V4_CAUSAL_7_EXPERTS_RIDGE_ANCHOR20,disabled,2015-07-01,neutral,0.021448402587917793,0.003683249810657818,-0.02771366811039322,0.5639097744360902,0.07367282315013261,0.5338345864661654,0.3383458646616541,2015-06-29,2015-06-29,"{""long_momentum"": 0.14337915832188558, ""mean_reversion"": 0.09639341848495578, ""medium_momentum"": 0.1267540301054242, ""ridge"": 0.15254966794100222, ""risk_adjusted"": 0.1334021257218044, ""short_momentum"": 0.10166882324840229, ""trend"": 0.14060500845678803, ""volume_momentum"": 0.10524776771973744}",0.12241833982602389,0.8072131630300884,-0.15468767768960395,0.22110163136562122,3045.TW,2015-07-01,2015-07-02
0.03951347382854027,408000,0,0.12575807724158336,0.12575807724158336,0.3270515640233456,D-1 estimated accounting; fill-day constraints require ledger audit,adaptive,V4_CAUSAL_7_EXPERTS_RIDGE_ANCHOR20,disabled,2015-07-01,neutral,0.021448402587917793,0.003683249810657818,-0.02771366811039322,0.5639097744360902,0.07367282315013261,0.5338345864661654,0.3383458646616541,2015-06-29,2015-06-29,"{""long_momentum"": 0.14337915832188558, ""mean_reversion"": 0.09639341848495578, ""medium_momentum"": 0.1267540301054242, ""ridge"": 0.15254966794100222, ""risk_adjusted"": 0.1334021257218044, ""short_momentum"": 0.10166882324840229, ""trend"": 0.14060500845678803, ""volume_momentum"": 0.10524776771973744}",0.18775450307861513,0.7966623535031954,-0.16384649987448155,0.3813447439613942,3227.TWO,2015-07-01,2015-07-02
0.04025283255900747,1197000,0,0.11905186477846616,0.11905186477846616,0.3125469400513773,D-1 estimated accounting; fill-day constraints require ledger audit,adaptive,V4_CAUSAL_7_EXPERTS_RIDGE_ANCHOR20,disabled,2015-07-01,neutral,0.021448402587917793,0.003683249810657818,-0.02771366811039322,0.5639097744360902,0.07367282315013261,0.5338345864661654,0.3383458646616541,2015-06-29,2015-06-29,"{""long_momentum"": 0.14337915832188558, ""mean_reversion"": 0.09639341848495578, ""medium_momentum"": 0.1267540301054242, ""ridge"": 0.15254966794100222, ""risk_adjusted"": 0.1334021257218044, ""short_momentum"": 0.10166882324840229, ""trend"": 0.14060500845678803, ""volume_momentum"": 0.10524776771973744}",0.1963361643961142,0.8072131630300884,-0.18042629157116316,0.38451211073184133,3363.TWO,2015-07-01,2015-07-02
0.044134252670468055,248000,0,0.11003268499736073,0.11003268499736073,0.24052787774468695,D-1 estimated accounting; fill-day constraints require ledger audit,adaptive,V4_CAUSAL_7_EXPERTS_RIDGE_ANCHOR20,disabled,2015-07-01,neutral,0.021448402587917793,0.003683249810657818,-0.02771366811039322,0.5639097744360902,0.07367282315013261,0.5338345864661654,0.3383458646616541,2015-06-29,2015-06-29,"{""long_momentum"": 0.14337915832188558, ""mean_reversion"": 0.09639341848495578, ""medium_momentum"": 0.1267540301054242, ""ridge"": 0.15254966794100222, ""risk_adjusted"": 0.1334021257218044, ""short_momentum"": 0.10166882324840229, ""trend"": 0.14060500845678803, ""volume_momentum"": 0.10524776771973744}",0.27101777359907303,0.8072131630300884,-0.27143508366486985,0.45748254326333715,3665.TW,2015-07-01,2015-07-02
0.04126506718925148,553000,0,0.03361286390025972,0.03361286390025972,0.22389645325614027,D-1 estimated accounting; fill-day constraints require ledger audit,adaptive,V4_CAUSAL_7_EXPERTS_RIDGE_ANCHOR20,disabled,2015-07-01,neutral,0.021448402587917793,0.003683249810657818,-0.02771366811039322,0.5639097744360902,0.07367282315013261,0.5338345864661654,0.3383458646616541,2015-06-29,2015-06-29,"{""long_momentum"": 0.14337915832188558, ""mean_reversion"": 0.09639341848495578, ""medium_momentum"": 0.1267540301054242, ""ridge"": 0.15254966794100222, ""risk_adjusted"": 0.1334021257218044, ""short_momentum"": 0.10166882324840229, ""trend"": 0.14060500845678803, ""volume_momentum"": 0.10524776771973744}",0.10059797016740396,0.8072131630300884,-0.12726479097667903,0.16047260838094435,4904.TW,2015-07-01,2015-07-02
0.042873474703674225,381000,0,0.05559483346550497,0.05559483346550497,0.2630914751652981,D-1 estimated accounting; fill-day constraints require ledger audit,adaptive,V4_CAUSAL_7_EXPERTS_RIDGE_ANCHOR20,disabled,2015-07-01,neutral,0.021448402587917793,0.003683249810657818,-0.02771366811039322,0.5639097744360902,0.07367282315013261,0.5338345864661654,0.3383458646616541,2015-06-29,2015-06-29,"{""long_momentum"": 0.14337915832188558, ""mean_reversion"": 0.09639341848495578, ""medium_momentum"": 0.1267540301054242, ""ridge"": 0.15254966794100222, ""risk_adjusted"": 0.1334021257218044, ""short_momentum"": 0.10166882324840229, ""trend"": 0.14060500845678803, ""volume_momentum"": 0.10524776771973744}",0.12532129002059478,0.8072131630300884,-0.1538296396208683,0.23100139615562412,4958.TW,2015-07-01,2015-07-02
0.042003773706683734,457000,0,0.03196322299315544,0.03196322299315544,0.13388769436844705,D-1 estimated accounting; fill-day constraints require ledger audit,adaptive,V4_CAUSAL_7_EXPERTS_RIDGE_ANCHOR20,disabled,2015-07-01,neutral,0.021448402587917793,0.003683249810657818,-0.02771366811039322,0.5639097744360902,0.07367282315013261,0.5338345864661654,0.3383458646616541,2015-06-29,2015-06-29,"{""long_momentum"": 0.14337915832188558, ""mean_reversion"": 0.09639341848495578, ""medium_momentum"": 0.1267540301054242, ""ridge"": 0.15254966794100222, ""risk_adjusted"": 0.1334021257218044, ""short_momentum"": 0.10166882324840229, ""trend"": 0.14060500845678803, ""volume_momentum"": 0.10524776771973744}",0.10931805605599826,0.5298581020595865,-0.1498484840920636,0.17975701968212035,4979.TWO,2015-07-01,2015-07-02
0.04394987706251074,121000,0,0.07850881895030604,0.07850881895030604,0.25338094156124935,D-1 estimated accounting; fill-day constraints require ledger audit,adaptive,V4_CAUSAL_7_EXPERTS_RIDGE_ANCHOR20,disabled,2015-07-01,neutral,0.021448402587917793,0.003683249810657818,-0.02771366811039322,0.5639097744360902,0.07367282315013261,0.5338345864661654,0.3383458646616541,2015-06-29,2015-06-29,"{""long_momentum"": 0.14337915832188558, ""mean_reversion"": 0.09639341848495578, ""medium_momentum"": 0.1267540301054242, ""ridge"": 0.15254966794100222, ""risk_adjusted"": 0.1334021257218044, ""short_momentum"": 0.10166882324840229, ""trend"": 0.14060500845678803, ""volume_momentum"": 0.10524776771973744}",0.18253099237263343,0.8072131630300884,-0.20501101931161014,0.3280107468159681,5274.TWO,2015-07-01,2015-07-02
0.04196740028742685,836000,0,0.03546034990350562,0.03546034990350562,0.2027711403880042,D-1 estimated accounting; fill-day constraints require ledger audit,adaptive,V4_CAUSAL_7_EXPERTS_RIDGE_ANCHOR20,disabled,2015-07-01,neutral,0.021448402587917793,0.003683249810657818,-0.02771366811039322,0.5639097744360902,0.07367282315013261,0.5338345864661654,0.3383458646616541,2015-06-29,2015-06-29,"{""long_momentum"": 0.14337915832188558, ""mean_reversion"": 0.09639341848495578, ""medium_momentum"": 0.1267540301054242, ""ridge"": 0.15254966794100222, ""risk_adjusted"": 0.1334021257218044, ""short_momentum"": 0.10166882324840229, ""trend"": 0.14060500845678803, ""volume_momentum"": 0.10524776771973744}",0.11850328523713131,0.7966623535031954,-0.16307847099020062,0.1999812604009577,5347.TWO,2015-07-01,2015-07-02
0.04120822431474383,618000,0,0.0483441030107338,0.0483441030107338,0.3469338757130613,D-1 estimated accounting; fill-day constraints require ledger audit,adaptive,V4_CAUSAL_7_EXPERTS_RIDGE_ANCHOR20,disabled,2015-07-01,neutral,0.021448402587917793,0.003683249810657818,-0.02771366811039322,0.5639097744360902,0.07367282315013261,0.5338345864661654,0.3383458646616541,2015-06-29,2015-06-29,"{""long_momentum"": 0.14337915832188558, ""mean_reversion"": 0.09639341848495578, ""medium_momentum"": 0.1267540301054242, ""ridge"": 0.15254966794100222, ""risk_adjusted"": 0.1334021257218044, ""short_momentum"": 0.10166882324840229, ""trend"": 0.14060500845678803, ""volume_momentum"": 0.10524776771973744}",0.10041460072234622,0.9999999999999999,-0.11197462997509333,0.1746449256003068,6239.TW,2015-07-01,2015-07-02
0.0417573876901726,521000,0,0.027451973278110622,0.027451973278110622,0.17372481633924722,D-1 estimated accounting; fill-day constraints require ledger audit,adaptive,V4_CAUSAL_7_EXPERTS_RIDGE_ANCHOR20,disabled,2015-07-01,neutral,0.021448402587917793,0.003683249810657818,-0.02771366811039322,0.5639097744360902,0.07367282315013261,0.5338345864661654,0.3383458646616541,2015-06-29,2015-06-29,"{""long_momentum"": 0.14337915832188558, ""mean_reversion"": 0.09639341848495578, ""medium_momentum"": 0.1267540301054242, ""ridge"": 0.15254966794100222, ""risk_adjusted"": 0.1334021257218044, ""short_momentum"": 0.10166882324840229, ""trend"": 0.14060500845678803, ""volume_momentum"": 0.10524776771973744}",0.11833627072979834,0.8072131630300884,-0.17080740003864103,0.19169343619860812,6505.TW,2015-07-01,2015-07-02
0.04087968454094561,2920000,0,0.02871092585703483,0.02871092585703483,0.1856023983189067,D-1 estimated accounting; fill-day constraints require ledger audit,adaptive,V4_CAUSAL_7_EXPERTS_RIDGE_ANCHOR20,disabled,2015-07-01,neutral,0.021448402587917793,0.003683249810657818,-0.02771366811039322,0.5639097744360902,0.07367282315013261,0.5338345864661654,0.3383458646616541,2015-06-29,2015-06-29,"{""long_momentum"": 0.14337915832188558, ""mean_reversion"": 0.09639341848495578, ""medium_momentum"": 0.1267540301054242, ""ridge"": 0.15254966794100222, ""risk_adjusted"": 0.1334021257218044, ""short_momentum"": 0.10166882324840229, ""trend"": 0.14060500845678803, ""volume_momentum"": 0.10524776771973744}",0.11098669537678162,0.7966623535031954,-0.15639280384567805,0.1797967451634936,8069.TWO,2015-07-01,2015-07-02
0.04169467118676538,755000,0,0.024481863863192614,0.024481863863192614,0.15843463157394522,D-1 estimated accounting; fill-day constraints require ledger audit,adaptive,V4_CAUSAL_7_EXPERTS_RIDGE_ANCHOR20,disabled,2015-07-02,neutral,0.02211929622293057,-2.220446049250313e-16,-0.018358547946925596,0.47368421052631576,0.08039131711121314,0.6015037593984962,0.38345864661654133,2015-06-29,2015-06-29,"{""long_momentum"": 0.14337915832188558, ""mean_reversion"": 0.09639341848495578, ""medium_momentum"": 0.1267540301054242, ""ridge"": 0.15254966794100222, ""risk_adjusted"": 0.1334021257218044, ""short_momentum"": 0.10166882324840229, ""trend"": 0.14060500845678803, ""volume_momentum"": 0.10524776771973744}",0.12072613261214246,0.8072131630300884,-0.1777121377773596,0.19265795510749073,1216.TW,2015-07-02,2015-07-03
0.040987560067450926,570000,0,0.00048050315342114793,0.00048050315342114793,0.01228094644032832,D-1 estimated accounting; fill-day constraints require ledger audit,adaptive,V4_CAUSAL_7_EXPERTS_RIDGE_ANCHOR20,disabled,2015-07-02,neutral,0.02211929622293057,-2.220446049250313e-16,-0.018358547946925596,0.47368421052631576,0.08039131711121314,0.6015037593984962,0.38345864661654133,2015-06-29,2015-06-29,"{""long_momentum"": 0.14337915832188558, ""mean_reversion"": 0.09639341848495578, ""medium_momentum"": 0.1267540301054242, ""ridge"": 0.15254966794100222, ""risk_adjusted"": 0.1334021257218044, ""short_momentum"": 0.10166882324840229, ""trend"": 0.14060500845678803, ""volume_momentum"": 0.10524776771973744}",0.09755977293615899,0.23089706846767222,-0.1495879808302169,0.11653107674080508,1303.TW,2015-07-02,2015-07-03
0.041841672434075675,425000,0,0.016007699622281372,0.016007699622281372,0.13889064176835453,D-1 estimated accounting; fill-day constraints require ledger audit,adaptive,V4_CAUSAL_7_EXPERTS_RIDGE_ANCHOR20,disabled,2015-07-02,neutral,0.02211929622293057,-2.220446049250313e-16,-0.018358547946925596,0.47368421052631576,0.08039131711121314,0.6015037593984962,0.38345864661654133,2015-06-29,2015-06-29,"{""long_momentum"": 0.14337915832188558, ""mean_reversion"": 0.09639341848495578, ""medium_momentum"": 0.1267540301054242, ""ridge"": 0.15254966794100222, ""risk_adjusted"": 0.1334021257218044, ""short_momentum"": 0.10166882324840229, ""trend"": 0.14060500845678803, ""volume_momentum"": 0.10524776771973744}",0.10108613941671035,0.8072131630300884,-0.14631878830412717,0.1443162771524358,2317.TW,2015-07-02,2015-07-03
0.044771412310077315,687000,0,0.24577818268302762,0.24577818268302762,0.30505793233374,D-1 estimated accounting; fill-day constraints require ledger audit,adaptive,V4_CAUSAL_7_EXPERTS_RIDGE_ANCHOR20,disabled,2015-07-02,neutral,0.02211929622293057,-2.220446049250313e-16,-0.018358547946925596,0.47368421052631576,0.08039131711121314,0.6015037593984962,0.38345864661654133,2015-06-29,2015-06-29,"{""long_momentum"": 0.14337915832188558, ""mean_reversion"": 0.09639341848495578, ""medium_momentum"": 0.1267540301054242, ""ridge"": 0.15254966794100222, ""risk_adjusted"": 0.1334021257218044, ""short_momentum"": 0.10166882324840229, ""trend"": 0.14060500845678803, ""volume_momentum"": 0.10524776771973744}",0.4128054471995734,0.8072131630300884,-0.2835851325235731,0.7411235874933743,2383.TW,2015-07-02,2015-07-03
0.04139841099380725,363000,0,0.026997342373929596,0.026997342373929596,0.15144303063485628,D-1 estimated accounting; fill-day constraints require ledger audit,adaptive,V4_CAUSAL_7_EXPERTS_RIDGE_ANCHOR20,disabled,2015-07-02,neutral,0.02211929622293057,-2.220446049250313e-16,-0.018358547946925596,0.47368421052631576,0.08039131711121314,0.6015037593984962,0.38345864661654133,2015-06-29,2015-06-29,"{""long_momentum"": 0.14337915832188558, ""mean_reversion"": 0.09639341848495578, ""medium_momentum"": 0.1267540301054242, ""ridge"": 0.15254966794100222, ""risk_adjusted"": 0.1334021257218044, ""short_momentum"": 0.10166882324840229, ""trend"": 0.14060500845678803, ""volume_momentum"": 0.10524776771973744}",0.13855310050839628,0.8072131630300884,-0.20153685615314915,0.2215136305047542,2451.TW,2015-07-02,2015-07-03
0.041187943337675274,97000,0,0.009611410777621157,0.009611410777621157,0.0725659135236483,D-1 estimated accounting; fill-day constraints require ledger audit,adaptive,V4_CAUSAL_7_EXPERTS_RIDGE_ANCHOR20,disabled,2015-07-02,neutral,0.02211929622293057,-2.220446049250313e-16,-0.018358547946925596,0.47368421052631576,0.08039131711121314,0.6015037593984962,0.38345864661654133,2015-06-29,2015-06-29,"{""long_momentum"": 0.14337915832188558, ""mean_reversion"": 0.09639341848495578, ""medium_momentum"": 0.1267540301054242, ""ridge"": 0.15254966794100222, ""risk_adjusted"": 0.1334021257218044, ""short_momentum"": 0.10166882324840229, ""trend"": 0.14060500845678803, ""volume_momentum"": 0.10524776771973744}",0.10341541128049313,0.5861668180637205,-0.15900779947504504,0.14421271063403324,2454.TW,2015-07-02,2015-07-03
0.04170269855863215,672000,0,0.025380637907053475,0.025380637907053475,0.1526556634027161,D-1 estimated accounting; fill-day constraints require ledger audit,adaptive,V4_CAUSAL_7_EXPERTS_RIDGE_ANCHOR20,disabled,2015-07-02,neutral,0.02211929622293057,-2.220446049250313e-16,-0.018358547946925596,0.47368421052631576,0.08039131711121314,0.6015037593984962,0.38345864661654133,2015-06-29,2015-06-29,"{""long_momentum"": 0.14337915832188558, ""mean_reversion"": 0.09639341848495578, ""medium_momentum"": 0.1267540301054242, ""ridge"": 0.15254966794100222, ""risk_adjusted"": 0.1334021257218044, ""short_momentum"": 0.10166882324840229, ""trend"": 0.14060500845678803, ""volume_momentum"": 0.10524776771973744}",0.130266207897346,0.8072131630300884,-0.1914351908956725,0.20817855631352533,2881.TW,2015-07-02,2015-07-03
0.04154884895969801,1700000,0,0.023240312470497706,0.023240312470497706,0.17007769520553342,D-1 estimated accounting; fill-day constraints require ledger audit,adaptive,V4_CAUSAL_7_EXPERTS_RIDGE_ANCHOR20,disabled,2015-07-02,neutral,0.02211929622293057,-2.220446049250313e-16,-0.018358547946925596,0.47368421052631576,0.08039131711121314,0.6015037593984962,0.38345864661654133,2015-06-29,2015-06-29,"{""long_momentum"": 0.14337915832188558, ""mean_reversion"": 0.09639341848495578, ""medium_momentum"": 0.1267540301054242, ""ridge"": 0.15254966794100222, ""risk_adjusted"": 0.1334021257218044, ""short_momentum"": 0.10166882324840229, ""trend"": 0.14060500845678803, ""volume_momentum"": 0.10524776771973744}",0.10579226556226741,0.8072131630300884,-0.15105131904885924,0.16351403359360053,2891.TW,2015-07-02,2015-07-03
0.042753280851696183,11000,0,0.05497469384488414,0.05497469384488414,0.19771952808185259,D-1 estimated accounting; fill-day constraints require ledger audit,adaptive,V4_CAUSAL_7_EXPERTS_RIDGE_ANCHOR20,disabled,2015-07-02,neutral,0.02211929622293057,-2.220446049250313e-16,-0.018358547946925596,0.47368421052631576,0.08039131711121314,0.6015037593984962,0.38345864661654133,2015-06-29,2015-06-29,"{""long_momentum"": 0.14337915832188558, ""mean_reversion"": 0.09639341848495578, ""medium_momentum"": 0.1267540301054242, ""ridge"": 0.15254966794100222, ""risk_adjusted"": 0.1334021257218044, ""short_momentum"": 0.10166882324840229, ""trend"": 0.14060500845678803, ""volume_momentum"": 0.10524776771973744}",0.18487902793948197,0.8072131630300884,-0.2312879090008964,0.3072193862944106,3008.TW,2015-07-02,2015-07-03
0.04259509145484657,1521000,0,0.0072087666412391695,0.0072087666412391695,0.011682977819593227,D-1 estimated accounting; fill-day constraints require ledger audit,adaptive,V4_CAUSAL_7_EXPERTS_RIDGE_ANCHOR20,disabled,2015-07-02,neutral,0.02211929622293057,-2.220446049250313e-16,-0.018358547946925596,0.47368421052631576,0.08039131711121314,0.6015037593984962,0.38345864661654133,2015-06-29,2015-06-29,"{""long_momentum"": 0.14337915832188558, ""mean_reversion"": 0.09639341848495578, ""medium_momentum"": 0.1267540301054242, ""ridge"": 0.15254966794100222, ""risk_adjusted"": 0.1334021257218044, ""short_momentum"": 0.10166882324840229, ""trend"": 0.14060500845678803, ""volume_momentum"": 0.10524776771973744}",0.23369084410756932,0.23530957570447508,-0.3339507212673355,0.31435034415355967,3017.TW,2015-07-02,2015-07-03
0.041495993733062723,401000,0,0.040643883830390026,0.040643883830390026,0.15541498937542014,D-1 estimated accounting; fill-day constraints require ledger audit,adaptive,V4_CAUSAL_7_EXPERTS_RIDGE_ANCHOR20,disabled,2015-07-02,neutral,0.02211929622293057,-2.220446049250313e-16,-0.018358547946925596,0.47368421052631576,0.08039131711121314,0.6015037593984962,0.38345864661654133,2015-06-29,2015-06-29,"{""long_momentum"": 0.14337915832188558, ""mean_reversion"": 0.09639341848495578, ""medium_momentum"": 0.1267540301054242, ""ridge"": 0.15254966794100222, ""risk_adjusted"": 0.1334021257218044, ""short_momentum"": 0.10166882324840229, ""trend"": 0.14060500845678803, ""volume_momentum"": 0.10524776771973744}",0.1041100151763386,0.5099040368594242,-0.12969728567699643,0.17696714294152235,3045.TW,2015-07-02,2015-07-03
0.03976007456687286,408000,0,0.09017756138758595,0.09017756138758595,0.2743339316255004,D-1 estimated accounting; fill-day constraints require ledger audit,adaptive,V4_CAUSAL_7_EXPERTS_RIDGE_ANCHOR20,disabled,2015-07-02,neutral,0.02211929622293057,-2.220446049250313e-16,-0.018358547946925596,0.47368421052631576,0.08039131711121314,0.6015037593984962,0.38345864661654133,2015-06-29,2015-06-29,"{""long_momentum"": 0.14337915832188558, ""mean_reversion"": 0.09639341848495578, ""medium_momentum"": 0.1267540301054242, ""ridge"": 0.15254966794100222, ""risk_adjusted"": 0.1334021257218044, ""short_momentum"": 0.10166882324840229, ""trend"": 0.14060500845678803, ""volume_momentum"": 0.10524776771973744}",0.18121690285695635,0.7966623535031954,-0.1918015936780745,0.3381388060569923,3227.TWO,2015-07-02,2015-07-03
0.03893175013237013,1197000,0,0.1025293768970876,0.1025293768970876,0.4341559224027905,D-1 estimated accounting; fill-day constraints require ledger audit,adaptive,V4_CAUSAL_7_EXPERTS_RIDGE_ANCHOR20,disabled,2015-07-02,neutral,0.02211929622293057,-2.220446049250313e-16,-0.018358547946925596,0.47368421052631576,0.08039131711121314,0.6015037593984962,0.38345864661654133,2015-06-29,2015-06-29,"{""long_momentum"": 0.14337915832188558, ""mean_reversion"": 0.09639341848495578, ""medium_momentum"": 0.1267540301054242, ""ridge"": 0.15254966794100222, ""risk_adjusted"": 0.1334021257218044, ""short_momentum"": 0.10166882324840229, ""trend"": 0.14060500845678803, ""volume_momentum"": 0.10524776771973744}",0.14014518274493576,0.9999999999999999,-0.1281799297289901,0.2992207731269112,3363.TWO,2015-07-02,2015-07-03
0.04637914438176963,248000,0,0.16448873020255078,0.16448873020255078,0.21804507694552383,D-1 estimated accounting; fill-day constraints require ledger audit,adaptive,V4_CAUSAL_7_EXPERTS_RIDGE_ANCHOR20,disabled,2015-07-02,neutral,0.02211929622293057,-2.220446049250313e-16,-0.018358547946925596,0.47368421052631576,0.08039131711121314,0.6015037593984962,0.38345864661654133,2015-06-29,2015-06-29,"{""long_momentum"": 0.14337915832188558, ""mean_reversion"": 0.09639341848495578, ""medium_momentum"": 0.1267540301054242, ""ridge"": 0.15254966794100222, ""risk_adjusted"": 0.1334021257218044, ""short_momentum"": 0.10166882324840229, ""trend"": 0.14060500845678803, ""volume_momentum"": 0.10524776771973744}",0.4579665461160045,0.8072131630300884,-0.41115260589980035,0.7061121559086478,3665.TW,2015-07-02,2015-07-03
0.04098806177819259,553000,0,0.038253282759569074,0.038253282759569074,0.1507851939425498,D-1 estimated accounting; fill-day constraints require ledger audit,adaptive,V4_CAUSAL_7_EXPERTS_RIDGE_ANCHOR20,disabled,2015-07-02,neutral,0.02211929622293057,-2.220446049250313e-16,-0.018358547946925596,0.47368421052631576,0.08039131711121314,0.6015037593984962,0.38345864661654133,2015-06-29,2015-06-29,"{""long_momentum"": 0.14337915832188558, ""mean_reversion"": 0.09639341848495578, ""medium_momentum"": 0.1267540301054242, ""ridge"": 0.15254966794100222, ""risk_adjusted"": 0.1334021257218044, ""short_momentum"": 0.10166882324840229, ""trend"": 0.14060500845678803, ""volume_momentum"": 0.10524776771973744}",0.10604108789934627,0.5204548463863172,-0.13659970344256966,0.1790883585654537,4904.TW,2015-07-02,2015-07-03
0.041917179900697515,381000,0,0.003202174183764206,0.003202174183764206,0.02992029383597509,D-1 estimated accounting; fill-day constraints require ledger audit,adaptive,V4_CAUSAL_7_EXPERTS_RIDGE_ANCHOR20,disabled,2015-07-02,neutral,0.02211929622293057,-2.220446049250313e-16,-0.018358547946925596,0.47368421052631576,0.08039131711121314,0.6015037593984962,0.38345864661654133,2015-06-29,2015-06-29,"{""long_momentum"": 0.14337915832188558, ""mean_reversion"": 0.09639341848495578, ""medium_momentum"": 0.1267540301054242, ""ridge"": 0.15254966794100222, ""risk_adjusted"": 0.1334021257218044, ""short_momentum"": 0.10166882324840229, ""trend"": 0.14060500845678803, ""volume_momentum"": 0.10524776771973744}",0.13994236101332075,0.5404089115864795,-0.22723122415743618,0.19961766212871046,4958.TW,2015-07-02,2015-07-03
0.04131587957680198,457000,0,0.007501665939733441,0.007501665939733441,0.049333048290954494,D-1 estimated accounting; fill-day constraints require ledger audit,adaptive,V4_CAUSAL_7_EXPERTS_RIDGE_ANCHOR20,disabled,2015-07-02,neutral,0.02211929622293057,-2.220446049250313e-16,-0.018358547946925596,0.47368421052631576,0.08039131711121314,0.6015037593984962,0.38345864661654133,2015-06-29,2015-06-29,"{""long_momentum"": 0.14337915832188558, ""mean_reversion"": 0.09639341848495578, ""medium_momentum"": 0.1267540301054242, ""ridge"": 0.15254966794100222, ""risk_adjusted"": 0.1334021257218044, ""short_momentum"": 0.10166882324840229, ""trend"": 0.14060500845678803, ""volume_momentum"": 0.10524776771973744}",0.0973441850355023,0.43346468357463075,-0.14161035824419502,0.12259577972740776,4979.TWO,2015-07-02,2015-07-03
0.04303624570999996,121000,0,0.07244383776535965,0.07244383776535965,0.27525112169958166,D-1 estimated accounting; fill-day constraints require ledger audit,adaptive,V4_CAUSAL_7_EXPERTS_RIDGE_ANCHOR20,disabled,2015-07-02,neutral,0.02211929622293057,-2.220446049250313e-16,-0.018358547946925596,0.47368421052631576,0.08039131711121314,0.6015037593984962,0.38345864661654133,2015-06-29,2015-06-29,"{""long_momentum"": 0.14337915832188558, ""mean_reversion"": 0.09639341848495578, ""medium_momentum"": 0.1267540301054242, ""ridge"": 0.15254966794100222, ""risk_adjusted"": 0.1334021257218044, ""short_momentum"": 0.10166882324840229, ""trend"": 0.14060500845678803, ""volume_momentum"": 0.10524776771973744}",0.14967125936399744,0.8072131630300884,-0.1708841114993343,0.28175387663379947,5274.TWO,2015-07-02,2015-07-03
0.0381909742222894,836000,0,0.005171780702635938,0.005171780702635938,0.037356134450175715,D-1 estimated accounting; fill-day constraints require ledger audit,adaptive,V4_CAUSAL_7_EXPERTS_RIDGE_ANCHOR20,disabled,2015-07-02,neutral,0.02211929622293057,-2.220446049250313e-16,-0.018358547946925596,0.47368421052631576,0.08039131711121314,0.6015037593984962,0.38345864661654133,2015-06-29,2015-06-29,"{""long_momentum"": 0.14337915832188558, ""mean_reversion"": 0.09639341848495578, ""medium_momentum"": 0.1267540301054242, ""ridge"": 0.15254966794100222, ""risk_adjusted"": 0.1334021257218044, ""short_momentum"": 0.10166882324840229, ""trend"": 0.14060500845678803, ""volume_momentum"": 0.10524776771973744}",0.1286710658247691,0.5099040368594242,-0.20929770716759288,0.18562335817661063,5347.TWO,2015-07-02,2015-07-03
0.041270976465422216,618000,0,0.017717207760667087,0.017717207760667087,0.06218514829735492,D-1 estimated accounting; fill-day constraints require ledger audit,adaptive,V4_CAUSAL_7_EXPERTS_RIDGE_ANCHOR20,disabled,2015-07-02,neutral,0.02211929622293057,-2.220446049250313e-16,-0.018358547946925596,0.47368421052631576,0.08039131711121314,0.6015037593984962,0.38345864661654133,2015-06-29,2015-06-29,"{""long_momentum"": 0.14337915832188558, ""mean_reversion"": 0.09639341848495578, ""medium_momentum"": 0.1267540301054242, ""ridge"": 0.15254966794100222, ""risk_adjusted"": 0.1334021257218044, ""short_momentum"": 0.10166882324840229, ""trend"": 0.14060500845678803, ""volume_momentum"": 0.10524776771973744}",0.10042019994603361,0.337071265089675,-0.1426187181584923,0.14403522328357232,6239.TW,2015-07-02,2015-07-03
0.041862744285225954,521000,0,0.044666175995328655,0.044666175995328655,0.19606800180991393,D-1 estimated accounting; fill-day constraints require ledger audit,adaptive,V4_CAUSAL_7_EXPERTS_RIDGE_ANCHOR20,disabled,2015-07-02,neutral,0.02211929622293057,-2.220446049250313e-16,-0.018358547946925596,0.47368421052631576,0.08039131711121314,0.6015037593984962,0.38345864661654133,2015-06-29,2015-06-29,"{""long_momentum"": 0.14337915832188558, ""mean_reversion"": 0.09639341848495578, ""medium_momentum"": 0.1267540301054242, ""ridge"": 0.15254966794100222, ""risk_adjusted"": 0.1334021257218044, ""short_momentum"": 0.10166882324840229, ""trend"": 0.14060500845678803, ""volume_momentum"": 0.10524776771973744}",0.15480977444387825,0.8072131630300884,-0.20523615145967466,0.26055059305407785,6505.TW,2015-07-02,2015-07-03
0.041319943433809535,2920000,0,0.011684775571655278,0.011684775571655278,0.06649243235912333,D-1 estimated accounting; fill-day constraints require ledger audit,adaptive,V4_CAUSAL_7_EXPERTS_RIDGE_ANCHOR20,disabled,2015-07-02,neutral,0.02211929622293057,-2.220446049250313e-16,-0.018358547946925596,0.47368421052631576,0.08039131711121314,0.6015037593984962,0.38345864661654133,2015-06-29,2015-06-29,"{""long_momentum"": 0.14337915832188558, ""mean_reversion"": 0.09639341848495578, ""medium_momentum"": 0.1267540301054242, ""ridge"": 0.15254966794100222, ""risk_adjusted"": 0.1334021257218044, ""short_momentum"": 0.10166882324840229, ""trend"": 0.14060500845678803, ""volume_momentum"": 0.10524776771973744}",0.1093093597029164,0.502113827148084,-0.1701093852581355,0.1594610260051919,8069.TWO,2015-07-02,2015-07-03
0.04184349975731458,755000,0,0.035387551017996656,0.035387551017996656,0.23078023487003355,D-1 estimated accounting; fill-day constraints require ledger audit,adaptive,V4_CAUSAL_7_EXPERTS_RIDGE_ANCHOR20,disabled,2015-07-03,neutral,0.020543934677209934,-0.004197239083254201,-0.0038168187233466044,0.40601503759398494,0.08090552026467772,0.5714285714285714,0.39097744360902253,2015-06-29,2015-06-29,"{""long_momentum"": 0.14337915832188558, ""mean_reversion"": 0.09639341848495578, ""medium_momentum"": 0.1267540301054242, ""ridge"": 0.15254966794100222, ""risk_adjusted"": 0.1334021257218044, ""short_momentum"": 0.10166882324840229, ""trend"": 0.14060500845678803, ""volume_momentum"": 0.10524776771973744}",0.10087828495203763,0.8072131630300884,-0.12632872064360362,0.1630859122833428,1216.TW,2015-07-03,2015-07-06
0.040633247931086705,570000,0,0.0034539873668945143,0.0034539873668945143,0.002539072571612058,D-1 estimated accounting; fill-day constraints require ledger audit,adaptive,V4_CAUSAL_7_EXPERTS_RIDGE_ANCHOR20,disabled,2015-07-03,neutral,0.020543934677209934,-0.004197239083254201,-0.0038168187233466044,0.40601503759398494,0.08090552026467772,0.5714285714285714,0.39097744360902253,2015-06-29,2015-06-29,"{""long_momentum"": 0.14337915832188558, ""mean_reversion"": 0.09639341848495578, ""medium_momentum"": 0.1267540301054242, ""ridge"": 0.15254966794100222, ""risk_adjusted"": 0.1334021257218044, ""short_momentum"": 0.10166882324840229, ""trend"": 0.14060500845678803, ""volume_momentum"": 0.10524776771973744}",0.11843620838160261,0.03811023149776066,-0.19497268616387511,0.16786275050141003,1303.TW,2015-07-03,2015-07-06
0.04176702987991028,425000,0,0.015850667756235764,0.015850667756235764,0.10574159640512218,D-1 estimated accounting; fill-day constraints require ledger audit,adaptive,V4_CAUSAL_7_EXPERTS_RIDGE_ANCHOR20,disabled,2015-07-03,neutral,0.020543934677209934,-0.004197239083254201,-0.0038168187233466044,0.40601503759398494,0.08090552026467772,0.5714285714285714,0.39097744360902253,2015-06-29,2015-06-29,"{""long_momentum"": 0.14337915832188558, ""mean_reversion"": 0.09639341848495578, ""medium_momentum"": 0.1267540301054242, ""ridge"": 0.15254966794100222, ""risk_adjusted"": 0.1334021257218044, ""short_momentum"": 0.10166882324840229, ""trend"": 0.14060500845678803, ""volume_momentum"": 0.10524776771973744}",0.09822458918541974,0.6038755165332839,-0.1369510527392296,0.13463447785544702,2317.TW,2015-07-03,2015-07-06
0.04404205917455996,687000,0,0.21412853569124654,0.21412853569124654,0.3102372521616531,D-1 estimated accounting; fill-day constraints require ledger audit,adaptive,V4_CAUSAL_7_EXPERTS_RIDGE_ANCHOR20,disabled,2015-07-03,neutral,0.020543934677209934,-0.004197239083254201,-0.0038168187233466044,0.40601503759398494,0.08090552026467772,0.5714285714285714,0.39097744360902253,2015-06-29,2015-06-29,"{""long_momentum"": 0.14337915832188558, ""mean_reversion"": 0.09639341848495578, ""medium_momentum"": 0.1267540301054242, ""ridge"": 0.15254966794100222, ""risk_adjusted"": 0.1334021257218044, ""short_momentum"": 0.10166882324840229, ""trend"": 0.14060500845678803, ""volume_momentum"": 0.10524776771973744}",0.3510268443380845,0.8072131630300884,-0.2514391519908118,0.6456783129770507,2383.TW,2015-07-03,2015-07-06
0.040521720952893484,363000,0,0.02126595521276679,0.02126595521276679,0.15097477713755508,D-1 estimated accounting; fill-day constraints require ledger audit,adaptive,V4_CAUSAL_7_EXPERTS_RIDGE_ANCHOR20,disabled,2015-07-03,neutral,0.020543934677209934,-0.004197239083254201,-0.0038168187233466044,0.40601503759398494,0.08090552026467772,0.5714285714285714,0.39097744360902253,2015-06-29,2015-06-29,"{""long_momentum"": 0.14337915832188558, ""mean_reversion"": 0.09639341848495578, ""medium_momentum"": 0.1267540301054242, ""ridge"": 0.15254966794100222, ""risk_adjusted"": 0.1334021257218044, ""short_momentum"": 0.10166882324840229, ""trend"": 0.14060500845678803, ""volume_momentum"": 0.10524776771973744}",0.11233400230031625,0.7966623535031954,-0.16639805509108133,0.1749120551203608,2451.TW,2015-07-03,2015-07-06
0.041902062770287136,97000,0,0.021576484550873746,0.021576484550873746,0.1687227372321184,D-1 estimated accounting; fill-day constraints require ledger audit,adaptive,V4_CAUSAL_7_EXPERTS_RIDGE_ANCHOR20,disabled,2015-07-03,neutral,0.020543934677209934,-0.004197239083254201,-0.0038168187233466044,0.40601503759398494,0.08090552026467772,0.5714285714285714,0.39097744360902253,2015-06-29,2015-06-29,"{""long_momentum"": 0.14337915832188558, ""mean_reversion"": 0.09639341848495578, ""medium_momentum"": 0.1267540301054242, ""ridge"": 0.15254966794100222, ""risk_adjusted"": 0.1334021257218044, ""short_momentum"": 0.10166882324840229, ""trend"": 0.14060500845678803, ""volume_momentum"": 0.10524776771973744}",0.10057228335358188,0.8072131630300884,-0.13922338136715579,0.14835844007264914,2454.TW,2015-07-03,2015-07-06
0.042199165394239214,672000,0,0.043759303583499505,0.043759303583499505,0.24989395276036788,D-1 estimated accounting; fill-day constraints require ledger audit,adaptive,V4_CAUSAL_7_EXPERTS_RIDGE_ANCHOR20,disabled,2015-07-03,neutral,0.020543934677209934,-0.004197239083254201,-0.0038168187233466044,0.40601503759398494,0.08090552026467772,0.5714285714285714,0.39097744360902253,2015-06-29,2015-06-29,"{""long_momentum"": 0.14337915832188558, ""mean_reversion"": 0.09639341848495578, ""medium_momentum"": 0.1267540301054242, ""ridge"": 0.15254966794100222, ""risk_adjusted"": 0.1334021257218044, ""short_momentum"": 0.10166882324840229, ""trend"": 0.14060500845678803, ""volume_momentum"": 0.10524776771973744}",0.10874411431842883,0.8072131630300884,-0.13688499169595925,0.19038568846670412,2881.TW,2015-07-03,2015-07-06
0.04160155531999945,1700000,0,0.029496126528209488,0.029496126528209488,0.20568342443866344,D-1 estimated accounting; fill-day constraints require ledger audit,adaptive,V4_CAUSAL_7_EXPERTS_RIDGE_ANCHOR20,disabled,2015-07-03,neutral,0.020543934677209934,-0.004197239083254201,-0.0038168187233466044,0.40601503759398494,0.08090552026467772,0.5714285714285714,0.39097744360902253,2015-06-29,2015-06-29,"{""long_momentum"": 0.14337915832188558, ""mean_reversion"": 0.09639341848495578, ""medium_momentum"": 0.1267540301054242, ""ridge"": 0.15254966794100222, ""risk_adjusted"": 0.1334021257218044, ""short_momentum"": 0.10166882324840229, ""trend"": 0.14060500845678803, ""volume_momentum"": 0.10524776771973744}",0.09911583282976337,0.7966623535031954,-0.126584833131247,0.15155917579141184,2891.TW,2015-07-03,2015-07-06
0.043042049069322276,11000,0,0.08209194829961253,0.08209194829961253,0.26010902580928774,D-1 estimated accounting; fill-day constraints require ledger audit,adaptive,V4_CAUSAL_7_EXPERTS_RIDGE_ANCHOR20,disabled,2015-07-03,neutral,0.020543934677209934,-0.004197239083254201,-0.0038168187233466044,0.40601503759398494,0.08090552026467772,0.5714285714285714,0.39097744360902253,2015-06-29,2015-06-29,"{""long_momentum"": 0.14337915832188558, ""mean_reversion"": 0.09639341848495578, ""medium_momentum"": 0.1267540301054242, ""ridge"": 0.15254966794100222, ""risk_adjusted"": 0.1334021257218044, ""short_momentum"": 0.10166882324840229, ""trend"": 0.14060500845678803, ""volume_momentum"": 0.10524776771973744}",0.18318612775964924,0.8072131630300884,-0.20219445053868712,0.33236043674165805,3008.TW,2015-07-03,2015-07-06
0.04313198692645412,1521000,0,0.026285157743590873,0.026285157743590873,0.04262196638261533,D-1 estimated accounting; fill-day constraints require ledger audit,adaptive,V4_CAUSAL_7_EXPERTS_RIDGE_ANCHOR20,disabled,2015-07-03,neutral,0.020543934677209934,-0.004197239083254201,-0.0038168187233466044,0.40601503759398494,0.08090552026467772,0.5714285714285714,0.39097744360902253,2015-06-29,2015-06-29,"{""long_momentum"": 0.14337915832188558, ""mean_reversion"": 0.09639341848495578, ""medium_momentum"": 0.1267540301054242, ""ridge"": 0.15254966794100222, ""risk_adjusted"": 0.1334021257218044, ""short_momentum"": 0.10166882324840229, ""trend"": 0.14060500845678803, ""volume_momentum"": 0.10524776771973744}",0.14143557335563484,0.23530957570447508,-0.20617171383428495,0.22472411892521255,3017.TW,2015-07-03,2015-07-06
0.04171996761367135,401000,0,0.030527719170832524,0.030527719170832524,0.21255945180314637,D-1 estimated accounting; fill-day constraints require ledger audit,adaptive,V4_CAUSAL_7_EXPERTS_RIDGE_ANCHOR20,disabled,2015-07-03,neutral,0.020543934677209934,-0.004197239083254201,-0.0038168187233466044,0.40601503759398494,0.08090552026467772,0.5714285714285714,0.39097744360902253,2015-06-29,2015-06-29,"{""long_momentum"": 0.14337915832188558, ""mean_reversion"": 0.09639341848495578, ""medium_momentum"": 0.1267540301054242, ""ridge"": 0.15254966794100222, ""risk_adjusted"": 0.1334021257218044, ""short_momentum"": 0.10166882324840229, ""trend"": 0.14060500845678803, ""volume_momentum"": 0.10524776771973744}",0.09851016635481362,0.8019377582666419,-0.12336606217779555,0.15040359012320648,3045.TW,2015-07-03,2015-07-06
0.040469210964517575,408000,0,0.08235685025920919,0.08235685025920919,0.2983220146870423,D-1 estimated accounting; fill-day constraints require ledger audit,adaptive,V4_CAUSAL_7_EXPERTS_RIDGE_ANCHOR20,disabled,2015-07-03,neutral,0.020543934677209934,-0.004197239083254201,-0.0038168187233466044,0.40601503759398494,0.08090552026467772,0.5714285714285714,0.39097744360902253,2015-06-29,2015-06-29,"{""long_momentum"": 0.14337915832188558, ""mean_reversion"": 0.09639341848495578, ""medium_momentum"": 0.1267540301054242, ""ridge"": 0.15254966794100222, ""risk_adjusted"": 0.1334021257218044, ""short_momentum"": 0.10166882324840229, ""trend"": 0.14060500845678803, ""volume_momentum"": 0.10524776771973744}",0.14592768958655453,0.7966623535031954,-0.15608594232516176,0.286781732447326,3227.TWO,2015-07-03,2015-07-06
0.038054609011043544,1197000,0,0.07012873588226985,0.07012873588226985,0.19287118950329796,D-1 estimated accounting; fill-day constraints require ledger audit,adaptive,V4_CAUSAL_7_EXPERTS_RIDGE_ANCHOR20,disabled,2015-07-03,neutral,0.020543934677209934,-0.004197239083254201,-0.0038168187233466044,0.40601503759398494,0.08090552026467772,0.5714285714285714,0.39097744360902253,2015-06-29,2015-06-29,"{""long_momentum"": 0.14337915832188558, ""mean_reversion"": 0.09639341848495578, ""medium_momentum"": 0.1267540301054242, ""ridge"": 0.15254966794100222, ""risk_adjusted"": 0.1334021257218044, ""short_momentum"": 0.10166882324840229, ""trend"": 0.14060500845678803, ""volume_momentum"": 0.10524776771973744}",0.23519358699978832,0.7966623535031954,-0.2726743026389911,0.37891386400727667,3363.TWO,2015-07-03,2015-07-06
0.04675482303129048,248000,0,0.16175151010926495,0.16175151010926495,0.24323458929705719,D-1 estimated accounting; fill-day constraints require ledger audit,adaptive,V4_CAUSAL_7_EXPERTS_RIDGE_ANCHOR20,disabled,2015-07-03,neutral,0.020543934677209934,-0.004197239083254201,-0.0038168187233466044,0.40601503759398494,0.08090552026467772,0.5714285714285714,0.39097744360902253,2015-06-29,2015-06-29,"{""long_momentum"": 0.14337915832188558, ""mean_reversion"": 0.09639341848495578, ""medium_momentum"": 0.1267540301054242, ""ridge"": 0.15254966794100222, ""risk_adjusted"": 0.1334021257218044, ""short_momentum"": 0.10166882324840229, ""trend"": 0.14060500845678803, ""volume_momentum"": 0.10524776771973744}",0.3866402353013951,0.8072131630300884,-0.34067482550026496,0.6301599353225407,3665.TW,2015-07-03,2015-07-06
0.04115345495329685,553000,0,0.0345098952709961,0.0345098952709961,0.22085233144438454,D-1 estimated accounting; fill-day constraints require ledger audit,adaptive,V4_CAUSAL_7_EXPERTS_RIDGE_ANCHOR20,disabled,2015-07-03,neutral,0.020543934677209934,-0.004197239083254201,-0.0038168187233466044,0.40601503759398494,0.08090552026467772,0.5714285714285714,0.39097744360902253,2015-06-29,2015-06-29,"{""long_momentum"": 0.14337915832188558, ""mean_reversion"": 0.09639341848495578, ""medium_momentum"": 0.1267540301054242, ""ridge"": 0.15254966794100222, ""risk_adjusted"": 0.1334021257218044, ""short_momentum"": 0.10166882324840229, ""trend"": 0.14060500845678803, ""volume_momentum"": 0.10524776771973744}",0.10301088296757493,0.7966623535031954,-0.13307785307699976,0.16807973322273784,4904.TW,2015-07-03,2015-07-06
0.0419509913857767,381000,0,0.013625339115145945,0.013625339115145945,0.05099498915712832,D-1 estimated accounting; fill-day constraints require ledger audit,adaptive,V4_CAUSAL_7_EXPERTS_RIDGE_ANCHOR20,disabled,2015-07-03,neutral,0.020543934677209934,-0.004197239083254201,-0.0038168187233466044,0.40601503759398494,0.08090552026467772,0.5714285714285714,0.39097744360902253,2015-06-29,2015-06-29,"{""long_momentum"": 0.14337915832188558, ""mean_reversion"": 0.09639341848495578, ""medium_momentum"": 0.1267540301054242, ""ridge"": 0.15254966794100222, ""risk_adjusted"": 0.1334021257218044, ""short_momentum"": 0.10166882324840229, ""trend"": 0.14060500845678803, ""volume_momentum"": 0.10524776771973744}",0.1044861022643621,0.337071265089675,-0.157624428302357,0.1508571961363948,4958.TW,2015-07-03,2015-07-06
0.04093887523134573,457000,0,0.0059570626687111446,0.0059570626687111446,0.029666359625282867,D-1 estimated accounting; fill-day constraints require ledger audit,adaptive,V4_CAUSAL_7_EXPERTS_RIDGE_ANCHOR20,disabled,2015-07-03,neutral,0.020543934677209934,-0.004197239083254201,-0.0038168187233466044,0.40601503759398494,0.08090552026467772,0.5714285714285714,0.39097744360902253,2015-06-29,2015-06-29,"{""long_momentum"": 0.14337915832188558, ""mean_reversion"": 0.09639341848495578, ""medium_momentum"": 0.1267540301054242, ""ridge"": 0.15254966794100222, ""risk_adjusted"": 0.1334021257218044, ""short_momentum"": 0.10166882324840229, ""trend"": 0.14060500845678803, ""volume_momentum"": 0.10524776771973744}",0.1119081254814096,0.3326587578528721,-0.18090630508131733,0.1588025200224855,4979.TWO,2015-07-03,2015-07-06
0.04339110682106224,121000,0,0.0815758719895896,0.0815758719895896,0.27943184240718616,D-1 estimated accounting; fill-day constraints require ledger audit,adaptive,V4_CAUSAL_7_EXPERTS_RIDGE_ANCHOR20,disabled,2015-07-03,neutral,0.020543934677209934,-0.004197239083254201,-0.0038168187233466044,0.40601503759398494,0.08090552026467772,0.5714285714285714,0.39097744360902253,2015-06-29,2015-06-29,"{""long_momentum"": 0.14337915832188558, ""mean_reversion"": 0.09639341848495578, ""medium_momentum"": 0.1267540301054242, ""ridge"": 0.15254966794100222, ""risk_adjusted"": 0.1334021257218044, ""short_momentum"": 0.10166882324840229, ""trend"": 0.14060500845678803, ""volume_momentum"": 0.10524776771973744}",0.16352155022533624,0.8072131630300884,-0.17918425730156368,0.30831809088448875,5274.TWO,2015-07-03,2015-07-06
0.03835491469384469,836000,0,-0.003531740430282217,-0.003531740430282217,0.030699406595076875,D-1 estimated accounting; fill-day constraints require ledger audit,adaptive,V4_CAUSAL_7_EXPERTS_RIDGE_ANCHOR20,disabled,2015-07-03,neutral,0.020543934677209934,-0.004197239083254201,-0.0038168187233466044,0.40601503759398494,0.08090552026467772,0.5714285714285714,0.39097744360902253,2015-06-29,2015-06-29,"{""long_momentum"": 0.14337915832188558, ""mean_reversion"": 0.09639341848495578, ""medium_momentum"": 0.1267540301054242, ""ridge"": 0.15254966794100222, ""risk_adjusted"": 0.1334021257218044, ""short_momentum"": 0.10166882324840229, ""trend"": 0.14060500845678803, ""volume_momentum"": 0.10524776771973744}",0.13317682560875363,0.5099040368594242,-0.22454721512737075,0.18346582387055219,5347.TWO,2015-07-03,2015-07-06
0.040682580081549374,618000,0,0.018961933947291475,0.018961933947291475,0.0907130299707105,D-1 estimated accounting; fill-day constraints require ledger audit,adaptive,V4_CAUSAL_7_EXPERTS_RIDGE_ANCHOR20,disabled,2015-07-03,neutral,0.020543934677209934,-0.004197239083254201,-0.0038168187233466044,0.40601503759398494,0.08090552026467772,0.5714285714285714,0.39097744360902253,2015-06-29,2015-06-29,"{""long_momentum"": 0.14337915832188558, ""mean_reversion"": 0.09639341848495578, ""medium_momentum"": 0.1267540301054242, ""ridge"": 0.15254966794100222, ""risk_adjusted"": 0.1334021257218044, ""short_momentum"": 0.10166882324840229, ""trend"": 0.14060500845678803, ""volume_momentum"": 0.10524776771973744}",0.11600059235227618,0.5298581020595865,-0.17531052682268114,0.17921648432100998,6239.TW,2015-07-03,2015-07-06
0.041246923741443405,521000,0,0.05600782527258977,0.05600782527258977,0.29385208899124193,D-1 estimated accounting; fill-day constraints require ledger audit,adaptive,V4_CAUSAL_7_EXPERTS_RIDGE_ANCHOR20,disabled,2015-07-03,neutral,0.020543934677209934,-0.004197239083254201,-0.0038168187233466044,0.40601503759398494,0.08090552026467772,0.5714285714285714,0.39097744360902253,2015-06-29,2015-06-29,"{""long_momentum"": 0.14337915832188558, ""mean_reversion"": 0.09639341848495578, ""medium_momentum"": 0.1267540301054242, ""ridge"": 0.15254966794100222, ""risk_adjusted"": 0.1334021257218044, ""short_momentum"": 0.10166882324840229, ""trend"": 0.14060500845678803, ""volume_momentum"": 0.10524776771973744}",0.10658097689291705,0.8072131630300884,-0.12004519889951368,0.19804293904843912,6505.TW,2015-07-03,2015-07-06
0.0411010206277284,2920000,0,0.023745177462049384,0.023745177462049384,0.10455108144518845,D-1 estimated accounting; fill-day constraints require ledger audit,adaptive,V4_CAUSAL_7_EXPERTS_RIDGE_ANCHOR20,disabled,2015-07-03,neutral,0.020543934677209934,-0.004197239083254201,-0.0038168187233466044,0.40601503759398494,0.08090552026467772,0.5714285714285714,0.39097744360902253,2015-06-29,2015-06-29,"{""long_momentum"": 0.14337915832188558, ""mean_reversion"": 0.09639341848495578, ""medium_momentum"": 0.1267540301054242, ""ridge"": 0.15254966794100222, ""risk_adjusted"": 0.1334021257218044, ""short_momentum"": 0.10166882324840229, ""trend"": 0.14060500845678803, ""volume_momentum"": 0.10524776771973744}",0.10640470315118386,0.4915630176211909,-0.15191866326672637,0.165391107794571,8069.TWO,2015-07-03,2015-07-06
0.041939129876403775,755000,0,0.024032746018847393,0.024032746018847393,0.2309923170185169,D-1 estimated accounting; fill-day constraints require ledger audit,adaptive,V4_CAUSAL_7_EXPERTS_RIDGE_ANCHOR20,disabled,2015-07-06,risk_off,0.021058629625963447,0.0038387272947810747,-0.0072992334592650865,0.5939849624060151,0.07533564713859696,0.3458646616541353,0.3007518796992481,2015-06-29,2015-06-29,"{""long_momentum"": 0.14337915832188558, ""mean_reversion"": 0.09639341848495578, ""medium_momentum"": 0.1267540301054242, ""ridge"": 0.15254966794100222, ""risk_adjusted"": 0.1334021257218044, ""short_momentum"": 0.10166882324840229, ""trend"": 0.14060500845678803, ""volume_momentum"": 0.10524776771973744}",0.09665431748863738,0.9999999999999999,-0.12169924357678594,0.13574682521822656,1216.TW,2015-07-06,2015-07-07
0.041328346672054414,570000,0,-0.005426428835668148,-0.005426428835668148,0.03933939025657883,D-1 estimated accounting; fill-day constraints require ledger audit,adaptive,V4_CAUSAL_7_EXPERTS_RIDGE_ANCHOR20,disabled,2015-07-06,risk_off,0.021058629625963447,0.0038387272947810747,-0.0072992334592650865,0.5939849624060151,0.07533564713859696,0.3458646616541353,0.3007518796992481,2015-06-29,2015-06-29,"{""long_momentum"": 0.14337915832188558, ""mean_reversion"": 0.09639341848495578, ""medium_momentum"": 0.1267540301054242, ""ridge"": 0.15254966794100222, ""risk_adjusted"": 0.1334021257218044, ""short_momentum"": 0.10166882324840229, ""trend"": 0.14060500845678803, ""volume_momentum"": 0.10524776771973744}",0.12265275851368253,0.502113827148084,-0.21070084810438483,0.16583008003679442,1303.TW,2015-07-06,2015-07-07
0.04204492029785429,425000,0,0.010649916946473114,0.010649916946473114,0.07645094950996797,D-1 estimated accounting; fill-day constraints require ledger audit,adaptive,V4_CAUSAL_7_EXPERTS_RIDGE_ANCHOR20,disabled,2015-07-06,risk_off,0.021058629625963447,0.0038387272947810747,-0.0072992334592650865,0.5939849624060151,0.07533564713859696,0.3458646616541353,0.3007518796992481,2015-06-29,2015-06-29,"{""long_momentum"": 0.14337915832188558, ""mean_reversion"": 0.09639341848495578, ""medium_momentum"": 0.1267540301054242, ""ridge"": 0.15254966794100222, ""risk_adjusted"": 0.1334021257218044, ""short_momentum"": 0.10166882324840229, ""trend"": 0.14060500845678803, ""volume_momentum"": 0.10524776771973744}",0.1043415557333995,0.5861668180637205,-0.16025250723312862,0.1475344307298207,2317.TW,2015-07-06,2015-07-07
0.04359622241880444,687000,0,0.14082096511648073,0.14082096511648073,0.32998238076759323,D-1 estimated accounting; fill-day constraints require ledger audit,adaptive,V4_CAUSAL_7_EXPERTS_RIDGE_ANCHOR20,disabled,2015-07-06,risk_off,0.021058629625963447,0.0038387272947810747,-0.0072992334592650865,0.5939849624060151,0.07533564713859696,0.3458646616541353,0.3007518796992481,2015-06-29,2015-06-29,"{""long_momentum"": 0.14337915832188558, ""mean_reversion"": 0.09639341848495578, ""medium_momentum"": 0.1267540301054242, ""ridge"": 0.15254966794100222, ""risk_adjusted"": 0.1334021257218044, ""short_momentum"": 0.10166882324840229, ""trend"": 0.14060500845678803, ""volume_momentum"": 0.10524776771973744}",0.21089081511240623,0.8072131630300884,-0.17511370979225815,0.4227377296289655,2383.TW,2015-07-06,2015-07-07
0.04028244777210767,363000,0,0.010470601434149908,0.010470601434149908,0.03238316945890208,D-1 estimated accounting; fill-day constraints require ledger audit,adaptive,V4_CAUSAL_7_EXPERTS_RIDGE_ANCHOR20,disabled,2015-07-06,risk_off,0.021058629625963447,0.0038387272947810747,-0.0072992334592650865,0.5939849624060151,0.07533564713859696,0.3458646616541353,0.3007518796992481,2015-06-29,2015-06-29,"{""long_momentum"": 0.14337915832188558, ""mean_reversion"": 0.09639341848495578, ""medium_momentum"": 0.1267540301054242, ""ridge"": 0.15254966794100222, ""risk_adjusted"": 0.1334021257218044, ""short_momentum"": 0.10166882324840229, ""trend"": 0.14060500845678803, ""volume_momentum"": 0.10524776771973744}",0.143452417600555,0.3326587578528721,-0.2246917999372591,0.2116150924093048,2451.TW,2015-07-06,2015-07-07
0.04191855666641267,97000,0,0.007102018911529713,0.007102018911529713,0.032556406168534946,D-1 estimated accounting; fill-day constraints require ledger audit,adaptive,V4_CAUSAL_7_EXPERTS_RIDGE_ANCHOR20,disabled,2015-07-06,risk_off,0.021058629625963447,0.0038387272947810747,-0.0072992334592650865,0.5939849624060151,0.07533564713859696,0.3458646616541353,0.3007518796992481,2015-06-29,2015-06-29,"{""long_momentum"": 0.14337915832188558, ""mean_reversion"": 0.09639341848495578, ""medium_momentum"": 0.1267540301054242, ""ridge"": 0.15254966794100222, ""risk_adjusted"": 0.1334021257218044, ""short_momentum"": 0.10166882324840229, ""trend"": 0.14060500845678803, ""volume_momentum"": 0.10524776771973744}",0.11155544370215183,0.3326587578528721,-0.1790923715830145,0.1592784990098198,2454.TW,2015-07-06,2015-07-07
0.04243801739249728,672000,0,0.024894615145198813,0.024894615145198813,0.1884485172336775,D-1 estimated accounting; fill-day constraints require ledger audit,adaptive,V4_CAUSAL_7_EXPERTS_RIDGE_ANCHOR20,disabled,2015-07-06,risk_off,0.021058629625963447,0.0038387272947810747,-0.0072992334592650865,0.5939849624060151,0.07533564713859696,0.3458646616541353,0.3007518796992481,2015-06-29,2015-06-29,"{""long_momentum"": 0.14337915832188558, ""mean_reversion"": 0.09639341848495578, ""medium_momentum"": 0.1267540301054242, ""ridge"": 0.15254966794100222, ""risk_adjusted"": 0.1334021257218044, ""short_momentum"": 0.10166882324840229, ""trend"": 0.14060500845678803, ""volume_momentum"": 0.10524776771973744}",0.09815800741271764,0.8072131630300884,-0.12764608417907977,0.14341740407322326,2881.TW,2015-07-06,2015-07-07
0.04161526855952386,1700000,0,0.011635473012962912,0.011635473012962912,0.04696893430144029,D-1 estimated accounting; fill-day constraints require ledger audit,adaptive,V4_CAUSAL_7_EXPERTS_RIDGE_ANCHOR20,disabled,2015-07-06,risk_off,0.021058629625963447,0.0038387272947810747,-0.0072992334592650865,0.5939849624060151,0.07533564713859696,0.3458646616541353,0.3007518796992481,2015-06-29,2015-06-29,"{""long_momentum"": 0.14337915832188558, ""mean_reversion"": 0.09639341848495578, ""medium_momentum"": 0.1267540301054242, ""ridge"": 0.15254966794100222, ""risk_adjusted"": 0.1334021257218044, ""short_momentum"": 0.10166882324840229, ""trend"": 0.14060500845678803, ""volume_momentum"": 0.10524776771973744}",0.10118571818697285,0.3326587578528721,-0.15098002417678708,0.14023305980645878,2891.TW,2015-07-06,2015-07-07
0.042834346687213684,11000,0,0.07353166723446343,0.07353166723446343,0.4382137345841723,D-1 estimated accounting; fill-day constraints require ledger audit,adaptive,V4_CAUSAL_7_EXPERTS_RIDGE_ANCHOR20,disabled,2015-07-06,risk_off,0.021058629625963447,0.0038387272947810747,-0.0072992334592650865,0.5939849624060151,0.07533564713859696,0.3458646616541353,0.3007518796992481,2015-06-29,2015-06-29,"{""long_momentum"": 0.14337915832188558, ""mean_reversion"": 0.09639341848495578, ""medium_momentum"": 0.1267540301054242, ""ridge"": 0.15254966794100222, ""risk_adjusted"": 0.1334021257218044, ""short_momentum"": 0.10166882324840229, ""trend"": 0.14060500845678803, ""volume_momentum"": 0.10524776771973744}",0.10067692673848296,0.9999999999999999,-0.08758408881534148,0.20062951288801423,3008.TW,2015-07-06,2015-07-07
0.042152506386012256,1521000,0,0.02549038848695454,0.02549038848695454,0.048829180399534954,D-1 estimated accounting; fill-day constraints require ledger audit,adaptive,V4_CAUSAL_7_EXPERTS_RIDGE_ANCHOR20,disabled,2015-07-06,risk_off,0.021058629625963447,0.0038387272947810747,-0.0072992334592650865,0.5939849624060151,0.07533564713859696,0.3458646616541353,0.3007518796992481,2015-06-29,2015-06-29,"{""long_momentum"": 0.14337915832188558, ""mean_reversion"": 0.09639341848495578, ""medium_momentum"": 0.1267540301054242, ""ridge"": 0.15254966794100222, ""risk_adjusted"": 0.1334021257218044, ""short_momentum"": 0.10166882324840229, ""trend"": 0.14060500845678803, ""volume_momentum"": 0.10524776771973744}",0.11644388972997445,0.23530957570447508,-0.169550671292496,0.18651353787015096,3017.TW,2015-07-06,2015-07-07
0.04202167924018354,401000,0,0.02437848361571437,0.02437848361571437,0.09901092191574237,D-1 estimated accounting; fill-day constraints require ledger audit,adaptive,V4_CAUSAL_7_EXPERTS_RIDGE_ANCHOR20,disabled,2015-07-06,risk_off,0.021058629625963447,0.0038387272947810747,-0.0072992334592650865,0.5939849624060151,0.07533564713859696,0.3458646616541353,0.3007518796992481,2015-06-29,2015-06-29,"{""long_momentum"": 0.14337915832188558, ""mean_reversion"": 0.09639341848495578, ""medium_momentum"": 0.1267540301054242, ""ridge"": 0.15254966794100222, ""risk_adjusted"": 0.1334021257218044, ""short_momentum"": 0.10166882324840229, ""trend"": 0.14060500845678803, ""volume_momentum"": 0.10524776771973744}",0.12192005095615102,0.5099040368594242,-0.1797333347857082,0.1944723916208828,3045.TW,2015-07-06,2015-07-07
0.039526779916848394,408000,0,0.03772615750022631,0.03772615750022631,0.19747439757842633,D-1 estimated accounting; fill-day constraints require ledger audit,adaptive,V4_CAUSAL_7_EXPERTS_RIDGE_ANCHOR20,disabled,2015-07-06,risk_off,0.021058629625963447,0.0038387272947810747,-0.0072992334592650865,0.5939849624060151,0.07533564713859696,0.3458646616541353,0.3007518796992481,2015-06-29,2015-06-29,"{""long_momentum"": 0.14337915832188558, ""mean_reversion"": 0.09639341848495578, ""medium_momentum"": 0.1267540301054242, ""ridge"": 0.15254966794100222, ""risk_adjusted"": 0.1334021257218044, ""short_momentum"": 0.10166882324840229, ""trend"": 0.14060500845678803, ""volume_momentum"": 0.10524776771973744}",0.1296421171099559,0.7966623535031954,-0.1781756722426652,0.2196100768468637,3227.TWO,2015-07-06,2015-07-07
0.0377225966187258,1197000,0,0.0371791824969424,0.0371791824969424,0.07434008710475586,D-1 estimated accounting; fill-day constraints require ledger audit,adaptive,V4_CAUSAL_7_EXPERTS_RIDGE_ANCHOR20,disabled,2015-07-06,risk_off,0.021058629625963447,0.0038387272947810747,-0.0072992334592650865,0.5939849624060151,0.07533564713859696,0.3458646616541353,0.3007518796992481,2015-06-29,2015-06-29,"{""long_momentum"": 0.14337915832188558, ""mean_reversion"": 0.09639341848495578, ""medium_momentum"": 0.1267540301054242, ""ridge"": 0.15254966794100222, ""risk_adjusted"": 0.1334021257218044, ""short_momentum"": 0.10166882324840229, ""trend"": 0.14060500845678803, ""volume_momentum"": 0.10524776771973744}",0.2471308824255586,0.5099040368594242,-0.3186107185219898,0.3589511731196205,3363.TWO,2015-07-06,2015-07-07
0.04755464141347682,248000,0,0.18392791643738807,0.18392791643738807,0.3450400503677484,D-1 estimated accounting; fill-day constraints require ledger audit,adaptive,V4_CAUSAL_7_EXPERTS_RIDGE_ANCHOR20,disabled,2015-07-06,risk_off,0.021058629625963447,0.0038387272947810747,-0.0072992334592650865,0.5939849624060151,0.07533564713859696,0.3458646616541353,0.3007518796992481,2015-06-29,2015-06-29,"{""long_momentum"": 0.14337915832188558, ""mean_reversion"": 0.09639341848495578, ""medium_momentum"": 0.1267540301054242, ""ridge"": 0.15254966794100222, ""risk_adjusted"": 0.1334021257218044, ""short_momentum"": 0.10166882324840229, ""trend"": 0.14060500845678803, ""volume_momentum"": 0.10524776771973744}",0.2530645445814596,0.8072131630300884,-0.1782758653957954,0.5121137878743174,3665.TW,2015-07-06,2015-07-07
0.04242539642078204,553000,0,0.04041970340500984,0.04041970340500984,0.24662967927791898,D-1 estimated accounting; fill-day constraints require ledger audit,adaptive,V4_CAUSAL_7_EXPERTS_RIDGE_ANCHOR20,disabled,2015-07-06,risk_off,0.021058629625963447,0.0038387272947810747,-0.0072992334592650865,0.5939849624060151,0.07533564713859696,0.3458646616541353,0.3007518796992481,2015-06-29,2015-06-29,"{""long_momentum"": 0.14337915832188558, ""mean_reversion"": 0.09639341848495578, ""medium_momentum"": 0.1267540301054242, ""ridge"": 0.15254966794100222, ""risk_adjusted"": 0.1334021257218044, ""short_momentum"": 0.10166882324840229, ""trend"": 0.14060500845678803, ""volume_momentum"": 0.10524776771973744}",0.10323792189292395,0.8072131630300884,-0.12774968031198974,0.17457117672575528,4904.TW,2015-07-06,2015-07-07
0.042472904631384936,381000,0,0.01647394928971886,0.01647394928971886,0.010364011626680433,D-1 estimated accounting; fill-day constraints require ledger audit,adaptive,V4_CAUSAL_7_EXPERTS_RIDGE_ANCHOR20,disabled,2015-07-06,risk_off,0.021058629625963447,0.0038387272947810747,-0.0072992334592650865,0.5939849624060151,0.07533564713859696,0.3458646616541353,0.3007518796992481,2015-06-29,2015-06-29,"{""long_momentum"": 0.14337915832188558, ""mean_reversion"": 0.09639341848495578, ""medium_momentum"": 0.1267540301054242, ""ridge"": 0.15254966794100222, ""risk_adjusted"": 0.1334021257218044, ""short_momentum"": 0.10166882324840229, ""trend"": 0.14060500845678803, ""volume_momentum"": 0.10524776771973744}",0.11497479103120806,0.06585450640926328,-0.1759966471528146,0.17492663533599817,4958.TW,2015-07-06,2015-07-07
0.04004311105238571,457000,0,-0.010361298119612432,-0.010361298119612432,0.0035763756582569105,D-1 estimated accounting; fill-day constraints require ledger audit,adaptive,V4_CAUSAL_7_EXPERTS_RIDGE_ANCHOR20,disabled,2015-07-06,risk_off,0.021058629625963447,0.0038387272947810747,-0.0072992334592650865,0.5939849624060151,0.07533564713859696,0.3458646616541353,0.3007518796992481,2015-06-29,2015-06-29,"{""long_momentum"": 0.14337915832188558, ""mean_reversion"": 0.09639341848495578, ""medium_momentum"": 0.1267540301054242, ""ridge"": 0.15254966794100222, ""risk_adjusted"": 0.1334021257218044, ""short_momentum"": 0.10166882324840229, ""trend"": 0.14060500845678803, ""volume_momentum"": 0.10524776771973744}",0.2056220445062092,0.05144874093929602,-0.32037607358547016,0.2656355669499912,4979.TWO,2015-07-06,2015-07-07
0.040143924911818445,121000,0,0.009541298958032183,0.009541298958032183,0.0031387052200340802,D-1 estimated accounting; fill-day constraints require ledger audit,adaptive,V4_CAUSAL_7_EXPERTS_RIDGE_ANCHOR20,disabled,2015-07-06,risk_off,0.021058629625963447,0.0038387272947810747,-0.0072992334592650865,0.5939849624060151,0.07533564713859696,0.3458646616541353,0.3007518796992481,2015-06-29,2015-06-29,"{""long_momentum"": 0.14337915832188558, ""mean_reversion"": 0.09639341848495578, ""medium_momentum"": 0.1267540301054242, ""ridge"": 0.15254966794100222, ""risk_adjusted"": 0.1334021257218044, ""short_momentum"": 0.10166882324840229, ""trend"": 0.14060500845678803, ""volume_momentum"": 0.10524776771973744}",0.29055586636937825,0.06585450640926328,-0.3926892430053749,0.37775393052518513,5274.TWO,2015-07-06,2015-07-07
0.03733729784806946,836000,0,-0.013682681854831104,-0.013682681854831104,0.03715345897252625,D-1 estimated accounting; fill-day constraints require ledger audit,adaptive,V4_CAUSAL_7_EXPERTS_RIDGE_ANCHOR20,disabled,2015-07-06,risk_off,0.021058629625963447,0.0038387272947810747,-0.0072992334592650865,0.5939849624060151,0.07533564713859696,0.3458646616541353,0.3007518796992481,2015-06-29,2015-06-29,"{""long_momentum"": 0.14337915832188558, ""mean_reversion"": 0.09639341848495578, ""medium_momentum"": 0.1267540301054242, ""ridge"": 0.15254966794100222, ""risk_adjusted"": 0.1334021257218044, ""short_momentum"": 0.10166882324840229, ""trend"": 0.14060500845678803, ""volume_momentum"": 0.10524776771973744}",0.23380613471689446,0.502113827148084,-0.3549683365940163,0.2935850624880999,5347.TWO,2015-07-06,2015-07-07
0.04137852273033696,618000,0,0.014195883478439981,0.014195883478439981,0.08897110799778281,D-1 estimated accounting; fill-day constraints require ledger audit,adaptive,V4_CAUSAL_7_EXPERTS_RIDGE_ANCHOR20,disabled,2015-07-06,risk_off,0.021058629625963447,0.0038387272947810747,-0.0072992334592650865,0.5939849624060151,0.07533564713859696,0.3458646616541353,0.3007518796992481,2015-06-29,2015-06-29,"{""long_momentum"": 0.14337915832188558, ""mean_reversion"": 0.09639341848495578, ""medium_momentum"": 0.1267540301054242, ""ridge"": 0.15254966794100222, ""risk_adjusted"": 0.1334021257218044, ""short_momentum"": 0.10166882324840229, ""trend"": 0.14060500845678803, ""volume_momentum"": 0.10524776771973744}",0.10727202494369084,0.5861668180637205,-0.1633596120852516,0.15773346864587742,6239.TW,2015-07-06,2015-07-07
0.04227358562685766,521000,0,0.0482645801258726,0.0482645801258726,0.27977277736399353,D-1 estimated accounting; fill-day constraints require ledger audit,adaptive,V4_CAUSAL_7_EXPERTS_RIDGE_ANCHOR20,disabled,2015-07-06,risk_off,0.021058629625963447,0.0038387272947810747,-0.0072992334592650865,0.5939849624060151,0.07533564713859696,0.3458646616541353,0.3007518796992481,2015-06-29,2015-06-29,"{""long_momentum"": 0.14337915832188558, ""mean_reversion"": 0.09639341848495578, ""medium_momentum"": 0.1267540301054242, ""ridge"": 0.15254966794100222, ""risk_adjusted"": 0.1334021257218044, ""short_momentum"": 0.10166882324840229, ""trend"": 0.14060500845678803, ""volume_momentum"": 0.10524776771973744}",0.10041681306034213,0.8072131630300884,-0.11206094701367691,0.17457219686916797,6505.TW,2015-07-06,2015-07-07
0.041953956952931026,2920000,0,0.027186048687361585,0.027186048687361585,0.12373871934316175,D-1 estimated accounting; fill-day constraints require ledger audit,adaptive,V4_CAUSAL_7_EXPERTS_RIDGE_ANCHOR20,disabled,2015-07-06,risk_off,0.021058629625963447,0.0038387272947810747,-0.0072992334592650865,0.5939849624060151,0.07533564713859696,0.3458646616541353,0.3007518796992481,2015-06-29,2015-06-29,"{""long_momentum"": 0.14337915832188558, ""mean_reversion"": 0.09639341848495578, ""medium_momentum"": 0.1267540301054242, ""ridge"": 0.15254966794100222, ""risk_adjusted"": 0.1334021257218044, ""short_momentum"": 0.10166882324840229, ""trend"": 0.14060500845678803, ""volume_momentum"": 0.10524776771973744}",0.09842028191774668,0.502113827148084,-0.12636863133182757,0.14672281831029663,8069.TWO,2015-07-06,2015-07-07
0.04205509380695635,755000,0,0.025892056692926303,0.025892056692926303,0.1823725565389549,D-1 estimated accounting; fill-day constraints require ledger audit,adaptive,V4_CAUSAL_7_EXPERTS_RIDGE_ANCHOR20,disabled,2015-07-07,risk_off,0.021035758338572297,-0.003683260884072559,-0.01333332061767567,0.45864661654135336,0.07952104389107814,0.39849624060150374,0.3082706766917293,2015-06-29,2015-06-29,"{""long_momentum"": 0.14337915832188558, ""mean_reversion"": 0.09639341848495578, ""medium_momentum"": 0.1267540301054242, ""ridge"": 0.15254966794100222, ""risk_adjusted"": 0.1334021257218044, ""short_momentum"": 0.10166882324840229, ""trend"": 0.14060500845678803, ""volume_momentum"": 0.10524776771973744}",0.10405444543763946,0.7966623535031954,-0.14431349824245682,0.16207970123205528,1216.TW,2015-07-07,2015-07-08
0.04136615935271534,570000,0,-0.013126995659425234,-0.013126995659425234,0.07376095454902853,D-1 estimated accounting; fill-day constraints require ledger audit,adaptive,V4_CAUSAL_7_EXPERTS_RIDGE_ANCHOR20,disabled,2015-07-07,risk_off,0.021035758338572297,-0.003683260884072559,-0.01333332061767567,0.45864661654135336,0.07952104389107814,0.39849624060150374,0.3082706766917293,2015-06-29,2015-06-29,"{""long_momentum"": 0.14337915832188558, ""mean_reversion"": 0.09639341848495578, ""medium_momentum"": 0.1267540301054242, ""ridge"": 0.15254966794100222, ""risk_adjusted"": 0.1334021257218044, ""short_momentum"": 0.10166882324840229, ""trend"": 0.14060500845678803, ""volume_momentum"": 0.10524776771973744}",0.10526911846218336,0.502113827148084,-0.18622022426400453,0.12594832254889993,1303.TW,2015-07-07,2015-07-08
0.042520391592427265,425000,0,0.014182717749301292,0.014182717749301292,0.13196980893058677,D-1 estimated accounting; fill-day constraints require ledger audit,adaptive,V4_CAUSAL_7_EXPERTS_RIDGE_ANCHOR20,disabled,2015-07-07,risk_off,0.021035758338572297,-0.003683260884072559,-0.01333332061767567,0.45864661654135336,0.07952104389107814,0.39849624060150374,0.3082706766917293,2015-06-29,2015-06-29,"{""long_momentum"": 0.14337915832188558, ""mean_reversion"": 0.09639341848495578, ""medium_momentum"": 0.1267540301054242, ""ridge"": 0.15254966794100222, ""risk_adjusted"": 0.1334021257218044, ""short_momentum"": 0.10166882324840229, ""trend"": 0.14060500845678803, ""volume_momentum"": 0.10524776771973744}",0.09661762471223825,0.7966623535031954,-0.13135238076867994,0.12569990587102842,2317.TW,2015-07-07,2015-07-08
0.04497767330861248,687000,0,0.18701184913282906,0.18701184913282906,0.48562009644200244,D-1 estimated accounting; fill-day constraints require ledger audit,adaptive,V4_CAUSAL_7_EXPERTS_RIDGE_ANCHOR20,disabled,2015-07-07,risk_off,0.021035758338572297,-0.003683260884072559,-0.01333332061767567,0.45864661654135336,0.07952104389107814,0.39849624060150374,0.3082706766917293,2015-06-29,2015-06-29,"{""long_momentum"": 0.14337915832188558, ""mean_reversion"": 0.09639341848495578, ""medium_momentum"": 0.1267540301054242, ""ridge"": 0.15254966794100222, ""risk_adjusted"": 0.1334021257218044, ""short_momentum"": 0.10166882324840229, ""trend"": 0.14060500845678803, ""volume_momentum"": 0.10524776771973744}",0.20338333846266823,0.9999999999999999,-0.12047529380996372,0.46048108167936774,2383.TW,2015-07-07,2015-07-08
0.03919932287156197,363000,0,-0.020820172207236778,-0.020820172207236778,0.05164238598169009,D-1 estimated accounting; fill-day constraints require ledger audit,adaptive,V4_CAUSAL_7_EXPERTS_RIDGE_ANCHOR20,disabled,2015-07-07,risk_off,0.021035758338572297,-0.003683260884072559,-0.01333332061767567,0.45864661654135336,0.07952104389107814,0.39849624060150374,0.3082706766917293,2015-06-29,2015-06-29,"{""long_momentum"": 0.14337915832188558, ""mean_reversion"": 0.09639341848495578, ""medium_momentum"": 0.1267540301054242, ""ridge"": 0.15254966794100222, ""risk_adjusted"": 0.1334021257218044, ""short_momentum"": 0.10166882324840229, ""trend"": 0.14060500845678803, ""volume_momentum"": 0.10524776771973744}",0.22522681638842756,0.502113827148084,-0.3526820373941761,0.2770237825834484,2451.TW,2015-07-07,2015-07-08
0.04185677352801488,97000,0,0.008807393564558274,0.008807393564558274,0.07151902751451689,D-1 estimated accounting; fill-day constraints require ledger audit,adaptive,V4_CAUSAL_7_EXPERTS_RIDGE_ANCHOR20,disabled,2015-07-07,risk_off,0.021035758338572297,-0.003683260884072559,-0.01333332061767567,0.45864661654135336,0.07952104389107814,0.39849624060150374,0.3082706766917293,2015-06-29,2015-06-29,"{""long_momentum"": 0.14337915832188558, ""mean_reversion"": 0.09639341848495578, ""medium_momentum"": 0.1267540301054242, ""ridge"": 0.15254966794100222, ""risk_adjusted"": 0.1334021257218044, ""short_momentum"": 0.10166882324840229, ""trend"": 0.14060500845678803, ""volume_momentum"": 0.10524776771973744}",0.09935739953679947,0.5861668180637205,-0.14810386856578472,0.13170074529864717,2454.TW,2015-07-07,2015-07-08
0.04282218555393401,672000,0,0.015980366550058255,0.015980366550058255,0.14457663123203102,D-1 estimated accounting; fill-day constraints require ledger audit,adaptive,V4_CAUSAL_7_EXPERTS_RIDGE_ANCHOR20,disabled,2015-07-07,risk_off,0.021035758338572297,-0.003683260884072559,-0.01333332061767567,0.45864661654135336,0.07952104389107814,0.39849624060150374,0.3082706766917293,2015-06-29,2015-06-29,"{""long_momentum"": 0.14337915832188558, ""mean_reversion"": 0.09639341848495578, ""medium_momentum"": 0.1267540301054242, ""ridge"": 0.15254966794100222, ""risk_adjusted"": 0.1334021257218044, ""short_momentum"": 0.10166882324840229, ""trend"": 0.14060500845678803, ""volume_momentum"": 0.10524776771973744}",0.09615909022164644,0.8072131630300884,-0.1268886525293572,0.12483147523321958,2881.TW,2015-07-07,2015-07-08
0.042264608757262206,1700000,0,0.016652512612709003,0.016652512612709003,0.10647200938738624,D-1 estimated accounting; fill-day constraints require ledger audit,adaptive,V4_CAUSAL_7_EXPERTS_RIDGE_ANCHOR20,disabled,2015-07-07,risk_off,0.021035758338572297,-0.003683260884072559,-0.01333332061767567,0.45864661654135336,0.07952104389107814,0.39849624060150374,0.3082706766917293,2015-06-29,2015-06-29,"{""long_momentum"": 0.14337915832188558, ""mean_reversion"": 0.09639341848495578, ""medium_momentum"": 0.1267540301054242, ""ridge"": 0.15254966794100222, ""risk_adjusted"": 0.1334021257218044, ""short_momentum"": 0.10166882324840229, ""trend"": 0.14060500845678803, ""volume_momentum"": 0.10524776771973744}",0.09755237977452749,0.5861668180637205,-0.13338381302821387,0.13267092785737775,2891.TW,2015-07-07,2015-07-08
0.04074757673227801,11000,0,0.02600632075173619,0.02600632075173619,0.045987352237804126,D-1 estimated accounting; fill-day constraints require ledger audit,adaptive,V4_CAUSAL_7_EXPERTS_RIDGE_ANCHOR20,disabled,2015-07-07,risk_off,0.021035758338572297,-0.003683260884072559,-0.01333332061767567,0.45864661654135336,0.07952104389107814,0.39849624060150374,0.3082706766917293,2015-06-29,2015-06-29,"{""long_momentum"": 0.14337915832188558, ""mean_reversion"": 0.09639341848495578, ""medium_momentum"": 0.1267540301054242, ""ridge"": 0.15254966794100222, ""risk_adjusted"": 0.1334021257218044, ""short_momentum"": 0.10166882324840229, ""trend"": 0.14060500845678803, ""volume_momentum"": 0.10524776771973744}",0.19328413401337177,0.3326587578528721,-0.2699765677916561,0.2879712988988743,3008.TW,2015-07-07,2015-07-08
0.04226920473472602,1521000,0,0.032582328924924846,0.032582328924924846,0.12303463659163218,D-1 estimated accounting; fill-day constraints require ledger audit,adaptive,V4_CAUSAL_7_EXPERTS_RIDGE_ANCHOR20,disabled,2015-07-07,risk_off,0.021035758338572297,-0.003683260884072559,-0.01333332061767567,0.45864661654135336,0.07952104389107814,0.39849624060150374,0.3082706766917293,2015-06-29,2015-06-29,"{""long_momentum"": 0.14337915832188558, ""mean_reversion"": 0.09639341848495578, ""medium_momentum"": 0.1267540301054242, ""ridge"": 0.15254966794100222, ""risk_adjusted"": 0.1334021257218044, ""short_momentum"": 0.10166882324840229, ""trend"": 0.14060500845678803, ""volume_momentum"": 0.10524776771973744}",0.12426885401662835,0.5298581020595865,-0.17522046181087986,0.20636720926447544,3017.TW,2015-07-07,2015-07-08
0.042060126273899975,401000,0,0.013185574140288443,0.013185574140288443,0.07902375429837394,D-1 estimated accounting; fill-day constraints require ledger audit,adaptive,V4_CAUSAL_7_EXPERTS_RIDGE_ANCHOR20,disabled,2015-07-07,risk_off,0.021035758338572297,-0.003683260884072559,-0.01333332061767567,0.45864661654135336,0.07952104389107814,0.39849624060150374,0.3082706766917293,2015-06-29,2015-06-29,"{""long_momentum"": 0.14337915832188558, ""mean_reversion"": 0.09639341848495578, ""medium_momentum"": 0.1267540301054242, ""ridge"": 0.15254966794100222, ""risk_adjusted"": 0.1334021257218044, ""short_momentum"": 0.10166882324840229, ""trend"": 0.14060500845678803, ""volume_momentum"": 0.10524776771973744}",0.09915759373461772,0.5099040368594242,-0.1430405017191005,0.1353937396034232,3045.TW,2015-07-07,2015-07-08
0.04325559393152749,208000,208000,0.21038132527837503,0.21038132527837503,0.31387905302205443,D-1 estimated accounting; fill-day constraints require ledger audit,adaptive,V4_CAUSAL_7_EXPERTS_RIDGE_ANCHOR20,disabled,2015-07-07,risk_off,0.021035758338572297,-0.003683260884072559,-0.01333332061767567,0.45864661654135336,0.07952104389107814,0.39849624060150374,0.3082706766917293,2015-06-29,2015-06-29,"{""long_momentum"": 0.14337915832188558, ""mean_reversion"": 0.09639341848495578, ""medium_momentum"": 0.1267540301054242, ""ridge"": 0.15254966794100222, ""risk_adjusted"": 0.1334021257218044, ""short_momentum"": 0.10166882324840229, ""trend"": 0.14060500845678803, ""volume_momentum"": 0.10524776771973744}",0.3385219669663401,0.8072131630300884,-0.24217836468858048,0.6289231048490764,3131.TWO,2015-07-07,2015-07-08
0.0394370812587963,408000,0,0.022906830930716895,0.022906830930716895,0.08358671851311282,D-1 estimated accounting; fill-day constraints require ledger audit,adaptive,V4_CAUSAL_7_EXPERTS_RIDGE_ANCHOR20,disabled,2015-07-07,risk_off,0.021035758338572297,-0.003683260884072559,-0.01333332061767567,0.45864661654135336,0.07952104389107814,0.39849624060150374,0.3082706766917293,2015-06-29,2015-06-29,"{""long_momentum"": 0.14337915832188558, ""mean_reversion"": 0.09639341848495578, ""medium_momentum"": 0.1267540301054242, ""ridge"": 0.15254966794100222, ""risk_adjusted"": 0.1334021257218044, ""short_momentum"": 0.10166882324840229, ""trend"": 0.14060500845678803, ""volume_momentum"": 0.10524776771973744}",0.14233320242211367,0.5099040368594242,-0.210757967834176,0.22255371929935563,3227.TWO,2015-07-07,2015-07-08
0.03714217362909813,1197000,0,0.0026360622997786292,0.0026360622997786292,0.007413748929169201,D-1 estimated accounting; fill-day constraints require ledger audit,adaptive,V4_CAUSAL_7_EXPERTS_RIDGE_ANCHOR20,disabled,2015-07-07,risk_off,0.021035758338572297,-0.003683260884072559,-0.01333332061767567,0.45864661654135336,0.07952104389107814,0.39849624060150374,0.3082706766917293,2015-06-29,2015-06-29,"{""long_momentum"": 0.14337915832188558, ""mean_reversion"": 0.09639341848495578, ""medium_momentum"": 0.1267540301054242, ""ridge"": 0.15254966794100222, ""risk_adjusted"": 0.1334021257218044, ""short_momentum"": 0.10166882324840229, ""trend"": 0.14060500845678803, ""volume_momentum"": 0.10524776771973744}",0.22791572136293156,0.22869401994584815,-0.332187274330584,0.3034414885338871,3363.TWO,2015-07-07,2015-07-08
0.04772575972175408,248000,0,0.19038592892299358,0.19038592892299358,0.43171986004062846,D-1 estimated accounting; fill-day constraints require ledger audit,adaptive,V4_CAUSAL_7_EXPERTS_RIDGE_ANCHOR20,disabled,2015-07-07,risk_off,0.021035758338572297,-0.003683260884072559,-0.01333332061767567,0.45864661654135336,0.07952104389107814,0.39849624060150374,0.3082706766917293,2015-06-29,2015-06-29,"{""long_momentum"": 0.14337915832188558, ""mean_reversion"": 0.09639341848495578, ""medium_momentum"": 0.1267540301054242, ""ridge"": 0.15254966794100222, ""risk_adjusted"": 0.1334021257218044, ""short_momentum"": 0.10166882324840229, ""trend"": 0.14060500845678803, ""volume_momentum"": 0.10524776771973744}",0.16993915406637616,0.8072131630300884,-0.07818222201426292,0.4249361694639959,3665.TW,2015-07-07,2015-07-08
0.043203215193951025,553000,0,0.04399521600031657,0.04399521600031657,0.21854299988300388,D-1 estimated accounting; fill-day constraints require ledger audit,adaptive,V4_CAUSAL_7_EXPERTS_RIDGE_ANCHOR20,disabled,2015-07-07,risk_off,0.021035758338572297,-0.003683260884072559,-0.01333332061767567,0.45864661654135336,0.07952104389107814,0.39849624060150374,0.3082706766917293,2015-06-29,2015-06-29,"{""long_momentum"": 0.14337915832188558, ""mean_reversion"": 0.09639341848495578, ""medium_momentum"": 0.1267540301054242, ""ridge"": 0.15254966794100222, ""risk_adjusted"": 0.1334021257218044, ""short_momentum"": 0.10166882324840229, ""trend"": 0.14060500845678803, ""volume_momentum"": 0.10524776771973744}",0.1319741277998996,0.8072131630300884,-0.1752970431578158,0.2292695647621948,4904.TW,2015-07-07,2015-07-08
0.0,0,-381000,-0.01848211373960261,-0.01848211373960261,0.06941257246440326,D-1 estimated accounting; fill-day constraints require ledger audit,adaptive,V4_CAUSAL_7_EXPERTS_RIDGE_ANCHOR20,disabled,2015-07-07,risk_off,0.021035758338572297,-0.003683260884072559,-0.01333332061767567,0.45864661654135336,0.07952104389107814,0.39849624060150374,0.3082706766917293,2015-06-29,2015-06-29,"{""long_momentum"": 0.14337915832188558, ""mean_reversion"": 0.09639341848495578, ""medium_momentum"": 0.1267540301054242, ""ridge"": 0.15254966794100222, ""risk_adjusted"": 0.1334021257218044, ""short_momentum"": 0.10166882324840229, ""trend"": 0.14060500845678803, ""volume_momentum"": 0.10524776771973744}",0.14638184001841545,0.502113827148084,-0.2575222604729182,0.1865401225974589,4958.TW,2015-07-07,2015-07-08
0.04054961591526107,457000,0,-0.007041342003191491,-0.007041342003191491,0.003832741002186176,D-1 estimated accounting; fill-day constraints require ledger audit,adaptive,V4_CAUSAL_7_EXPERTS_RIDGE_ANCHOR20,disabled,2015-07-07,risk_off,0.021035758338572297,-0.003683260884072559,-0.01333332061767567,0.45864661654135336,0.07952104389107814,0.39849624060150374,0.3082706766917293,2015-06-29,2015-06-29,"{""long_momentum"": 0.14337915832188558, ""mean_reversion"": 0.09639341848495578, ""medium_momentum"": 0.1267540301054242, ""ridge"": 0.15254966794100222, ""risk_adjusted"": 0.1334021257218044, ""short_momentum"": 0.10166882324840229, ""trend"": 0.14060500845678803, ""volume_momentum"": 0.10524776771973744}",0.14959543046077006,0.05144874093929602,-0.25027118413234223,0.2021705897297051,4979.TWO,2015-07-07,2015-07-08
0.040243046245328255,121000,0,0.0015052809084364449,0.0015052809084364449,0.008398711412029674,D-1 estimated accounting; fill-day constraints require ledger audit,adaptive,V4_CAUSAL_7_EXPERTS_RIDGE_ANCHOR20,disabled,2015-07-07,risk_off,0.021035758338572297,-0.003683260884072559,-0.01333332061767567,0.45864661654135336,0.07952104389107814,0.39849624060150374,0.3082706766917293,2015-06-29,2015-06-29,"{""long_momentum"": 0.14337915832188558, ""mean_reversion"": 0.09639341848495578, ""medium_momentum"": 0.1267540301054242, ""ridge"": 0.15254966794100222, ""risk_adjusted"": 0.1334021257218044, ""short_momentum"": 0.10166882324840229, ""trend"": 0.14060500845678803, ""volume_momentum"": 0.10524776771973744}",0.251157896252868,0.3326587578528721,-0.35864032577010074,0.32763297719071954,5274.TWO,2015-07-07,2015-07-08
0.03814466158494883,836000,0,-0.015366509179953608,-0.015366509179953608,0.0766289779922183,D-1 estimated accounting; fill-day constraints require ledger audit,adaptive,V4_CAUSAL_7_EXPERTS_RIDGE_ANCHOR20,disabled,2015-07-07,risk_off,0.021035758338572297,-0.003683260884072559,-0.01333332061767567,0.45864661654135336,0.07952104389107814,0.39849624060150374,0.3082706766917293,2015-06-29,2015-06-29,"{""long_momentum"": 0.14337915832188558, ""mean_reversion"": 0.09639341848495578, ""medium_momentum"": 0.1267540301054242, ""ridge"": 0.15254966794100222, ""risk_adjusted"": 0.1334021257218044, ""short_momentum"": 0.10166882324840229, ""trend"": 0.14060500845678803, ""volume_momentum"": 0.10524776771973744}",0.1232637903116103,0.5404089115864795,-0.22160253873275437,0.15685160997659303,5347.TWO,2015-07-07,2015-07-08
0.041606947490456556,618000,0,0.01798799707597041,0.01798799707597041,0.14330433523518502,D-1 estimated accounting; fill-day constraints require ledger audit,adaptive,V4_CAUSAL_7_EXPERTS_RIDGE_ANCHOR20,disabled,2015-07-07,risk_off,0.021035758338572297,-0.003683260884072559,-0.01333332061767567,0.45864661654135336,0.07952104389107814,0.39849624060150374,0.3082706766917293,2015-06-29,2015-06-29,"{""long_momentum"": 0.14337915832188558, ""mean_reversion"": 0.09639341848495578, ""medium_momentum"": 0.1267540301054242, ""ridge"": 0.15254966794100222, ""risk_adjusted"": 0.1334021257218044, ""short_momentum"": 0.10166882324840229, ""trend"": 0.14060500845678803, ""volume_momentum"": 0.10524776771973744}",0.10480766118385498,0.7966623535031954,-0.15402641239562426,0.15598449615131094,6239.TW,2015-07-07,2015-07-08
0.04150886573675945,521000,0,0.026148233390185852,0.026148233390185852,0.1630754615444708,D-1 estimated accounting; fill-day constraints require ledger audit,adaptive,V4_CAUSAL_7_EXPERTS_RIDGE_ANCHOR20,disabled,2015-07-07,risk_off,0.021035758338572297,-0.003683260884072559,-0.01333332061767567,0.45864661654135336,0.07952104389107814,0.39849624060150374,0.3082706766917293,2015-06-29,2015-06-29,"{""long_momentum"": 0.14337915832188558, ""mean_reversion"": 0.09639341848495578, ""medium_momentum"": 0.1267540301054242, ""ridge"": 0.15254966794100222, ""risk_adjusted"": 0.1334021257218044, ""short_momentum"": 0.10166882324840229, ""trend"": 0.14060500845678803, ""volume_momentum"": 0.10524776771973744}",0.12101828317260986,0.7966623535031954,-0.17651783000002086,0.19479638638413843,6505.TW,2015-07-07,2015-07-08
0.041992342025271606,2920000,0,0.010258785139282519,0.010258785139282519,0.003678874752627653,D-1 estimated accounting; fill-day constraints require ledger audit,adaptive,V4_CAUSAL_7_EXPERTS_RIDGE_ANCHOR20,disabled,2015-07-07,risk_off,0.021035758338572297,-0.003683260884072559,-0.01333332061767567,0.45864661654135336,0.07952104389107814,0.39849624060150374,0.3082706766917293,2015-06-29,2015-06-29,"{""long_momentum"": 0.14337915832188558, ""mean_reversion"": 0.09639341848495578, ""medium_momentum"": 0.1267540301054242, ""ridge"": 0.15254966794100222, ""risk_adjusted"": 0.1334021257218044, ""short_momentum"": 0.10166882324840229, ""trend"": 0.14060500845678803, ""volume_momentum"": 0.10524776771973744}",0.09904880255881202,0.027559421970867637,-0.1455878182460221,0.13208747812833302,8069.TWO,2015-07-07,2015-07-08
0.04354153143823073,755000,0,0.029239352006523132,0.029239352006523132,0.1962569904354137,D-1 estimated accounting; fill-day constraints require ledger audit,adaptive,V4_CAUSAL_7_EXPERTS_RIDGE_ANCHOR20,disabled,2015-07-08,risk_off,0.020145738885789445,-0.044802839417424134,-0.01365187713310545,0.12030075187969924,0.08041537681286517,0.12030075187969924,0.09774436090225563,2015-06-29,2015-06-29,"{""long_momentum"": 0.14337915832188558, ""mean_reversion"": 0.09639341848495578, ""medium_momentum"": 0.1267540301054242, ""ridge"": 0.15254966794100222, ""risk_adjusted"": 0.1334021257218044, ""short_momentum"": 0.10166882324840229, ""trend"": 0.14060500845678803, ""volume_momentum"": 0.10524776771973744}",0.10474781319673487,0.7966623535031954,-0.14263356741345823,0.16709436103025038,1216.TW,2015-07-08,2015-07-09
0.04134289595426555,570000,0,-0.050456588226072414,-0.050456588226072414,0.12988727617499127,D-1 estimated accounting; fill-day constraints require ledger audit,adaptive,V4_CAUSAL_7_EXPERTS_RIDGE_ANCHOR20,disabled,2015-07-08,risk_off,0.020145738885789445,-0.044802839417424134,-0.01365187713310545,0.12030075187969924,0.08041537681286517,0.12030075187969924,0.09774436090225563,2015-06-29,2015-06-29,"{""long_momentum"": 0.14337915832188558, ""mean_reversion"": 0.09639341848495578, ""medium_momentum"": 0.1267540301054242, ""ridge"": 0.15254966794100222, ""risk_adjusted"": 0.1334021257218044, ""short_momentum"": 0.10166882324840229, ""trend"": 0.14060500845678803, ""volume_momentum"": 0.10524776771973744}",0.15892560974421666,0.502113827148084,-0.3055297017980678,0.1705986149496689,1303.TW,2015-07-08,2015-07-09
0.042914775443008014,425000,0,-0.005593186019232967,-0.005593186019232967,0.018272308034024923,D-1 estimated accounting; fill-day constraints require ledger audit,adaptive,V4_CAUSAL_7_EXPERTS_RIDGE_ANCHOR20,disabled,2015-07-08,risk_off,0.020145738885789445,-0.044802839417424134,-0.01365187713310545,0.12030075187969924,0.08041537681286517,0.12030075187969924,0.09774436090225563,2015-06-29,2015-06-29,"{""long_momentum"": 0.14337915832188558, ""mean_reversion"": 0.09639341848495578, ""medium_momentum"": 0.1267540301054242, ""ridge"": 0.15254966794100222, ""risk_adjusted"": 0.1334021257218044, ""short_momentum"": 0.10166882324840229, ""trend"": 0.14060500845678803, ""volume_momentum"": 0.10524776771973744}",0.125825163698967,0.23530957570447508,-0.21578754439638442,0.17058326196166435,2317.TW,2015-07-08,2015-07-09
0.044391881100544386,687000,0,0.13336160961108182,0.13336160961108182,0.3550752471982033,D-1 estimated accounting; fill-day constraints require ledger audit,adaptive,V4_CAUSAL_7_EXPERTS_RIDGE_ANCHOR20,disabled,2015-07-08,risk_off,0.020145738885789445,-0.044802839417424134,-0.01365187713310545,0.12030075187969924,0.08041537681286517,0.12030075187969924,0.09774436090225563,2015-06-29,2015-06-29,"{""long_momentum"": 0.14337915832188558, ""mean_reversion"": 0.09639341848495578, ""medium_momentum"": 0.1267540301054242, ""ridge"": 0.15254966794100222, ""risk_adjusted"": 0.1334021257218044, ""short_momentum"": 0.10166882324840229, ""trend"": 0.14060500845678803, ""volume_momentum"": 0.10524776771973744}",0.17207254883006037,0.7966623535031954,-0.1377716292959519,0.37047693812186144,2383.TW,2015-07-08,2015-07-09
0.03957127634716476,363000,0,-0.043593879910829116,-0.043593879910829116,0.08415859739176268,D-1 estimated accounting; fill-day constraints require ledger audit,adaptive,V4_CAUSAL_7_EXPERTS_RIDGE_ANCHOR20,disabled,2015-07-08,risk_off,0.020145738885789445,-0.044802839417424134,-0.01365187713310545,0.12030075187969924,0.08041537681286517,0.12030075187969924,0.09774436090225563,2015-06-29,2015-06-29,"{""long_momentum"": 0.14337915832188558, ""mean_reversion"": 0.09639341848495578, ""medium_momentum"": 0.1267540301054242, ""ridge"": 0.15254966794100222, ""risk_adjusted"": 0.1334021257218044, ""short_momentum"": 0.10166882324840229, ""trend"": 0.14060500845678803, ""volume_momentum"": 0.10524776771973744}",0.24133085474722496,0.502113827148084,-0.3930885221850231,0.2718828519671107,2451.TW,2015-07-08,2015-07-09
0.04193581939938429,97000,0,-0.011964803624580241,-0.011964803624580241,0.020536318416433913,D-1 estimated accounting; fill-day constraints require ledger audit,adaptive,V4_CAUSAL_7_EXPERTS_RIDGE_ANCHOR20,disabled,2015-07-08,risk_off,0.020145738885789445,-0.044802839417424134,-0.01365187713310545,0.12030075187969924,0.08041537681286517,0.12030075187969924,0.09774436090225563,2015-06-29,2015-06-29,"{""long_momentum"": 0.14337915832188558, ""mean_reversion"": 0.09639341848495578, ""medium_momentum"": 0.1267540301054242, ""ridge"": 0.15254966794100222, ""risk_adjusted"": 0.1334021257218044, ""short_momentum"": 0.10166882324840229, ""trend"": 0.14060500845678803, ""volume_momentum"": 0.10524776771973744}",0.17742158354865278,0.23530957570447508,-0.28946996604489417,0.23152244839947958,2454.TW,2015-07-08,2015-07-09
0.043064460463578445,672000,0,0.0053268558236874855,0.0053268558236874855,0.024294548284817495,D-1 estimated accounting; fill-day constraints require ledger audit,adaptive,V4_CAUSAL_7_EXPERTS_RIDGE_ANCHOR20,disabled,2015-07-08,risk_off,0.020145738885789445,-0.044802839417424134,-0.01365187713310545,0.12030075187969924,0.08041537681286517,0.12030075187969924,0.09774436090225563,2015-06-29,2015-06-29,"{""long_momentum"": 0.14337915832188558, ""mean_reversion"": 0.09639341848495578, ""medium_momentum"": 0.1267540301054242, ""ridge"": 0.15254966794100222, ""risk_adjusted"": 0.1334021257218044, ""short_momentum"": 0.10166882324840229, ""trend"": 0.14060500845678803, ""volume_momentum"": 0.10524776771973744}",0.1310760215033393,0.3326587578528721,-0.21266761354410174,0.18930341479522256,2881.TW,2015-07-08,2015-07-09
0.04301307127469812,1700000,0,0.00928329417607404,0.00928329417607404,0.005785804841621161,D-1 estimated accounting; fill-day constraints require ledger audit,adaptive,V4_CAUSAL_7_EXPERTS_RIDGE_ANCHOR20,disabled,2015-07-08,risk_off,0.020145738885789445,-0.044802839417424134,-0.01365187713310545,0.12030075187969924,0.08041537681286517,0.12030075187969924,0.09774436090225563,2015-06-29,2015-06-29,"{""long_momentum"": 0.14337915832188558, ""mean_reversion"": 0.09639341848495578, ""medium_momentum"": 0.1267540301054242, ""ridge"": 0.15254966794100222, ""risk_adjusted"": 0.1334021257218044, ""short_momentum"": 0.10166882324840229, ""trend"": 0.14060500845678803, ""volume_momentum"": 0.10524776771973744}",0.1127271256255528,0.05144874093929602,-0.17911306948587077,0.16366174744176473,2891.TW,2015-07-08,2015-07-09
0.04025753280510976,11000,0,-0.017712470243725638,-0.017712470243725638,0.0032892433446316603,D-1 estimated accounting; fill-day constraints require ledger audit,adaptive,V4_CAUSAL_7_EXPERTS_RIDGE_ANCHOR20,disabled,2015-07-08,risk_off,0.020145738885789445,-0.044802839417424134,-0.01365187713310545,0.12030075187969924,0.08041537681286517,0.12030075187969924,0.09774436090225563,2015-06-29,2015-06-29,"{""long_momentum"": 0.14337915832188558, ""mean_reversion"": 0.09639341848495578, ""medium_momentum"": 0.1267540301054242, ""ridge"": 0.15254966794100222, ""risk_adjusted"": 0.1334021257218044, ""short_momentum"": 0.10166882324840229, ""trend"": 0.14060500845678803, ""volume_momentum"": 0.10524776771973744}",0.332544917315651,0.05144874093929602,-0.46404040446501116,0.39459755358130577,3008.TW,2015-07-08,2015-07-09
0.041408319781438226,1521000,0,-0.00177010295726771,-0.00177010295726771,0.013181925599612804,D-1 estimated accounting; fill-day constraints require ledger audit,adaptive,V4_CAUSAL_7_EXPERTS_RIDGE_ANCHOR20,disabled,2015-07-08,risk_off,0.020145738885789445,-0.044802839417424134,-0.01365187713310545,0.12030075187969924,0.08041537681286517,0.12030075187969924,0.09774436090225563,2015-06-29,2015-06-29,"{""long_momentum"": 0.14337915832188558, ""mean_reversion"": 0.09639341848495578, ""medium_momentum"": 0.1267540301054242, ""ridge"": 0.15254966794100222, ""risk_adjusted"": 0.1334021257218044, ""short_momentum"": 0.10166882324840229, ""trend"": 0.14060500845678803, ""volume_momentum"": 0.10524776771973744}",0.25111045329166914,0.502113827148084,-0.3618644632932664,0.32430634698247685,3017.TW,2015-07-08,2015-07-09
0.04370802600656575,401000,0,0.008860992970095835,0.008860992970095835,0.06062075450248885,D-1 estimated accounting; fill-day constraints require ledger audit,adaptive,V4_CAUSAL_7_EXPERTS_RIDGE_ANCHOR20,disabled,2015-07-08,risk_off,0.020145738885789445,-0.044802839417424134,-0.01365187713310545,0.12030075187969924,0.08041537681286517,0.12030075187969924,0.09774436090225563,2015-06-29,2015-06-29,"{""long_momentum"": 0.14337915832188558, ""mean_reversion"": 0.09639341848495578, ""medium_momentum"": 0.1267540301054242, ""ridge"": 0.15254966794100222, ""risk_adjusted"": 0.1334021257218044, ""short_momentum"": 0.10166882324840229, ""trend"": 0.14060500845678803, ""volume_momentum"": 0.10524776771973744}",0.10272904831752608,0.5099040368594242,-0.1579945755919711,0.14169865113590868,3045.TW,2015-07-08,2015-07-09
0.04150117252147122,208000,0,0.1526517765763567,0.1526517765763567,0.5443852235707276,D-1 estimated accounting; fill-day constraints require ledger audit,adaptive,V4_CAUSAL_7_EXPERTS_RIDGE_ANCHOR20,disabled,2015-07-08,risk_off,0.020145738885789445,-0.044802839417424134,-0.01365187713310545,0.12030075187969924,0.08041537681286517,0.12030075187969924,0.09774436090225563,2015-06-29,2015-06-29,"{""long_momentum"": 0.14337915832188558, ""mean_reversion"": 0.09639341848495578, ""medium_momentum"": 0.1267540301054242, ""ridge"": 0.15254966794100222, ""risk_adjusted"": 0.1334021257218044, ""short_momentum"": 0.10166882324840229, ""trend"": 0.14060500845678803, ""volume_momentum"": 0.10524776771973744}",0.13194421124691352,0.9999999999999999,-0.06659740651570284,0.3378830492721621,3131.TWO,2015-07-08,2015-07-09
0.037712353818975475,408000,0,-0.007777711364591422,-0.007777711364591422,0.020177392099372405,D-1 estimated accounting; fill-day constraints require ledger audit,adaptive,V4_CAUSAL_7_EXPERTS_RIDGE_ANCHOR20,disabled,2015-07-08,risk_off,0.020145738885789445,-0.044802839417424134,-0.01365187713310545,0.12030075187969924,0.08041537681286517,0.12030075187969924,0.09774436090225563,2015-06-29,2015-06-29,"{""long_momentum"": 0.14337915832188558, ""mean_reversion"": 0.09639341848495578, ""medium_momentum"": 0.1267540301054242, ""ridge"": 0.15254966794100222, ""risk_adjusted"": 0.1334021257218044, ""short_momentum"": 0.10166882324840229, ""trend"": 0.14060500845678803, ""volume_momentum"": 0.10524776771973744}",0.32944635094719854,0.5404089115864795,-0.45087115726389526,0.40129782413845827,3227.TWO,2015-07-08,2015-07-09
0.03763884539978268,1197000,0,-0.015169749107107285,-0.015169749107107285,0.04528213309141978,D-1 estimated accounting; fill-day constraints require ledger audit,adaptive,V4_CAUSAL_7_EXPERTS_RIDGE_ANCHOR20,disabled,2015-07-08,risk_off,0.020145738885789445,-0.044802839417424134,-0.01365187713310545,0.12030075187969924,0.08041537681286517,0.12030075187969924,0.09774436090225563,2015-06-29,2015-06-29,"{""long_momentum"": 0.14337915832188558, ""mean_reversion"": 0.09639341848495578, ""medium_momentum"": 0.1267540301054242, ""ridge"": 0.15254966794100222, ""risk_adjusted"": 0.1334021257218044, ""short_momentum"": 0.10166882324840229, ""trend"": 0.14060500845678803, ""volume_momentum"": 0.10524776771973744}",0.22054135299443153,0.5404089115864795,-0.3418527130200041,0.2774953044095354,3363.TWO,2015-07-08,2015-07-09
0.04482172525052471,248000,0,0.0849064726680548,0.0849064726680548,0.2106951986024216,D-1 estimated accounting; fill-day constraints require ledger audit,adaptive,V4_CAUSAL_7_EXPERTS_RIDGE_ANCHOR20,disabled,2015-07-08,risk_off,0.020145738885789445,-0.044802839417424134,-0.01365187713310545,0.12030075187969924,0.08041537681286517,0.12030075187969924,0.09774436090225563,2015-06-29,2015-06-29,"{""long_momentum"": 0.14337915832188558, ""mean_reversion"": 0.09639341848495578, ""medium_momentum"": 0.1267540301054242, ""ridge"": 0.15254966794100222, ""risk_adjusted"": 0.1334021257218044, ""short_momentum"": 0.10166882324840229, ""trend"": 0.14060500845678803, ""volume_momentum"": 0.10524776771973744}",0.25004005950735864,0.7966623535031954,-0.27403125183298827,0.4098262867728438,3665.TW,2015-07-08,2015-07-09
0.044777753608118274,553000,0,0.03853214977295525,0.03853214977295525,0.2054815667080065,D-1 estimated accounting; fill-day constraints require ledger audit,adaptive,V4_CAUSAL_7_EXPERTS_RIDGE_ANCHOR20,disabled,2015-07-08,risk_off,0.020145738885789445,-0.044802839417424134,-0.01365187713310545,0.12030075187969924,0.08041537681286517,0.12030075187969924,0.09774436090225563,2015-06-29,2015-06-29,"{""long_momentum"": 0.14337915832188558, ""mean_reversion"": 0.09639341848495578, ""medium_momentum"": 0.1267540301054242, ""ridge"": 0.15254966794100222, ""risk_adjusted"": 0.1334021257218044, ""short_momentum"": 0.10166882324840229, ""trend"": 0.14060500845678803, ""volume_momentum"": 0.10524776771973744}",0.12747941527735906,0.8072131630300884,-0.17416179511605376,0.21720818426571012,4904.TW,2015-07-08,2015-07-09
0.038573909846465526,457000,0,-0.05692824309013731,-0.05692824309013731,0.07939172126204443,D-1 estimated accounting; fill-day constraints require ledger audit,adaptive,V4_CAUSAL_7_EXPERTS_RIDGE_ANCHOR20,disabled,2015-07-08,risk_off,0.020145738885789445,-0.044802839417424134,-0.01365187713310545,0.12030075187969924,0.08041537681286517,0.12030075187969924,0.09774436090225563,2015-06-29,2015-06-29,"{""long_momentum"": 0.14337915832188558, ""mean_reversion"": 0.09639341848495578, ""medium_momentum"": 0.1267540301054242, ""ridge"": 0.15254966794100222, ""risk_adjusted"": 0.1334021257218044, ""short_momentum"": 0.10166882324840229, ""trend"": 0.14060500845678803, ""volume_momentum"": 0.10524776771973744}",0.32973762146407576,0.502113827148084,-0.5003258524823782,0.3524514559058495,4979.TWO,2015-07-08,2015-07-09
0.04162524299306703,121000,0,-0.011256652555278288,-0.011256652555278288,0.0027854128016098277,D-1 estimated accounting; fill-day constraints require ledger audit,adaptive,V4_CAUSAL_7_EXPERTS_RIDGE_ANCHOR20,disabled,2015-07-08,risk_off,0.020145738885789445,-0.044802839417424134,-0.01365187713310545,0.12030075187969924,0.08041537681286517,0.12030075187969924,0.09774436090225563,2015-06-29,2015-06-29,"{""long_momentum"": 0.14337915832188558, ""mean_reversion"": 0.09639341848495578, ""medium_momentum"": 0.1267540301054242, ""ridge"": 0.15254966794100222, ""risk_adjusted"": 0.1334021257218044, ""short_momentum"": 0.10166882324840229, ""trend"": 0.14060500845678803, ""volume_momentum"": 0.10524776771973744}",0.28401636456206586,0.05144874093929602,-0.4065583157346766,0.35002710022786593,5274.TWO,2015-07-08,2015-07-09
0.03736258181636268,836000,0,-0.04172756880726497,-0.04172756880726497,0.0845278055811556,D-1 estimated accounting; fill-day constraints require ledger audit,adaptive,V4_CAUSAL_7_EXPERTS_RIDGE_ANCHOR20,disabled,2015-07-08,risk_off,0.020145738885789445,-0.044802839417424134,-0.01365187713310545,0.12030075187969924,0.08041537681286517,0.12030075187969924,0.09774436090225563,2015-06-29,2015-06-29,"{""long_momentum"": 0.14337915832188558, ""mean_reversion"": 0.09639341848495578, ""medium_momentum"": 0.1267540301054242, ""ridge"": 0.15254966794100222, ""risk_adjusted"": 0.1334021257218044, ""short_momentum"": 0.10166882324840229, ""trend"": 0.14060500845678803, ""volume_momentum"": 0.10524776771973744}",0.2520142999375922,0.5404089115864795,-0.40279795839911264,0.2853249103883286,5347.TWO,2015-07-08,2015-07-09
0.04132277786059174,618000,0,-0.00039913847240046624,-0.00039913847240046624,0.0017763031475448502,D-1 estimated accounting; fill-day constraints require ledger audit,adaptive,V4_CAUSAL_7_EXPERTS_RIDGE_ANCHOR20,disabled,2015-07-08,risk_off,0.020145738885789445,-0.044802839417424134,-0.01365187713310545,0.12030075187969924,0.08041537681286517,0.12030075187969924,0.09774436090225563,2015-06-29,2015-06-29,"{""long_momentum"": 0.14337915832188558, ""mean_reversion"": 0.09639341848495578, ""medium_momentum"": 0.1267540301054242, ""ridge"": 0.15254966794100222, ""risk_adjusted"": 0.1334021257218044, ""short_momentum"": 0.10166882324840229, ""trend"": 0.14060500845678803, ""volume_momentum"": 0.10524776771973744}",0.15098119387450507,0.05144874093929602,-0.24541666560154993,0.21060047826049486,6239.TW,2015-07-08,2015-07-09
0.041799368562450735,521000,0,-0.005834376997431439,-0.005834376997431439,0.014810140198576882,D-1 estimated accounting; fill-day constraints require ledger audit,adaptive,V4_CAUSAL_7_EXPERTS_RIDGE_ANCHOR20,disabled,2015-07-08,risk_off,0.020145738885789445,-0.044802839417424134,-0.01365187713310545,0.12030075187969924,0.08041537681286517,0.12030075187969924,0.09774436090225563,2015-06-29,2015-06-29,"{""long_momentum"": 0.14337915832188558, ""mean_reversion"": 0.09639341848495578, ""medium_momentum"": 0.1267540301054242, ""ridge"": 0.15254966794100222, ""risk_adjusted"": 0.1334021257218044, ""short_momentum"": 0.10166882324840229, ""trend"": 0.14060500845678803, ""volume_momentum"": 0.10524776771973744}",0.15076808781108475,0.22090381023450784,-0.2505776981929565,0.20489103380183948,6505.TW,2015-07-08,2015-07-09
0.04052061556853658,2920000,0,-0.0064850005214781405,-0.0064850005214781405,0.01227482707402084,D-1 estimated accounting; fill-day constraints require ledger audit,adaptive,V4_CAUSAL_7_EXPERTS_RIDGE_ANCHOR20,disabled,2015-07-08,risk_off,0.020145738885789445,-0.044802839417424134,-0.01365187713310545,0.12030075187969924,0.08041537681286517,0.12030075187969924,0.09774436090225563,2015-06-29,2015-06-29,"{""long_momentum"": 0.14337915832188558, ""mean_reversion"": 0.09639341848495578, ""medium_momentum"": 0.1267540301054242, ""ridge"": 0.15254966794100222, ""risk_adjusted"": 0.1334021257218044, ""short_momentum"": 0.10166882324840229, ""trend"": 0.14060500845678803, ""volume_momentum"": 0.10524776771973744}",0.20868352677244112,0.23530957570447508,-0.3199443760815531,0.2729564646423427,8069.TWO,2015-07-08,2015-07-09
0.04357533954039918,755000,0,0.009974160733271746,0.009974160733271746,0.10620294157154687,D-1 estimated accounting; fill-day constraints require ledger audit,adaptive,V4_CAUSAL_7_EXPERTS_RIDGE_ANCHOR20,disabled,2015-07-09,risk_off,0.020276769746084576,-0.050135316342200476,-0.02367694515301455,0.08270676691729323,0.07996202834525089,0.12030075187969924,0.13533834586466165,2015-06-29,2015-06-29,"{""long_momentum"": 0.14337915832188558, ""mean_reversion"": 0.09639341848495578, ""medium_momentum"": 0.1267540301054242, ""ridge"": 0.15254966794100222, ""risk_adjusted"": 0.1334021257218044, ""short_momentum"": 0.10166882324840229, ""trend"": 0.14060500845678803, ""volume_momentum"": 0.10524776771973744}",0.0973518252985448,0.7966623535031954,-0.13917244921353497,0.12510286028382434,1216.TW,2015-07-09,2015-07-13
0.039973487443477,570000,0,-0.044209763603251545,-0.044209763603251545,0.12414554179754442,D-1 estimated accounting; fill-day constraints require ledger audit,adaptive,V4_CAUSAL_7_EXPERTS_RIDGE_ANCHOR20,disabled,2015-07-09,risk_off,0.020276769746084576,-0.050135316342200476,-0.02367694515301455,0.08270676691729323,0.07996202834525089,0.12030075187969924,0.13533834586466165,2015-06-29,2015-06-29,"{""long_momentum"": 0.14337915832188558, ""mean_reversion"": 0.09639341848495578, ""medium_momentum"": 0.1267540301054242, ""ridge"": 0.15254966794100222, ""risk_adjusted"": 0.1334021257218044, ""short_momentum"": 0.10166882324840229, ""trend"": 0.14060500845678803, ""volume_momentum"": 0.10524776771973744}",0.149821972680732,0.502113827148084,-0.2877326058975188,0.16529516829476157,1303.TW,2015-07-09,2015-07-13
0.04244817195903332,425000,0,-0.024804673187906436,-0.024804673187906436,0.08396629761904541,D-1 estimated accounting; fill-day constraints require ledger audit,adaptive,V4_CAUSAL_7_EXPERTS_RIDGE_ANCHOR20,disabled,2015-07-09,risk_off,0.020276769746084576,-0.050135316342200476,-0.02367694515301455,0.08270676691729323,0.07996202834525089,0.12030075187969924,0.13533834586466165,2015-06-29,2015-06-29,"{""long_momentum"": 0.14337915832188558, ""mean_reversion"": 0.09639341848495578, ""medium_momentum"": 0.1267540301054242, ""ridge"": 0.15254966794100222, ""risk_adjusted"": 0.1334021257218044, ""short_momentum"": 0.10166882324840229, ""trend"": 0.14060500845678803, ""volume_momentum"": 0.10524776771973744}",0.1484256280833874,0.502113827148084,-0.2665167260804202,0.1828894693083532,2317.TW,2015-07-09,2015-07-13
0.045087237305417076,687000,0,0.07838740287920341,0.07838740287920341,0.2912968328089458,D-1 estimated accounting; fill-day constraints require ledger audit,adaptive,V4_CAUSAL_7_EXPERTS_RIDGE_ANCHOR20,disabled,2015-07-09,risk_off,0.020276769746084576,-0.050135316342200476,-0.02367694515301455,0.08270676691729323,0.07996202834525089,0.12030075187969924,0.13533834586466165,2015-06-29,2015-06-29,"{""long_momentum"": 0.14337915832188558, ""mean_reversion"": 0.09639341848495578, ""medium_momentum"": 0.1267540301054242, ""ridge"": 0.15254966794100222, ""risk_adjusted"": 0.1334021257218044, ""short_momentum"": 0.10166882324840229, ""trend"": 0.14060500845678803, ""volume_momentum"": 0.10524776771973744}",0.14466727244861285,0.7966623535031954,-0.1583903081265367,0.2811472034886894,2383.TW,2015-07-09,2015-07-13
0.038437236962780966,363000,0,-0.07560341533153912,-0.07560341533153912,0.1409399129104373,D-1 estimated accounting; fill-day constraints require ledger audit,adaptive,V4_CAUSAL_7_EXPERTS_RIDGE_ANCHOR20,disabled,2015-07-09,risk_off,0.020276769746084576,-0.050135316342200476,-0.02367694515301455,0.08270676691729323,0.07996202834525089,0.12030075187969924,0.13533834586466165,2015-06-29,2015-06-29,"{""long_momentum"": 0.14337915832188558, ""mean_reversion"": 0.09639341848495578, ""medium_momentum"": 0.1267540301054242, ""ridge"": 0.15254966794100222, ""risk_adjusted"": 0.1334021257218044, ""short_momentum"": 0.10166882324840229, ""trend"": 0.14060500845678803, ""volume_momentum"": 0.10524776771973744}",0.2065550518305936,0.502113827148084,-0.38666939537231393,0.20144465431298159,2451.TW,2015-07-09,2015-07-13
0.041655961028398365,97000,0,-0.0264619311410884,-0.0264619311410884,0.08200448730341915,D-1 estimated accounting; fill-day constraints require ledger audit,adaptive,V4_CAUSAL_7_EXPERTS_RIDGE_ANCHOR20,disabled,2015-07-09,risk_off,0.020276769746084576,-0.050135316342200476,-0.02367694515301455,0.08270676691729323,0.07996202834525089,0.12030075187969924,0.13533834586466165,2015-06-29,2015-06-29,"{""long_momentum"": 0.14337915832188558, ""mean_reversion"": 0.09639341848495578, ""medium_momentum"": 0.1267540301054242, ""ridge"": 0.15254966794100222, ""risk_adjusted"": 0.1334021257218044, ""short_momentum"": 0.10166882324840229, ""trend"": 0.14060500845678803, ""volume_momentum"": 0.10524776771973744}",0.1611796080501786,0.502113827148084,-0.2843349055840211,0.19739313290559013,2454.TW,2015-07-09,2015-07-13
0.041804961196692254,672000,0,-0.018985386163394506,-0.018985386163394506,0.05505553456315586,D-1 estimated accounting; fill-day constraints require ledger audit,adaptive,V4_CAUSAL_7_EXPERTS_RIDGE_ANCHOR20,disabled,2015-07-09,risk_off,0.020276769746084576,-0.050135316342200476,-0.02367694515301455,0.08270676691729323,0.07996202834525089,0.12030075187969924,0.13533834586466165,2015-06-29,2015-06-29,"{""long_momentum"": 0.14337915832188558, ""mean_reversion"": 0.09639341848495578, ""medium_momentum"": 0.1267540301054242, ""ridge"": 0.15254966794100222, ""risk_adjusted"": 0.1334021257218044, ""short_momentum"": 0.10166882324840229, ""trend"": 0.14060500845678803, ""volume_momentum"": 0.10524776771973744}",0.19476453857507797,0.502113827148084,-0.3166658053160287,0.24467712259298557,2881.TW,2015-07-09,2015-07-13
0.04268320770837432,1700000,0,-0.009714906225415298,-0.009714906225415298,0.022560398927360264,D-1 estimated accounting; fill-day constraints require ledger audit,adaptive,V4_CAUSAL_7_EXPERTS_RIDGE_ANCHOR20,disabled,2015-07-09,risk_off,0.020276769746084576,-0.050135316342200476,-0.02367694515301455,0.08270676691729323,0.07996202834525089,0.12030075187969924,0.13533834586466165,2015-06-29,2015-06-29,"{""long_momentum"": 0.14337915832188558, ""mean_reversion"": 0.09639341848495578, ""medium_momentum"": 0.1267540301054242, ""ridge"": 0.15254966794100222, ""risk_adjusted"": 0.1334021257218044, ""short_momentum"": 0.10166882324840229, ""trend"": 0.14060500845678803, ""volume_momentum"": 0.10524776771973744}",0.12574963752670137,0.21535551050431279,-0.21979412747510318,0.16634640462801847,2891.TW,2015-07-09,2015-07-13
0.0403502068653928,11000,0,-0.04974599282409039,-0.04974599282409039,0.046700945589165155,D-1 estimated accounting; fill-day constraints require ledger audit,adaptive,V4_CAUSAL_7_EXPERTS_RIDGE_ANCHOR20,disabled,2015-07-09,risk_off,0.020276769746084576,-0.050135316342200476,-0.02367694515301455,0.08270676691729323,0.07996202834525089,0.12030075187969924,0.13533834586466165,2015-06-29,2015-06-29,"{""long_momentum"": 0.14337915832188558, ""mean_reversion"": 0.09639341848495578, ""medium_momentum"": 0.1267540301054242, ""ridge"": 0.15254966794100222, ""risk_adjusted"": 0.1334021257218044, ""short_momentum"": 0.10166882324840229, ""trend"": 0.14060500845678803, ""volume_momentum"": 0.10524776771973744}",0.19770823661302686,0.21535551050431279,-0.3507900310135644,0.21728013496912943,3008.TW,2015-07-09,2015-07-13
0.041928006496960754,1521000,0,-0.029915063323731332,-0.029915063323731332,0.1369824862692727,D-1 estimated accounting; fill-day constraints require ledger audit,adaptive,V4_CAUSAL_7_EXPERTS_RIDGE_ANCHOR20,disabled,2015-07-09,risk_off,0.020276769746084576,-0.050135316342200476,-0.02367694515301455,0.08270676691729323,0.07996202834525089,0.12030075187969924,0.13533834586466165,2015-06-29,2015-06-29,"{""long_momentum"": 0.14337915832188558, ""mean_reversion"": 0.09639341848495578, ""medium_momentum"": 0.1267540301054242, ""ridge"": 0.15254966794100222, ""risk_adjusted"": 0.1334021257218044, ""short_momentum"": 0.10166882324840229, ""trend"": 0.14060500845678803, ""volume_momentum"": 0.10524776771973744}",0.17083312734308595,0.8072131630300884,-0.2995598217803534,0.2057117847366366,3017.TW,2015-07-09,2015-07-13
0.042884277827953704,401000,0,-0.010398996355978752,-0.010398996355978752,0.06083161002777523,D-1 estimated accounting; fill-day constraints require ledger audit,adaptive,V4_CAUSAL_7_EXPERTS_RIDGE_ANCHOR20,disabled,2015-07-09,risk_off,0.020276769746084576,-0.050135316342200476,-0.02367694515301455,0.08270676691729323,0.07996202834525089,0.12030075187969924,0.13533834586466165,2015-06-29,2015-06-29,"{""long_momentum"": 0.14337915832188558, ""mean_reversion"": 0.09639341848495578, ""medium_momentum"": 0.1267540301054242, ""ridge"": 0.15254966794100222, ""risk_adjusted"": 0.1334021257218044, ""short_momentum"": 0.10166882324840229, ""trend"": 0.14060500845678803, ""volume_momentum"": 0.10524776771973744}",0.11170677958862467,0.502113827148084,-0.19688111773805325,0.14206521462984162,3045.TW,2015-07-09,2015-07-13
0.04520793278224295,208000,0,0.17713756199601474,0.17713756199601474,0.3909472343772825,D-1 estimated accounting; fill-day constraints require ledger audit,adaptive,V4_CAUSAL_7_EXPERTS_RIDGE_ANCHOR20,disabled,2015-07-09,risk_off,0.020276769746084576,-0.050135316342200476,-0.02367694515301455,0.08270676691729323,0.07996202834525089,0.12030075187969924,0.13533834586466165,2015-06-29,2015-06-29,"{""long_momentum"": 0.14337915832188558, ""mean_reversion"": 0.09639341848495578, ""medium_momentum"": 0.1267540301054242, ""ridge"": 0.15254966794100222, ""risk_adjusted"": 0.1334021257218044, ""short_momentum"": 0.10166882324840229, ""trend"": 0.14060500845678803, ""volume_momentum"": 0.10524776771973744}",0.19393323374596752,0.8072131630300884,-0.11959012992076887,0.4398473435165442,3131.TWO,2015-07-09,2015-07-13
0.0374362121762216,408000,0,-0.05931621474830657,-0.05931621474830657,0.15210587882209123,D-1 estimated accounting; fill-day constraints require ledger audit,adaptive,V4_CAUSAL_7_EXPERTS_RIDGE_ANCHOR20,disabled,2015-07-09,risk_off,0.020276769746084576,-0.050135316342200476,-0.02367694515301455,0.08270676691729323,0.07996202834525089,0.12030075187969924,0.13533834586466165,2015-06-29,2015-06-29,"{""long_momentum"": 0.14337915832188558, ""mean_reversion"": 0.09639341848495578, ""medium_momentum"": 0.1267540301054242, ""ridge"": 0.15254966794100222, ""risk_adjusted"": 0.1334021257218044, ""short_momentum"": 0.10166882324840229, ""trend"": 0.14060500845678803, ""volume_momentum"": 0.10524776771973744}",0.2770045517016669,0.8072131630300884,-0.44716617790766233,0.2945158380147951,3227.TWO,2015-07-09,2015-07-13
0.03773202290460148,1197000,0,-0.04279021145155168,-0.04279021145155168,0.21867497144027856,D-1 estimated accounting; fill-day constraints require ledger audit,adaptive,V4_CAUSAL_7_EXPERTS_RIDGE_ANCHOR20,disabled,2015-07-09,risk_off,0.020276769746084576,-0.050135316342200476,-0.02367694515301455,0.08270676691729323,0.07996202834525089,0.12030075187969924,0.13533834586466165,2015-06-29,2015-06-29,"{""long_momentum"": 0.14337915832188558, ""mean_reversion"": 0.09639341848495578, ""medium_momentum"": 0.1267540301054242, ""ridge"": 0.15254966794100222, ""risk_adjusted"": 0.1334021257218044, ""short_momentum"": 0.10166882324840229, ""trend"": 0.14060500845678803, ""volume_momentum"": 0.10524776771973744}",0.1286217825393535,0.8072131630300884,-0.25718666370348287,0.13758833040412538,3363.TWO,2015-07-09,2015-07-13
0.045652797083994945,248000,0,0.06613068751364627,0.06613068751364627,0.18466683495671904,D-1 estimated accounting; fill-day constraints require ledger audit,adaptive,V4_CAUSAL_7_EXPERTS_RIDGE_ANCHOR20,disabled,2015-07-09,risk_off,0.020276769746084576,-0.050135316342200476,-0.02367694515301455,0.08270676691729323,0.07996202834525089,0.12030075187969924,0.13533834586466165,2015-06-29,2015-06-29,"{""long_momentum"": 0.14337915832188558, ""mean_reversion"": 0.09639341848495578, ""medium_momentum"": 0.1267540301054242, ""ridge"": 0.15254966794100222, ""risk_adjusted"": 0.1334021257218044, ""short_momentum"": 0.10166882324840229, ""trend"": 0.14060500845678803, ""volume_momentum"": 0.10524776771973744}",0.23573080677796843,0.7966623535031954,-0.2772594103174042,0.3755028749484426,3665.TW,2015-07-09,2015-07-13
0.04433956621003557,553000,0,0.03393022354644524,0.03393022354644524,0.22512127416278652,D-1 estimated accounting; fill-day constraints require ledger audit,adaptive,V4_CAUSAL_7_EXPERTS_RIDGE_ANCHOR20,disabled,2015-07-09,risk_off,0.020276769746084576,-0.050135316342200476,-0.02367694515301455,0.08270676691729323,0.07996202834525089,0.12030075187969924,0.13533834586466165,2015-06-29,2015-06-29,"{""long_momentum"": 0.14337915832188558, ""mean_reversion"": 0.09639341848495578, ""medium_momentum"": 0.1267540301054242, ""ridge"": 0.15254966794100222, ""risk_adjusted"": 0.1334021257218044, ""short_momentum"": 0.10166882324840229, ""trend"": 0.14060500845678803, ""volume_momentum"": 0.10524776771973744}",0.09883660292633846,0.7966623535031954,-0.12116236844378794,0.15500490514042425,4904.TW,2015-07-09,2015-07-13
0.03884818903984959,457000,0,-0.06989155669435936,-0.06989155669435936,0.1139959882366876,D-1 estimated accounting; fill-day constraints require ledger audit,adaptive,V4_CAUSAL_7_EXPERTS_RIDGE_ANCHOR20,disabled,2015-07-09,risk_off,0.020276769746084576,-0.050135316342200476,-0.02367694515301455,0.08270676691729323,0.07996202834525089,0.12030075187969924,0.13533834586466165,2015-06-29,2015-06-29,"{""long_momentum"": 0.14337915832188558, ""mean_reversion"": 0.09639341848495578, ""medium_momentum"": 0.1267540301054242, ""ridge"": 0.15254966794100222, ""risk_adjusted"": 0.1334021257218044, ""short_momentum"": 0.10166882324840229, ""trend"": 0.14060500845678803, ""volume_momentum"": 0.10524776771973744}",0.2549804566505828,0.502113827148084,-0.4341609563933244,0.26035993260835155,4979.TWO,2015-07-09,2015-07-13
0.04198199903106294,121000,0,-0.041019486940559596,-0.041019486940559596,0.040577388223666744,D-1 estimated accounting; fill-day constraints require ledger audit,adaptive,V4_CAUSAL_7_EXPERTS_RIDGE_ANCHOR20,disabled,2015-07-09,risk_off,0.020276769746084576,-0.050135316342200476,-0.02367694515301455,0.08270676691729323,0.07996202834525089,0.12030075187969924,0.13533834586466165,2015-06-29,2015-06-29,"{""long_momentum"": 0.14337915832188558, ""mean_reversion"": 0.09639341848495578, ""medium_momentum"": 0.1267540301054242, ""ridge"": 0.15254966794100222, ""risk_adjusted"": 0.1334021257218044, ""short_momentum"": 0.10166882324840229, ""trend"": 0.14060500845678803, ""volume_momentum"": 0.10524776771973744}",0.11427438482447519,0.14133809603061553,-0.2322399691830757,0.1161830849057024,5274.TWO,2015-07-09,2015-07-13
0.03645345192642086,836000,0,-0.07308834140506901,-0.07308834140506901,0.1169732969530378,D-1 estimated accounting; fill-day constraints require ledger audit,adaptive,V4_CAUSAL_7_EXPERTS_RIDGE_ANCHOR20,disabled,2015-07-09,risk_off,0.020276769746084576,-0.050135316342200476,-0.02367694515301455,0.08270676691729323,0.07996202834525089,0.12030075187969924,0.13533834586466165,2015-06-29,2015-06-29,"{""long_momentum"": 0.14337915832188558, ""mean_reversion"": 0.09639341848495578, ""medium_momentum"": 0.1267540301054242, ""ridge"": 0.15254966794100222, ""risk_adjusted"": 0.1334021257218044, ""short_momentum"": 0.10166882324840229, ""trend"": 0.14060500845678803, ""volume_momentum"": 0.10524776771973744}",0.25710983612674004,0.502113827148084,-0.43965057932188656,0.25945598611549436,5347.TWO,2015-07-09,2015-07-13
0.04109061487013346,618000,0,-0.01730080210947471,-0.01730080210947471,0.025071641211623245,D-1 estimated accounting; fill-day constraints require ledger audit,adaptive,V4_CAUSAL_7_EXPERTS_RIDGE_ANCHOR20,disabled,2015-07-09,risk_off,0.020276769746084576,-0.050135316342200476,-0.02367694515301455,0.08270676691729323,0.07996202834525089,0.12030075187969924,0.13533834586466165,2015-06-29,2015-06-29,"{""long_momentum"": 0.14337915832188558, ""mean_reversion"": 0.09639341848495578, ""medium_momentum"": 0.1267540301054242, ""ridge"": 0.15254966794100222, ""risk_adjusted"": 0.1334021257218044, ""short_momentum"": 0.10166882324840229, ""trend"": 0.14060500845678803, ""volume_momentum"": 0.10524776771973744}",0.16925429324324154,0.21535551050431279,-0.2850424410347284,0.21642292641952487,6239.TW,2015-07-09,2015-07-13
0.042778749393348414,521000,0,0.0016543031174496227,0.0016543031174496227,0.013452382783742294,D-1 estimated accounting; fill-day constraints require ledger audit,adaptive,V4_CAUSAL_7_EXPERTS_RIDGE_ANCHOR20,disabled,2015-07-09,risk_off,0.020276769746084576,-0.050135316342200476,-0.02367694515301455,0.08270676691729323,0.07996202834525089,0.12030075187969924,0.13533834586466165,2015-06-29,2015-06-29,"{""long_momentum"": 0.14337915832188558, ""mean_reversion"": 0.09639341848495578, ""medium_momentum"": 0.1267540301054242, ""ridge"": 0.15254966794100222, ""risk_adjusted"": 0.1334021257218044, ""short_momentum"": 0.10166882324840229, ""trend"": 0.14060500845678803, ""volume_momentum"": 0.10524776771973744}",0.09987261244435605,0.21535551050431279,-0.15695987144486345,0.12625056728350859,6505.TW,2015-07-09,2015-07-13
0.0403961085301414,2920000,0,-0.028888807098110127,-0.028888807098110127,0.06541580069870011,D-1 estimated accounting; fill-day constraints require ledger audit,adaptive,V4_CAUSAL_7_EXPERTS_RIDGE_ANCHOR20,disabled,2015-07-09,risk_off,0.020276769746084576,-0.050135316342200476,-0.02367694515301455,0.08270676691729323,0.07996202834525089,0.12030075187969924,0.13533834586466165,2015-06-29,2015-06-29,"{""long_momentum"": 0.14337915832188558, ""mean_reversion"": 0.09639341848495578, ""medium_momentum"": 0.1267540301054242, ""ridge"": 0.15254966794100222, ""risk_adjusted"": 0.1334021257218044, ""short_momentum"": 0.10166882324840229, ""trend"": 0.14060500845678803, ""volume_momentum"": 0.10524776771973744}",0.22623242428281762,0.502113827148084,-0.3618590936810126,0.27006356908853824,8069.TWO,2015-07-09,2015-07-13
0.04286529102489877,755000,0,0.015057213860022107,0.015057213860022107,0.1362312776477132,D-1 estimated accounting; fill-day constraints require ledger audit,adaptive,V4_CAUSAL_7_EXPERTS_RIDGE_ANCHOR20,disabled,2015-07-13,risk_off,0.021218110165991153,-0.021791777200370177,-0.01038148788927351,0.21052631578947367,0.08053238925357309,0.2631578947368421,0.21804511278195488,2015-06-29,2015-06-29,"{""long_momentum"": 0.14337915832188558, ""mean_reversion"": 0.09639341848495578, ""medium_momentum"": 0.1267540301054242, ""ridge"": 0.15254966794100222, ""risk_adjusted"": 0.1334021257218044, ""short_momentum"": 0.10166882324840229, ""trend"": 0.14060500845678803, ""volume_momentum"": 0.10524776771973744}",0.09723469938006739,0.7966623535031954,-0.133553238843803,0.12964975616759308,1216.TW,2015-07-13,2015-07-14
0.04000979501561943,570000,0,-0.041020703311445354,-0.041020703311445354,0.21873996959834566,D-1 estimated accounting; fill-day constraints require ledger audit,adaptive,V4_CAUSAL_7_EXPERTS_RIDGE_ANCHOR20,disabled,2015-07-13,risk_off,0.021218110165991153,-0.021791777200370177,-0.01038148788927351,0.21052631578947367,0.08053238925357309,0.2631578947368421,0.21804511278195488,2015-06-29,2015-06-29,"{""long_momentum"": 0.14337915832188558, ""mean_reversion"": 0.09639341848495578, ""medium_momentum"": 0.1267540301054242, ""ridge"": 0.15254966794100222, ""risk_adjusted"": 0.1334021257218044, ""short_momentum"": 0.10166882324840229, ""trend"": 0.14060500845678803, ""volume_momentum"": 0.10524776771973744}",0.10017945093115847,0.6949006641179954,-0.20060992424106866,0.08455060722192384,1303.TW,2015-07-13,2015-07-14
0.04316817302732339,425000,0,-0.005755872132873468,-0.005755872132873468,0.021059947885986835,D-1 estimated accounting; fill-day constraints require ledger audit,adaptive,V4_CAUSAL_7_EXPERTS_RIDGE_ANCHOR20,disabled,2015-07-13,risk_off,0.021218110165991153,-0.021791777200370177,-0.01038148788927351,0.21052631578947367,0.08053238925357309,0.2631578947368421,0.21804511278195488,2015-06-29,2015-06-29,"{""long_momentum"": 0.14337915832188558, ""mean_reversion"": 0.09639341848495578, ""medium_momentum"": 0.1267540301054242, ""ridge"": 0.15254966794100222, ""risk_adjusted"": 0.1334021257218044, ""short_momentum"": 0.10166882324840229, ""trend"": 0.14060500845678803, ""volume_momentum"": 0.10524776771973744}",0.10403437154845364,0.22475876617758206,-0.1759123494971888,0.13038269483518777,2317.TW,2015-07-13,2015-07-14
0.04502495992693659,687000,0,0.06773442617744561,0.06773442617744561,0.284082662305844,D-1 estimated accounting; fill-day constraints require ledger audit,adaptive,V4_CAUSAL_7_EXPERTS_RIDGE_ANCHOR20,disabled,2015-07-13,risk_off,0.021218110165991153,-0.021791777200370177,-0.01038148788927351,0.21052631578947367,0.08053238925357309,0.2631578947368421,0.21804511278195488,2015-06-29,2015-06-29,"{""long_momentum"": 0.14337915832188558, ""mean_reversion"": 0.09639341848495578, ""medium_momentum"": 0.1267540301054242, ""ridge"": 0.15254966794100222, ""risk_adjusted"": 0.1334021257218044, ""short_momentum"": 0.10166882324840229, ""trend"": 0.14060500845678803, ""volume_momentum"": 0.10524776771973744}",0.1339384687444721,0.8072131630300884,-0.1543639879120351,0.2558149298706722,2383.TW,2015-07-13,2015-07-14
0.03756812525199267,363000,0,-0.08388740081564738,-0.08388740081564738,0.17056443360845527,D-1 estimated accounting; fill-day constraints require ledger audit,adaptive,V4_CAUSAL_7_EXPERTS_RIDGE_ANCHOR20,disabled,2015-07-13,risk_off,0.021218110165991153,-0.021791777200370177,-0.01038148788927351,0.21052631578947367,0.08053238925357309,0.2631578947368421,0.21804511278195488,2015-06-29,2015-06-29,"{""long_momentum"": 0.14337915832188558, ""mean_reversion"": 0.09639341848495578, ""medium_momentum"": 0.1267540301054242, ""ridge"": 0.15254966794100222, ""risk_adjusted"": 0.1334021257218044, ""short_momentum"": 0.10166882324840229, ""trend"": 0.14060500845678803, ""volume_momentum"": 0.10524776771973744}",0.17278258550310607,0.502113827148084,-0.35587123631207634,0.15407852428452745,2451.TW,2015-07-13,2015-07-14
0.04092387222871672,97000,0,-0.04872280641919233,-0.04872280641919233,0.15654552811332673,D-1 estimated accounting; fill-day constraints require ledger audit,adaptive,V4_CAUSAL_7_EXPERTS_RIDGE_ANCHOR20,disabled,2015-07-13,risk_off,0.021218110165991153,-0.021791777200370177,-0.01038148788927351,0.21052631578947367,0.08053238925357309,0.2631578947368421,0.21804511278195488,2015-06-29,2015-06-29,"{""long_momentum"": 0.14337915832188558, ""mean_reversion"": 0.09639341848495578, ""medium_momentum"": 0.1267540301054242, ""ridge"": 0.15254966794100222, ""risk_adjusted"": 0.1334021257218044, ""short_momentum"": 0.10166882324840229, ""trend"": 0.14060500845678803, ""volume_momentum"": 0.10524776771973744}",0.11859105180068953,0.502113827148084,-0.24740819460869196,0.11594467137405315,2454.TW,2015-07-13,2015-07-14
0.04262415603236956,672000,0,-0.0008987410267026477,-0.0008987410267026477,0.01855893741574287,D-1 estimated accounting; fill-day constraints require ledger audit,adaptive,V4_CAUSAL_7_EXPERTS_RIDGE_ANCHOR20,disabled,2015-07-13,risk_off,0.021218110165991153,-0.021791777200370177,-0.01038148788927351,0.21052631578947367,0.08053238925357309,0.2631578947368421,0.21804511278195488,2015-06-29,2015-06-29,"{""long_momentum"": 0.14337915832188558, ""mean_reversion"": 0.09639341848495578, ""medium_momentum"": 0.1267540301054242, ""ridge"": 0.15254966794100222, ""risk_adjusted"": 0.1334021257218044, ""short_momentum"": 0.10166882324840229, ""trend"": 0.14060500845678803, ""volume_momentum"": 0.10524776771973744}",0.09665671125332717,0.32266549961970775,-0.146643503654983,0.11082811120532358,2881.TW,2015-07-13,2015-07-14
0.04268179009028218,1700000,0,-8.618819616166336e-06,-8.618819616166336e-06,0.010149669104274155,D-1 estimated accounting; fill-day constraints require ledger audit,adaptive,V4_CAUSAL_7_EXPERTS_RIDGE_ANCHOR20,disabled,2015-07-13,risk_off,0.021218110165991153,-0.021791777200370177,-0.01038148788927351,0.21052631578947367,0.08053238925357309,0.2631578947368421,0.21804511278195488,2015-06-29,2015-06-29,"{""long_momentum"": 0.14337915832188558, ""mean_reversion"": 0.09639341848495578, ""medium_momentum"": 0.1267540301054242, ""ridge"": 0.15254966794100222, ""risk_adjusted"": 0.1334021257218044, ""short_momentum"": 0.10166882324840229, ""trend"": 0.14060500845678803, ""volume_momentum"": 0.10524776771973744}",0.09605760010070247,0.20480470097741976,-0.142223780657032,0.10818863262154554,2891.TW,2015-07-13,2015-07-14
0.04123498013510691,11000,0,-0.034398532813180234,-0.034398532813180234,0.034373067946376304,D-1 estimated accounting; fill-day constraints require ledger audit,adaptive,V4_CAUSAL_7_EXPERTS_RIDGE_ANCHOR20,disabled,2015-07-13,risk_off,0.021218110165991153,-0.021791777200370177,-0.01038148788927351,0.21052631578947367,0.08053238925357309,0.2631578947368421,0.21804511278195488,2015-06-29,2015-06-29,"{""long_momentum"": 0.14337915832188558, ""mean_reversion"": 0.09639341848495578, ""medium_momentum"": 0.1267540301054242, ""ridge"": 0.15254966794100222, ""risk_adjusted"": 0.1334021257218044, ""short_momentum"": 0.10166882324840229, ""trend"": 0.14060500845678803, ""volume_momentum"": 0.10524776771973744}",0.12260369587649576,0.14133809603061553,-0.23959543158563673,0.13678045556302215,3008.TW,2015-07-13,2015-07-14
0.04187950080287087,1521000,0,-0.020506661224803716,-0.020506661224803716,0.06432299747257234,D-1 estimated accounting; fill-day constraints require ledger audit,adaptive,V4_CAUSAL_7_EXPERTS_RIDGE_ANCHOR20,disabled,2015-07-13,risk_off,0.021218110165991153,-0.021791777200370177,-0.01038148788927351,0.21052631578947367,0.08053238925357309,0.2631578947368421,0.21804511278195488,2015-06-29,2015-06-29,"{""long_momentum"": 0.14337915832188558, ""mean_reversion"": 0.09639341848495578, ""medium_momentum"": 0.1267540301054242, ""ridge"": 0.15254966794100222, ""risk_adjusted"": 0.1334021257218044, ""short_momentum"": 0.10166882324840229, ""trend"": 0.14060500845678803, ""volume_momentum"": 0.10524776771973744}",0.1064059450500403,0.3326587578528721,-0.19617325262746527,0.12114201978160374,3017.TW,2015-07-13,2015-07-14
0.042554024928047704,401000,0,-0.005728208164720744,-0.005728208164720744,0.02165070008770151,D-1 estimated accounting; fill-day constraints require ledger audit,adaptive,V4_CAUSAL_7_EXPERTS_RIDGE_ANCHOR20,disabled,2015-07-13,risk_off,0.021218110165991153,-0.021791777200370177,-0.01038148788927351,0.21052631578947367,0.08053238925357309,0.2631578947368421,0.21804511278195488,2015-06-29,2015-06-29,"{""long_momentum"": 0.14337915832188558, ""mean_reversion"": 0.09639341848495578, ""medium_momentum"": 0.1267540301054242, ""ridge"": 0.15254966794100222, ""risk_adjusted"": 0.1334021257218044, ""short_momentum"": 0.10166882324840229, ""trend"": 0.14060500845678803, ""volume_momentum"": 0.10524776771973744}",0.10587079792209465,0.23530957570447508,-0.1801975960865276,0.13472326936083198,3045.TW,2015-07-13,2015-07-14
0.04364712101270341,208000,0,0.14895803585983966,0.14895803585983966,0.28304441338078357,D-1 estimated accounting; fill-day constraints require ledger audit,adaptive,V4_CAUSAL_7_EXPERTS_RIDGE_ANCHOR20,disabled,2015-07-13,risk_off,0.021218110165991153,-0.021791777200370177,-0.01038148788927351,0.21052631578947367,0.08053238925357309,0.2631578947368421,0.21804511278195488,2015-06-29,2015-06-29,"{""long_momentum"": 0.14337915832188558, ""mean_reversion"": 0.09639341848495578, ""medium_momentum"": 0.1267540301054242, ""ridge"": 0.15254966794100222, ""risk_adjusted"": 0.1334021257218044, ""short_momentum"": 0.10166882324840229, ""trend"": 0.14060500845678803, ""volume_momentum"": 0.10524776771973744}",0.2851142341627784,0.8072131630300884,-0.2475082291448393,0.5114063904682644,3131.TWO,2015-07-13,2015-07-14
0.03730774375339016,408000,0,-0.07058491763770329,-0.07058491763770329,0.39873634494239496,D-1 estimated accounting; fill-day constraints require ledger audit,adaptive,V4_CAUSAL_7_EXPERTS_RIDGE_ANCHOR20,disabled,2015-07-13,risk_off,0.021218110165991153,-0.021791777200370177,-0.01038148788927351,0.21052631578947367,0.08053238925357309,0.2631578947368421,0.21804511278195488,2015-06-29,2015-06-29,"{""long_momentum"": 0.14337915832188558, ""mean_reversion"": 0.09639341848495578, ""medium_momentum"": 0.1267540301054242, ""ridge"": 0.15254966794100222, ""risk_adjusted"": 0.1334021257218044, ""short_momentum"": 0.10166882324840229, ""trend"": 0.14060500845678803, ""volume_momentum"": 0.10524776771973744}",0.1139762262019007,0.9999999999999999,-0.2612680743758309,0.08608032870417019,3227.TWO,2015-07-13,2015-07-14
0.03877063640542121,1197000,0,-0.04002137921671006,-0.04002137921671006,0.1301071149870661,D-1 estimated accounting; fill-day constraints require ledger audit,adaptive,V4_CAUSAL_7_EXPERTS_RIDGE_ANCHOR20,disabled,2015-07-13,risk_off,0.021218110165991153,-0.021791777200370177,-0.01038148788927351,0.21052631578947367,0.08053238925357309,0.2631578947368421,0.21804511278195488,2015-06-29,2015-06-29,"{""long_momentum"": 0.14337915832188558, ""mean_reversion"": 0.09639341848495578, ""medium_momentum"": 0.1267540301054242, ""ridge"": 0.15254966794100222, ""risk_adjusted"": 0.1334021257218044, ""short_momentum"": 0.10166882324840229, ""trend"": 0.14060500845678803, ""volume_momentum"": 0.10524776771973744}",0.1383271067307519,0.5298581020595865,-0.2682450547709485,0.15418438594127426,3363.TWO,2015-07-13,2015-07-14
0.04612411997925923,248000,0,0.05778883637362958,0.05778883637362958,0.22776147021421983,D-1 estimated accounting; fill-day constraints require ledger audit,adaptive,V4_CAUSAL_7_EXPERTS_RIDGE_ANCHOR20,disabled,2015-07-13,risk_off,0.021218110165991153,-0.021791777200370177,-0.01038148788927351,0.21052631578947367,0.08053238925357309,0.2631578947368421,0.21804511278195488,2015-06-29,2015-06-29,"{""long_momentum"": 0.14337915832188558, ""mean_reversion"": 0.09639341848495578, ""medium_momentum"": 0.1267540301054242, ""ridge"": 0.15254966794100222, ""risk_adjusted"": 0.1334021257218044, ""short_momentum"": 0.10166882324840229, ""trend"": 0.14060500845678803, ""volume_momentum"": 0.10524776771973744}",0.15974210867368532,0.8072131630300884,-0.19830099251040922,0.27986075486141426,3665.TW,2015-07-13,2015-07-14
0.043020370406711236,553000,0,0.018219123341013603,0.018219123341013603,0.09701090336709442,D-1 estimated accounting; fill-day constraints require ledger audit,adaptive,V4_CAUSAL_7_EXPERTS_RIDGE_ANCHOR20,disabled,2015-07-13,risk_off,0.021218110165991153,-0.021791777200370177,-0.01038148788927351,0.21052631578947367,0.08053238925357309,0.2631578947368421,0.21804511278195488,2015-06-29,2015-06-29,"{""long_momentum"": 0.14337915832188558, ""mean_reversion"": 0.09639341848495578, ""medium_momentum"": 0.1267540301054242, ""ridge"": 0.15254966794100222, ""risk_adjusted"": 0.1334021257218044, ""short_momentum"": 0.10166882324840229, ""trend"": 0.14060500845678803, ""volume_momentum"": 0.10524776771973744}",0.11707726783399675,0.5861668180637205,-0.17791011720646477,0.18033045349223786,4904.TW,2015-07-13,2015-07-14
0.04207233497467916,457000,0,-0.03842325874059947,-0.03842325874059947,0.008736165687838427,D-1 estimated accounting; fill-day constraints require ledger audit,adaptive,V4_CAUSAL_7_EXPERTS_RIDGE_ANCHOR20,disabled,2015-07-13,risk_off,0.021218110165991153,-0.021791777200370177,-0.01038148788927351,0.21052631578947367,0.08053238925357309,0.2631578947368421,0.21804511278195488,2015-06-29,2015-06-29,"{""long_momentum"": 0.14337915832188558, ""mean_reversion"": 0.09639341848495578, ""medium_momentum"": 0.1267540301054242, ""ridge"": 0.15254966794100222, ""risk_adjusted"": 0.1334021257218044, ""short_momentum"": 0.10166882324840229, ""trend"": 0.14060500845678803, ""volume_momentum"": 0.10524776771973744}",0.2647465514361937,0.061999550466189046,-0.4131843797295134,0.30231995185206034,4979.TWO,2015-07-13,2015-07-14
0.041899907372323915,121000,0,-0.016715924989829063,-0.016715924989829063,0.033284686870046896,D-1 estimated accounting; fill-day constraints require ledger audit,adaptive,V4_CAUSAL_7_EXPERTS_RIDGE_ANCHOR20,disabled,2015-07-13,risk_off,0.021218110165991153,-0.021791777200370177,-0.01038148788927351,0.21052631578947367,0.08053238925357309,0.2631578947368421,0.21804511278195488,2015-06-29,2015-06-29,"{""long_momentum"": 0.14337915832188558, ""mean_reversion"": 0.09639341848495578, ""medium_momentum"": 0.1267540301054242, ""ridge"": 0.15254966794100222, ""risk_adjusted"": 0.1334021257218044, ""short_momentum"": 0.10166882324840229, ""trend"": 0.14060500845678803, ""volume_momentum"": 0.10524776771973744}",0.11190478598018681,0.20480470097741976,-0.20357298385927985,0.13612322348336758,5274.TWO,2015-07-13,2015-07-14
0.037404239934524755,836000,0,-0.05831928054375428,-0.05831928054375428,0.38005047220403165,D-1 estimated accounting; fill-day constraints require ledger audit,adaptive,V4_CAUSAL_7_EXPERTS_RIDGE_ANCHOR20,disabled,2015-07-13,risk_off,0.021218110165991153,-0.021791777200370177,-0.01038148788927351,0.21052631578947367,0.08053238925357309,0.2631578947368421,0.21804511278195488,2015-06-29,2015-06-29,"{""long_momentum"": 0.14337915832188558, ""mean_reversion"": 0.09639341848495578, ""medium_momentum"": 0.1267540301054242, ""ridge"": 0.15254966794100222, ""risk_adjusted"": 0.1334021257218044, ""short_momentum"": 0.10166882324840229, ""trend"": 0.14060500845678803, ""volume_momentum"": 0.10524776771973744}",0.1032882760172097,0.9999999999999999,-0.22661670781564164,0.07596023633187894,5347.TWO,2015-07-13,2015-07-14
0.03952768322102188,618000,0,-0.042424928320363715,-0.042424928320363715,0.1216546359526303,D-1 estimated accounting; fill-day constraints require ledger audit,adaptive,V4_CAUSAL_7_EXPERTS_RIDGE_ANCHOR20,disabled,2015-07-13,risk_off,0.021218110165991153,-0.021791777200370177,-0.01038148788927351,0.21052631578947367,0.08053238925357309,0.2631578947368421,0.21804511278195488,2015-06-29,2015-06-29,"{""long_momentum"": 0.14337915832188558, ""mean_reversion"": 0.09639341848495578, ""medium_momentum"": 0.1267540301054242, ""ridge"": 0.15254966794100222, ""risk_adjusted"": 0.1334021257218044, ""short_momentum"": 0.10166882324840229, ""trend"": 0.14060500845678803, ""volume_momentum"": 0.10524776771973744}",0.14831534967803114,0.502113827148084,-0.2839934743922102,0.16512570735522863,6239.TW,2015-07-13,2015-07-14
0.042183121027446244,521000,0,-0.008737242767131378,-0.008737242767131378,0.06099172146071803,D-1 estimated accounting; fill-day constraints require ledger audit,adaptive,V4_CAUSAL_7_EXPERTS_RIDGE_ANCHOR20,disabled,2015-07-13,risk_off,0.021218110165991153,-0.021791777200370177,-0.01038148788927351,0.21052631578947367,0.08053238925357309,0.2631578947368421,0.21804511278195488,2015-06-29,2015-06-29,"{""long_momentum"": 0.14337915832188558, ""mean_reversion"": 0.09639341848495578, ""medium_momentum"": 0.1267540301054242, ""ridge"": 0.15254966794100222, ""risk_adjusted"": 0.1334021257218044, ""short_momentum"": 0.10166882324840229, ""trend"": 0.14060500845678803, ""volume_momentum"": 0.10524776771973744}",0.10473511284806852,0.5260031461165122,-0.18058008875251497,0.12908769282199806,6505.TW,2015-07-13,2015-07-14
0.041425573275386124,2920000,0,-0.03135301093329546,-0.03135301093329546,0.12563329520536706,D-1 estimated accounting; fill-day constraints require ledger audit,adaptive,V4_CAUSAL_7_EXPERTS_RIDGE_ANCHOR20,disabled,2015-07-13,risk_off,0.021218110165991153,-0.021791777200370177,-0.01038148788927351,0.21052631578947367,0.08053238925357309,0.2631578947368421,0.21804511278195488,2015-06-29,2015-06-29,"{""long_momentum"": 0.14337915832188558, ""mean_reversion"": 0.09639341848495578, ""medium_momentum"": 0.1267540301054242, ""ridge"": 0.15254966794100222, ""risk_adjusted"": 0.1334021257218044, ""short_momentum"": 0.10166882324840229, ""trend"": 0.14060500845678803, ""volume_momentum"": 0.10524776771973744}",0.11696571994756469,0.5298581020595865,-0.2272914371817153,0.13056750491887026,8069.TWO,2015-07-13,2015-07-14
0.04235966404927642,755000,0,0.0007034968355806403,0.0007034968355806403,0.0027185848521869265,D-1 estimated accounting; fill-day constraints require ledger audit,adaptive,V4_CAUSAL_7_EXPERTS_RIDGE_ANCHOR20,disabled,2015-07-14,risk_off,0.020736199757847046,-0.02101365322091997,-0.007317054562452463,0.18045112781954886,0.08042385970176039,0.2932330827067669,0.22556390977443608,2015-06-29,2015-06-29,"{""long_momentum"": 0.14337915832188558, ""mean_reversion"": 0.09639341848495578, ""medium_momentum"": 0.1267540301054242, ""ridge"": 0.15254966794100222, ""risk_adjusted"": 0.1334021257218044, ""short_momentum"": 0.10166882324840229, ""trend"": 0.14060500845678803, ""volume_momentum"": 0.10524776771973744}",0.10223417923358132,0.05144874093929602,-0.16483731983035732,0.13222640310526448,1216.TW,2015-07-14,2015-07-15
0.040852327495882926,570000,0,-0.027804096208438957,-0.027804096208438957,0.09811041535615758,D-1 estimated accounting; fill-day constraints require ledger audit,adaptive,V4_CAUSAL_7_EXPERTS_RIDGE_ANCHOR20,disabled,2015-07-14,risk_off,0.020736199757847046,-0.02101365322091997,-0.007317054562452463,0.18045112781954886,0.08042385970176039,0.2932330827067669,0.22556390977443608,2015-06-29,2015-06-29,"{""long_momentum"": 0.14337915832188558, ""mean_reversion"": 0.09639341848495578, ""medium_momentum"": 0.1267540301054242, ""ridge"": 0.15254966794100222, ""risk_adjusted"": 0.1334021257218044, ""short_momentum"": 0.10166882324840229, ""trend"": 0.14060500845678803, ""volume_momentum"": 0.10524776771973744}",0.13155440195935084,0.4915630176211909,-0.24649103890909024,0.1568649360959582,1303.TW,2015-07-14,2015-07-15
0.04319076759402331,2109000,2109000,0.08866568326009344,0.08866568326009344,0.2494024275387486,D-1 estimated accounting; fill-day constraints require ledger audit,adaptive,V4_CAUSAL_7_EXPERTS_RIDGE_ANCHOR20,disabled,2015-07-14,risk_off,0.020736199757847046,-0.02101365322091997,-0.007317054562452463,0.18045112781954886,0.08042385970176039,0.2932330827067669,0.22556390977443608,2015-06-29,2015-06-29,"{""long_momentum"": 0.14337915832188558, ""mean_reversion"": 0.09639341848495578, ""medium_momentum"": 0.1267540301054242, ""ridge"": 0.15254966794100222, ""risk_adjusted"": 0.1334021257218044, ""short_momentum"": 0.10166882324840229, ""trend"": 0.14060500845678803, ""volume_momentum"": 0.10524776771973744}",0.20949164041915386,0.8072131630300884,-0.22570070767809425,0.369014163802027,2313.TW,2015-07-14,2015-07-15
0.04230837302765949,425000,0,-0.018058011935407948,-0.018058011935407948,0.08021971614427197,D-1 estimated accounting; fill-day constraints require ledger audit,adaptive,V4_CAUSAL_7_EXPERTS_RIDGE_ANCHOR20,disabled,2015-07-14,risk_off,0.020736199757847046,-0.02101365322091997,-0.007317054562452463,0.18045112781954886,0.08042385970176039,0.2932330827067669,0.22556390977443608,2015-06-29,2015-06-29,"{""long_momentum"": 0.14337915832188558, ""mean_reversion"": 0.09639341848495578, ""medium_momentum"": 0.1267540301054242, ""ridge"": 0.15254966794100222, ""risk_adjusted"": 0.1334021257218044, ""short_momentum"": 0.10166882324840229, ""trend"": 0.14060500845678803, ""volume_momentum"": 0.10524776771973744}",0.09999218903013321,0.4280964126743866,-0.17705541416745024,0.1069214799003802,2317.TW,2015-07-14,2015-07-15
0.0458377412991675,687000,0,0.08182323295898183,0.08182323295898183,0.29071082104086426,D-1 estimated accounting; fill-day constraints require ledger audit,adaptive,V4_CAUSAL_7_EXPERTS_RIDGE_ANCHOR20,disabled,2015-07-14,risk_off,0.020736199757847046,-0.02101365322091997,-0.007317054562452463,0.18045112781954886,0.08042385970176039,0.2932330827067669,0.22556390977443608,2015-06-29,2015-06-29,"{""long_momentum"": 0.14337915832188558, ""mean_reversion"": 0.09639341848495578, ""medium_momentum"": 0.1267540301054242, ""ridge"": 0.15254966794100222, ""risk_adjusted"": 0.1334021257218044, ""short_momentum"": 0.10166882324840229, ""trend"": 0.14060500845678803, ""volume_momentum"": 0.10524776771973744}",0.15425777066649504,0.8072131630300884,-0.16737947557778024,0.2970080310994898,2383.TW,2015-07-14,2015-07-15
0.03747940471507959,363000,0,-0.09475156806196919,-0.09475156806196919,0.21739313541723518,D-1 estimated accounting; fill-day constraints require ledger audit,adaptive,V4_CAUSAL_7_EXPERTS_RIDGE_ANCHOR20,disabled,2015-07-14,risk_off,0.020736199757847046,-0.02101365322091997,-0.007317054562452463,0.18045112781954886,0.08042385970176039,0.2932330827067669,0.22556390977443608,2015-06-29,2015-06-29,"{""long_momentum"": 0.14337915832188558, ""mean_reversion"": 0.09639341848495578, ""medium_momentum"": 0.1267540301054242, ""ridge"": 0.15254966794100222, ""risk_adjusted"": 0.1334021257218044, ""short_momentum"": 0.10166882324840229, ""trend"": 0.14060500845678803, ""volume_momentum"": 0.10524776771973744}",0.130645042702618,0.502113827148084,-0.31211978802628415,0.08859874150609165,2451.TW,2015-07-14,2015-07-15
0.03982272717249364,97000,0,-0.06044203939038334,-0.06044203939038334,0.15322868052839161,D-1 estimated accounting; fill-day constraints require ledger audit,adaptive,V4_CAUSAL_7_EXPERTS_RIDGE_ANCHOR20,disabled,2015-07-14,risk_off,0.020736199757847046,-0.02101365322091997,-0.007317054562452463,0.18045112781954886,0.08042385970176039,0.2932330827067669,0.22556390977443608,2015-06-29,2015-06-29,"{""long_momentum"": 0.14337915832188558, ""mean_reversion"": 0.09639341848495578, ""medium_momentum"": 0.1267540301054242, ""ridge"": 0.15254966794100222, ""risk_adjusted"": 0.1334021257218044, ""short_momentum"": 0.10166882324840229, ""trend"": 0.14060500845678803, ""volume_momentum"": 0.10524776771973744}",0.149004451575729,0.502113827148084,-0.3029061191286956,0.1480041299516748,2454.TW,2015-07-14,2015-07-15
0.0424368893233793,672000,0,-0.024144400352077447,-0.024144400352077447,0.04080249237765799,D-1 estimated accounting; fill-day constraints require ledger audit,adaptive,V4_CAUSAL_7_EXPERTS_RIDGE_ANCHOR20,disabled,2015-07-14,risk_off,0.020736199757847046,-0.02101365322091997,-0.007317054562452463,0.18045112781954886,0.08042385970176039,0.2932330827067669,0.22556390977443608,2015-06-29,2015-06-29,"{""long_momentum"": 0.14337915832188558, ""mean_reversion"": 0.09639341848495578, ""medium_momentum"": 0.1267540301054242, ""ridge"": 0.15254966794100222, ""risk_adjusted"": 0.1334021257218044, ""short_momentum"": 0.10166882324840229, ""trend"": 0.14060500845678803, ""volume_momentum"": 0.10524776771973744}",0.11714348186910262,0.20480470097741976,-0.22038674171392414,0.1380800306135151,2881.TW,2015-07-14,2015-07-15
0.04258354384629323,1700000,0,-0.011099958991287141,-0.011099958991287141,0.028121309391530923,D-1 estimated accounting; fill-day constraints require ledger audit,adaptive,V4_CAUSAL_7_EXPERTS_RIDGE_ANCHOR20,disabled,2015-07-14,risk_off,0.020736199757847046,-0.02101365322091997,-0.007317054562452463,0.18045112781954886,0.08042385970176039,0.2932330827067669,0.22556390977443608,2015-06-29,2015-06-29,"{""long_momentum"": 0.14337915832188558, ""mean_reversion"": 0.09639341848495578, ""medium_momentum"": 0.1267540301054242, ""ridge"": 0.15254966794100222, ""risk_adjusted"": 0.1334021257218044, ""short_momentum"": 0.10166882324840229, ""trend"": 0.14060500845678803, ""volume_momentum"": 0.10524776771973744}",0.10115444197029538,0.20480470097741976,-0.1736249098460403,0.11740708146721189,2891.TW,2015-07-14,2015-07-15
0.04226128188498764,11000,0,-0.0029531265975721857,-0.0029531265975721857,0.01293954816959158,D-1 estimated accounting; fill-day constraints require ledger audit,adaptive,V4_CAUSAL_7_EXPERTS_RIDGE_ANCHOR20,disabled,2015-07-14,risk_off,0.020736199757847046,-0.02101365322091997,-0.007317054562452463,0.18045112781954886,0.08042385970176039,0.2932330827067669,0.22556390977443608,2015-06-29,2015-06-29,"{""long_momentum"": 0.14337915832188558, ""mean_reversion"": 0.09639341848495578, ""medium_momentum"": 0.1267540301054242, ""ridge"": 0.15254966794100222, ""risk_adjusted"": 0.1334021257218044, ""short_momentum"": 0.10166882324840229, ""trend"": 0.14060500845678803, ""volume_momentum"": 0.10524776771973744}",0.18596956199435863,0.3155076106770374,-0.2904853199943267,0.2505611564029282,3008.TW,2015-07-14,2015-07-15
0.04145587634953604,1521000,0,-0.031052469877946878,-0.031052469877946878,0.19813172191118128,D-1 estimated accounting; fill-day constraints require ledger audit,adaptive,V4_CAUSAL_7_EXPERTS_RIDGE_ANCHOR20,disabled,2015-07-14,risk_off,0.020736199757847046,-0.02101365322091997,-0.007317054562452463,0.18045112781954886,0.08042385970176039,0.2932330827067669,0.22556390977443608,2015-06-29,2015-06-29,"{""long_momentum"": 0.14337915832188558, ""mean_reversion"": 0.09639341848495578, ""medium_momentum"": 0.1267540301054242, ""ridge"": 0.15254966794100222, ""risk_adjusted"": 0.1334021257218044, ""short_momentum"": 0.10166882324840229, ""trend"": 0.14060500845678803, ""volume_momentum"": 0.10524776771973744}",0.09736138926833184,0.733195748556391,-0.1802422994189153,0.08411944926676743,3017.TW,2015-07-14,2015-07-15
0.043420973458701155,401000,0,0.007299496678317179,0.007299496678317179,0.05470048385676295,D-1 estimated accounting; fill-day constraints require ledger audit,adaptive,V4_CAUSAL_7_EXPERTS_RIDGE_ANCHOR20,disabled,2015-07-14,risk_off,0.020736199757847046,-0.02101365322091997,-0.007317054562452463,0.18045112781954886,0.08042385970176039,0.2932330827067669,0.22556390977443608,2015-06-29,2015-06-29,"{""long_momentum"": 0.14337915832188558, ""mean_reversion"": 0.09639341848495578, ""medium_momentum"": 0.1267540301054242, ""ridge"": 0.15254966794100222, ""risk_adjusted"": 0.1334021257218044, ""short_momentum"": 0.10166882324840229, ""trend"": 0.14060500845678803, ""volume_momentum"": 0.10524776771973744}",0.12187347513053554,0.5967176275906135,-0.19673805854178328,0.17731914150216355,3045.TW,2015-07-14,2015-07-15
0.044221575382609304,208000,0,0.17838317856517746,0.17838317856517746,0.35118653308778996,D-1 estimated accounting; fill-day constraints require ledger audit,adaptive,V4_CAUSAL_7_EXPERTS_RIDGE_ANCHOR20,disabled,2015-07-14,risk_off,0.020736199757847046,-0.02101365322091997,-0.007317054562452463,0.18045112781954886,0.08042385970176039,0.2932330827067669,0.22556390977443608,2015-06-29,2015-06-29,"{""long_momentum"": 0.14337915832188558, ""mean_reversion"": 0.09639341848495578, ""medium_momentum"": 0.1267540301054242, ""ridge"": 0.15254966794100222, ""risk_adjusted"": 0.1334021257218044, ""short_momentum"": 0.10166882324840229, ""trend"": 0.14060500845678803, ""volume_momentum"": 0.10524776771973744}",0.23261931829625593,0.7966623535031954,-0.16160310695203176,0.4843515536861326,3131.TWO,2015-07-14,2015-07-15
0.03637179164028521,408000,0,-0.08243814855144359,-0.08243814855144359,0.318110201972641,D-1 estimated accounting; fill-day constraints require ledger audit,adaptive,V4_CAUSAL_7_EXPERTS_RIDGE_ANCHOR20,disabled,2015-07-14,risk_off,0.020736199757847046,-0.02101365322091997,-0.007317054562452463,0.18045112781954886,0.08042385970176039,0.2932330827067669,0.22556390977443608,2015-06-29,2015-06-29,"{""long_momentum"": 0.14337915832188558, ""mean_reversion"": 0.09639341848495578, ""medium_momentum"": 0.1267540301054242, ""ridge"": 0.15254966794100222, ""risk_adjusted"": 0.1334021257218044, ""short_momentum"": 0.10166882324840229, ""trend"": 0.14060500845678803, ""volume_momentum"": 0.10524776771973744}",0.13443849678725525,0.8072131630300884,-0.3052441398937822,0.1063499323946409,3227.TWO,2015-07-14,2015-07-15
0.03885176765887519,1197000,0,-0.034828595377717396,-0.034828595377717396,0.049666360394584275,D-1 estimated accounting; fill-day constraints require ledger audit,adaptive,V4_CAUSAL_7_EXPERTS_RIDGE_ANCHOR20,disabled,2015-07-14,risk_off,0.020736199757847046,-0.02101365322091997,-0.007317054562452463,0.18045112781954886,0.08042385970176039,0.2932330827067669,0.22556390977443608,2015-06-29,2015-06-29,"{""long_momentum"": 0.14337915832188558, ""mean_reversion"": 0.09639341848495578, ""medium_momentum"": 0.1267540301054242, ""ridge"": 0.15254966794100222, ""risk_adjusted"": 0.1334021257218044, ""short_momentum"": 0.10166882324840229, ""trend"": 0.14060500845678803, ""volume_momentum"": 0.10524776771973744}",0.15511870723945237,0.2430997854158154,-0.28512181213991666,0.18144671098822773,3363.TWO,2015-07-14,2015-07-15
0.04566055890617143,248000,0,0.041318206533807904,0.041318206533807904,0.16594666272423675,D-1 estimated accounting; fill-day constraints require ledger audit,adaptive,V4_CAUSAL_7_EXPERTS_RIDGE_ANCHOR20,disabled,2015-07-14,risk_off,0.020736199757847046,-0.02101365322091997,-0.007317054562452463,0.18045112781954886,0.08042385970176039,0.2932330827067669,0.22556390977443608,2015-06-29,2015-06-29,"{""long_momentum"": 0.14337915832188558, ""mean_reversion"": 0.09639341848495578, ""medium_momentum"": 0.1267540301054242, ""ridge"": 0.15254966794100222, ""risk_adjusted"": 0.1334021257218044, ""short_momentum"": 0.10166882324840229, ""trend"": 0.14060500845678803, ""volume_momentum"": 0.10524776771973744}",0.12223252197333095,0.6038755165332839,-0.16329070986343325,0.21190921253479494,3665.TW,2015-07-14,2015-07-15
0.042831362953297064,553000,0,0.008045529751045572,0.008045529751045572,0.062165611206697814,D-1 estimated accounting; fill-day constraints require ledger audit,adaptive,V4_CAUSAL_7_EXPERTS_RIDGE_ANCHOR20,disabled,2015-07-14,risk_off,0.020736199757847046,-0.02101365322091997,-0.007317054562452463,0.18045112781954886,0.08042385970176039,0.2932330827067669,0.22556390977443608,2015-06-29,2015-06-29,"{""long_momentum"": 0.14337915832188558, ""mean_reversion"": 0.09639341848495578, ""medium_momentum"": 0.1267540301054242, ""ridge"": 0.15254966794100222, ""risk_adjusted"": 0.1334021257218044, ""short_momentum"": 0.10166882324840229, ""trend"": 0.14060500845678803, ""volume_momentum"": 0.10524776771973744}",0.10996229588909065,0.5861668180637205,-0.17505439058364605,0.15712753968948306,4904.TW,2015-07-14,2015-07-15
0.040878734234750184,457000,0,-0.048903944567823945,-0.048903944567823945,0.013853097815355755,D-1 estimated accounting; fill-day constraints require ledger audit,adaptive,V4_CAUSAL_7_EXPERTS_RIDGE_ANCHOR20,disabled,2015-07-14,risk_off,0.020736199757847046,-0.02101365322091997,-0.007317054562452463,0.18045112781954886,0.08042385970176039,0.2932330827067669,0.22556390977443608,2015-06-29,2015-06-29,"{""long_momentum"": 0.14337915832188558, ""mean_reversion"": 0.09639341848495578, ""medium_momentum"": 0.1267540301054242, ""ridge"": 0.15254966794100222, ""risk_adjusted"": 0.1334021257218044, ""short_momentum"": 0.10166882324840229, ""trend"": 0.14060500845678803, ""volume_momentum"": 0.10524776771973744}",0.18734320290087622,0.061999550466189046,-0.3380315954222556,0.2062057958903536,4979.TWO,2015-07-14,2015-07-15
0.04439482038909435,121000,0,0.02398095849325967,0.02398095849325967,0.0911747922527664,D-1 estimated accounting; fill-day constraints require ledger audit,adaptive,V4_CAUSAL_7_EXPERTS_RIDGE_ANCHOR20,disabled,2015-07-14,risk_off,0.020736199757847046,-0.02101365322091997,-0.007317054562452463,0.18045112781954886,0.08042385970176039,0.2932330827067669,0.22556390977443608,2015-06-29,2015-06-29,"{""long_momentum"": 0.14337915832188558, ""mean_reversion"": 0.09639341848495578, ""medium_momentum"": 0.1267540301054242, ""ridge"": 0.15254966794100222, ""risk_adjusted"": 0.1334021257218044, ""short_momentum"": 0.10166882324840229, ""trend"": 0.14060500845678803, ""volume_momentum"": 0.10524776771973744}",0.22760104838570894,0.8072131630300884,-0.31049619234831133,0.3244401989385765,5274.TWO,2015-07-14,2015-07-15
0.0,0,-836000,-0.08363122726876523,-0.08363122726876523,0.43889750318694437,D-1 estimated accounting; fill-day constraints require ledger audit,adaptive,V4_CAUSAL_7_EXPERTS_RIDGE_ANCHOR20,disabled,2015-07-14,risk_off,0.020736199757847046,-0.02101365322091997,-0.007317054562452463,0.18045112781954886,0.08042385970176039,0.2932330827067669,0.22556390977443608,2015-06-29,2015-06-29,"{""long_momentum"": 0.14337915832188558, ""mean_reversion"": 0.09639341848495578, ""medium_momentum"": 0.1267540301054242, ""ridge"": 0.15254966794100222, ""risk_adjusted"": 0.1334021257218044, ""short_momentum"": 0.10166882324840229, ""trend"": 0.14060500845678803, ""volume_momentum"": 0.10524776771973744}",0.11330937759955086,0.9999999999999999,-0.27310093220344867,0.07182056726966404,5347.TWO,2015-07-14,2015-07-15
0.04026318947686015,618000,0,-0.03634765768685822,-0.03634765768685822,0.05884812834660861,D-1 estimated accounting; fill-day constraints require ledger audit,adaptive,V4_CAUSAL_7_EXPERTS_RIDGE_ANCHOR20,disabled,2015-07-14,risk_off,0.020736199757847046,-0.02101365322091997,-0.007317054562452463,0.18045112781954886,0.08042385970176039,0.2932330827067669,0.22556390977443608,2015-06-29,2015-06-29,"{""long_momentum"": 0.14337915832188558, ""mean_reversion"": 0.09639341848495578, ""medium_momentum"": 0.1267540301054242, ""ridge"": 0.15254966794100222, ""risk_adjusted"": 0.1334021257218044, ""short_momentum"": 0.10166882324840229, ""trend"": 0.14060500845678803, ""volume_momentum"": 0.10524776771973744}",0.10996464704549923,0.21535551050431279,-0.2194522382826103,0.11273901251263974,6239.TW,2015-07-14,2015-07-15
0.042326327510149746,521000,0,0.005534266295814718,0.005534266295814718,0.030688821088767693,D-1 estimated accounting; fill-day constraints require ledger audit,adaptive,V4_CAUSAL_7_EXPERTS_RIDGE_ANCHOR20,disabled,2015-07-14,risk_off,0.020736199757847046,-0.02101365322091997,-0.007317054562452463,0.18045112781954886,0.08042385970176039,0.2932330827067669,0.22556390977443608,2015-06-29,2015-06-29,"{""long_momentum"": 0.14337915832188558, ""mean_reversion"": 0.09639341848495578, ""medium_momentum"": 0.1267540301054242, ""ridge"": 0.15254966794100222, ""risk_adjusted"": 0.1334021257218044, ""short_momentum"": 0.10166882324840229, ""trend"": 0.14060500845678803, ""volume_momentum"": 0.10524776771973744}",0.09776709789196182,0.3155076106770374,-0.1454189360752333,0.1224695582706086,6505.TW,2015-07-14,2015-07-15
0.04093692880738312,2920000,0,-0.05015707396683951,-0.05015707396683951,0.2638013632463628,D-1 estimated accounting; fill-day constraints require ledger audit,adaptive,V4_CAUSAL_7_EXPERTS_RIDGE_ANCHOR20,disabled,2015-07-14,risk_off,0.020736199757847046,-0.02101365322091997,-0.007317054562452463,0.18045112781954886,0.08042385970176039,0.2932330827067669,0.22556390977443608,2015-06-29,2015-06-29,"{""long_momentum"": 0.14337915832188558, ""mean_reversion"": 0.09639341848495578, ""medium_momentum"": 0.1267540301054242, ""ridge"": 0.15254966794100222, ""risk_adjusted"": 0.1334021257218044, ""short_momentum"": 0.10166882324840229, ""trend"": 0.14060500845678803, ""volume_momentum"": 0.10524776771973744}",0.11141357532027349,0.7966623535031954,-0.23608080105483814,0.10174874272490501,8069.TWO,2015-07-14,2015-07-15
0.043203804966124484,755000,0,0.008987494876247046,0.008987494876247046,0.07584344170108101,D-1 estimated accounting; fill-day constraints require ledger audit,adaptive,V4_CAUSAL_7_EXPERTS_RIDGE_ANCHOR20,disabled,2015-07-15,neutral,0.020330162955399814,0.012698384516748096,0.0037037319836623617,0.6917293233082706,0.09052542496940436,0.3533834586466165,0.2781954887218045,2015-06-29,2015-06-29,"{""long_momentum"": 0.14337915832188558, ""mean_reversion"": 0.09639341848495578, ""medium_momentum"": 0.1267540301054242, ""ridge"": 0.15254966794100222, ""risk_adjusted"": 0.1334021257218044, ""short_momentum"": 0.10166882324840229, ""trend"": 0.14060500845678803, ""volume_momentum"": 0.10524776771973744}",0.09606268970511847,0.5967176275906135,-0.13326113660749433,0.11721821596373433,1216.TW,2015-07-15,2015-07-16
0.04165335472795177,570000,0,-0.011587183032209044,-0.011587183032209044,0.019455599786904133,D-1 estimated accounting; fill-day constraints require ledger audit,adaptive,V4_CAUSAL_7_EXPERTS_RIDGE_ANCHOR20,disabled,2015-07-15,neutral,0.020330162955399814,0.012698384516748096,0.0037037319836623617,0.6917293233082706,0.09052542496940436,0.3533834586466165,0.2781954887218045,2015-06-29,2015-06-29,"{""long_momentum"": 0.14337915832188558, ""mean_reversion"": 0.09639341848495578, ""medium_momentum"": 0.1267540301054242, ""ridge"": 0.15254966794100222, ""risk_adjusted"": 0.1334021257218044, ""short_momentum"": 0.10166882324840229, ""trend"": 0.14060500845678803, ""volume_momentum"": 0.10524776771973744}",0.1750345008796116,0.22475876617758206,-0.2862588584205054,0.2290665819598332,1303.TW,2015-07-15,2015-07-16
0.04429154683277583,2109000,0,0.10577674727254753,0.10577674727254753,0.2401289976239912,D-1 estimated accounting; fill-day constraints require ledger audit,adaptive,V4_CAUSAL_7_EXPERTS_RIDGE_ANCHOR20,disabled,2015-07-15,neutral,0.020330162955399814,0.012698384516748096,0.0037037319836623617,0.6917293233082706,0.09052542496940436,0.3533834586466165,0.2781954887218045,2015-06-29,2015-06-29,"{""long_momentum"": 0.14337915832188558, ""mean_reversion"": 0.09639341848495578, ""medium_momentum"": 0.1267540301054242, ""ridge"": 0.15254966794100222, ""risk_adjusted"": 0.1334021257218044, ""short_momentum"": 0.10166882324840229, ""trend"": 0.14060500845678803, ""volume_momentum"": 0.10524776771973744}",0.2616083017671268,0.8072131630300884,-0.26561952558370827,0.44315510973254923,2313.TW,2015-07-15,2015-07-16
0.04296350891866355,425000,0,-0.0105710459038487,-0.0105710459038487,0.02702828508974787,D-1 estimated accounting; fill-day constraints require ledger audit,adaptive,V4_CAUSAL_7_EXPERTS_RIDGE_ANCHOR20,disabled,2015-07-15,neutral,0.020330162955399814,0.012698384516748096,0.0037037319836623617,0.6917293233082706,0.09052542496940436,0.3533834586466165,0.2781954887218045,2015-06-29,2015-06-29,"{""long_momentum"": 0.14337915832188558, ""mean_reversion"": 0.09639341848495578, ""medium_momentum"": 0.1267540301054242, ""ridge"": 0.15254966794100222, ""risk_adjusted"": 0.1334021257218044, ""short_momentum"": 0.10166882324840229, ""trend"": 0.14060500845678803, ""volume_momentum"": 0.10524776771973744}",0.11391290225722102,0.22475876617758206,-0.20113967491230506,0.14597967270835355,2317.TW,2015-07-15,2015-07-16
0.04743934592299452,687000,0,0.11015292571756394,0.11015292571756394,0.2701340454386047,D-1 estimated accounting; fill-day constraints require ledger audit,adaptive,V4_CAUSAL_7_EXPERTS_RIDGE_ANCHOR20,disabled,2015-07-15,neutral,0.020330162955399814,0.012698384516748096,0.0037037319836623617,0.6917293233082706,0.09052542496940436,0.3533834586466165,0.2781954887218045,2015-06-29,2015-06-29,"{""long_momentum"": 0.14337915832188558, ""mean_reversion"": 0.09639341848495578, ""medium_momentum"": 0.1267540301054242, ""ridge"": 0.15254966794100222, ""risk_adjusted"": 0.1334021257218044, ""short_momentum"": 0.10166882324840229, ""trend"": 0.14060500845678803, ""volume_momentum"": 0.10524776771973744}",0.22894645372096628,0.8072131630300884,-0.22580366560512125,0.412091606643995,2383.TW,2015-07-15,2015-07-16
0.039694744112346525,363000,0,-0.05993130672490668,-0.05993130672490668,0.14735785175551244,D-1 estimated accounting; fill-day constraints require ledger audit,adaptive,V4_CAUSAL_7_EXPERTS_RIDGE_ANCHOR20,disabled,2015-07-15,neutral,0.020330162955399814,0.012698384516748096,0.0037037319836623617,0.6917293233082706,0.09052542496940436,0.3533834586466165,0.2781954887218045,2015-06-29,2015-06-29,"{""long_momentum"": 0.14337915832188558, ""mean_reversion"": 0.09639341848495578, ""medium_momentum"": 0.1267540301054242, ""ridge"": 0.15254966794100222, ""risk_adjusted"": 0.1334021257218044, ""short_momentum"": 0.10166882324840229, ""trend"": 0.14060500845678803, ""volume_momentum"": 0.10524776771973744}",0.1516694966360059,0.4915630176211909,-0.30583276106161605,0.1519522372155486,2451.TW,2015-07-15,2015-07-16
0.03837087379159307,97000,0,-0.04695134681776242,-0.04695134681776242,0.15080917220872048,D-1 estimated accounting; fill-day constraints require ledger audit,adaptive,V4_CAUSAL_7_EXPERTS_RIDGE_ANCHOR20,disabled,2015-07-15,neutral,0.020330162955399814,0.012698384516748096,0.0037037319836623617,0.6917293233082706,0.09052542496940436,0.3533834586466165,0.2781954887218045,2015-06-29,2015-06-29,"{""long_momentum"": 0.14337915832188558, ""mean_reversion"": 0.09639341848495578, ""medium_momentum"": 0.1267540301054242, ""ridge"": 0.15254966794100222, ""risk_adjusted"": 0.1334021257218044, ""short_momentum"": 0.10166882324840229, ""trend"": 0.14060500845678803, ""volume_momentum"": 0.10524776771973744}",0.12101883260913414,0.502113827148084,-0.2496182962705898,0.12169769223881083,2454.TW,2015-07-15,2015-07-16
0.04314039424185488,672000,0,-0.006735511479935613,-0.006735511479935613,0.023727991569440336,D-1 estimated accounting; fill-day constraints require ledger audit,adaptive,V4_CAUSAL_7_EXPERTS_RIDGE_ANCHOR20,disabled,2015-07-15,neutral,0.020330162955399814,0.012698384516748096,0.0037037319836623617,0.6917293233082706,0.09052542496940436,0.3533834586466165,0.2781954887218045,2015-06-29,2015-06-29,"{""long_momentum"": 0.14337915832188558, ""mean_reversion"": 0.09639341848495578, ""medium_momentum"": 0.1267540301054242, ""ridge"": 0.15254966794100222, ""risk_adjusted"": 0.1334021257218044, ""short_momentum"": 0.10166882324840229, ""trend"": 0.14060500845678803, ""volume_momentum"": 0.10524776771973744}",0.14430985697325124,0.3155076106770374,-0.2430390742320775,0.19555014087595213,2881.TW,2015-07-15,2015-07-16
0.04279108133773577,1700000,0,-0.0028043192921491725,-0.0028043192921491725,0.014471676161778023,D-1 estimated accounting; fill-day constraints require ledger audit,adaptive,V4_CAUSAL_7_EXPERTS_RIDGE_ANCHOR20,disabled,2015-07-15,neutral,0.020330162955399814,0.012698384516748096,0.0037037319836623617,0.6917293233082706,0.09052542496940436,0.3533834586466165,0.2781954887218045,2015-06-29,2015-06-29,"{""long_momentum"": 0.14337915832188558, ""mean_reversion"": 0.09639341848495578, ""medium_momentum"": 0.1267540301054242, ""ridge"": 0.15254966794100222, ""risk_adjusted"": 0.1334021257218044, ""short_momentum"": 0.10166882324840229, ""trend"": 0.14060500845678803, ""volume_momentum"": 0.10524776771973744}",0.10264323779059178,0.20480470097741976,-0.16943463535518327,0.12980808637463082,2891.TW,2015-07-15,2015-07-16
0.04125389881766107,11000,0,-0.025762063138483286,-0.025762063138483286,0.010773347741728265,D-1 estimated accounting; fill-day constraints require ledger audit,adaptive,V4_CAUSAL_7_EXPERTS_RIDGE_ANCHOR20,disabled,2015-07-15,neutral,0.020330162955399814,0.012698384516748096,0.0037037319836623617,0.6917293233082706,0.09052542496940436,0.3533834586466165,0.2781954887218045,2015-06-29,2015-06-29,"{""long_momentum"": 0.14337915832188558, ""mean_reversion"": 0.09639341848495578, ""medium_momentum"": 0.1267540301054242, ""ridge"": 0.15254966794100222, ""risk_adjusted"": 0.1334021257218044, ""short_momentum"": 0.10166882324840229, ""trend"": 0.14060500845678803, ""volume_momentum"": 0.10524776771973744}",0.14627056698921823,0.061999550466189046,-0.2646559751520057,0.17911393847878498,3008.TW,2015-07-15,2015-07-16
0.04125658928932309,1521000,0,-0.01238525866609682,-0.01238525866609682,0.050960807254841346,D-1 estimated accounting; fill-day constraints require ledger audit,adaptive,V4_CAUSAL_7_EXPERTS_RIDGE_ANCHOR20,disabled,2015-07-15,neutral,0.020330162955399814,0.012698384516748096,0.0037037319836623617,0.6917293233082706,0.09052542496940436,0.3533834586466165,0.2781954887218045,2015-06-29,2015-06-29,"{""long_momentum"": 0.14337915832188558, ""mean_reversion"": 0.09639341848495578, ""medium_momentum"": 0.1267540301054242, ""ridge"": 0.15254966794100222, ""risk_adjusted"": 0.1334021257218044, ""short_momentum"": 0.10166882324840229, ""trend"": 0.14060500845678803, ""volume_momentum"": 0.10524776771973744}",0.09760646631164627,0.337071265089675,-0.1626558475648268,0.10386741983637901,3017.TW,2015-07-15,2015-07-16
0.04320897489206327,401000,0,-0.0029426444470824565,-0.0029426444470824565,0.004243961510400476,D-1 estimated accounting; fill-day constraints require ledger audit,adaptive,V4_CAUSAL_7_EXPERTS_RIDGE_ANCHOR20,disabled,2015-07-15,neutral,0.020330162955399814,0.012698384516748096,0.0037037319836623617,0.6917293233082706,0.09052542496940436,0.3533834586466165,0.2781954887218045,2015-06-29,2015-06-29,"{""long_momentum"": 0.14337915832188558, ""mean_reversion"": 0.09639341848495578, ""medium_momentum"": 0.1267540301054242, ""ridge"": 0.15254966794100222, ""risk_adjusted"": 0.1334021257218044, ""short_momentum"": 0.10166882324840229, ""trend"": 0.14060500845678803, ""volume_momentum"": 0.10524776771973744}",0.10809054389006069,0.061999550466189046,-0.18223320945480143,0.14233001016438238,3045.TW,2015-07-15,2015-07-16
0.041357297336436796,208000,0,0.14487242517822085,0.14487242517822085,0.38854985670125736,D-1 estimated accounting; fill-day constraints require ledger audit,adaptive,V4_CAUSAL_7_EXPERTS_RIDGE_ANCHOR20,disabled,2015-07-15,neutral,0.020330162955399814,0.012698384516748096,0.0037037319836623617,0.6917293233082706,0.09052542496940436,0.3533834586466165,0.2781954887218045,2015-06-29,2015-06-29,"{""long_momentum"": 0.14337915832188558, ""mean_reversion"": 0.09639341848495578, ""medium_momentum"": 0.1267540301054242, ""ridge"": 0.15254966794100222, ""risk_adjusted"": 0.1334021257218044, ""short_momentum"": 0.10166882324840229, ""trend"": 0.14060500845678803, ""volume_momentum"": 0.10524776771973744}",0.15741817577936432,0.7966623535031954,-0.10831593170550663,0.3640428716656942,3131.TWO,2015-07-15,2015-07-16
0.03620425278847115,408000,0,-0.052563939745065166,-0.052563939745065166,0.25446963792274474,D-1 estimated accounting; fill-day constraints require ledger audit,adaptive,V4_CAUSAL_7_EXPERTS_RIDGE_ANCHOR20,disabled,2015-07-15,neutral,0.020330162955399814,0.012698384516748096,0.0037037319836623617,0.6917293233082706,0.09052542496940436,0.3533834586466165,0.2781954887218045,2015-06-29,2015-06-29,"{""long_momentum"": 0.14337915832188558, ""mean_reversion"": 0.09639341848495578, ""medium_momentum"": 0.1267540301054242, ""ridge"": 0.15254966794100222, ""risk_adjusted"": 0.1334021257218044, ""short_momentum"": 0.10166882324840229, ""trend"": 0.14060500845678803, ""volume_momentum"": 0.10524776771973744}",0.125036901193744,0.8072131630300884,-0.2615520472247117,0.12240625733832726,3227.TWO,2015-07-15,2015-07-16
0.03885159777238071,1197000,0,-0.023669379996804747,-0.023669379996804747,0.08433276648098921,D-1 estimated accounting; fill-day constraints require ledger audit,adaptive,V4_CAUSAL_7_EXPERTS_RIDGE_ANCHOR20,disabled,2015-07-15,neutral,0.020330162955399814,0.012698384516748096,0.0037037319836623617,0.6917293233082706,0.09052542496940436,0.3533834586466165,0.2781954887218045,2015-06-29,2015-06-29,"{""long_momentum"": 0.14337915832188558, ""mean_reversion"": 0.09639341848495578, ""medium_momentum"": 0.1267540301054242, ""ridge"": 0.15254966794100222, ""risk_adjusted"": 0.1334021257218044, ""short_momentum"": 0.10166882324840229, ""trend"": 0.14060500845678803, ""volume_momentum"": 0.10524776771973744}",0.1514587470195954,0.5298581020595865,-0.2693004638236483,0.1879437934337847,3363.TWO,2015-07-15,2015-07-16
0.04640747090908986,248000,0,0.047640509299100194,0.047640509299100194,0.22642035403312763,D-1 estimated accounting; fill-day constraints require ledger audit,adaptive,V4_CAUSAL_7_EXPERTS_RIDGE_ANCHOR20,disabled,2015-07-15,neutral,0.020330162955399814,0.012698384516748096,0.0037037319836623617,0.6917293233082706,0.09052542496940436,0.3533834586466165,0.2781954887218045,2015-06-29,2015-06-29,"{""long_momentum"": 0.14337915832188558, ""mean_reversion"": 0.09639341848495578, ""medium_momentum"": 0.1267540301054242, ""ridge"": 0.15254966794100222, ""risk_adjusted"": 0.1334021257218044, ""short_momentum"": 0.10166882324840229, ""trend"": 0.14060500845678803, ""volume_momentum"": 0.10524776771973744}",0.13502862582037062,0.8072131630300884,-0.17599720063009455,0.2372603088320408,3665.TW,2015-07-15,2015-07-16
0.04058734765198185,553000,0,0.007414651144725016,0.007414651144725016,0.05573546710341631,D-1 estimated accounting; fill-day constraints require ledger audit,adaptive,V4_CAUSAL_7_EXPERTS_RIDGE_ANCHOR20,disabled,2015-07-15,neutral,0.020330162955399814,0.012698384516748096,0.0037037319836623617,0.6917293233082706,0.09052542496940436,0.3533834586466165,0.2781954887218045,2015-06-29,2015-06-29,"{""long_momentum"": 0.14337915832188558, ""mean_reversion"": 0.09639341848495578, ""medium_momentum"": 0.1267540301054242, ""ridge"": 0.15254966794100222, ""risk_adjusted"": 0.1334021257218044, ""short_momentum"": 0.10166882324840229, ""trend"": 0.14060500845678803, ""volume_momentum"": 0.10524776771973744}",0.11814954678999617,0.5861668180637205,-0.1905314517585654,0.17134284365176133,4904.TW,2015-07-15,2015-07-16
0.042863961467168754,457000,0,-0.012494500696571808,-0.012494500696571808,0.015833896627686507,D-1 estimated accounting; fill-day constraints require ledger audit,adaptive,V4_CAUSAL_7_EXPERTS_RIDGE_ANCHOR20,disabled,2015-07-15,neutral,0.020330162955399814,0.012698384516748096,0.0037037319836623617,0.6917293233082706,0.09052542496940436,0.3533834586466165,0.2781954887218045,2015-06-29,2015-06-29,"{""long_momentum"": 0.14337915832188558, ""mean_reversion"": 0.09639341848495578, ""medium_momentum"": 0.1267540301054242, ""ridge"": 0.15254966794100222, ""risk_adjusted"": 0.1334021257218044, ""short_momentum"": 0.10166882324840229, ""trend"": 0.14060500845678803, ""volume_momentum"": 0.10524776771973744}",0.3311024520656248,0.3155076106770374,-0.4573170319831329,0.3983101201937352,4979.TWO,2015-07-15,2015-07-16
0.04403431664014806,121000,0,0.0027748806001640495,0.0027748806001640495,0.013041193958664144,D-1 estimated accounting; fill-day constraints require ledger audit,adaptive,V4_CAUSAL_7_EXPERTS_RIDGE_ANCHOR20,disabled,2015-07-15,neutral,0.020330162955399814,0.012698384516748096,0.0037037319836623617,0.6917293233082706,0.09052542496940436,0.3533834586466165,0.2781954887218045,2015-06-29,2015-06-29,"{""long_momentum"": 0.14337915832188558, ""mean_reversion"": 0.09639341848495578, ""medium_momentum"": 0.1267540301054242, ""ridge"": 0.15254966794100222, ""risk_adjusted"": 0.1334021257218044, ""short_momentum"": 0.10166882324840229, ""trend"": 0.14060500845678803, ""volume_momentum"": 0.10524776771973744}",0.19683931466980395,0.3432095673797651,-0.29727788106914044,0.26880973187321444,5274.TWO,2015-07-15,2015-07-16
0.038893247328795726,618000,0,-0.047330585821362146,-0.047330585821362146,0.1217657536036642,D-1 estimated accounting; fill-day constraints require ledger audit,adaptive,V4_CAUSAL_7_EXPERTS_RIDGE_ANCHOR20,disabled,2015-07-15,neutral,0.020330162955399814,0.012698384516748096,0.0037037319836623617,0.6917293233082706,0.09052542496940436,0.3533834586466165,0.2781954887218045,2015-06-29,2015-06-29,"{""long_momentum"": 0.14337915832188558, ""mean_reversion"": 0.09639341848495578, ""medium_momentum"": 0.1267540301054242, ""ridge"": 0.15254966794100222, ""risk_adjusted"": 0.1334021257218044, ""short_momentum"": 0.10166882324840229, ""trend"": 0.14060500845678803, ""volume_momentum"": 0.10524776771973744}",0.16346006094119936,0.502113827148084,-0.3080151847933101,0.17933610275433165,6239.TW,2015-07-15,2015-07-16
0.04253261141796961,521000,0,0.0029038573956777407,0.0029038573956777407,0.02505572699394707,D-1 estimated accounting; fill-day constraints require ledger audit,adaptive,V4_CAUSAL_7_EXPERTS_RIDGE_ANCHOR20,disabled,2015-07-15,neutral,0.020330162955399814,0.012698384516748096,0.0037037319836623617,0.6917293233082706,0.09052542496940436,0.3533834586466165,0.2781954887218045,2015-06-29,2015-06-29,"{""long_momentum"": 0.14337915832188558, ""mean_reversion"": 0.09639341848495578, ""medium_momentum"": 0.1267540301054242, ""ridge"": 0.15254966794100222, ""risk_adjusted"": 0.1334021257218044, ""short_momentum"": 0.10166882324840229, ""trend"": 0.14060500845678803, ""volume_momentum"": 0.10524776771973744}",0.10036198849485418,0.3432095673797651,-0.15725292815445904,0.1290427325495604,6505.TW,2015-07-15,2015-07-16
0.041290510334003085,2920000,0,-0.025105896972802275,-0.025105896972802275,0.14764643616563755,D-1 estimated accounting; fill-day constraints require ledger audit,adaptive,V4_CAUSAL_7_EXPERTS_RIDGE_ANCHOR20,disabled,2015-07-15,neutral,0.020330162955399814,0.012698384516748096,0.0037037319836623617,0.6917293233082706,0.09052542496940436,0.3533834586466165,0.2781954887218045,2015-06-29,2015-06-29,"{""long_momentum"": 0.14337915832188558, ""mean_reversion"": 0.09639341848495578, ""medium_momentum"": 0.1267540301054242, ""ridge"": 0.15254966794100222, ""risk_adjusted"": 0.1334021257218044, ""short_momentum"": 0.10166882324840229, ""trend"": 0.14060500845678803, ""volume_momentum"": 0.10524776771973744}",0.13233781219854954,0.7966623535031954,-0.24492098261609924,0.16069127827424057,8069.TWO,2015-07-15,2015-07-16
0.0433233957135939,755000,0,0.014400232685661476,0.014400232685661476,0.09255123350929059,D-1 estimated accounting; fill-day constraints require ledger audit,adaptive,V4_CAUSAL_7_EXPERTS_RIDGE_ANCHOR20,disabled,2015-07-16,neutral,0.020517410359639617,0.022727292827398493,0.008368263990516489,0.7443609022556391,0.09773892513615359,0.45112781954887216,0.3082706766917293,2015-06-29,2015-06-29,"{""long_momentum"": 0.14337915832188558, ""mean_reversion"": 0.09639341848495578, ""medium_momentum"": 0.1267540301054242, ""ridge"": 0.15254966794100222, ""risk_adjusted"": 0.1334021257218044, ""short_momentum"": 0.10166882324840229, ""trend"": 0.14060500845678803, ""volume_momentum"": 0.10524776771973744}",0.10568141543447633,0.5967176275906135,-0.15963955936265517,0.154422114337724,1216.TW,2015-07-16,2015-07-17
0.04074365067195055,570000,0,-0.007773389678157581,-0.007773389678157581,0.022213496477765025,D-1 estimated accounting; fill-day constraints require ledger audit,adaptive,V4_CAUSAL_7_EXPERTS_RIDGE_ANCHOR20,disabled,2015-07-16,neutral,0.020517410359639617,0.022727292827398493,0.008368263990516489,0.7443609022556391,0.09773892513615359,0.45112781954887216,0.3082706766917293,2015-06-29,2015-06-29,"{""long_momentum"": 0.14337915832188558, ""mean_reversion"": 0.09639341848495578, ""medium_momentum"": 0.1267540301054242, ""ridge"": 0.15254966794100222, ""risk_adjusted"": 0.1334021257218044, ""short_momentum"": 0.10166882324840229, ""trend"": 0.14060500845678803, ""volume_momentum"": 0.10524776771973744}",0.11646926722828069,0.22475876617758206,-0.20285827268888834,0.15329358293631906,1303.TW,2015-07-16,2015-07-17
0.04386721852944007,2109000,0,0.08060839625869891,0.08060839625869891,0.32857157141485166,D-1 estimated accounting; fill-day constraints require ledger audit,adaptive,V4_CAUSAL_7_EXPERTS_RIDGE_ANCHOR20,disabled,2015-07-16,neutral,0.020517410359639617,0.022727292827398493,0.008368263990516489,0.7443609022556391,0.09773892513615359,0.45112781954887216,0.3082706766917293,2015-06-29,2015-06-29,"{""long_momentum"": 0.14337915832188558, ""mean_reversion"": 0.09639341848495578, ""medium_momentum"": 0.1267540301054242, ""ridge"": 0.15254966794100222, ""risk_adjusted"": 0.1334021257218044, ""short_momentum"": 0.10166882324840229, ""trend"": 0.14060500845678803, ""volume_momentum"": 0.10524776771973744}",0.12470871677804375,0.8072131630300884,-0.12787446209244457,0.2550733442135883,2313.TW,2015-07-16,2015-07-17
0.04290087752353034,425000,0,0.006437379498121379,0.006437379498121379,0.026819059746993765,D-1 estimated accounting; fill-day constraints require ledger audit,adaptive,V4_CAUSAL_7_EXPERTS_RIDGE_ANCHOR20,disabled,2015-07-16,neutral,0.020517410359639617,0.022727292827398493,0.008368263990516489,0.7443609022556391,0.09773892513615359,0.45112781954887216,0.3082706766917293,2015-06-29,2015-06-29,"{""long_momentum"": 0.14337915832188558, ""mean_reversion"": 0.09639341848495578, ""medium_momentum"": 0.1267540301054242, ""ridge"": 0.15254966794100222, ""risk_adjusted"": 0.1334021257218044, ""short_momentum"": 0.10166882324840229, ""trend"": 0.14060500845678803, ""volume_momentum"": 0.10524776771973744}",0.0972199944573066,0.2547863874361006,-0.14210483512070954,0.12096168372069817,2317.TW,2015-07-16,2015-07-17
0.04982154273214039,687000,0,0.1260972464961966,0.1260972464961966,0.2245447030370992,D-1 estimated accounting; fill-day constraints require ledger audit,adaptive,V4_CAUSAL_7_EXPERTS_RIDGE_ANCHOR20,disabled,2015-07-16,neutral,0.020517410359639617,0.022727292827398493,0.008368263990516489,0.7443609022556391,0.09773892513615359,0.45112781954887216,0.3082706766917293,2015-06-29,2015-06-29,"{""long_momentum"": 0.14337915832188558, ""mean_reversion"": 0.09639341848495578, ""medium_momentum"": 0.1267540301054242, ""ridge"": 0.15254966794100222, ""risk_adjusted"": 0.1334021257218044, ""short_momentum"": 0.10166882324840229, ""trend"": 0.14060500845678803, ""volume_momentum"": 0.10524776771973744}",0.34018273284602785,0.8072131630300884,-0.3281922912723576,0.5463688738684966,2383.TW,2015-07-16,2015-07-17
0.03855859202311328,363000,0,-0.06663600534646888,-0.06663600534646888,0.27585233221925853,D-1 estimated accounting; fill-day constraints require ledger audit,adaptive,V4_CAUSAL_7_EXPERTS_RIDGE_ANCHOR20,disabled,2015-07-16,neutral,0.020517410359639617,0.022727292827398493,0.008368263990516489,0.7443609022556391,0.09773892513615359,0.45112781954887216,0.3082706766917293,2015-06-29,2015-06-29,"{""long_momentum"": 0.14337915832188558, ""mean_reversion"": 0.09639341848495578, ""medium_momentum"": 0.1267540301054242, ""ridge"": 0.15254966794100222, ""risk_adjusted"": 0.1334021257218044, ""short_momentum"": 0.10166882324840229, ""trend"": 0.14060500845678803, ""volume_momentum"": 0.10524776771973744}",0.13524899053431305,0.7966623535031954,-0.29058337937624956,0.12329345828705765,2451.TW,2015-07-16,2015-07-17
0.03778560323890553,97000,0,-0.05098129620447497,-0.05098129620447497,0.15730381717027678,D-1 estimated accounting; fill-day constraints require ledger audit,adaptive,V4_CAUSAL_7_EXPERTS_RIDGE_ANCHOR20,disabled,2015-07-16,neutral,0.020517410359639617,0.022727292827398493,0.008368263990516489,0.7443609022556391,0.09773892513615359,0.45112781954887216,0.3082706766917293,2015-06-29,2015-06-29,"{""long_momentum"": 0.14337915832188558, ""mean_reversion"": 0.09639341848495578, ""medium_momentum"": 0.1267540301054242, ""ridge"": 0.15254966794100222, ""risk_adjusted"": 0.1334021257218044, ""short_momentum"": 0.10166882324840229, ""trend"": 0.14060500845678803, ""volume_momentum"": 0.10524776771973744}",0.1227110164907235,0.502113827148084,-0.2563477047163147,0.12036720191111061,2454.TW,2015-07-16,2015-07-17
0.04294288778354163,672000,0,0.012799663302805197,0.012799663302805197,0.00884715485417786,D-1 estimated accounting; fill-day constraints require ledger audit,adaptive,V4_CAUSAL_7_EXPERTS_RIDGE_ANCHOR20,disabled,2015-07-16,neutral,0.020517410359639617,0.022727292827398493,0.008368263990516489,0.7443609022556391,0.09773892513615359,0.45112781954887216,0.3082706766917293,2015-06-29,2015-06-29,"{""long_momentum"": 0.14337915832188558, ""mean_reversion"": 0.09639341848495578, ""medium_momentum"": 0.1267540301054242, ""ridge"": 0.15254966794100222, ""risk_adjusted"": 0.1334021257218044, ""short_momentum"": 0.10166882324840229, ""trend"": 0.14060500845678803, ""volume_momentum"": 0.10524776771973744}",0.10693774001079324,0.061999550466189046,-0.16403354916155372,0.15561496537091,2881.TW,2015-07-16,2015-07-17
0.04304166440739318,1700000,0,0.006294287395997442,0.006294287395997442,0.033822509761282524,D-1 estimated accounting; fill-day constraints require ledger audit,adaptive,V4_CAUSAL_7_EXPERTS_RIDGE_ANCHOR20,disabled,2015-07-16,neutral,0.020517410359639617,0.022727292827398493,0.008368263990516489,0.7443609022556391,0.09773892513615359,0.45112781954887216,0.3082706766917293,2015-06-29,2015-06-29,"{""long_momentum"": 0.14337915832188558, ""mean_reversion"": 0.09639341848495578, ""medium_momentum"": 0.1267540301054242, ""ridge"": 0.15254966794100222, ""risk_adjusted"": 0.1334021257218044, ""short_momentum"": 0.10166882324840229, ""trend"": 0.14060500845678803, ""volume_momentum"": 0.10524776771973744}",0.10331304122632505,0.3432095673797651,-0.1620659895531632,0.14063665394890396,2891.TW,2015-07-16,2015-07-17
0.04251438313142647,11000,0,0.0021184543143546635,0.0021184543143546635,0.01548169372916906,D-1 estimated accounting; fill-day constraints require ledger audit,adaptive,V4_CAUSAL_7_EXPERTS_RIDGE_ANCHOR20,disabled,2015-07-16,neutral,0.020517410359639617,0.022727292827398493,0.008368263990516489,0.7443609022556391,0.09773892513615359,0.45112781954887216,0.3082706766917293,2015-06-29,2015-06-29,"{""long_momentum"": 0.14337915832188558, ""mean_reversion"": 0.09639341848495578, ""medium_momentum"": 0.1267540301054242, ""ridge"": 0.15254966794100222, ""risk_adjusted"": 0.1334021257218044, ""short_momentum"": 0.10166882324840229, ""trend"": 0.14060500845678803, ""volume_momentum"": 0.10524776771973744}",0.15068867379328907,0.3432095673797651,-0.24252261890685972,0.21274161713931494,3008.TW,2015-07-16,2015-07-17
0.0409079107885947,1521000,0,-0.021232260910949013,-0.021232260910949013,0.04469477325185348,D-1 estimated accounting; fill-day constraints require ledger audit,adaptive,V4_CAUSAL_7_EXPERTS_RIDGE_ANCHOR20,disabled,2015-07-16,neutral,0.020517410359639617,0.022727292827398493,0.008368263990516489,0.7443609022556391,0.09773892513615359,0.45112781954887216,0.3082706766917293,2015-06-29,2015-06-29,"{""long_momentum"": 0.14337915832188558, ""mean_reversion"": 0.09639341848495578, ""medium_momentum"": 0.1267540301054242, ""ridge"": 0.15254966794100222, ""risk_adjusted"": 0.1334021257218044, ""short_momentum"": 0.10166882324840229, ""trend"": 0.14060500845678803, ""volume_momentum"": 0.10524776771973744}",0.11187565944791576,0.23530957570447508,-0.20803427432738109,0.13155184210922893,3017.TW,2015-07-16,2015-07-17
0.04322199344849165,401000,0,0.014710059660868396,0.014710059660868396,0.08867970947594724,D-1 estimated accounting; fill-day constraints require ledger audit,adaptive,V4_CAUSAL_7_EXPERTS_RIDGE_ANCHOR20,disabled,2015-07-16,neutral,0.020517410359639617,0.022727292827398493,0.008368263990516489,0.7443609022556391,0.09773892513615359,0.45112781954887216,0.3082706766917293,2015-06-29,2015-06-29,"{""long_momentum"": 0.14337915832188558, ""mean_reversion"": 0.09639341848495578, ""medium_momentum"": 0.1267540301054242, ""ridge"": 0.15254966794100222, ""risk_adjusted"": 0.1334021257218044, ""short_momentum"": 0.10166882324840229, ""trend"": 0.14060500845678803, ""volume_momentum"": 0.10524776771973744}",0.1129171231524999,0.5967176275906135,-0.17403801339919703,0.1694402223246797,3045.TW,2015-07-16,2015-07-17
0.04083948657760131,208000,0,0.06759078058123515,0.06759078058123515,0.2865818734612523,D-1 estimated accounting; fill-day constraints require ledger audit,adaptive,V4_CAUSAL_7_EXPERTS_RIDGE_ANCHOR20,disabled,2015-07-16,neutral,0.020517410359639617,0.022727292827398493,0.008368263990516489,0.7443609022556391,0.09773892513615359,0.45112781954887216,0.3082706766917293,2015-06-29,2015-06-29,"{""long_momentum"": 0.14337915832188558, ""mean_reversion"": 0.09639341848495578, ""medium_momentum"": 0.1267540301054242, ""ridge"": 0.15254966794100222, ""risk_adjusted"": 0.1334021257218044, ""short_momentum"": 0.10166882324840229, ""trend"": 0.14060500845678803, ""volume_momentum"": 0.10524776771973744}",0.12920265946444126,0.7966623535031954,-0.14766439769354522,0.24882804845976136,3131.TWO,2015-07-16,2015-07-17
0.0371968819576723,408000,0,-0.03861715750077228,-0.03861715750077228,0.15484083293582437,D-1 estimated accounting; fill-day constraints require ledger audit,adaptive,V4_CAUSAL_7_EXPERTS_RIDGE_ANCHOR20,disabled,2015-07-16,neutral,0.020517410359639617,0.022727292827398493,0.008368263990516489,0.7443609022556391,0.09773892513615359,0.45112781954887216,0.3082706766917293,2015-06-29,2015-06-29,"{""long_momentum"": 0.14337915832188558, ""mean_reversion"": 0.09639341848495578, ""medium_momentum"": 0.1267540301054242, ""ridge"": 0.15254966794100222, ""risk_adjusted"": 0.1334021257218044, ""short_momentum"": 0.10166882324840229, ""trend"": 0.14060500845678803, ""volume_momentum"": 0.10524776771973744}",0.10563871934000811,0.5298581020595865,-0.21255965414596567,0.10130742874816698,3227.TWO,2015-07-16,2015-07-17
0.038736610499911124,1197000,0,-0.0014022444436632843,-0.0014022444436632843,0.03111675549963649,D-1 estimated accounting; fill-day constraints require ledger audit,adaptive,V4_CAUSAL_7_EXPERTS_RIDGE_ANCHOR20,disabled,2015-07-16,neutral,0.020517410359639617,0.022727292827398493,0.008368263990516489,0.7443609022556391,0.09773892513615359,0.45112781954887216,0.3082706766917293,2015-06-29,2015-06-29,"{""long_momentum"": 0.14337915832188558, ""mean_reversion"": 0.09639341848495578, ""medium_momentum"": 0.1267540301054242, ""ridge"": 0.15254966794100222, ""risk_adjusted"": 0.1334021257218044, ""short_momentum"": 0.10166882324840229, ""trend"": 0.14060500845678803, ""volume_momentum"": 0.10524776771973744}",0.10261558326271794,0.5298581020595865,-0.16795973003713927,0.13113733075355855,3363.TWO,2015-07-16,2015-07-17
0.04802192821890671,248000,0,0.06419130366997208,0.06419130366997208,0.16932232166703357,D-1 estimated accounting; fill-day constraints require ledger audit,adaptive,V4_CAUSAL_7_EXPERTS_RIDGE_ANCHOR20,disabled,2015-07-16,neutral,0.020517410359639617,0.022727292827398493,0.008368263990516489,0.7443609022556391,0.09773892513615359,0.45112781954887216,0.3082706766917293,2015-06-29,2015-06-29,"{""long_momentum"": 0.14337915832188558, ""mean_reversion"": 0.09639341848495578, ""medium_momentum"": 0.1267540301054242, ""ridge"": 0.15254966794100222, ""risk_adjusted"": 0.1334021257218044, ""short_momentum"": 0.10166882324840229, ""trend"": 0.14060500845678803, ""volume_momentum"": 0.10524776771973744}",0.17464937940923952,0.5967176275906135,-0.21002173995458898,0.30438643689827904,3665.TW,2015-07-16,2015-07-17
0.04109910998447109,553000,0,0.028298945383968547,0.028298945383968547,0.18848361450083964,D-1 estimated accounting; fill-day constraints require ledger audit,adaptive,V4_CAUSAL_7_EXPERTS_RIDGE_ANCHOR20,disabled,2015-07-16,neutral,0.020517410359639617,0.022727292827398493,0.008368263990516489,0.7443609022556391,0.09773892513615359,0.45112781954887216,0.3082706766917293,2015-06-29,2015-06-29,"{""long_momentum"": 0.14337915832188558, ""mean_reversion"": 0.09639341848495578, ""medium_momentum"": 0.1267540301054242, ""ridge"": 0.15254966794100222, ""risk_adjusted"": 0.1334021257218044, ""short_momentum"": 0.10166882324840229, ""trend"": 0.14060500845678803, ""volume_momentum"": 0.10524776771973744}",0.1093094564134178,0.8072131630300884,-0.15349541059799157,0.17607539096967453,4904.TW,2015-07-16,2015-07-17
0.0420430805269248,457000,0,0.013280346415974979,0.013280346415974979,0.027310458550650223,D-1 estimated accounting; fill-day constraints require ledger audit,adaptive,V4_CAUSAL_7_EXPERTS_RIDGE_ANCHOR20,disabled,2015-07-16,neutral,0.020517410359639617,0.022727292827398493,0.008368263990516489,0.7443609022556391,0.09773892513615359,0.45112781954887216,0.3082706766917293,2015-06-29,2015-06-29,"{""long_momentum"": 0.14337915832188558, ""mean_reversion"": 0.09639341848495578, ""medium_momentum"": 0.1267540301054242, ""ridge"": 0.15254966794100222, ""risk_adjusted"": 0.1334021257218044, ""short_momentum"": 0.10166882324840229, ""trend"": 0.14060500845678803, ""volume_momentum"": 0.10524776771973744}",0.11880636249240642,0.20480470097741976,-0.18576378640048505,0.17830656883618087,4979.TWO,2015-07-16,2015-07-17
0.043386096026660756,121000,0,0.0060156265973015126,0.0060156265973015126,0.02365359793162072,D-1 estimated accounting; fill-day constraints require ledger audit,adaptive,V4_CAUSAL_7_EXPERTS_RIDGE_ANCHOR20,disabled,2015-07-16,neutral,0.020517410359639617,0.022727292827398493,0.008368263990516489,0.7443609022556391,0.09773892513615359,0.45112781954887216,0.3082706766917293,2015-06-29,2015-06-29,"{""long_momentum"": 0.14337915832188558, ""mean_reversion"": 0.09639341848495578, ""medium_momentum"": 0.1267540301054242, ""ridge"": 0.15254966794100222, ""risk_adjusted"": 0.1334021257218044, ""short_momentum"": 0.10166882324840229, ""trend"": 0.14060500845678803, ""volume_momentum"": 0.10524776771973744}",0.1488191879542215,0.3432095673797651,-0.2362079713143055,0.21422131411265438,5274.TWO,2015-07-16,2015-07-17
0.0389750187254752,618000,0,-0.055657560802073305,-0.055657560802073305,0.17276041276536994,D-1 estimated accounting; fill-day constraints require ledger audit,adaptive,V4_CAUSAL_7_EXPERTS_RIDGE_ANCHOR20,disabled,2015-07-16,neutral,0.020517410359639617,0.022727292827398493,0.008368263990516489,0.7443609022556391,0.09773892513615359,0.45112781954887216,0.3082706766917293,2015-06-29,2015-06-29,"{""long_momentum"": 0.14337915832188558, ""mean_reversion"": 0.09639341848495578, ""medium_momentum"": 0.1267540301054242, ""ridge"": 0.15254966794100222, ""risk_adjusted"": 0.1334021257218044, ""short_momentum"": 0.10166882324840229, ""trend"": 0.14060500845678803, ""volume_momentum"": 0.10524776771973744}",0.11563861441696262,0.502113827148084,-0.24929798716955748,0.10396495516915673,6239.TW,2015-07-16,2015-07-17
0.04168063700867737,521000,0,-0.005390066005825551,-0.005390066005825551,0.0047728220114399205,D-1 estimated accounting; fill-day constraints require ledger audit,adaptive,V4_CAUSAL_7_EXPERTS_RIDGE_ANCHOR20,disabled,2015-07-16,neutral,0.020517410359639617,0.022727292827398493,0.008368263990516489,0.7443609022556391,0.09773892513615359,0.45112781954887216,0.3082706766917293,2015-06-29,2015-06-29,"{""long_momentum"": 0.14337915832188558, ""mean_reversion"": 0.09639341848495578, ""medium_momentum"": 0.1267540301054242, ""ridge"": 0.15254966794100222, ""risk_adjusted"": 0.1334021257218044, ""short_momentum"": 0.10166882324840229, ""trend"": 0.14060500845678803, ""volume_momentum"": 0.10524776771973744}",0.10160988140361785,0.05144874093929602,-0.16921384843387402,0.12441580602596881,6505.TW,2015-07-16,2015-07-17
0.04110147306159672,2920000,0,-0.013879809012622129,-0.013879809012622129,0.0952723968849978,D-1 estimated accounting; fill-day constraints require ledger audit,adaptive,V4_CAUSAL_7_EXPERTS_RIDGE_ANCHOR20,disabled,2015-07-16,neutral,0.020517410359639617,0.022727292827398493,0.008368263990516489,0.7443609022556391,0.09773892513615359,0.45112781954887216,0.3082706766917293,2015-06-29,2015-06-29,"{""long_momentum"": 0.14337915832188558, ""mean_reversion"": 0.09639341848495578, ""medium_momentum"": 0.1267540301054242, ""ridge"": 0.15254966794100222, ""risk_adjusted"": 0.1334021257218044, ""short_momentum"": 0.10166882324840229, ""trend"": 0.14060500845678803, ""volume_momentum"": 0.10524776771973744}",0.10078816190353963,0.6038755165332839,-0.17532847433604662,0.11355094591454822,8069.TWO,2015-07-16,2015-07-17
0.043721069160227645,755000,0,0.018358293539158865,0.018358293539158865,0.09673703608773701,D-1 estimated accounting; fill-day constraints require ledger audit,adaptive,V4_CAUSAL_7_EXPERTS_RIDGE_ANCHOR20,disabled,2015-07-17,neutral,0.0199794077578082,0.020771510145006555,-0.0032258397846356424,0.7443609022556391,0.08764883637605565,0.42105263157894735,0.3082706766917293,2015-06-29,2015-06-29,"{""long_momentum"": 0.14337915832188558, ""mean_reversion"": 0.09639341848495578, ""medium_momentum"": 0.1267540301054242, ""ridge"": 0.15254966794100222, ""risk_adjusted"": 0.1334021257218044, ""short_momentum"": 0.10166882324840229, ""trend"": 0.14060500845678803, ""volume_momentum"": 0.10524776771973744}",0.12072618608672601,0.5967176275906135,-0.18383579467522765,0.18653447135729126,1216.TW,2015-07-17,2015-07-20
0.04108807264954937,570000,0,0.009561824285026232,0.009561824285026232,0.01615196561064269,D-1 estimated accounting; fill-day constraints require ledger audit,adaptive,V4_CAUSAL_7_EXPERTS_RIDGE_ANCHOR20,disabled,2015-07-17,neutral,0.0199794077578082,0.020771510145006555,-0.0032258397846356424,0.7443609022556391,0.08764883637605565,0.42105263157894735,0.3082706766917293,2015-06-29,2015-06-29,"{""long_momentum"": 0.14337915832188558, ""mean_reversion"": 0.09639341848495578, ""medium_momentum"": 0.1267540301054242, ""ridge"": 0.15254966794100222, ""risk_adjusted"": 0.1334021257218044, ""short_momentum"": 0.10166882324840229, ""trend"": 0.14060500845678803, ""volume_momentum"": 0.10524776771973744}",0.09826074073091007,0.12514271251822204,-0.14338056758615636,0.1284863057599547,1303.TW,2015-07-17,2015-07-20
0.043774161006204605,2109000,0,0.06690811764643623,0.06690811764643623,0.32093063701631575,D-1 estimated accounting; fill-day constraints require ledger audit,adaptive,V4_CAUSAL_7_EXPERTS_RIDGE_ANCHOR20,disabled,2015-07-17,neutral,0.0199794077578082,0.020771510145006555,-0.0032258397846356424,0.7443609022556391,0.08764883637605565,0.42105263157894735,0.3082706766917293,2015-06-29,2015-06-29,"{""long_momentum"": 0.14337915832188558, ""mean_reversion"": 0.09639341848495578, ""medium_momentum"": 0.1267540301054242, ""ridge"": 0.15254966794100222, ""risk_adjusted"": 0.1334021257218044, ""short_momentum"": 0.10166882324840229, ""trend"": 0.14060500845678803, ""volume_momentum"": 0.10524776771973744}",0.10895706753053569,0.8072131630300884,-0.11417158565671523,0.21396991055333356,2313.TW,2015-07-17,2015-07-20
0.04273225662953595,425000,0,-0.0011679552380165956,-0.0011679552380165956,0.0036704183930184988,D-1 estimated accounting; fill-day constraints require ledger audit,adaptive,V4_CAUSAL_7_EXPERTS_RIDGE_ANCHOR20,disabled,2015-07-17,neutral,0.0199794077578082,0.020771510145006555,-0.0032258397846356424,0.7443609022556391,0.08764883637605565,0.42105263157894735,0.3082706766917293,2015-06-29,2015-06-29,"{""long_momentum"": 0.14337915832188558, ""mean_reversion"": 0.09639341848495578, ""medium_momentum"": 0.1267540301054242, ""ridge"": 0.15254966794100222, ""risk_adjusted"": 0.1334021257218044, ""short_momentum"": 0.10166882324840229, ""trend"": 0.14060500845678803, ""volume_momentum"": 0.10524776771973744}",0.09801920031351063,0.061999550466189046,-0.15315608228838698,0.11680226141609965,2317.TW,2015-07-17,2015-07-20
0.04798990702367782,687000,0,0.10206685127125242,0.10206685127125242,0.30847262931484415,D-1 estimated accounting; fill-day constraints require ledger audit,adaptive,V4_CAUSAL_7_EXPERTS_RIDGE_ANCHOR20,disabled,2015-07-17,neutral,0.0199794077578082,0.020771510145006555,-0.0032258397846356424,0.7443609022556391,0.08764883637605565,0.42105263157894735,0.3082706766917293,2015-06-29,2015-06-29,"{""long_momentum"": 0.14337915832188558, ""mean_reversion"": 0.09639341848495578, ""medium_momentum"": 0.1267540301054242, ""ridge"": 0.15254966794100222, ""risk_adjusted"": 0.1334021257218044, ""short_momentum"": 0.10166882324840229, ""trend"": 0.14060500845678803, ""volume_momentum"": 0.10524776771973744}",0.17310637467200887,0.8072131630300884,-0.1703043680608135,0.3404201602070642,2383.TW,2015-07-17,2015-07-20
0.038194712247759825,363000,0,-0.0727943933198319,-0.0727943933198319,0.31307314766680455,D-1 estimated accounting; fill-day constraints require ledger audit,adaptive,V4_CAUSAL_7_EXPERTS_RIDGE_ANCHOR20,disabled,2015-07-17,neutral,0.0199794077578082,0.020771510145006555,-0.0032258397846356424,0.7443609022556391,0.08764883637605565,0.42105263157894735,0.3082706766917293,2015-06-29,2015-06-29,"{""long_momentum"": 0.14337915832188558, ""mean_reversion"": 0.09639341848495578, ""medium_momentum"": 0.1267540301054242, ""ridge"": 0.15254966794100222, ""risk_adjusted"": 0.1334021257218044, ""short_momentum"": 0.10166882324840229, ""trend"": 0.14060500845678803, ""volume_momentum"": 0.10524776771973744}",0.12016530055174159,0.7966623535031954,-0.2740769623937299,0.09447026535781203,2451.TW,2015-07-17,2015-07-20
0.0375814235446048,97000,0,-0.07181752397501354,-0.07181752397501354,0.19108075815918849,D-1 estimated accounting; fill-day constraints require ledger audit,adaptive,V4_CAUSAL_7_EXPERTS_RIDGE_ANCHOR20,disabled,2015-07-17,neutral,0.0199794077578082,0.020771510145006555,-0.0032258397846356424,0.7443609022556391,0.08764883637605565,0.42105263157894735,0.3082706766917293,2015-06-29,2015-06-29,"{""long_momentum"": 0.14337915832188558, ""mean_reversion"": 0.09639341848495578, ""medium_momentum"": 0.1267540301054242, ""ridge"": 0.15254966794100222, ""risk_adjusted"": 0.1334021257218044, ""short_momentum"": 0.10166882324840229, ""trend"": 0.14060500845678803, ""volume_momentum"": 0.10524776771973744}",0.1250402733600813,0.502113827148084,-0.2808108135861066,0.10315785523982537,2454.TW,2015-07-17,2015-07-20
0.04324992192835057,672000,0,0.012763903758793318,0.012763903758793318,0.04794633160580205,D-1 estimated accounting; fill-day constraints require ledger audit,adaptive,V4_CAUSAL_7_EXPERTS_RIDGE_ANCHOR20,disabled,2015-07-17,neutral,0.0199794077578082,0.020771510145006555,-0.0032258397846356424,0.7443609022556391,0.08764883637605565,0.42105263157894735,0.3082706766917293,2015-06-29,2015-06-29,"{""long_momentum"": 0.14337915832188558, ""mean_reversion"": 0.09639341848495578, ""medium_momentum"": 0.1267540301054242, ""ridge"": 0.15254966794100222, ""risk_adjusted"": 0.1334021257218044, ""short_momentum"": 0.10166882324840229, ""trend"": 0.14060500845678803, ""volume_momentum"": 0.10524776771973744}",0.10939372269230858,0.3432095673797651,-0.16920029224934838,0.16071018937068088,2881.TW,2015-07-17,2015-07-20
0.04336801234458873,1700000,0,0.008746850011518724,0.008746850011518724,0.04022114435303942,D-1 estimated accounting; fill-day constraints require ledger audit,adaptive,V4_CAUSAL_7_EXPERTS_RIDGE_ANCHOR20,disabled,2015-07-17,neutral,0.0199794077578082,0.020771510145006555,-0.0032258397846356424,0.7443609022556391,0.08764883637605565,0.42105263157894735,0.3082706766917293,2015-06-29,2015-06-29,"{""long_momentum"": 0.14337915832188558, ""mean_reversion"": 0.09639341848495578, ""medium_momentum"": 0.1267540301054242, ""ridge"": 0.15254966794100222, ""risk_adjusted"": 0.1334021257218044, ""short_momentum"": 0.10166882324840229, ""trend"": 0.14060500845678803, ""volume_momentum"": 0.10524776771973744}",0.10355589015607494,0.3432095673797651,-0.16022545870356075,0.1437012483303441,2891.TW,2015-07-17,2015-07-20
0.04159433283774139,11000,0,-0.0016386412626522022,-0.0016386412626522022,0.012988095932019062,D-1 estimated accounting; fill-day constraints require ledger audit,adaptive,V4_CAUSAL_7_EXPERTS_RIDGE_ANCHOR20,disabled,2015-07-17,neutral,0.0199794077578082,0.020771510145006555,-0.0032258397846356424,0.7443609022556391,0.08764883637605565,0.42105263157894735,0.3082706766917293,2015-06-29,2015-06-29,"{""long_momentum"": 0.14337915832188558, ""mean_reversion"": 0.09639341848495578, ""medium_momentum"": 0.1267540301054242, ""ridge"": 0.15254966794100222, ""risk_adjusted"": 0.1334021257218044, ""short_momentum"": 0.10166882324840229, ""trend"": 0.14060500845678803, ""volume_momentum"": 0.10524776771973744}",0.12359102701578702,0.2547863874361006,-0.2083867939910254,0.17109160106946686,3008.TW,2015-07-17,2015-07-20
0.04097206789011488,1521000,0,-0.03153611668257799,-0.03153611668257799,0.1234159900260953,D-1 estimated accounting; fill-day constraints require ledger audit,adaptive,V4_CAUSAL_7_EXPERTS_RIDGE_ANCHOR20,disabled,2015-07-17,neutral,0.0199794077578082,0.020771510145006555,-0.0032258397846356424,0.7443609022556391,0.08764883637605565,0.42105263157894735,0.3082706766917293,2015-06-29,2015-06-29,"{""long_momentum"": 0.14337915832188558, ""mean_reversion"": 0.09639341848495578, ""medium_momentum"": 0.1267540301054242, ""ridge"": 0.15254966794100222, ""risk_adjusted"": 0.1334021257218044, ""short_momentum"": 0.10166882324840229, ""trend"": 0.14060500845678803, ""volume_momentum"": 0.10524776771973744}",0.11210985190495455,0.502113827148084,-0.21877968840274561,0.1216895446413355,3017.TW,2015-07-17,2015-07-20
0.04324754586363753,401000,0,0.014543100550689716,0.014543100550689716,0.08976149278496154,D-1 estimated accounting; fill-day constraints require ledger audit,adaptive,V4_CAUSAL_7_EXPERTS_RIDGE_ANCHOR20,disabled,2015-07-17,neutral,0.0199794077578082,0.020771510145006555,-0.0032258397846356424,0.7443609022556391,0.08764883637605565,0.42105263157894735,0.3082706766917293,2015-06-29,2015-06-29,"{""long_momentum"": 0.14337915832188558, ""mean_reversion"": 0.09639341848495578, ""medium_momentum"": 0.1267540301054242, ""ridge"": 0.15254966794100222, ""risk_adjusted"": 0.1334021257218044, ""short_momentum"": 0.10166882324840229, ""trend"": 0.14060500845678803, ""volume_momentum"": 0.10524776771973744}",0.09715540010937104,0.5359964043496767,-0.13369681359812383,0.12876510430324914,3045.TW,2015-07-17,2015-07-20
0.04293548936465809,208000,0,0.09658680220366168,0.09658680220366168,0.3696326735236115,D-1 estimated accounting; fill-day constraints require ledger audit,adaptive,V4_CAUSAL_7_EXPERTS_RIDGE_ANCHOR20,disabled,2015-07-17,neutral,0.0199794077578082,0.020771510145006555,-0.0032258397846356424,0.7443609022556391,0.08764883637605565,0.42105263157894735,0.3082706766917293,2015-06-29,2015-06-29,"{""long_momentum"": 0.14337915832188558, ""mean_reversion"": 0.09639341848495578, ""medium_momentum"": 0.1267540301054242, ""ridge"": 0.15254966794100222, ""risk_adjusted"": 0.1334021257218044, ""short_momentum"": 0.10166882324840229, ""trend"": 0.14060500845678803, ""volume_momentum"": 0.10524776771973744}",0.12026102079105404,0.8072131630300884,-0.10485182090199009,0.26400751491305935,3131.TWO,2015-07-17,2015-07-20
0.037228762739751384,408000,0,-0.05221925414550328,-0.05221925414550328,0.2659130371986077,D-1 estimated accounting; fill-day constraints require ledger audit,adaptive,V4_CAUSAL_7_EXPERTS_RIDGE_ANCHOR20,disabled,2015-07-17,neutral,0.0199794077578082,0.020771510145006555,-0.0032258397846356424,0.7443609022556391,0.08764883637605565,0.42105263157894735,0.3082706766917293,2015-06-29,2015-06-29,"{""long_momentum"": 0.14337915832188558, ""mean_reversion"": 0.09639341848495578, ""medium_momentum"": 0.1267540301054242, ""ridge"": 0.15254966794100222, ""risk_adjusted"": 0.1334021257218044, ""short_momentum"": 0.10166882324840229, ""trend"": 0.14060500845678803, ""volume_momentum"": 0.10524776771973744}",0.11420681113315237,0.7966623535031954,-0.24331823458228374,0.10486181589502301,3227.TWO,2015-07-17,2015-07-20
0.03894950880493597,1197000,0,0.009048132763478383,0.009048132763478383,0.028826165249971884,D-1 estimated accounting; fill-day constraints require ledger audit,adaptive,V4_CAUSAL_7_EXPERTS_RIDGE_ANCHOR20,disabled,2015-07-17,neutral,0.0199794077578082,0.020771510145006555,-0.0032258397846356424,0.7443609022556391,0.08764883637605565,0.42105263157894735,0.3082706766917293,2015-06-29,2015-06-29,"{""long_momentum"": 0.14337915832188558, ""mean_reversion"": 0.09639341848495578, ""medium_momentum"": 0.1267540301054242, ""ridge"": 0.15254966794100222, ""risk_adjusted"": 0.1334021257218044, ""short_momentum"": 0.10166882324840229, ""trend"": 0.14060500845678803, ""volume_momentum"": 0.10524776771973744}",0.09847715960210884,0.23089706846767222,-0.14472160118700694,0.12879995631770957,3363.TWO,2015-07-17,2015-07-20
0.047367378068860974,248000,0,0.04365818379300222,0.04365818379300222,0.15058570808901817,D-1 estimated accounting; fill-day constraints require ledger audit,adaptive,V4_CAUSAL_7_EXPERTS_RIDGE_ANCHOR20,disabled,2015-07-17,neutral,0.0199794077578082,0.020771510145006555,-0.0032258397846356424,0.7443609022556391,0.08764883637605565,0.42105263157894735,0.3082706766917293,2015-06-29,2015-06-29,"{""long_momentum"": 0.14337915832188558, ""mean_reversion"": 0.09639341848495578, ""medium_momentum"": 0.1267540301054242, ""ridge"": 0.15254966794100222, ""risk_adjusted"": 0.1334021257218044, ""short_momentum"": 0.10166882324840229, ""trend"": 0.14060500845678803, ""volume_momentum"": 0.10524776771973744}",0.14415690048222185,0.5967176275906135,-0.19244219307861687,0.24574065026836717,3665.TW,2015-07-17,2015-07-20
0.04079893197469126,553000,0,0.012557051553708728,0.012557051553708728,0.04577861133530419,D-1 estimated accounting; fill-day constraints require ledger audit,adaptive,V4_CAUSAL_7_EXPERTS_RIDGE_ANCHOR20,disabled,2015-07-17,neutral,0.0199794077578082,0.020771510145006555,-0.0032258397846356424,0.7443609022556391,0.08764883637605565,0.42105263157894735,0.3082706766917293,2015-06-29,2015-06-29,"{""long_momentum"": 0.14337915832188558, ""mean_reversion"": 0.09639341848495578, ""medium_momentum"": 0.1267540301054242, ""ridge"": 0.15254966794100222, ""risk_adjusted"": 0.1334021257218044, ""short_momentum"": 0.10166882324840229, ""trend"": 0.14060500845678803, ""volume_momentum"": 0.10524776771973744}",0.09940023752242591,0.3049568011501444,-0.14449921326752377,0.1355954059786871,4904.TW,2015-07-17,2015-07-20
0.04019667877209237,457000,0,-0.01815938768787605,-0.01815938768787605,0.0018586461580222555,D-1 estimated accounting; fill-day constraints require ledger audit,adaptive,V4_CAUSAL_7_EXPERTS_RIDGE_ANCHOR20,disabled,2015-07-17,neutral,0.0199794077578082,0.020771510145006555,-0.0032258397846356424,0.7443609022556391,0.08764883637605565,0.42105263157894735,0.3082706766917293,2015-06-29,2015-06-29,"{""long_momentum"": 0.14337915832188558, ""mean_reversion"": 0.09639341848495578, ""medium_momentum"": 0.1267540301054242, ""ridge"": 0.15254966794100222, ""risk_adjusted"": 0.1334021257218044, ""short_momentum"": 0.10166882324840229, ""trend"": 0.14060500845678803, ""volume_momentum"": 0.10524776771973744}",0.12658744310546616,0.012017864007508205,-0.2295107662043325,0.15917408043232628,4979.TWO,2015-07-17,2015-07-20
0.04458685434022187,121000,0,0.0395108999543114,0.0395108999543114,0.2340262911444207,D-1 estimated accounting; fill-day constraints require ledger audit,adaptive,V4_CAUSAL_7_EXPERTS_RIDGE_ANCHOR20,disabled,2015-07-17,neutral,0.0199794077578082,0.020771510145006555,-0.0032258397846356424,0.7443609022556391,0.08764883637605565,0.42105263157894735,0.3082706766917293,2015-06-29,2015-06-29,"{""long_momentum"": 0.14337915832188558, ""mean_reversion"": 0.09639341848495578, ""medium_momentum"": 0.1267540301054242, ""ridge"": 0.15254966794100222, ""risk_adjusted"": 0.1334021257218044, ""short_momentum"": 0.10166882324840229, ""trend"": 0.14060500845678803, ""volume_momentum"": 0.10524776771973744}",0.10564981089440861,0.789504464560525,-0.13445688786391147,0.17946077737628013,5274.TWO,2015-07-17,2015-07-20
0.039189227333762816,618000,0,-0.04443163122000736,-0.04443163122000736,0.13073137562063705,D-1 estimated accounting; fill-day constraints require ledger audit,adaptive,V4_CAUSAL_7_EXPERTS_RIDGE_ANCHOR20,disabled,2015-07-17,neutral,0.0199794077578082,0.020771510145006555,-0.0032258397846356424,0.7443609022556391,0.08764883637605565,0.42105263157894735,0.3082706766917293,2015-06-29,2015-06-29,"{""long_momentum"": 0.14337915832188558, ""mean_reversion"": 0.09639341848495578, ""medium_momentum"": 0.1267540301054242, ""ridge"": 0.15254966794100222, ""risk_adjusted"": 0.1334021257218044, ""short_momentum"": 0.10166882324840229, ""trend"": 0.14060500845678803, ""volume_momentum"": 0.10524776771973744}",0.14042566521107608,0.502113827148084,-0.27552193463061125,0.15264076179434244,6239.TW,2015-07-17,2015-07-20
0.043066225725313434,521000,0,0.023098830600526823,0.023098830600526823,0.12637875669394846,D-1 estimated accounting; fill-day constraints require ledger audit,adaptive,V4_CAUSAL_7_EXPERTS_RIDGE_ANCHOR20,disabled,2015-07-17,neutral,0.0199794077578082,0.020771510145006555,-0.0032258397846356424,0.7443609022556391,0.08764883637605565,0.42105263157894735,0.3082706766917293,2015-06-29,2015-06-29,"{""long_momentum"": 0.14337915832188558, ""mean_reversion"": 0.09639341848495578, ""medium_momentum"": 0.1267540301054242, ""ridge"": 0.15254966794100222, ""risk_adjusted"": 0.1334021257218044, ""short_momentum"": 0.10166882324840229, ""trend"": 0.14060500845678803, ""volume_momentum"": 0.10524776771973744}",0.10457431774054857,0.5967176275906135,-0.14836179918592762,0.16054154999072712,6505.TW,2015-07-17,2015-07-20
0.04040212916761335,2920000,0,-0.01992602050480253,-0.01992602050480253,0.09324140823082318,D-1 estimated accounting; fill-day constraints require ledger audit,adaptive,V4_CAUSAL_7_EXPERTS_RIDGE_ANCHOR20,disabled,2015-07-17,neutral,0.0199794077578082,0.020771510145006555,-0.0032258397846356424,0.7443609022556391,0.08764883637605565,0.42105263157894735,0.3082706766917293,2015-06-29,2015-06-29,"{""long_momentum"": 0.14337915832188558, ""mean_reversion"": 0.09639341848495578, ""medium_momentum"": 0.1267540301054242, ""ridge"": 0.15254966794100222, ""risk_adjusted"": 0.1334021257218044, ""short_momentum"": 0.10166882324840229, ""trend"": 0.14060500845678803, ""volume_momentum"": 0.10524776771973744}",0.10930296411386445,0.502113827148084,-0.20170727449460968,0.1278373230887505,8069.TWO,2015-07-17,2015-07-20
0.04381646054863478,755000,0,0.020627767130550093,0.020627767130550093,0.16827360733319827,D-1 estimated accounting; fill-day constraints require ledger audit,adaptive,V4_CAUSAL_7_EXPERTS_RIDGE_ANCHOR20,disabled,2015-07-20,risk_off,0.019044494595511875,-0.0014684064076607717,-0.019791582926516726,0.49624060150375937,0.09013467718357579,0.3007518796992481,0.21052631578947367,2015-06-29,2015-06-29,"{""long_momentum"": 0.14337915832188558, ""mean_reversion"": 0.09639341848495578, ""medium_momentum"": 0.1267540301054242, ""ridge"": 0.15254966794100222, ""risk_adjusted"": 0.1334021257218044, ""short_momentum"": 0.10166882324840229, ""trend"": 0.14060500845678803, ""volume_momentum"": 0.10524776771973744}",0.0973093428220965,0.8072131630300884,-0.12832585782045697,0.13556348168530302,1216.TW,2015-07-20,2015-07-21
0.04094754947278803,570000,0,-0.005473283077303625,-0.005473283077303625,0.04116538258700812,D-1 estimated accounting; fill-day constraints require ledger audit,adaptive,V4_CAUSAL_7_EXPERTS_RIDGE_ANCHOR20,disabled,2015-07-20,risk_off,0.019044494595511875,-0.0014684064076607717,-0.019791582926516726,0.49624060150375937,0.09013467718357579,0.3007518796992481,0.21052631578947367,2015-06-29,2015-06-29,"{""long_momentum"": 0.14337915832188558, ""mean_reversion"": 0.09639341848495578, ""medium_momentum"": 0.1267540301054242, ""ridge"": 0.15254966794100222, ""risk_adjusted"": 0.1334021257218044, ""short_momentum"": 0.10166882324840229, ""trend"": 0.14060500845678803, ""volume_momentum"": 0.10524776771973744}",0.11727435142202608,0.502113827148084,-0.20193880471667353,0.15697432816581214,1303.TW,2015-07-20,2015-07-21
0.04641407979697829,2109000,0,0.10822569223157545,0.10822569223157545,0.3138098352956827,D-1 estimated accounting; fill-day constraints require ledger audit,adaptive,V4_CAUSAL_7_EXPERTS_RIDGE_ANCHOR20,disabled,2015-07-20,risk_off,0.019044494595511875,-0.0014684064076607717,-0.019791582926516726,0.49624060150375937,0.09013467718357579,0.3007518796992481,0.21052631578947367,2015-06-29,2015-06-29,"{""long_momentum"": 0.14337915832188558, ""mean_reversion"": 0.09639341848495578, ""medium_momentum"": 0.1267540301054242, ""ridge"": 0.15254966794100222, ""risk_adjusted"": 0.1334021257218044, ""short_momentum"": 0.10166882324840229, ""trend"": 0.14060500845678803, ""volume_momentum"": 0.10524776771973744}",0.17802480052753009,0.8072131630300884,-0.1699930443850035,0.35242651845190026,2313.TW,2015-07-20,2015-07-21
0.04321983214373987,425000,0,-0.00815199098152152,-0.00815199098152152,0.025491092520892957,D-1 estimated accounting; fill-day constraints require ledger audit,adaptive,V4_CAUSAL_7_EXPERTS_RIDGE_ANCHOR20,disabled,2015-07-20,risk_off,0.019044494595511875,-0.0014684064076607717,-0.019791582926516726,0.49624060150375937,0.09013467718357579,0.3007518796992481,0.21052631578947367,2015-06-29,2015-06-29,"{""long_momentum"": 0.14337915832188558, ""mean_reversion"": 0.09639341848495578, ""medium_momentum"": 0.1267540301054242, ""ridge"": 0.15254966794100222, ""risk_adjusted"": 0.1334021257218044, ""short_momentum"": 0.10166882324840229, ""trend"": 0.14060500845678803, ""volume_momentum"": 0.10524776771973744}",0.09795951707378199,0.21535551050431279,-0.1598988816623453,0.10957698930304814,2317.TW,2015-07-20,2015-07-21
0.04883119385300665,687000,0,0.11367259707631872,0.11367259707631872,0.378386854207844,D-1 estimated accounting; fill-day constraints require ledger audit,adaptive,V4_CAUSAL_7_EXPERTS_RIDGE_ANCHOR20,disabled,2015-07-20,risk_off,0.019044494595511875,-0.0014684064076607717,-0.019791582926516726,0.49624060150375937,0.09013467718357579,0.3007518796992481,0.21052631578947367,2015-06-29,2015-06-29,"{""long_momentum"": 0.14337915832188558, ""mean_reversion"": 0.09639341848495578, ""medium_momentum"": 0.1267540301054242, ""ridge"": 0.15254966794100222, ""risk_adjusted"": 0.1334021257218044, ""short_momentum"": 0.10166882324840229, ""trend"": 0.14060500845678803, ""volume_momentum"": 0.10524776771973744}",0.1344918069871262,0.8072131630300884,-0.10920867699032077,0.3025359607467041,2383.TW,2015-07-20,2015-07-21
0.03808696940581737,363000,0,-0.04930172374924769,-0.04930172374924769,0.12110491013643888,D-1 estimated accounting; fill-day constraints require ledger audit,adaptive,V4_CAUSAL_7_EXPERTS_RIDGE_ANCHOR20,disabled,2015-07-20,risk_off,0.019044494595511875,-0.0014684064076607717,-0.019791582926516726,0.49624060150375937,0.09013467718357579,0.3007518796992481,0.21052631578947367,2015-06-29,2015-06-29,"{""long_momentum"": 0.14337915832188558, ""mean_reversion"": 0.09639341848495578, ""medium_momentum"": 0.1267540301054242, ""ridge"": 0.15254966794100222, ""risk_adjusted"": 0.1334021257218044, ""short_momentum"": 0.10166882324840229, ""trend"": 0.14060500845678803, ""volume_momentum"": 0.10524776771973744}",0.17083899351609533,0.502113827148084,-0.31895353844006047,0.18633218054531095,2451.TW,2015-07-20,2015-07-21
0.03608368219453755,97000,0,-0.10085163740458644,-0.10085163740458644,0.14948306069760783,D-1 estimated accounting; fill-day constraints require ledger audit,adaptive,V4_CAUSAL_7_EXPERTS_RIDGE_ANCHOR20,disabled,2015-07-20,risk_off,0.019044494595511875,-0.0014684064076607717,-0.019791582926516726,0.49624060150375937,0.09013467718357579,0.3007518796992481,0.21052631578947367,2015-06-29,2015-06-29,"{""long_momentum"": 0.14337915832188558, ""mean_reversion"": 0.09639341848495578, ""medium_momentum"": 0.1267540301054242, ""ridge"": 0.15254966794100222, ""risk_adjusted"": 0.1334021257218044, ""short_momentum"": 0.10166882324840229, ""trend"": 0.14060500845678803, ""volume_momentum"": 0.10524776771973744}",0.24970417285959776,0.502113827148084,-0.4594262413128237,0.22370505610739674,2454.TW,2015-07-20,2015-07-21
0.04331243451163172,672000,0,-0.0004156648997914491,-0.0004156648997914491,0.003464104210974579,D-1 estimated accounting; fill-day constraints require ledger audit,adaptive,V4_CAUSAL_7_EXPERTS_RIDGE_ANCHOR20,disabled,2015-07-20,risk_off,0.019044494595511875,-0.0014684064076607717,-0.019791582926516726,0.49624060150375937,0.09013467718357579,0.3007518796992481,0.21052631578947367,2015-06-29,2015-06-29,"{""long_momentum"": 0.14337915832188558, ""mean_reversion"": 0.09639341848495578, ""medium_momentum"": 0.1267540301054242, ""ridge"": 0.15254966794100222, ""risk_adjusted"": 0.1334021257218044, ""short_momentum"": 0.10166882324840229, ""trend"": 0.14060500845678803, ""volume_momentum"": 0.10524776771973744}",0.09753907235200752,0.06585450640926328,-0.1503939962744955,0.1155447560786585,2881.TW,2015-07-20,2015-07-21
0.04349958848987682,1700000,0,0.00020706063673543566,0.00020706063673543566,0.01470245588400944,D-1 estimated accounting; fill-day constraints require ledger audit,adaptive,V4_CAUSAL_7_EXPERTS_RIDGE_ANCHOR20,disabled,2015-07-20,risk_off,0.019044494595511875,-0.0014684064076607717,-0.019791582926516726,0.49624060150375937,0.09013467718357579,0.3007518796992481,0.21052631578947367,2015-06-29,2015-06-29,"{""long_momentum"": 0.14337915832188558, ""mean_reversion"": 0.09639341848495578, ""medium_momentum"": 0.1267540301054242, ""ridge"": 0.15254966794100222, ""risk_adjusted"": 0.1334021257218044, ""short_momentum"": 0.10166882324840229, ""trend"": 0.14060500845678803, ""volume_momentum"": 0.10524776771973744}",0.09640250320958267,0.28690085137563115,-0.14412872378962013,0.11052493466683688,2891.TW,2015-07-20,2015-07-21
0.043604286841809906,11000,0,0.0037409059154145568,0.0037409059154145568,0.01843097000899556,D-1 estimated accounting; fill-day constraints require ledger audit,adaptive,V4_CAUSAL_7_EXPERTS_RIDGE_ANCHOR20,disabled,2015-07-20,risk_off,0.019044494595511875,-0.0014684064076607717,-0.019791582926516726,0.49624060150375937,0.09013467718357579,0.3007518796992481,0.21052631578947367,2015-06-29,2015-06-29,"{""long_momentum"": 0.14337915832188558, ""mean_reversion"": 0.09639341848495578, ""medium_momentum"": 0.1267540301054242, ""ridge"": 0.15254966794100222, ""risk_adjusted"": 0.1334021257218044, ""short_momentum"": 0.10166882324840229, ""trend"": 0.14060500845678803, ""volume_momentum"": 0.10524776771973744}",0.1540265738359211,0.3432095673797651,-0.24516832722603155,0.21863222866060655,3008.TW,2015-07-20,2015-07-21
0.04119579751612441,1521000,0,-0.027890027634405554,-0.027890027634405554,0.12656767373497083,D-1 estimated accounting; fill-day constraints require ledger audit,adaptive,V4_CAUSAL_7_EXPERTS_RIDGE_ANCHOR20,disabled,2015-07-20,risk_off,0.019044494595511875,-0.0014684064076607717,-0.019791582926516726,0.49624060150375937,0.09013467718357579,0.3007518796992481,0.21052631578947367,2015-06-29,2015-06-29,"{""long_momentum"": 0.14337915832188558, ""mean_reversion"": 0.09639341848495578, ""medium_momentum"": 0.1267540301054242, ""ridge"": 0.15254966794100222, ""risk_adjusted"": 0.1334021257218044, ""short_momentum"": 0.10166882324840229, ""trend"": 0.14060500845678803, ""volume_momentum"": 0.10524776771973744}",0.10754128086208094,0.5404089115864795,-0.20602139789278284,0.11622343222771765,3017.TW,2015-07-20,2015-07-21
0.043097750821363405,401000,0,0.002562664911941846,0.002562664911941846,0.014940490283005113,D-1 estimated accounting; fill-day constraints require ledger audit,adaptive,V4_CAUSAL_7_EXPERTS_RIDGE_ANCHOR20,disabled,2015-07-20,risk_off,0.019044494595511875,-0.0014684064076607717,-0.019791582926516726,0.49624060150375937,0.09013467718357579,0.3007518796992481,0.21052631578947367,2015-06-29,2015-06-29,"{""long_momentum"": 0.14337915832188558, ""mean_reversion"": 0.09639341848495578, ""medium_momentum"": 0.1267540301054242, ""ridge"": 0.15254966794100222, ""risk_adjusted"": 0.1334021257218044, ""short_momentum"": 0.10166882324840229, ""trend"": 0.14060500845678803, ""volume_momentum"": 0.10524776771973744}",0.10144724922299797,0.21535551050431279,-0.1608020718932267,0.13190949132085628,3045.TW,2015-07-20,2015-07-21
0.04253460666368198,208000,0,0.06034018559770181,0.06034018559770181,0.28841472799443646,D-1 estimated accounting; fill-day constraints require ledger audit,adaptive,V4_CAUSAL_7_EXPERTS_RIDGE_ANCHOR20,disabled,2015-07-20,risk_off,0.019044494595511875,-0.0014684064076607717,-0.019791582926516726,0.49624060150375937,0.09013467718357579,0.3007518796992481,0.21052631578947367,2015-06-29,2015-06-29,"{""long_momentum"": 0.14337915832188558, ""mean_reversion"": 0.09639341848495578, ""medium_momentum"": 0.1267540301054242, ""ridge"": 0.15254966794100222, ""risk_adjusted"": 0.1334021257218044, ""short_momentum"": 0.10166882324840229, ""trend"": 0.14060500845678803, ""volume_momentum"": 0.10524776771973744}",0.11753347781074704,0.8072131630300884,-0.13656584922071713,0.22322831001986665,3131.TWO,2015-07-20,2015-07-21
0.036780923552782084,408000,0,-0.058708193824226144,-0.058708193824226144,0.38132290230209903,D-1 estimated accounting; fill-day constraints require ledger audit,adaptive,V4_CAUSAL_7_EXPERTS_RIDGE_ANCHOR20,disabled,2015-07-20,risk_off,0.019044494595511875,-0.0014684064076607717,-0.019791582926516726,0.49624060150375937,0.09013467718357579,0.3007518796992481,0.21052631578947367,2015-06-29,2015-06-29,"{""long_momentum"": 0.14337915832188558, ""mean_reversion"": 0.09639341848495578, ""medium_momentum"": 0.1267540301054242, ""ridge"": 0.15254966794100222, ""risk_adjusted"": 0.1334021257218044, ""short_momentum"": 0.10166882324840229, ""trend"": 0.14060500845678803, ""volume_momentum"": 0.10524776771973744}",0.10336331811384779,0.9999999999999999,-0.22719581337329964,0.07576151532859321,3227.TWO,2015-07-20,2015-07-21
0.03971367899472729,1197000,0,0.010516536490041091,0.010516536490041091,0.06761609995825003,D-1 estimated accounting; fill-day constraints require ledger audit,adaptive,V4_CAUSAL_7_EXPERTS_RIDGE_ANCHOR20,disabled,2015-07-20,risk_off,0.019044494595511875,-0.0014684064076607717,-0.019791582926516726,0.49624060150375937,0.09013467718357579,0.3007518796992481,0.21052631578947367,2015-06-29,2015-06-29,"{""long_momentum"": 0.14337915832188558, ""mean_reversion"": 0.09639341848495578, ""medium_momentum"": 0.1267540301054242, ""ridge"": 0.15254966794100222, ""risk_adjusted"": 0.1334021257218044, ""short_momentum"": 0.10166882324840229, ""trend"": 0.14060500845678803, ""volume_momentum"": 0.10524776771973744}",0.09970849905486717,0.502113827148084,-0.14756459030690627,0.13457975289073432,3363.TWO,2015-07-20,2015-07-21
0.04644804467931925,248000,0,0.023397009344462694,0.023397009344462694,0.06662813738404656,D-1 estimated accounting; fill-day constraints require ledger audit,adaptive,V4_CAUSAL_7_EXPERTS_RIDGE_ANCHOR20,disabled,2015-07-20,risk_off,0.019044494595511875,-0.0014684064076607717,-0.019791582926516726,0.49624060150375937,0.09013467718357579,0.3007518796992481,0.21052631578947367,2015-06-29,2015-06-29,"{""long_momentum"": 0.14337915832188558, ""mean_reversion"": 0.09639341848495578, ""medium_momentum"": 0.1267540301054242, ""ridge"": 0.15254966794100222, ""risk_adjusted"": 0.1334021257218044, ""short_momentum"": 0.10166882324840229, ""trend"": 0.14060500845678803, ""volume_momentum"": 0.10524776771973744}",0.11338263850634504,0.3326587578528721,-0.1662068179035771,0.17898292619624837,3665.TW,2015-07-20,2015-07-21
0.04079150326807062,553000,0,-0.0024238661692359592,-0.0024238661692359592,0.0035401206155277827,D-1 estimated accounting; fill-day constraints require ledger audit,adaptive,V4_CAUSAL_7_EXPERTS_RIDGE_ANCHOR20,disabled,2015-07-20,risk_off,0.019044494595511875,-0.0014684064076607717,-0.019791582926516726,0.49624060150375937,0.09013467718357579,0.3007518796992481,0.21052631578947367,2015-06-29,2015-06-29,"{""long_momentum"": 0.14337915832188558, ""mean_reversion"": 0.09639341848495578, ""medium_momentum"": 0.1267540301054242, ""ridge"": 0.15254966794100222, ""risk_adjusted"": 0.1334021257218044, ""short_momentum"": 0.10166882324840229, ""trend"": 0.14060500845678803, ""volume_momentum"": 0.10524776771973744}",0.10046753324628413,0.05144874093929602,-0.16290481200055193,0.1240391692658259,4904.TW,2015-07-20,2015-07-21
0.03713707418223467,457000,0,-0.06819252189884649,-0.06819252189884649,0.07606709881214391,D-1 estimated accounting; fill-day constraints require ledger audit,adaptive,V4_CAUSAL_7_EXPERTS_RIDGE_ANCHOR20,disabled,2015-07-20,risk_off,0.019044494595511875,-0.0014684064076607717,-0.019791582926516726,0.49624060150375937,0.09013467718357579,0.3007518796992481,0.21052631578947367,2015-06-29,2015-06-29,"{""long_momentum"": 0.14337915832188558, ""mean_reversion"": 0.09639341848495578, ""medium_momentum"": 0.1267540301054242, ""ridge"": 0.15254966794100222, ""risk_adjusted"": 0.1334021257218044, ""short_momentum"": 0.10166882324840229, ""trend"": 0.14060500845678803, ""volume_momentum"": 0.10524776771973744}",0.4099464154755149,0.502113827148084,-0.5946174765418568,0.4242145223479097,4979.TWO,2015-07-20,2015-07-21
0.04386276173258071,121000,0,0.040690030885234235,0.040690030885234235,0.22894210476363283,D-1 estimated accounting; fill-day constraints require ledger audit,adaptive,V4_CAUSAL_7_EXPERTS_RIDGE_ANCHOR20,disabled,2015-07-20,risk_off,0.019044494595511875,-0.0014684064076607717,-0.019791582926516726,0.49624060150375937,0.09013467718357579,0.3007518796992481,0.21052631578947367,2015-06-29,2015-06-29,"{""long_momentum"": 0.14337915832188558, ""mean_reversion"": 0.09639341848495578, ""medium_momentum"": 0.1267540301054242, ""ridge"": 0.15254966794100222, ""risk_adjusted"": 0.1334021257218044, ""short_momentum"": 0.10166882324840229, ""trend"": 0.14060500845678803, ""volume_momentum"": 0.10524776771973744}",0.1006340209140193,0.733195748556391,-0.1202965261326969,0.16765867750691124,5274.TWO,2015-07-20,2015-07-21
0.03963637684505978,618000,0,-0.05407626884466977,-0.05407626884466977,0.1742574917507018,D-1 estimated accounting; fill-day constraints require ledger audit,adaptive,V4_CAUSAL_7_EXPERTS_RIDGE_ANCHOR20,disabled,2015-07-20,risk_off,0.019044494595511875,-0.0014684064076607717,-0.019791582926516726,0.49624060150375937,0.09013467718357579,0.3007518796992481,0.21052631578947367,2015-06-29,2015-06-29,"{""long_momentum"": 0.14337915832188558, ""mean_reversion"": 0.09639341848495578, ""medium_momentum"": 0.1267540301054242, ""ridge"": 0.15254966794100222, ""risk_adjusted"": 0.1334021257218044, ""short_momentum"": 0.10166882324840229, ""trend"": 0.14060500845678803, ""volume_momentum"": 0.10524776771973744}",0.10757199798928495,0.4915630176211909,-0.2322730101500108,0.09010256206441716,6239.TW,2015-07-20,2015-07-21
0.04244360641288168,521000,0,-0.0036220818607575,-0.0036220818607575,0.003918345222037494,D-1 estimated accounting; fill-day constraints require ledger audit,adaptive,V4_CAUSAL_7_EXPERTS_RIDGE_ANCHOR20,disabled,2015-07-20,risk_off,0.019044494595511875,-0.0014684064076607717,-0.019791582926516726,0.49624060150375937,0.09013467718357579,0.3007518796992481,0.21052631578947367,2015-06-29,2015-06-29,"{""long_momentum"": 0.14337915832188558, ""mean_reversion"": 0.09639341848495578, ""medium_momentum"": 0.1267540301054242, ""ridge"": 0.15254966794100222, ""risk_adjusted"": 0.1334021257218044, ""short_momentum"": 0.10166882324840229, ""trend"": 0.14060500845678803, ""volume_momentum"": 0.10524776771973744}",0.10458776333528465,0.05144874093929602,-0.17511477735668918,0.13385270323892007,6505.TW,2015-07-20,2015-07-21
0.03992732130888609,2920000,0,-0.037799949732991674,-0.037799949732991674,0.10568774507655176,D-1 estimated accounting; fill-day constraints require ledger audit,adaptive,V4_CAUSAL_7_EXPERTS_RIDGE_ANCHOR20,disabled,2015-07-20,risk_off,0.019044494595511875,-0.0014684064076607717,-0.019791582926516726,0.49624060150375937,0.09013467718357579,0.3007518796992481,0.21052631578947367,2015-06-29,2015-06-29,"{""long_momentum"": 0.14337915832188558, ""mean_reversion"": 0.09639341848495578, ""medium_momentum"": 0.1267540301054242, ""ridge"": 0.15254966794100222, ""risk_adjusted"": 0.1334021257218044, ""short_momentum"": 0.10166882324840229, ""trend"": 0.14060500845678803, ""volume_momentum"": 0.10524776771973744}",0.16053910860922288,0.502113827148084,-0.2948794790434144,0.18526166918117695,8069.TWO,2015-07-20,2015-07-21
0.04622783179676017,755000,0,0.06099445718579801,0.06099445718579801,0.22797938707682178,D-1 estimated accounting; fill-day constraints require ledger audit,adaptive,V4_CAUSAL_7_EXPERTS_RIDGE_ANCHOR20,disabled,2015-07-21,risk_off,0.019062711410491998,-0.004686942169610131,-0.017966764822398174,0.4253731343283582,0.08483221404448194,0.34328358208955223,0.21641791044776118,2015-06-29,2015-06-29,"{""long_momentum"": 0.14337915832188558, ""mean_reversion"": 0.09639341848495578, ""medium_momentum"": 0.1267540301054242, ""ridge"": 0.15254966794100222, ""risk_adjusted"": 0.1334021257218044, ""short_momentum"": 0.10166882324840229, ""trend"": 0.14060500845678803, ""volume_momentum"": 0.10524776771973744}",0.16767401262832132,0.8072131630300884,-0.2048341374622686,0.2928051414376105,1216.TW,2015-07-21,2015-07-22
0.04158336430897416,570000,0,-0.009181276094262798,-0.009181276094262798,0.06484052208523665,D-1 estimated accounting; fill-day constraints require ledger audit,adaptive,V4_CAUSAL_7_EXPERTS_RIDGE_ANCHOR20,disabled,2015-07-21,risk_off,0.019062711410491998,-0.004686942169610131,-0.017966764822398174,0.4253731343283582,0.08483221404448194,0.34328358208955223,0.21641791044776118,2015-06-29,2015-06-29,"{""long_momentum"": 0.14337915832188558, ""mean_reversion"": 0.09639341848495578, ""medium_momentum"": 0.1267540301054242, ""ridge"": 0.15254966794100222, ""risk_adjusted"": 0.1334021257218044, ""short_momentum"": 0.10166882324840229, ""trend"": 0.14060500845678803, ""volume_momentum"": 0.10524776771973744}",0.09563608170204646,0.502113827148084,-0.1482986300028969,0.09591816741811718,1303.TW,2015-07-21,2015-07-22
0.04642240015542035,2109000,0,0.10050027394493465,0.10050027394493465,0.3094380570411905,D-1 estimated accounting; fill-day constraints require ledger audit,adaptive,V4_CAUSAL_7_EXPERTS_RIDGE_ANCHOR20,disabled,2015-07-21,risk_off,0.019062711410491998,-0.004686942169610131,-0.017966764822398174,0.4253731343283582,0.08483221404448194,0.34328358208955223,0.21641791044776118,2015-06-29,2015-06-29,"{""long_momentum"": 0.14337915832188558, ""mean_reversion"": 0.09639341848495578, ""medium_momentum"": 0.1267540301054242, ""ridge"": 0.15254966794100222, ""risk_adjusted"": 0.1334021257218044, ""short_momentum"": 0.10166882324840229, ""trend"": 0.14060500845678803, ""volume_momentum"": 0.10524776771973744}",0.16971218907895058,0.8072131630300884,-0.16779413697363083,0.33477677446724596,2313.TW,2015-07-21,2015-07-22
0.04398656532708479,425000,0,0.00028257405613838025,0.00028257405613838025,0.0039598596830047105,D-1 estimated accounting; fill-day constraints require ledger audit,adaptive,V4_CAUSAL_7_EXPERTS_RIDGE_ANCHOR20,disabled,2015-07-21,risk_off,0.019062711410491998,-0.004686942169610131,-0.017966764822398174,0.4253731343283582,0.08483221404448194,0.34328358208955223,0.21641791044776118,2015-06-29,2015-06-29,"{""long_momentum"": 0.14337915832188558, ""mean_reversion"": 0.09639341848495578, ""medium_momentum"": 0.1267540301054242, ""ridge"": 0.15254966794100222, ""risk_adjusted"": 0.1334021257218044, ""short_momentum"": 0.10166882324840229, ""trend"": 0.14060500845678803, ""volume_momentum"": 0.10524776771973744}",0.09664445670398551,0.07640531593615629,-0.14539670685205056,0.11194394456807319,2317.TW,2015-07-21,2015-07-22
0.047749758916707616,687000,0,0.0984438133560838,0.0984438133560838,0.3041144345287608,D-1 estimated accounting; fill-day constraints require ledger audit,adaptive,V4_CAUSAL_7_EXPERTS_RIDGE_ANCHOR20,disabled,2015-07-21,risk_off,0.019062711410491998,-0.004686942169610131,-0.017966764822398174,0.4253731343283582,0.08483221404448194,0.34328358208955223,0.21641791044776118,2015-06-29,2015-06-29,"{""long_momentum"": 0.14337915832188558, ""mean_reversion"": 0.09639341848495578, ""medium_momentum"": 0.1267540301054242, ""ridge"": 0.15254966794100222, ""risk_adjusted"": 0.1334021257218044, ""short_momentum"": 0.10166882324840229, ""trend"": 0.14060500845678803, ""volume_momentum"": 0.10524776771973744}",0.16753902220481529,0.7966623535031954,-0.16722097519961676,0.3300906915155303,2383.TW,2015-07-21,2015-07-22
0.037967452257603354,363000,0,-0.05353953433596545,-0.05353953433596545,0.14561836145625717,D-1 estimated accounting; fill-day constraints require ledger audit,adaptive,V4_CAUSAL_7_EXPERTS_RIDGE_ANCHOR20,disabled,2015-07-21,risk_off,0.019062711410491998,-0.004686942169610131,-0.017966764822398174,0.4253731343283582,0.08483221404448194,0.34328358208955223,0.21641791044776118,2015-06-29,2015-06-29,"{""long_momentum"": 0.14337915832188558, ""mean_reversion"": 0.09639341848495578, ""medium_momentum"": 0.1267540301054242, ""ridge"": 0.15254966794100222, ""risk_adjusted"": 0.1334021257218044, ""short_momentum"": 0.10166882324840229, ""trend"": 0.14060500845678803, ""volume_momentum"": 0.10524776771973744}",0.1433135103690315,0.502113827148084,-0.28851656766247546,0.14741958859429044,2451.TW,2015-07-21,2015-07-22
0.03736517596725138,97000,0,-0.07161108003093375,-0.07161108003093375,0.16697428466959324,D-1 estimated accounting; fill-day constraints require ledger audit,adaptive,V4_CAUSAL_7_EXPERTS_RIDGE_ANCHOR20,disabled,2015-07-21,risk_off,0.019062711410491998,-0.004686942169610131,-0.017966764822398174,0.4253731343283582,0.08483221404448194,0.34328358208955223,0.21641791044776118,2015-06-29,2015-06-29,"{""long_momentum"": 0.14337915832188558, ""mean_reversion"": 0.09639341848495578, ""medium_momentum"": 0.1267540301054242, ""ridge"": 0.15254966794100222, ""risk_adjusted"": 0.1334021257218044, ""short_momentum"": 0.10166882324840229, ""trend"": 0.14060500845678803, ""volume_momentum"": 0.10524776771973744}",0.15376860192068711,0.502113827148084,-0.320192531279766,0.14295246082164434,2454.TW,2015-07-21,2015-07-22
0.04410904946348825,672000,0,-0.00034093767773659615,-0.00034093767773659615,0.00396698683195401,D-1 estimated accounting; fill-day constraints require ledger audit,adaptive,V4_CAUSAL_7_EXPERTS_RIDGE_ANCHOR20,disabled,2015-07-21,risk_off,0.019062711410491998,-0.004686942169610131,-0.017966764822398174,0.4253731343283582,0.08483221404448194,0.34328358208955223,0.21641791044776118,2015-06-29,2015-06-29,"{""long_momentum"": 0.14337915832188558, ""mean_reversion"": 0.09639341848495578, ""medium_momentum"": 0.1267540301054242, ""ridge"": 0.15254966794100222, ""risk_adjusted"": 0.1334021257218044, ""short_momentum"": 0.10166882324840229, ""trend"": 0.14060500845678803, ""volume_momentum"": 0.10524776771973744}",0.09752706969141832,0.07640531593615629,-0.1502668384441396,0.11556705269241227,2881.TW,2015-07-21,2015-07-22
0.04381089022697589,1700000,0,-0.0003351914722047487,-0.0003351914722047487,0.003464972266405458,D-1 estimated accounting; fill-day constraints require ledger audit,adaptive,V4_CAUSAL_7_EXPERTS_RIDGE_ANCHOR20,disabled,2015-07-21,risk_off,0.019062711410491998,-0.004686942169610131,-0.017966764822398174,0.4253731343283582,0.08483221404448194,0.34328358208955223,0.21641791044776118,2015-06-29,2015-06-29,"{""long_momentum"": 0.14337915832188558, ""mean_reversion"": 0.09639341848495578, ""medium_momentum"": 0.1267540301054242, ""ridge"": 0.15254966794100222, ""risk_adjusted"": 0.1334021257218044, ""short_momentum"": 0.10166882324840229, ""trend"": 0.14060500845678803, ""volume_momentum"": 0.10524776771973744}",0.09606429284904758,0.06585450640926328,-0.1425943498730101,0.10790605653234647,2891.TW,2015-07-21,2015-07-22
0.04382484547476945,11000,0,0.020383218558146964,0.020383218558146964,0.10919171691346194,D-1 estimated accounting; fill-day constraints require ledger audit,adaptive,V4_CAUSAL_7_EXPERTS_RIDGE_ANCHOR20,disabled,2015-07-21,risk_off,0.019062711410491998,-0.004686942169610131,-0.017966764822398174,0.4253731343283582,0.08483221404448194,0.34328358208955223,0.21641791044776118,2015-06-29,2015-06-29,"{""long_momentum"": 0.14337915832188558, ""mean_reversion"": 0.09639341848495578, ""medium_momentum"": 0.1267540301054242, ""ridge"": 0.15254966794100222, ""risk_adjusted"": 0.1334021257218044, ""short_momentum"": 0.10166882324840229, ""trend"": 0.14060500845678803, ""volume_momentum"": 0.10524776771973744}",0.10024277122678661,0.5404089115864795,-0.13940390158178062,0.14615242830182046,3008.TW,2015-07-21,2015-07-22
0.04083251830365077,1521000,0,-0.03321459910278617,-0.03321459910278617,0.12030082688081058,D-1 estimated accounting; fill-day constraints require ledger audit,adaptive,V4_CAUSAL_7_EXPERTS_RIDGE_ANCHOR20,disabled,2015-07-21,risk_off,0.019062711410491998,-0.004686942169610131,-0.017966764822398174,0.4253731343283582,0.08483221404448194,0.34328358208955223,0.21641791044776118,2015-06-29,2015-06-29,"{""long_momentum"": 0.14337915832188558, ""mean_reversion"": 0.09639341848495578, ""medium_momentum"": 0.1267540301054242, ""ridge"": 0.15254966794100222, ""risk_adjusted"": 0.1334021257218044, ""short_momentum"": 0.10166882324840229, ""trend"": 0.14060500845678803, ""volume_momentum"": 0.10524776771973744}",0.12128620488952976,0.502113827148084,-0.2363119735291112,0.13586486492728472,3017.TW,2015-07-21,2015-07-22
0.043315747300454455,401000,0,-0.005156471070423037,-0.005156471070423037,0.04242822729096407,D-1 estimated accounting; fill-day constraints require ledger audit,adaptive,V4_CAUSAL_7_EXPERTS_RIDGE_ANCHOR20,disabled,2015-07-21,risk_off,0.019062711410491998,-0.004686942169610131,-0.017966764822398174,0.4253731343283582,0.08483221404448194,0.34328358208955223,0.21641791044776118,2015-06-29,2015-06-29,"{""long_momentum"": 0.14337915832188558, ""mean_reversion"": 0.09639341848495578, ""medium_momentum"": 0.1267540301054242, ""ridge"": 0.15254966794100222, ""risk_adjusted"": 0.1334021257218044, ""short_momentum"": 0.10166882324840229, ""trend"": 0.14060500845678803, ""volume_momentum"": 0.10524776771973744}",0.11003956079572545,0.502113827148084,-0.18840938692109513,0.14407853438399493,3045.TW,2015-07-21,2015-07-22
0.04140683042438566,208000,0,0.020296477005146474,0.020296477005146474,0.1029713671286608,D-1 estimated accounting; fill-day constraints require ledger audit,adaptive,V4_CAUSAL_7_EXPERTS_RIDGE_ANCHOR20,disabled,2015-07-21,risk_off,0.019062711410491998,-0.004686942169610131,-0.017966764822398174,0.4253731343283582,0.08483221404448194,0.34328358208955223,0.21641791044776118,2015-06-29,2015-06-29,"{""long_momentum"": 0.14337915832188558, ""mean_reversion"": 0.09639341848495578, ""medium_momentum"": 0.1267540301054242, ""ridge"": 0.15254966794100222, ""risk_adjusted"": 0.1334021257218044, ""short_momentum"": 0.10166882324840229, ""trend"": 0.14060500845678803, ""volume_momentum"": 0.10524776771973744}",0.11870428600115147,0.5861668180637205,-0.17857772289568602,0.18515276650972484,3131.TWO,2015-07-21,2015-07-22
0.03696696833886519,408000,0,-0.04415130878052717,-0.04415130878052717,0.224505360878938,D-1 estimated accounting; fill-day constraints require ledger audit,adaptive,V4_CAUSAL_7_EXPERTS_RIDGE_ANCHOR20,disabled,2015-07-21,risk_off,0.019062711410491998,-0.004686942169610131,-0.017966764822398174,0.4253731343283582,0.08483221404448194,0.34328358208955223,0.21641791044776118,2015-06-29,2015-06-29,"{""long_momentum"": 0.14337915832188558, ""mean_reversion"": 0.09639341848495578, ""medium_momentum"": 0.1267540301054242, ""ridge"": 0.15254966794100222, ""risk_adjusted"": 0.1334021257218044, ""short_momentum"": 0.10166882324840229, ""trend"": 0.14060500845678803, ""volume_momentum"": 0.10524776771973744}",0.12757312787643313,0.8072131630300884,-0.25698562076889186,0.13466509281158337,3227.TWO,2015-07-21,2015-07-22
0.039914558205999526,1197000,0,0.012587393435905682,0.012587393435905682,0.0759480756942559,D-1 estimated accounting; fill-day constraints require ledger audit,adaptive,V4_CAUSAL_7_EXPERTS_RIDGE_ANCHOR20,disabled,2015-07-21,risk_off,0.019062711410491998,-0.004686942169610131,-0.017966764822398174,0.4253731343283582,0.08483221404448194,0.34328358208955223,0.21641791044776118,2015-06-29,2015-06-29,"{""long_momentum"": 0.14337915832188558, ""mean_reversion"": 0.09639341848495578, ""medium_momentum"": 0.1267540301054242, ""ridge"": 0.15254966794100222, ""risk_adjusted"": 0.1334021257218044, ""short_momentum"": 0.10166882324840229, ""trend"": 0.14060500845678803, ""volume_momentum"": 0.10524776771973744}",0.09868775042964965,0.502113827148084,-0.14196467988875947,0.1331215563643167,3363.TWO,2015-07-21,2015-07-22
0.04481566806811206,248000,0,0.01191085280817714,0.01191085280817714,0.0214097951217819,D-1 estimated accounting; fill-day constraints require ledger audit,adaptive,V4_CAUSAL_7_EXPERTS_RIDGE_ANCHOR20,disabled,2015-07-21,risk_off,0.019062711410491998,-0.004686942169610131,-0.017966764822398174,0.4253731343283582,0.08483221404448194,0.34328358208955223,0.21641791044776118,2015-06-29,2015-06-29,"{""long_momentum"": 0.14337915832188558, ""mean_reversion"": 0.09639341848495578, ""medium_momentum"": 0.1267540301054242, ""ridge"": 0.15254966794100222, ""risk_adjusted"": 0.1334021257218044, ""short_momentum"": 0.10166882324840229, ""trend"": 0.14060500845678803, ""volume_momentum"": 0.10524776771973744}",0.2458447344079586,0.3326587578528721,-0.34248536262629925,0.33228915784639934,3665.TW,2015-07-21,2015-07-22
0.04159200582780018,553000,0,0.005641517396885539,0.005641517396885539,0.004894146944615477,D-1 estimated accounting; fill-day constraints require ledger audit,adaptive,V4_CAUSAL_7_EXPERTS_RIDGE_ANCHOR20,disabled,2015-07-21,risk_off,0.019062711410491998,-0.004686942169610131,-0.017966764822398174,0.4253731343283582,0.08483221404448194,0.34328358208955223,0.21641791044776118,2015-06-29,2015-06-29,"{""long_momentum"": 0.14337915832188558, ""mean_reversion"": 0.09639341848495578, ""medium_momentum"": 0.1267540301054242, ""ridge"": 0.15254966794100222, ""risk_adjusted"": 0.1334021257218044, ""short_momentum"": 0.10166882324840229, ""trend"": 0.14060500845678803, ""volume_momentum"": 0.10524776771973744}",0.10122530596356245,0.05144874093929602,-0.1570882936144753,0.13435341801199224,4904.TW,2015-07-21,2015-07-22
0.03457466314883954,457000,0,-0.16014088969382548,-0.16014088969382548,0.12413739607152126,D-1 estimated accounting; fill-day constraints require ledger audit,adaptive,V4_CAUSAL_7_EXPERTS_RIDGE_ANCHOR20,disabled,2015-07-21,risk_off,0.019062711410491998,-0.004686942169610131,-0.017966764822398174,0.4253731343283582,0.08483221404448194,0.34328358208955223,0.21641791044776118,2015-06-29,2015-06-29,"{""long_momentum"": 0.14337915832188558, ""mean_reversion"": 0.09639341848495578, ""medium_momentum"": 0.1267540301054242, ""ridge"": 0.15254966794100222, ""risk_adjusted"": 0.1334021257218044, ""short_momentum"": 0.10166882324840229, ""trend"": 0.14060500845678803, ""volume_momentum"": 0.10524776771973744}",0.502824822226155,0.502113827148084,-0.7815452188639825,0.4272455290800775,4979.TWO,2015-07-21,2015-07-22
0.043302060422810776,121000,0,0.012446323311085913,0.012446323311085913,0.06628262896944262,D-1 estimated accounting; fill-day constraints require ledger audit,adaptive,V4_CAUSAL_7_EXPERTS_RIDGE_ANCHOR20,disabled,2015-07-21,risk_off,0.019062711410491998,-0.004686942169610131,-0.017966764822398174,0.4253731343283582,0.08483221404448194,0.34328358208955223,0.21641791044776118,2015-06-29,2015-06-29,"{""long_momentum"": 0.14337915832188558, ""mean_reversion"": 0.09639341848495578, ""medium_momentum"": 0.1267540301054242, ""ridge"": 0.15254966794100222, ""risk_adjusted"": 0.1334021257218044, ""short_momentum"": 0.10166882324840229, ""trend"": 0.14060500845678803, ""volume_momentum"": 0.10524776771973744}",0.12201820761136095,0.5298581020595865,-0.19182185878245253,0.18269659500837024,5274.TWO,2015-07-21,2015-07-22
0.03897373297157883,618000,0,-0.06464724735218542,-0.06464724735218542,0.17211032653509437,D-1 estimated accounting; fill-day constraints require ledger audit,adaptive,V4_CAUSAL_7_EXPERTS_RIDGE_ANCHOR20,disabled,2015-07-21,risk_off,0.019062711410491998,-0.004686942169610131,-0.017966764822398174,0.4253731343283582,0.08483221404448194,0.34328358208955223,0.21641791044776118,2015-06-29,2015-06-29,"{""long_momentum"": 0.14337915832188558, ""mean_reversion"": 0.09639341848495578, ""medium_momentum"": 0.1267540301054242, ""ridge"": 0.15254966794100222, ""risk_adjusted"": 0.1334021257218044, ""short_momentum"": 0.10166882324840229, ""trend"": 0.14060500845678803, ""volume_momentum"": 0.10524776771973744}",0.13354129236163767,0.502113827148084,-0.2861817251252878,0.12286932002466279,6239.TW,2015-07-21,2015-07-22
0.04226642001443885,521000,0,-0.013732998546702213,-0.013732998546702213,0.07901399761386592,D-1 estimated accounting; fill-day constraints require ledger audit,adaptive,V4_CAUSAL_7_EXPERTS_RIDGE_ANCHOR20,disabled,2015-07-21,risk_off,0.019062711410491998,-0.004686942169610131,-0.017966764822398174,0.4253731343283582,0.08483221404448194,0.34328358208955223,0.21641791044776118,2015-06-29,2015-06-29,"{""long_momentum"": 0.14337915832188558, ""mean_reversion"": 0.09639341848495578, ""medium_momentum"": 0.1267540301054242, ""ridge"": 0.15254966794100222, ""risk_adjusted"": 0.1334021257218044, ""short_momentum"": 0.10166882324840229, ""trend"": 0.14060500845678803, ""volume_momentum"": 0.10524776771973744}",0.10031043525360833,0.502113827148084,-0.17373039345652985,0.11224648596687131,6505.TW,2015-07-21,2015-07-22
0.03997252615837276,2920000,0,-0.046167639968881166,-0.046167639968881166,0.11665577300227026,D-1 estimated accounting; fill-day constraints require ledger audit,adaptive,V4_CAUSAL_7_EXPERTS_RIDGE_ANCHOR20,disabled,2015-07-21,risk_off,0.019062711410491998,-0.004686942169610131,-0.017966764822398174,0.4253731343283582,0.08483221404448194,0.34328358208955223,0.21641791044776118,2015-06-29,2015-06-29,"{""long_momentum"": 0.14337915832188558, ""mean_reversion"": 0.09639341848495578, ""medium_momentum"": 0.1267540301054242, ""ridge"": 0.15254966794100222, ""risk_adjusted"": 0.1334021257218044, ""short_momentum"": 0.10166882324840229, ""trend"": 0.14060500845678803, ""volume_momentum"": 0.10524776771973744}",0.16906989195686578,0.502113827148084,-0.3136864760064745,0.18733328567245805,8069.TWO,2015-07-21,2015-07-22
0.04534307704753277,755000,0,0.036035210117202544,0.036035210117202544,0.231378874802589,D-1 estimated accounting; fill-day constraints require ledger audit,adaptive,V4_CAUSAL_7_EXPERTS_RIDGE_ANCHOR20,disabled,2015-07-22,risk_off,0.019409286900631664,-0.01318476226732107,-0.028629996147271575,0.27611940298507465,0.08379694718180376,0.23134328358208955,0.1865671641791045,2015-06-29,2015-06-29,"{""long_momentum"": 0.14337915832188558, ""mean_reversion"": 0.09639341848495578, ""medium_momentum"": 0.1267540301054242, ""ridge"": 0.15254966794100222, ""risk_adjusted"": 0.1334021257218044, ""short_momentum"": 0.10166882324840229, ""trend"": 0.14060500845678803, ""volume_momentum"": 0.10524776771973744}",0.10212462581238554,0.8072131630300884,-0.1292092171749411,0.16726172701309205,1216.TW,2015-07-22,2015-07-23
0.0412983662398513,570000,0,-0.013046858112732922,-0.013046858112732922,0.0387942933256905,D-1 estimated accounting; fill-day constraints require ledger audit,adaptive,V4_CAUSAL_7_EXPERTS_RIDGE_ANCHOR20,disabled,2015-07-22,risk_off,0.019409286900631664,-0.01318476226732107,-0.028629996147271575,0.27611940298507465,0.08379694718180376,0.23134328358208955,0.1865671641791045,2015-06-29,2015-06-29,"{""long_momentum"": 0.14337915832188558, ""mean_reversion"": 0.09639341848495578, ""medium_momentum"": 0.1267540301054242, ""ridge"": 0.15254966794100222, ""risk_adjusted"": 0.1334021257218044, ""short_momentum"": 0.10166882324840229, ""trend"": 0.14060500845678803, ""volume_momentum"": 0.10524776771973744}",0.11761211341073288,0.2916182917086091,-0.21008621136237085,0.14997458474065087,1303.TW,2015-07-22,2015-07-23
0.0461323914869061,2109000,0,0.10164414082190744,0.10164414082190744,0.31881870499990783,D-1 estimated accounting; fill-day constraints require ledger audit,adaptive,V4_CAUSAL_7_EXPERTS_RIDGE_ANCHOR20,disabled,2015-07-22,risk_off,0.019409286900631664,-0.01318476226732107,-0.028629996147271575,0.27611940298507465,0.08379694718180376,0.23134328358208955,0.1865671641791045,2015-06-29,2015-06-29,"{""long_momentum"": 0.14337915832188558, ""mean_reversion"": 0.09639341848495578, ""medium_momentum"": 0.1267540301054242, ""ridge"": 0.15254966794100222, ""risk_adjusted"": 0.1334021257218044, ""short_momentum"": 0.10166882324840229, ""trend"": 0.14060500845678803, ""volume_momentum"": 0.10524776771973744}",0.16336684937862977,0.8072131630300884,-0.15892593419660483,0.3281963054441656,2313.TW,2015-07-22,2015-07-23
0.04377834005950692,425000,0,-0.006062003481625117,-0.006062003481625117,0.0004982797920516486,D-1 estimated accounting; fill-day constraints require ledger audit,adaptive,V4_CAUSAL_7_EXPERTS_RIDGE_ANCHOR20,disabled,2015-07-22,risk_off,0.019409286900631664,-0.01318476226732107,-0.028629996147271575,0.27611940298507465,0.08379694718180376,0.23134328358208955,0.1865671641791045,2015-06-29,2015-06-29,"{""long_momentum"": 0.14337915832188558, ""mean_reversion"": 0.09639341848495578, ""medium_momentum"": 0.1267540301054242, ""ridge"": 0.15254966794100222, ""risk_adjusted"": 0.1334021257218044, ""short_momentum"": 0.10166882324840229, ""trend"": 0.14060500845678803, ""volume_momentum"": 0.10524776771973744}",0.09683131658758468,0.004859975064837874,-0.15271615813904227,0.10657424077953792,2317.TW,2015-07-22,2015-07-23
0.048126447589922995,687000,0,0.08976039310688348,0.08976039310688348,0.34282574049363074,D-1 estimated accounting; fill-day constraints require ledger audit,adaptive,V4_CAUSAL_7_EXPERTS_RIDGE_ANCHOR20,disabled,2015-07-22,risk_off,0.019409286900631664,-0.01318476226732107,-0.028629996147271575,0.27611940298507465,0.08379694718180376,0.23134328358208955,0.1865671641791045,2015-06-29,2015-06-29,"{""long_momentum"": 0.14337915832188558, ""mean_reversion"": 0.09639341848495578, ""medium_momentum"": 0.1267540301054242, ""ridge"": 0.15254966794100222, ""risk_adjusted"": 0.1334021257218044, ""short_momentum"": 0.10166882324840229, ""trend"": 0.14060500845678803, ""volume_momentum"": 0.10524776771973744}",0.12544488576954416,0.7966623535031954,-0.1198533085478163,0.26535618436532915,2383.TW,2015-07-22,2015-07-23
0.03933244664206387,363000,0,-0.04804198617163016,-0.04804198617163016,0.24218993481620832,D-1 estimated accounting; fill-day constraints require ledger audit,adaptive,V4_CAUSAL_7_EXPERTS_RIDGE_ANCHOR20,disabled,2015-07-22,risk_off,0.019409286900631664,-0.01318476226732107,-0.028629996147271575,0.27611940298507465,0.08379694718180376,0.23134328358208955,0.1865671641791045,2015-06-29,2015-06-29,"{""long_momentum"": 0.14337915832188558, ""mean_reversion"": 0.09639341848495578, ""medium_momentum"": 0.1267540301054242, ""ridge"": 0.15254966794100222, ""risk_adjusted"": 0.1334021257218044, ""short_momentum"": 0.10166882324840229, ""trend"": 0.14060500845678803, ""volume_momentum"": 0.10524776771973744}",0.09914811803222376,0.6949006641179954,-0.20423519393158607,0.07413331119207162,2451.TW,2015-07-22,2015-07-23
0.03708890629065271,97000,0,-0.07097439326427803,-0.07097439326427803,0.15879646188702437,D-1 estimated accounting; fill-day constraints require ledger audit,adaptive,V4_CAUSAL_7_EXPERTS_RIDGE_ANCHOR20,disabled,2015-07-22,risk_off,0.019409286900631664,-0.01318476226732107,-0.028629996147271575,0.27611940298507465,0.08379694718180376,0.23134328358208955,0.1865671641791045,2015-06-29,2015-06-29,"{""long_momentum"": 0.14337915832188558, ""mean_reversion"": 0.09639341848495578, ""medium_momentum"": 0.1267540301054242, ""ridge"": 0.15254966794100222, ""risk_adjusted"": 0.1334021257218044, ""short_momentum"": 0.10166882324840229, ""trend"": 0.14060500845678803, ""volume_momentum"": 0.10524776771973744}",0.1642563581886131,0.502113827148084,-0.3326360127599304,0.15666931583512017,2454.TW,2015-07-22,2015-07-23
0.04415694834684718,672000,0,0.0019260178148621503,0.0019260178148621503,0.035376336250321945,D-1 estimated accounting; fill-day constraints require ledger audit,adaptive,V4_CAUSAL_7_EXPERTS_RIDGE_ANCHOR20,disabled,2015-07-22,risk_off,0.019409286900631664,-0.01318476226732107,-0.028629996147271575,0.27611940298507465,0.08379694718180376,0.23134328358208955,0.1865671641791045,2015-06-29,2015-06-29,"{""long_momentum"": 0.14337915832188558, ""mean_reversion"": 0.09639341848495578, ""medium_momentum"": 0.1267540301054242, ""ridge"": 0.15254966794100222, ""risk_adjusted"": 0.1334021257218044, ""short_momentum"": 0.10166882324840229, ""trend"": 0.14060500845678803, ""volume_momentum"": 0.10524776771973744}",0.0968101811020154,0.5298581020595865,-0.14462029693390438,0.11445442216737457,2881.TW,2015-07-22,2015-07-23
0.04429342532013953,1700000,0,0.010183977973973154,0.010183977973973154,0.10904977543483202,D-1 estimated accounting; fill-day constraints require ledger audit,adaptive,V4_CAUSAL_7_EXPERTS_RIDGE_ANCHOR20,disabled,2015-07-22,risk_off,0.019409286900631664,-0.01318476226732107,-0.028629996147271575,0.27611940298507465,0.08379694718180376,0.23134328358208955,0.1865671641791045,2015-06-29,2015-06-29,"{""long_momentum"": 0.14337915832188558, ""mean_reversion"": 0.09639341848495578, ""medium_momentum"": 0.1267540301054242, ""ridge"": 0.15254966794100222, ""risk_adjusted"": 0.1334021257218044, ""short_momentum"": 0.10166882324840229, ""trend"": 0.14060500845678803, ""volume_momentum"": 0.10524776771973744}",0.09574246437817074,0.7966623535031954,-0.12978737839143448,0.11613742394312665,2891.TW,2015-07-22,2015-07-23
0.04424512929380545,11000,0,0.03648078399270399,0.03648078399270399,0.11945444302331511,D-1 estimated accounting; fill-day constraints require ledger audit,adaptive,V4_CAUSAL_7_EXPERTS_RIDGE_ANCHOR20,disabled,2015-07-22,risk_off,0.019409286900631664,-0.01318476226732107,-0.028629996147271575,0.27611940298507465,0.08379694718180376,0.23134328358208955,0.1865671641791045,2015-06-29,2015-06-29,"{""long_momentum"": 0.14337915832188558, ""mean_reversion"": 0.09639341848495578, ""medium_momentum"": 0.1267540301054242, ""ridge"": 0.15254966794100222, ""risk_adjusted"": 0.1334021257218044, ""short_momentum"": 0.10166882324840229, ""trend"": 0.14060500845678803, ""volume_momentum"": 0.10524776771973744}",0.1461772449755091,0.5404089115864795,-0.20229042202472186,0.24123407961387572,3008.TW,2015-07-22,2015-07-23
0.04012634649067903,1521000,0,-0.03558220079894227,-0.03558220079894227,0.16014465940530545,D-1 estimated accounting; fill-day constraints require ledger audit,adaptive,V4_CAUSAL_7_EXPERTS_RIDGE_ANCHOR20,disabled,2015-07-22,risk_off,0.019409286900631664,-0.01318476226732107,-0.028629996147271575,0.27611940298507465,0.08379694718180376,0.23134328358208955,0.1865671641791045,2015-06-29,2015-06-29,"{""long_momentum"": 0.14337915832188558, ""mean_reversion"": 0.09639341848495578, ""medium_momentum"": 0.1267540301054242, ""ridge"": 0.15254966794100222, ""risk_adjusted"": 0.1334021257218044, ""short_momentum"": 0.10166882324840229, ""trend"": 0.14060500845678803, ""volume_momentum"": 0.10524776771973744}",0.1639733978159879,0.8072131630300884,-0.29689691534775464,0.191714603353616,3017.TW,2015-07-22,2015-07-23
0.04401070363789175,401000,0,-0.0017690104470693409,-0.0017690104470693409,0.013787596462810551,D-1 estimated accounting; fill-day constraints require ledger audit,adaptive,V4_CAUSAL_7_EXPERTS_RIDGE_ANCHOR20,disabled,2015-07-22,risk_off,0.019409286900631664,-0.01318476226732107,-0.028629996147271575,0.27611940298507465,0.08379694718180376,0.23134328358208955,0.1865671641791045,2015-06-29,2015-06-29,"{""long_momentum"": 0.14337915832188558, ""mean_reversion"": 0.09639341848495578, ""medium_momentum"": 0.1267540301054242, ""ridge"": 0.15254966794100222, ""risk_adjusted"": 0.1334021257218044, ""short_momentum"": 0.10166882324840229, ""trend"": 0.14060500845678803, ""volume_momentum"": 0.10524776771973744}",0.09895962067218585,0.21535551050431279,-0.15730100809566905,0.11974507680527624,3045.TW,2015-07-22,2015-07-23
0.04061831477690905,208000,0,0.052433816767444234,0.052433816767444234,0.16349784885719745,D-1 estimated accounting; fill-day constraints require ledger audit,adaptive,V4_CAUSAL_7_EXPERTS_RIDGE_ANCHOR20,disabled,2015-07-22,risk_off,0.019409286900631664,-0.01318476226732107,-0.028629996147271575,0.27611940298507465,0.08379694718180376,0.23134328358208955,0.1865671641791045,2015-06-29,2015-06-29,"{""long_momentum"": 0.14337915832188558, ""mean_reversion"": 0.09639341848495578, ""medium_momentum"": 0.1267540301054242, ""ridge"": 0.15254966794100222, ""risk_adjusted"": 0.1334021257218044, ""short_momentum"": 0.10166882324840229, ""trend"": 0.14060500845678803, ""volume_momentum"": 0.10524776771973744}",0.22241915962606854,0.7966623535031954,-0.2763276161396845,0.34717733927831884,3131.TWO,2015-07-22,2015-07-23
0.03675343883582435,408000,0,-0.029828162452509896,-0.029828162452509896,0.1598857169226092,D-1 estimated accounting; fill-day constraints require ledger audit,adaptive,V4_CAUSAL_7_EXPERTS_RIDGE_ANCHOR20,disabled,2015-07-22,risk_off,0.019409286900631664,-0.01318476226732107,-0.028629996147271575,0.27611940298507465,0.08379694718180376,0.23134328358208955,0.1865671641791045,2015-06-29,2015-06-29,"{""long_momentum"": 0.14337915832188558, ""mean_reversion"": 0.09639341848495578, ""medium_momentum"": 0.1267540301054242, ""ridge"": 0.15254966794100222, ""risk_adjusted"": 0.1334021257218044, ""short_momentum"": 0.10166882324840229, ""trend"": 0.14060500845678803, ""volume_momentum"": 0.10524776771973744}",0.14100837702665073,0.8072131630300884,-0.26170796083481945,0.16803372553354556,3227.TWO,2015-07-22,2015-07-23
0.04048414407453714,1197000,0,0.02197263447880235,0.02197263447880235,0.10319968301440849,D-1 estimated accounting; fill-day constraints require ledger audit,adaptive,V4_CAUSAL_7_EXPERTS_RIDGE_ANCHOR20,disabled,2015-07-22,risk_off,0.019409286900631664,-0.01318476226732107,-0.028629996147271575,0.27611940298507465,0.08379694718180376,0.23134328358208955,0.1865671641791045,2015-06-29,2015-06-29,"{""long_momentum"": 0.14337915832188558, ""mean_reversion"": 0.09639341848495578, ""medium_momentum"": 0.1267540301054242, ""ridge"": 0.15254966794100222, ""risk_adjusted"": 0.1334021257218044, ""short_momentum"": 0.10166882324840229, ""trend"": 0.14060500845678803, ""volume_momentum"": 0.10524776771973744}",0.10426161286405941,0.502113827148084,-0.14873669380880175,0.15866405237015233,3363.TWO,2015-07-22,2015-07-23
0.04166834636068918,248000,0,-0.016748411801447916,-0.016748411801447916,0.011163736691542055,D-1 estimated accounting; fill-day constraints require ledger audit,adaptive,V4_CAUSAL_7_EXPERTS_RIDGE_ANCHOR20,disabled,2015-07-22,risk_off,0.019409286900631664,-0.01318476226732107,-0.028629996147271575,0.27611940298507465,0.08379694718180376,0.23134328358208955,0.1865671641791045,2015-06-29,2015-06-29,"{""long_momentum"": 0.14337915832188558, ""mean_reversion"": 0.09639341848495578, ""medium_momentum"": 0.1267540301054242, ""ridge"": 0.15254966794100222, ""risk_adjusted"": 0.1334021257218044, ""short_momentum"": 0.10166882324840229, ""trend"": 0.14060500845678803, ""volume_momentum"": 0.10524776771973744}",0.3977921466665145,0.21535551050431279,-0.5306685677500447,0.46315383375089475,3665.TW,2015-07-22,2015-07-23
0.04277096092145552,553000,0,0.01206595963504389,0.01206595963504389,0.07881731419405785,D-1 estimated accounting; fill-day constraints require ledger audit,adaptive,V4_CAUSAL_7_EXPERTS_RIDGE_ANCHOR20,disabled,2015-07-22,risk_off,0.019409286900631664,-0.01318476226732107,-0.028629996147271575,0.27611940298507465,0.08379694718180376,0.23134328358208955,0.1865671641791045,2015-06-29,2015-06-29,"{""long_momentum"": 0.14337915832188558, ""mean_reversion"": 0.09639341848495578, ""medium_momentum"": 0.1267540301054242, ""ridge"": 0.15254966794100222, ""risk_adjusted"": 0.1334021257218044, ""short_momentum"": 0.10166882324840229, ""trend"": 0.14060500845678803, ""volume_momentum"": 0.10524776771973744}",0.11213863265678932,0.5967176275906135,-0.1752317147456954,0.16534572361952907,4904.TW,2015-07-22,2015-07-23
0.035154080651392715,457000,0,-0.10841294560695096,-0.10841294560695096,0.10103436861320948,D-1 estimated accounting; fill-day constraints require ledger audit,adaptive,V4_CAUSAL_7_EXPERTS_RIDGE_ANCHOR20,disabled,2015-07-22,risk_off,0.019409286900631664,-0.01318476226732107,-0.028629996147271575,0.27611940298507465,0.08379694718180376,0.23134328358208955,0.1865671641791045,2015-06-29,2015-06-29,"{""long_momentum"": 0.14337915832188558, ""mean_reversion"": 0.09639341848495578, ""medium_momentum"": 0.1267540301054242, ""ridge"": 0.15254966794100222, ""risk_adjusted"": 0.1334021257218044, ""short_momentum"": 0.10166882324840229, ""trend"": 0.14060500845678803, ""volume_momentum"": 0.10524776771973744}",0.4502191030561248,0.502113827148084,-0.6761317202753554,0.4252879186651994,4979.TWO,2015-07-22,2015-07-23
0.04180102477011256,121000,0,0.00047947946708010343,0.00047947946708010343,0.004595796392562106,D-1 estimated accounting; fill-day constraints require ledger audit,adaptive,V4_CAUSAL_7_EXPERTS_RIDGE_ANCHOR20,disabled,2015-07-22,risk_off,0.019409286900631664,-0.01318476226732107,-0.028629996147271575,0.27611940298507465,0.08379694718180376,0.23134328358208955,0.1865671641791045,2015-06-29,2015-06-29,"{""long_momentum"": 0.14337915832188558, ""mean_reversion"": 0.09639341848495578, ""medium_momentum"": 0.1267540301054242, ""ridge"": 0.15254966794100222, ""risk_adjusted"": 0.1334021257218044, ""short_momentum"": 0.10166882324840229, ""trend"": 0.14060500845678803, ""volume_momentum"": 0.10524776771973744}",0.25128474530160644,0.21535551050431279,-0.3598031375018689,0.32674418603977495,5274.TWO,2015-07-22,2015-07-23
0.04007425190047599,618000,0,-0.03314952575756608,-0.03314952575756608,0.05802553415357004,D-1 estimated accounting; fill-day constraints require ledger audit,adaptive,V4_CAUSAL_7_EXPERTS_RIDGE_ANCHOR20,disabled,2015-07-22,risk_off,0.019409286900631664,-0.01318476226732107,-0.028629996147271575,0.27611940298507465,0.08379694718180376,0.23134328358208955,0.1865671641791045,2015-06-29,2015-06-29,"{""long_momentum"": 0.14337915832188558, ""mean_reversion"": 0.09639341848495578, ""medium_momentum"": 0.1267540301054242, ""ridge"": 0.15254966794100222, ""risk_adjusted"": 0.1334021257218044, ""short_momentum"": 0.10166882324840229, ""trend"": 0.14060500845678803, ""volume_momentum"": 0.10524776771973744}",0.10343832371012551,0.21535551050431279,-0.20182650165665444,0.10150953974526816,6239.TW,2015-07-22,2015-07-23
0.04273194424400137,521000,0,0.0016267338527833838,0.0016267338527833838,0.01413553029777823,D-1 estimated accounting; fill-day constraints require ledger audit,adaptive,V4_CAUSAL_7_EXPERTS_RIDGE_ANCHOR20,disabled,2015-07-22,risk_off,0.019409286900631664,-0.01318476226732107,-0.028629996147271575,0.27611940298507465,0.08379694718180376,0.23134328358208955,0.1865671641791045,2015-06-29,2015-06-29,"{""long_momentum"": 0.14337915832188558, ""mean_reversion"": 0.09639341848495578, ""medium_momentum"": 0.1267540301054242, ""ridge"": 0.15254966794100222, ""risk_adjusted"": 0.1334021257218044, ""short_momentum"": 0.10166882324840229, ""trend"": 0.14060500845678803, ""volume_momentum"": 0.10524776771973744}",0.13008386455045015,0.2916182917086091,-0.2149225663412604,0.18415812365057305,6505.TW,2015-07-22,2015-07-23
0.040095822316731936,2920000,0,-0.03327364649883542,-0.03327364649883542,0.10624810925166736,D-1 estimated accounting; fill-day constraints require ledger audit,adaptive,V4_CAUSAL_7_EXPERTS_RIDGE_ANCHOR20,disabled,2015-07-22,risk_off,0.019409286900631664,-0.01318476226732107,-0.028629996147271575,0.27611940298507465,0.08379694718180376,0.23134328358208955,0.1865671641791045,2015-06-29,2015-06-29,"{""long_momentum"": 0.14337915832188558, ""mean_reversion"": 0.09639341848495578, ""medium_momentum"": 0.1267540301054242, ""ridge"": 0.15254966794100222, ""risk_adjusted"": 0.1334021257218044, ""short_momentum"": 0.10166882324840229, ""trend"": 0.14060500845678803, ""volume_momentum"": 0.10524776771973744}",0.14260229809724717,0.502113827148084,-0.26729936732086046,0.16673416392693552,8069.TWO,2015-07-22,2015-07-23
0.04583971640001524,755000,0,0.016057514898123283,0.016057514898123283,0.143177235926404,D-1 estimated accounting; fill-day constraints require ledger audit,adaptive,V4_CAUSAL_7_EXPERTS_RIDGE_ANCHOR20,disabled,2015-07-23,risk_off,0.0195674970600817,-0.027424159167240225,-0.04745927373239911,0.15671641791044777,0.09209144047815858,0.22388059701492538,0.17164179104477612,2015-06-29,2015-06-29,"{""long_momentum"": 0.14337915832188558, ""mean_reversion"": 0.09639341848495578, ""medium_momentum"": 0.1267540301054242, ""ridge"": 0.15254966794100222, ""risk_adjusted"": 0.1334021257218044, ""short_momentum"": 0.10166882324840229, ""trend"": 0.14060500845678803, ""volume_momentum"": 0.10524776771973744}",0.09766179894031798,0.8072131630300884,-0.13445038510751733,0.13254750450750977,1216.TW,2015-07-23,2015-07-24
0.04182897623231935,570000,0,-0.022070452088234927,-0.022070452088234927,0.05734767673314077,D-1 estimated accounting; fill-day constraints require ledger audit,adaptive,V4_CAUSAL_7_EXPERTS_RIDGE_ANCHOR20,disabled,2015-07-23,risk_off,0.0195674970600817,-0.027424159167240225,-0.04745927373239911,0.15671641791044777,0.09209144047815858,0.22388059701492538,0.17164179104477612,2015-06-29,2015-06-29,"{""long_momentum"": 0.14337915832188558, ""mean_reversion"": 0.09639341848495578, ""medium_momentum"": 0.1267540301054242, ""ridge"": 0.15254966794100222, ""risk_adjusted"": 0.1334021257218044, ""short_momentum"": 0.10166882324840229, ""trend"": 0.14060500845678803, ""volume_momentum"": 0.10524776771973744}",0.11058532480549234,0.2916182917086091,-0.20639530070143602,0.12823648612871202,1303.TW,2015-07-23,2015-07-24
0.047500228051943094,2109000,0,0.1016255405184669,0.1016255405184669,0.4613494691205124,D-1 estimated accounting; fill-day constraints require ledger audit,adaptive,V4_CAUSAL_7_EXPERTS_RIDGE_ANCHOR20,disabled,2015-07-23,risk_off,0.0195674970600817,-0.027424159167240225,-0.04745927373239911,0.15671641791044777,0.09209144047815858,0.22388059701492538,0.17164179104477612,2015-06-29,2015-06-29,"{""long_momentum"": 0.14337915832188558, ""mean_reversion"": 0.09639341848495578, ""medium_momentum"": 0.1267540301054242, ""ridge"": 0.15254966794100222, ""risk_adjusted"": 0.1334021257218044, ""short_momentum"": 0.10166882324840229, ""trend"": 0.14060500845678803, ""volume_momentum"": 0.10524776771973744}",0.12449110240675662,0.9999999999999999,-0.106521283891094,0.27575445453177366,2313.TW,2015-07-23,2015-07-24
0.0427138059883266,425000,0,-0.03319925624885387,-0.03319925624885387,0.09244532439174188,D-1 estimated accounting; fill-day constraints require ledger audit,adaptive,V4_CAUSAL_7_EXPERTS_RIDGE_ANCHOR20,disabled,2015-07-23,risk_off,0.0195674970600817,-0.027424159167240225,-0.04745927373239911,0.15671641791044777,0.09209144047815858,0.22388059701492538,0.17164179104477612,2015-06-29,2015-06-29,"{""long_momentum"": 0.14337915832188558, ""mean_reversion"": 0.09639341848495578, ""medium_momentum"": 0.1267540301054242, ""ridge"": 0.15254966794100222, ""risk_adjusted"": 0.1334021257218044, ""short_momentum"": 0.10166882324840229, ""trend"": 0.14060500845678803, ""volume_momentum"": 0.10524776771973744}",0.16927878415527234,0.502113827148084,-0.30097047792941833,0.2005540550354565,2317.TW,2015-07-23,2015-07-24
0.04827213857871437,687000,0,0.057135456995851465,0.057135456995851465,0.20498146443296483,D-1 estimated accounting; fill-day constraints require ledger audit,adaptive,V4_CAUSAL_7_EXPERTS_RIDGE_ANCHOR20,disabled,2015-07-23,risk_off,0.0195674970600817,-0.027424159167240225,-0.04745927373239911,0.15671641791044777,0.09209144047815858,0.22388059701492538,0.17164179104477612,2015-06-29,2015-06-29,"{""long_momentum"": 0.14337915832188558, ""mean_reversion"": 0.09639341848495578, ""medium_momentum"": 0.1267540301054242, ""ridge"": 0.15254966794100222, ""risk_adjusted"": 0.1334021257218044, ""short_momentum"": 0.10166882324840229, ""trend"": 0.14060500845678803, ""volume_momentum"": 0.10524776771973744}",0.17935457013047895,0.7966623535031954,-0.22265295454484305,0.3029059581402918,2383.TW,2015-07-23,2015-07-24
0.03931236378349242,363000,0,-0.05106324637063192,-0.05106324637063192,0.2810891262461974,D-1 estimated accounting; fill-day constraints require ledger audit,adaptive,V4_CAUSAL_7_EXPERTS_RIDGE_ANCHOR20,disabled,2015-07-23,risk_off,0.0195674970600817,-0.027424159167240225,-0.04745927373239911,0.15671641791044777,0.09209144047815858,0.22388059701492538,0.17164179104477612,2015-06-29,2015-06-29,"{""long_momentum"": 0.14337915832188558, ""mean_reversion"": 0.09639341848495578, ""medium_momentum"": 0.1267540301054242, ""ridge"": 0.15254966794100222, ""risk_adjusted"": 0.1334021257218044, ""short_momentum"": 0.10166882324840229, ""trend"": 0.14060500845678803, ""volume_momentum"": 0.10524776771973744}",0.10493547683481659,0.8072131630300884,-0.22337860059608566,0.0872341974585677,2451.TW,2015-07-23,2015-07-24
0.03698714831899424,97000,0,-0.10228170618389003,-0.10228170618389003,0.22020440873690464,D-1 estimated accounting; fill-day constraints require ledger audit,adaptive,V4_CAUSAL_7_EXPERTS_RIDGE_ANCHOR20,disabled,2015-07-23,risk_off,0.0195674970600817,-0.027424159167240225,-0.04745927373239911,0.15671641791044777,0.09209144047815858,0.22388059701492538,0.17164179104477612,2015-06-29,2015-06-29,"{""long_momentum"": 0.14337915832188558, ""mean_reversion"": 0.09639341848495578, ""medium_momentum"": 0.1267540301054242, ""ridge"": 0.15254966794100222, ""risk_adjusted"": 0.1334021257218044, ""short_momentum"": 0.10166882324840229, ""trend"": 0.14060500845678803, ""volume_momentum"": 0.10524776771973744}",0.13734385959816994,0.502113827148084,-0.32914904843435844,0.0905677256703243,2454.TW,2015-07-23,2015-07-24
0.04498106438280926,672000,0,0.0031589238478478684,0.0031589238478478684,0.0039029113994172326,D-1 estimated accounting; fill-day constraints require ledger audit,adaptive,V4_CAUSAL_7_EXPERTS_RIDGE_ANCHOR20,disabled,2015-07-23,risk_off,0.0195674970600817,-0.027424159167240225,-0.04745927373239911,0.15671641791044777,0.09209144047815858,0.22388059701492538,0.17164179104477612,2015-06-29,2015-06-29,"{""long_momentum"": 0.14337915832188558, ""mean_reversion"": 0.09639341848495578, ""medium_momentum"": 0.1267540301054242, ""ridge"": 0.15254966794100222, ""risk_adjusted"": 0.1334021257218044, ""short_momentum"": 0.10166882324840229, ""trend"": 0.14060500845678803, ""volume_momentum"": 0.10524776771973744}",0.09701884549432048,0.05031294844590384,-0.1444275414139738,0.11672747871341542,2881.TW,2015-07-23,2015-07-24
0.044609556790944235,1700000,0,-0.006084811963854837,-0.006084811963854837,0.028299041989096073,D-1 estimated accounting; fill-day constraints require ledger audit,adaptive,V4_CAUSAL_7_EXPERTS_RIDGE_ANCHOR20,disabled,2015-07-23,risk_off,0.0195674970600817,-0.027424159167240225,-0.04745927373239911,0.15671641791044777,0.09209144047815858,0.22388059701492538,0.17164179104477612,2015-06-29,2015-06-29,"{""long_momentum"": 0.14337915832188558, ""mean_reversion"": 0.09639341848495578, ""medium_momentum"": 0.1267540301054242, ""ridge"": 0.15254966794100222, ""risk_adjusted"": 0.1334021257218044, ""short_momentum"": 0.10166882324840229, ""trend"": 0.14060500845678803, ""volume_momentum"": 0.10524776771973744}",0.10314286860766521,0.2916182917086091,-0.174011551078679,0.12782401675471522,2891.TW,2015-07-23,2015-07-24
0.04215891557157515,11000,0,-0.0013315128385778647,-0.0013315128385778647,0.00014427740458300843,D-1 estimated accounting; fill-day constraints require ledger audit,adaptive,V4_CAUSAL_7_EXPERTS_RIDGE_ANCHOR20,disabled,2015-07-23,risk_off,0.0195674970600817,-0.027424159167240225,-0.04745927373239911,0.15671641791044777,0.09209144047815858,0.22388059701492538,0.17164179104477612,2015-06-29,2015-06-29,"{""long_momentum"": 0.14337915832188558, ""mean_reversion"": 0.09639341848495578, ""medium_momentum"": 0.1267540301054242, ""ridge"": 0.15254966794100222, ""risk_adjusted"": 0.1334021257218044, ""short_momentum"": 0.10166882324840229, ""trend"": 0.14060500845678803, ""volume_momentum"": 0.10524776771973744}",0.2069450886301263,0.004859975064837874,-0.31283656312292685,0.276155627049517,3008.TW,2015-07-23,2015-07-24
0.04151711728045595,1521000,0,-0.04301084513114072,-0.04301084513114072,0.21494681377791042,D-1 estimated accounting; fill-day constraints require ledger audit,adaptive,V4_CAUSAL_7_EXPERTS_RIDGE_ANCHOR20,disabled,2015-07-23,risk_off,0.0195674970600817,-0.027424159167240225,-0.04745927373239911,0.15671641791044777,0.09209144047815858,0.22388059701492538,0.17164179104477612,2015-06-29,2015-06-29,"{""long_momentum"": 0.14337915832188558, ""mean_reversion"": 0.09639341848495578, ""medium_momentum"": 0.1267540301054242, ""ridge"": 0.15254966794100222, ""risk_adjusted"": 0.1334021257218044, ""short_momentum"": 0.10166882324840229, ""trend"": 0.14060500845678803, ""volume_momentum"": 0.10524776771973744}",0.1322895067414795,0.8072131630300884,-0.26275657587167045,0.14271697521313487,3017.TW,2015-07-23,2015-07-24
0.04520346423999799,401000,0,0.0002759565018011264,0.0002759565018011264,0.0132525900494823,D-1 estimated accounting; fill-day constraints require ledger audit,adaptive,V4_CAUSAL_7_EXPERTS_RIDGE_ANCHOR20,disabled,2015-07-23,risk_off,0.0195674970600817,-0.027424159167240225,-0.04745927373239911,0.15671641791044777,0.09209144047815858,0.22388059701492538,0.17164179104477612,2015-06-29,2015-06-29,"{""long_momentum"": 0.14337915832188558, ""mean_reversion"": 0.09639341848495578, ""medium_momentum"": 0.1267540301054242, ""ridge"": 0.15254966794100222, ""risk_adjusted"": 0.1334021257218044, ""short_momentum"": 0.10166882324840229, ""trend"": 0.14060500845678803, ""volume_momentum"": 0.10524776771973744}",0.09791308718725432,0.25919889467290347,-0.15128168854093632,0.11781569114828444,3045.TW,2015-07-23,2015-07-24
0.03920088654834295,208000,0,-0.01060385538558407,-0.01060385538558407,0.0023911722310030574,D-1 estimated accounting; fill-day constraints require ledger audit,adaptive,V4_CAUSAL_7_EXPERTS_RIDGE_ANCHOR20,disabled,2015-07-23,risk_off,0.0195674970600817,-0.027424159167240225,-0.04745927373239911,0.15671641791044777,0.09209144047815858,0.22388059701492538,0.17164179104477612,2015-06-29,2015-06-29,"{""long_momentum"": 0.14337915832188558, ""mean_reversion"": 0.09639341848495578, ""medium_momentum"": 0.1267540301054242, ""ridge"": 0.15254966794100222, ""risk_adjusted"": 0.1334021257218044, ""short_momentum"": 0.10166882324840229, ""trend"": 0.14060500845678803, ""volume_momentum"": 0.10524776771973744}",0.32013051915187574,0.05144874093929602,-0.4439558633769307,0.3887302422095084,3131.TWO,2015-07-23,2015-07-24
0.03398391832728103,408000,0,-0.0978479131306071,-0.0978479131306071,0.19024241591892824,D-1 estimated accounting; fill-day constraints require ledger audit,adaptive,V4_CAUSAL_7_EXPERTS_RIDGE_ANCHOR20,disabled,2015-07-23,risk_off,0.0195674970600817,-0.027424159167240225,-0.04745927373239911,0.15671641791044777,0.09209144047815858,0.22388059701492538,0.17164179104477612,2015-06-29,2015-06-29,"{""long_momentum"": 0.14337915832188558, ""mean_reversion"": 0.09639341848495578, ""medium_momentum"": 0.1267540301054242, ""ridge"": 0.15254966794100222, ""risk_adjusted"": 0.1334021257218044, ""short_momentum"": 0.10166882324840229, ""trend"": 0.14060500845678803, ""volume_momentum"": 0.10524776771973744}",0.3335436710920205,0.8072131630300884,-0.5452178388129468,0.31550410215547847,3227.TWO,2015-07-23,2015-07-24
0.04024744148728345,1197000,0,0.011862833099167478,0.011862833099167478,0.027166371509379367,D-1 estimated accounting; fill-day constraints require ledger audit,adaptive,V4_CAUSAL_7_EXPERTS_RIDGE_ANCHOR20,disabled,2015-07-23,risk_off,0.0195674970600817,-0.027424159167240225,-0.04745927373239911,0.15671641791044777,0.09209144047815858,0.22388059701492538,0.17164179104477612,2015-06-29,2015-06-29,"{""long_momentum"": 0.14337915832188558, ""mean_reversion"": 0.09639341848495578, ""medium_momentum"": 0.1267540301054242, ""ridge"": 0.15254966794100222, ""risk_adjusted"": 0.1334021257218044, ""short_momentum"": 0.10166882324840229, ""trend"": 0.14060500845678803, ""volume_momentum"": 0.10524776771973744}",0.11370843371932876,0.21035300070761487,-0.17833500034000943,0.1680427561420903,3363.TWO,2015-07-23,2015-07-24
0.0431380850176268,248000,0,-0.036613095705431066,-0.036613095705431066,0.024516750276936998,D-1 estimated accounting; fill-day constraints require ledger audit,adaptive,V4_CAUSAL_7_EXPERTS_RIDGE_ANCHOR20,disabled,2015-07-23,risk_off,0.0195674970600817,-0.027424159167240225,-0.04745927373239911,0.15671641791044777,0.09209144047815858,0.22388059701492538,0.17164179104477612,2015-06-29,2015-06-29,"{""long_momentum"": 0.14337915832188558, ""mean_reversion"": 0.09639341848495578, ""medium_momentum"": 0.1267540301054242, ""ridge"": 0.15254966794100222, ""risk_adjusted"": 0.1334021257218044, ""short_momentum"": 0.10166882324840229, ""trend"": 0.14060500845678803, ""volume_momentum"": 0.10524776771973744}",0.32391697529007746,0.21535551050431279,-0.4739277083118426,0.36668360650472637,3665.TW,2015-07-23,2015-07-24
0.04420488333508947,553000,0,0.011415280737319861,0.011415280737319861,0.08197082203485986,D-1 estimated accounting; fill-day constraints require ledger audit,adaptive,V4_CAUSAL_7_EXPERTS_RIDGE_ANCHOR20,disabled,2015-07-23,risk_off,0.0195674970600817,-0.027424159167240225,-0.04745927373239911,0.15671641791044777,0.09209144047815858,0.22388059701492538,0.17164179104477612,2015-06-29,2015-06-29,"{""long_momentum"": 0.14337915832188558, ""mean_reversion"": 0.09639341848495578, ""medium_momentum"": 0.1267540301054242, ""ridge"": 0.15254966794100222, ""risk_adjusted"": 0.1334021257218044, ""short_momentum"": 0.10166882324840229, ""trend"": 0.14060500845678803, ""volume_momentum"": 0.10524776771973744}",0.14523529634684956,0.8072131630300884,-0.2261141549671401,0.2149268060455257,4904.TW,2015-07-23,2015-07-24
0.03278262633059575,457000,0,-0.1850876094069632,-0.1850876094069632,0.13770312134984794,D-1 estimated accounting; fill-day constraints require ledger audit,adaptive,V4_CAUSAL_7_EXPERTS_RIDGE_ANCHOR20,disabled,2015-07-23,risk_off,0.0195674970600817,-0.027424159167240225,-0.04745927373239911,0.15671641791044777,0.09209144047815858,0.22388059701492538,0.17164179104477612,2015-06-29,2015-06-29,"{""long_momentum"": 0.14337915832188558, ""mean_reversion"": 0.09639341848495578, ""medium_momentum"": 0.1267540301054242, ""ridge"": 0.15254966794100222, ""risk_adjusted"": 0.1334021257218044, ""short_momentum"": 0.10166882324840229, ""trend"": 0.14060500845678803, ""volume_momentum"": 0.10524776771973744}",0.5030384150225898,0.502113827148084,-0.806709442181549,0.4025163129713685,4979.TWO,2015-07-23,2015-07-24
0.03847711643953672,121000,0,-0.07543370202824938,-0.07543370202824938,0.07818169977887195,D-1 estimated accounting; fill-day constraints require ledger audit,adaptive,V4_CAUSAL_7_EXPERTS_RIDGE_ANCHOR20,disabled,2015-07-23,risk_off,0.0195674970600817,-0.027424159167240225,-0.04745927373239911,0.15671641791044777,0.09209144047815858,0.22388059701492538,0.17164179104477612,2015-06-29,2015-06-29,"{""long_momentum"": 0.14337915832188558, ""mean_reversion"": 0.09639341848495578, ""medium_momentum"": 0.1267540301054242, ""ridge"": 0.15254966794100222, ""risk_adjusted"": 0.1334021257218044, ""short_momentum"": 0.10166882324840229, ""trend"": 0.14060500845678803, ""volume_momentum"": 0.10524776771973744}",0.43614337510517937,0.502113827148084,-0.6287420949651945,0.4438567805124416,5274.TWO,2015-07-23,2015-07-24
0.04027151169626598,618000,0,-0.052061085818189815,-0.052061085818189815,0.15498465732659739,D-1 estimated accounting; fill-day constraints require ledger audit,adaptive,V4_CAUSAL_7_EXPERTS_RIDGE_ANCHOR20,disabled,2015-07-23,risk_off,0.0195674970600817,-0.027424159167240225,-0.04745927373239911,0.15671641791044777,0.09209144047815858,0.22388059701492538,0.17164179104477612,2015-06-29,2015-06-29,"{""long_momentum"": 0.14337915832188558, ""mean_reversion"": 0.09639341848495578, ""medium_momentum"": 0.1267540301054242, ""ridge"": 0.15254966794100222, ""risk_adjusted"": 0.1334021257218044, ""short_momentum"": 0.10166882324840229, ""trend"": 0.14060500845678803, ""volume_momentum"": 0.10524776771973744}",0.12780340771048435,0.502113827148084,-0.2652397794524596,0.12709969741982585,6239.TW,2015-07-23,2015-07-24
0.04361599513468299,521000,0,-0.014880985848400089,-0.014880985848400089,0.08289630333616137,D-1 estimated accounting; fill-day constraints require ledger audit,adaptive,V4_CAUSAL_7_EXPERTS_RIDGE_ANCHOR20,disabled,2015-07-23,risk_off,0.0195674970600817,-0.027424159167240225,-0.04745927373239911,0.15671641791044777,0.09209144047815858,0.22388059701492538,0.17164179104477612,2015-06-29,2015-06-29,"{""long_momentum"": 0.14337915832188558, ""mean_reversion"": 0.09639341848495578, ""medium_momentum"": 0.1267540301054242, ""ridge"": 0.15254966794100222, ""risk_adjusted"": 0.1334021257218044, ""short_momentum"": 0.10166882324840229, ""trend"": 0.14060500845678803, ""volume_momentum"": 0.10524776771973744}",0.10054076385660095,0.502113827148084,-0.17558517664320478,0.11180529455015048,6505.TW,2015-07-23,2015-07-24
0.041303563502374845,2920000,0,-0.045008913263576505,-0.045008913263576505,0.2615057036764243,D-1 estimated accounting; fill-day constraints require ledger audit,adaptive,V4_CAUSAL_7_EXPERTS_RIDGE_ANCHOR20,disabled,2015-07-23,risk_off,0.0195674970600817,-0.027424159167240225,-0.04745927373239911,0.15671641791044777,0.09209144047815858,0.22388059701492538,0.17164179104477612,2015-06-29,2015-06-29,"{""long_momentum"": 0.14337915832188558, ""mean_reversion"": 0.09639341848495578, ""medium_momentum"": 0.1267540301054242, ""ridge"": 0.15254966794100222, ""risk_adjusted"": 0.1334021257218044, ""short_momentum"": 0.10166882324840229, ""trend"": 0.14060500845678803, ""volume_momentum"": 0.10524776771973744}",0.10435809475066682,0.8072131630300884,-0.21595119713481936,0.09191546021141223,8069.TWO,2015-07-23,2015-07-24
0.04682994084900898,755000,0,0.046714093671102595,0.046714093671102595,0.25901359691542675,D-1 estimated accounting; fill-day constraints require ledger audit,adaptive,V4_CAUSAL_7_EXPERTS_RIDGE_ANCHOR20,disabled,2015-07-24,risk_off,0.020167950623524923,-0.02971689066449401,-0.05179003112917757,0.1044776119402985,0.0874147456723988,0.16417910447761194,0.14925373134328357,2015-06-29,2015-06-29,"{""long_momentum"": 0.14337915832188558, ""mean_reversion"": 0.09639341848495578, ""medium_momentum"": 0.1267540301054242, ""ridge"": 0.15254966794100222, ""risk_adjusted"": 0.1334021257218044, ""short_momentum"": 0.10166882324840229, ""trend"": 0.14060500845678803, ""volume_momentum"": 0.10524776771973744}",0.1073457860569779,0.7966623535031954,-0.13099967395482565,0.19040995090077673,1216.TW,2015-07-24,2015-07-27
0.04221932051645004,570000,0,-0.01554317073088634,-0.01554317073088634,0.044515124586703037,D-1 estimated accounting; fill-day constraints require ledger audit,adaptive,V4_CAUSAL_7_EXPERTS_RIDGE_ANCHOR20,disabled,2015-07-24,risk_off,0.020167950623524923,-0.02971689066449401,-0.05179003112917757,0.1044776119402985,0.0874147456723988,0.16417910447761194,0.14925373134328357,2015-06-29,2015-06-29,"{""long_momentum"": 0.14337915832188558, ""mean_reversion"": 0.09639341848495578, ""medium_momentum"": 0.1267540301054242, ""ridge"": 0.15254966794100222, ""risk_adjusted"": 0.1334021257218044, ""short_momentum"": 0.10166882324840229, ""trend"": 0.14060500845678803, ""volume_momentum"": 0.10524776771973744}",0.11403500714551243,0.2916182917086091,-0.20633250969491262,0.1412282578368858,1303.TW,2015-07-24,2015-07-27
0.04753773689472736,2109000,0,0.10218317767771017,0.10218317767771017,0.4643157403404683,D-1 estimated accounting; fill-day constraints require ledger audit,adaptive,V4_CAUSAL_7_EXPERTS_RIDGE_ANCHOR20,disabled,2015-07-24,risk_off,0.020167950623524923,-0.02971689066449401,-0.05179003112917757,0.1044776119402985,0.0874147456723988,0.16417910447761194,0.14925373134328357,2015-06-29,2015-06-29,"{""long_momentum"": 0.14337915832188558, ""mean_reversion"": 0.09639341848495578, ""medium_momentum"": 0.1267540301054242, ""ridge"": 0.15254966794100222, ""risk_adjusted"": 0.1334021257218044, ""short_momentum"": 0.10166882324840229, ""trend"": 0.14060500845678803, ""volume_momentum"": 0.10524776771973744}",0.1236579684766633,0.9999999999999999,-0.10466949664616083,0.275017941605327,2313.TW,2015-07-24,2015-07-27
0.04285308467357691,425000,0,-0.02940917687239431,-0.02940917687239431,0.07710977990551784,D-1 estimated accounting; fill-day constraints require ledger audit,adaptive,V4_CAUSAL_7_EXPERTS_RIDGE_ANCHOR20,disabled,2015-07-24,risk_off,0.020167950623524923,-0.02971689066449401,-0.05179003112917757,0.1044776119402985,0.0874147456723988,0.16417910447761194,0.14925373134328357,2015-06-29,2015-06-29,"{""long_momentum"": 0.14337915832188558, ""mean_reversion"": 0.09639341848495578, ""medium_momentum"": 0.1267540301054242, ""ridge"": 0.15254966794100222, ""risk_adjusted"": 0.1334021257218044, ""short_momentum"": 0.10166882324840229, ""trend"": 0.14060500845678803, ""volume_momentum"": 0.10524776771973744}",0.18965220042090164,0.502113827148084,-0.32120964524250867,0.22837338110146593,2317.TW,2015-07-24,2015-07-27
0.046363826507986004,687000,0,0.02357156017881834,0.02357156017881834,0.07178111920632964,D-1 estimated accounting; fill-day constraints require ledger audit,adaptive,V4_CAUSAL_7_EXPERTS_RIDGE_ANCHOR20,disabled,2015-07-24,risk_off,0.020167950623524923,-0.02971689066449401,-0.05179003112917757,0.1044776119402985,0.0874147456723988,0.16417910447761194,0.14925373134328357,2015-06-29,2015-06-29,"{""long_momentum"": 0.14337915832188558, ""mean_reversion"": 0.09639341848495578, ""medium_momentum"": 0.1267540301054242, ""ridge"": 0.15254966794100222, ""risk_adjusted"": 0.1334021257218044, ""short_momentum"": 0.10166882324840229, ""trend"": 0.14060500845678803, ""volume_momentum"": 0.10524776771973744}",0.2047446753760216,0.5861668180637205,-0.28545351786182627,0.2985787278232088,2383.TW,2015-07-24,2015-07-27
0.039440551244552265,363000,0,-0.04933527803678721,-0.04933527803678721,0.3511114979265909,D-1 estimated accounting; fill-day constraints require ledger audit,adaptive,V4_CAUSAL_7_EXPERTS_RIDGE_ANCHOR20,disabled,2015-07-24,risk_off,0.020167950623524923,-0.02971689066449401,-0.05179003112917757,0.1044776119402985,0.0874147456723988,0.16417910447761194,0.14925373134328357,2015-06-29,2015-06-29,"{""long_momentum"": 0.14337915832188558, ""mean_reversion"": 0.09639341848495578, ""medium_momentum"": 0.1267540301054242, ""ridge"": 0.15254966794100222, ""risk_adjusted"": 0.1334021257218044, ""short_momentum"": 0.10166882324840229, ""trend"": 0.14060500845678803, ""volume_momentum"": 0.10524776771973744}",0.1004169256297171,0.9999999999999999,-0.20966115084639236,0.07697268437656384,2451.TW,2015-07-24,2015-07-27
0.035371718585210564,97000,0,-0.11586728353450529,-0.11586728353450529,0.1486126445855326,D-1 estimated accounting; fill-day constraints require ledger audit,adaptive,V4_CAUSAL_7_EXPERTS_RIDGE_ANCHOR20,disabled,2015-07-24,risk_off,0.020167950623524923,-0.02971689066449401,-0.05179003112917757,0.1044776119402985,0.0874147456723988,0.16417910447761194,0.14925373134328357,2015-06-29,2015-06-29,"{""long_momentum"": 0.14337915832188558, ""mean_reversion"": 0.09639341848495578, ""medium_momentum"": 0.1267540301054242, ""ridge"": 0.15254966794100222, ""risk_adjusted"": 0.1334021257218044, ""short_momentum"": 0.10166882324840229, ""trend"": 0.14060500845678803, ""volume_momentum"": 0.10524776771973744}",0.28750398582658854,0.502113827148084,-0.5148666338596826,0.2491141563944179,2454.TW,2015-07-24,2015-07-27
0.04520257471174038,672000,0,0.007812131451988258,0.007812131451988258,0.004291570265349426,D-1 estimated accounting; fill-day constraints require ledger audit,adaptive,V4_CAUSAL_7_EXPERTS_RIDGE_ANCHOR20,disabled,2015-07-24,risk_off,0.020167950623524923,-0.02971689066449401,-0.05179003112917757,0.1044776119402985,0.0874147456723988,0.16417910447761194,0.14925373134328357,2015-06-29,2015-06-29,"{""long_momentum"": 0.14337915832188558, ""mean_reversion"": 0.09639341848495578, ""medium_momentum"": 0.1267540301054242, ""ridge"": 0.15254966794100222, ""risk_adjusted"": 0.1334021257218044, ""short_momentum"": 0.10166882324840229, ""trend"": 0.14060500845678803, ""volume_momentum"": 0.10524776771973744}",0.10096284260759572,0.03811023149776066,-0.15415353992967476,0.13575989243739714,2881.TW,2015-07-24,2015-07-27
0.04484963651607262,1700000,0,-0.004878996407395595,-0.004878996407395595,0.02542551009081522,D-1 estimated accounting; fill-day constraints require ledger audit,adaptive,V4_CAUSAL_7_EXPERTS_RIDGE_ANCHOR20,disabled,2015-07-24,risk_off,0.020167950623524923,-0.02971689066449401,-0.05179003112917757,0.1044776119402985,0.0874147456723988,0.16417910447761194,0.14925373134328357,2015-06-29,2015-06-29,"{""long_momentum"": 0.14337915832188558, ""mean_reversion"": 0.09639341848495578, ""medium_momentum"": 0.1267540301054242, ""ridge"": 0.15254966794100222, ""risk_adjusted"": 0.1334021257218044, ""short_momentum"": 0.10166882324840229, ""trend"": 0.14060500845678803, ""volume_momentum"": 0.10524776771973744}",0.10342830975205457,0.2916182917086091,-0.17353073405860042,0.12975483084755512,2891.TW,2015-07-24,2015-07-27
0.041720488587684255,11000,0,-0.0033529523711187587,-0.0033529523711187587,0.01767053406523155,D-1 estimated accounting; fill-day constraints require ledger audit,adaptive,V4_CAUSAL_7_EXPERTS_RIDGE_ANCHOR20,disabled,2015-07-24,risk_off,0.020167950623524923,-0.02971689066449401,-0.05179003112917757,0.1044776119402985,0.0874147456723988,0.16417910447761194,0.14925373134328357,2015-06-29,2015-06-29,"{""long_momentum"": 0.14337915832188558, ""mean_reversion"": 0.09639341848495578, ""medium_momentum"": 0.1267540301054242, ""ridge"": 0.15254966794100222, ""risk_adjusted"": 0.1334021257218044, ""short_momentum"": 0.10166882324840229, ""trend"": 0.14060500845678803, ""volume_momentum"": 0.10524776771973744}",0.22899883719931963,0.502113827148084,-0.3393671090944319,0.2986432939559403,3008.TW,2015-07-24,2015-07-27
0.04097521754988292,1521000,0,-0.050975210317731924,-0.050975210317731924,0.23073346443367113,D-1 estimated accounting; fill-day constraints require ledger audit,adaptive,V4_CAUSAL_7_EXPERTS_RIDGE_ANCHOR20,disabled,2015-07-24,risk_off,0.020167950623524923,-0.02971689066449401,-0.05179003112917757,0.1044776119402985,0.0874147456723988,0.16417910447761194,0.14925373134328357,2015-06-29,2015-06-29,"{""long_momentum"": 0.14337915832188558, ""mean_reversion"": 0.09639341848495578, ""medium_momentum"": 0.1267540301054242, ""ridge"": 0.15254966794100222, ""risk_adjusted"": 0.1334021257218044, ""short_momentum"": 0.10166882324840229, ""trend"": 0.14060500845678803, ""volume_momentum"": 0.10524776771973744}",0.13985215561184192,0.8072131630300884,-0.28128578838510926,0.14531745735339127,3017.TW,2015-07-24,2015-07-27
0.046244474083311976,401000,0,0.011528927449892307,0.011528927449892307,0.09561665348418183,D-1 estimated accounting; fill-day constraints require ledger audit,adaptive,V4_CAUSAL_7_EXPERTS_RIDGE_ANCHOR20,disabled,2015-07-24,risk_off,0.020167950623524923,-0.02971689066449401,-0.05179003112917757,0.1044776119402985,0.0874147456723988,0.16417910447761194,0.14925373134328357,2015-06-29,2015-06-29,"{""long_momentum"": 0.14337915832188558, ""mean_reversion"": 0.09639341848495578, ""medium_momentum"": 0.1267540301054242, ""ridge"": 0.15254966794100222, ""risk_adjusted"": 0.1334021257218044, ""short_momentum"": 0.10166882324840229, ""trend"": 0.14060500845678803, ""volume_momentum"": 0.10524776771973744}",0.12301128152144232,0.8072131630300884,-0.19431057141067887,0.18335051591420937,3045.TW,2015-07-24,2015-07-27
0.03990877998750421,208000,0,-0.022166521599681265,-0.022166521599681265,0.005261843069599076,D-1 estimated accounting; fill-day constraints require ledger audit,adaptive,V4_CAUSAL_7_EXPERTS_RIDGE_ANCHOR20,disabled,2015-07-24,risk_off,0.020167950623524923,-0.02971689066449401,-0.05179003112917757,0.1044776119402985,0.0874147456723988,0.16417910447761194,0.14925373134328357,2015-06-29,2015-06-29,"{""long_momentum"": 0.14337915832188558, ""mean_reversion"": 0.09639341848495578, ""medium_momentum"": 0.1267540301054242, ""ridge"": 0.15254966794100222, ""risk_adjusted"": 0.1334021257218044, ""short_momentum"": 0.10166882324840229, ""trend"": 0.14060500845678803, ""volume_momentum"": 0.10524776771973744}",0.23845966935973234,0.05144874093929602,-0.36853469165483344,0.2901837380592168,3131.TWO,2015-07-24,2015-07-27
0.03409473110443255,408000,0,-0.1022652070152129,-0.1022652070152129,0.19647127701571093,D-1 estimated accounting; fill-day constraints require ledger audit,adaptive,V4_CAUSAL_7_EXPERTS_RIDGE_ANCHOR20,disabled,2015-07-24,risk_off,0.020167950623524923,-0.02971689066449401,-0.05179003112917757,0.1044776119402985,0.0874147456723988,0.16417910447761194,0.14925373134328357,2015-06-29,2015-06-29,"{""long_momentum"": 0.14337915832188558, ""mean_reversion"": 0.09639341848495578, ""medium_momentum"": 0.1267540301054242, ""ridge"": 0.15254966794100222, ""risk_adjusted"": 0.1334021257218044, ""short_momentum"": 0.10166882324840229, ""trend"": 0.14060500845678803, ""volume_momentum"": 0.10524776771973744}",0.33343985864638676,0.8072131630300884,-0.5495268388968961,0.31097851447021624,3227.TWO,2015-07-24,2015-07-27
0.03977899465857546,1197000,0,-0.01481327121984862,-0.01481327121984862,0.07328794822443536,D-1 estimated accounting; fill-day constraints require ledger audit,adaptive,V4_CAUSAL_7_EXPERTS_RIDGE_ANCHOR20,disabled,2015-07-24,risk_off,0.020167950623524923,-0.02971689066449401,-0.05179003112917757,0.1044776119402985,0.0874147456723988,0.16417910447761194,0.14925373134328357,2015-06-29,2015-06-29,"{""long_momentum"": 0.14337915832188558, ""mean_reversion"": 0.09639341848495578, ""medium_momentum"": 0.1267540301054242, ""ridge"": 0.15254966794100222, ""risk_adjusted"": 0.1334021257218044, ""short_momentum"": 0.10166882324840229, ""trend"": 0.14060500845678803, ""volume_momentum"": 0.10524776771973744}",0.14150831689326354,0.5967176275906135,-0.24736826463455328,0.18372381179860192,3363.TWO,2015-07-24,2015-07-27
0.041619498074498544,248000,0,-0.06388008636324433,-0.06388008636324433,0.03712238869962716,D-1 estimated accounting; fill-day constraints require ledger audit,adaptive,V4_CAUSAL_7_EXPERTS_RIDGE_ANCHOR20,disabled,2015-07-24,risk_off,0.020167950623524923,-0.02971689066449401,-0.05179003112917757,0.1044776119402985,0.0874147456723988,0.16417910447761194,0.14925373134328357,2015-06-29,2015-06-29,"{""long_momentum"": 0.14337915832188558, ""mean_reversion"": 0.09639341848495578, ""medium_momentum"": 0.1267540301054242, ""ridge"": 0.15254966794100222, ""risk_adjusted"": 0.1334021257218044, ""short_momentum"": 0.10166882324840229, ""trend"": 0.14060500845678803, ""volume_momentum"": 0.10524776771973744}",0.33070912871565006,0.21535551050431279,-0.508292031183537,0.3465139480607943,3665.TW,2015-07-24,2015-07-27
0.04496498270551283,553000,0,0.026649683020759634,0.026649683020759634,0.1390011665090637,D-1 estimated accounting; fill-day constraints require ledger audit,adaptive,V4_CAUSAL_7_EXPERTS_RIDGE_ANCHOR20,disabled,2015-07-24,risk_off,0.020167950623524923,-0.02971689066449401,-0.05179003112917757,0.1044776119402985,0.0874147456723988,0.16417910447761194,0.14925373134328357,2015-06-29,2015-06-29,"{""long_momentum"": 0.14337915832188558, ""mean_reversion"": 0.09639341848495578, ""medium_momentum"": 0.1267540301054242, ""ridge"": 0.15254966794100222, ""risk_adjusted"": 0.1334021257218044, ""short_momentum"": 0.10166882324840229, ""trend"": 0.14060500845678803, ""volume_momentum"": 0.10524776771973744}",0.15214762876957838,0.8072131630300884,-0.21986427202362874,0.2391457276688939,4904.TW,2015-07-24,2015-07-27
0.03431507404229229,457000,0,-0.1810538129485457,-0.1810538129485457,0.20977436785310294,D-1 estimated accounting; fill-day constraints require ledger audit,adaptive,V4_CAUSAL_7_EXPERTS_RIDGE_ANCHOR20,disabled,2015-07-24,risk_off,0.020167950623524923,-0.02971689066449401,-0.05179003112917757,0.1044776119402985,0.0874147456723988,0.16417910447761194,0.14925373134328357,2015-06-29,2015-06-29,"{""long_momentum"": 0.14337915832188558, ""mean_reversion"": 0.09639341848495578, ""medium_momentum"": 0.1267540301054242, ""ridge"": 0.15254966794100222, ""risk_adjusted"": 0.1334021257218044, ""short_momentum"": 0.10166882324840229, ""trend"": 0.14060500845678803, ""volume_momentum"": 0.10524776771973744}",0.25928273141185326,0.502113827148084,-0.5499526569103426,0.15382712061699702,4979.TWO,2015-07-24,2015-07-27
0.03873779081395417,121000,0,-0.08098265844032722,-0.08098265844032722,0.08739109631236777,D-1 estimated accounting; fill-day constraints require ledger audit,adaptive,V4_CAUSAL_7_EXPERTS_RIDGE_ANCHOR20,disabled,2015-07-24,risk_off,0.020167950623524923,-0.02971689066449401,-0.05179003112917757,0.1044776119402985,0.0874147456723988,0.16417910447761194,0.14925373134328357,2015-06-29,2015-06-29,"{""long_momentum"": 0.14337915832188558, ""mean_reversion"": 0.09639341848495578, ""medium_momentum"": 0.1267540301054242, ""ridge"": 0.15254966794100222, ""risk_adjusted"": 0.1334021257218044, ""short_momentum"": 0.10166882324840229, ""trend"": 0.14060500845678803, ""volume_momentum"": 0.10524776771973744}",0.4080388554164483,0.502113827148084,-0.6054464798663091,0.40946325258940053,5274.TWO,2015-07-24,2015-07-27
0.04040282669085183,618000,0,-0.056315050843388684,-0.056315050843388684,0.21603708580638678,D-1 estimated accounting; fill-day constraints require ledger audit,adaptive,V4_CAUSAL_7_EXPERTS_RIDGE_ANCHOR20,disabled,2015-07-24,risk_off,0.020167950623524923,-0.02971689066449401,-0.05179003112917757,0.1044776119402985,0.0874147456723988,0.16417910447761194,0.14925373134328357,2015-06-29,2015-06-29,"{""long_momentum"": 0.14337915832188558, ""mean_reversion"": 0.09639341848495578, ""medium_momentum"": 0.1267540301054242, ""ridge"": 0.15254966794100222, ""risk_adjusted"": 0.1334021257218044, ""short_momentum"": 0.10166882324840229, ""trend"": 0.14060500845678803, ""volume_momentum"": 0.10524776771973744}",0.10855162764446492,0.5985072456330397,-0.23656342608331898,0.0899154140002875,6239.TW,2015-07-24,2015-07-27
0.04346804178196726,521000,0,-0.025798251750682306,-0.025798251750682306,0.11572728816601024,D-1 estimated accounting; fill-day constraints require ledger audit,adaptive,V4_CAUSAL_7_EXPERTS_RIDGE_ANCHOR20,disabled,2015-07-24,risk_off,0.020167950623524923,-0.02971689066449401,-0.05179003112917757,0.1044776119402985,0.0874147456723988,0.16417910447761194,0.14925373134328357,2015-06-29,2015-06-29,"{""long_momentum"": 0.14337915832188558, ""mean_reversion"": 0.09639341848495578, ""medium_momentum"": 0.1267540301054242, ""ridge"": 0.15254966794100222, ""risk_adjusted"": 0.1334021257218044, ""short_momentum"": 0.10166882324840229, ""trend"": 0.14060500845678803, ""volume_momentum"": 0.10524776771973744}",0.10282821008969115,0.502113827148084,-0.1929127518103701,0.10729833791275135,6505.TW,2015-07-24,2015-07-27
0.040950735001231836,2920000,0,-0.046438166413085444,-0.046438166413085444,0.25690289672214306,D-1 estimated accounting; fill-day constraints require ledger audit,adaptive,V4_CAUSAL_7_EXPERTS_RIDGE_ANCHOR20,disabled,2015-07-24,risk_off,0.020167950623524923,-0.02971689066449401,-0.05179003112917757,0.1044776119402985,0.0874147456723988,0.16417910447761194,0.14925373134328357,2015-06-29,2015-06-29,"{""long_momentum"": 0.14337915832188558, ""mean_reversion"": 0.09639341848495578, ""medium_momentum"": 0.1267540301054242, ""ridge"": 0.15254966794100222, ""risk_adjusted"": 0.1334021257218044, ""short_momentum"": 0.10166882324840229, ""trend"": 0.14060500845678803, ""volume_momentum"": 0.10524776771973744}",0.11018541020108948,0.8072131630300884,-0.22997903491826555,0.10308479169584052,8069.TWO,2015-07-24,2015-07-27
0.04734308772223817,755000,0,0.024099975879186372,0.024099975879186372,0.17601709881245678,D-1 estimated accounting; fill-day constraints require ledger audit,adaptive,V4_CAUSAL_7_EXPERTS_RIDGE_ANCHOR20,disabled,2015-07-27,risk_off,0.021677517723850615,-0.053568196769280874,-0.06701267164571373,0.07462686567164178,0.09499281923815457,0.08208955223880597,0.08208955223880597,2015-07-27,2015-07-27,"{""long_momentum"": 0.14257153657585492, ""mean_reversion"": 0.09577605327517974, ""medium_momentum"": 0.1283636921889268, ""ridge"": 0.1483523881892691, ""risk_adjusted"": 0.1352830349148364, ""short_momentum"": 0.10323842658893598, ""trend"": 0.13987477198286358, ""volume_momentum"": 0.10654009628413348}",0.10208900853137703,0.793523146822128,-0.14240250322745568,0.14985075081067223,1216.TW,2015-07-27,2015-07-28
0.043228152177023055,570000,0,-0.02361908355939062,-0.02361908355939062,0.17313612181279975,D-1 estimated accounting; fill-day constraints require ledger audit,adaptive,V4_CAUSAL_7_EXPERTS_RIDGE_ANCHOR20,disabled,2015-07-27,risk_off,0.021677517723850615,-0.053568196769280874,-0.06701267164571373,0.07462686567164178,0.09499281923815457,0.08208955223880597,0.08208955223880597,2015-07-27,2015-07-27,"{""long_momentum"": 0.14257153657585492, ""mean_reversion"": 0.09577605327517974, ""medium_momentum"": 0.1283636921889268, ""ridge"": 0.1483523881892691, ""risk_adjusted"": 0.1352830349148364, ""short_momentum"": 0.10323842658893598, ""trend"": 0.13987477198286358, ""volume_momentum"": 0.10654009628413348}",0.10501587125994562,0.8084478934496405,-0.1984689457197099,0.11047907442577247,1303.TW,2015-07-27,2015-07-28
0.04729767027671565,2109000,0,0.03668818400300651,0.03668818400300651,0.13217636079267936,D-1 estimated accounting; fill-day constraints require ledger audit,adaptive,V4_CAUSAL_7_EXPERTS_RIDGE_ANCHOR20,disabled,2015-07-27,risk_off,0.021677517723850615,-0.053568196769280874,-0.06701267164571373,0.07462686567164178,0.09499281923815457,0.08208955223880597,0.08208955223880597,2015-07-27,2015-07-27,"{""long_momentum"": 0.14257153657585492, ""mean_reversion"": 0.09577605327517974, ""medium_momentum"": 0.1283636921889268, ""ridge"": 0.1483523881892691, ""risk_adjusted"": 0.1352830349148364, ""short_momentum"": 0.10323842658893598, ""trend"": 0.13987477198286358, ""volume_momentum"": 0.10654009628413348}",0.1413824689871902,0.580442954253861,-0.2006330438982215,0.23325770772907828,2313.TW,2015-07-27,2015-07-28
0.04408085034409904,425000,0,-0.047445123804456826,-0.047445123804456826,0.11727989662800328,D-1 estimated accounting; fill-day constraints require ledger audit,adaptive,V4_CAUSAL_7_EXPERTS_RIDGE_ANCHOR20,disabled,2015-07-27,risk_off,0.021677517723850615,-0.053568196769280874,-0.06701267164571373,0.07462686567164178,0.09499281923815457,0.08208955223880597,0.08208955223880597,2015-07-27,2015-07-27,"{""long_momentum"": 0.14257153657585492, ""mean_reversion"": 0.09577605327517974, ""medium_momentum"": 0.1283636921889268, ""ridge"": 0.1483523881892691, ""risk_adjusted"": 0.1352830349148364, ""short_momentum"": 0.10323842658893598, ""trend"": 0.13987477198286358, ""volume_momentum"": 0.10654009628413348}",0.17639572533101477,0.5117431170711023,-0.32920972219535743,0.1935677704112876,2317.TW,2015-07-27,2015-07-28
0.0468762653707915,687000,0,0.00021608991343886625,0.00021608991343886625,0.010614300444884275,D-1 estimated accounting; fill-day constraints require ledger audit,adaptive,V4_CAUSAL_7_EXPERTS_RIDGE_ANCHOR20,disabled,2015-07-27,risk_off,0.021677517723850615,-0.053568196769280874,-0.06701267164571373,0.07462686567164178,0.09499281923815457,0.08208955223880597,0.08208955223880597,2015-07-27,2015-07-27,"{""long_momentum"": 0.14257153657585492, ""mean_reversion"": 0.09577605327517974, ""medium_momentum"": 0.1283636921889268, ""ridge"": 0.1483523881892691, ""risk_adjusted"": 0.1352830349148364, ""short_momentum"": 0.10323842658893598, ""trend"": 0.13987477198286358, ""volume_momentum"": 0.10654009628413348}",0.2519468770652799,0.5233048202979307,-0.36671893382588844,0.3263994094776099,2383.TW,2015-07-27,2015-07-28
0.040458090433210886,363000,0,-0.03714982425277793,-0.03714982425277793,0.200351042205093,D-1 estimated accounting; fill-day constraints require ledger audit,adaptive,V4_CAUSAL_7_EXPERTS_RIDGE_ANCHOR20,disabled,2015-07-27,risk_off,0.021677517723850615,-0.053568196769280874,-0.06701267164571373,0.07462686567164178,0.09499281923815457,0.08208955223880597,0.08208955223880597,2015-07-27,2015-07-27,"{""long_momentum"": 0.14257153657585492, ""mean_reversion"": 0.09577605327517974, ""medium_momentum"": 0.1283636921889268, ""ridge"": 0.1483523881892691, ""risk_adjusted"": 0.1352830349148364, ""short_momentum"": 0.10323842658893598, ""trend"": 0.13987477198286358, ""volume_momentum"": 0.10654009628413348}",0.1279313305612231,0.8084478934496405,-0.2550451602302976,0.1399938075495855,2451.TW,2015-07-27,2015-07-28
0.03559376703687418,97000,0,-0.12187309678922943,-0.12187309678922943,0.1531247325825327,D-1 estimated accounting; fill-day constraints require ledger audit,adaptive,V4_CAUSAL_7_EXPERTS_RIDGE_ANCHOR20,disabled,2015-07-27,risk_off,0.021677517723850615,-0.053568196769280874,-0.06701267164571373,0.07462686567164178,0.09499281923815457,0.08208955223880597,0.08208955223880597,2015-07-27,2015-07-27,"{""long_momentum"": 0.14257153657585492, ""mean_reversion"": 0.09577605327517974, ""medium_momentum"": 0.1283636921889268, ""ridge"": 0.1483523881892691, ""risk_adjusted"": 0.1352830349148364, ""short_momentum"": 0.10323842658893598, ""trend"": 0.13987477198286358, ""volume_momentum"": 0.10654009628413348}",0.29713700875259885,0.5117431170711023,-0.5371334768263438,0.2526355790727288,2454.TW,2015-07-27,2015-07-28
0.04538956266039608,672000,0,-0.01240043167864248,-0.01240043167864248,0.09831777669420301,D-1 estimated accounting; fill-day constraints require ledger audit,adaptive,V4_CAUSAL_7_EXPERTS_RIDGE_ANCHOR20,disabled,2015-07-27,risk_off,0.021677517723850615,-0.053568196769280874,-0.06701267164571373,0.07462686567164178,0.09499281923815457,0.08208955223880597,0.08208955223880597,2015-07-27,2015-07-27,"{""long_momentum"": 0.14257153657585492, ""mean_reversion"": 0.09577605327517974, ""medium_momentum"": 0.1283636921889268, ""ridge"": 0.1483523881892691, ""risk_adjusted"": 0.1352830349148364, ""short_momentum"": 0.10323842658893598, ""trend"": 0.13987477198286358, ""volume_momentum"": 0.10654009628413348}",0.12567992274664572,0.8084478934496405,-0.2268049118325633,0.1612523443001221,2881.TW,2015-07-27,2015-07-28
0.044677457357909116,1700000,0,-0.027755648192083527,-0.027755648192083527,0.08495253896127462,D-1 estimated accounting; fill-day constraints require ledger audit,adaptive,V4_CAUSAL_7_EXPERTS_RIDGE_ANCHOR20,disabled,2015-07-27,risk_off,0.021677517723850615,-0.053568196769280874,-0.06701267164571373,0.07462686567164178,0.09499281923815457,0.08208955223880597,0.08208955223880597,2015-07-27,2015-07-27,"{""long_momentum"": 0.14257153657585492, ""mean_reversion"": 0.09577605327517974, ""medium_momentum"": 0.1283636921889268, ""ridge"": 0.1483523881892691, ""risk_adjusted"": 0.1352830349148364, ""short_momentum"": 0.10323842658893598, ""trend"": 0.13987477198286358, ""volume_momentum"": 0.10654009628413348}",0.16456014380728648,0.5117431170711023,-0.2951287813000929,0.1988657807407696,2891.TW,2015-07-27,2015-07-28
0.040858453839057514,11000,0,-0.054927567926928655,-0.054927567926928655,0.07170136930504961,D-1 estimated accounting; fill-day constraints require ledger audit,adaptive,V4_CAUSAL_7_EXPERTS_RIDGE_ANCHOR20,disabled,2015-07-27,risk_off,0.021677517723850615,-0.053568196769280874,-0.06701267164571373,0.07462686567164178,0.09499281923815457,0.08208955223880597,0.08208955223880597,2015-07-27,2015-07-27,"{""long_momentum"": 0.14257153657585492, ""mean_reversion"": 0.09577605327517974, ""medium_momentum"": 0.1283636921889268, ""ridge"": 0.1483523881892691, ""risk_adjusted"": 0.1352830349148364, ""short_momentum"": 0.10323842658893598, ""trend"": 0.13987477198286358, ""volume_momentum"": 0.10654009628413348}",0.3677842136841501,0.5117431170711023,-0.5440845988101369,0.3934777587811234,3008.TW,2015-07-27,2015-07-28
0.038137661400071673,1521000,0,-0.10432733461946869,-0.10432733461946869,0.20449927478912608,D-1 estimated accounting; fill-day constraints require ledger audit,adaptive,V4_CAUSAL_7_EXPERTS_RIDGE_ANCHOR20,disabled,2015-07-27,risk_off,0.021677517723850615,-0.053568196769280874,-0.06701267164571373,0.07462686567164178,0.09499281923815457,0.08208955223880597,0.08208955223880597,2015-07-27,2015-07-27,"{""long_momentum"": 0.14257153657585492, ""mean_reversion"": 0.09577605327517974, ""medium_momentum"": 0.1283636921889268, ""ridge"": 0.1483523881892691, ""risk_adjusted"": 0.1352830349148364, ""short_momentum"": 0.10323842658893598, ""trend"": 0.13987477198286358, ""volume_momentum"": 0.10654009628413348}",0.3228769040543067,0.8084478934496405,-0.5466881692874517,0.297281795873358,3017.TW,2015-07-27,2015-07-28
0.047318941738542654,401000,0,0.004393416641493406,0.004393416641493406,0.04337995790388206,D-1 estimated accounting; fill-day constraints require ledger audit,adaptive,V4_CAUSAL_7_EXPERTS_RIDGE_ANCHOR20,disabled,2015-07-27,risk_off,0.021677517723850615,-0.053568196769280874,-0.06701267164571373,0.07462686567164178,0.09499281923815457,0.08208955223880597,0.08208955223880597,2015-07-27,2015-07-27,"{""long_momentum"": 0.14257153657585492, ""mean_reversion"": 0.09577605327517974, ""medium_momentum"": 0.1283636921889268, ""ridge"": 0.1483523881892691, ""risk_adjusted"": 0.1352830349148364, ""short_momentum"": 0.10323842658893598, ""trend"": 0.13987477198286358, ""volume_momentum"": 0.10654009628413348}",0.10707852840611748,0.5378818236199677,-0.17554049616595338,0.14357562527378398,3045.TW,2015-07-27,2015-07-28
0.040515235927956944,208000,0,-0.029703791284797044,-0.029703791284797044,0.006147157398447854,D-1 estimated accounting; fill-day constraints require ledger audit,adaptive,V4_CAUSAL_7_EXPERTS_RIDGE_ANCHOR20,disabled,2015-07-27,risk_off,0.021677517723850615,-0.053568196769280874,-0.06701267164571373,0.07462686567164178,0.09499281923815457,0.08208955223880597,0.08208955223880597,2015-07-27,2015-07-27,"{""long_momentum"": 0.14257153657585492, ""mean_reversion"": 0.09577605327517974, ""medium_momentum"": 0.1283636921889268, ""ridge"": 0.1483523881892691, ""risk_adjusted"": 0.1352830349148364, ""short_momentum"": 0.10323842658893598, ""trend"": 0.13987477198286358, ""volume_momentum"": 0.10654009628413348}",0.2135065094954637,0.043966025910280315,-0.3543223569172087,0.2541630701724584,3131.TWO,2015-07-27,2015-07-28
0.03348938706737248,408000,0,-0.13271151998592212,-0.13271151998592212,0.20128231629063903,D-1 estimated accounting; fill-day constraints require ledger audit,adaptive,V4_CAUSAL_7_EXPERTS_RIDGE_ANCHOR20,disabled,2015-07-27,risk_off,0.021677517723850615,-0.053568196769280874,-0.06701267164571373,0.07462686567164178,0.09499281923815457,0.08208955223880597,0.08208955223880597,2015-07-27,2015-07-27,"{""long_momentum"": 0.14257153657585492, ""mean_reversion"": 0.09577605327517974, ""medium_momentum"": 0.1283636921889268, ""ridge"": 0.1483523881892691, ""risk_adjusted"": 0.1352830349148364, ""short_momentum"": 0.10323842658893598, ""trend"": 0.13987477198286358, ""volume_momentum"": 0.10654009628413348}",0.415405069131671,0.8084478934496405,-0.6710242370904949,0.36484949294349445,3227.TWO,2015-07-27,2015-07-28
0.041031500055542056,1197000,0,-0.03620781912287448,-0.03620781912287448,0.16811081549242352,D-1 estimated accounting; fill-day constraints require ledger audit,adaptive,V4_CAUSAL_7_EXPERTS_RIDGE_ANCHOR20,disabled,2015-07-27,risk_off,0.021677517723850615,-0.053568196769280874,-0.06701267164571373,0.07462686567164178,0.09499281923815457,0.08208955223880597,0.08208955223880597,2015-07-27,2015-07-27,"{""long_momentum"": 0.14257153657585492, ""mean_reversion"": 0.09577605327517974, ""medium_momentum"": 0.1283636921889268, ""ridge"": 0.1483523881892691, ""risk_adjusted"": 0.1352830349148364, ""short_momentum"": 0.10323842658893598, ""trend"": 0.13987477198286358, ""volume_momentum"": 0.10654009628413348}",0.1569613139335475,0.8084478934496405,-0.2940553367928036,0.1808879943718985,3363.TWO,2015-07-27,2015-07-28
0.03871607269045405,248000,0,-0.1365637634151312,-0.1365637634151312,0.13053352338209412,D-1 estimated accounting; fill-day constraints require ledger audit,adaptive,V4_CAUSAL_7_EXPERTS_RIDGE_ANCHOR20,disabled,2015-07-27,risk_off,0.021677517723850615,-0.053568196769280874,-0.06701267164571373,0.07462686567164178,0.09499281923815457,0.08208955223880597,0.08208955223880597,2015-07-27,2015-07-27,"{""long_momentum"": 0.14257153657585492, ""mean_reversion"": 0.09577605327517974, ""medium_momentum"": 0.1283636921889268, ""ridge"": 0.1483523881892691, ""risk_adjusted"": 0.1352830349148364, ""short_momentum"": 0.10323842658893598, ""trend"": 0.13987477198286358, ""volume_momentum"": 0.10654009628413348}",0.41342226375521046,0.5117431170711023,-0.6728371427095197,0.3589579117041011,3665.TW,2015-07-27,2015-07-28
0.04671316499997202,553000,0,0.0474447618132682,0.0474447618132682,0.21940421917688513,D-1 estimated accounting; fill-day constraints require ledger audit,adaptive,V4_CAUSAL_7_EXPERTS_RIDGE_ANCHOR20,disabled,2015-07-27,risk_off,0.021677517723850615,-0.053568196769280874,-0.06701267164571373,0.07462686567164178,0.09499281923815457,0.08208955223880597,0.08208955223880597,2015-07-27,2015-07-27,"{""long_momentum"": 0.14257153657585492, ""mean_reversion"": 0.09577605327517974, ""medium_momentum"": 0.1283636921889268, ""ridge"": 0.1483523881892691, ""risk_adjusted"": 0.1352830349148364, ""short_momentum"": 0.10323842658893598, ""trend"": 0.13987477198286358, ""volume_momentum"": 0.10654009628413348}",0.14080064326357122,0.8084478934496405,-0.1890760003118106,0.24321381976319079,4904.TW,2015-07-27,2015-07-28
0.03261432512015946,457000,0,-0.23577220463578685,-0.23577220463578685,0.17126403739267695,D-1 estimated accounting; fill-day constraints require ledger audit,adaptive,V4_CAUSAL_7_EXPERTS_RIDGE_ANCHOR20,disabled,2015-07-27,risk_off,0.021677517723850615,-0.053568196769280874,-0.06701267164571373,0.07462686567164178,0.09499281923815457,0.08208955223880597,0.08208955223880597,2015-07-27,2015-07-27,"{""long_momentum"": 0.14257153657585492, ""mean_reversion"": 0.09577605327517974, ""medium_momentum"": 0.1283636921889268, ""ridge"": 0.1483523881892691, ""risk_adjusted"": 0.1352830349148364, ""short_momentum"": 0.10323842658893598, ""trend"": 0.13987477198286358, ""volume_momentum"": 0.10654009628413348}",0.4786638216321969,0.5117431170711023,-0.8388927306978398,0.3265966172511099,4979.TWO,2015-07-27,2015-07-28
0.03911649358673805,121000,0,-0.1116497631766502,-0.1116497631766502,0.12233776140846926,D-1 estimated accounting; fill-day constraints require ledger audit,adaptive,V4_CAUSAL_7_EXPERTS_RIDGE_ANCHOR20,disabled,2015-07-27,risk_off,0.021677517723850615,-0.053568196769280874,-0.06701267164571373,0.07462686567164178,0.09499281923815457,0.08208955223880597,0.08208955223880597,2015-07-27,2015-07-27,"{""long_momentum"": 0.14257153657585492, ""mean_reversion"": 0.09577605327517974, ""medium_momentum"": 0.1283636921889268, ""ridge"": 0.1483523881892691, ""risk_adjusted"": 0.1352830349148364, ""short_momentum"": 0.10323842658893598, ""trend"": 0.13987477198286358, ""volume_momentum"": 0.10654009628413348}",0.37130025917427606,0.5117431170711023,-0.6044503317323896,0.340399101203933,5274.TWO,2015-07-27,2015-07-28
0.03762018997330179,618000,0,-0.09144383254633077,-0.09144383254633077,0.11374279772192308,D-1 estimated accounting; fill-day constraints require ledger audit,adaptive,V4_CAUSAL_7_EXPERTS_RIDGE_ANCHOR20,disabled,2015-07-27,risk_off,0.021677517723850615,-0.053568196769280874,-0.06701267164571373,0.07462686567164178,0.09499281923815457,0.08208955223880597,0.08208955223880597,2015-07-27,2015-07-27,"{""long_momentum"": 0.14257153657585492, ""mean_reversion"": 0.09577605327517974, ""medium_momentum"": 0.1283636921889268, ""ridge"": 0.1483523881892691, ""risk_adjusted"": 0.1352830349148364, ""short_momentum"": 0.10323842658893598, ""trend"": 0.13987477198286358, ""volume_momentum"": 0.10654009628413348}",0.33746906987940256,0.5117431170711023,-0.5490693827972967,0.3254300135294789,6239.TW,2015-07-27,2015-07-28
0.04479200705436939,521000,0,-0.021222624800069836,-0.021222624800069836,0.10350798074885069,D-1 estimated accounting; fill-day constraints require ledger audit,adaptive,V4_CAUSAL_7_EXPERTS_RIDGE_ANCHOR20,disabled,2015-07-27,risk_off,0.021677517723850615,-0.053568196769280874,-0.06701267164571373,0.07462686567164178,0.09499281923815457,0.08208955223880597,0.08208955223880597,2015-07-27,2015-07-27,"{""long_momentum"": 0.14257153657585492, ""mean_reversion"": 0.09577605327517974, ""medium_momentum"": 0.1283636921889268, ""ridge"": 0.1483523881892691, ""risk_adjusted"": 0.1352830349148364, ""short_momentum"": 0.10323842658893598, ""trend"": 0.13987477198286358, ""volume_momentum"": 0.10654009628413348}",0.10342194613918822,0.5117431170711023,-0.19173689259131044,0.10853993881601454,6505.TW,2015-07-27,2015-07-28
0.03912089160519688,2920000,0,-0.08813580753451823,-0.08813580753451823,0.2180620475671925,D-1 estimated accounting; fill-day constraints require ledger audit,adaptive,V4_CAUSAL_7_EXPERTS_RIDGE_ANCHOR20,disabled,2015-07-27,risk_off,0.021677517723850615,-0.053568196769280874,-0.06701267164571373,0.07462686567164178,0.09499281923815457,0.08208955223880597,0.08208955223880597,2015-07-27,2015-07-27,"{""long_momentum"": 0.14257153657585492, ""mean_reversion"": 0.09577605327517974, ""medium_momentum"": 0.1283636921889268, ""ridge"": 0.1483523881892691, ""risk_adjusted"": 0.1352830349148364, ""short_momentum"": 0.10323842658893598, ""trend"": 0.13987477198286358, ""volume_momentum"": 0.10654009628413348}",0.25215787491066416,0.8084478934496405,-0.4552993943538038,0.23827607510961113,8069.TWO,2015-07-27,2015-07-28
0.0477661950602759,755000,0,0.022078802120863703,0.022078802120863703,0.1584869281383509,D-1 estimated accounting; fill-day constraints require ledger audit,adaptive,V4_CAUSAL_7_EXPERTS_RIDGE_ANCHOR20,disabled,2015-07-28,risk_off,0.021813656981539635,-0.04595934862479062,-0.06860869951503146,0.11940298507462686,0.08832537119841807,0.1044776119402985,0.1044776119402985,2015-07-27,2015-07-27,"{""long_momentum"": 0.14257153657585492, ""mean_reversion"": 0.09577605327517974, ""medium_momentum"": 0.1283636921889268, ""ridge"": 0.1483523881892691, ""risk_adjusted"": 0.1352830349148364, ""short_momentum"": 0.10323842658893598, ""trend"": 0.13987477198286358, ""volume_momentum"": 0.10654009628413348}",0.11105120512264542,0.8084478934496405,-0.16653677607849426,0.16994267614506547,1216.TW,2015-07-28,2015-07-29
0.042037999644484896,570000,0,-0.05017465099922833,-0.05017465099922833,0.2521499730794373,D-1 estimated accounting; fill-day constraints require ledger audit,adaptive,V4_CAUSAL_7_EXPERTS_RIDGE_ANCHOR20,disabled,2015-07-28,risk_off,0.021813656981539635,-0.04595934862479062,-0.06860869951503146,0.11940298507462686,0.08832537119841807,0.1044776119402985,0.1044776119402985,2015-07-27,2015-07-27,"{""long_momentum"": 0.14257153657585492, ""mean_reversion"": 0.09577605327517974, ""medium_momentum"": 0.1283636921889268, ""ridge"": 0.1483523881892691, ""risk_adjusted"": 0.1352830349148364, ""short_momentum"": 0.10323842658893598, ""trend"": 0.13987477198286358, ""volume_momentum"": 0.10654009628413348}",0.12172733248062961,0.8084478934496405,-0.2582172540498975,0.11711624787628463,1303.TW,2015-07-28,2015-07-29
0.048695289844186654,2109000,0,0.058782057464859774,0.058782057464859774,0.2582130636855203,D-1 estimated accounting; fill-day constraints require ledger audit,adaptive,V4_CAUSAL_7_EXPERTS_RIDGE_ANCHOR20,disabled,2015-07-28,risk_off,0.021813656981539635,-0.04595934862479062,-0.06860869951503146,0.11940298507462686,0.08832537119841807,0.1044776119402985,0.1044776119402985,2015-07-27,2015-07-27,"{""long_momentum"": 0.14257153657585492, ""mean_reversion"": 0.09577605327517974, ""medium_momentum"": 0.1283636921889268, ""ridge"": 0.1483523881892691, ""risk_adjusted"": 0.1352830349148364, ""short_momentum"": 0.10323842658893598, ""trend"": 0.13987477198286358, ""volume_momentum"": 0.10654009628413348}",0.10857074522196242,0.6977470935469482,-0.12455576325080599,0.20136817400536933,2313.TW,2015-07-28,2015-07-29
0.043546520714598115,425000,0,-0.060172739747085924,-0.060172739747085924,0.18551626825315168,D-1 estimated accounting; fill-day constraints require ledger audit,adaptive,V4_CAUSAL_7_EXPERTS_RIDGE_ANCHOR20,disabled,2015-07-28,risk_off,0.021813656981539635,-0.04595934862479062,-0.06860869951503146,0.11940298507462686,0.08832537119841807,0.1044776119402985,0.1044776119402985,2015-07-27,2015-07-27,"{""long_momentum"": 0.14257153657585492, ""mean_reversion"": 0.09577605327517974, ""medium_momentum"": 0.1283636921889268, ""ridge"": 0.1483523881892691, ""risk_adjusted"": 0.1352830349148364, ""short_momentum"": 0.10323842658893598, ""trend"": 0.13987477198286358, ""volume_momentum"": 0.10654009628413348}",0.11460503015030352,0.5117431170711023,-0.25573496536404206,0.09463778169471398,2317.TW,2015-07-28,2015-07-29
0.04807941843488971,687000,0,0.010508637297401448,0.010508637297401448,0.02534516019275779,D-1 estimated accounting; fill-day constraints require ledger audit,adaptive,V4_CAUSAL_7_EXPERTS_RIDGE_ANCHOR20,disabled,2015-07-28,risk_off,0.021813656981539635,-0.04595934862479062,-0.06860869951503146,0.11940298507462686,0.08832537119841807,0.1044776119402985,0.1044776119402985,2015-07-27,2015-07-27,"{""long_momentum"": 0.14257153657585492, ""mean_reversion"": 0.09577605327517974, ""medium_momentum"": 0.1283636921889268, ""ridge"": 0.1483523881892691, ""risk_adjusted"": 0.1352830349148364, ""short_momentum"": 0.10323842658893598, ""trend"": 0.13987477198286358, ""volume_momentum"": 0.10654009628413348}",0.1391415437312697,0.2527387504682579,-0.2237129451412228,0.2039785155608695,2383.TW,2015-07-28,2015-07-29
0.04067343965342816,363000,0,-0.04117335878425749,-0.04117335878425749,0.17298904149588284,D-1 estimated accounting; fill-day constraints require ledger audit,adaptive,V4_CAUSAL_7_EXPERTS_RIDGE_ANCHOR20,disabled,2015-07-28,risk_off,0.021813656981539635,-0.04595934862479062,-0.06860869951503146,0.11940298507462686,0.08832537119841807,0.1044776119402985,0.1044776119402985,2015-07-27,2015-07-27,"{""long_momentum"": 0.14257153657585492, ""mean_reversion"": 0.09577605327517974, ""medium_momentum"": 0.1283636921889268, ""ridge"": 0.1483523881892691, ""risk_adjusted"": 0.1352830349148364, ""short_momentum"": 0.10323842658893598, ""trend"": 0.13987477198286358, ""volume_momentum"": 0.10654009628413348}",0.1087555346809147,0.580442954253861,-0.22491951591676457,0.10182109417309337,2451.TW,2015-07-28,2015-07-29
0.0356448655163852,97000,0,-0.11653306035731148,-0.11653306035731148,0.17941268210052103,D-1 estimated accounting; fill-day constraints require ledger audit,adaptive,V4_CAUSAL_7_EXPERTS_RIDGE_ANCHOR20,disabled,2015-07-28,risk_off,0.021813656981539635,-0.04595934862479062,-0.06860869951503146,0.11940298507462686,0.08832537119841807,0.1044776119402985,0.1044776119402985,2015-07-27,2015-07-27,"{""long_momentum"": 0.14257153657585492, ""mean_reversion"": 0.09577605327517974, ""medium_momentum"": 0.1283636921889268, ""ridge"": 0.1483523881892691, ""risk_adjusted"": 0.1352830349148364, ""short_momentum"": 0.10323842658893598, ""trend"": 0.13987477198286358, ""volume_momentum"": 0.10654009628413348}",0.2251186166941202,0.5117431170711023,-0.45409708009441974,0.1802792552046406,2454.TW,2015-07-28,2015-07-29
0.04317041386706311,1615000,1615000,0.073450288705728,0.073450288705728,0.3076154047697278,D-1 estimated accounting; fill-day constraints require ledger audit,adaptive,V4_CAUSAL_7_EXPERTS_RIDGE_ANCHOR20,disabled,2015-07-28,risk_off,0.021813656981539635,-0.04595934862479062,-0.06860869951503146,0.11940298507462686,0.08832537119841807,0.1044776119402985,0.1044776119402985,2015-07-27,2015-07-27,"{""long_momentum"": 0.14257153657585492, ""mean_reversion"": 0.09577605327517974, ""medium_momentum"": 0.1283636921889268, ""ridge"": 0.1483523881892691, ""risk_adjusted"": 0.1352830349148364, ""short_momentum"": 0.10323842658893598, ""trend"": 0.13987477198286358, ""volume_momentum"": 0.10654009628413348}",0.12772589643083423,0.8084478934496405,-0.14413006347618765,0.25027893671248747,2618.TW,2015-07-28,2015-07-29
0.04328327434965676,672000,0,-0.04643447685355943,-0.04643447685355943,0.10434382717639086,D-1 estimated accounting; fill-day constraints require ledger audit,adaptive,V4_CAUSAL_7_EXPERTS_RIDGE_ANCHOR20,disabled,2015-07-28,risk_off,0.021813656981539635,-0.04595934862479062,-0.06860869951503146,0.11940298507462686,0.08832537119841807,0.1044776119402985,0.1044776119402985,2015-07-27,2015-07-27,"{""long_momentum"": 0.14257153657585492, ""mean_reversion"": 0.09577605327517974, ""medium_momentum"": 0.1283636921889268, ""ridge"": 0.1483523881892691, ""risk_adjusted"": 0.1352830349148364, ""short_momentum"": 0.10323842658893598, ""trend"": 0.13987477198286358, ""volume_momentum"": 0.10654009628413348}",0.20082040225363018,0.5117431170711023,-0.35669761959715274,0.22307696171487765,2881.TW,2015-07-28,2015-07-29
0.043991566270014645,1700000,0,-0.04241249762300184,-0.04241249762300184,0.121777848384242,D-1 estimated accounting; fill-day constraints require ledger audit,adaptive,V4_CAUSAL_7_EXPERTS_RIDGE_ANCHOR20,disabled,2015-07-28,risk_off,0.021813656981539635,-0.04595934862479062,-0.06860869951503146,0.11940298507462686,0.08832537119841807,0.1044776119402985,0.1044776119402985,2015-07-27,2015-07-27,"{""long_momentum"": 0.14257153657585492, ""mean_reversion"": 0.09577605327517974, ""medium_momentum"": 0.1283636921889268, ""ridge"": 0.1483523881892691, ""risk_adjusted"": 0.1352830349148364, ""short_momentum"": 0.10323842658893598, ""trend"": 0.13987477198286358, ""volume_momentum"": 0.10654009628413348}",0.1518275090255375,0.5117431170711023,-0.29366479301155524,0.1680880935903954,2891.TW,2015-07-28,2015-07-29
0.042042661891121005,11000,0,-0.06699366406177841,-0.06699366406177841,0.16178618948772217,D-1 estimated accounting; fill-day constraints require ledger audit,adaptive,V4_CAUSAL_7_EXPERTS_RIDGE_ANCHOR20,disabled,2015-07-28,risk_off,0.021813656981539635,-0.04595934862479062,-0.06860869951503146,0.11940298507462686,0.08832537119841807,0.1044776119402985,0.1044776119402985,2015-07-27,2015-07-27,"{""long_momentum"": 0.14257153657585492, ""mean_reversion"": 0.09577605327517974, ""medium_momentum"": 0.1283636921889268, ""ridge"": 0.1483523881892691, ""risk_adjusted"": 0.1352830349148364, ""short_momentum"": 0.10323842658893598, ""trend"": 0.13987477198286358, ""volume_momentum"": 0.10654009628413348}",0.15572825814308452,0.5117431170711023,-0.3232699480004317,0.14853091570171867,3008.TW,2015-07-28,2015-07-29
0.03633311546187444,1521000,0,-0.12929716307373532,-0.12929716307373532,0.1911876285608101,D-1 estimated accounting; fill-day constraints require ledger audit,adaptive,V4_CAUSAL_7_EXPERTS_RIDGE_ANCHOR20,disabled,2015-07-28,risk_off,0.021813656981539635,-0.04595934862479062,-0.06860869951503146,0.11940298507462686,0.08832537119841807,0.1044776119402985,0.1044776119402985,2015-07-27,2015-07-27,"{""long_momentum"": 0.14257153657585492, ""mean_reversion"": 0.09577605327517974, ""medium_momentum"": 0.1283636921889268, ""ridge"": 0.1483523881892691, ""risk_adjusted"": 0.1352830349148364, ""short_momentum"": 0.10323842658893598, ""trend"": 0.13987477198286358, ""volume_momentum"": 0.10654009628413348}",0.4335861220557266,0.8084478934496405,-0.6862842153424247,0.3869381850197978,3017.TW,2015-07-28,2015-07-29
0.046797300609959326,401000,0,0.0016354905250087278,0.0016354905250087278,0.004158502139793923,D-1 estimated accounting; fill-day constraints require ledger audit,adaptive,V4_CAUSAL_7_EXPERTS_RIDGE_ANCHOR20,disabled,2015-07-28,risk_off,0.021813656981539635,-0.04595934862479062,-0.06860869951503146,0.11940298507462686,0.08832537119841807,0.1044776119402985,0.1044776119402985,2015-07-27,2015-07-27,"{""long_momentum"": 0.14257153657585492, ""mean_reversion"": 0.09577605327517974, ""medium_momentum"": 0.1283636921889268, ""ridge"": 0.1483523881892691, ""risk_adjusted"": 0.1352830349148364, ""short_momentum"": 0.10323842658893598, ""trend"": 0.13987477198286358, ""volume_momentum"": 0.10654009628413348}",0.10198679788958966,0.0680742466738472,-0.1645407861262972,0.12706006300115844,3045.TW,2015-07-28,2015-07-29
0.0412540599296228,208000,0,-0.03300920424612251,-0.03300920424612251,0.10691463408452431,D-1 estimated accounting; fill-day constraints require ledger audit,adaptive,V4_CAUSAL_7_EXPERTS_RIDGE_ANCHOR20,disabled,2015-07-28,risk_off,0.021813656981539635,-0.04595934862479062,-0.06860869951503146,0.11940298507462686,0.08832537119841807,0.1044776119402985,0.1044776119402985,2015-07-27,2015-07-27,"{""long_momentum"": 0.14257153657585492, ""mean_reversion"": 0.09577605327517974, ""medium_momentum"": 0.1283636921889268, ""ridge"": 0.1483523881892691, ""risk_adjusted"": 0.1352830349148364, ""short_momentum"": 0.10323842658893598, ""trend"": 0.13987477198286358, ""volume_momentum"": 0.10654009628413348}",0.11994056636951507,0.44429085701861737,-0.23806063309390718,0.1312905204265059,3131.TWO,2015-07-28,2015-07-29
0.0,0,-408000,-0.14918489591427028,-0.14918489591427028,0.3748207533506932,D-1 estimated accounting; fill-day constraints require ledger audit,adaptive,V4_CAUSAL_7_EXPERTS_RIDGE_ANCHOR20,disabled,2015-07-28,risk_off,0.021813656981539635,-0.04595934862479062,-0.06860869951503146,0.11940298507462686,0.08832537119841807,0.1044776119402985,0.1044776119402985,2015-07-27,2015-07-27,"{""long_momentum"": 0.14257153657585492, ""mean_reversion"": 0.09577605327517974, ""medium_momentum"": 0.1283636921889268, ""ridge"": 0.1483523881892691, ""risk_adjusted"": 0.1352830349148364, ""short_momentum"": 0.10323842658893598, ""trend"": 0.13987477198286358, ""volume_momentum"": 0.10654009628413348}",0.1783752763529715,0.8084478934496405,-0.433312841704129,0.09419134570043222,3227.TWO,2015-07-28,2015-07-29
0.03948979757451903,1197000,0,-0.06172633363121964,-0.06172633363121964,0.22806076930864644,D-1 estimated accounting; fill-day constraints require ledger audit,adaptive,V4_CAUSAL_7_EXPERTS_RIDGE_ANCHOR20,disabled,2015-07-28,risk_off,0.021813656981539635,-0.04595934862479062,-0.06860869951503146,0.11940298507462686,0.08832537119841807,0.1044776119402985,0.1044776119402985,2015-07-27,2015-07-27,"{""long_momentum"": 0.14257153657585492, ""mean_reversion"": 0.09577605327517974, ""medium_momentum"": 0.1283636921889268, ""ridge"": 0.1483523881892691, ""risk_adjusted"": 0.1352830349148364, ""short_momentum"": 0.10323842658893598, ""trend"": 0.13987477198286358, ""volume_momentum"": 0.10654009628413348}",0.16981046322914342,0.8084478934496405,-0.3355429239018246,0.17133855246422913,3363.TWO,2015-07-28,2015-07-29
0.040691178933311895,248000,0,-0.10543538671929555,-0.10543538671929555,0.1422537789897721,D-1 estimated accounting; fill-day constraints require ledger audit,adaptive,V4_CAUSAL_7_EXPERTS_RIDGE_ANCHOR20,disabled,2015-07-28,risk_off,0.021813656981539635,-0.04595934862479062,-0.06860869951503146,0.11940298507462686,0.08832537119841807,0.1044776119402985,0.1044776119402985,2015-07-27,2015-07-27,"{""long_momentum"": 0.14257153657585492, ""mean_reversion"": 0.09577605327517974, ""medium_momentum"": 0.1283636921889268, ""ridge"": 0.1483523881892691, ""risk_adjusted"": 0.1352830349148364, ""short_momentum"": 0.10323842658893598, ""trend"": 0.13987477198286358, ""volume_momentum"": 0.10654009628413348}",0.2868443863456313,0.5117431170711023,-0.5097845781533479,0.25816210053960054,3665.TW,2015-07-28,2015-07-29
0.0455058582917567,553000,0,0.03400925861522252,0.03400925861522252,0.22493849361441245,D-1 estimated accounting; fill-day constraints require ledger audit,adaptive,V4_CAUSAL_7_EXPERTS_RIDGE_ANCHOR20,disabled,2015-07-28,risk_off,0.021813656981539635,-0.04595934862479062,-0.06860869951503146,0.11940298507462686,0.08832537119841807,0.1044776119402985,0.1044776119402985,2015-07-27,2015-07-27,"{""long_momentum"": 0.14257153657585492, ""mean_reversion"": 0.09577605327517974, ""medium_momentum"": 0.1283636921889268, ""ridge"": 0.1483523881892691, ""risk_adjusted"": 0.1352830349148364, ""short_momentum"": 0.10323842658893598, ""trend"": 0.13987477198286358, ""volume_momentum"": 0.10654009628413348}",0.10119330274170221,0.8084478934496405,-0.12952289004911563,0.15678970310440446,4904.TW,2015-07-28,2015-07-29
0.034751931572237445,457000,0,-0.1806866986885579,-0.1806866986885579,0.23871371231644262,D-1 estimated accounting; fill-day constraints require ledger audit,adaptive,V4_CAUSAL_7_EXPERTS_RIDGE_ANCHOR20,disabled,2015-07-28,risk_off,0.021813656981539635,-0.04595934862479062,-0.06860869951503146,0.11940298507462686,0.08832537119841807,0.1044776119402985,0.1044776119402985,2015-07-27,2015-07-27,"{""long_momentum"": 0.14257153657585492, ""mean_reversion"": 0.09577605327517974, ""medium_momentum"": 0.1283636921889268, ""ridge"": 0.1483523881892691, ""risk_adjusted"": 0.1352830349148364, ""short_momentum"": 0.10323842658893598, ""trend"": 0.13987477198286358, ""volume_momentum"": 0.10654009628413348}",0.2007702088778066,0.4968183704435898,-0.4908925334363091,0.08876743188403713,4979.TWO,2015-07-28,2015-07-29
0.04158667142744288,121000,0,-0.12112111161594828,-0.12112111161594828,0.3058587935995399,D-1 estimated accounting; fill-day constraints require ledger audit,adaptive,V4_CAUSAL_7_EXPERTS_RIDGE_ANCHOR20,disabled,2015-07-28,risk_off,0.021813656981539635,-0.04595934862479062,-0.06860869951503146,0.11940298507462686,0.08832537119841807,0.1044776119402985,0.1044776119402985,2015-07-27,2015-07-27,"{""long_momentum"": 0.14257153657585492, ""mean_reversion"": 0.09577605327517974, ""medium_momentum"": 0.1283636921889268, ""ridge"": 0.1483523881892691, ""risk_adjusted"": 0.1352830349148364, ""short_momentum"": 0.10323842658893598, ""trend"": 0.13987477198286358, ""volume_momentum"": 0.10654009628413348}",0.16388322127716076,0.7032952236214619,-0.387655808775339,0.10466188136828626,5274.TWO,2015-07-28,2015-07-29
0.03643181863456088,618000,0,-0.08559452633126781,-0.08559452633126781,0.14782399045273542,D-1 estimated accounting; fill-day constraints require ledger audit,adaptive,V4_CAUSAL_7_EXPERTS_RIDGE_ANCHOR20,disabled,2015-07-28,risk_off,0.021813656981539635,-0.04595934862479062,-0.06860869951503146,0.11940298507462686,0.08832537119841807,0.1044776119402985,0.1044776119402985,2015-07-27,2015-07-27,"{""long_momentum"": 0.14257153657585492, ""mean_reversion"": 0.09577605327517974, ""medium_momentum"": 0.1283636921889268, ""ridge"": 0.1483523881892691, ""risk_adjusted"": 0.1352830349148364, ""short_momentum"": 0.10323842658893598, ""trend"": 0.13987477198286358, ""volume_momentum"": 0.10654009628413348}",0.2230292985455633,0.5117431170711023,-0.42084135039207016,0.20890059355437834,6239.TW,2015-07-28,2015-07-29
0.04465403171733953,521000,0,-0.022054115792321603,-0.022054115792321603,0.17303421703043945,D-1 estimated accounting; fill-day constraints require ledger audit,adaptive,V4_CAUSAL_7_EXPERTS_RIDGE_ANCHOR20,disabled,2015-07-28,risk_off,0.021813656981539635,-0.04595934862479062,-0.06860869951503146,0.11940298507462686,0.08832537119841807,0.1044776119402985,0.1044776119402985,2015-07-27,2015-07-27,"{""long_momentum"": 0.14257153657585492, ""mean_reversion"": 0.09577605327517974, ""medium_momentum"": 0.1283636921889268, ""ridge"": 0.1483523881892691, ""risk_adjusted"": 0.1352830349148364, ""short_momentum"": 0.10323842658893598, ""trend"": 0.13987477198286358, ""volume_momentum"": 0.10654009628413348}",0.09934772135181648,0.8084478934496405,-0.17834111330131927,0.09348117754151983,6505.TW,2015-07-28,2015-07-29
0.0388556751753417,2920000,0,-0.09129293644166925,-0.09129293644166925,0.2195729254585871,D-1 estimated accounting; fill-day constraints require ledger audit,adaptive,V4_CAUSAL_7_EXPERTS_RIDGE_ANCHOR20,disabled,2015-07-28,risk_off,0.021813656981539635,-0.04595934862479062,-0.06860869951503146,0.11940298507462686,0.08832537119841807,0.1044776119402985,0.1044776119402985,2015-07-27,2015-07-27,"{""long_momentum"": 0.14257153657585492, ""mean_reversion"": 0.09577605327517974, ""medium_momentum"": 0.1283636921889268, ""ridge"": 0.1483523881892691, ""risk_adjusted"": 0.1352830349148364, ""short_momentum"": 0.10323842658893598, ""trend"": 0.13987477198286358, ""volume_momentum"": 0.10654009628413348}",0.2582490520924784,0.8084478934496405,-0.46504087604587413,0.2417032989873794,8069.TWO,2015-07-28,2015-07-29
