target_weight,target_shares,order_shares,expected_return,score,confidence,reason,family,model_ensemble_id,regime,observed_date,prior_regime,market_volatility,median_R5,median_R20,breadth,dispersion,above_EMA20,above_EMA50,model_train_end,latest_label_end,expert_weights,symbol,signal_date,decision_date
0.04124714999999999,570000,570000,0.03333333333333334,0.866161616161616,1.0,D-1 estimated accounting; fill-day constraints require ledger audit,momentum,V4_MOMENTUM_full,disabled,2014-12-31,risk_on,0.015134139321802818,0.008719909405504822,0.013216116621443286,0.7121212121212122,0.06878435588365131,0.8636363636363636,0.8333333333333334,,,{},1301.TW,2014-12-31,2015-01-05
0.04128605,1671000,1671000,0.04242424242424242,1.0777777777777777,1.0,D-1 estimated accounting; fill-day constraints require ledger audit,momentum,V4_MOMENTUM_full,disabled,2014-12-31,risk_on,0.015134139321802818,0.008719909405504822,0.013216116621443286,0.7121212121212122,0.06878435588365131,0.8636363636363636,0.8333333333333334,,,{},1802.TW,2014-12-31,2015-01-05
0.0412335,808000,808000,0.041666666666666664,1.0707070707070707,1.0,D-1 estimated accounting; fill-day constraints require ledger audit,momentum,V4_MOMENTUM_full,disabled,2014-12-31,risk_on,0.015134139321802818,0.008719909405504822,0.013216116621443286,0.7121212121212122,0.06878435588365131,0.8636363636363636,0.8333333333333334,,,{},2327.TW,2014-12-31,2015-01-05
0.041285475,5957000,5957000,0.0393939393939394,1.0398989898989897,1.0,D-1 estimated accounting; fill-day constraints require ledger audit,momentum,V4_MOMENTUM_full,disabled,2014-12-31,risk_on,0.015134139321802818,0.008719909405504822,0.013216116621443286,0.7121212121212122,0.06878435588365131,0.8636363636363636,0.8333333333333334,,,{},2337.TW,2014-12-31,2015-01-05
0.041278825,3804000,3804000,0.04924242424242425,1.175757575757576,1.0,D-1 estimated accounting; fill-day constraints require ledger audit,momentum,V4_MOMENTUM_full,disabled,2014-12-31,risk_on,0.015134139321802818,0.008719909405504822,0.013216116621443286,0.7121212121212122,0.06878435588365131,0.8636363636363636,0.8333333333333334,,,{},2344.TW,2014-12-31,2015-01-05
0.041272,2579000,2579000,0.04469696969696971,1.0994949494949497,1.0,D-1 estimated accounting; fill-day constraints require ledger audit,momentum,V4_MOMENTUM_full,disabled,2014-12-31,risk_on,0.015134139321802818,0.008719909405504822,0.013216116621443286,0.7121212121212122,0.06878435588365131,0.8636363636363636,0.8333333333333334,,,{},2345.TW,2014-12-31,2015-01-05
0.04115475,175000,175000,0.043939393939393945,1.0914141414141414,1.0,D-1 estimated accounting; fill-day constraints require ledger audit,momentum,V4_MOMENTUM_full,disabled,2014-12-31,risk_on,0.015134139321802818,0.008719909405504822,0.013216116621443286,0.7121212121212122,0.06878435588365131,0.8636363636363636,0.8333333333333334,,,{},2395.TW,2014-12-31,2015-01-05
0.0412695,509000,509000,0.04772727272727273,1.151010101010101,1.0,D-1 estimated accounting; fill-day constraints require ledger audit,momentum,V4_MOMENTUM_full,disabled,2014-12-31,risk_on,0.015134139321802818,0.008719909405504822,0.013216116621443286,0.7121212121212122,0.06878435588365131,0.8636363636363636,0.8333333333333334,,,{},2408.TW,2014-12-31,2015-01-05
0.041272,1842000,1842000,0.038636363636363635,1.003030303030303,1.0,D-1 estimated accounting; fill-day constraints require ledger audit,momentum,V4_MOMENTUM_full,disabled,2014-12-31,risk_on,0.015134139321802818,0.008719909405504822,0.013216116621443286,0.7121212121212122,0.06878435588365131,0.8636363636363636,0.8333333333333334,,,{},2603.TW,2014-12-31,2015-01-05
0.041274075,2449000,2449000,0.04848484848484849,1.1691919191919193,1.0,D-1 estimated accounting; fill-day constraints require ledger audit,momentum,V4_MOMENTUM_full,disabled,2014-12-31,risk_on,0.015134139321802818,0.008719909405504822,0.013216116621443286,0.7121212121212122,0.06878435588365131,0.8636363636363636,0.8333333333333334,,,{},2609.TW,2014-12-31,2015-01-05
0.04128875,2847000,2847000,0.034090909090909095,0.9171717171717171,1.0,D-1 estimated accounting; fill-day constraints require ledger audit,momentum,V4_MOMENTUM_full,disabled,2014-12-31,risk_on,0.015134139321802818,0.008719909405504822,0.013216116621443286,0.7121212121212122,0.06878435588365131,0.8636363636363636,0.8333333333333334,,,{},2610.TW,2014-12-31,2015-01-05
0.041276525,1863000,1863000,0.03787878787878788,0.9499999999999997,1.0,D-1 estimated accounting; fill-day constraints require ledger audit,momentum,V4_MOMENTUM_full,disabled,2014-12-31,risk_on,0.015134139321802818,0.008719909405504822,0.013216116621443286,0.7121212121212122,0.06878435588365131,0.8636363636363636,0.8333333333333334,,,{},2618.TW,2014-12-31,2015-01-05
0.041207,231000,231000,0.035606060606060606,0.9343434343434343,1.0,D-1 estimated accounting; fill-day constraints require ledger audit,momentum,V4_MOMENTUM_full,disabled,2014-12-31,risk_on,0.015134139321802818,0.008719909405504822,0.013216116621443286,0.7121212121212122,0.06878435588365131,0.8636363636363636,0.8333333333333334,,,{},3034.TW,2014-12-31,2015-01-05
0.04122525,394000,394000,0.037121212121212124,0.9484848484848485,1.0,D-1 estimated accounting; fill-day constraints require ledger audit,momentum,V4_MOMENTUM_full,disabled,2014-12-31,risk_on,0.015134139321802818,0.008719909405504822,0.013216116621443286,0.7121212121212122,0.06878435588365131,0.8636363636363636,0.8333333333333334,,,{},3045.TW,2014-12-31,2015-01-05
0.0412251,703000,703000,0.04090909090909091,1.0636363636363637,1.0,D-1 estimated accounting; fill-day constraints require ledger audit,momentum,V4_MOMENTUM_full,disabled,2014-12-31,risk_on,0.015134139321802818,0.008719909405504822,0.013216116621443286,0.7121212121212122,0.06878435588365131,0.8636363636363636,0.8333333333333334,,,{},3260.TWO,2014-12-31,2015-01-05
0.04127565,1189000,1189000,0.046969696969696974,1.1484848484848484,1.0,D-1 estimated accounting; fill-day constraints require ledger audit,momentum,V4_MOMENTUM_full,disabled,2014-12-31,risk_on,0.015134139321802818,0.008719909405504822,0.013216116621443286,0.7121212121212122,0.06878435588365131,0.8636363636363636,0.8333333333333334,,,{},3363.TWO,2014-12-31,2015-01-05
0.0412335,808000,808000,0.05,1.188383838383838,1.0,D-1 estimated accounting; fill-day constraints require ledger audit,momentum,V4_MOMENTUM_full,disabled,2014-12-31,risk_on,0.015134139321802818,0.008719909405504822,0.013216116621443286,0.7121212121212122,0.06878435588365131,0.8636363636363636,0.8333333333333334,,,{},3680.TWO,2014-12-31,2015-01-05
0.0412815,565000,565000,0.03636363636363637,0.9368686868686869,1.0,D-1 estimated accounting; fill-day constraints require ledger audit,momentum,V4_MOMENTUM_full,disabled,2014-12-31,risk_on,0.015134139321802818,0.008719909405504822,0.013216116621443286,0.7121212121212122,0.06878435588365131,0.8636363636363636,0.8333333333333334,,,{},4904.TW,2014-12-31,2015-01-05
0.04127535,684000,684000,0.04015151515151515,1.0474747474747472,1.0,D-1 estimated accounting; fill-day constraints require ledger audit,momentum,V4_MOMENTUM_full,disabled,2014-12-31,risk_on,0.015134139321802818,0.008719909405504822,0.013216116621443286,0.7121212121212122,0.06878435588365131,0.8636363636363636,0.8333333333333334,,,{},4979.TWO,2014-12-31,2015-01-05
0.04123855,788000,788000,0.04545454545454546,1.106060606060606,1.0,D-1 estimated accounting; fill-day constraints require ledger audit,momentum,V4_MOMENTUM_full,disabled,2014-12-31,risk_on,0.015134139321802818,0.008719909405504822,0.013216116621443286,0.7121212121212122,0.06878435588365131,0.8636363636363636,0.8333333333333334,,,{},5347.TWO,2014-12-31,2015-01-05
0.04122615,745000,745000,0.03484848484848485,0.9272727272727274,1.0,D-1 estimated accounting; fill-day constraints require ledger audit,momentum,V4_MOMENTUM_full,disabled,2014-12-31,risk_on,0.015134139321802818,0.008719909405504822,0.013216116621443286,0.7121212121212122,0.06878435588365131,0.8636363636363636,0.8333333333333334,,,{},5483.TWO,2014-12-31,2015-01-05
0.041274675,2671000,2671000,0.04621212121212122,1.144949494949495,1.0,D-1 estimated accounting; fill-day constraints require ledger audit,momentum,V4_MOMENTUM_full,disabled,2014-12-31,risk_on,0.015134139321802818,0.008719909405504822,0.013216116621443286,0.7121212121212122,0.06878435588365131,0.8636363636363636,0.8333333333333334,,,{},6182.TWO,2014-12-31,2015-01-05
0.0406441953168503,570000,0,0.008333333333333337,0.6510101010101009,1.0,D-1 estimated accounting; fill-day constraints require ledger audit,momentum,V4_MOMENTUM_full,disabled,2015-01-05,risk_on,0.014754078076557885,0.009892996598376835,0.009504423678468266,0.7424242424242424,0.06831789194829804,0.7727272727272727,0.7954545454545454,,,{},1301.TW,2015-01-05,2015-01-06
0.04030496849960321,1671000,0,0.031060606060606056,0.9297979797979798,1.0,D-1 estimated accounting; fill-day constraints require ledger audit,momentum,V4_MOMENTUM_full,disabled,2015-01-05,risk_on,0.014754078076557885,0.009892996598376835,0.009504423678468266,0.7424242424242424,0.06831789194829804,0.7727272727272727,0.7954545454545454,,,{},1802.TW,2015-01-05,2015-01-06
0.03991724156389672,808000,0,0.0030303030303030277,0.6020202020202021,1.0,D-1 estimated accounting; fill-day constraints require ledger audit,momentum,V4_MOMENTUM_full,disabled,2015-01-05,risk_on,0.014754078076557885,0.009892996598376835,0.009504423678468266,0.7424242424242424,0.06831789194829804,0.7727272727272727,0.7954545454545454,,,{},2327.TW,2015-01-05,2015-01-06
0.04190883528292462,5957000,0,0.04469696969696971,1.069191919191919,1.0,D-1 estimated accounting; fill-day constraints require ledger audit,momentum,V4_MOMENTUM_full,disabled,2015-01-05,risk_on,0.014754078076557885,0.009892996598376835,0.009504423678468266,0.7424242424242424,0.06831789194829804,0.7727272727272727,0.7954545454545454,,,{},2337.TW,2015-01-05,2015-01-06
0.042646849155341976,3804000,0,0.04848484848484849,1.1767676767676767,1.0,D-1 estimated accounting; fill-day constraints require ledger audit,momentum,V4_MOMENTUM_full,disabled,2015-01-05,risk_on,0.014754078076557885,0.009892996598376835,0.009504423678468266,0.7424242424242424,0.06831789194829804,0.7727272727272727,0.7954545454545454,,,{},2344.TW,2015-01-05,2015-01-06
0.04138073948870827,2579000,0,0.03636363636363637,0.9734848484848486,1.0,D-1 estimated accounting; fill-day constraints require ledger audit,momentum,V4_MOMENTUM_full,disabled,2015-01-05,risk_on,0.014754078076557885,0.009892996598376835,0.009504423678468266,0.7424242424242424,0.06831789194829804,0.7727272727272727,0.7954545454545454,,,{},2345.TW,2015-01-05,2015-01-06
0.04118175697907619,175000,0,0.04621212121212122,1.079292929292929,1.0,D-1 estimated accounting; fill-day constraints require ledger audit,momentum,V4_MOMENTUM_full,disabled,2015-01-05,risk_on,0.014754078076557885,0.009892996598376835,0.009504423678468266,0.7424242424242424,0.06831789194829804,0.7727272727272727,0.7954545454545454,,,{},2395.TW,2015-01-05,2015-01-06
0.04396417414994307,509000,0,0.04924242424242425,1.1797979797979798,1.0,D-1 estimated accounting; fill-day constraints require ledger audit,momentum,V4_MOMENTUM_full,disabled,2015-01-05,risk_on,0.014754078076557885,0.009892996598376835,0.009504423678468266,0.7424242424242424,0.06831789194829804,0.7727272727272727,0.7954545454545454,,,{},2408.TW,2015-01-05,2015-01-06
0.041215510271583884,1842000,0,0.038636363636363635,1.0101010101010102,1.0,D-1 estimated accounting; fill-day constraints require ledger audit,momentum,V4_MOMENTUM_full,disabled,2015-01-05,risk_on,0.014754078076557885,0.009892996598376835,0.009504423678468266,0.7424242424242424,0.06831789194829804,0.7727272727272727,0.7954545454545454,,,{},2603.TW,2015-01-05,2015-01-06
0.04112578380692505,2449000,0,0.04772727272727273,1.1116161616161617,1.0,D-1 estimated accounting; fill-day constraints require ledger audit,momentum,V4_MOMENTUM_full,disabled,2015-01-05,risk_on,0.014754078076557885,0.009892996598376835,0.009504423678468266,0.7424242424242424,0.06831789194829804,0.7727272727272727,0.7954545454545454,,,{},2609.TW,2015-01-05,2015-01-06
0.04213345036671938,2847000,0,0.04015151515151515,1.0174242424242426,1.0,D-1 estimated accounting; fill-day constraints require ledger audit,momentum,V4_MOMENTUM_full,disabled,2015-01-05,risk_on,0.014754078076557885,0.009892996598376835,0.009504423678468266,0.7424242424242424,0.06831789194829804,0.7727272727272727,0.7954545454545454,,,{},2610.TW,2015-01-05,2015-01-06
0.04270650903398104,1863000,0,0.041666666666666664,1.0575757575757576,1.0,D-1 estimated accounting; fill-day constraints require ledger audit,momentum,V4_MOMENTUM_full,disabled,2015-01-05,risk_on,0.014754078076557885,0.009892996598376835,0.009504423678468266,0.7424242424242424,0.06831789194829804,0.7727272727272727,0.7954545454545454,,,{},2618.TW,2015-01-05,2015-01-06
0.04059761328217178,231000,0,0.012878787878787878,0.6671717171717172,1.0,D-1 estimated accounting; fill-day constraints require ledger audit,momentum,V4_MOMENTUM_full,disabled,2015-01-05,risk_on,0.014754078076557885,0.009892996598376835,0.009504423678468266,0.7424242424242424,0.06831789194829804,0.7727272727272727,0.7954545454545454,,,{},3034.TW,2015-01-05,2015-01-06
0.04088059291529903,394000,0,0.03181818181818182,0.9353535353535354,1.0,D-1 estimated accounting; fill-day constraints require ledger audit,momentum,V4_MOMENTUM_full,disabled,2015-01-05,risk_on,0.014754078076557885,0.009892996598376835,0.009504423678468266,0.7424242424242424,0.06831789194829804,0.7727272727272727,0.7954545454545454,,,{},3045.TW,2015-01-05,2015-01-06
0.04149756822808915,703000,0,0.04318181818181818,1.0595959595959594,1.0,D-1 estimated accounting; fill-day constraints require ledger audit,momentum,V4_MOMENTUM_full,disabled,2015-01-05,risk_on,0.014754078076557885,0.009892996598376835,0.009504423678468266,0.7424242424242424,0.06831789194829804,0.7727272727272727,0.7954545454545454,,,{},3260.TWO,2015-01-05,2015-01-06
0.04071252393777178,1189000,0,0.04090909090909091,1.0484848484848486,1.0,D-1 estimated accounting; fill-day constraints require ledger audit,momentum,V4_MOMENTUM_full,disabled,2015-01-05,risk_on,0.014754078076557885,0.009892996598376835,0.009504423678468266,0.7424242424242424,0.06831789194829804,0.7727272727272727,0.7954545454545454,,,{},3363.TWO,2015-01-05,2015-01-06
0.04164927121803149,808000,0,0.05,1.1984848484848485,1.0,D-1 estimated accounting; fill-day constraints require ledger audit,momentum,V4_MOMENTUM_full,disabled,2015-01-05,risk_on,0.014754078076557885,0.009892996598376835,0.009504423678468266,0.7424242424242424,0.06831789194829804,0.7727272727272727,0.7954545454545454,,,{},3680.TWO,2015-01-05,2015-01-06
0.03978085833402245,565000,0,-0.0060606060606060615,0.5035353535353536,1.0,D-1 estimated accounting; fill-day constraints require ledger audit,momentum,V4_MOMENTUM_full,disabled,2015-01-05,risk_on,0.014754078076557885,0.009892996598376835,0.009504423678468266,0.7424242424242424,0.06831789194829804,0.7727272727272727,0.7954545454545454,,,{},4904.TW,2015-01-05,2015-01-06
0.04296856411677142,684000,0,0.043939393939393945,1.065151515151515,1.0,D-1 estimated accounting; fill-day constraints require ledger audit,momentum,V4_MOMENTUM_full,disabled,2015-01-05,risk_on,0.014754078076557885,0.009892996598376835,0.009504423678468266,0.7424242424242424,0.06831789194829804,0.7727272727272727,0.7954545454545454,,,{},4979.TWO,2015-01-05,2015-01-06
0.04140465326052184,788000,0,0.04545454545454546,1.076262626262626,1.0,D-1 estimated accounting; fill-day constraints require ledger audit,momentum,V4_MOMENTUM_full,disabled,2015-01-05,risk_on,0.014754078076557885,0.009892996598376835,0.009504423678468266,0.7424242424242424,0.06831789194829804,0.7727272727272727,0.7954545454545454,,,{},5347.TWO,2015-01-05,2015-01-06
0.04055805591796349,745000,0,0.010984848484848486,0.658080808080808,1.0,D-1 estimated accounting; fill-day constraints require ledger audit,momentum,V4_MOMENTUM_full,disabled,2015-01-05,risk_on,0.014754078076557885,0.009892996598376835,0.009504423678468266,0.7424242424242424,0.06831789194829804,0.7727272727272727,0.7954545454545454,,,{},5483.TWO,2015-01-05,2015-01-06
0.04032781113372096,2671000,0,0.02727272727272727,0.8212121212121213,1.0,D-1 estimated accounting; fill-day constraints require ledger audit,momentum,V4_MOMENTUM_full,disabled,2015-01-05,risk_on,0.014754078076557885,0.009892996598376835,0.009504423678468266,0.7424242424242424,0.06831789194829804,0.7727272727272727,0.7954545454545454,,,{},6182.TWO,2015-01-05,2015-01-06
0.040123110206378224,570000,0,-0.01666666666666667,0.45606060606060606,1.0,D-1 estimated accounting; fill-day constraints require ledger audit,momentum,V4_MOMENTUM_full,disabled,2015-01-06,neutral,0.015549313605727783,-0.009823783006795372,-0.008587488839407187,0.36363636363636365,0.06515262838543079,0.4696969696969697,0.5151515151515151,,,{},1301.TW,2015-01-06,2015-01-07
0.039526122929825096,1671000,0,-0.010606060606060608,0.5106060606060605,1.0,D-1 estimated accounting; fill-day constraints require ledger audit,momentum,V4_MOMENTUM_full,disabled,2015-01-06,neutral,0.015549313605727783,-0.009823783006795372,-0.008587488839407187,0.36363636363636365,0.06515262838543079,0.4696969696969697,0.5151515151515151,,,{},1802.TW,2015-01-06,2015-01-07
0.03926745732267592,808000,0,-0.023484848484848487,0.3883838383838384,1.0,D-1 estimated accounting; fill-day constraints require ledger audit,momentum,V4_MOMENTUM_full,disabled,2015-01-06,neutral,0.015549313605727783,-0.009823783006795372,-0.008587488839407187,0.36363636363636365,0.06515262838543079,0.4696969696969697,0.5151515151515151,,,{},2327.TW,2015-01-06,2015-01-07
0.042081105141629466,5957000,0,0.043939393939393945,1.0727272727272725,1.0,D-1 estimated accounting; fill-day constraints require ledger audit,momentum,V4_MOMENTUM_full,disabled,2015-01-06,neutral,0.015549313605727783,-0.009823783006795372,-0.008587488839407187,0.36363636363636365,0.06515262838543079,0.4696969696969697,0.5151515151515151,,,{},2337.TW,2015-01-06,2015-01-07
0.041686545171075055,3804000,0,0.038636363636363635,1.0085858585858587,1.0,D-1 estimated accounting; fill-day constraints require ledger audit,momentum,V4_MOMENTUM_full,disabled,2015-01-06,neutral,0.015549313605727783,-0.009823783006795372,-0.008587488839407187,0.36363636363636365,0.06515262838543079,0.4696969696969697,0.5151515151515151,,,{},2344.TW,2015-01-06,2015-01-07
0.04127860726300185,2579000,0,0.037121212121212124,0.9868686868686868,1.0,D-1 estimated accounting; fill-day constraints require ledger audit,momentum,V4_MOMENTUM_full,disabled,2015-01-06,neutral,0.015549313605727783,-0.009823783006795372,-0.008587488839407187,0.36363636363636365,0.06515262838543079,0.4696969696969697,0.5151515151515151,,,{},2345.TW,2015-01-06,2015-01-07
0.04033792166025149,175000,0,0.01515151515151515,0.7202020202020203,1.0,D-1 estimated accounting; fill-day constraints require ledger audit,momentum,V4_MOMENTUM_full,disabled,2015-01-06,neutral,0.015549313605727783,-0.009823783006795372,-0.008587488839407187,0.36363636363636365,0.06515262838543079,0.4696969696969697,0.5151515151515151,,,{},2395.TW,2015-01-06,2015-01-07
0.042895732350274114,509000,0,0.04242424242424242,1.0550505050505048,1.0,D-1 estimated accounting; fill-day constraints require ledger audit,momentum,V4_MOMENTUM_full,disabled,2015-01-06,neutral,0.015549313605727783,-0.009823783006795372,-0.008587488839407187,0.36363636363636365,0.06515262838543079,0.4696969696969697,0.5151515151515151,,,{},2408.TW,2015-01-06,2015-01-07
0.041691768937153824,1842000,0,0.02803030303030303,0.861111111111111,1.0,D-1 estimated accounting; fill-day constraints require ledger audit,momentum,V4_MOMENTUM_full,disabled,2015-01-06,neutral,0.015549313605727783,-0.009823783006795372,-0.008587488839407187,0.36363636363636365,0.06515262838543079,0.4696969696969697,0.5151515151515151,,,{},2603.TW,2015-01-06,2015-01-07
0.041570144373768644,2449000,0,0.034090909090909095,0.9550505050505049,1.0,D-1 estimated accounting; fill-day constraints require ledger audit,momentum,V4_MOMENTUM_full,disabled,2015-01-06,neutral,0.015549313605727783,-0.009823783006795372,-0.008587488839407187,0.36363636363636365,0.06515262838543079,0.4696969696969697,0.5151515151515151,,,{},2609.TW,2015-01-06,2015-01-07
0.04382586849372394,2847000,0,0.04545454545454546,1.088888888888889,1.0,D-1 estimated accounting; fill-day constraints require ledger audit,momentum,V4_MOMENTUM_full,disabled,2015-01-06,neutral,0.015549313605727783,-0.009823783006795372,-0.008587488839407187,0.36363636363636365,0.06515262838543079,0.4696969696969697,0.5151515151515151,,,{},2610.TW,2015-01-06,2015-01-07
0.043591512510180355,1863000,0,0.04318181818181818,1.0641414141414143,1.0,D-1 estimated accounting; fill-day constraints require ledger audit,momentum,V4_MOMENTUM_full,disabled,2015-01-06,neutral,0.015549313605727783,-0.009823783006795372,-0.008587488839407187,0.36363636363636365,0.06515262838543079,0.4696969696969697,0.5151515151515151,,,{},2618.TW,2015-01-06,2015-01-07
0.04152919514406825,231000,0,0.02045454545454546,0.7575757575757577,1.0,D-1 estimated accounting; fill-day constraints require ledger audit,momentum,V4_MOMENTUM_full,disabled,2015-01-06,neutral,0.015549313605727783,-0.009823783006795372,-0.008587488839407187,0.36363636363636365,0.06515262838543079,0.4696969696969697,0.5151515151515151,,,{},3034.TW,2015-01-06,2015-01-07
0.04081341178234819,394000,0,0.015909090909090907,0.7267676767676767,1.0,D-1 estimated accounting; fill-day constraints require ledger audit,momentum,V4_MOMENTUM_full,disabled,2015-01-06,neutral,0.015549313605727783,-0.009823783006795372,-0.008587488839407187,0.36363636363636365,0.06515262838543079,0.4696969696969697,0.5151515151515151,,,{},3045.TW,2015-01-06,2015-01-07
0.0431694576928016,568000,568000,0.04924242424242425,1.1656565656565656,1.0,D-1 estimated accounting; fill-day constraints require ledger audit,momentum,V4_MOMENTUM_full,disabled,2015-01-06,neutral,0.015549313605727783,-0.009823783006795372,-0.008587488839407187,0.36363636363636365,0.06515262838543079,0.4696969696969697,0.5151515151515151,,,{},3227.TWO,2015-01-06,2015-01-07
0.04144592066823695,703000,0,0.0393939393939394,1.0090909090909093,1.0,D-1 estimated accounting; fill-day constraints require ledger audit,momentum,V4_MOMENTUM_full,disabled,2015-01-06,neutral,0.015549313605727783,-0.009823783006795372,-0.008587488839407187,0.36363636363636365,0.06515262838543079,0.4696969696969697,0.5151515151515151,,,{},3260.TWO,2015-01-06,2015-01-07
0.04061618276064249,1189000,0,0.03484848484848485,0.9646464646464645,1.0,D-1 estimated accounting; fill-day constraints require ledger audit,momentum,V4_MOMENTUM_full,disabled,2015-01-06,neutral,0.015549313605727783,-0.009823783006795372,-0.008587488839407187,0.36363636363636365,0.06515262838543079,0.4696969696969697,0.5151515151515151,,,{},3363.TWO,2015-01-06,2015-01-07
0.042604985174865585,808000,0,0.05,1.2171717171717173,1.0,D-1 estimated accounting; fill-day constraints require ledger audit,momentum,V4_MOMENTUM_full,disabled,2015-01-06,neutral,0.015549313605727783,-0.009823783006795372,-0.008587488839407187,0.36363636363636365,0.06515262838543079,0.4696969696969697,0.5151515151515151,,,{},3680.TWO,2015-01-06,2015-01-07
0.04000202076049379,565000,0,-0.0060606060606060615,0.5474747474747474,1.0,D-1 estimated accounting; fill-day constraints require ledger audit,momentum,V4_MOMENTUM_full,disabled,2015-01-06,neutral,0.015549313605727783,-0.009823783006795372,-0.008587488839407187,0.36363636363636365,0.06515262838543079,0.4696969696969697,0.5151515151515151,,,{},4904.TW,2015-01-06,2015-01-07
0.04283824544162192,684000,0,0.041666666666666664,1.054040404040404,1.0,D-1 estimated accounting; fill-day constraints require ledger audit,momentum,V4_MOMENTUM_full,disabled,2015-01-06,neutral,0.015549313605727783,-0.009823783006795372,-0.008587488839407187,0.36363636363636365,0.06515262838543079,0.4696969696969697,0.5151515151515151,,,{},4979.TWO,2015-01-06,2015-01-07
0.0410688412027071,788000,0,0.02272727272727273,0.7959595959595959,1.0,D-1 estimated accounting; fill-day constraints require ledger audit,momentum,V4_MOMENTUM_full,disabled,2015-01-06,neutral,0.015549313605727783,-0.009823783006795372,-0.008587488839407187,0.36363636363636365,0.06515262838543079,0.4696969696969697,0.5151515151515151,,,{},5347.TWO,2015-01-06,2015-01-07
0.0,0,-745000,-0.025,0.36111111111111116,1.0,D-1 estimated accounting; fill-day constraints require ledger audit,momentum,V4_MOMENTUM_full,disabled,2015-01-06,neutral,0.015549313605727783,-0.009823783006795372,-0.008587488839407187,0.36363636363636365,0.06515262838543079,0.4696969696969697,0.5151515151515151,,,{},5483.TWO,2015-01-06,2015-01-07
0.038802516659879764,2671000,0,0.002272727272727271,0.601010101010101,1.0,D-1 estimated accounting; fill-day constraints require ledger audit,momentum,V4_MOMENTUM_full,disabled,2015-01-06,neutral,0.015549313605727783,-0.009823783006795372,-0.008587488839407187,0.36363636363636365,0.06515262838543079,0.4696969696969697,0.5151515151515151,,,{},6182.TWO,2015-01-06,2015-01-07
0.0,0,-570000,-0.030303030303030304,0.30202020202020197,1.0,D-1 estimated accounting; fill-day constraints require ledger audit,momentum,V4_MOMENTUM_full,disabled,2015-01-07,neutral,0.015606180510089693,-0.016464164600923592,-0.008500166126928554,0.30303030303030304,0.06777426116641415,0.4621212121212121,0.5378787878787878,,,{},1301.TW,2015-01-07,2015-01-08
0.03914578831872971,1671000,0,-0.01590909090909091,0.4292929292929293,1.0,D-1 estimated accounting; fill-day constraints require ledger audit,momentum,V4_MOMENTUM_full,disabled,2015-01-07,neutral,0.015606180510089693,-0.016464164600923592,-0.008500166126928554,0.30303030303030304,0.06777426116641415,0.4621212121212121,0.5378787878787878,,,{},1802.TW,2015-01-07,2015-01-08
0.039142689418658214,808000,0,-0.021969696969696972,0.3823232323232323,1.0,D-1 estimated accounting; fill-day constraints require ledger audit,momentum,V4_MOMENTUM_full,disabled,2015-01-07,neutral,0.015606180510089693,-0.016464164600923592,-0.008500166126928554,0.30303030303030304,0.06777426116641415,0.4621212121212121,0.5378787878787878,,,{},2327.TW,2015-01-07,2015-01-08
0.04206845749927512,5957000,0,0.03333333333333334,0.9535353535353535,1.0,D-1 estimated accounting; fill-day constraints require ledger audit,momentum,V4_MOMENTUM_full,disabled,2015-01-07,neutral,0.015606180510089693,-0.016464164600923592,-0.008500166126928554,0.30303030303030304,0.06777426116641415,0.4621212121212121,0.5378787878787878,,,{},2337.TW,2015-01-07,2015-01-08
0.04116754120635839,3804000,0,0.032575757575757584,0.9353535353535354,1.0,D-1 estimated accounting; fill-day constraints require ledger audit,momentum,V4_MOMENTUM_full,disabled,2015-01-07,neutral,0.015606180510089693,-0.016464164600923592,-0.008500166126928554,0.30303030303030304,0.06777426116641415,0.4621212121212121,0.5378787878787878,,,{},2344.TW,2015-01-07,2015-01-08
0.04140953482095796,2579000,0,0.031060606060606056,0.8873737373737375,1.0,D-1 estimated accounting; fill-day constraints require ledger audit,momentum,V4_MOMENTUM_full,disabled,2015-01-07,neutral,0.015606180510089693,-0.016464164600923592,-0.008500166126928554,0.30303030303030304,0.06777426116641415,0.4621212121212121,0.5378787878787878,,,{},2345.TW,2015-01-07,2015-01-08
0.0399422818395651,175000,0,0.012878787878787878,0.6883838383838384,1.0,D-1 estimated accounting; fill-day constraints require ledger audit,momentum,V4_MOMENTUM_full,disabled,2015-01-07,neutral,0.015606180510089693,-0.016464164600923592,-0.008500166126928554,0.30303030303030304,0.06777426116641415,0.4621212121212121,0.5378787878787878,,,{},2395.TW,2015-01-07,2015-01-08
0.04172409857903511,509000,0,0.034090909090909095,0.9722222222222222,1.0,D-1 estimated accounting; fill-day constraints require ledger audit,momentum,V4_MOMENTUM_full,disabled,2015-01-07,neutral,0.015606180510089693,-0.016464164600923592,-0.008500166126928554,0.30303030303030304,0.06777426116641415,0.4621212121212121,0.5378787878787878,,,{},2408.TW,2015-01-07,2015-01-08
0.04318804945379442,2401000,2401000,0.04848484848484849,1.1474747474747473,1.0,D-1 estimated accounting; fill-day constraints require ledger audit,momentum,V4_MOMENTUM_full,disabled,2015-01-07,neutral,0.015606180510089693,-0.016464164600923592,-0.008500166126928554,0.30303030303030304,0.06777426116641415,0.4621212121212121,0.5378787878787878,,,{},2409.TW,2015-01-07,2015-01-08
0.04352494053287851,1842000,0,0.04015151515151515,1.0550505050505052,1.0,D-1 estimated accounting; fill-day constraints require ledger audit,momentum,V4_MOMENTUM_full,disabled,2015-01-07,neutral,0.015606180510089693,-0.016464164600923592,-0.008500166126928554,0.30303030303030304,0.06777426116641415,0.4621212121212121,0.5378787878787878,,,{},2603.TW,2015-01-07,2015-01-08
0.04268244612655557,2449000,0,0.041666666666666664,1.0853535353535355,1.0,D-1 estimated accounting; fill-day constraints require ledger audit,momentum,V4_MOMENTUM_full,disabled,2015-01-07,neutral,0.015606180510089693,-0.016464164600923592,-0.008500166126928554,0.30303030303030304,0.06777426116641415,0.4621212121212121,0.5378787878787878,,,{},2609.TW,2015-01-07,2015-01-08
0.04585648182437581,2847000,0,0.04924242424242425,1.1823232323232324,1.0,D-1 estimated accounting; fill-day constraints require ledger audit,momentum,V4_MOMENTUM_full,disabled,2015-01-07,neutral,0.015606180510089693,-0.016464164600923592,-0.008500166126928554,0.30303030303030304,0.06777426116641415,0.4621212121212121,0.5378787878787878,,,{},2610.TW,2015-01-07,2015-01-08
0.044494362838031515,1863000,0,0.04242424242424242,1.095959595959596,1.0,D-1 estimated accounting; fill-day constraints require ledger audit,momentum,V4_MOMENTUM_full,disabled,2015-01-07,neutral,0.015606180510089693,-0.016464164600923592,-0.008500166126928554,0.30303030303030304,0.06777426116641415,0.4621212121212121,0.5378787878787878,,,{},2618.TW,2015-01-07,2015-01-08
0.041044423430567044,231000,0,0.02045454545454546,0.7853535353535354,1.0,D-1 estimated accounting; fill-day constraints require ledger audit,momentum,V4_MOMENTUM_full,disabled,2015-01-07,neutral,0.015606180510089693,-0.016464164600923592,-0.008500166126928554,0.30303030303030304,0.06777426116641415,0.4621212121212121,0.5378787878787878,,,{},3034.TW,2015-01-07,2015-01-08
0.040282906839227146,394000,0,0.0037878787878787845,0.6156565656565656,1.0,D-1 estimated accounting; fill-day constraints require ledger audit,momentum,V4_MOMENTUM_full,disabled,2015-01-07,neutral,0.015606180510089693,-0.016464164600923592,-0.008500166126928554,0.30303030303030304,0.06777426116641415,0.4621212121212121,0.5378787878787878,,,{},3045.TW,2015-01-07,2015-01-08
0.043321098950306704,568000,0,0.05,1.1843434343434345,1.0,D-1 estimated accounting; fill-day constraints require ledger audit,momentum,V4_MOMENTUM_full,disabled,2015-01-07,neutral,0.015606180510089693,-0.016464164600923592,-0.008500166126928554,0.30303030303030304,0.06777426116641415,0.4621212121212121,0.5378787878787878,,,{},3227.TWO,2015-01-07,2015-01-08
0.041099797218729854,703000,0,0.021212121212121217,0.7924242424242425,1.0,D-1 estimated accounting; fill-day constraints require ledger audit,momentum,V4_MOMENTUM_full,disabled,2015-01-07,neutral,0.015606180510089693,-0.016464164600923592,-0.008500166126928554,0.30303030303030304,0.06777426116641415,0.4621212121212121,0.5378787878787878,,,{},3260.TWO,2015-01-07,2015-01-08
0.04036627233131446,1189000,0,0.019696969696969702,0.746969696969697,1.0,D-1 estimated accounting; fill-day constraints require ledger audit,momentum,V4_MOMENTUM_full,disabled,2015-01-07,neutral,0.015606180510089693,-0.016464164600923592,-0.008500166126928554,0.30303030303030304,0.06777426116641415,0.4621212121212121,0.5378787878787878,,,{},3363.TWO,2015-01-07,2015-01-08
0.042305320148182536,808000,0,0.047348484848484855,1.1424242424242426,1.0,D-1 estimated accounting; fill-day constraints require ledger audit,momentum,V4_MOMENTUM_full,disabled,2015-01-07,neutral,0.015606180510089693,-0.016464164600923592,-0.008500166126928554,0.30303030303030304,0.06777426116641415,0.4621212121212121,0.5378787878787878,,,{},3680.TWO,2015-01-07,2015-01-08
0.04027711545220829,565000,0,0.0015151515151515138,0.604040404040404,1.0,D-1 estimated accounting; fill-day constraints require ledger audit,momentum,V4_MOMENTUM_full,disabled,2015-01-07,neutral,0.015606180510089693,-0.016464164600923592,-0.008500166126928554,0.30303030303030304,0.06777426116641415,0.4621212121212121,0.5378787878787878,,,{},4904.TW,2015-01-07,2015-01-08
0.04277167920812251,684000,0,0.035606060606060606,0.9939393939393941,1.0,D-1 estimated accounting; fill-day constraints require ledger audit,momentum,V4_MOMENTUM_full,disabled,2015-01-07,neutral,0.015606180510089693,-0.016464164600923592,-0.008500166126928554,0.30303030303030304,0.06777426116641415,0.4621212121212121,0.5378787878787878,,,{},4979.TWO,2015-01-07,2015-01-08
0.04013720773422629,788000,0,0.014393939393939393,0.7040404040404041,1.0,D-1 estimated accounting; fill-day constraints require ledger audit,momentum,V4_MOMENTUM_full,disabled,2015-01-07,neutral,0.015606180510089693,-0.016464164600923592,-0.008500166126928554,0.30303030303030304,0.06777426116641415,0.4621212121212121,0.5378787878787878,,,{},5347.TWO,2015-01-07,2015-01-08
0.039357808965424644,2671000,0,0.011363636363636366,0.6722222222222223,1.0,D-1 estimated accounting; fill-day constraints require ledger audit,momentum,V4_MOMENTUM_full,disabled,2015-01-07,neutral,0.015606180510089693,-0.016464164600923592,-0.008500166126928554,0.30303030303030304,0.06777426116641415,0.4621212121212121,0.5378787878787878,,,{},6182.TWO,2015-01-07,2015-01-08
0.03971671805588343,1671000,0,-0.007575757575757575,0.5095959595959597,1.0,D-1 estimated accounting; fill-day constraints require ledger audit,momentum,V4_MOMENTUM_full,disabled,2015-01-08,risk_on,0.015343662797591652,-0.0016835767874679441,0.009772366201771576,0.4621212121212121,0.0697640227777357,0.7196969696969697,0.7121212121212122,,,{},1802.TW,2015-01-08,2015-01-09
0.0,0,-808000,-0.02727272727272727,0.36767676767676766,1.0,D-1 estimated accounting; fill-day constraints require ledger audit,momentum,V4_MOMENTUM_full,disabled,2015-01-08,risk_on,0.015343662797591652,-0.0016835767874679441,0.009772366201771576,0.4621212121212121,0.0697640227777357,0.7196969696969697,0.7121212121212122,,,{},2327.TW,2015-01-08,2015-01-09
0.04121276651997022,5957000,0,0.00757575757575758,0.6464646464646465,1.0,D-1 estimated accounting; fill-day constraints require ledger audit,momentum,V4_MOMENTUM_full,disabled,2015-01-08,risk_on,0.015343662797591652,-0.0016835767874679441,0.009772366201771576,0.4621212121212121,0.0697640227777357,0.7196969696969697,0.7121212121212122,,,{},2337.TW,2015-01-08,2015-01-09
0.041576000911163515,3804000,0,0.023484848484848487,0.7878787878787878,1.0,D-1 estimated accounting; fill-day constraints require ledger audit,momentum,V4_MOMENTUM_full,disabled,2015-01-08,risk_on,0.015343662797591652,-0.0016835767874679441,0.009772366201771576,0.4621212121212121,0.0697640227777357,0.7196969696969697,0.7121212121212122,,,{},2344.TW,2015-01-08,2015-01-09
0.04086121217475373,2579000,0,0.011363636363636366,0.6727272727272727,1.0,D-1 estimated accounting; fill-day constraints require ledger audit,momentum,V4_MOMENTUM_full,disabled,2015-01-08,risk_on,0.015343662797591652,-0.0016835767874679441,0.009772366201771576,0.4621212121212121,0.0697640227777357,0.7196969696969697,0.7121212121212122,,,{},2345.TW,2015-01-08,2015-01-09
0.04046910350681087,175000,0,0.013636363636363636,0.6929292929292928,1.0,D-1 estimated accounting; fill-day constraints require ledger audit,momentum,V4_MOMENTUM_full,disabled,2015-01-08,risk_on,0.015343662797591652,-0.0016835767874679441,0.009772366201771576,0.4621212121212121,0.0697640227777357,0.7196969696969697,0.7121212121212122,,,{},2395.TW,2015-01-08,2015-01-09
0.04178458748330749,509000,0,0.021212121212121217,0.7742424242424242,1.0,D-1 estimated accounting; fill-day constraints require ledger audit,momentum,V4_MOMENTUM_full,disabled,2015-01-08,risk_on,0.015343662797591652,-0.0016835767874679441,0.009772366201771576,0.4621212121212121,0.0697640227777357,0.7196969696969697,0.7121212121212122,,,{},2408.TW,2015-01-08,2015-01-09
0.04550540899673874,2401000,0,0.04848484848484849,1.168181818181818,1.0,D-1 estimated accounting; fill-day constraints require ledger audit,momentum,V4_MOMENTUM_full,disabled,2015-01-08,risk_on,0.015343662797591652,-0.0016835767874679441,0.009772366201771576,0.4621212121212121,0.0697640227777357,0.7196969696969697,0.7121212121212122,,,{},2409.TW,2015-01-08,2015-01-09
0.04211734347126515,1842000,0,0.034090909090909095,0.9777777777777777,1.0,D-1 estimated accounting; fill-day constraints require ledger audit,momentum,V4_MOMENTUM_full,disabled,2015-01-08,risk_on,0.015343662797591652,-0.0016835767874679441,0.009772366201771576,0.4621212121212121,0.0697640227777357,0.7196969696969697,0.7121212121212122,,,{},2603.TW,2015-01-08,2015-01-09
0.04125773219053334,2449000,0,0.028787878787878786,0.8621212121212121,1.0,D-1 estimated accounting; fill-day constraints require ledger audit,momentum,V4_MOMENTUM_full,disabled,2015-01-08,risk_on,0.015343662797591652,-0.0016835767874679441,0.009772366201771576,0.4621212121212121,0.0697640227777357,0.7196969696969697,0.7121212121212122,,,{},2609.TW,2015-01-08,2015-01-09
0.045249275112968085,2847000,0,0.04621212121212122,1.1489898989898992,1.0,D-1 estimated accounting; fill-day constraints require ledger audit,momentum,V4_MOMENTUM_full,disabled,2015-01-08,risk_on,0.015343662797591652,-0.0016835767874679441,0.009772366201771576,0.4621212121212121,0.0697640227777357,0.7196969696969697,0.7121212121212122,,,{},2610.TW,2015-01-08,2015-01-09
0.044092023175638116,1863000,0,0.04015151515151515,1.0803030303030303,1.0,D-1 estimated accounting; fill-day constraints require ledger audit,momentum,V4_MOMENTUM_full,disabled,2015-01-08,risk_on,0.015343662797591652,-0.0016835767874679441,0.009772366201771576,0.4621212121212121,0.0697640227777357,0.7196969696969697,0.7121212121212122,,,{},2618.TW,2015-01-08,2015-01-09
0.04166142064654764,231000,0,0.03181818181818182,0.9373737373737372,1.0,D-1 estimated accounting; fill-day constraints require ledger audit,momentum,V4_MOMENTUM_full,disabled,2015-01-08,risk_on,0.015343662797591652,-0.0016835767874679441,0.009772366201771576,0.4621212121212121,0.0697640227777357,0.7196969696969697,0.7121212121212122,,,{},3034.TW,2015-01-08,2015-01-09
0.04133157213784602,394000,0,0.02954545454545454,0.8722222222222222,1.0,D-1 estimated accounting; fill-day constraints require ledger audit,momentum,V4_MOMENTUM_full,disabled,2015-01-08,risk_on,0.015343662797591652,-0.0016835767874679441,0.009772366201771576,0.4621212121212121,0.0697640227777357,0.7196969696969697,0.7121212121212122,,,{},3045.TW,2015-01-08,2015-01-09
0.04440036636363563,568000,0,0.04924242424242425,1.1893939393939394,1.0,D-1 estimated accounting; fill-day constraints require ledger audit,momentum,V4_MOMENTUM_full,disabled,2015-01-08,risk_on,0.015343662797591652,-0.0016835767874679441,0.009772366201771576,0.4621212121212121,0.0697640227777357,0.7196969696969697,0.7121212121212122,,,{},3227.TWO,2015-01-08,2015-01-09
0.04055557595020149,703000,0,0.0030303030303030277,0.6141414141414141,1.0,D-1 estimated accounting; fill-day constraints require ledger audit,momentum,V4_MOMENTUM_full,disabled,2015-01-08,risk_on,0.015343662797591652,-0.0016835767874679441,0.009772366201771576,0.4621212121212121,0.0697640227777357,0.7196969696969697,0.7121212121212122,,,{},3260.TWO,2015-01-08,2015-01-09
0.04317358556892433,2095000,2095000,0.05,1.1959595959595961,1.0,D-1 estimated accounting; fill-day constraints require ledger audit,momentum,V4_MOMENTUM_full,disabled,2015-01-08,risk_on,0.015343662797591652,-0.0016835767874679441,0.009772366201771576,0.4621212121212121,0.0697640227777357,0.7196969696969697,0.7121212121212122,,,{},3324.TWO,2015-01-08,2015-01-09
0.03953362205618242,1189000,0,0.006439393939393945,0.6419191919191919,1.0,D-1 estimated accounting; fill-day constraints require ledger audit,momentum,V4_MOMENTUM_full,disabled,2015-01-08,risk_on,0.015343662797591652,-0.0016835767874679441,0.009772366201771576,0.4621212121212121,0.0697640227777357,0.7196969696969697,0.7121212121212122,,,{},3363.TWO,2015-01-08,2015-01-09
0.0417451359975403,808000,0,0.035606060606060606,1.0080808080808081,1.0,D-1 estimated accounting; fill-day constraints require ledger audit,momentum,V4_MOMENTUM_full,disabled,2015-01-08,risk_on,0.015343662797591652,-0.0016835767874679441,0.009772366201771576,0.4621212121212121,0.0697640227777357,0.7196969696969697,0.7121212121212122,,,{},3680.TWO,2015-01-08,2015-01-09
0.04110448798215935,565000,0,0.03333333333333334,0.9580808080808081,1.0,D-1 estimated accounting; fill-day constraints require ledger audit,momentum,V4_MOMENTUM_full,disabled,2015-01-08,risk_on,0.015343662797591652,-0.0016835767874679441,0.009772366201771576,0.4621212121212121,0.0697640227777357,0.7196969696969697,0.7121212121212122,,,{},4904.TW,2015-01-08,2015-01-09
0.04289158514556553,684000,0,0.026515151515151516,0.8101010101010101,1.0,D-1 estimated accounting; fill-day constraints require ledger audit,momentum,V4_MOMENTUM_full,disabled,2015-01-08,risk_on,0.015343662797591652,-0.0016835767874679441,0.009772366201771576,0.4621212121212121,0.0697640227777357,0.7196969696969697,0.7121212121212122,,,{},4979.TWO,2015-01-08,2015-01-09
0.04237260009836373,788000,0,0.03636363636363637,1.0257575757575759,1.0,D-1 estimated accounting; fill-day constraints require ledger audit,momentum,V4_MOMENTUM_full,disabled,2015-01-08,risk_on,0.015343662797591652,-0.0016835767874679441,0.009772366201771576,0.4621212121212121,0.0697640227777357,0.7196969696969697,0.7121212121212122,,,{},5347.TWO,2015-01-08,2015-01-09
0.038568815168230186,2671000,0,-0.0007575757575757569,0.5904040404040404,1.0,D-1 estimated accounting; fill-day constraints require ledger audit,momentum,V4_MOMENTUM_full,disabled,2015-01-08,risk_on,0.015343662797591652,-0.0016835767874679441,0.009772366201771576,0.4621212121212121,0.0697640227777357,0.7196969696969697,0.7121212121212122,,,{},6182.TWO,2015-01-08,2015-01-09
0.0,0,-1671000,-0.017803030303030303,0.45151515151515154,1.0,D-1 estimated accounting; fill-day constraints require ledger audit,momentum,V4_MOMENTUM_full,disabled,2015-01-09,risk_on,0.015382179553542145,-0.004985063234731357,0.02078816681349005,0.44696969696969696,0.07848819267237822,0.7121212121212122,0.7045454545454546,,,{},1802.TW,2015-01-09,2015-01-12
0.040716821937443255,5957000,0,0.0015151515151515138,0.6,1.0,D-1 estimated accounting; fill-day constraints require ledger audit,momentum,V4_MOMENTUM_full,disabled,2015-01-09,risk_on,0.015382179553542145,-0.004985063234731357,0.02078816681349005,0.44696969696969696,0.07848819267237822,0.7121212121212122,0.7045454545454546,,,{},2337.TW,2015-01-09,2015-01-12
0.040936155148013464,3804000,0,0.02272727272727273,0.8045454545454546,1.0,D-1 estimated accounting; fill-day constraints require ledger audit,momentum,V4_MOMENTUM_full,disabled,2015-01-09,risk_on,0.015382179553542145,-0.004985063234731357,0.02078816681349005,0.44696969696969696,0.07848819267237822,0.7121212121212122,0.7045454545454546,,,{},2344.TW,2015-01-09,2015-01-12
0.04099037822312264,2579000,0,0.01515151515151515,0.7323232323232325,1.0,D-1 estimated accounting; fill-day constraints require ledger audit,momentum,V4_MOMENTUM_full,disabled,2015-01-09,risk_on,0.015382179553542145,-0.004985063234731357,0.02078816681349005,0.44696969696969696,0.07848819267237822,0.7121212121212122,0.7045454545454546,,,{},2345.TW,2015-01-09,2015-01-12
0.040040390943499836,175000,0,0.012121212121212123,0.712121212121212,1.0,D-1 estimated accounting; fill-day constraints require ledger audit,momentum,V4_MOMENTUM_full,disabled,2015-01-09,risk_on,0.015382179553542145,-0.004985063234731357,0.02078816681349005,0.44696969696969696,0.07848819267237822,0.7121212121212122,0.7045454545454546,,,{},2395.TW,2015-01-09,2015-01-12
0.04111638398195465,509000,0,0.018939393939393947,0.7681818181818183,1.0,D-1 estimated accounting; fill-day constraints require ledger audit,momentum,V4_MOMENTUM_full,disabled,2015-01-09,risk_on,0.015382179553542145,-0.004985063234731357,0.02078816681349005,0.44696969696969696,0.07848819267237822,0.7121212121212122,0.7045454545454546,,,{},2408.TW,2015-01-09,2015-01-12
0.04426291640204717,2401000,0,0.04469696969696971,1.1338383838383839,1.0,D-1 estimated accounting; fill-day constraints require ledger audit,momentum,V4_MOMENTUM_full,disabled,2015-01-09,risk_on,0.015382179553542145,-0.004985063234731357,0.02078816681349005,0.44696969696969696,0.07848819267237822,0.7121212121212122,0.7045454545454546,,,{},2409.TW,2015-01-09,2015-01-12
0.0446984196029125,1842000,0,0.04318181818181818,1.1075757575757574,1.0,D-1 estimated accounting; fill-day constraints require ledger audit,momentum,V4_MOMENTUM_full,disabled,2015-01-09,risk_on,0.015382179553542145,-0.004985063234731357,0.02078816681349005,0.44696969696969696,0.07848819267237822,0.7121212121212122,0.7045454545454546,,,{},2603.TW,2015-01-09,2015-01-12
0.04185306560460229,2449000,0,0.03333333333333334,0.9555555555555555,1.0,D-1 estimated accounting; fill-day constraints require ledger audit,momentum,V4_MOMENTUM_full,disabled,2015-01-09,risk_on,0.015382179553542145,-0.004985063234731357,0.02078816681349005,0.44696969696969696,0.07848819267237822,0.7121212121212122,0.7045454545454546,,,{},2609.TW,2015-01-09,2015-01-12
0.04539096558518649,2847000,0,0.043939393939393945,1.1267676767676766,1.0,D-1 estimated accounting; fill-day constraints require ledger audit,momentum,V4_MOMENTUM_full,disabled,2015-01-09,risk_on,0.015382179553542145,-0.004985063234731357,0.02078816681349005,0.44696969696969696,0.07848819267237822,0.7121212121212122,0.7045454545454546,,,{},2610.TW,2015-01-09,2015-01-12
0.04548636033836431,1863000,0,0.04621212121212122,1.1398989898989902,1.0,D-1 estimated accounting; fill-day constraints require ledger audit,momentum,V4_MOMENTUM_full,disabled,2015-01-09,risk_on,0.015382179553542145,-0.004985063234731357,0.02078816681349005,0.44696969696969696,0.07848819267237822,0.7121212121212122,0.7045454545454546,,,{},2618.TW,2015-01-09,2015-01-12
0.04197668026779329,231000,0,0.0303030303030303,0.9414141414141413,1.0,D-1 estimated accounting; fill-day constraints require ledger audit,momentum,V4_MOMENTUM_full,disabled,2015-01-09,risk_on,0.015382179553542145,-0.004985063234731357,0.02078816681349005,0.44696969696969696,0.07848819267237822,0.7121212121212122,0.7045454545454546,,,{},3034.TW,2015-01-09,2015-01-12
0.041465334502064646,394000,0,0.03181818181818182,0.9474747474747475,1.0,D-1 estimated accounting; fill-day constraints require ledger audit,momentum,V4_MOMENTUM_full,disabled,2015-01-09,risk_on,0.015382179553542145,-0.004985063234731357,0.02078816681349005,0.44696969696969696,0.07848819267237822,0.7121212121212122,0.7045454545454546,,,{},3045.TW,2015-01-09,2015-01-12
0.046670600269067386,568000,0,0.05,1.1964646464646465,1.0,D-1 estimated accounting; fill-day constraints require ledger audit,momentum,V4_MOMENTUM_full,disabled,2015-01-09,risk_on,0.015382179553542145,-0.004985063234731357,0.02078816681349005,0.44696969696969696,0.07848819267237822,0.7121212121212122,0.7045454545454546,,,{},3227.TWO,2015-01-09,2015-01-12
0.04065161476673319,703000,0,0.008333333333333337,0.647979797979798,1.0,D-1 estimated accounting; fill-day constraints require ledger audit,momentum,V4_MOMENTUM_full,disabled,2015-01-09,risk_on,0.015382179553542145,-0.004985063234731357,0.02078816681349005,0.44696969696969696,0.07848819267237822,0.7121212121212122,0.7045454545454546,,,{},3260.TWO,2015-01-09,2015-01-12
0.041858893900227255,2095000,0,0.046969696969696974,1.1474747474747473,1.0,D-1 estimated accounting; fill-day constraints require ledger audit,momentum,V4_MOMENTUM_full,disabled,2015-01-09,risk_on,0.015382179553542145,-0.004985063234731357,0.02078816681349005,0.44696969696969696,0.07848819267237822,0.7121212121212122,0.7045454545454546,,,{},3324.TWO,2015-01-09,2015-01-12
0.03898935496579806,1189000,0,-0.0015151515151515138,0.5772727272727274,1.0,D-1 estimated accounting; fill-day constraints require ledger audit,momentum,V4_MOMENTUM_full,disabled,2015-01-09,risk_on,0.015382179553542145,-0.004985063234731357,0.02078816681349005,0.44696969696969696,0.07848819267237822,0.7121212121212122,0.7045454545454546,,,{},3363.TWO,2015-01-09,2015-01-12
0.04220821802903116,808000,0,0.038636363636363635,1.041919191919192,1.0,D-1 estimated accounting; fill-day constraints require ledger audit,momentum,V4_MOMENTUM_full,disabled,2015-01-09,risk_on,0.015382179553542145,-0.004985063234731357,0.02078816681349005,0.44696969696969696,0.07848819267237822,0.7121212121212122,0.7045454545454546,,,{},3680.TWO,2015-01-09,2015-01-12
0.041184679651201005,565000,0,0.035606060606060606,1.0000000000000002,1.0,D-1 estimated accounting; fill-day constraints require ledger audit,momentum,V4_MOMENTUM_full,disabled,2015-01-09,risk_on,0.015382179553542145,-0.004985063234731357,0.02078816681349005,0.44696969696969696,0.07848819267237822,0.7121212121212122,0.7045454545454546,,,{},4904.TW,2015-01-09,2015-01-12
0.041463192478886246,684000,0,0.009848484848484851,0.6742424242424242,1.0,D-1 estimated accounting; fill-day constraints require ledger audit,momentum,V4_MOMENTUM_full,disabled,2015-01-09,risk_on,0.015382179553542145,-0.004985063234731357,0.02078816681349005,0.44696969696969696,0.07848819267237822,0.7121212121212122,0.7045454545454546,,,{},4979.TWO,2015-01-09,2015-01-12
0.043199327172230094,708000,708000,0.04924242424242425,1.1883838383838383,1.0,D-1 estimated accounting; fill-day constraints require ledger audit,momentum,V4_MOMENTUM_full,disabled,2015-01-09,risk_on,0.015382179553542145,-0.004985063234731357,0.02078816681349005,0.44696969696969696,0.07848819267237822,0.7121212121212122,0.7045454545454546,,,{},4991.TWO,2015-01-09,2015-01-12
0.04155689353931835,788000,0,0.032575757575757584,0.9500000000000001,1.0,D-1 estimated accounting; fill-day constraints require ledger audit,momentum,V4_MOMENTUM_full,disabled,2015-01-09,risk_on,0.015382179553542145,-0.004985063234731357,0.02078816681349005,0.44696969696969696,0.07848819267237822,0.7121212121212122,0.7045454545454546,,,{},5347.TWO,2015-01-09,2015-01-12
0.03899226911361055,2671000,0,0.021969696969696972,0.7954545454545454,1.0,D-1 estimated accounting; fill-day constraints require ledger audit,momentum,V4_MOMENTUM_full,disabled,2015-01-09,risk_on,0.015382179553542145,-0.004985063234731357,0.02078816681349005,0.44696969696969696,0.07848819267237822,0.7121212121212122,0.7045454545454546,,,{},6182.TWO,2015-01-09,2015-01-12
0.0,0,-5957000,-0.021969696969696972,0.38737373737373737,1.0,D-1 estimated accounting; fill-day constraints require ledger audit,momentum,V4_MOMENTUM_full,disabled,2015-01-12,neutral,0.015621173954805981,-0.006298762889486886,0.015999489482119156,0.4166666666666667,0.07779522177131047,0.5984848484848485,0.6212121212121212,,,{},2337.TW,2015-01-12,2015-01-13
0.04055383820407604,3804000,0,0.012121212121212123,0.6994949494949496,1.0,D-1 estimated accounting; fill-day constraints require ledger audit,momentum,V4_MOMENTUM_full,disabled,2015-01-12,neutral,0.015621173954805981,-0.006298762889486886,0.015999489482119156,0.4166666666666667,0.07779522177131047,0.5984848484848485,0.6212121212121212,,,{},2344.TW,2015-01-12,2015-01-13
0.04079222431131761,2579000,0,0.00757575757575758,0.6426767676767677,1.0,D-1 estimated accounting; fill-day constraints require ledger audit,momentum,V4_MOMENTUM_full,disabled,2015-01-12,neutral,0.015621173954805981,-0.006298762889486886,0.015999489482119156,0.4166666666666667,0.07779522177131047,0.5984848484848485,0.6212121212121212,,,{},2345.TW,2015-01-12,2015-01-13
0.040400777658469174,175000,0,0.021969696969696972,0.8015151515151515,1.0,D-1 estimated accounting; fill-day constraints require ledger audit,momentum,V4_MOMENTUM_full,disabled,2015-01-12,neutral,0.015621173954805981,-0.006298762889486886,0.015999489482119156,0.4166666666666667,0.07779522177131047,0.5984848484848485,0.6212121212121212,,,{},2395.TW,2015-01-12,2015-01-13
0.04018418585157476,509000,0,0.009848484848484851,0.6833333333333333,1.0,D-1 estimated accounting; fill-day constraints require ledger audit,momentum,V4_MOMENTUM_full,disabled,2015-01-12,neutral,0.015621173954805981,-0.006298762889486886,0.015999489482119156,0.4166666666666667,0.07779522177131047,0.5984848484848485,0.6212121212121212,,,{},2408.TW,2015-01-12,2015-01-13
0.04410658440441055,2401000,0,0.041666666666666664,1.0823232323232324,1.0,D-1 estimated accounting; fill-day constraints require ledger audit,momentum,V4_MOMENTUM_full,disabled,2015-01-12,neutral,0.015621173954805981,-0.006298762889486886,0.015999489482119156,0.4166666666666667,0.07779522177131047,0.5984848484848485,0.6212121212121212,,,{},2409.TW,2015-01-12,2015-01-13
0.04444360786178818,1842000,0,0.037121212121212124,1.0434343434343434,1.0,D-1 estimated accounting; fill-day constraints require ledger audit,momentum,V4_MOMENTUM_full,disabled,2015-01-12,neutral,0.015621173954805981,-0.006298762889486886,0.015999489482119156,0.4166666666666667,0.07779522177131047,0.5984848484848485,0.6212121212121212,,,{},2603.TW,2015-01-12,2015-01-13
0.04167840908869427,2449000,0,0.01515151515151515,0.7373737373737373,1.0,D-1 estimated accounting; fill-day constraints require ledger audit,momentum,V4_MOMENTUM_full,disabled,2015-01-12,neutral,0.015621173954805981,-0.006298762889486886,0.015999489482119156,0.4166666666666667,0.07779522177131047,0.5984848484848485,0.6212121212121212,,,{},2609.TW,2015-01-12,2015-01-13
0.045030377486519446,2847000,0,0.028787878787878786,0.8858585858585858,1.0,D-1 estimated accounting; fill-day constraints require ledger audit,momentum,V4_MOMENTUM_full,disabled,2015-01-12,neutral,0.015621173954805981,-0.006298762889486886,0.015999489482119156,0.4166666666666667,0.07779522177131047,0.5984848484848485,0.6212121212121212,,,{},2610.TW,2015-01-12,2015-01-13
0.04513667161725968,1863000,0,0.04015151515151515,1.0686868686868687,1.0,D-1 estimated accounting; fill-day constraints require ledger audit,momentum,V4_MOMENTUM_full,disabled,2015-01-12,neutral,0.015621173954805981,-0.006298762889486886,0.015999489482119156,0.4166666666666667,0.07779522177131047,0.5984848484848485,0.6212121212121212,,,{},2618.TW,2015-01-12,2015-01-13
0.041591081754352596,231000,0,0.02272727272727273,0.8207070707070707,1.0,D-1 estimated accounting; fill-day constraints require ledger audit,momentum,V4_MOMENTUM_full,disabled,2015-01-12,neutral,0.015621173954805981,-0.006298762889486886,0.015999489482119156,0.4166666666666667,0.07779522177131047,0.5984848484848485,0.6212121212121212,,,{},3034.TW,2015-01-12,2015-01-13
0.04264376397663168,394000,0,0.038636363636363635,1.0484848484848484,1.0,D-1 estimated accounting; fill-day constraints require ledger audit,momentum,V4_MOMENTUM_full,disabled,2015-01-12,neutral,0.015621173954805981,-0.006298762889486886,0.015999489482119156,0.4166666666666667,0.07779522177131047,0.5984848484848485,0.6212121212121212,,,{},3045.TW,2015-01-12,2015-01-13
0.04316712745086959,1246000,1246000,0.04848484848484849,1.1787878787878787,1.0,D-1 estimated accounting; fill-day constraints require ledger audit,momentum,V4_MOMENTUM_full,disabled,2015-01-12,neutral,0.015621173954805981,-0.006298762889486886,0.015999489482119156,0.4166666666666667,0.07779522177131047,0.5984848484848485,0.6212121212121212,,,{},3105.TWO,2015-01-12,2015-01-13
0.04836533081633536,568000,0,0.05,1.209090909090909,1.0,D-1 estimated accounting; fill-day constraints require ledger audit,momentum,V4_MOMENTUM_full,disabled,2015-01-12,neutral,0.015621173954805981,-0.006298762889486886,0.015999489482119156,0.4166666666666667,0.07779522177131047,0.5984848484848485,0.6212121212121212,,,{},3227.TWO,2015-01-12,2015-01-13
0.04048710410645735,703000,0,0.0,0.5934343434343433,1.0,D-1 estimated accounting; fill-day constraints require ledger audit,momentum,V4_MOMENTUM_full,disabled,2015-01-12,neutral,0.015621173954805981,-0.006298762889486886,0.015999489482119156,0.4166666666666667,0.07779522177131047,0.5984848484848485,0.6212121212121212,,,{},3260.TWO,2015-01-12,2015-01-13
0.041737411339232276,2095000,0,0.04090909090909091,1.0808080808080809,1.0,D-1 estimated accounting; fill-day constraints require ledger audit,momentum,V4_MOMENTUM_full,disabled,2015-01-12,neutral,0.015621173954805981,-0.006298762889486886,0.015999489482119156,0.4166666666666667,0.07779522177131047,0.5984848484848485,0.6212121212121212,,,{},3324.TWO,2015-01-12,2015-01-13
0.03916923704482212,1189000,0,0.0030303030303030277,0.6035353535353536,1.0,D-1 estimated accounting; fill-day constraints require ledger audit,momentum,V4_MOMENTUM_full,disabled,2015-01-12,neutral,0.015621173954805981,-0.006298762889486886,0.015999489482119156,0.4166666666666667,0.07779522177131047,0.5984848484848485,0.6212121212121212,,,{},3363.TWO,2015-01-12,2015-01-13
0.04256479404334162,808000,0,0.04545454545454546,1.1166666666666667,1.0,D-1 estimated accounting; fill-day constraints require ledger audit,momentum,V4_MOMENTUM_full,disabled,2015-01-12,neutral,0.015621173954805981,-0.006298762889486886,0.015999489482119156,0.4166666666666667,0.07779522177131047,0.5984848484848485,0.6212121212121212,,,{},3680.TWO,2015-01-12,2015-01-13
0.04335569443986638,565000,0,0.04621212121212122,1.12020202020202,1.0,D-1 estimated accounting; fill-day constraints require ledger audit,momentum,V4_MOMENTUM_full,disabled,2015-01-12,neutral,0.015621173954805981,-0.006298762889486886,0.015999489482119156,0.4166666666666667,0.07779522177131047,0.5984848484848485,0.6212121212121212,,,{},4904.TW,2015-01-12,2015-01-13
0.04151746656305369,684000,0,0.008333333333333337,0.6671717171717172,1.0,D-1 estimated accounting; fill-day constraints require ledger audit,momentum,V4_MOMENTUM_full,disabled,2015-01-12,neutral,0.015621173954805981,-0.006298762889486886,0.015999489482119156,0.4166666666666667,0.07779522177131047,0.5984848484848485,0.6212121212121212,,,{},4979.TWO,2015-01-12,2015-01-13
0.044107760445875895,708000,0,0.04924242424242425,1.2015151515151516,1.0,D-1 estimated accounting; fill-day constraints require ledger audit,momentum,V4_MOMENTUM_full,disabled,2015-01-12,neutral,0.015621173954805981,-0.006298762889486886,0.015999489482119156,0.4166666666666667,0.07779522177131047,0.5984848484848485,0.6212121212121212,,,{},4991.TWO,2015-01-12,2015-01-13
0.04072266270975033,788000,0,0.026515151515151516,0.8762626262626261,1.0,D-1 estimated accounting; fill-day constraints require ledger audit,momentum,V4_MOMENTUM_full,disabled,2015-01-12,neutral,0.015621173954805981,-0.006298762889486886,0.015999489482119156,0.4166666666666667,0.07779522177131047,0.5984848484848485,0.6212121212121212,,,{},5347.TWO,2015-01-12,2015-01-13
0.03823631087473766,2671000,0,-0.009848484848484851,0.5272727272727272,1.0,D-1 estimated accounting; fill-day constraints require ledger audit,momentum,V4_MOMENTUM_full,disabled,2015-01-12,neutral,0.015621173954805981,-0.006298762889486886,0.015999489482119156,0.4166666666666667,0.07779522177131047,0.5984848484848485,0.6212121212121212,,,{},6182.TWO,2015-01-12,2015-01-13
0.043184536827872766,1601000,1601000,0.04772727272727273,1.1747474747474749,1.0,D-1 estimated accounting; fill-day constraints require ledger audit,momentum,V4_MOMENTUM_full,disabled,2015-01-13,risk_on,0.015925036663329128,0.019009100066756823,0.02381782589903947,0.7272727272727273,0.07628347219169365,0.6818181818181818,0.7196969696969697,,,{},1785.TWO,2015-01-13,2015-01-14
0.039515591442307006,3804000,0,-0.007575757575757575,0.5222222222222223,1.0,D-1 estimated accounting; fill-day constraints require ledger audit,momentum,V4_MOMENTUM_full,disabled,2015-01-13,risk_on,0.015925036663329128,0.019009100066756823,0.02381782589903947,0.7272727272727273,0.07628347219169365,0.6818181818181818,0.7196969696969697,,,{},2344.TW,2015-01-13,2015-01-14
0.041218584520529705,2579000,0,0.025,0.8156565656565656,1.0,D-1 estimated accounting; fill-day constraints require ledger audit,momentum,V4_MOMENTUM_full,disabled,2015-01-13,risk_on,0.015925036663329128,0.019009100066756823,0.02381782589903947,0.7272727272727273,0.07628347219169365,0.6818181818181818,0.7196969696969697,,,{},2345.TW,2015-01-13,2015-01-14
0.040838576975219046,175000,0,0.024242424242424246,0.8090909090909091,1.0,D-1 estimated accounting; fill-day constraints require ledger audit,momentum,V4_MOMENTUM_full,disabled,2015-01-13,risk_on,0.015925036663329128,0.019009100066756823,0.02381782589903947,0.7272727272727273,0.07628347219169365,0.6818181818181818,0.7196969696969697,,,{},2395.TW,2015-01-13,2015-01-14
0.0,0,-509000,-0.024242424242424246,0.39343434343434347,1.0,D-1 estimated accounting; fill-day constraints require ledger audit,momentum,V4_MOMENTUM_full,disabled,2015-01-13,risk_on,0.015925036663329128,0.019009100066756823,0.02381782589903947,0.7272727272727273,0.07628347219169365,0.6818181818181818,0.7196969696969697,,,{},2408.TW,2015-01-13,2015-01-14
0.04377065227637262,2401000,0,0.021212121212121217,0.7974747474747474,1.0,D-1 estimated accounting; fill-day constraints require ledger audit,momentum,V4_MOMENTUM_full,disabled,2015-01-13,risk_on,0.015925036663329128,0.019009100066756823,0.02381782589903947,0.7272727272727273,0.07628347219169365,0.6818181818181818,0.7196969696969697,,,{},2409.TW,2015-01-13,2015-01-14
0.04508282681932937,1842000,0,0.04545454545454546,1.1025252525252525,1.0,D-1 estimated accounting; fill-day constraints require ledger audit,momentum,V4_MOMENTUM_full,disabled,2015-01-13,risk_on,0.015925036663329128,0.019009100066756823,0.02381782589903947,0.7272727272727273,0.07628347219169365,0.6818181818181818,0.7196969696969697,,,{},2603.TW,2015-01-13,2015-01-14
0.04170992279150004,2449000,0,0.03333333333333334,0.9611111111111112,1.0,D-1 estimated accounting; fill-day constraints require ledger audit,momentum,V4_MOMENTUM_full,disabled,2015-01-13,risk_on,0.015925036663329128,0.019009100066756823,0.02381782589903947,0.7272727272727273,0.07628347219169365,0.6818181818181818,0.7196969696969697,,,{},2609.TW,2015-01-13,2015-01-14
0.046354179263956095,2847000,0,0.04242424242424242,1.079292929292929,1.0,D-1 estimated accounting; fill-day constraints require ledger audit,momentum,V4_MOMENTUM_full,disabled,2015-01-13,risk_on,0.015925036663329128,0.019009100066756823,0.02381782589903947,0.7272727272727273,0.07628347219169365,0.6818181818181818,0.7196969696969697,,,{},2610.TW,2015-01-13,2015-01-14
0.045875824167989805,1863000,0,0.04318181818181818,1.095959595959596,1.0,D-1 estimated accounting; fill-day constraints require ledger audit,momentum,V4_MOMENTUM_full,disabled,2015-01-13,risk_on,0.015925036663329128,0.019009100066756823,0.02381782589903947,0.7272727272727273,0.07628347219169365,0.6818181818181818,0.7196969696969697,,,{},2618.TW,2015-01-13,2015-01-14
0.04161606941680735,231000,0,0.01515151515151515,0.7535353535353535,1.0,D-1 estimated accounting; fill-day constraints require ledger audit,momentum,V4_MOMENTUM_full,disabled,2015-01-13,risk_on,0.015925036663329128,0.019009100066756823,0.02381782589903947,0.7272727272727273,0.07628347219169365,0.6818181818181818,0.7196969696969697,,,{},3034.TW,2015-01-13,2015-01-14
0.0435358315823091,394000,0,0.046969696969696974,1.1464646464646466,1.0,D-1 estimated accounting; fill-day constraints require ledger audit,momentum,V4_MOMENTUM_full,disabled,2015-01-13,risk_on,0.015925036663329128,0.019009100066756823,0.02381782589903947,0.7272727272727273,0.07628347219169365,0.6818181818181818,0.7196969696969697,,,{},3045.TW,2015-01-13,2015-01-14
0.043508791623598754,1246000,0,0.04924242424242425,1.1863636363636365,1.0,D-1 estimated accounting; fill-day constraints require ledger audit,momentum,V4_MOMENTUM_full,disabled,2015-01-13,risk_on,0.015925036663329128,0.019009100066756823,0.02381782589903947,0.7272727272727273,0.07628347219169365,0.6818181818181818,0.7196969696969697,,,{},3105.TWO,2015-01-13,2015-01-14
0.04825995954868426,568000,0,0.05,1.2141414141414142,1.0,D-1 estimated accounting; fill-day constraints require ledger audit,momentum,V4_MOMENTUM_full,disabled,2015-01-13,risk_on,0.015925036663329128,0.019009100066756823,0.02381782589903947,0.7272727272727273,0.07628347219169365,0.6818181818181818,0.7196969696969697,,,{},3227.TWO,2015-01-13,2015-01-14
0.04025837885840373,703000,0,-0.008333333333333331,0.4979797979797981,1.0,D-1 estimated accounting; fill-day constraints require ledger audit,momentum,V4_MOMENTUM_full,disabled,2015-01-13,risk_on,0.015925036663329128,0.019009100066756823,0.02381782589903947,0.7272727272727273,0.07628347219169365,0.6818181818181818,0.7196969696969697,,,{},3260.TWO,2015-01-13,2015-01-14
0.04122792241947492,2095000,0,0.021969696969696972,0.7989898989898989,1.0,D-1 estimated accounting; fill-day constraints require ledger audit,momentum,V4_MOMENTUM_full,disabled,2015-01-13,risk_on,0.015925036663329128,0.019009100066756823,0.02381782589903947,0.7272727272727273,0.07628347219169365,0.6818181818181818,0.7196969696969697,,,{},3324.TWO,2015-01-13,2015-01-14
0.03890570679649206,1189000,0,-0.011363636363636366,0.4843434343434343,1.0,D-1 estimated accounting; fill-day constraints require ledger audit,momentum,V4_MOMENTUM_full,disabled,2015-01-13,risk_on,0.015925036663329128,0.019009100066756823,0.02381782589903947,0.7272727272727273,0.07628347219169365,0.6818181818181818,0.7196969696969697,,,{},3363.TWO,2015-01-13,2015-01-14
0.041745351878674536,808000,0,0.034090909090909095,0.9813131313131315,1.0,D-1 estimated accounting; fill-day constraints require ledger audit,momentum,V4_MOMENTUM_full,disabled,2015-01-13,risk_on,0.015925036663329128,0.019009100066756823,0.02381782589903947,0.7272727272727273,0.07628347219169365,0.6818181818181818,0.7196969696969697,,,{},3680.TWO,2015-01-13,2015-01-14
0.043148283808438395,565000,0,0.04469696969696971,1.102020202020202,1.0,D-1 estimated accounting; fill-day constraints require ledger audit,momentum,V4_MOMENTUM_full,disabled,2015-01-13,risk_on,0.015925036663329128,0.019009100066756823,0.02381782589903947,0.7272727272727273,0.07628347219169365,0.6818181818181818,0.7196969696969697,,,{},4904.TW,2015-01-13,2015-01-14
0.041837182874183906,684000,0,0.012878787878787878,0.7222222222222223,1.0,D-1 estimated accounting; fill-day constraints require ledger audit,momentum,V4_MOMENTUM_full,disabled,2015-01-13,risk_on,0.015925036663329128,0.019009100066756823,0.02381782589903947,0.7272727272727273,0.07628347219169365,0.6818181818181818,0.7196969696969697,,,{},4979.TWO,2015-01-13,2015-01-14
0.043233323604714886,708000,0,0.04848484848484849,1.1838383838383841,1.0,D-1 estimated accounting; fill-day constraints require ledger audit,momentum,V4_MOMENTUM_full,disabled,2015-01-13,risk_on,0.015925036663329128,0.019009100066756823,0.02381782589903947,0.7272727272727273,0.07628347219169365,0.6818181818181818,0.7196969696969697,,,{},4991.TWO,2015-01-13,2015-01-14
0.04142142166232365,788000,0,0.009090909090909094,0.6858585858585858,1.0,D-1 estimated accounting; fill-day constraints require ledger audit,momentum,V4_MOMENTUM_full,disabled,2015-01-13,risk_on,0.015925036663329128,0.019009100066756823,0.02381782589903947,0.7272727272727273,0.07628347219169365,0.6818181818181818,0.7196969696969697,,,{},5347.TWO,2015-01-13,2015-01-14
0.03855321359513228,2671000,0,-0.012878787878787878,0.4782828282828282,1.0,D-1 estimated accounting; fill-day constraints require ledger audit,momentum,V4_MOMENTUM_full,disabled,2015-01-13,risk_on,0.015925036663329128,0.019009100066756823,0.02381782589903947,0.7272727272727273,0.07628347219169365,0.6818181818181818,0.7196969696969697,,,{},6182.TWO,2015-01-13,2015-01-14
0.042677631518836426,1601000,0,0.04848484848484849,1.148989898989899,1.0,D-1 estimated accounting; fill-day constraints require ledger audit,momentum,V4_MOMENTUM_full,disabled,2015-01-14,risk_on,0.0160353244918012,0.010278305669219057,0.026128888493737845,0.696969696969697,0.08230224550543484,0.6060606060606061,0.6439393939393939,,,{},1785.TWO,2015-01-14,2015-01-15
0.039300678047004774,3804000,0,-0.023484848484848487,0.3666666666666667,1.0,D-1 estimated accounting; fill-day constraints require ledger audit,momentum,V4_MOMENTUM_full,disabled,2015-01-14,risk_on,0.0160353244918012,0.010278305669219057,0.026128888493737845,0.696969696969697,0.08230224550543484,0.6060606060606061,0.6439393939393939,,,{},2344.TW,2015-01-14,2015-01-15
0.0410637232772243,2579000,0,0.009090909090909094,0.6601010101010101,1.0,D-1 estimated accounting; fill-day constraints require ledger audit,momentum,V4_MOMENTUM_full,disabled,2015-01-14,risk_on,0.0160353244918012,0.010278305669219057,0.026128888493737845,0.696969696969697,0.08230224550543484,0.6060606060606061,0.6439393939393939,,,{},2345.TW,2015-01-14,2015-01-15
0.04318754677719028,2031000,2031000,0.04924242424242425,1.1702020202020202,1.0,D-1 estimated accounting; fill-day constraints require ledger audit,momentum,V4_MOMENTUM_full,disabled,2015-01-14,risk_on,0.0160353244918012,0.010278305669219057,0.026128888493737845,0.696969696969697,0.08230224550543484,0.6060606060606061,0.6439393939393939,,,{},2368.TW,2015-01-14,2015-01-15
0.04168849173259336,175000,0,0.03181818181818182,0.9575757575757575,1.0,D-1 estimated accounting; fill-day constraints require ledger audit,momentum,V4_MOMENTUM_full,disabled,2015-01-14,risk_on,0.0160353244918012,0.010278305669219057,0.026128888493737845,0.696969696969697,0.08230224550543484,0.6060606060606061,0.6439393939393939,,,{},2395.TW,2015-01-14,2015-01-15
0.0438627428474122,2401000,0,0.021212121212121217,0.852020202020202,1.0,D-1 estimated accounting; fill-day constraints require ledger audit,momentum,V4_MOMENTUM_full,disabled,2015-01-14,risk_on,0.0160353244918012,0.010278305669219057,0.026128888493737845,0.696969696969697,0.08230224550543484,0.6060606060606061,0.6439393939393939,,,{},2409.TW,2015-01-14,2015-01-15
0.044686452110906875,1842000,0,0.02803030303030303,0.908080808080808,1.0,D-1 estimated accounting; fill-day constraints require ledger audit,momentum,V4_MOMENTUM_full,disabled,2015-01-14,risk_on,0.0160353244918012,0.010278305669219057,0.026128888493737845,0.696969696969697,0.08230224550543484,0.6060606060606061,0.6439393939393939,,,{},2603.TW,2015-01-14,2015-01-15
0.042294671086989935,2449000,0,0.028787878787878786,0.9111111111111112,1.0,D-1 estimated accounting; fill-day constraints require ledger audit,momentum,V4_MOMENTUM_full,disabled,2015-01-14,risk_on,0.0160353244918012,0.010278305669219057,0.026128888493737845,0.696969696969697,0.08230224550543484,0.6060606060606061,0.6439393939393939,,,{},2609.TW,2015-01-14,2015-01-15
0.0460405870233586,2847000,0,0.03636363636363637,1.0015151515151517,1.0,D-1 estimated accounting; fill-day constraints require ledger audit,momentum,V4_MOMENTUM_full,disabled,2015-01-14,risk_on,0.0160353244918012,0.010278305669219057,0.026128888493737845,0.696969696969697,0.08230224550543484,0.6060606060606061,0.6439393939393939,,,{},2610.TW,2015-01-14,2015-01-15
0.04593973179365287,1863000,0,0.034090909090909095,0.9904040404040405,1.0,D-1 estimated accounting; fill-day constraints require ledger audit,momentum,V4_MOMENTUM_full,disabled,2015-01-14,risk_on,0.0160353244918012,0.010278305669219057,0.026128888493737845,0.696969696969697,0.08230224550543484,0.6060606060606061,0.6439393939393939,,,{},2618.TW,2015-01-14,2015-01-15
0.0421673170314684,231000,0,0.016666666666666663,0.8035353535353535,1.0,D-1 estimated accounting; fill-day constraints require ledger audit,momentum,V4_MOMENTUM_full,disabled,2015-01-14,risk_on,0.0160353244918012,0.010278305669219057,0.026128888493737845,0.696969696969697,0.08230224550543484,0.6060606060606061,0.6439393939393939,,,{},3034.TW,2015-01-14,2015-01-15
0.04252387844475263,394000,0,0.04318181818181818,1.045959595959596,1.0,D-1 estimated accounting; fill-day constraints require ledger audit,momentum,V4_MOMENTUM_full,disabled,2015-01-14,risk_on,0.0160353244918012,0.010278305669219057,0.026128888493737845,0.696969696969697,0.08230224550543484,0.6060606060606061,0.6439393939393939,,,{},3045.TW,2015-01-14,2015-01-15
0.04217490238273771,1246000,0,0.025757575757575757,0.8767676767676768,1.0,D-1 estimated accounting; fill-day constraints require ledger audit,momentum,V4_MOMENTUM_full,disabled,2015-01-14,risk_on,0.0160353244918012,0.010278305669219057,0.026128888493737845,0.696969696969697,0.08230224550543484,0.6060606060606061,0.6439393939393939,,,{},3105.TWO,2015-01-14,2015-01-15
0.05106638127554261,568000,0,0.05,1.2156565656565654,1.0,D-1 estimated accounting; fill-day constraints require ledger audit,momentum,V4_MOMENTUM_full,disabled,2015-01-14,risk_on,0.0160353244918012,0.010278305669219057,0.026128888493737845,0.696969696969697,0.08230224550543484,0.6060606060606061,0.6439393939393939,,,{},3227.TWO,2015-01-14,2015-01-15
0.04051371045475934,703000,0,0.0030303030303030277,0.5994949494949495,1.0,D-1 estimated accounting; fill-day constraints require ledger audit,momentum,V4_MOMENTUM_full,disabled,2015-01-14,risk_on,0.0160353244918012,0.010278305669219057,0.026128888493737845,0.696969696969697,0.08230224550543484,0.6060606060606061,0.6439393939393939,,,{},3260.TWO,2015-01-14,2015-01-15
0.041410927760488825,2095000,0,0.026515151515151516,0.8959595959595961,1.0,D-1 estimated accounting; fill-day constraints require ledger audit,momentum,V4_MOMENTUM_full,disabled,2015-01-14,risk_on,0.0160353244918012,0.010278305669219057,0.026128888493737845,0.696969696969697,0.08230224550543484,0.6060606060606061,0.6439393939393939,,,{},3324.TWO,2015-01-14,2015-01-15
0.038465515901165974,1189000,0,-0.020454545454545454,0.3868686868686868,1.0,D-1 estimated accounting; fill-day constraints require ledger audit,momentum,V4_MOMENTUM_full,disabled,2015-01-14,risk_on,0.0160353244918012,0.010278305669219057,0.026128888493737845,0.696969696969697,0.08230224550543484,0.6060606060606061,0.6439393939393939,,,{},3363.TWO,2015-01-14,2015-01-15
0.041638188876807425,808000,0,0.021969696969696972,0.8520202020202021,1.0,D-1 estimated accounting; fill-day constraints require ledger audit,momentum,V4_MOMENTUM_full,disabled,2015-01-14,risk_on,0.0160353244918012,0.010278305669219057,0.026128888493737845,0.696969696969697,0.08230224550543484,0.6060606060606061,0.6439393939393939,,,{},3680.TWO,2015-01-14,2015-01-15
0.04283872042605567,565000,0,0.043939393939393945,1.0696969696969698,1.0,D-1 estimated accounting; fill-day constraints require ledger audit,momentum,V4_MOMENTUM_full,disabled,2015-01-14,risk_on,0.0160353244918012,0.010278305669219057,0.026128888493737845,0.696969696969697,0.08230224550543484,0.6060606060606061,0.6439393939393939,,,{},4904.TW,2015-01-14,2015-01-15
0.04030765837981874,684000,0,-0.0015151515151515138,0.5505050505050505,1.0,D-1 estimated accounting; fill-day constraints require ledger audit,momentum,V4_MOMENTUM_full,disabled,2015-01-14,risk_on,0.0160353244918012,0.010278305669219057,0.026128888493737845,0.696969696969697,0.08230224550543484,0.6060606060606061,0.6439393939393939,,,{},4979.TWO,2015-01-14,2015-01-15
0.04320591131184228,708000,0,0.04128787878787879,1.0383838383838384,1.0,D-1 estimated accounting; fill-day constraints require ledger audit,momentum,V4_MOMENTUM_full,disabled,2015-01-14,risk_on,0.0160353244918012,0.010278305669219057,0.026128888493737845,0.696969696969697,0.08230224550543484,0.6060606060606061,0.6439393939393939,,,{},4991.TWO,2015-01-14,2015-01-15
0.04344130671932468,788000,0,0.04015151515151515,1.0338383838383836,1.0,D-1 estimated accounting; fill-day constraints require ledger audit,momentum,V4_MOMENTUM_full,disabled,2015-01-14,risk_on,0.0160353244918012,0.010278305669219057,0.026128888493737845,0.696969696969697,0.08230224550543484,0.6060606060606061,0.6439393939393939,,,{},5347.TWO,2015-01-14,2015-01-15
0.0,0,-2671000,-0.034090909090909095,0.25454545454545446,1.0,D-1 estimated accounting; fill-day constraints require ledger audit,momentum,V4_MOMENTUM_full,disabled,2015-01-14,risk_on,0.0160353244918012,0.010278305669219057,0.026128888493737845,0.696969696969697,0.08230224550543484,0.6060606060606061,0.6439393939393939,,,{},6182.TWO,2015-01-14,2015-01-15
0.0432142362219688,1601000,0,0.03636363636363637,0.9626262626262625,1.0,D-1 estimated accounting; fill-day constraints require ledger audit,momentum,V4_MOMENTUM_full,disabled,2015-01-15,neutral,0.016063086242788016,-0.004567935401509182,0.020068541476173762,0.4318181818181818,0.07659442435459578,0.5833333333333334,0.6136363636363636,,,{},1785.TWO,2015-01-15,2015-01-16
0.04071953451865169,3804000,0,0.0015151515151515138,0.6310606060606061,1.0,D-1 estimated accounting; fill-day constraints require ledger audit,momentum,V4_MOMENTUM_full,disabled,2015-01-15,neutral,0.016063086242788016,-0.004567935401509182,0.020068541476173762,0.4318181818181818,0.07659442435459578,0.5833333333333334,0.6136363636363636,,,{},2344.TW,2015-01-15,2015-01-16
0.04225506218398527,2579000,0,0.0393939393939394,0.987878787878788,1.0,D-1 estimated accounting; fill-day constraints require ledger audit,momentum,V4_MOMENTUM_full,disabled,2015-01-15,neutral,0.016063086242788016,-0.004567935401509182,0.020068541476173762,0.4318181818181818,0.07659442435459578,0.5833333333333334,0.6136363636363636,,,{},2345.TW,2015-01-15,2015-01-16
0.04277169512379341,2031000,0,0.04848484848484849,1.1555555555555557,1.0,D-1 estimated accounting; fill-day constraints require ledger audit,momentum,V4_MOMENTUM_full,disabled,2015-01-15,neutral,0.016063086242788016,-0.004567935401509182,0.020068541476173762,0.4318181818181818,0.07659442435459578,0.5833333333333334,0.6136363636363636,,,{},2368.TW,2015-01-15,2015-01-16
0.04118315498445336,175000,0,0.014393939393939393,0.7469696969696971,1.0,D-1 estimated accounting; fill-day constraints require ledger audit,momentum,V4_MOMENTUM_full,disabled,2015-01-15,neutral,0.016063086242788016,-0.004567935401509182,0.020068541476173762,0.4318181818181818,0.07659442435459578,0.5833333333333334,0.6136363636363636,,,{},2395.TW,2015-01-15,2015-01-16
0.04380410677397073,2401000,0,0.021969696969696972,0.7974747474747477,1.0,D-1 estimated accounting; fill-day constraints require ledger audit,momentum,V4_MOMENTUM_full,disabled,2015-01-15,neutral,0.016063086242788016,-0.004567935401509182,0.020068541476173762,0.4318181818181818,0.07659442435459578,0.5833333333333334,0.6136363636363636,,,{},2409.TW,2015-01-15,2015-01-16
0.04323644618738194,1842000,0,0.00757575757575758,0.6883838383838383,1.0,D-1 estimated accounting; fill-day constraints require ledger audit,momentum,V4_MOMENTUM_full,disabled,2015-01-15,neutral,0.016063086242788016,-0.004567935401509182,0.020068541476173762,0.4318181818181818,0.07659442435459578,0.5833333333333334,0.6136363636363636,,,{},2603.TW,2015-01-15,2015-01-16
0.04147944697779856,2449000,0,-0.0015151515151515138,0.6196969696969697,1.0,D-1 estimated accounting; fill-day constraints require ledger audit,momentum,V4_MOMENTUM_full,disabled,2015-01-15,neutral,0.016063086242788016,-0.004567935401509182,0.020068541476173762,0.4318181818181818,0.07659442435459578,0.5833333333333334,0.6136363636363636,,,{},2609.TW,2015-01-15,2015-01-16
0.04535744763554629,2847000,0,0.032575757575757584,0.9111111111111111,1.0,D-1 estimated accounting; fill-day constraints require ledger audit,momentum,V4_MOMENTUM_full,disabled,2015-01-15,neutral,0.016063086242788016,-0.004567935401509182,0.020068541476173762,0.4318181818181818,0.07659442435459578,0.5833333333333334,0.6136363636363636,,,{},2610.TW,2015-01-15,2015-01-16
0.04532109263559967,1863000,0,0.031060606060606056,0.9063131313131314,1.0,D-1 estimated accounting; fill-day constraints require ledger audit,momentum,V4_MOMENTUM_full,disabled,2015-01-15,neutral,0.016063086242788016,-0.004567935401509182,0.020068541476173762,0.4318181818181818,0.07659442435459578,0.5833333333333334,0.6136363636363636,,,{},2618.TW,2015-01-15,2015-01-16
0.043040601526301146,231000,0,0.035606060606060606,0.9439393939393941,1.0,D-1 estimated accounting; fill-day constraints require ledger audit,momentum,V4_MOMENTUM_full,disabled,2015-01-15,neutral,0.016063086242788016,-0.004567935401509182,0.020068541476173762,0.4318181818181818,0.07659442435459578,0.5833333333333334,0.6136363636363636,,,{},3034.TW,2015-01-15,2015-01-16
0.0418268419911102,394000,0,0.006060606060606055,0.6787878787878788,1.0,D-1 estimated accounting; fill-day constraints require ledger audit,momentum,V4_MOMENTUM_full,disabled,2015-01-15,neutral,0.016063086242788016,-0.004567935401509182,0.020068541476173762,0.4318181818181818,0.07659442435459578,0.5833333333333334,0.6136363636363636,,,{},3045.TW,2015-01-15,2015-01-16
0.04259187982689087,1246000,0,0.028787878787878786,0.8611111111111112,1.0,D-1 estimated accounting; fill-day constraints require ledger audit,momentum,V4_MOMENTUM_full,disabled,2015-01-15,neutral,0.016063086242788016,-0.004567935401509182,0.020068541476173762,0.4318181818181818,0.07659442435459578,0.5833333333333334,0.6136363636363636,,,{},3105.TWO,2015-01-15,2015-01-16
0.05101965722294801,568000,0,0.05,1.1954545454545455,1.0,D-1 estimated accounting; fill-day constraints require ledger audit,momentum,V4_MOMENTUM_full,disabled,2015-01-15,neutral,0.016063086242788016,-0.004567935401509182,0.020068541476173762,0.4318181818181818,0.07659442435459578,0.5833333333333334,0.6136363636363636,,,{},3227.TWO,2015-01-15,2015-01-16
0.041571628384021196,703000,0,0.03484848484848485,0.9292929292929294,1.0,D-1 estimated accounting; fill-day constraints require ledger audit,momentum,V4_MOMENTUM_full,disabled,2015-01-15,neutral,0.016063086242788016,-0.004567935401509182,0.020068541476173762,0.4318181818181818,0.07659442435459578,0.5833333333333334,0.6136363636363636,,,{},3260.TWO,2015-01-15,2015-01-16
0.04148675817682031,2095000,0,0.026515151515151516,0.8166666666666667,1.0,D-1 estimated accounting; fill-day constraints require ledger audit,momentum,V4_MOMENTUM_full,disabled,2015-01-15,neutral,0.016063086242788016,-0.004567935401509182,0.020068541476173762,0.4318181818181818,0.07659442435459578,0.5833333333333334,0.6136363636363636,,,{},3324.TWO,2015-01-15,2015-01-16
0.0,0,-1189000,-0.034090909090909095,0.24040404040404045,1.0,D-1 estimated accounting; fill-day constraints require ledger audit,momentum,V4_MOMENTUM_full,disabled,2015-01-15,neutral,0.016063086242788016,-0.004567935401509182,0.020068541476173762,0.4318181818181818,0.07659442435459578,0.5833333333333334,0.6136363636363636,,,{},3363.TWO,2015-01-15,2015-01-16
0.04320476432495436,543000,543000,0.04924242424242425,1.1606060606060606,1.0,D-1 estimated accounting; fill-day constraints require ledger audit,momentum,V4_MOMENTUM_full,disabled,2015-01-15,neutral,0.016063086242788016,-0.004567935401509182,0.020068541476173762,0.4318181818181818,0.07659442435459578,0.5833333333333334,0.6136363636363636,,,{},3653.TW,2015-01-15,2015-01-16
0.04314496826422669,808000,0,0.04545454545454546,1.1106060606060606,1.0,D-1 estimated accounting; fill-day constraints require ledger audit,momentum,V4_MOMENTUM_full,disabled,2015-01-15,neutral,0.016063086242788016,-0.004567935401509182,0.020068541476173762,0.4318181818181818,0.07659442435459578,0.5833333333333334,0.6136363636363636,,,{},3680.TWO,2015-01-15,2015-01-16
0.042623536564923174,565000,0,0.01515151515151515,0.7505050505050506,1.0,D-1 estimated accounting; fill-day constraints require ledger audit,momentum,V4_MOMENTUM_full,disabled,2015-01-15,neutral,0.016063086242788016,-0.004567935401509182,0.020068541476173762,0.4318181818181818,0.07659442435459578,0.5833333333333334,0.6136363636363636,,,{},4904.TW,2015-01-15,2015-01-16
0.04010491643731499,684000,0,-0.012878787878787878,0.4797979797979797,1.0,D-1 estimated accounting; fill-day constraints require ledger audit,momentum,V4_MOMENTUM_full,disabled,2015-01-15,neutral,0.016063086242788016,-0.004567935401509182,0.020068541476173762,0.4318181818181818,0.07659442435459578,0.5833333333333334,0.6136363636363636,,,{},4979.TWO,2015-01-15,2015-01-16
0.043362344532048507,708000,0,0.034090909090909095,0.9227272727272727,1.0,D-1 estimated accounting; fill-day constraints require ledger audit,momentum,V4_MOMENTUM_full,disabled,2015-01-15,neutral,0.016063086242788016,-0.004567935401509182,0.020068541476173762,0.4318181818181818,0.07659442435459578,0.5833333333333334,0.6136363636363636,,,{},4991.TWO,2015-01-15,2015-01-16
0.04183995692543787,788000,0,0.02272727272727273,0.8015151515151514,1.0,D-1 estimated accounting; fill-day constraints require ledger audit,momentum,V4_MOMENTUM_full,disabled,2015-01-15,neutral,0.016063086242788016,-0.004567935401509182,0.020068541476173762,0.4318181818181818,0.07659442435459578,0.5833333333333334,0.6136363636363636,,,{},5347.TWO,2015-01-15,2015-01-16
0.04366568975973496,1601000,0,0.04772727272727273,1.1424242424242426,1.0,D-1 estimated accounting; fill-day constraints require ledger audit,momentum,V4_MOMENTUM_full,disabled,2015-01-16,neutral,0.016109288631294544,-0.014659626171513729,0.03230445458627085,0.24242424242424243,0.0769492823577191,0.4393939393939394,0.5227272727272727,,,{},1785.TWO,2015-01-16,2015-01-19
0.03959957688833024,3804000,0,-0.01515151515151515,0.4727272727272726,1.0,D-1 estimated accounting; fill-day constraints require ledger audit,momentum,V4_MOMENTUM_full,disabled,2015-01-16,neutral,0.016109288631294544,-0.014659626171513729,0.03230445458627085,0.24242424242424243,0.0769492823577191,0.4393939393939394,0.5227272727272727,,,{},2344.TW,2015-01-16,2015-01-19
0.041648728597439386,2579000,0,0.025,0.8419191919191921,1.0,D-1 estimated accounting; fill-day constraints require ledger audit,momentum,V4_MOMENTUM_full,disabled,2015-01-16,neutral,0.016109288631294544,-0.014659626171513729,0.03230445458627085,0.24242424242424243,0.0769492823577191,0.4393939393939394,0.5227272727272727,,,{},2345.TW,2015-01-16,2015-01-19
0.04317049354037742,1828000,1828000,0.05,1.1631313131313132,1.0,D-1 estimated accounting; fill-day constraints require ledger audit,momentum,V4_MOMENTUM_full,disabled,2015-01-16,neutral,0.016109288631294544,-0.014659626171513729,0.03230445458627085,0.24242424242424243,0.0769492823577191,0.4393939393939394,0.5227272727272727,,,{},2356.TW,2015-01-16,2015-01-19
0.04363111284746361,2031000,0,0.04848484848484849,1.146969696969697,1.0,D-1 estimated accounting; fill-day constraints require ledger audit,momentum,V4_MOMENTUM_full,disabled,2015-01-16,neutral,0.016109288631294544,-0.014659626171513729,0.03230445458627085,0.24242424242424243,0.0769492823577191,0.4393939393939394,0.5227272727272727,,,{},2368.TW,2015-01-16,2015-01-19
0.041256958472497024,175000,0,0.012878787878787878,0.7454545454545455,1.0,D-1 estimated accounting; fill-day constraints require ledger audit,momentum,V4_MOMENTUM_full,disabled,2015-01-16,neutral,0.016109288631294544,-0.014659626171513729,0.03230445458627085,0.24242424242424243,0.0769492823577191,0.4393939393939394,0.5227272727272727,,,{},2395.TW,2015-01-16,2015-01-19
0.04340819077209303,2401000,0,0.015909090909090907,0.7722222222222221,1.0,D-1 estimated accounting; fill-day constraints require ledger audit,momentum,V4_MOMENTUM_full,disabled,2015-01-16,neutral,0.016109288631294544,-0.014659626171513729,0.03230445458627085,0.24242424242424243,0.0769492823577191,0.4393939393939394,0.5227272727272727,,,{},2409.TW,2015-01-16,2015-01-19
0.044342985973014976,1842000,0,0.013636363636363636,0.746969696969697,1.0,D-1 estimated accounting; fill-day constraints require ledger audit,momentum,V4_MOMENTUM_full,disabled,2015-01-16,neutral,0.016109288631294544,-0.014659626171513729,0.03230445458627085,0.24242424242424243,0.0769492823577191,0.4393939393939394,0.5227272727272727,,,{},2603.TW,2015-01-16,2015-01-19
0.04203714765599421,2449000,0,0.018181818181818177,0.7868686868686869,1.0,D-1 estimated accounting; fill-day constraints require ledger audit,momentum,V4_MOMENTUM_full,disabled,2015-01-16,neutral,0.016109288631294544,-0.014659626171513729,0.03230445458627085,0.24242424242424243,0.0769492823577191,0.4393939393939394,0.5227272727272727,,,{},2609.TW,2015-01-16,2015-01-19
0.04612044743606832,2847000,0,0.02272727272727273,0.8272727272727273,1.0,D-1 estimated accounting; fill-day constraints require ledger audit,momentum,V4_MOMENTUM_full,disabled,2015-01-16,neutral,0.016109288631294544,-0.014659626171513729,0.03230445458627085,0.24242424242424243,0.0769492823577191,0.4393939393939394,0.5227272727272727,,,{},2610.TW,2015-01-16,2015-01-19
0.04598378993331011,1863000,0,0.03484848484848485,0.912121212121212,1.0,D-1 estimated accounting; fill-day constraints require ledger audit,momentum,V4_MOMENTUM_full,disabled,2015-01-16,neutral,0.016109288631294544,-0.014659626171513729,0.03230445458627085,0.24242424242424243,0.0769492823577191,0.4393939393939394,0.5227272727272727,,,{},2618.TW,2015-01-16,2015-01-19
0.04325515874039574,231000,0,0.038636363636363635,0.9525252525252527,1.0,D-1 estimated accounting; fill-day constraints require ledger audit,momentum,V4_MOMENTUM_full,disabled,2015-01-16,neutral,0.016109288631294544,-0.014659626171513729,0.03230445458627085,0.24242424242424243,0.0769492823577191,0.4393939393939394,0.5227272727272727,,,{},3034.TW,2015-01-16,2015-01-19
0.04326531348702463,394000,0,0.03181818181818182,0.8823232323232322,1.0,D-1 estimated accounting; fill-day constraints require ledger audit,momentum,V4_MOMENTUM_full,disabled,2015-01-16,neutral,0.016109288631294544,-0.014659626171513729,0.03230445458627085,0.24242424242424243,0.0769492823577191,0.4393939393939394,0.5227272727272727,,,{},3045.TW,2015-01-16,2015-01-19
0.041264726853668124,1246000,0,0.011363636363636366,0.7404040404040405,1.0,D-1 estimated accounting; fill-day constraints require ledger audit,momentum,V4_MOMENTUM_full,disabled,2015-01-16,neutral,0.016109288631294544,-0.014659626171513729,0.03230445458627085,0.24242424242424243,0.0769492823577191,0.4393939393939394,0.5227272727272727,,,{},3105.TWO,2015-01-16,2015-01-19
0.049358923070352397,568000,0,0.04924242424242425,1.152020202020202,1.0,D-1 estimated accounting; fill-day constraints require ledger audit,momentum,V4_MOMENTUM_full,disabled,2015-01-16,neutral,0.016109288631294544,-0.014659626171513729,0.03230445458627085,0.24242424242424243,0.0769492823577191,0.4393939393939394,0.5227272727272727,,,{},3227.TWO,2015-01-16,2015-01-19
0.04100578081463157,703000,0,0.02045454545454546,0.8060606060606061,1.0,D-1 estimated accounting; fill-day constraints require ledger audit,momentum,V4_MOMENTUM_full,disabled,2015-01-16,neutral,0.016109288631294544,-0.014659626171513729,0.03230445458627085,0.24242424242424243,0.0769492823577191,0.4393939393939394,0.5227272727272727,,,{},3260.TWO,2015-01-16,2015-01-19
0.04192016497482946,2095000,0,0.03636363636363637,0.9186868686868688,1.0,D-1 estimated accounting; fill-day constraints require ledger audit,momentum,V4_MOMENTUM_full,disabled,2015-01-16,neutral,0.016109288631294544,-0.014659626171513729,0.03230445458627085,0.24242424242424243,0.0769492823577191,0.4393939393939394,0.5227272727272727,,,{},3324.TWO,2015-01-16,2015-01-19
0.04227634271283757,543000,0,0.04242424242424242,1.0388888888888888,1.0,D-1 estimated accounting; fill-day constraints require ledger audit,momentum,V4_MOMENTUM_full,disabled,2015-01-16,neutral,0.016109288631294544,-0.014659626171513729,0.03230445458627085,0.24242424242424243,0.0769492823577191,0.4393939393939394,0.5227272727272727,,,{},3653.TW,2015-01-16,2015-01-19
0.04285678803014461,808000,0,0.04469696969696971,1.0838383838383838,1.0,D-1 estimated accounting; fill-day constraints require ledger audit,momentum,V4_MOMENTUM_full,disabled,2015-01-16,neutral,0.016109288631294544,-0.014659626171513729,0.03230445458627085,0.24242424242424243,0.0769492823577191,0.4393939393939394,0.5227272727272727,,,{},3680.TWO,2015-01-16,2015-01-19
0.0434707947850601,565000,0,0.041666666666666664,0.9954545454545456,1.0,D-1 estimated accounting; fill-day constraints require ledger audit,momentum,V4_MOMENTUM_full,disabled,2015-01-16,neutral,0.016109288631294544,-0.014659626171513729,0.03230445458627085,0.24242424242424243,0.0769492823577191,0.4393939393939394,0.5227272727272727,,,{},4904.TW,2015-01-16,2015-01-19
0.0,0,-684000,-0.02272727272727273,0.4181818181818182,1.0,D-1 estimated accounting; fill-day constraints require ledger audit,momentum,V4_MOMENTUM_full,disabled,2015-01-16,neutral,0.016109288631294544,-0.014659626171513729,0.03230445458627085,0.24242424242424243,0.0769492823577191,0.4393939393939394,0.5227272727272727,,,{},4979.TWO,2015-01-16,2015-01-19
0.04244836412073088,708000,0,0.031060606060606056,0.8782828282828284,1.0,D-1 estimated accounting; fill-day constraints require ledger audit,momentum,V4_MOMENTUM_full,disabled,2015-01-16,neutral,0.016109288631294544,-0.014659626171513729,0.03230445458627085,0.24242424242424243,0.0769492823577191,0.4393939393939394,0.5227272727272727,,,{},4991.TWO,2015-01-16,2015-01-19
0.04163649212775158,788000,0,0.012121212121212123,0.7419191919191919,1.0,D-1 estimated accounting; fill-day constraints require ledger audit,momentum,V4_MOMENTUM_full,disabled,2015-01-16,neutral,0.016109288631294544,-0.014659626171513729,0.03230445458627085,0.24242424242424243,0.0769492823577191,0.4393939393939394,0.5227272727272727,,,{},5347.TWO,2015-01-16,2015-01-19
0.04292388993657419,1601000,0,0.04015151515151515,0.9868686868686869,1.0,D-1 estimated accounting; fill-day constraints require ledger audit,momentum,V4_MOMENTUM_full,disabled,2015-01-19,neutral,0.016089669443879927,-0.011289076502679019,0.02545410194037734,0.3181818181818182,0.08076654707115141,0.4772727272727273,0.5151515151515151,,,{},1785.TWO,2015-01-19,2015-01-20
0.0,0,-3804000,-0.04015151515151515,0.17626262626262626,1.0,D-1 estimated accounting; fill-day constraints require ledger audit,momentum,V4_MOMENTUM_full,disabled,2015-01-19,neutral,0.016089669443879927,-0.011289076502679019,0.02545410194037734,0.3181818181818182,0.08076654707115141,0.4772727272727273,0.5151515151515151,,,{},2344.TW,2015-01-19,2015-01-20
0.041876991940369014,2579000,0,0.021969696969696972,0.8015151515151515,1.0,D-1 estimated accounting; fill-day constraints require ledger audit,momentum,V4_MOMENTUM_full,disabled,2015-01-19,neutral,0.016089669443879927,-0.011289076502679019,0.02545410194037734,0.3181818181818182,0.08076654707115141,0.4772727272727273,0.5151515151515151,,,{},2345.TW,2015-01-19,2015-01-20
0.043780491574022154,1828000,0,0.046969696969696974,1.137878787878788,1.0,D-1 estimated accounting; fill-day constraints require ledger audit,momentum,V4_MOMENTUM_full,disabled,2015-01-19,neutral,0.016089669443879927,-0.011289076502679019,0.02545410194037734,0.3181818181818182,0.08076654707115141,0.4772727272727273,0.5151515151515151,,,{},2356.TW,2015-01-19,2015-01-20
0.045322211155003796,2031000,0,0.05,1.16010101010101,1.0,D-1 estimated accounting; fill-day constraints require ledger audit,momentum,V4_MOMENTUM_full,disabled,2015-01-19,neutral,0.016089669443879927,-0.011289076502679019,0.02545410194037734,0.3181818181818182,0.08076654707115141,0.4772727272727273,0.5151515151515151,,,{},2368.TW,2015-01-19,2015-01-20
0.04184145974299946,175000,0,0.004545454545454542,0.664141414141414,1.0,D-1 estimated accounting; fill-day constraints require ledger audit,momentum,V4_MOMENTUM_full,disabled,2015-01-19,neutral,0.016089669443879927,-0.011289076502679019,0.02545410194037734,0.3181818181818182,0.08076654707115141,0.4772727272727273,0.5151515151515151,,,{},2395.TW,2015-01-19,2015-01-20
0.04536251671509469,2401000,0,0.03636363636363637,0.9601010101010099,1.0,D-1 estimated accounting; fill-day constraints require ledger audit,momentum,V4_MOMENTUM_full,disabled,2015-01-19,neutral,0.016089669443879927,-0.011289076502679019,0.02545410194037734,0.3181818181818182,0.08076654707115141,0.4772727272727273,0.5151515151515151,,,{},2409.TW,2015-01-19,2015-01-20
0.0431750658145314,1842000,0,0.0007575757575757569,0.6196969696969697,1.0,D-1 estimated accounting; fill-day constraints require ledger audit,momentum,V4_MOMENTUM_full,disabled,2015-01-19,neutral,0.016089669443879927,-0.011289076502679019,0.02545410194037734,0.3181818181818182,0.08076654707115141,0.4772727272727273,0.5151515151515151,,,{},2603.TW,2015-01-19,2015-01-20
0.04126712465620706,2449000,0,-0.014393939393939393,0.4808080808080808,1.0,D-1 estimated accounting; fill-day constraints require ledger audit,momentum,V4_MOMENTUM_full,disabled,2015-01-19,neutral,0.016089669443879927,-0.011289076502679019,0.02545410194037734,0.3181818181818182,0.08076654707115141,0.4772727272727273,0.5151515151515151,,,{},2609.TW,2015-01-19,2015-01-20
0.04448340114224447,2847000,0,0.0015151515151515138,0.6247474747474748,1.0,D-1 estimated accounting; fill-day constraints require ledger audit,momentum,V4_MOMENTUM_full,disabled,2015-01-19,neutral,0.016089669443879927,-0.011289076502679019,0.02545410194037734,0.3181818181818182,0.08076654707115141,0.4772727272727273,0.5151515151515151,,,{},2610.TW,2015-01-19,2015-01-20
0.044808781113415255,1863000,0,0.006060606060606055,0.6737373737373736,1.0,D-1 estimated accounting; fill-day constraints require ledger audit,momentum,V4_MOMENTUM_full,disabled,2015-01-19,neutral,0.016089669443879927,-0.011289076502679019,0.02545410194037734,0.3181818181818182,0.08076654707115141,0.4772727272727273,0.5151515151515151,,,{},2618.TW,2015-01-19,2015-01-20
0.04396496800389987,231000,0,0.04318181818181818,1.018181818181818,1.0,D-1 estimated accounting; fill-day constraints require ledger audit,momentum,V4_MOMENTUM_full,disabled,2015-01-19,neutral,0.016089669443879927,-0.011289076502679019,0.02545410194037734,0.3181818181818182,0.08076654707115141,0.4772727272727273,0.5151515151515151,,,{},3034.TW,2015-01-19,2015-01-20
0.043152832665171566,636000,636000,0.04924242424242425,1.1545454545454548,1.0,D-1 estimated accounting; fill-day constraints require ledger audit,momentum,V4_MOMENTUM_full,disabled,2015-01-19,neutral,0.016089669443879927,-0.011289076502679019,0.02545410194037734,0.3181818181818182,0.08076654707115141,0.4772727272727273,0.5151515151515151,,,{},3044.TW,2015-01-19,2015-01-20
0.04350243681400306,394000,0,0.043939393939393945,1.022979797979798,1.0,D-1 estimated accounting; fill-day constraints require ledger audit,momentum,V4_MOMENTUM_full,disabled,2015-01-19,neutral,0.016089669443879927,-0.011289076502679019,0.02545410194037734,0.3181818181818182,0.08076654707115141,0.4772727272727273,0.5151515151515151,,,{},3045.TW,2015-01-19,2015-01-20
0.041618158261254576,1246000,0,0.014393939393939393,0.7651515151515151,1.0,D-1 estimated accounting; fill-day constraints require ledger audit,momentum,V4_MOMENTUM_full,disabled,2015-01-19,neutral,0.016089669443879927,-0.011289076502679019,0.02545410194037734,0.3181818181818182,0.08076654707115141,0.4772727272727273,0.5151515151515151,,,{},3105.TWO,2015-01-19,2015-01-20
0.05131278137028703,568000,0,0.04090909090909091,1.0025252525252526,1.0,D-1 estimated accounting; fill-day constraints require ledger audit,momentum,V4_MOMENTUM_full,disabled,2015-01-19,neutral,0.016089669443879927,-0.011289076502679019,0.02545410194037734,0.3181818181818182,0.08076654707115141,0.4772727272727273,0.5151515151515151,,,{},3227.TWO,2015-01-19,2015-01-20
0.03993757721928846,703000,0,-0.025,0.40555555555555556,1.0,D-1 estimated accounting; fill-day constraints require ledger audit,momentum,V4_MOMENTUM_full,disabled,2015-01-19,neutral,0.016089669443879927,-0.011289076502679019,0.02545410194037734,0.3181818181818182,0.08076654707115141,0.4772727272727273,0.5151515151515151,,,{},3260.TWO,2015-01-19,2015-01-20
0.04236387493794582,2095000,0,0.03484848484848485,0.9358585858585857,1.0,D-1 estimated accounting; fill-day constraints require ledger audit,momentum,V4_MOMENTUM_full,disabled,2015-01-19,neutral,0.016089669443879927,-0.011289076502679019,0.02545410194037734,0.3181818181818182,0.08076654707115141,0.4772727272727273,0.5151515151515151,,,{},3324.TWO,2015-01-19,2015-01-20
0.041065213965694715,543000,0,-0.01515151515151515,0.47676767676767673,1.0,D-1 estimated accounting; fill-day constraints require ledger audit,momentum,V4_MOMENTUM_full,disabled,2015-01-19,neutral,0.016089669443879927,-0.011289076502679019,0.02545410194037734,0.3181818181818182,0.08076654707115141,0.4772727272727273,0.5151515151515151,,,{},3653.TW,2015-01-19,2015-01-20
0.0431742234564041,808000,0,0.04621212121212122,1.1106060606060606,1.0,D-1 estimated accounting; fill-day constraints require ledger audit,momentum,V4_MOMENTUM_full,disabled,2015-01-19,neutral,0.016089669443879927,-0.011289076502679019,0.02545410194037734,0.3181818181818182,0.08076654707115141,0.4772727272727273,0.5151515151515151,,,{},3680.TWO,2015-01-19,2015-01-20
0.04359356464777412,565000,0,0.04242424242424242,1.0080808080808081,1.0,D-1 estimated accounting; fill-day constraints require ledger audit,momentum,V4_MOMENTUM_full,disabled,2015-01-19,neutral,0.016089669443879927,-0.011289076502679019,0.02545410194037734,0.3181818181818182,0.08076654707115141,0.4772727272727273,0.5151515151515151,,,{},4904.TW,2015-01-19,2015-01-20
0.04253632862000668,708000,0,0.02803030303030303,0.8368686868686869,1.0,D-1 estimated accounting; fill-day constraints require ledger audit,momentum,V4_MOMENTUM_full,disabled,2015-01-19,neutral,0.016089669443879927,-0.011289076502679019,0.02545410194037734,0.3181818181818182,0.08076654707115141,0.4772727272727273,0.5151515151515151,,,{},4991.TWO,2015-01-19,2015-01-20
0.04226723348734155,788000,0,-0.0060606060606060615,0.5797979797979798,1.0,D-1 estimated accounting; fill-day constraints require ledger audit,momentum,V4_MOMENTUM_full,disabled,2015-01-19,neutral,0.016089669443879927,-0.011289076502679019,0.02545410194037734,0.3181818181818182,0.08076654707115141,0.4772727272727273,0.5151515151515151,,,{},5347.TWO,2015-01-19,2015-01-20
0.043351345735763235,1601000,0,0.03787878787878788,0.9171717171717172,1.0,D-1 estimated accounting; fill-day constraints require ledger audit,momentum,V4_MOMENTUM_full,disabled,2015-01-20,risk_on,0.016102261017502853,-0.008902340050856772,0.029042713436549183,0.30303030303030304,0.0781591126961196,0.6136363636363636,0.6363636363636364,,,{},1785.TWO,2015-01-20,2015-01-21
0.04145044315330805,2579000,0,-0.006818181818181818,0.5722222222222222,1.0,D-1 estimated accounting; fill-day constraints require ledger audit,momentum,V4_MOMENTUM_full,disabled,2015-01-20,risk_on,0.016102261017502853,-0.008902340050856772,0.029042713436549183,0.30303030303030304,0.0781591126961196,0.6136363636363636,0.6363636363636364,,,{},2345.TW,2015-01-20,2015-01-21
0.043563945515248746,1828000,0,0.038636363636363635,0.9373737373737373,1.0,D-1 estimated accounting; fill-day constraints require ledger audit,momentum,V4_MOMENTUM_full,disabled,2015-01-20,risk_on,0.016102261017502853,-0.008902340050856772,0.029042713436549183,0.30303030303030304,0.0781591126961196,0.6136363636363636,0.6363636363636364,,,{},2356.TW,2015-01-20,2015-01-21
0.04366335137303871,2031000,0,0.046969696969696974,1.1106060606060608,1.0,D-1 estimated accounting; fill-day constraints require ledger audit,momentum,V4_MOMENTUM_full,disabled,2015-01-20,risk_on,0.016102261017502853,-0.008902340050856772,0.029042713436549183,0.30303030303030304,0.0781591126961196,0.6136363636363636,0.6363636363636364,,,{},2368.TW,2015-01-20,2015-01-21
0.041812810707826935,175000,0,0.02045454545454546,0.7747474747474747,1.0,D-1 estimated accounting; fill-day constraints require ledger audit,momentum,V4_MOMENTUM_full,disabled,2015-01-20,risk_on,0.016102261017502853,-0.008902340050856772,0.029042713436549183,0.30303030303030304,0.0781591126961196,0.6136363636363636,0.6363636363636364,,,{},2395.TW,2015-01-20,2015-01-21
0.0452855779212255,2401000,0,0.041666666666666664,0.964141414141414,1.0,D-1 estimated accounting; fill-day constraints require ledger audit,momentum,V4_MOMENTUM_full,disabled,2015-01-20,risk_on,0.016102261017502853,-0.008902340050856772,0.029042713436549183,0.30303030303030304,0.0781591126961196,0.6136363636363636,0.6363636363636364,,,{},2409.TW,2015-01-20,2015-01-21
0.043056904672543965,1842000,0,0.004545454545454542,0.6313131313131314,1.0,D-1 estimated accounting; fill-day constraints require ledger audit,momentum,V4_MOMENTUM_full,disabled,2015-01-20,risk_on,0.016102261017502853,-0.008902340050856772,0.029042713436549183,0.30303030303030304,0.0781591126961196,0.6136363636363636,0.6363636363636364,,,{},2603.TW,2015-01-20,2015-01-21
0.04172065372186969,2449000,0,0.006818181818181824,0.6510101010101009,1.0,D-1 estimated accounting; fill-day constraints require ledger audit,momentum,V4_MOMENTUM_full,disabled,2015-01-20,risk_on,0.016102261017502853,-0.008902340050856772,0.029042713436549183,0.30303030303030304,0.0781591126961196,0.6136363636363636,0.6363636363636364,,,{},2609.TW,2015-01-20,2015-01-21
0.04546829511368033,2847000,0,0.018181818181818177,0.7348484848484849,1.0,D-1 estimated accounting; fill-day constraints require ledger audit,momentum,V4_MOMENTUM_full,disabled,2015-01-20,risk_on,0.016102261017502853,-0.008902340050856772,0.029042713436549183,0.30303030303030304,0.0781591126961196,0.6136363636363636,0.6363636363636364,,,{},2610.TW,2015-01-20,2015-01-21
0.04505906334930585,1863000,0,0.0037878787878787845,0.6262626262626263,1.0,D-1 estimated accounting; fill-day constraints require ledger audit,momentum,V4_MOMENTUM_full,disabled,2015-01-20,risk_on,0.016102261017502853,-0.008902340050856772,0.029042713436549183,0.30303030303030304,0.0781591126961196,0.6136363636363636,0.6363636363636364,,,{},2618.TW,2015-01-20,2015-01-21
0.04330237783233381,231000,0,0.024242424242424246,0.7878787878787878,1.0,D-1 estimated accounting; fill-day constraints require ledger audit,momentum,V4_MOMENTUM_full,disabled,2015-01-20,risk_on,0.016102261017502853,-0.008902340050856772,0.029042713436549183,0.30303030303030304,0.0781591126961196,0.6136363636363636,0.6363636363636364,,,{},3034.TW,2015-01-20,2015-01-21
0.04226725921118593,636000,0,0.04621212121212122,1.0888888888888888,1.0,D-1 estimated accounting; fill-day constraints require ledger audit,momentum,V4_MOMENTUM_full,disabled,2015-01-20,risk_on,0.016102261017502853,-0.008902340050856772,0.029042713436549183,0.30303030303030304,0.0781591126961196,0.6136363636363636,0.6363636363636364,,,{},3044.TW,2015-01-20,2015-01-21
0.042395255025015434,394000,0,0.03333333333333334,0.8797979797979798,1.0,D-1 estimated accounting; fill-day constraints require ledger audit,momentum,V4_MOMENTUM_full,disabled,2015-01-20,risk_on,0.016102261017502853,-0.008902340050856772,0.029042713436549183,0.30303030303030304,0.0781591126961196,0.6136363636363636,0.6363636363636364,,,{},3045.TW,2015-01-20,2015-01-21
0.042840680457142094,1246000,0,0.02954545454545454,0.8469696969696969,1.0,D-1 estimated accounting; fill-day constraints require ledger audit,momentum,V4_MOMENTUM_full,disabled,2015-01-20,risk_on,0.016102261017502853,-0.008902340050856772,0.029042713436549183,0.30303030303030304,0.0781591126961196,0.6136363636363636,0.6363636363636364,,,{},3105.TWO,2015-01-20,2015-01-21
0.05123852382105414,568000,0,0.04242424242424242,0.9853535353535354,1.0,D-1 estimated accounting; fill-day constraints require ledger audit,momentum,V4_MOMENTUM_full,disabled,2015-01-20,risk_on,0.016102261017502853,-0.008902340050856772,0.029042713436549183,0.30303030303030304,0.0781591126961196,0.6136363636363636,0.6363636363636364,,,{},3227.TWO,2015-01-20,2015-01-21
0.04022606814763248,703000,0,-0.030303030303030304,0.3823232323232324,1.0,D-1 estimated accounting; fill-day constraints require ledger audit,momentum,V4_MOMENTUM_full,disabled,2015-01-20,risk_on,0.016102261017502853,-0.008902340050856772,0.029042713436549183,0.30303030303030304,0.0781591126961196,0.6136363636363636,0.6363636363636364,,,{},3260.TWO,2015-01-20,2015-01-21
0.0417459740818728,2095000,0,0.012878787878787878,0.6727272727272727,1.0,D-1 estimated accounting; fill-day constraints require ledger audit,momentum,V4_MOMENTUM_full,disabled,2015-01-20,risk_on,0.016102261017502853,-0.008902340050856772,0.029042713436549183,0.30303030303030304,0.0781591126961196,0.6136363636363636,0.6363636363636364,,,{},3324.TWO,2015-01-20,2015-01-21
0.0,0,-543000,-0.03181818181818182,0.3762626262626263,1.0,D-1 estimated accounting; fill-day constraints require ledger audit,momentum,V4_MOMENTUM_full,disabled,2015-01-20,risk_on,0.016102261017502853,-0.008902340050856772,0.029042713436549183,0.30303030303030304,0.0781591126961196,0.6136363636363636,0.6363636363636364,,,{},3653.TW,2015-01-20,2015-01-21
0.042951238425443926,808000,0,0.021212121212121217,0.7757575757575759,1.0,D-1 estimated accounting; fill-day constraints require ledger audit,momentum,V4_MOMENTUM_full,disabled,2015-01-20,risk_on,0.016102261017502853,-0.008902340050856772,0.029042713436549183,0.30303030303030304,0.0781591126961196,0.6136363636363636,0.6363636363636364,,,{},3680.TWO,2015-01-20,2015-01-21
0.04305632172131265,565000,0,0.035606060606060606,0.8904040404040403,1.0,D-1 estimated accounting; fill-day constraints require ledger audit,momentum,V4_MOMENTUM_full,disabled,2015-01-20,risk_on,0.016102261017502853,-0.008902340050856772,0.029042713436549183,0.30303030303030304,0.0781591126961196,0.6136363636363636,0.6363636363636364,,,{},4904.TW,2015-01-20,2015-01-21
0.04315410545393726,525000,525000,0.05,1.1404040404040405,1.0,D-1 estimated accounting; fill-day constraints require ledger audit,momentum,V4_MOMENTUM_full,disabled,2015-01-20,risk_on,0.016102261017502853,-0.008902340050856772,0.029042713436549183,0.30303030303030304,0.0781591126961196,0.6136363636363636,0.6363636363636364,,,{},4938.TW,2015-01-20,2015-01-21
0.0446780920467967,708000,0,0.04469696969696971,1.0560606060606061,1.0,D-1 estimated accounting; fill-day constraints require ledger audit,momentum,V4_MOMENTUM_full,disabled,2015-01-20,risk_on,0.016102261017502853,-0.008902340050856772,0.029042713436549183,0.30303030303030304,0.0781591126961196,0.6136363636363636,0.6363636363636364,,,{},4991.TWO,2015-01-20,2015-01-21
0.042368388576964094,788000,0,0.023484848484848487,0.784848484848485,1.0,D-1 estimated accounting; fill-day constraints require ledger audit,momentum,V4_MOMENTUM_full,disabled,2015-01-20,risk_on,0.016102261017502853,-0.008902340050856772,0.029042713436549183,0.30303030303030304,0.0781591126961196,0.6136363636363636,0.6363636363636364,,,{},5347.TWO,2015-01-20,2015-01-21
0.042745006625974795,1601000,0,0.017424242424242422,0.7424242424242423,1.0,D-1 estimated accounting; fill-day constraints require ledger audit,momentum,V4_MOMENTUM_full,disabled,2015-01-21,risk_on,0.016263134972667532,-2.220446049250313e-16,0.026752439280377405,0.4621212121212121,0.07185095687509356,0.6439393939393939,0.7045454545454546,,,{},1785.TWO,2015-01-21,2015-01-22
0.0411779121380782,2579000,0,-0.0196969696969697,0.47070707070707063,1.0,D-1 estimated accounting; fill-day constraints require ledger audit,momentum,V4_MOMENTUM_full,disabled,2015-01-21,risk_on,0.016263134972667532,-2.220446049250313e-16,0.026752439280377405,0.4621212121212121,0.07185095687509356,0.6439393939393939,0.7045454545454546,,,{},2345.TW,2015-01-21,2015-01-22
0.042668442714191235,1828000,0,0.023484848484848487,0.7898989898989899,1.0,D-1 estimated accounting; fill-day constraints require ledger audit,momentum,V4_MOMENTUM_full,disabled,2015-01-21,risk_on,0.016263134972667532,-2.220446049250313e-16,0.026752439280377405,0.4621212121212121,0.07185095687509356,0.6439393939393939,0.7045454545454546,,,{},2356.TW,2015-01-21,2015-01-22
0.043274294066598044,2031000,0,0.0303030303030303,0.8404040404040405,1.0,D-1 estimated accounting; fill-day constraints require ledger audit,momentum,V4_MOMENTUM_full,disabled,2015-01-21,risk_on,0.016263134972667532,-2.220446049250313e-16,0.026752439280377405,0.4621212121212121,0.07185095687509356,0.6439393939393939,0.7045454545454546,,,{},2368.TW,2015-01-21,2015-01-22
0.041934756065516325,175000,0,0.013636363636363636,0.6984848484848485,1.0,D-1 estimated accounting; fill-day constraints require ledger audit,momentum,V4_MOMENTUM_full,disabled,2015-01-21,risk_on,0.016263134972667532,-2.220446049250313e-16,0.026752439280377405,0.4621212121212121,0.07185095687509356,0.6439393939393939,0.7045454545454546,,,{},2395.TW,2015-01-21,2015-01-22
0.0,0,-2401000,-0.03333333333333334,0.3267676767676768,1.0,D-1 estimated accounting; fill-day constraints require ledger audit,momentum,V4_MOMENTUM_full,disabled,2015-01-21,risk_on,0.016263134972667532,-2.220446049250313e-16,0.026752439280377405,0.4621212121212121,0.07185095687509356,0.6439393939393939,0.7045454545454546,,,{},2409.TW,2015-01-21,2015-01-22
0.04383817761742629,1842000,0,-0.009848484848484851,0.55,1.0,D-1 estimated accounting; fill-day constraints require ledger audit,momentum,V4_MOMENTUM_full,disabled,2015-01-21,risk_on,0.016263134972667532,-2.220446049250313e-16,0.026752439280377405,0.4621212121212121,0.07185095687509356,0.6439393939393939,0.7045454545454546,,,{},2603.TW,2015-01-21,2015-01-22
0.04209139179739225,2449000,0,-0.012121212121212123,0.5393939393939393,1.0,D-1 estimated accounting; fill-day constraints require ledger audit,momentum,V4_MOMENTUM_full,disabled,2015-01-21,risk_on,0.016263134972667532,-2.220446049250313e-16,0.026752439280377405,0.4621212121212121,0.07185095687509356,0.6439393939393939,0.7045454545454546,,,{},2609.TW,2015-01-21,2015-01-22
0.046035195843008254,2847000,0,-0.007575757575757575,0.5585858585858586,1.0,D-1 estimated accounting; fill-day constraints require ledger audit,momentum,V4_MOMENTUM_full,disabled,2015-01-21,risk_on,0.016263134972667532,-2.220446049250313e-16,0.026752439280377405,0.4621212121212121,0.07185095687509356,0.6439393939393939,0.7045454545454546,,,{},2610.TW,2015-01-21,2015-01-22
0.04604312676614122,1863000,0,0.012878787878787878,0.6893939393939394,1.0,D-1 estimated accounting; fill-day constraints require ledger audit,momentum,V4_MOMENTUM_full,disabled,2015-01-21,risk_on,0.016263134972667532,-2.220446049250313e-16,0.026752439280377405,0.4621212121212121,0.07185095687509356,0.6439393939393939,0.7045454545454546,,,{},2618.TW,2015-01-21,2015-01-22
0.04328453817564479,16000,16000,0.05,1.187878787878788,1.0,D-1 estimated accounting; fill-day constraints require ledger audit,momentum,V4_MOMENTUM_full,disabled,2015-01-21,risk_on,0.016263134972667532,-2.220446049250313e-16,0.026752439280377405,0.4621212121212121,0.07185095687509356,0.6439393939393939,0.7045454545454546,,,{},3008.TW,2015-01-21,2015-01-22
0.04284020312319572,231000,0,0.004545454545454542,0.6116161616161617,1.0,D-1 estimated accounting; fill-day constraints require ledger audit,momentum,V4_MOMENTUM_full,disabled,2015-01-21,risk_on,0.016263134972667532,-2.220446049250313e-16,0.026752439280377405,0.4621212121212121,0.07185095687509356,0.6439393939393939,0.7045454545454546,,,{},3034.TW,2015-01-21,2015-01-22
0.044137925840451425,636000,0,0.04848484848484849,1.1691919191919191,1.0,D-1 estimated accounting; fill-day constraints require ledger audit,momentum,V4_MOMENTUM_full,disabled,2015-01-21,risk_on,0.016263134972667532,-2.220446049250313e-16,0.026752439280377405,0.4621212121212121,0.07185095687509356,0.6439393939393939,0.7045454545454546,,,{},3044.TW,2015-01-21,2015-01-22
0.04332114243625844,394000,0,0.025757575757575757,0.806060606060606,1.0,D-1 estimated accounting; fill-day constraints require ledger audit,momentum,V4_MOMENTUM_full,disabled,2015-01-21,risk_on,0.016263134972667532,-2.220446049250313e-16,0.026752439280377405,0.4621212121212121,0.07185095687509356,0.6439393939393939,0.7045454545454546,,,{},3045.TW,2015-01-21,2015-01-22
0.041951685536050144,1246000,0,0.02272727272727273,0.7853535353535352,1.0,D-1 estimated accounting; fill-day constraints require ledger audit,momentum,V4_MOMENTUM_full,disabled,2015-01-21,risk_on,0.016263134972667532,-2.220446049250313e-16,0.026752439280377405,0.4621212121212121,0.07185095687509356,0.6439393939393939,0.7045454545454546,,,{},3105.TWO,2015-01-21,2015-01-22
0.050463091235239815,568000,0,0.046969696969696974,1.0484848484848486,1.0,D-1 estimated accounting; fill-day constraints require ledger audit,momentum,V4_MOMENTUM_full,disabled,2015-01-21,risk_on,0.016263134972667532,-2.220446049250313e-16,0.026752439280377405,0.4621212121212121,0.07185095687509356,0.6439393939393939,0.7045454545454546,,,{},3227.TWO,2015-01-21,2015-01-22
0.03998573170559186,703000,0,-0.02803030303030303,0.38989898989898997,1.0,D-1 estimated accounting; fill-day constraints require ledger audit,momentum,V4_MOMENTUM_full,disabled,2015-01-21,risk_on,0.016263134972667532,-2.220446049250313e-16,0.026752439280377405,0.4621212121212121,0.07185095687509356,0.6439393939393939,0.7045454545454546,,,{},3260.TWO,2015-01-21,2015-01-22
0.0416546572129456,2095000,0,-0.01893939393939394,0.4838383838383839,1.0,D-1 estimated accounting; fill-day constraints require ledger audit,momentum,V4_MOMENTUM_full,disabled,2015-01-21,risk_on,0.016263134972667532,-2.220446049250313e-16,0.026752439280377405,0.4621212121212121,0.07185095687509356,0.6439393939393939,0.7045454545454546,,,{},3324.TWO,2015-01-21,2015-01-22
0.04307650396115719,808000,0,0.02803030303030303,0.8252525252525253,1.0,D-1 estimated accounting; fill-day constraints require ledger audit,momentum,V4_MOMENTUM_full,disabled,2015-01-21,risk_on,0.016263134972667532,-2.220446049250313e-16,0.026752439280377405,0.4621212121212121,0.07185095687509356,0.6439393939393939,0.7045454545454546,,,{},3680.TWO,2015-01-21,2015-01-22
0.04427437838973899,565000,0,0.038636363636363635,0.9424242424242424,1.0,D-1 estimated accounting; fill-day constraints require ledger audit,momentum,V4_MOMENTUM_full,disabled,2015-01-21,risk_on,0.016263134972667532,-2.220446049250313e-16,0.026752439280377405,0.4621212121212121,0.07185095687509356,0.6439393939393939,0.7045454545454546,,,{},4904.TW,2015-01-21,2015-01-22
0.042425049800735866,525000,0,0.04772727272727273,1.091919191919192,1.0,D-1 estimated accounting; fill-day constraints require ledger audit,momentum,V4_MOMENTUM_full,disabled,2015-01-21,risk_on,0.016263134972667532,-2.220446049250313e-16,0.026752439280377405,0.4621212121212121,0.07185095687509356,0.6439393939393939,0.7045454545454546,,,{},4938.TW,2015-01-21,2015-01-22
0.04430411935148758,708000,0,0.04318181818181818,0.9868686868686868,1.0,D-1 estimated accounting; fill-day constraints require ledger audit,momentum,V4_MOMENTUM_full,disabled,2015-01-21,risk_on,0.016263134972667532,-2.220446049250313e-16,0.026752439280377405,0.4621212121212121,0.07185095687509356,0.6439393939393939,0.7045454545454546,,,{},4991.TWO,2015-01-21,2015-01-22
0.04345403623798634,788000,0,0.03787878787878788,0.937878787878788,1.0,D-1 estimated accounting; fill-day constraints require ledger audit,momentum,V4_MOMENTUM_full,disabled,2015-01-21,risk_on,0.016263134972667532,-2.220446049250313e-16,0.026752439280377405,0.4621212121212121,0.07185095687509356,0.6439393939393939,0.7045454545454546,,,{},5347.TWO,2015-01-21,2015-01-22
0.04267154854018944,1601000,0,0.017424242424242422,0.764141414141414,1.0,D-1 estimated accounting; fill-day constraints require ledger audit,momentum,V4_MOMENTUM_full,disabled,2015-01-22,risk_on,0.016681130890539374,0.00925869203263363,0.031008595917510706,0.696969696969697,0.0731290263628668,0.7803030303030303,0.7272727272727273,,,{},1785.TWO,2015-01-22,2015-01-23
0.04105616720286014,2579000,0,-0.02954545454545454,0.3704545454545455,1.0,D-1 estimated accounting; fill-day constraints require ledger audit,momentum,V4_MOMENTUM_full,disabled,2015-01-22,risk_on,0.016681130890539374,0.00925869203263363,0.031008595917510706,0.696969696969697,0.0731290263628668,0.7803030303030303,0.7272727272727273,,,{},2345.TW,2015-01-22,2015-01-23
0.0428256246361279,1828000,0,0.02045454545454546,0.7792929292929293,1.0,D-1 estimated accounting; fill-day constraints require ledger audit,momentum,V4_MOMENTUM_full,disabled,2015-01-22,risk_on,0.016681130890539374,0.00925869203263363,0.031008595917510706,0.696969696969697,0.0731290263628668,0.7803030303030303,0.7272727272727273,,,{},2356.TW,2015-01-22,2015-01-23
0.045124375516329064,2031000,0,0.0393939393939394,0.9232323232323234,1.0,D-1 estimated accounting; fill-day constraints require ledger audit,momentum,V4_MOMENTUM_full,disabled,2015-01-22,risk_on,0.016681130890539374,0.00925869203263363,0.031008595917510706,0.696969696969697,0.0731290263628668,0.7803030303030303,0.7272727272727273,,,{},2368.TW,2015-01-22,2015-01-23
0.04172294044837611,175000,0,-0.008333333333333331,0.5398989898989899,1.0,D-1 estimated accounting; fill-day constraints require ledger audit,momentum,V4_MOMENTUM_full,disabled,2015-01-22,risk_on,0.016681130890539374,0.00925869203263363,0.031008595917510706,0.696969696969697,0.0731290263628668,0.7803030303030303,0.7272727272727273,,,{},2395.TW,2015-01-22,2015-01-23
0.042044792770392046,397000,397000,0.04924242424242425,1.1626262626262627,1.0,D-1 estimated accounting; fill-day constraints require ledger audit,momentum,V4_MOMENTUM_full,disabled,2015-01-22,risk_on,0.016681130890539374,0.00925869203263363,0.031008595917510706,0.696969696969697,0.0731290263628668,0.7803030303030303,0.7272727272727273,,,{},2451.TW,2015-01-22,2015-01-23
0.04315352113320517,1842000,0,0.0030303030303030277,0.6217171717171717,1.0,D-1 estimated accounting; fill-day constraints require ledger audit,momentum,V4_MOMENTUM_full,disabled,2015-01-22,risk_on,0.016681130890539374,0.00925869203263363,0.031008595917510706,0.696969696969697,0.0731290263628668,0.7803030303030303,0.7272727272727273,,,{},2603.TW,2015-01-22,2015-01-23
0.041948085969410735,2449000,0,0.021212121212121217,0.7792929292929294,1.0,D-1 estimated accounting; fill-day constraints require ledger audit,momentum,V4_MOMENTUM_full,disabled,2015-01-22,risk_on,0.016681130890539374,0.00925869203263363,0.031008595917510706,0.696969696969697,0.0731290263628668,0.7803030303030303,0.7272727272727273,,,{},2609.TW,2015-01-22,2015-01-23
0.04603885920310862,2847000,0,0.02727272727272727,0.8,1.0,D-1 estimated accounting; fill-day constraints require ledger audit,momentum,V4_MOMENTUM_full,disabled,2015-01-22,risk_on,0.016681130890539374,0.00925869203263363,0.031008595917510706,0.696969696969697,0.0731290263628668,0.7803030303030303,0.7272727272727273,,,{},2610.TW,2015-01-22,2015-01-23
0.04561644691850977,1863000,0,0.023484848484848487,0.7919191919191921,1.0,D-1 estimated accounting; fill-day constraints require ledger audit,momentum,V4_MOMENTUM_full,disabled,2015-01-22,risk_on,0.016681130890539374,0.00925869203263363,0.031008595917510706,0.696969696969697,0.0731290263628668,0.7803030303030303,0.7272727272727273,,,{},2618.TW,2015-01-22,2015-01-23
0.04363138872399175,16000,0,0.05,1.1984848484848485,1.0,D-1 estimated accounting; fill-day constraints require ledger audit,momentum,V4_MOMENTUM_full,disabled,2015-01-22,risk_on,0.016681130890539374,0.00925869203263363,0.031008595917510706,0.696969696969697,0.0731290263628668,0.7803030303030303,0.7272727272727273,,,{},3008.TW,2015-01-22,2015-01-23
0.04407563559099966,231000,0,0.025757575757575757,0.7964646464646465,1.0,D-1 estimated accounting; fill-day constraints require ledger audit,momentum,V4_MOMENTUM_full,disabled,2015-01-22,risk_on,0.016681130890539374,0.00925869203263363,0.031008595917510706,0.696969696969697,0.0731290263628668,0.7803030303030303,0.7272727272727273,,,{},3034.TW,2015-01-22,2015-01-23
0.04366478279120561,636000,0,0.04318181818181818,1.0055555555555555,1.0,D-1 estimated accounting; fill-day constraints require ledger audit,momentum,V4_MOMENTUM_full,disabled,2015-01-22,risk_on,0.016681130890539374,0.00925869203263363,0.031008595917510706,0.696969696969697,0.0731290263628668,0.7803030303030303,0.7272727272727273,,,{},3044.TW,2015-01-22,2015-01-23
0.04291968711051988,394000,0,-0.0015151515151515138,0.598989898989899,1.0,D-1 estimated accounting; fill-day constraints require ledger audit,momentum,V4_MOMENTUM_full,disabled,2015-01-22,risk_on,0.016681130890539374,0.00925869203263363,0.031008595917510706,0.696969696969697,0.0731290263628668,0.7803030303030303,0.7272727272727273,,,{},3045.TW,2015-01-22,2015-01-23
0.04131178543982898,1246000,0,-0.007575757575757575,0.53989898989899,1.0,D-1 estimated accounting; fill-day constraints require ledger audit,momentum,V4_MOMENTUM_full,disabled,2015-01-22,risk_on,0.016681130890539374,0.00925869203263363,0.031008595917510706,0.696969696969697,0.0731290263628668,0.7803030303030303,0.7272727272727273,,,{},3105.TWO,2015-01-22,2015-01-23
0.05119809148327351,568000,0,0.04090909090909091,0.9313131313131313,1.0,D-1 estimated accounting; fill-day constraints require ledger audit,momentum,V4_MOMENTUM_full,disabled,2015-01-22,risk_on,0.016681130890539374,0.00925869203263363,0.031008595917510706,0.696969696969697,0.0731290263628668,0.7803030303030303,0.7272727272727273,,,{},3227.TWO,2015-01-22,2015-01-23
0.03975692140530128,703000,0,-0.030303030303030304,0.3696969696969697,1.0,D-1 estimated accounting; fill-day constraints require ledger audit,momentum,V4_MOMENTUM_full,disabled,2015-01-22,risk_on,0.016681130890539374,0.00925869203263363,0.031008595917510706,0.696969696969697,0.0731290263628668,0.7803030303030303,0.7272727272727273,,,{},3260.TWO,2015-01-22,2015-01-23
0.0,0,-2095000,-0.04318181818181818,0.22474747474747472,1.0,D-1 estimated accounting; fill-day constraints require ledger audit,momentum,V4_MOMENTUM_full,disabled,2015-01-22,risk_on,0.016681130890539374,0.00925869203263363,0.031008595917510706,0.696969696969697,0.0731290263628668,0.7803030303030303,0.7272727272727273,,,{},3324.TWO,2015-01-22,2015-01-23
0.04446911138749239,808000,0,0.04848484848484849,1.112121212121212,1.0,D-1 estimated accounting; fill-day constraints require ledger audit,momentum,V4_MOMENTUM_full,disabled,2015-01-22,risk_on,0.016681130890539374,0.00925869203263363,0.031008595917510706,0.696969696969697,0.0731290263628668,0.7803030303030303,0.7272727272727273,,,{},3680.TWO,2015-01-22,2015-01-23
0.043864089463853034,565000,0,0.032575757575757584,0.8621212121212121,1.0,D-1 estimated accounting; fill-day constraints require ledger audit,momentum,V4_MOMENTUM_full,disabled,2015-01-22,risk_on,0.016681130890539374,0.00925869203263363,0.031008595917510706,0.696969696969697,0.0731290263628668,0.7803030303030303,0.7272727272727273,,,{},4904.TW,2015-01-22,2015-01-23
0.041873087830524694,525000,0,0.04015151515151515,0.9237373737373737,1.0,D-1 estimated accounting; fill-day constraints require ledger audit,momentum,V4_MOMENTUM_full,disabled,2015-01-22,risk_on,0.016681130890539374,0.00925869203263363,0.031008595917510706,0.696969696969697,0.0731290263628668,0.7803030303030303,0.7272727272727273,,,{},4938.TW,2015-01-22,2015-01-23
0.04353669664803088,708000,0,0.03787878787878788,0.9121212121212121,1.0,D-1 estimated accounting; fill-day constraints require ledger audit,momentum,V4_MOMENTUM_full,disabled,2015-01-22,risk_on,0.016681130890539374,0.00925869203263363,0.031008595917510706,0.696969696969697,0.0731290263628668,0.7803030303030303,0.7272727272727273,,,{},4991.TWO,2015-01-22,2015-01-23
0.04384565472991597,788000,0,0.034090909090909095,0.8722222222222222,1.0,D-1 estimated accounting; fill-day constraints require ledger audit,momentum,V4_MOMENTUM_full,disabled,2015-01-22,risk_on,0.016681130890539374,0.00925869203263363,0.031008595917510706,0.696969696969697,0.0731290263628668,0.7803030303030303,0.7272727272727273,,,{},5347.TWO,2015-01-22,2015-01-23
0.04253891042870559,1601000,0,-0.011363636363636366,0.4939393939393939,1.0,D-1 estimated accounting; fill-day constraints require ledger audit,momentum,V4_MOMENTUM_full,disabled,2015-01-23,risk_on,0.01614805308233344,0.02683795625330543,0.024470830780917274,0.7954545454545454,0.07220118337343014,0.7878787878787878,0.75,,,{},1785.TWO,2015-01-23,2015-01-26
0.041006066455769874,2579000,0,-0.030303030303030304,0.3353535353535354,1.0,D-1 estimated accounting; fill-day constraints require ledger audit,momentum,V4_MOMENTUM_full,disabled,2015-01-23,risk_on,0.01614805308233344,0.02683795625330543,0.024470830780917274,0.7954545454545454,0.07220118337343014,0.7878787878787878,0.75,,,{},2345.TW,2015-01-23,2015-01-26
0.04258939316342305,1828000,0,0.018939393939393947,0.7464646464646465,1.0,D-1 estimated accounting; fill-day constraints require ledger audit,momentum,V4_MOMENTUM_full,disabled,2015-01-23,risk_on,0.01614805308233344,0.02683795625330543,0.024470830780917274,0.7954545454545454,0.07220118337343014,0.7878787878787878,0.75,,,{},2356.TW,2015-01-23,2015-01-26
0.04547810227448031,2031000,0,0.04772727272727273,1.1479797979797979,1.0,D-1 estimated accounting; fill-day constraints require ledger audit,momentum,V4_MOMENTUM_full,disabled,2015-01-23,risk_on,0.01614805308233344,0.02683795625330543,0.024470830780917274,0.7954545454545454,0.07220118337343014,0.7878787878787878,0.75,,,{},2368.TW,2015-01-23,2015-01-26
0.04167202603941684,175000,0,0.0037878787878787845,0.6242424242424243,1.0,D-1 estimated accounting; fill-day constraints require ledger audit,momentum,V4_MOMENTUM_full,disabled,2015-01-23,risk_on,0.01614805308233344,0.02683795625330543,0.024470830780917274,0.7954545454545454,0.07220118337343014,0.7878787878787878,0.75,,,{},2395.TW,2015-01-23,2015-01-26
0.041193609689478584,397000,0,0.025,0.8060606060606061,1.0,D-1 estimated accounting; fill-day constraints require ledger audit,momentum,V4_MOMENTUM_full,disabled,2015-01-23,risk_on,0.01614805308233344,0.02683795625330543,0.024470830780917274,0.7954545454545454,0.07220118337343014,0.7878787878787878,0.75,,,{},2451.TW,2015-01-23,2015-01-26
0.04291548094263438,1842000,0,-0.025,0.40404040404040414,1.0,D-1 estimated accounting; fill-day constraints require ledger audit,momentum,V4_MOMENTUM_full,disabled,2015-01-23,risk_on,0.01614805308233344,0.02683795625330543,0.024470830780917274,0.7954545454545454,0.07220118337343014,0.7878787878787878,0.75,,,{},2603.TW,2015-01-23,2015-01-26
0.04140399214746405,2449000,0,-0.017424242424242425,0.45606060606060606,1.0,D-1 estimated accounting; fill-day constraints require ledger audit,momentum,V4_MOMENTUM_full,disabled,2015-01-23,risk_on,0.01614805308233344,0.02683795625330543,0.024470830780917274,0.7954545454545454,0.07220118337343014,0.7878787878787878,0.75,,,{},2609.TW,2015-01-23,2015-01-26
0.046125926306691656,2847000,0,0.008333333333333337,0.6762626262626262,1.0,D-1 estimated accounting; fill-day constraints require ledger audit,momentum,V4_MOMENTUM_full,disabled,2015-01-23,risk_on,0.01614805308233344,0.02683795625330543,0.024470830780917274,0.7954545454545454,0.07220118337343014,0.7878787878787878,0.75,,,{},2610.TW,2015-01-23,2015-01-26
0.0455607812724954,1863000,0,-0.002272727272727271,0.5742424242424242,1.0,D-1 estimated accounting; fill-day constraints require ledger audit,momentum,V4_MOMENTUM_full,disabled,2015-01-23,risk_on,0.01614805308233344,0.02683795625330543,0.024470830780917274,0.7954545454545454,0.07220118337343014,0.7878787878787878,0.75,,,{},2618.TW,2015-01-23,2015-01-26
0.04176572219627909,3861000,3861000,0.04924242424242425,1.1797979797979796,1.0,D-1 estimated accounting; fill-day constraints require ledger audit,momentum,V4_MOMENTUM_full,disabled,2015-01-23,risk_on,0.01614805308233344,0.02683795625330543,0.024470830780917274,0.7954545454545454,0.07220118337343014,0.7878787878787878,0.75,,,{},2883.TW,2015-01-23,2015-01-26
0.04598531918807153,16000,0,0.05,1.2070707070707072,1.0,D-1 estimated accounting; fill-day constraints require ledger audit,momentum,V4_MOMENTUM_full,disabled,2015-01-23,risk_on,0.01614805308233344,0.02683795625330543,0.024470830780917274,0.7954545454545454,0.07220118337343014,0.7878787878787878,0.75,,,{},3008.TW,2015-01-23,2015-01-26
0.045186449404999024,231000,0,0.04545454545454546,1.0737373737373739,1.0,D-1 estimated accounting; fill-day constraints require ledger audit,momentum,V4_MOMENTUM_full,disabled,2015-01-23,risk_on,0.01614805308233344,0.02683795625330543,0.024470830780917274,0.7954545454545454,0.07220118337343014,0.7878787878787878,0.75,,,{},3034.TW,2015-01-23,2015-01-26
0.04341937761657303,636000,0,0.04469696969696971,1.0626262626262626,1.0,D-1 estimated accounting; fill-day constraints require ledger audit,momentum,V4_MOMENTUM_full,disabled,2015-01-23,risk_on,0.01614805308233344,0.02683795625330543,0.024470830780917274,0.7954545454545454,0.07220118337343014,0.7878787878787878,0.75,,,{},3044.TW,2015-01-23,2015-01-26
0.04286731231434144,394000,0,0.009090909090909094,0.6848484848484848,1.0,D-1 estimated accounting; fill-day constraints require ledger audit,momentum,V4_MOMENTUM_full,disabled,2015-01-23,risk_on,0.01614805308233344,0.02683795625330543,0.024470830780917274,0.7954545454545454,0.07220118337343014,0.7878787878787878,0.75,,,{},3045.TW,2015-01-23,2015-01-26
0.0,0,-1246000,-0.04090909090909091,0.21363636363636362,1.0,D-1 estimated accounting; fill-day constraints require ledger audit,momentum,V4_MOMENTUM_full,disabled,2015-01-23,risk_on,0.01614805308233344,0.02683795625330543,0.024470830780917274,0.7954545454545454,0.07220118337343014,0.7878787878787878,0.75,,,{},3105.TWO,2015-01-23,2015-01-26
0.050906819873083056,568000,0,0.03181818181818182,0.8707070707070707,1.0,D-1 estimated accounting; fill-day constraints require ledger audit,momentum,V4_MOMENTUM_full,disabled,2015-01-23,risk_on,0.01614805308233344,0.02683795625330543,0.024470830780917274,0.7954545454545454,0.07220118337343014,0.7878787878787878,0.75,,,{},3227.TWO,2015-01-23,2015-01-26
0.039566843179704304,703000,0,-0.03636363636363637,0.2939393939393939,1.0,D-1 estimated accounting; fill-day constraints require ledger audit,momentum,V4_MOMENTUM_full,disabled,2015-01-23,risk_on,0.01614805308233344,0.02683795625330543,0.024470830780917274,0.7954545454545454,0.07220118337343014,0.7878787878787878,0.75,,,{},3260.TWO,2015-01-23,2015-01-26
0.043764078860503305,808000,0,0.035606060606060606,0.9368686868686869,1.0,D-1 estimated accounting; fill-day constraints require ledger audit,momentum,V4_MOMENTUM_full,disabled,2015-01-23,risk_on,0.01614805308233344,0.02683795625330543,0.024470830780917274,0.7954545454545454,0.07220118337343014,0.7878787878787878,0.75,,,{},3680.TWO,2015-01-23,2015-01-26
0.04386745904968554,565000,0,0.032575757575757584,0.8707070707070708,1.0,D-1 estimated accounting; fill-day constraints require ledger audit,momentum,V4_MOMENTUM_full,disabled,2015-01-23,risk_on,0.01614805308233344,0.02683795625330543,0.024470830780917274,0.7954545454545454,0.07220118337343014,0.7878787878787878,0.75,,,{},4904.TW,2015-01-23,2015-01-26
0.04176911789592376,525000,0,0.012878787878787878,0.7212121212121212,1.0,D-1 estimated accounting; fill-day constraints require ledger audit,momentum,V4_MOMENTUM_full,disabled,2015-01-23,risk_on,0.01614805308233344,0.02683795625330543,0.024470830780917274,0.7954545454545454,0.07220118337343014,0.7878787878787878,0.75,,,{},4938.TW,2015-01-23,2015-01-26
0.043483568916522684,708000,0,-0.021969696969696972,0.4434343434343435,1.0,D-1 estimated accounting; fill-day constraints require ledger audit,momentum,V4_MOMENTUM_full,disabled,2015-01-23,risk_on,0.01614805308233344,0.02683795625330543,0.024470830780917274,0.7954545454545454,0.07220118337343014,0.7878787878787878,0.75,,,{},4991.TWO,2015-01-23,2015-01-26
0.044268151607756864,788000,0,0.03636363636363637,0.9489898989898988,1.0,D-1 estimated accounting; fill-day constraints require ledger audit,momentum,V4_MOMENTUM_full,disabled,2015-01-23,risk_on,0.01614805308233344,0.02683795625330543,0.024470830780917274,0.7954545454545454,0.07220118337343014,0.7878787878787878,0.75,,,{},5347.TWO,2015-01-23,2015-01-26
0.0,0,-1601000,-0.03636363636363637,0.2646464646464647,1.0,D-1 estimated accounting; fill-day constraints require ledger audit,momentum,V4_MOMENTUM_full,disabled,2015-01-26,risk_on,0.016003624748192596,0.025785174669355926,0.025543385804190133,0.8484848484848485,0.07252336276635658,0.75,0.7348484848484849,,,{},1785.TWO,2015-01-26,2015-01-27
0.04091287048178533,2579000,0,-0.024242424242424246,0.41489898989898993,1.0,D-1 estimated accounting; fill-day constraints require ledger audit,momentum,V4_MOMENTUM_full,disabled,2015-01-26,risk_on,0.016003624748192596,0.025785174669355926,0.025543385804190133,0.8484848484848485,0.07252336276635658,0.75,0.7348484848484849,,,{},2345.TW,2015-01-26,2015-01-27
0.043685695429333975,1828000,0,0.043939393939393945,1.0641414141414143,1.0,D-1 estimated accounting; fill-day constraints require ledger audit,momentum,V4_MOMENTUM_full,disabled,2015-01-26,risk_on,0.016003624748192596,0.025785174669355926,0.025543385804190133,0.8484848484848485,0.07252336276635658,0.75,0.7348484848484849,,,{},2356.TW,2015-01-26,2015-01-27
0.04537474254254868,2031000,0,0.04772727272727273,1.1282828282828283,1.0,D-1 estimated accounting; fill-day constraints require ledger audit,momentum,V4_MOMENTUM_full,disabled,2015-01-26,risk_on,0.016003624748192596,0.025785174669355926,0.025543385804190133,0.8484848484848485,0.07252336276635658,0.75,0.7348484848484849,,,{},2368.TW,2015-01-26,2015-01-27
0.041841579119908795,175000,0,0.0030303030303030277,0.653030303030303,1.0,D-1 estimated accounting; fill-day constraints require ledger audit,momentum,V4_MOMENTUM_full,disabled,2015-01-26,risk_on,0.016003624748192596,0.025785174669355926,0.025543385804190133,0.8484848484848485,0.07252336276635658,0.75,0.7348484848484849,,,{},2395.TW,2015-01-26,2015-01-27
0.04070095847453476,397000,0,0.011363636363636366,0.6898989898989898,1.0,D-1 estimated accounting; fill-day constraints require ledger audit,momentum,V4_MOMENTUM_full,disabled,2015-01-26,risk_on,0.016003624748192596,0.025785174669355926,0.025543385804190133,0.8484848484848485,0.07252336276635658,0.75,0.7348484848484849,,,{},2451.TW,2015-01-26,2015-01-27
0.04291042473677304,1842000,0,-0.02803030303030303,0.38585858585858585,1.0,D-1 estimated accounting; fill-day constraints require ledger audit,momentum,V4_MOMENTUM_full,disabled,2015-01-26,risk_on,0.016003624748192596,0.025785174669355926,0.025543385804190133,0.8484848484848485,0.07252336276635658,0.75,0.7348484848484849,,,{},2603.TW,2015-01-26,2015-01-27
0.04266229896513799,2449000,0,0.031060606060606056,0.8530303030303028,1.0,D-1 estimated accounting; fill-day constraints require ledger audit,momentum,V4_MOMENTUM_full,disabled,2015-01-26,risk_on,0.016003624748192596,0.025785174669355926,0.025543385804190133,0.8484848484848485,0.07252336276635658,0.75,0.7348484848484849,,,{},2609.TW,2015-01-26,2015-01-27
0.046735707506214995,2847000,0,0.02954545454545454,0.8343434343434343,1.0,D-1 estimated accounting; fill-day constraints require ledger audit,momentum,V4_MOMENTUM_full,disabled,2015-01-26,risk_on,0.016003624748192596,0.025785174669355926,0.025543385804190133,0.8484848484848485,0.07252336276635658,0.75,0.7348484848484849,,,{},2610.TW,2015-01-26,2015-01-27
0.045831367243155514,1863000,0,-0.00378787878787879,0.5893939393939396,1.0,D-1 estimated accounting; fill-day constraints require ledger audit,momentum,V4_MOMENTUM_full,disabled,2015-01-26,risk_on,0.016003624748192596,0.025785174669355926,0.025543385804190133,0.8484848484848485,0.07252336276635658,0.75,0.7348484848484849,,,{},2618.TW,2015-01-26,2015-01-27
0.04108934670572967,3861000,0,0.04242424242424242,1.0318181818181817,1.0,D-1 estimated accounting; fill-day constraints require ledger audit,momentum,V4_MOMENTUM_full,disabled,2015-01-26,risk_on,0.016003624748192596,0.025785174669355926,0.025543385804190133,0.8484848484848485,0.07252336276635658,0.75,0.7348484848484849,,,{},2883.TW,2015-01-26,2015-01-27
0.04571517200469387,16000,0,0.05,1.1828282828282828,1.0,D-1 estimated accounting; fill-day constraints require ledger audit,momentum,V4_MOMENTUM_full,disabled,2015-01-26,risk_on,0.016003624748192596,0.025785174669355926,0.025543385804190133,0.8484848484848485,0.07252336276635658,0.75,0.7348484848484849,,,{},3008.TW,2015-01-26,2015-01-27
0.04485136204619499,231000,0,0.04545454545454546,1.0717171717171716,1.0,D-1 estimated accounting; fill-day constraints require ledger audit,momentum,V4_MOMENTUM_full,disabled,2015-01-26,risk_on,0.016003624748192596,0.025785174669355926,0.025543385804190133,0.8484848484848485,0.07252336276635658,0.75,0.7348484848484849,,,{},3034.TW,2015-01-26,2015-01-27
0.044343014151966245,636000,0,0.04318181818181818,1.0464646464646465,1.0,D-1 estimated accounting; fill-day constraints require ledger audit,momentum,V4_MOMENTUM_full,disabled,2015-01-26,risk_on,0.016003624748192596,0.025785174669355926,0.025543385804190133,0.8484848484848485,0.07252336276635658,0.75,0.7348484848484849,,,{},3044.TW,2015-01-26,2015-01-27
0.042769886219411225,394000,0,-0.01666666666666667,0.47424242424242435,1.0,D-1 estimated accounting; fill-day constraints require ledger audit,momentum,V4_MOMENTUM_full,disabled,2015-01-26,risk_on,0.016003624748192596,0.025785174669355926,0.025543385804190133,0.8484848484848485,0.07252336276635658,0.75,0.7348484848484849,,,{},3045.TW,2015-01-26,2015-01-27
0.0497638859205773,568000,0,0.013636363636363636,0.7055555555555556,1.0,D-1 estimated accounting; fill-day constraints require ledger audit,momentum,V4_MOMENTUM_full,disabled,2015-01-26,risk_on,0.016003624748192596,0.025785174669355926,0.025543385804190133,0.8484848484848485,0.07252336276635658,0.75,0.7348484848484849,,,{},3227.TWO,2015-01-26,2015-01-27
0.03947691818064097,703000,0,-0.03257575757575758,0.3227272727272728,1.0,D-1 estimated accounting; fill-day constraints require ledger audit,momentum,V4_MOMENTUM_full,disabled,2015-01-26,risk_on,0.016003624748192596,0.025785174669355926,0.025543385804190133,0.8484848484848485,0.07252336276635658,0.75,0.7348484848484849,,,{},3260.TWO,2015-01-26,2015-01-27
0.04309648769529456,808000,0,0.01515151515151515,0.7171717171717172,1.0,D-1 estimated accounting; fill-day constraints require ledger audit,momentum,V4_MOMENTUM_full,disabled,2015-01-26,risk_on,0.016003624748192596,0.025785174669355926,0.025543385804190133,0.8484848484848485,0.07252336276635658,0.75,0.7348484848484849,,,{},3680.TWO,2015-01-26,2015-01-27
0.04187094163157189,1069000,1069000,0.04924242424242425,1.1530303030303028,1.0,D-1 estimated accounting; fill-day constraints require ledger audit,momentum,V4_MOMENTUM_full,disabled,2015-01-26,risk_on,0.016003624748192596,0.025785174669355926,0.025543385804190133,0.8484848484848485,0.07252336276635658,0.75,0.7348484848484849,,,{},3702.TW,2015-01-26,2015-01-27
0.043767759885007744,565000,0,-0.004545454545454547,0.5878787878787879,1.0,D-1 estimated accounting; fill-day constraints require ledger audit,momentum,V4_MOMENTUM_full,disabled,2015-01-26,risk_on,0.016003624748192596,0.025785174669355926,0.025543385804190133,0.8484848484848485,0.07252336276635658,0.75,0.7348484848484849,,,{},4904.TW,2015-01-26,2015-01-27
0.041990700525295195,525000,0,0.0303030303030303,0.8393939393939394,1.0,D-1 estimated accounting; fill-day constraints require ledger audit,momentum,V4_MOMENTUM_full,disabled,2015-01-26,risk_on,0.016003624748192596,0.025785174669355926,0.025543385804190133,0.8484848484848485,0.07252336276635658,0.75,0.7348484848484849,,,{},4938.TW,2015-01-26,2015-01-27
0.04324249717636796,708000,0,-0.026515151515151516,0.3944444444444445,1.0,D-1 estimated accounting; fill-day constraints require ledger audit,momentum,V4_MOMENTUM_full,disabled,2015-01-26,risk_on,0.016003624748192596,0.025785174669355926,0.025543385804190133,0.8484848484848485,0.07252336276635658,0.75,0.7348484848484849,,,{},4991.TWO,2015-01-26,2015-01-27
0.043138548865847844,788000,0,0.017424242424242422,0.7328282828282828,1.0,D-1 estimated accounting; fill-day constraints require ledger audit,momentum,V4_MOMENTUM_full,disabled,2015-01-26,risk_on,0.016003624748192596,0.025785174669355926,0.025543385804190133,0.8484848484848485,0.07252336276635658,0.75,0.7348484848484849,,,{},5347.TWO,2015-01-26,2015-01-27
0.04193470257033884,720000,720000,0.05,1.2030303030303031,1.0,D-1 estimated accounting; fill-day constraints require ledger audit,momentum,V4_MOMENTUM_full,disabled,2015-01-27,risk_on,0.0160196675167898,0.018952491359400803,0.02322788585494684,0.7803030303030303,0.0721438690400744,0.7878787878787878,0.7878787878787878,,,{},2327.TW,2015-01-27,2015-01-28
0.0,0,-2579000,-0.03484848484848485,0.2868686868686869,1.0,D-1 estimated accounting; fill-day constraints require ledger audit,momentum,V4_MOMENTUM_full,disabled,2015-01-27,risk_on,0.0160196675167898,0.018952491359400803,0.02322788585494684,0.7803030303030303,0.0721438690400744,0.7878787878787878,0.7878787878787878,,,{},2345.TW,2015-01-27,2015-01-28
0.04370282014045619,1828000,0,0.04242424242424242,1.0484848484848486,1.0,D-1 estimated accounting; fill-day constraints require ledger audit,momentum,V4_MOMENTUM_full,disabled,2015-01-27,risk_on,0.0160196675167898,0.018952491359400803,0.02322788585494684,0.7803030303030303,0.0721438690400744,0.7878787878787878,0.7878787878787878,,,{},2356.TW,2015-01-27,2015-01-28
0.04510102357399006,2031000,0,0.03484848484848485,0.9212121212121211,1.0,D-1 estimated accounting; fill-day constraints require ledger audit,momentum,V4_MOMENTUM_full,disabled,2015-01-27,risk_on,0.0160196675167898,0.018952491359400803,0.02322788585494684,0.7803030303030303,0.0721438690400744,0.7878787878787878,0.7878787878787878,,,{},2368.TW,2015-01-27,2015-01-28
0.042297116420292484,175000,0,0.03333333333333334,0.9136363636363636,1.0,D-1 estimated accounting; fill-day constraints require ledger audit,momentum,V4_MOMENTUM_full,disabled,2015-01-27,risk_on,0.0160196675167898,0.018952491359400803,0.02322788585494684,0.7803030303030303,0.0721438690400744,0.7878787878787878,0.7878787878787878,,,{},2395.TW,2015-01-27,2015-01-28
0.04074530711657959,397000,0,0.010606060606060608,0.6782828282828283,1.0,D-1 estimated accounting; fill-day constraints require ledger audit,momentum,V4_MOMENTUM_full,disabled,2015-01-27,risk_on,0.0160196675167898,0.018952491359400803,0.02322788585494684,0.7803030303030303,0.0721438690400744,0.7878787878787878,0.7878787878787878,,,{},2451.TW,2015-01-27,2015-01-28
0.042931890678730864,1842000,0,-0.01590909090909091,0.4904040404040404,1.0,D-1 estimated accounting; fill-day constraints require ledger audit,momentum,V4_MOMENTUM_full,disabled,2015-01-27,risk_on,0.0160196675167898,0.018952491359400803,0.02322788585494684,0.7803030303030303,0.0721438690400744,0.7878787878787878,0.7878787878787878,,,{},2603.TW,2015-01-27,2015-01-28
0.04286788823282294,2449000,0,0.03787878787878788,0.9484848484848485,1.0,D-1 estimated accounting; fill-day constraints require ledger audit,momentum,V4_MOMENTUM_full,disabled,2015-01-27,risk_on,0.0160196675167898,0.018952491359400803,0.02322788585494684,0.7803030303030303,0.0721438690400744,0.7878787878787878,0.7878787878787878,,,{},2609.TW,2015-01-27,2015-01-28
0.046558404269033335,2847000,0,0.01515151515151515,0.7101010101010102,1.0,D-1 estimated accounting; fill-day constraints require ledger audit,momentum,V4_MOMENTUM_full,disabled,2015-01-27,risk_on,0.0160196675167898,0.018952491359400803,0.02322788585494684,0.7803030303030303,0.0721438690400744,0.7878787878787878,0.7878787878787878,,,{},2610.TW,2015-01-27,2015-01-28
0.04519160203552304,1863000,0,-0.02121212121212121,0.4262626262626263,1.0,D-1 estimated accounting; fill-day constraints require ledger audit,momentum,V4_MOMENTUM_full,disabled,2015-01-27,risk_on,0.0160196675167898,0.018952491359400803,0.02322788585494684,0.7803030303030303,0.0721438690400744,0.7878787878787878,0.7878787878787878,,,{},2618.TW,2015-01-27,2015-01-28
0.041126546685974104,3861000,0,0.041666666666666664,1.0393939393939393,1.0,D-1 estimated accounting; fill-day constraints require ledger audit,momentum,V4_MOMENTUM_full,disabled,2015-01-27,risk_on,0.0160196675167898,0.018952491359400803,0.02322788585494684,0.7803030303030303,0.0721438690400744,0.7878787878787878,0.7878787878787878,,,{},2883.TW,2015-01-27,2015-01-28
0.0453767341105028,16000,0,0.04772727272727273,1.1242424242424243,1.0,D-1 estimated accounting; fill-day constraints require ledger audit,momentum,V4_MOMENTUM_full,disabled,2015-01-27,risk_on,0.0160196675167898,0.018952491359400803,0.02322788585494684,0.7803030303030303,0.0721438690400744,0.7878787878787878,0.7878787878787878,,,{},3008.TW,2015-01-27,2015-01-28
0.04317640002286349,231000,0,0.008333333333333337,0.6676767676767676,1.0,D-1 estimated accounting; fill-day constraints require ledger audit,momentum,V4_MOMENTUM_full,disabled,2015-01-27,risk_on,0.0160196675167898,0.018952491359400803,0.02322788585494684,0.7803030303030303,0.0721438690400744,0.7878787878787878,0.7878787878787878,,,{},3034.TW,2015-01-27,2015-01-28
0.04385652601445694,636000,0,0.04090909090909091,1.0101010101010104,1.0,D-1 estimated accounting; fill-day constraints require ledger audit,momentum,V4_MOMENTUM_full,disabled,2015-01-27,risk_on,0.0160196675167898,0.018952491359400803,0.02322788585494684,0.7803030303030303,0.0721438690400744,0.7878787878787878,0.7878787878787878,,,{},3044.TW,2015-01-27,2015-01-28
0.04260762828676766,394000,0,-0.0196969696969697,0.43939393939393934,1.0,D-1 estimated accounting; fill-day constraints require ledger audit,momentum,V4_MOMENTUM_full,disabled,2015-01-27,risk_on,0.0160196675167898,0.018952491359400803,0.02322788585494684,0.7803030303030303,0.0721438690400744,0.7878787878787878,0.7878787878787878,,,{},3045.TW,2015-01-27,2015-01-28
0.053043077086322526,568000,0,0.046969696969696974,1.1186868686868687,1.0,D-1 estimated accounting; fill-day constraints require ledger audit,momentum,V4_MOMENTUM_full,disabled,2015-01-27,risk_on,0.0160196675167898,0.018952491359400803,0.02322788585494684,0.7803030303030303,0.0721438690400744,0.7878787878787878,0.7878787878787878,,,{},3227.TWO,2015-01-27,2015-01-28
0.03974926905213747,703000,0,-0.010606060606060608,0.5323232323232322,1.0,D-1 estimated accounting; fill-day constraints require ledger audit,momentum,V4_MOMENTUM_full,disabled,2015-01-27,risk_on,0.0160196675167898,0.018952491359400803,0.02322788585494684,0.7803030303030303,0.0721438690400744,0.7878787878787878,0.7878787878787878,,,{},3260.TWO,2015-01-27,2015-01-28
0.04349896234985727,808000,0,0.02045454545454546,0.753030303030303,1.0,D-1 estimated accounting; fill-day constraints require ledger audit,momentum,V4_MOMENTUM_full,disabled,2015-01-27,risk_on,0.0160196675167898,0.018952491359400803,0.02322788585494684,0.7803030303030303,0.0721438690400744,0.7878787878787878,0.7878787878787878,,,{},3680.TWO,2015-01-27,2015-01-28
0.04171209406316534,1069000,0,0.04848484848484849,1.1368686868686868,1.0,D-1 estimated accounting; fill-day constraints require ledger audit,momentum,V4_MOMENTUM_full,disabled,2015-01-27,risk_on,0.0160196675167898,0.018952491359400803,0.02322788585494684,0.7803030303030303,0.0721438690400744,0.7878787878787878,0.7878787878787878,,,{},3702.TW,2015-01-27,2015-01-28
0.043545164115497054,565000,0,0.0030303030303030277,0.6378787878787877,1.0,D-1 estimated accounting; fill-day constraints require ledger audit,momentum,V4_MOMENTUM_full,disabled,2015-01-27,risk_on,0.0160196675167898,0.018952491359400803,0.02322788585494684,0.7803030303030303,0.0721438690400744,0.7878787878787878,0.7878787878787878,,,{},4904.TW,2015-01-27,2015-01-28
0.04183139862249057,525000,0,0.03181818181818182,0.8585858585858587,1.0,D-1 estimated accounting; fill-day constraints require ledger audit,momentum,V4_MOMENTUM_full,disabled,2015-01-27,risk_on,0.0160196675167898,0.018952491359400803,0.02322788585494684,0.7803030303030303,0.0721438690400744,0.7878787878787878,0.7878787878787878,,,{},4938.TW,2015-01-27,2015-01-28
0.043361857110263885,708000,0,-0.009090909090909089,0.5383838383838384,1.0,D-1 estimated accounting; fill-day constraints require ledger audit,momentum,V4_MOMENTUM_full,disabled,2015-01-27,risk_on,0.0160196675167898,0.018952491359400803,0.02322788585494684,0.7803030303030303,0.0721438690400744,0.7878787878787878,0.7878787878787878,,,{},4991.TWO,2015-01-27,2015-01-28
0.042974892322075256,788000,0,0.005303030303030299,0.6590909090909092,1.0,D-1 estimated accounting; fill-day constraints require ledger audit,momentum,V4_MOMENTUM_full,disabled,2015-01-27,risk_on,0.0160196675167898,0.018952491359400803,0.02322788585494684,0.7803030303030303,0.0721438690400744,0.7878787878787878,0.7878787878787878,,,{},5347.TWO,2015-01-27,2015-01-28
0.04164080774988029,90000,90000,0.04924242424242425,1.1095959595959597,1.0,D-1 estimated accounting; fill-day constraints require ledger audit,momentum,V4_MOMENTUM_full,disabled,2015-01-28,risk_on,0.015730791583769207,0.01324561481452069,0.014879991643376611,0.7651515151515151,0.07165772138249273,0.7727272727272727,0.7803030303030303,,,{},2059.TW,2015-01-28,2015-01-29
0.040951981908323935,720000,0,0.05,1.190909090909091,1.0,D-1 estimated accounting; fill-day constraints require ledger audit,momentum,V4_MOMENTUM_full,disabled,2015-01-28,risk_on,0.015730791583769207,0.01324561481452069,0.014879991643376611,0.7651515151515151,0.07165772138249273,0.7727272727272727,0.7803030303030303,,,{},2327.TW,2015-01-28,2015-01-29
0.0445409134049987,1828000,0,0.04545454545454546,1.0777777777777777,1.0,D-1 estimated accounting; fill-day constraints require ledger audit,momentum,V4_MOMENTUM_full,disabled,2015-01-28,risk_on,0.015730791583769207,0.01324561481452069,0.014879991643376611,0.7651515151515151,0.07165772138249273,0.7727272727272727,0.7803030303030303,,,{},2356.TW,2015-01-28,2015-01-29
0.045311112218523825,2031000,0,0.024242424242424246,0.8209595959595959,1.0,D-1 estimated accounting; fill-day constraints require ledger audit,momentum,V4_MOMENTUM_full,disabled,2015-01-28,risk_on,0.015730791583769207,0.01324561481452069,0.014879991643376611,0.7651515151515151,0.07165772138249273,0.7727272727272727,0.7803030303030303,,,{},2368.TW,2015-01-28,2015-01-29
0.04275050753392,175000,0,0.03333333333333334,0.903030303030303,1.0,D-1 estimated accounting; fill-day constraints require ledger audit,momentum,V4_MOMENTUM_full,disabled,2015-01-28,risk_on,0.015730791583769207,0.01324561481452069,0.014879991643376611,0.7651515151515151,0.07165772138249273,0.7727272727272727,0.7803030303030303,,,{},2395.TW,2015-01-28,2015-01-29
0.0404446476168131,397000,0,0.004545454545454542,0.6297979797979798,1.0,D-1 estimated accounting; fill-day constraints require ledger audit,momentum,V4_MOMENTUM_full,disabled,2015-01-28,risk_on,0.015730791583769207,0.01324561481452069,0.014879991643376611,0.7651515151515151,0.07165772138249273,0.7727272727272727,0.7803030303030303,,,{},2451.TW,2015-01-28,2015-01-29
0.04238850181168753,1842000,0,-0.03181818181818182,0.34141414141414134,1.0,D-1 estimated accounting; fill-day constraints require ledger audit,momentum,V4_MOMENTUM_full,disabled,2015-01-28,risk_on,0.015730791583769207,0.01324561481452069,0.014879991643376611,0.7651515151515151,0.07165772138249273,0.7727272727272727,0.7803030303030303,,,{},2603.TW,2015-01-28,2015-01-29
0.04247969868418348,2449000,0,0.026515151515151516,0.8260101010101009,1.0,D-1 estimated accounting; fill-day constraints require ledger audit,momentum,V4_MOMENTUM_full,disabled,2015-01-28,risk_on,0.015730791583769207,0.01324561481452069,0.014879991643376611,0.7651515151515151,0.07165772138249273,0.7727272727272727,0.7803030303030303,,,{},2609.TW,2015-01-28,2015-01-29
0.0455283908347755,2847000,0,-0.031060606060606063,0.34191919191919196,1.0,D-1 estimated accounting; fill-day constraints require ledger audit,momentum,V4_MOMENTUM_full,disabled,2015-01-28,risk_on,0.015730791583769207,0.01324561481452069,0.014879991643376611,0.7651515151515151,0.07165772138249273,0.7727272727272727,0.7803030303030303,,,{},2610.TW,2015-01-28,2015-01-29
0.0,0,-1863000,-0.04242424242424243,0.15353535353535352,1.0,D-1 estimated accounting; fill-day constraints require ledger audit,momentum,V4_MOMENTUM_full,disabled,2015-01-28,risk_on,0.015730791583769207,0.01324561481452069,0.014879991643376611,0.7651515151515151,0.07165772138249273,0.7727272727272727,0.7803030303030303,,,{},2618.TW,2015-01-28,2015-01-29
0.04103172591719508,3861000,0,0.022348484848484854,0.8121212121212121,1.0,D-1 estimated accounting; fill-day constraints require ledger audit,momentum,V4_MOMENTUM_full,disabled,2015-01-28,risk_on,0.015730791583769207,0.01324561481452069,0.014879991643376611,0.7651515151515151,0.07165772138249273,0.7727272727272727,0.7803030303030303,,,{},2883.TW,2015-01-28,2015-01-29
0.04548566187967641,16000,0,0.03181818181818182,0.8792929292929295,1.0,D-1 estimated accounting; fill-day constraints require ledger audit,momentum,V4_MOMENTUM_full,disabled,2015-01-28,risk_on,0.015730791583769207,0.01324561481452069,0.014879991643376611,0.7651515151515151,0.07165772138249273,0.7727272727272727,0.7803030303030303,,,{},3008.TW,2015-01-28,2015-01-29
0.042815916667532095,231000,0,-0.011363636363636366,0.49646464646464644,1.0,D-1 estimated accounting; fill-day constraints require ledger audit,momentum,V4_MOMENTUM_full,disabled,2015-01-28,risk_on,0.015730791583769207,0.01324561481452069,0.014879991643376611,0.7651515151515151,0.07165772138249273,0.7727272727272727,0.7803030303030303,,,{},3034.TW,2015-01-28,2015-01-29
0.04370658356736885,636000,0,0.038636363636363635,0.9853535353535352,1.0,D-1 estimated accounting; fill-day constraints require ledger audit,momentum,V4_MOMENTUM_full,disabled,2015-01-28,risk_on,0.015730791583769207,0.01324561481452069,0.014879991643376611,0.7651515151515151,0.07165772138249273,0.7727272727272727,0.7803030303030303,,,{},3044.TW,2015-01-28,2015-01-29
0.04290763982041343,394000,0,0.005303030303030299,0.6429292929292929,1.0,D-1 estimated accounting; fill-day constraints require ledger audit,momentum,V4_MOMENTUM_full,disabled,2015-01-28,risk_on,0.015730791583769207,0.01324561481452069,0.014879991643376611,0.7651515151515151,0.07165772138249273,0.7727272727272727,0.7803030303030303,,,{},3045.TW,2015-01-28,2015-01-29
0.05260052159260417,568000,0,0.041666666666666664,1.0141414141414142,1.0,D-1 estimated accounting; fill-day constraints require ledger audit,momentum,V4_MOMENTUM_full,disabled,2015-01-28,risk_on,0.015730791583769207,0.01324561481452069,0.014879991643376611,0.7651515151515151,0.07165772138249273,0.7727272727272727,0.7803030303030303,,,{},3227.TWO,2015-01-28,2015-01-29
0.03949208011926682,703000,0,-0.017424242424242425,0.44848484848484854,1.0,D-1 estimated accounting; fill-day constraints require ledger audit,momentum,V4_MOMENTUM_full,disabled,2015-01-28,risk_on,0.015730791583769207,0.01324561481452069,0.014879991643376611,0.7651515151515151,0.07165772138249273,0.7727272727272727,0.7803030303030303,,,{},3260.TWO,2015-01-28,2015-01-29
0.04336024095184426,808000,0,0.018181818181818177,0.7611111111111112,1.0,D-1 estimated accounting; fill-day constraints require ledger audit,momentum,V4_MOMENTUM_full,disabled,2015-01-28,risk_on,0.015730791583769207,0.01324561481452069,0.014879991643376611,0.7651515151515151,0.07165772138249273,0.7727272727272727,0.7803030303030303,,,{},3680.TWO,2015-01-28,2015-01-29
0.0418122247896913,1069000,0,0.04772727272727273,1.0974747474747475,1.0,D-1 estimated accounting; fill-day constraints require ledger audit,momentum,V4_MOMENTUM_full,disabled,2015-01-28,risk_on,0.015730791583769207,0.01324561481452069,0.014879991643376611,0.7651515151515151,0.07165772138249273,0.7727272727272727,0.7803030303030303,,,{},3702.TW,2015-01-28,2015-01-29
0.043593007248008686,565000,0,0.00757575757575758,0.6601010101010102,1.0,D-1 estimated accounting; fill-day constraints require ledger audit,momentum,V4_MOMENTUM_full,disabled,2015-01-28,risk_on,0.015730791583769207,0.01324561481452069,0.014879991643376611,0.7651515151515151,0.07165772138249273,0.7727272727272727,0.7803030303030303,,,{},4904.TW,2015-01-28,2015-01-29
0.04424965480314438,525000,0,0.046969696969696974,1.0934343434343434,1.0,D-1 estimated accounting; fill-day constraints require ledger audit,momentum,V4_MOMENTUM_full,disabled,2015-01-28,risk_on,0.015730791583769207,0.01324561481452069,0.014879991643376611,0.7651515151515151,0.07165772138249273,0.7727272727272727,0.7803030303030303,,,{},4938.TW,2015-01-28,2015-01-29
0.04382106208167538,708000,0,0.012878787878787878,0.7025252525252524,1.0,D-1 estimated accounting; fill-day constraints require ledger audit,momentum,V4_MOMENTUM_full,disabled,2015-01-28,risk_on,0.015730791583769207,0.01324561481452069,0.014879991643376611,0.7651515151515151,0.07165772138249273,0.7727272727272727,0.7803030303030303,,,{},4991.TWO,2015-01-28,2015-01-29
0.0425247583095607,788000,0,-0.02727272727272727,0.37171717171717167,1.0,D-1 estimated accounting; fill-day constraints require ledger audit,momentum,V4_MOMENTUM_full,disabled,2015-01-28,risk_on,0.015730791583769207,0.01324561481452069,0.014879991643376611,0.7651515151515151,0.07165772138249273,0.7727272727272727,0.7803030303030303,,,{},5347.TWO,2015-01-28,2015-01-29
0.04208098679337626,90000,0,0.046969696969696974,1.0792929292929294,1.0,D-1 estimated accounting; fill-day constraints require ledger audit,momentum,V4_MOMENTUM_full,disabled,2015-01-29,risk_on,0.015838023689887105,-0.0010823363825605004,0.007908172954090076,0.45454545454545453,0.0720895480224272,0.6060606060606061,0.7045454545454546,,,{},2059.TW,2015-01-29,2015-01-30
0.0422417092747634,720000,0,0.05,1.1964646464646467,1.0,D-1 estimated accounting; fill-day constraints require ledger audit,momentum,V4_MOMENTUM_full,disabled,2015-01-29,risk_on,0.015838023689887105,-0.0010823363825605004,0.007908172954090076,0.45454545454545453,0.0720895480224272,0.6060606060606061,0.7045454545454546,,,{},2327.TW,2015-01-29,2015-01-30
0.04435940486285188,1828000,0,0.04015151515151515,0.9383838383838385,1.0,D-1 estimated accounting; fill-day constraints require ledger audit,momentum,V4_MOMENTUM_full,disabled,2015-01-29,risk_on,0.015838023689887105,-0.0010823363825605004,0.007908172954090076,0.45454545454545453,0.0720895480224272,0.6060606060606061,0.7045454545454546,,,{},2356.TW,2015-01-29,2015-01-30
0.04692265046184236,2031000,0,0.043939393939393945,1.0252525252525253,1.0,D-1 estimated accounting; fill-day constraints require ledger audit,momentum,V4_MOMENTUM_full,disabled,2015-01-29,risk_on,0.015838023689887105,-0.0010823363825605004,0.007908172954090076,0.45454545454545453,0.0720895480224272,0.6060606060606061,0.7045454545454546,,,{},2368.TW,2015-01-29,2015-01-30
0.0423988938398936,175000,0,0.037121212121212124,0.9065656565656566,1.0,D-1 estimated accounting; fill-day constraints require ledger audit,momentum,V4_MOMENTUM_full,disabled,2015-01-29,risk_on,0.015838023689887105,-0.0010823363825605004,0.007908172954090076,0.45454545454545453,0.0720895480224272,0.6060606060606061,0.7045454545454546,,,{},2395.TW,2015-01-29,2015-01-30
0.04118513585545577,397000,0,0.0393939393939394,0.937878787878788,1.0,D-1 estimated accounting; fill-day constraints require ledger audit,momentum,V4_MOMENTUM_full,disabled,2015-01-29,risk_on,0.015838023689887105,-0.0010823363825605004,0.007908172954090076,0.45454545454545453,0.0720895480224272,0.6060606060606061,0.7045454545454546,,,{},2451.TW,2015-01-29,2015-01-30
0.0,0,-1842000,-0.038636363636363635,0.2702020202020202,1.0,D-1 estimated accounting; fill-day constraints require ledger audit,momentum,V4_MOMENTUM_full,disabled,2015-01-29,risk_on,0.015838023689887105,-0.0010823363825605004,0.007908172954090076,0.45454545454545453,0.0720895480224272,0.6060606060606061,0.7045454545454546,,,{},2603.TW,2015-01-29,2015-01-30
0.04184500777903771,2449000,0,-0.009090909090909089,0.5373737373737373,1.0,D-1 estimated accounting; fill-day constraints require ledger audit,momentum,V4_MOMENTUM_full,disabled,2015-01-29,risk_on,0.015838023689887105,-0.0010823363825605004,0.007908172954090076,0.45454545454545453,0.0720895480224272,0.6060606060606061,0.7045454545454546,,,{},2609.TW,2015-01-29,2015-01-30
0.045333974437489495,2847000,0,-0.03181818181818182,0.33434343434343433,1.0,D-1 estimated accounting; fill-day constraints require ledger audit,momentum,V4_MOMENTUM_full,disabled,2015-01-29,risk_on,0.015838023689887105,-0.0010823363825605004,0.007908172954090076,0.45454545454545453,0.0720895480224272,0.6060606060606061,0.7045454545454546,,,{},2610.TW,2015-01-29,2015-01-30
0.04078982425540246,3861000,0,0.02272727272727273,0.7833333333333335,1.0,D-1 estimated accounting; fill-day constraints require ledger audit,momentum,V4_MOMENTUM_full,disabled,2015-01-29,risk_on,0.015838023689887105,-0.0010823363825605004,0.007908172954090076,0.45454545454545453,0.0720895480224272,0.6060606060606061,0.7045454545454546,,,{},2883.TW,2015-01-29,2015-01-30
0.04403189490077996,16000,0,0.025,0.7893939393939393,1.0,D-1 estimated accounting; fill-day constraints require ledger audit,momentum,V4_MOMENTUM_full,disabled,2015-01-29,risk_on,0.015838023689887105,-0.0010823363825605004,0.007908172954090076,0.45454545454545453,0.0720895480224272,0.6060606060606061,0.7045454545454546,,,{},3008.TW,2015-01-29,2015-01-30
0.04153640039811007,231000,0,-0.03636363636363637,0.2787878787878788,1.0,D-1 estimated accounting; fill-day constraints require ledger audit,momentum,V4_MOMENTUM_full,disabled,2015-01-29,risk_on,0.015838023689887105,-0.0010823363825605004,0.007908172954090076,0.45454545454545453,0.0720895480224272,0.6060606060606061,0.7045454545454546,,,{},3034.TW,2015-01-29,2015-01-30
0.044008241403519215,636000,0,0.025757575757575757,0.7919191919191919,1.0,D-1 estimated accounting; fill-day constraints require ledger audit,momentum,V4_MOMENTUM_full,disabled,2015-01-29,risk_on,0.015838023689887105,-0.0010823363825605004,0.007908172954090076,0.45454545454545453,0.0720895480224272,0.6060606060606061,0.7045454545454546,,,{},3044.TW,2015-01-29,2015-01-30
0.04286817316054757,394000,0,0.004545454545454542,0.648989898989899,1.0,D-1 estimated accounting; fill-day constraints require ledger audit,momentum,V4_MOMENTUM_full,disabled,2015-01-29,risk_on,0.015838023689887105,-0.0010823363825605004,0.007908172954090076,0.45454545454545453,0.0720895480224272,0.6060606060606061,0.7045454545454546,,,{},3045.TW,2015-01-29,2015-01-30
0.052581269535698964,568000,0,0.04469696969696971,1.0297979797979797,1.0,D-1 estimated accounting; fill-day constraints require ledger audit,momentum,V4_MOMENTUM_full,disabled,2015-01-29,risk_on,0.015838023689887105,-0.0010823363825605004,0.007908172954090076,0.45454545454545453,0.0720895480224272,0.6060606060606061,0.7045454545454546,,,{},3227.TWO,2015-01-29,2015-01-30
0.03925388845410855,703000,0,-0.03257575757575758,0.3186868686868687,1.0,D-1 estimated accounting; fill-day constraints require ledger audit,momentum,V4_MOMENTUM_full,disabled,2015-01-29,risk_on,0.015838023689887105,-0.0010823363825605004,0.007908172954090076,0.45454545454545453,0.0720895480224272,0.6060606060606061,0.7045454545454546,,,{},3260.TWO,2015-01-29,2015-01-30
0.04317839787462125,638000,638000,0.04924242424242425,1.1585858585858586,1.0,D-1 estimated accounting; fill-day constraints require ledger audit,momentum,V4_MOMENTUM_full,disabled,2015-01-29,risk_on,0.015838023689887105,-0.0010823363825605004,0.007908172954090076,0.45454545454545453,0.0720895480224272,0.6060606060606061,0.7045454545454546,,,{},3491.TWO,2015-01-29,2015-01-30
0.04347816046490652,808000,0,0.016666666666666663,0.7232323232323232,1.0,D-1 estimated accounting; fill-day constraints require ledger audit,momentum,V4_MOMENTUM_full,disabled,2015-01-29,risk_on,0.015838023689887105,-0.0010823363825605004,0.007908172954090076,0.45454545454545453,0.0720895480224272,0.6060606060606061,0.7045454545454546,,,{},3680.TWO,2015-01-29,2015-01-30
0.04205425025480588,1069000,0,0.04545454545454546,1.02979797979798,1.0,D-1 estimated accounting; fill-day constraints require ledger audit,momentum,V4_MOMENTUM_full,disabled,2015-01-29,risk_on,0.015838023689887105,-0.0010823363825605004,0.007908172954090076,0.45454545454545453,0.0720895480224272,0.6060606060606061,0.7045454545454546,,,{},3702.TW,2015-01-29,2015-01-30
0.044129541389471776,565000,0,0.02954545454545454,0.857070707070707,1.0,D-1 estimated accounting; fill-day constraints require ledger audit,momentum,V4_MOMENTUM_full,disabled,2015-01-29,risk_on,0.015838023689887105,-0.0010823363825605004,0.007908172954090076,0.45454545454545453,0.0720895480224272,0.6060606060606061,0.7045454545454546,,,{},4904.TW,2015-01-29,2015-01-30
0.04414212626301434,525000,0,0.04848484848484849,1.146969696969697,1.0,D-1 estimated accounting; fill-day constraints require ledger audit,momentum,V4_MOMENTUM_full,disabled,2015-01-29,risk_on,0.015838023689887105,-0.0010823363825605004,0.007908172954090076,0.45454545454545453,0.0720895480224272,0.6060606060606061,0.7045454545454546,,,{},4938.TW,2015-01-29,2015-01-30
0.044116400557660244,708000,0,0.024242424242424246,0.788888888888889,1.0,D-1 estimated accounting; fill-day constraints require ledger audit,momentum,V4_MOMENTUM_full,disabled,2015-01-29,risk_on,0.015838023689887105,-0.0010823363825605004,0.007908172954090076,0.45454545454545453,0.0720895480224272,0.6060606060606061,0.7045454545454546,,,{},4991.TWO,2015-01-29,2015-01-30
0.0424823381218968,788000,0,-0.011363636363636366,0.5318181818181819,1.0,D-1 estimated accounting; fill-day constraints require ledger audit,momentum,V4_MOMENTUM_full,disabled,2015-01-29,risk_on,0.015838023689887105,-0.0010823363825605004,0.007908172954090076,0.45454545454545453,0.0720895480224272,0.6060606060606061,0.7045454545454546,,,{},5347.TWO,2015-01-29,2015-01-30
0.04233782973475704,90000,0,0.046969696969696974,1.0868686868686868,1.0,D-1 estimated accounting; fill-day constraints require ledger audit,momentum,V4_MOMENTUM_full,disabled,2015-01-30,neutral,0.015752326251133007,-0.007462678504802367,-0.0010881547202435948,0.3106060606060606,0.07145083649373657,0.5151515151515151,0.6666666666666666,,,{},2059.TW,2015-01-30,2015-02-02
0.041693507562562585,720000,0,0.0393939393939394,0.9398989898989899,1.0,D-1 estimated accounting; fill-day constraints require ledger audit,momentum,V4_MOMENTUM_full,disabled,2015-01-30,neutral,0.015752326251133007,-0.007462678504802367,-0.0010881547202435948,0.3106060606060606,0.07145083649373657,0.5151515151515151,0.6666666666666666,,,{},2327.TW,2015-01-30,2015-02-02
0.04370035933809936,1828000,0,0.014393939393939393,0.7126262626262626,1.0,D-1 estimated accounting; fill-day constraints require ledger audit,momentum,V4_MOMENTUM_full,disabled,2015-01-30,neutral,0.015752326251133007,-0.007462678504802367,-0.0010881547202435948,0.3106060606060606,0.07145083649373657,0.5151515151515151,0.6666666666666666,,,{},2356.TW,2015-01-30,2015-02-02
0.04586611781303695,2031000,0,0.03333333333333334,0.8906565656565657,1.0,D-1 estimated accounting; fill-day constraints require ledger audit,momentum,V4_MOMENTUM_full,disabled,2015-01-30,neutral,0.015752326251133007,-0.007462678504802367,-0.0010881547202435948,0.3106060606060606,0.07145083649373657,0.5151515151515151,0.6666666666666666,,,{},2368.TW,2015-01-30,2015-02-02
0.042479193134544006,175000,0,0.025,0.8186868686868687,1.0,D-1 estimated accounting; fill-day constraints require ledger audit,momentum,V4_MOMENTUM_full,disabled,2015-01-30,neutral,0.015752326251133007,-0.007462678504802367,-0.0010881547202435948,0.3106060606060606,0.07145083649373657,0.5151515151515151,0.6666666666666666,,,{},2395.TW,2015-01-30,2015-02-02
0.04062799364920431,397000,0,-0.005303030303030304,0.5535353535353535,1.0,D-1 estimated accounting; fill-day constraints require ledger audit,momentum,V4_MOMENTUM_full,disabled,2015-01-30,neutral,0.015752326251133007,-0.007462678504802367,-0.0010881547202435948,0.3106060606060606,0.07145083649373657,0.5151515151515151,0.6666666666666666,,,{},2451.TW,2015-01-30,2015-02-02
0.042100410413316275,2449000,0,-0.006818181818181818,0.5487373737373737,1.0,D-1 estimated accounting; fill-day constraints require ledger audit,momentum,V4_MOMENTUM_full,disabled,2015-01-30,neutral,0.015752326251133007,-0.007462678504802367,-0.0010881547202435948,0.3106060606060606,0.07145083649373657,0.5151515151515151,0.6666666666666666,,,{},2609.TW,2015-01-30,2015-02-02
0.04604505946909822,2847000,0,-0.01590909090909091,0.46717171717171724,1.0,D-1 estimated accounting; fill-day constraints require ledger audit,momentum,V4_MOMENTUM_full,disabled,2015-01-30,neutral,0.015752326251133007,-0.007462678504802367,-0.0010881547202435948,0.3106060606060606,0.07145083649373657,0.5151515151515151,0.6666666666666666,,,{},2610.TW,2015-01-30,2015-02-02
0.04084242870564374,3861000,0,0.011363636363636366,0.7055555555555556,1.0,D-1 estimated accounting; fill-day constraints require ledger audit,momentum,V4_MOMENTUM_full,disabled,2015-01-30,neutral,0.015752326251133007,-0.007462678504802367,-0.0010881547202435948,0.3106060606060606,0.07145083649373657,0.5151515151515151,0.6666666666666666,,,{},2883.TW,2015-01-30,2015-02-02
0.04430064528575586,16000,0,0.018939393939393947,0.7545454545454545,1.0,D-1 estimated accounting; fill-day constraints require ledger audit,momentum,V4_MOMENTUM_full,disabled,2015-01-30,neutral,0.015752326251133007,-0.007462678504802367,-0.0010881547202435948,0.3106060606060606,0.07145083649373657,0.5151515151515151,0.6666666666666666,,,{},3008.TW,2015-01-30,2015-02-02
0.041319047103558555,231000,0,-0.04166666666666667,0.2313131313131313,1.0,D-1 estimated accounting; fill-day constraints require ledger audit,momentum,V4_MOMENTUM_full,disabled,2015-01-30,neutral,0.015752326251133007,-0.007462678504802367,-0.0010881547202435948,0.3106060606060606,0.07145083649373657,0.5151515151515151,0.6666666666666666,,,{},3034.TW,2015-01-30,2015-02-02
0.044341579651521516,636000,0,0.04090909090909091,0.9585858585858584,1.0,D-1 estimated accounting; fill-day constraints require ledger audit,momentum,V4_MOMENTUM_full,disabled,2015-01-30,neutral,0.015752326251133007,-0.007462678504802367,-0.0010881547202435948,0.3106060606060606,0.07145083649373657,0.5151515151515151,0.6666666666666666,,,{},3044.TW,2015-01-30,2015-02-02
0.0,0,-394000,-0.04318181818181818,0.20151515151515145,1.0,D-1 estimated accounting; fill-day constraints require ledger audit,momentum,V4_MOMENTUM_full,disabled,2015-01-30,neutral,0.015752326251133007,-0.007462678504802367,-0.0010881547202435948,0.3106060606060606,0.07145083649373657,0.5151515151515151,0.6666666666666666,,,{},3045.TW,2015-01-30,2015-02-02
0.05168805247793222,568000,0,0.021969696969696972,0.7813131313131313,1.0,D-1 estimated accounting; fill-day constraints require ledger audit,momentum,V4_MOMENTUM_full,disabled,2015-01-30,neutral,0.015752326251133007,-0.007462678504802367,-0.0010881547202435948,0.3106060606060606,0.07145083649373657,0.5151515151515151,0.6666666666666666,,,{},3227.TWO,2015-01-30,2015-02-02
0.03913574532900712,703000,0,-0.037121212121212124,0.27323232323232327,1.0,D-1 estimated accounting; fill-day constraints require ledger audit,momentum,V4_MOMENTUM_full,disabled,2015-01-30,neutral,0.015752326251133007,-0.007462678504802367,-0.0010881547202435948,0.3106060606060606,0.07145083649373657,0.5151515151515151,0.6666666666666666,,,{},3260.TWO,2015-01-30,2015-02-02
0.043182196372693195,638000,0,0.04242424242424242,0.9818181818181817,1.0,D-1 estimated accounting; fill-day constraints require ledger audit,momentum,V4_MOMENTUM_full,disabled,2015-01-30,neutral,0.015752326251133007,-0.007462678504802367,-0.0010881547202435948,0.3106060606060606,0.07145083649373657,0.5151515151515151,0.6666666666666666,,,{},3491.TWO,2015-01-30,2015-02-02
0.04366130642765462,808000,0,0.008333333333333337,0.6893939393939394,1.0,D-1 estimated accounting; fill-day constraints require ledger audit,momentum,V4_MOMENTUM_full,disabled,2015-01-30,neutral,0.015752326251133007,-0.007462678504802367,-0.0010881547202435948,0.3106060606060606,0.07145083649373657,0.5151515151515151,0.6666666666666666,,,{},3680.TWO,2015-01-30,2015-02-02
0.04274600383910594,1069000,0,0.04924242424242425,1.1858585858585857,1.0,D-1 estimated accounting; fill-day constraints require ledger audit,momentum,V4_MOMENTUM_full,disabled,2015-01-30,neutral,0.015752326251133007,-0.007462678504802367,-0.0010881547202435948,0.3106060606060606,0.07145083649373657,0.5151515151515151,0.6666666666666666,,,{},3702.TW,2015-01-30,2015-02-02
0.04439888776359342,565000,0,0.03143939393939395,0.8636363636363636,1.0,D-1 estimated accounting; fill-day constraints require ledger audit,momentum,V4_MOMENTUM_full,disabled,2015-01-30,neutral,0.015752326251133007,-0.007462678504802367,-0.0010881547202435948,0.3106060606060606,0.07145083649373657,0.5151515151515151,0.6666666666666666,,,{},4904.TW,2015-01-30,2015-02-02
0.04542697597110882,525000,0,0.05,1.193434343434343,1.0,D-1 estimated accounting; fill-day constraints require ledger audit,momentum,V4_MOMENTUM_full,disabled,2015-01-30,neutral,0.015752326251133007,-0.007462678504802367,-0.0010881547202435948,0.3106060606060606,0.07145083649373657,0.5151515151515151,0.6666666666666666,,,{},4938.TW,2015-01-30,2015-02-02
0.04431361207242697,708000,0,0.03143939393939395,0.8636363636363636,1.0,D-1 estimated accounting; fill-day constraints require ledger audit,momentum,V4_MOMENTUM_full,disabled,2015-01-30,neutral,0.015752326251133007,-0.007462678504802367,-0.0010881547202435948,0.3106060606060606,0.07145083649373657,0.5151515151515151,0.6666666666666666,,,{},4991.TWO,2015-01-30,2015-02-02
0.043222774787452185,788000,0,0.02727272727272727,0.8247474747474748,1.0,D-1 estimated accounting; fill-day constraints require ledger audit,momentum,V4_MOMENTUM_full,disabled,2015-01-30,neutral,0.015752326251133007,-0.007462678504802367,-0.0010881547202435948,0.3106060606060606,0.07145083649373657,0.5151515151515151,0.6666666666666666,,,{},5347.TWO,2015-01-30,2015-02-02
0.04277231878852672,931000,931000,0.04848484848484849,1.1196969696969696,1.0,D-1 estimated accounting; fill-day constraints require ledger audit,momentum,V4_MOMENTUM_full,disabled,2015-01-30,neutral,0.015752326251133007,-0.007462678504802367,-0.0010881547202435948,0.3106060606060606,0.07145083649373657,0.5151515151515151,0.6666666666666666,,,{},6187.TWO,2015-01-30,2015-02-02
0.04334832252132244,90000,0,0.04772727272727273,1.13989898989899,1.0,D-1 estimated accounting; fill-day constraints require ledger audit,momentum,V4_MOMENTUM_full,disabled,2015-02-02,neutral,0.01584217996151608,-0.008307865439389384,0.003441920101944662,0.2727272727272727,0.06941796690546537,0.5151515151515151,0.6742424242424242,,,{},2059.TW,2015-02-02,2015-02-03
0.043359990153110296,720000,0,0.04924242424242425,1.2101010101010101,1.0,D-1 estimated accounting; fill-day constraints require ledger audit,momentum,V4_MOMENTUM_full,disabled,2015-02-02,neutral,0.01584217996151608,-0.008307865439389384,0.003441920101944662,0.2727272727272727,0.06941796690546537,0.5151515151515151,0.6742424242424242,,,{},2327.TW,2015-02-02,2015-02-03
0.044446384841883985,1828000,0,0.01515151515151515,0.7131313131313131,1.0,D-1 estimated accounting; fill-day constraints require ledger audit,momentum,V4_MOMENTUM_full,disabled,2015-02-02,neutral,0.01584217996151608,-0.008307865439389384,0.003441920101944662,0.2727272727272727,0.06941796690546537,0.5151515151515151,0.6742424242424242,,,{},2356.TW,2015-02-02,2015-02-03
0.043455122291240274,2031000,0,-0.034090909090909095,0.30303030303030304,1.0,D-1 estimated accounting; fill-day constraints require ledger audit,momentum,V4_MOMENTUM_full,disabled,2015-02-02,neutral,0.01584217996151608,-0.008307865439389384,0.003441920101944662,0.2727272727272727,0.06941796690546537,0.5151515151515151,0.6742424242424242,,,{},2368.TW,2015-02-02,2015-02-03
0.0432884491476742,175000,0,0.041666666666666664,0.9767676767676767,1.0,D-1 estimated accounting; fill-day constraints require ledger audit,momentum,V4_MOMENTUM_full,disabled,2015-02-02,neutral,0.01584217996151608,-0.008307865439389384,0.003441920101944662,0.2727272727272727,0.06941796690546537,0.5151515151515151,0.6742424242424242,,,{},2395.TW,2015-02-02,2015-02-03
0.04149685358235392,397000,0,0.0393939393939394,0.942929292929293,1.0,D-1 estimated accounting; fill-day constraints require ledger audit,momentum,V4_MOMENTUM_full,disabled,2015-02-02,neutral,0.01584217996151608,-0.008307865439389384,0.003441920101944662,0.2727272727272727,0.06941796690546537,0.5151515151515151,0.6742424242424242,,,{},2451.TW,2015-02-02,2015-02-03
0.040613491038836116,2449000,0,-0.03636363636363637,0.27222222222222225,1.0,D-1 estimated accounting; fill-day constraints require ledger audit,momentum,V4_MOMENTUM_full,disabled,2015-02-02,neutral,0.01584217996151608,-0.008307865439389384,0.003441920101944662,0.2727272727272727,0.06941796690546537,0.5151515151515151,0.6742424242424242,,,{},2609.TW,2015-02-02,2015-02-03
0.04400667376233487,2847000,0,-0.03787878787878788,0.23888888888888885,1.0,D-1 estimated accounting; fill-day constraints require ledger audit,momentum,V4_MOMENTUM_full,disabled,2015-02-02,neutral,0.01584217996151608,-0.008307865439389384,0.003441920101944662,0.2727272727272727,0.06941796690546537,0.5151515151515151,0.6742424242424242,,,{},2610.TW,2015-02-02,2015-02-03
0.040904798029855416,3861000,0,0.009848484848484851,0.6691919191919192,1.0,D-1 estimated accounting; fill-day constraints require ledger audit,momentum,V4_MOMENTUM_full,disabled,2015-02-02,neutral,0.01584217996151608,-0.008307865439389384,0.003441920101944662,0.2727272727272727,0.06941796690546537,0.5151515151515151,0.6742424242424242,,,{},2883.TW,2015-02-02,2015-02-03
0.04500481919225695,16000,0,0.025757575757575757,0.794949494949495,1.0,D-1 estimated accounting; fill-day constraints require ledger audit,momentum,V4_MOMENTUM_full,disabled,2015-02-02,neutral,0.01584217996151608,-0.008307865439389384,0.003441920101944662,0.2727272727272727,0.06941796690546537,0.5151515151515151,0.6742424242424242,,,{},3008.TW,2015-02-02,2015-02-03
0.0,0,-231000,-0.04318181818181818,0.1297979797979798,1.0,D-1 estimated accounting; fill-day constraints require ledger audit,momentum,V4_MOMENTUM_full,disabled,2015-02-02,neutral,0.01584217996151608,-0.008307865439389384,0.003441920101944662,0.2727272727272727,0.06941796690546537,0.5151515151515151,0.6742424242424242,,,{},3034.TW,2015-02-02,2015-02-03
0.043516377358126544,636000,0,-0.008333333333333331,0.5651515151515153,1.0,D-1 estimated accounting; fill-day constraints require ledger audit,momentum,V4_MOMENTUM_full,disabled,2015-02-02,neutral,0.01584217996151608,-0.008307865439389384,0.003441920101944662,0.2727272727272727,0.06941796690546537,0.5151515151515151,0.6742424242424242,,,{},3044.TW,2015-02-02,2015-02-03
0.05236617372157205,568000,0,0.023484848484848487,0.7797979797979798,1.0,D-1 estimated accounting; fill-day constraints require ledger audit,momentum,V4_MOMENTUM_full,disabled,2015-02-02,neutral,0.01584217996151608,-0.008307865439389384,0.003441920101944662,0.2727272727272727,0.06941796690546537,0.5151515151515151,0.6742424242424242,,,{},3227.TWO,2015-02-02,2015-02-03
0.0398168681263728,703000,0,-0.009848484848484851,0.5545454545454547,1.0,D-1 estimated accounting; fill-day constraints require ledger audit,momentum,V4_MOMENTUM_full,disabled,2015-02-02,neutral,0.01584217996151608,-0.008307865439389384,0.003441920101944662,0.2727272727272727,0.06941796690546537,0.5151515151515151,0.6742424242424242,,,{},3260.TWO,2015-02-02,2015-02-03
0.042868926141547505,638000,0,0.032575757575757584,0.8838383838383838,1.0,D-1 estimated accounting; fill-day constraints require ledger audit,momentum,V4_MOMENTUM_full,disabled,2015-02-02,neutral,0.01584217996151608,-0.008307865439389384,0.003441920101944662,0.2727272727272727,0.06941796690546537,0.5151515151515151,0.6742424242424242,,,{},3491.TWO,2015-02-02,2015-02-03
0.04360823437154413,808000,0,0.0011363636363636354,0.6439393939393939,1.0,D-1 estimated accounting; fill-day constraints require ledger audit,momentum,V4_MOMENTUM_full,disabled,2015-02-02,neutral,0.01584217996151608,-0.008307865439389384,0.003441920101944662,0.2727272727272727,0.06941796690546537,0.5151515151515151,0.6742424242424242,,,{},3680.TWO,2015-02-02,2015-02-03
0.04323701945492508,1069000,0,0.05,1.2242424242424244,1.0,D-1 estimated accounting; fill-day constraints require ledger audit,momentum,V4_MOMENTUM_full,disabled,2015-02-02,neutral,0.01584217996151608,-0.008307865439389384,0.003441920101944662,0.2727272727272727,0.06941796690546537,0.5151515151515151,0.6742424242424242,,,{},3702.TW,2015-02-02,2015-02-03
0.04404484943476356,565000,0,0.018181818181818177,0.7489898989898991,1.0,D-1 estimated accounting; fill-day constraints require ledger audit,momentum,V4_MOMENTUM_full,disabled,2015-02-02,neutral,0.01584217996151608,-0.008307865439389384,0.003441920101944662,0.2727272727272727,0.06941796690546537,0.5151515151515151,0.6742424242424242,,,{},4904.TW,2015-02-02,2015-02-03
0.04566235165209129,525000,0,0.04848484848484849,1.1742424242424243,1.0,D-1 estimated accounting; fill-day constraints require ledger audit,momentum,V4_MOMENTUM_full,disabled,2015-02-02,neutral,0.01584217996151608,-0.008307865439389384,0.003441920101944662,0.2727272727272727,0.06941796690546537,0.5151515151515151,0.6742424242424242,,,{},4938.TW,2015-02-02,2015-02-03
0.04423311793190191,708000,0,0.021969696969696972,0.7707070707070707,1.0,D-1 estimated accounting; fill-day constraints require ledger audit,momentum,V4_MOMENTUM_full,disabled,2015-02-02,neutral,0.01584217996151608,-0.008307865439389384,0.003441920101944662,0.2727272727272727,0.06941796690546537,0.5151515151515151,0.6742424242424242,,,{},4991.TWO,2015-02-02,2015-02-03
0.04211861553947022,139000,139000,0.04621212121212122,1.0853535353535355,1.0,D-1 estimated accounting; fill-day constraints require ledger audit,momentum,V4_MOMENTUM_full,disabled,2015-02-02,neutral,0.01584217996151608,-0.008307865439389384,0.003441920101944662,0.2727272727272727,0.06941796690546537,0.5151515151515151,0.6742424242424242,,,{},5274.TWO,2015-02-02,2015-02-03
0.04349790360779576,788000,0,0.03484848484848485,0.901010101010101,1.0,D-1 estimated accounting; fill-day constraints require ledger audit,momentum,V4_MOMENTUM_full,disabled,2015-02-02,neutral,0.01584217996151608,-0.008307865439389384,0.003441920101944662,0.2727272727272727,0.06941796690546537,0.5151515151515151,0.6742424242424242,,,{},5347.TWO,2015-02-02,2015-02-03
0.042472559290613825,931000,0,0.043939393939393945,1.0313131313131314,1.0,D-1 estimated accounting; fill-day constraints require ledger audit,momentum,V4_MOMENTUM_full,disabled,2015-02-02,neutral,0.01584217996151608,-0.008307865439389384,0.003441920101944662,0.2727272727272727,0.06941796690546537,0.5151515151515151,0.6742424242424242,,,{},6187.TWO,2015-02-02,2015-02-03
0.04468908329670736,90000,0,0.05,1.18989898989899,1.0,D-1 estimated accounting; fill-day constraints require ledger audit,momentum,V4_MOMENTUM_full,disabled,2015-02-03,neutral,0.015110405421757681,-0.00848433591852149,0.02120559274995848,0.29545454545454547,0.07073480469187848,0.5454545454545454,0.696969696969697,,,{},2059.TW,2015-02-03,2015-02-04
0.04342769911270575,720000,0,0.04848484848484849,1.1707070707070708,1.0,D-1 estimated accounting; fill-day constraints require ledger audit,momentum,V4_MOMENTUM_full,disabled,2015-02-03,neutral,0.015110405421757681,-0.00848433591852149,0.02120559274995848,0.29545454545454547,0.07073480469187848,0.5454545454545454,0.696969696969697,,,{},2327.TW,2015-02-03,2015-02-04
0.043842670990011795,1828000,0,-0.00378787878787879,0.5909090909090909,1.0,D-1 estimated accounting; fill-day constraints require ledger audit,momentum,V4_MOMENTUM_full,disabled,2015-02-03,neutral,0.015110405421757681,-0.00848433591852149,0.02120559274995848,0.29545454545454547,0.07073480469187848,0.5454545454545454,0.696969696969697,,,{},2356.TW,2015-02-03,2015-02-04
0.04395283465835385,2031000,0,-0.012878787878787878,0.47373737373737373,1.0,D-1 estimated accounting; fill-day constraints require ledger audit,momentum,V4_MOMENTUM_full,disabled,2015-02-03,neutral,0.015110405421757681,-0.00848433591852149,0.02120559274995848,0.29545454545454547,0.07073480469187848,0.5454545454545454,0.696969696969697,,,{},2368.TW,2015-02-03,2015-02-04
0.043420470258313616,175000,0,0.04015151515151515,1.0631313131313131,1.0,D-1 estimated accounting; fill-day constraints require ledger audit,momentum,V4_MOMENTUM_full,disabled,2015-02-03,neutral,0.015110405421757681,-0.00848433591852149,0.02120559274995848,0.29545454545454547,0.07073480469187848,0.5454545454545454,0.696969696969697,,,{},2395.TW,2015-02-03,2015-02-04
0.04188790221975649,397000,0,0.03333333333333334,0.9065656565656567,1.0,D-1 estimated accounting; fill-day constraints require ledger audit,momentum,V4_MOMENTUM_full,disabled,2015-02-03,neutral,0.015110405421757681,-0.00848433591852149,0.02120559274995848,0.29545454545454547,0.07073480469187848,0.5454545454545454,0.696969696969697,,,{},2451.TW,2015-02-03,2015-02-04
0.04065146267415026,2449000,0,-0.04090909090909091,0.15656565656565657,1.0,D-1 estimated accounting; fill-day constraints require ledger audit,momentum,V4_MOMENTUM_full,disabled,2015-02-03,neutral,0.015110405421757681,-0.00848433591852149,0.02120559274995848,0.29545454545454547,0.07073480469187848,0.5454545454545454,0.696969696969697,,,{},2609.TW,2015-02-03,2015-02-04
0.0,0,-2847000,-0.043939393939393945,0.12525252525252523,1.0,D-1 estimated accounting; fill-day constraints require ledger audit,momentum,V4_MOMENTUM_full,disabled,2015-02-03,neutral,0.015110405421757681,-0.00848433591852149,0.02120559274995848,0.29545454545454547,0.07073480469187848,0.5454545454545454,0.696969696969697,,,{},2610.TW,2015-02-03,2015-02-04
0.041281594784472804,3861000,0,0.0303030303030303,0.8621212121212121,1.0,D-1 estimated accounting; fill-day constraints require ledger audit,momentum,V4_MOMENTUM_full,disabled,2015-02-03,neutral,0.015110405421757681,-0.00848433591852149,0.02120559274995848,0.29545454545454547,0.07073480469187848,0.5454545454545454,0.696969696969697,,,{},2883.TW,2015-02-03,2015-02-04
0.046366482960233595,16000,0,0.04090909090909091,1.0772727272727276,1.0,D-1 estimated accounting; fill-day constraints require ledger audit,momentum,V4_MOMENTUM_full,disabled,2015-02-03,neutral,0.015110405421757681,-0.00848433591852149,0.02120559274995848,0.29545454545454547,0.07073480469187848,0.5454545454545454,0.696969696969697,,,{},3008.TW,2015-02-03,2015-02-04
0.04354906241461308,636000,0,0.006818181818181824,0.6782828282828283,1.0,D-1 estimated accounting; fill-day constraints require ledger audit,momentum,V4_MOMENTUM_full,disabled,2015-02-03,neutral,0.015110405421757681,-0.00848433591852149,0.02120559274995848,0.29545454545454547,0.07073480469187848,0.5454545454545454,0.696969696969697,,,{},3044.TW,2015-02-03,2015-02-04
0.05244085876148633,568000,0,0.025,0.806060606060606,1.0,D-1 estimated accounting; fill-day constraints require ledger audit,momentum,V4_MOMENTUM_full,disabled,2015-02-03,neutral,0.015110405421757681,-0.00848433591852149,0.02120559274995848,0.29545454545454547,0.07073480469187848,0.5454545454545454,0.696969696969697,,,{},3227.TWO,2015-02-03,2015-02-04
0.03925145757106573,703000,0,-0.021969696969696972,0.3883838383838384,1.0,D-1 estimated accounting; fill-day constraints require ledger audit,momentum,V4_MOMENTUM_full,disabled,2015-02-03,neutral,0.015110405421757681,-0.00848433591852149,0.02120559274995848,0.29545454545454547,0.07073480469187848,0.5454545454545454,0.696969696969697,,,{},3260.TWO,2015-02-03,2015-02-04
0.042320717149629025,638000,0,0.009848484848484851,0.7111111111111112,1.0,D-1 estimated accounting; fill-day constraints require ledger audit,momentum,V4_MOMENTUM_full,disabled,2015-02-03,neutral,0.015110405421757681,-0.00848433591852149,0.02120559274995848,0.29545454545454547,0.07073480469187848,0.5454545454545454,0.696969696969697,,,{},3491.TWO,2015-02-03,2015-02-04
0.04346353794011462,808000,0,0.002272727272727271,0.6348484848484849,1.0,D-1 estimated accounting; fill-day constraints require ledger audit,momentum,V4_MOMENTUM_full,disabled,2015-02-03,neutral,0.015110405421757681,-0.00848433591852149,0.02120559274995848,0.29545454545454547,0.07073480469187848,0.5454545454545454,0.696969696969697,,,{},3680.TWO,2015-02-03,2015-02-04
0.04295749267895279,1069000,0,0.04924242424242425,1.180808080808081,1.0,D-1 estimated accounting; fill-day constraints require ledger audit,momentum,V4_MOMENTUM_full,disabled,2015-02-03,neutral,0.015110405421757681,-0.00848433591852149,0.02120559274995848,0.29545454545454547,0.07073480469187848,0.5454545454545454,0.696969696969697,,,{},3702.TW,2015-02-03,2015-02-04
0.04375798648803073,565000,0,0.0015151515151515138,0.6323232323232324,1.0,D-1 estimated accounting; fill-day constraints require ledger audit,momentum,V4_MOMENTUM_full,disabled,2015-02-03,neutral,0.015110405421757681,-0.00848433591852149,0.02120559274995848,0.29545454545454547,0.07073480469187848,0.5454545454545454,0.696969696969697,,,{},4904.TW,2015-02-03,2015-02-04
0.04505011875691155,525000,0,0.04242424242424242,1.0868686868686868,1.0,D-1 estimated accounting; fill-day constraints require ledger audit,momentum,V4_MOMENTUM_full,disabled,2015-02-03,neutral,0.015110405421757681,-0.00848433591852149,0.02120559274995848,0.29545454545454547,0.07073480469187848,0.5454545454545454,0.696969696969697,,,{},4938.TW,2015-02-03,2015-02-04
0.04385857956041701,708000,0,-0.01515151515151515,0.4409090909090909,1.0,D-1 estimated accounting; fill-day constraints require ledger audit,momentum,V4_MOMENTUM_full,disabled,2015-02-03,neutral,0.015110405421757681,-0.00848433591852149,0.02120559274995848,0.29545454545454547,0.07073480469187848,0.5454545454545454,0.696969696969697,,,{},4991.TWO,2015-02-03,2015-02-04
0.04140224538242598,139000,0,0.03181818181818182,0.8934343434343435,1.0,D-1 estimated accounting; fill-day constraints require ledger audit,momentum,V4_MOMENTUM_full,disabled,2015-02-03,neutral,0.015110405421757681,-0.00848433591852149,0.02120559274995848,0.29545454545454547,0.07073480469187848,0.5454545454545454,0.696969696969697,,,{},5274.TWO,2015-02-03,2015-02-04
0.04415455533109202,788000,0,0.0393939393939394,1.0338383838383838,1.0,D-1 estimated accounting; fill-day constraints require ledger audit,momentum,V4_MOMENTUM_full,disabled,2015-02-03,neutral,0.015110405421757681,-0.00848433591852149,0.02120559274995848,0.29545454545454547,0.07073480469187848,0.5454545454545454,0.696969696969697,,,{},5347.TWO,2015-02-03,2015-02-04
0.042251457597512865,931000,0,0.028787878787878786,0.8202020202020202,1.0,D-1 estimated accounting; fill-day constraints require ledger audit,momentum,V4_MOMENTUM_full,disabled,2015-02-03,neutral,0.015110405421757681,-0.00848433591852149,0.02120559274995848,0.29545454545454547,0.07073480469187848,0.5454545454545454,0.696969696969697,,,{},6187.TWO,2015-02-03,2015-02-04
0.0409138140904168,1364000,1364000,0.04772727272727273,1.147979797979798,1.0,D-1 estimated accounting; fill-day constraints require ledger audit,momentum,V4_MOMENTUM_full,disabled,2015-02-03,neutral,0.015110405421757681,-0.00848433591852149,0.02120559274995848,0.29545454545454547,0.07073480469187848,0.5454545454545454,0.696969696969697,,,{},6274.TWO,2015-02-03,2015-02-04
0.04170151881898438,562000,562000,0.05,1.204040404040404,1.0,D-1 estimated accounting; fill-day constraints require ledger audit,momentum,V4_MOMENTUM_full,disabled,2015-02-04,risk_on,0.015245886923723995,-0.001460748241993659,0.025833159086647184,0.4621212121212121,0.07241675639888853,0.6136363636363636,0.7424242424242424,,,{},1326.TW,2015-02-04,2015-02-05
0.04442279804977424,90000,0,0.04621212121212122,1.1348484848484848,1.0,D-1 estimated accounting; fill-day constraints require ledger audit,momentum,V4_MOMENTUM_full,disabled,2015-02-04,risk_on,0.015245886923723995,-0.001460748241993659,0.025833159086647184,0.4621212121212121,0.07241675639888853,0.6136363636363636,0.7424242424242424,,,{},2059.TW,2015-02-04,2015-02-05
0.04420804695422975,720000,0,0.04924242424242425,1.1914141414141415,1.0,D-1 estimated accounting; fill-day constraints require ledger audit,momentum,V4_MOMENTUM_full,disabled,2015-02-04,risk_on,0.015245886923723995,-0.001460748241993659,0.025833159086647184,0.4621212121212121,0.07241675639888853,0.6136363636363636,0.7424242424242424,,,{},2327.TW,2015-02-04,2015-02-05
0.043764194217676994,1828000,0,0.010606060606060608,0.6838383838383838,1.0,D-1 estimated accounting; fill-day constraints require ledger audit,momentum,V4_MOMENTUM_full,disabled,2015-02-04,risk_on,0.015245886923723995,-0.001460748241993659,0.025833159086647184,0.4621212121212121,0.07241675639888853,0.6136363636363636,0.7424242424242424,,,{},2356.TW,2015-02-04,2015-02-05
0.04388422157143232,2031000,0,-0.010606060606060608,0.48888888888888876,1.0,D-1 estimated accounting; fill-day constraints require ledger audit,momentum,V4_MOMENTUM_full,disabled,2015-02-04,risk_on,0.015245886923723995,-0.001460748241993659,0.025833159086647184,0.4621212121212121,0.07241675639888853,0.6136363636363636,0.7424242424242424,,,{},2368.TW,2015-02-04,2015-02-05
0.04325092135130124,175000,0,0.03636363636363637,1.0075757575757576,1.0,D-1 estimated accounting; fill-day constraints require ledger audit,momentum,V4_MOMENTUM_full,disabled,2015-02-04,risk_on,0.015245886923723995,-0.001460748241993659,0.025833159086647184,0.4621212121212121,0.07241675639888853,0.6136363636363636,0.7424242424242424,,,{},2395.TW,2015-02-04,2015-02-05
0.04152277085870238,397000,0,0.021212121212121217,0.8080808080808081,1.0,D-1 estimated accounting; fill-day constraints require ledger audit,momentum,V4_MOMENTUM_full,disabled,2015-02-04,risk_on,0.015245886923723995,-0.001460748241993659,0.025833159086647184,0.4621212121212121,0.07241675639888853,0.6136363636363636,0.7424242424242424,,,{},2451.TW,2015-02-04,2015-02-05
0.0,0,-2449000,-0.0446969696969697,0.1217171717171717,1.0,D-1 estimated accounting; fill-day constraints require ledger audit,momentum,V4_MOMENTUM_full,disabled,2015-02-04,risk_on,0.015245886923723995,-0.001460748241993659,0.025833159086647184,0.4621212121212121,0.07241675639888853,0.6136363636363636,0.7424242424242424,,,{},2609.TW,2015-02-04,2015-02-05
0.04131620920871407,3861000,0,0.019696969696969702,0.7848484848484849,1.0,D-1 estimated accounting; fill-day constraints require ledger audit,momentum,V4_MOMENTUM_full,disabled,2015-02-04,risk_on,0.015245886923723995,-0.001460748241993659,0.025833159086647184,0.4621212121212121,0.07241675639888853,0.6136363636363636,0.7424242424242424,,,{},2883.TW,2015-02-04,2015-02-05
0.04568341487037306,16000,0,0.038636363636363635,1.0247474747474747,1.0,D-1 estimated accounting; fill-day constraints require ledger audit,momentum,V4_MOMENTUM_full,disabled,2015-02-04,risk_on,0.015245886923723995,-0.001460748241993659,0.025833159086647184,0.4621212121212121,0.07241675639888853,0.6136363636363636,0.7424242424242424,,,{},3008.TW,2015-02-04,2015-02-05
0.043830876080874395,636000,0,-0.009090909090909089,0.49444444444444446,1.0,D-1 estimated accounting; fill-day constraints require ledger audit,momentum,V4_MOMENTUM_full,disabled,2015-02-04,risk_on,0.015245886923723995,-0.001460748241993659,0.025833159086647184,0.4621212121212121,0.07241675639888853,0.6136363636363636,0.7424242424242424,,,{},3044.TW,2015-02-04,2015-02-05
0.051890152555059105,568000,0,0.02272727272727273,0.8363636363636364,1.0,D-1 estimated accounting; fill-day constraints require ledger audit,momentum,V4_MOMENTUM_full,disabled,2015-02-04,risk_on,0.015245886923723995,-0.001460748241993659,0.025833159086647184,0.4621212121212121,0.07241675639888853,0.6136363636363636,0.7424242424242424,,,{},3227.TWO,2015-02-04,2015-02-05
0.03909818788766007,703000,0,-0.04015151515151515,0.22929292929292927,1.0,D-1 estimated accounting; fill-day constraints require ledger audit,momentum,V4_MOMENTUM_full,disabled,2015-02-04,risk_on,0.015245886923723995,-0.001460748241993659,0.025833159086647184,0.4621212121212121,0.07241675639888853,0.6136363636363636,0.7424242424242424,,,{},3260.TWO,2015-02-04,2015-02-05
0.042155462575138886,638000,0,0.0007575757575757569,0.594949494949495,1.0,D-1 estimated accounting; fill-day constraints require ledger audit,momentum,V4_MOMENTUM_full,disabled,2015-02-04,risk_on,0.015245886923723995,-0.001460748241993659,0.025833159086647184,0.4621212121212121,0.07241675639888853,0.6136363636363636,0.7424242424242424,,,{},3491.TWO,2015-02-04,2015-02-05
0.04337581673461319,808000,0,-0.002272727272727271,0.5691919191919191,1.0,D-1 estimated accounting; fill-day constraints require ledger audit,momentum,V4_MOMENTUM_full,disabled,2015-02-04,risk_on,0.015245886923723995,-0.001460748241993659,0.025833159086647184,0.4621212121212121,0.07241675639888853,0.6136363636363636,0.7424242424242424,,,{},3680.TWO,2015-02-04,2015-02-05
0.043603244990461365,1069000,0,0.04848484848484849,1.1863636363636363,1.0,D-1 estimated accounting; fill-day constraints require ledger audit,momentum,V4_MOMENTUM_full,disabled,2015-02-04,risk_on,0.015245886923723995,-0.001460748241993659,0.025833159086647184,0.4621212121212121,0.07241675639888853,0.6136363636363636,0.7424242424242424,,,{},3702.TW,2015-02-04,2015-02-05
0.044160634374693954,565000,0,0.0030303030303030277,0.5994949494949495,1.0,D-1 estimated accounting; fill-day constraints require ledger audit,momentum,V4_MOMENTUM_full,disabled,2015-02-04,risk_on,0.015245886923723995,-0.001460748241993659,0.025833159086647184,0.4621212121212121,0.07241675639888853,0.6136363636363636,0.7424242424242424,,,{},4904.TW,2015-02-04,2015-02-05
0.04482091159195127,525000,0,0.025757575757575757,0.8525252525252526,1.0,D-1 estimated accounting; fill-day constraints require ledger audit,momentum,V4_MOMENTUM_full,disabled,2015-02-04,risk_on,0.015245886923723995,-0.001460748241993659,0.025833159086647184,0.4621212121212121,0.07241675639888853,0.6136363636363636,0.7424242424242424,,,{},4938.TW,2015-02-04,2015-02-05
0.04440586136360851,708000,0,0.004545454545454542,0.6222222222222222,1.0,D-1 estimated accounting; fill-day constraints require ledger audit,momentum,V4_MOMENTUM_full,disabled,2015-02-04,risk_on,0.015245886923723995,-0.001460748241993659,0.025833159086647184,0.4621212121212121,0.07241675639888853,0.6136363636363636,0.7424242424242424,,,{},4991.TWO,2015-02-04,2015-02-05
0.04187722426079352,139000,0,0.035606060606060606,0.9717171717171718,1.0,D-1 estimated accounting; fill-day constraints require ledger audit,momentum,V4_MOMENTUM_full,disabled,2015-02-04,risk_on,0.015245886923723995,-0.001460748241993659,0.025833159086647184,0.4621212121212121,0.07241675639888853,0.6136363636363636,0.7424242424242424,,,{},5274.TWO,2015-02-04,2015-02-05
0.045421555447140056,788000,0,0.041666666666666664,1.085858585858586,1.0,D-1 estimated accounting; fill-day constraints require ledger audit,momentum,V4_MOMENTUM_full,disabled,2015-02-04,risk_on,0.015245886923723995,-0.001460748241993659,0.025833159086647184,0.4621212121212121,0.07241675639888853,0.6136363636363636,0.7424242424242424,,,{},5347.TWO,2015-02-04,2015-02-05
0.04312564565318019,931000,0,0.03484848484848485,0.9454545454545455,1.0,D-1 estimated accounting; fill-day constraints require ledger audit,momentum,V4_MOMENTUM_full,disabled,2015-02-04,risk_on,0.015245886923723995,-0.001460748241993659,0.025833159086647184,0.4621212121212121,0.07241675639888853,0.6136363636363636,0.7424242424242424,,,{},6187.TWO,2015-02-04,2015-02-05
0.0407540532122073,1364000,0,0.04545454545454546,1.1242424242424243,1.0,D-1 estimated accounting; fill-day constraints require ledger audit,momentum,V4_MOMENTUM_full,disabled,2015-02-04,risk_on,0.015245886923723995,-0.001460748241993659,0.025833159086647184,0.4621212121212121,0.07241675639888853,0.6136363636363636,0.7424242424242424,,,{},6274.TWO,2015-02-04,2015-02-05
