target_weight,target_shares,order_shares,expected_return,score,confidence,reason,family,model_ensemble_id,regime,observed_date,prior_regime,market_volatility,median_R5,median_R20,breadth,dispersion,above_EMA20,above_EMA50,model_train_end,latest_label_end,expert_weights,symbol,signal_date,decision_date
0.052833,800000,800000,0.044202898550724644,0.4420289855072464,1.0,D-1 estimated accounting; fill-day constraints require ledger audit,direct,V4_DIRECT_FROZEN_LINEAR_PORTFOLIO,disabled,2017-12-29,risk_on,0.014803871747552284,0.0063157467681153046,0.00755147049339977,0.6159420289855072,0.07994839589528971,0.6884057971014492,0.6376811594202898,,,{},1216.TW,2017-12-29,2018-01-02
0.0462775,86000,86000,0.0427536231884058,0.427536231884058,1.0,D-1 estimated accounting; fill-day constraints require ledger audit,direct,V4_DIRECT_FROZEN_LINEAR_PORTFOLIO,disabled,2017-12-29,risk_on,0.014803871747552284,0.0063157467681153046,0.00755147049339977,0.6159420289855072,0.07994839589528971,0.6884057971014492,0.6376811594202898,,,{},1590.TW,2017-12-29,2018-01-02
0.0367633,905000,905000,0.04057971014492754,0.4057971014492754,1.0,D-1 estimated accounting; fill-day constraints require ledger audit,direct,V4_DIRECT_FROZEN_LINEAR_PORTFOLIO,disabled,2017-12-29,risk_on,0.014803871747552284,0.0063157467681153046,0.00755147049339977,0.6159420289855072,0.07994839589528971,0.6884057971014492,0.6376811594202898,,,{},2301.TW,2017-12-29,2018-01-02
0.017364725,740000,740000,0.036231884057971016,0.36231884057971014,1.0,D-1 estimated accounting; fill-day constraints require ledger audit,direct,V4_DIRECT_FROZEN_LINEAR_PORTFOLIO,disabled,2017-12-29,risk_on,0.014803871747552284,0.0063157467681153046,0.00755147049339977,0.6159420289855072,0.07994839589528971,0.6884057971014492,0.6376811594202898,,,{},2344.TW,2017-12-29,2018-01-02
0.030213,186000,186000,0.0391304347826087,0.391304347826087,1.0,D-1 estimated accounting; fill-day constraints require ledger audit,direct,V4_DIRECT_FROZEN_LINEAR_PORTFOLIO,disabled,2017-12-29,risk_on,0.014803871747552284,0.0063157467681153046,0.00755147049339977,0.6159420289855072,0.07994839589528971,0.6884057971014492,0.6376811594202898,,,{},2360.TW,2017-12-29,2018-01-02
0.043173,799000,799000,0.042028985507246375,0.42028985507246375,1.0,D-1 estimated accounting; fill-day constraints require ledger audit,direct,V4_DIRECT_FROZEN_LINEAR_PORTFOLIO,disabled,2017-12-29,risk_on,0.014803871747552284,0.0063157467681153046,0.00755147049339977,0.6159420289855072,0.07994839589528971,0.6884057971014492,0.6376811594202898,,,{},2376.TW,2017-12-29,2018-01-02
0.06900185,1175000,1175000,0.04782608695652174,0.4782608695652174,1.0,D-1 estimated accounting; fill-day constraints require ledger audit,direct,V4_DIRECT_FROZEN_LINEAR_PORTFOLIO,disabled,2017-12-29,risk_on,0.014803871747552284,0.0063157467681153046,0.00755147049339977,0.6159420289855072,0.07994839589528971,0.6884057971014492,0.6376811594202898,,,{},2404.TW,2017-12-29,2018-01-02
0.023839,1922000,1922000,0.03768115942028986,0.37681159420289856,1.0,D-1 estimated accounting; fill-day constraints require ledger audit,direct,V4_DIRECT_FROZEN_LINEAR_PORTFOLIO,disabled,2017-12-29,risk_on,0.014803871747552284,0.0063157467681153046,0.00755147049339977,0.6159420289855072,0.07994839589528971,0.6884057971014492,0.6376811594202898,,,{},2409.TW,2017-12-29,2018-01-02
0.06587055,796000,796000,0.04710144927536232,0.47101449275362317,1.0,D-1 estimated accounting; fill-day constraints require ledger audit,direct,V4_DIRECT_FROZEN_LINEAR_PORTFOLIO,disabled,2017-12-29,risk_on,0.014803871747552284,0.0063157467681153046,0.00755147049339977,0.6159420289855072,0.07994839589528971,0.6884057971014492,0.6376811594202898,,,{},2451.TW,2017-12-29,2018-01-02
0.062610625,3252000,3252000,0.0463768115942029,0.463768115942029,1.0,D-1 estimated accounting; fill-day constraints require ledger audit,direct,V4_DIRECT_FROZEN_LINEAR_PORTFOLIO,disabled,2017-12-29,risk_on,0.014803871747552284,0.0063157467681153046,0.00755147049339977,0.6159420289855072,0.07994839589528971,0.6884057971014492,0.6376811594202898,,,{},2615.TW,2017-12-29,2018-01-02
0.02704425,505000,505000,0.03840579710144928,0.38405797101449274,1.0,D-1 estimated accounting; fill-day constraints require ledger audit,direct,V4_DIRECT_FROZEN_LINEAR_PORTFOLIO,disabled,2017-12-29,risk_on,0.014803871747552284,0.0063157467681153046,0.00755147049339977,0.6159420289855072,0.07994839589528971,0.6884057971014492,0.6376811594202898,,,{},2882.TW,2017-12-29,2018-01-02
0.0399993,2898000,2898000,0.04130434782608696,0.41304347826086957,1.0,D-1 estimated accounting; fill-day constraints require ledger audit,direct,V4_DIRECT_FROZEN_LINEAR_PORTFOLIO,disabled,2017-12-29,risk_on,0.014803871747552284,0.0063157467681153046,0.00755147049339977,0.6159420289855072,0.07994839589528971,0.6884057971014492,0.6376811594202898,,,{},2885.TW,2017-12-29,2018-01-02
0.007526,26000,26000,0.034057971014492754,0.34057971014492755,1.0,D-1 estimated accounting; fill-day constraints require ledger audit,direct,V4_DIRECT_FROZEN_LINEAR_PORTFOLIO,disabled,2017-12-29,risk_on,0.014803871747552284,0.0063157467681153046,0.00755147049339977,0.6159420289855072,0.07994839589528971,0.6884057971014492,0.6376811594202898,,,{},2912.TW,2017-12-29,2018-01-02
0.04965625,437000,437000,0.043478260869565216,0.43478260869565216,1.0,D-1 estimated accounting; fill-day constraints require ledger audit,direct,V4_DIRECT_FROZEN_LINEAR_PORTFOLIO,disabled,2017-12-29,risk_on,0.014803871747552284,0.0063157467681153046,0.00755147049339977,0.6159420289855072,0.07994839589528971,0.6884057971014492,0.6376811594202898,,,{},3034.TW,2017-12-29,2018-01-02
0.014125,312000,312000,0.035507246376811595,0.35507246376811596,1.0,D-1 estimated accounting; fill-day constraints require ledger audit,direct,V4_DIRECT_FROZEN_LINEAR_PORTFOLIO,disabled,2017-12-29,risk_on,0.014803871747552284,0.0063157467681153046,0.00755147049339977,0.6159420289855072,0.07994839589528971,0.6884057971014492,0.6376811594202898,,,{},3036.TW,2017-12-29,2018-01-02
0.0560325,602000,602000,0.04492753623188406,0.4492753623188406,1.0,D-1 estimated accounting; fill-day constraints require ledger audit,direct,V4_DIRECT_FROZEN_LINEAR_PORTFOLIO,disabled,2017-12-29,risk_on,0.014803871747552284,0.0063157467681153046,0.00755147049339977,0.6159420289855072,0.07994839589528971,0.6884057971014492,0.6376811594202898,,,{},3044.TW,2017-12-29,2018-01-02
0.004416,11000,11000,0.03333333333333334,0.33333333333333337,1.0,D-1 estimated accounting; fill-day constraints require ledger audit,direct,V4_DIRECT_FROZEN_LINEAR_PORTFOLIO,disabled,2017-12-29,risk_on,0.014803871747552284,0.0063157467681153046,0.00755147049339977,0.6159420289855072,0.07994839589528971,0.6884057971014492,0.6376811594202898,,,{},3081.TWO,2017-12-29,2018-01-02
0.075503175,1933000,1933000,0.04927536231884058,0.4927536231884058,1.0,D-1 estimated accounting; fill-day constraints require ledger audit,direct,V4_DIRECT_FROZEN_LINEAR_PORTFOLIO,disabled,2017-12-29,risk_on,0.014803871747552284,0.0063157467681153046,0.00755147049339977,0.6159420289855072,0.07994839589528971,0.6884057971014492,0.6376811594202898,,,{},3680.TWO,2017-12-29,2018-01-02
0.033444,464000,464000,0.03985507246376812,0.39855072463768115,1.0,D-1 estimated accounting; fill-day constraints require ledger audit,direct,V4_DIRECT_FROZEN_LINEAR_PORTFOLIO,disabled,2017-12-29,risk_on,0.014803871747552284,0.0063157467681153046,0.00755147049339977,0.6159420289855072,0.07994839589528971,0.6884057971014492,0.6376811594202898,,,{},4938.TW,2017-12-29,2018-01-02
0.059317599999999984,699000,699000,0.045652173913043485,0.4565217391304348,1.0,D-1 estimated accounting; fill-day constraints require ledger audit,direct,V4_DIRECT_FROZEN_LINEAR_PORTFOLIO,disabled,2017-12-29,risk_on,0.014803871747552284,0.0063157467681153046,0.00755147049339977,0.6159420289855072,0.07994839589528971,0.6884057971014492,0.6376811594202898,,,{},4991.TWO,2017-12-29,2018-01-02
0.020559,311000,311000,0.03695652173913044,0.3695652173913043,1.0,D-1 estimated accounting; fill-day constraints require ledger audit,direct,V4_DIRECT_FROZEN_LINEAR_PORTFOLIO,disabled,2017-12-29,risk_on,0.014803871747552284,0.0063157467681153046,0.00755147049339977,0.6159420289855072,0.07994839589528971,0.6884057971014492,0.6376811594202898,,,{},5347.TWO,2017-12-29,2018-01-02
0.07229146499999999,8575000,8575000,0.04855072463768116,0.4855072463768116,1.0,D-1 estimated accounting; fill-day constraints require ledger audit,direct,V4_DIRECT_FROZEN_LINEAR_PORTFOLIO,disabled,2017-12-29,risk_on,0.014803871747552284,0.0063157467681153046,0.00755147049339977,0.6159420289855072,0.07994839589528971,0.6884057971014492,0.6376811594202898,,,{},8932.TWO,2017-12-29,2018-01-02
0.0539140903600286,800000,0,0.03695652173913044,0.3695652173913043,1.0,D-1 estimated accounting; fill-day constraints require ledger audit,direct,V4_DIRECT_FROZEN_LINEAR_PORTFOLIO,disabled,2018-01-02,risk_on,0.014857758957231055,0.010596143340365627,0.006165808637619397,0.7246376811594203,0.08037487242033843,0.7391304347826086,0.7028985507246377,,,{},1216.TW,2018-01-02,2018-01-03
0.04534083033748464,86000,0,0.04057971014492754,0.4057971014492754,1.0,D-1 estimated accounting; fill-day constraints require ledger audit,direct,V4_DIRECT_FROZEN_LINEAR_PORTFOLIO,disabled,2018-01-02,risk_on,0.014857758957231055,0.010596143340365627,0.006165808637619397,0.7246376811594203,0.08037487242033843,0.7391304347826086,0.7028985507246377,,,{},1590.TW,2018-01-02,2018-01-03
0.0368456448003636,905000,0,0.04492753623188406,0.4492753623188406,1.0,D-1 estimated accounting; fill-day constraints require ledger audit,direct,V4_DIRECT_FROZEN_LINEAR_PORTFOLIO,disabled,2018-01-02,risk_on,0.014857758957231055,0.010596143340365627,0.006165808637619397,0.7246376811594203,0.08037487242033843,0.7391304347826086,0.7028985507246377,,,{},2301.TW,2018-01-02,2018-01-03
0.017700483074040183,740000,0,0.042028985507246375,0.42028985507246375,1.0,D-1 estimated accounting; fill-day constraints require ledger audit,direct,V4_DIRECT_FROZEN_LINEAR_PORTFOLIO,disabled,2018-01-02,risk_on,0.014857758957231055,0.010596143340365627,0.006165808637619397,0.7246376811594203,0.08037487242033843,0.7391304347826086,0.7028985507246377,,,{},2344.TW,2018-01-02,2018-01-03
0.029813378681054638,186000,0,0.03840579710144928,0.38405797101449274,1.0,D-1 estimated accounting; fill-day constraints require ledger audit,direct,V4_DIRECT_FROZEN_LINEAR_PORTFOLIO,disabled,2018-01-02,risk_on,0.014857758957231055,0.010596143340365627,0.006165808637619397,0.7246376811594203,0.08037487242033843,0.7391304347826086,0.7028985507246377,,,{},2360.TW,2018-01-02,2018-01-03
0.04230815273233439,799000,0,0.044202898550724644,0.4420289855072464,1.0,D-1 estimated accounting; fill-day constraints require ledger audit,direct,V4_DIRECT_FROZEN_LINEAR_PORTFOLIO,disabled,2018-01-02,risk_on,0.014857758957231055,0.010596143340365627,0.006165808637619397,0.7246376811594203,0.08037487242033843,0.7391304347826086,0.7028985507246377,,,{},2376.TW,2018-01-02,2018-01-03
0.07057016432755933,1175000,0,0.036231884057971016,0.36231884057971014,1.0,D-1 estimated accounting; fill-day constraints require ledger audit,direct,V4_DIRECT_FROZEN_LINEAR_PORTFOLIO,disabled,2018-01-02,risk_on,0.014857758957231055,0.010596143340365627,0.006165808637619397,0.7246376811594203,0.08037487242033843,0.7391304347826086,0.7028985507246377,,,{},2404.TW,2018-01-02,2018-01-03
0.02379605581624699,1922000,0,0.028260869565217395,0.28260869565217395,1.0,D-1 estimated accounting; fill-day constraints require ledger audit,direct,V4_DIRECT_FROZEN_LINEAR_PORTFOLIO,disabled,2018-01-02,risk_on,0.014857758957231055,0.010596143340365627,0.006165808637619397,0.7246376811594203,0.08037487242033843,0.7391304347826086,0.7028985507246377,,,{},2409.TW,2018-01-02,2018-01-03
0.06617774789861869,796000,0,0.04782608695652174,0.4782608695652174,1.0,D-1 estimated accounting; fill-day constraints require ledger audit,direct,V4_DIRECT_FROZEN_LINEAR_PORTFOLIO,disabled,2018-01-02,risk_on,0.014857758957231055,0.010596143340365627,0.006165808637619397,0.7246376811594203,0.08037487242033843,0.7391304347826086,0.7028985507246377,,,{},2451.TW,2018-01-02,2018-01-03
0.06470673539390302,3252000,0,-0.001449275362318836,-0.01449275362318836,1.0,D-1 estimated accounting; fill-day constraints require ledger audit,direct,V4_DIRECT_FROZEN_LINEAR_PORTFOLIO,disabled,2018-01-02,risk_on,0.014857758957231055,0.010596143340365627,0.006165808637619397,0.7246376811594203,0.08037487242033843,0.7391304347826086,0.7028985507246377,,,{},2615.TW,2018-01-02,2018-01-03
0.027459468023948937,505000,0,0.02391304347826087,0.2391304347826087,1.0,D-1 estimated accounting; fill-day constraints require ledger audit,direct,V4_DIRECT_FROZEN_LINEAR_PORTFOLIO,disabled,2018-01-02,risk_on,0.014857758957231055,0.010596143340365627,0.006165808637619397,0.7246376811594203,0.08037487242033843,0.7391304347826086,0.7028985507246377,,,{},2882.TW,2018-01-02,2018-01-03
0.040088893000986954,2898000,0,0.03768115942028986,0.37681159420289856,1.0,D-1 estimated accounting; fill-day constraints require ledger audit,direct,V4_DIRECT_FROZEN_LINEAR_PORTFOLIO,disabled,2018-01-02,risk_on,0.014857758957231055,0.010596143340365627,0.006165808637619397,0.7246376811594203,0.08037487242033843,0.7391304347826086,0.7028985507246377,,,{},2885.TW,2018-01-02,2018-01-03
0.0076358149655436315,26000,0,0.013043478260869568,0.13043478260869568,1.0,D-1 estimated accounting; fill-day constraints require ledger audit,direct,V4_DIRECT_FROZEN_LINEAR_PORTFOLIO,disabled,2018-01-02,risk_on,0.014857758957231055,0.010596143340365627,0.006165808637619397,0.7246376811594203,0.08037487242033843,0.7391304347826086,0.7028985507246377,,,{},2912.TW,2018-01-02,2018-01-03
0.05042519316868436,437000,0,0.04130434782608696,0.41304347826086957,1.0,D-1 estimated accounting; fill-day constraints require ledger audit,direct,V4_DIRECT_FROZEN_LINEAR_PORTFOLIO,disabled,2018-01-02,risk_on,0.014857758957231055,0.010596143340365627,0.006165808637619397,0.7246376811594203,0.08037487242033843,0.7391304347826086,0.7028985507246377,,,{},3034.TW,2018-01-02,2018-01-03
0.014140978084261483,312000,0,0.043478260869565216,0.43478260869565216,1.0,D-1 estimated accounting; fill-day constraints require ledger audit,direct,V4_DIRECT_FROZEN_LINEAR_PORTFOLIO,disabled,2018-01-02,risk_on,0.014857758957231055,0.010596143340365627,0.006165808637619397,0.7246376811594203,0.08037487242033843,0.7391304347826086,0.7028985507246377,,,{},3036.TW,2018-01-02,2018-01-03
0.057969553746617705,602000,0,0.0463768115942029,0.463768115942029,1.0,D-1 estimated accounting; fill-day constraints require ledger audit,direct,V4_DIRECT_FROZEN_LINEAR_PORTFOLIO,disabled,2018-01-02,risk_on,0.014857758957231055,0.010596143340365627,0.006165808637619397,0.7246376811594203,0.08037487242033843,0.7391304347826086,0.7028985507246377,,,{},3044.TW,2018-01-02,2018-01-03
0.004471994274159893,11000,0,0.028985507246376815,0.2898550724637681,1.0,D-1 estimated accounting; fill-day constraints require ledger audit,direct,V4_DIRECT_FROZEN_LINEAR_PORTFOLIO,disabled,2018-01-02,risk_on,0.014857758957231055,0.010596143340365627,0.006165808637619397,0.7246376811594203,0.08037487242033843,0.7391304347826086,0.7028985507246377,,,{},3081.TWO,2018-01-02,2018-01-03
0.07712566494345775,1933000,0,0.04710144927536232,0.47101449275362317,1.0,D-1 estimated accounting; fill-day constraints require ledger audit,direct,V4_DIRECT_FROZEN_LINEAR_PORTFOLIO,disabled,2018-01-02,risk_on,0.014857758957231055,0.010596143340365627,0.006165808637619397,0.7246376811594203,0.08037487242033843,0.7391304347826086,0.7028985507246377,,,{},3680.TWO,2018-01-02,2018-01-03
0.03356546406074364,464000,0,0.0391304347826087,0.391304347826087,1.0,D-1 estimated accounting; fill-day constraints require ledger audit,direct,V4_DIRECT_FROZEN_LINEAR_PORTFOLIO,disabled,2018-01-02,risk_on,0.014857758957231055,0.010596143340365627,0.006165808637619397,0.7246376811594203,0.08037487242033843,0.7391304347826086,0.7028985507246377,,,{},4938.TW,2018-01-02,2018-01-03
0.05952057004849492,699000,0,0.04855072463768116,0.4855072463768116,1.0,D-1 estimated accounting; fill-day constraints require ledger audit,direct,V4_DIRECT_FROZEN_LINEAR_PORTFOLIO,disabled,2018-01-02,risk_on,0.014857758957231055,0.010596143340365627,0.006165808637619397,0.7246376811594203,0.08037487242033843,0.7391304347826086,0.7028985507246377,,,{},4991.TWO,2018-01-02,2018-01-03
0.019668456215430483,311000,0,0.034057971014492754,0.34057971014492755,1.0,D-1 estimated accounting; fill-day constraints require ledger audit,direct,V4_DIRECT_FROZEN_LINEAR_PORTFOLIO,disabled,2018-01-02,risk_on,0.014857758957231055,0.010596143340365627,0.006165808637619397,0.7246376811594203,0.08037487242033843,0.7391304347826086,0.7028985507246377,,,{},5347.TWO,2018-01-02,2018-01-03
0.07305501762292567,8575000,0,0.04927536231884058,0.4927536231884058,1.0,D-1 estimated accounting; fill-day constraints require ledger audit,direct,V4_DIRECT_FROZEN_LINEAR_PORTFOLIO,disabled,2018-01-02,risk_on,0.014857758957231055,0.010596143340365627,0.006165808637619397,0.7246376811594203,0.08037487242033843,0.7391304347826086,0.7028985507246377,,,{},8932.TWO,2018-01-02,2018-01-03
0.05381052556060378,800000,0,0.01811594202898551,0.1811594202898551,1.0,D-1 estimated accounting; fill-day constraints require ledger audit,direct,V4_DIRECT_FROZEN_LINEAR_PORTFOLIO,disabled,2018-01-03,risk_on,0.014866210774430804,0.03193927549343989,0.024409530914082045,0.9130434782608695,0.08934890910708353,0.8043478260869565,0.717391304347826,,,{},1216.TW,2018-01-03,2018-01-04
0.045397177004055864,86000,0,0.0391304347826087,0.391304347826087,1.0,D-1 estimated accounting; fill-day constraints require ledger audit,direct,V4_DIRECT_FROZEN_LINEAR_PORTFOLIO,disabled,2018-01-03,risk_on,0.014866210774430804,0.03193927549343989,0.024409530914082045,0.9130434782608695,0.08934890910708353,0.8043478260869565,0.717391304347826,,,{},1590.TW,2018-01-03,2018-01-04
0.03607036779429651,905000,0,0.0427536231884058,0.427536231884058,1.0,D-1 estimated accounting; fill-day constraints require ledger audit,direct,V4_DIRECT_FROZEN_LINEAR_PORTFOLIO,disabled,2018-01-03,risk_on,0.014866210774430804,0.03193927549343989,0.024409530914082045,0.9130434782608695,0.08934890910708353,0.8043478260869565,0.717391304347826,,,{},2301.TW,2018-01-03,2018-01-04
0.018288532918872964,740000,0,0.03188405797101449,0.3188405797101449,1.0,D-1 estimated accounting; fill-day constraints require ledger audit,direct,V4_DIRECT_FROZEN_LINEAR_PORTFOLIO,disabled,2018-01-03,risk_on,0.014866210774430804,0.03193927549343989,0.024409530914082045,0.9130434782608695,0.08934890910708353,0.8043478260869565,0.717391304347826,,,{},2344.TW,2018-01-03,2018-01-04
0.030923966823314292,186000,0,0.031159420289855074,0.3115942028985507,1.0,D-1 estimated accounting; fill-day constraints require ledger audit,direct,V4_DIRECT_FROZEN_LINEAR_PORTFOLIO,disabled,2018-01-03,risk_on,0.014866210774430804,0.03193927549343989,0.024409530914082045,0.9130434782608695,0.08934890910708353,0.8043478260869565,0.717391304347826,,,{},2360.TW,2018-01-03,2018-01-04
0.044029699766708036,799000,0,0.03768115942028986,0.37681159420289856,1.0,D-1 estimated accounting; fill-day constraints require ledger audit,direct,V4_DIRECT_FROZEN_LINEAR_PORTFOLIO,disabled,2018-01-03,risk_on,0.014866210774430804,0.03193927549343989,0.024409530914082045,0.9130434782608695,0.08934890910708353,0.8043478260869565,0.717391304347826,,,{},2376.TW,2018-01-03,2018-01-04
0.07035569056504562,1175000,0,0.02681159420289855,0.2681159420289855,1.0,D-1 estimated accounting; fill-day constraints require ledger audit,direct,V4_DIRECT_FROZEN_LINEAR_PORTFOLIO,disabled,2018-01-03,risk_on,0.014866210774430804,0.03193927549343989,0.024409530914082045,0.9130434782608695,0.08934890910708353,0.8043478260869565,0.717391304347826,,,{},2404.TW,2018-01-03,2018-01-04
0.023836244117958618,1922000,0,0.015942028985507246,0.15942028985507245,1.0,D-1 estimated accounting; fill-day constraints require ledger audit,direct,V4_DIRECT_FROZEN_LINEAR_PORTFOLIO,disabled,2018-01-03,risk_on,0.014866210774430804,0.03193927549343989,0.024409530914082045,0.9130434782608695,0.08934890910708353,0.8043478260869565,0.717391304347826,,,{},2409.TW,2018-01-03,2018-01-04
0.06559842532613466,796000,0,0.045652173913043485,0.4565217391304348,1.0,D-1 estimated accounting; fill-day constraints require ledger audit,direct,V4_DIRECT_FROZEN_LINEAR_PORTFOLIO,disabled,2018-01-03,risk_on,0.014866210774430804,0.03193927549343989,0.024409530914082045,0.9130434782608695,0.08934890910708353,0.8043478260869565,0.717391304347826,,,{},2451.TW,2018-01-03,2018-01-04
0.0,0,-3252000,-0.028260869565217395,-0.28260869565217395,1.0,D-1 estimated accounting; fill-day constraints require ledger audit,direct,V4_DIRECT_FROZEN_LINEAR_PORTFOLIO,disabled,2018-01-03,risk_on,0.014866210774430804,0.03193927549343989,0.024409530914082045,0.9130434782608695,0.08934890910708353,0.8043478260869565,0.717391304347826,,,{},2615.TW,2018-01-03,2018-01-04
0.027788324538512755,505000,0,-0.004347826086956519,-0.04347826086956519,1.0,D-1 estimated accounting; fill-day constraints require ledger audit,direct,V4_DIRECT_FROZEN_LINEAR_PORTFOLIO,disabled,2018-01-03,risk_on,0.014866210774430804,0.03193927549343989,0.024409530914082045,0.9130434782608695,0.08934890910708353,0.8043478260869565,0.717391304347826,,,{},2882.TW,2018-01-03,2018-01-04
0.04026703359116978,2898000,0,0.02028985507246377,0.2028985507246377,1.0,D-1 estimated accounting; fill-day constraints require ledger audit,direct,V4_DIRECT_FROZEN_LINEAR_PORTFOLIO,disabled,2018-01-03,risk_on,0.014866210774430804,0.03193927549343989,0.024409530914082045,0.9130434782608695,0.08934890910708353,0.8043478260869565,0.717391304347826,,,{},2885.TW,2018-01-03,2018-01-04
0.007508103820904195,26000,0,0.009420289855072463,0.09420289855072461,1.0,D-1 estimated accounting; fill-day constraints require ledger audit,direct,V4_DIRECT_FROZEN_LINEAR_PORTFOLIO,disabled,2018-01-03,risk_on,0.014866210774430804,0.03193927549343989,0.024409530914082045,0.9130434782608695,0.08934890910708353,0.8043478260869565,0.717391304347826,,,{},2912.TW,2018-01-03,2018-01-04
0.05032249510230661,437000,0,0.03695652173913044,0.3695652173913043,1.0,D-1 estimated accounting; fill-day constraints require ledger audit,direct,V4_DIRECT_FROZEN_LINEAR_PORTFOLIO,disabled,2018-01-03,risk_on,0.014866210774430804,0.03193927549343989,0.024409530914082045,0.9130434782608695,0.08934890910708353,0.8043478260869565,0.717391304347826,,,{},3034.TW,2018-01-03,2018-01-04
0.014175569894310859,312000,0,0.04492753623188406,0.4492753623188406,1.0,D-1 estimated accounting; fill-day constraints require ledger audit,direct,V4_DIRECT_FROZEN_LINEAR_PORTFOLIO,disabled,2018-01-03,risk_on,0.014866210774430804,0.03193927549343989,0.024409530914082045,0.9130434782608695,0.08934890910708353,0.8043478260869565,0.717391304347826,,,{},3036.TW,2018-01-03,2018-01-04
0.056761035836212614,602000,0,0.044202898550724644,0.4420289855072464,1.0,D-1 estimated accounting; fill-day constraints require ledger audit,direct,V4_DIRECT_FROZEN_LINEAR_PORTFOLIO,disabled,2018-01-03,risk_on,0.014866210774430804,0.03193927549343989,0.024409530914082045,0.9130434782608695,0.08934890910708353,0.8043478260869565,0.717391304347826,,,{},3044.TW,2018-01-03,2018-01-04
0.004523734006228379,11000,0,0.028985507246376815,0.2898550724637681,1.0,D-1 estimated accounting; fill-day constraints require ledger audit,direct,V4_DIRECT_FROZEN_LINEAR_PORTFOLIO,disabled,2018-01-03,risk_on,0.014866210774430804,0.03193927549343989,0.024409530914082045,0.9130434782608695,0.08934890910708353,0.8043478260869565,0.717391304347826,,,{},3081.TWO,2018-01-03,2018-01-04
0.06031230396306135,212000,212000,0.04855072463768116,0.4855072463768116,1.0,D-1 estimated accounting; fill-day constraints require ledger audit,direct,V4_DIRECT_FROZEN_LINEAR_PORTFOLIO,disabled,2018-01-03,risk_on,0.014866210774430804,0.03193927549343989,0.024409530914082045,0.9130434782608695,0.08934890910708353,0.8043478260869565,0.717391304347826,,,{},3665.TW,2018-01-03,2018-01-04
0.07750187076873163,1933000,0,0.0463768115942029,0.463768115942029,1.0,D-1 estimated accounting; fill-day constraints require ledger audit,direct,V4_DIRECT_FROZEN_LINEAR_PORTFOLIO,disabled,2018-01-03,risk_on,0.014866210774430804,0.03193927549343989,0.024409530914082045,0.9130434782608695,0.08934890910708353,0.8043478260869565,0.717391304347826,,,{},3680.TWO,2018-01-03,2018-01-04
0.033583384649826686,464000,0,0.03260869565217391,0.32608695652173914,1.0,D-1 estimated accounting; fill-day constraints require ledger audit,direct,V4_DIRECT_FROZEN_LINEAR_PORTFOLIO,disabled,2018-01-03,risk_on,0.014866210774430804,0.03193927549343989,0.024409530914082045,0.9130434782608695,0.08934890910708353,0.8043478260869565,0.717391304347826,,,{},4938.TW,2018-01-03,2018-01-04
0.060256784277679463,699000,0,0.04782608695652174,0.4782608695652174,1.0,D-1 estimated accounting; fill-day constraints require ledger audit,direct,V4_DIRECT_FROZEN_LINEAR_PORTFOLIO,disabled,2018-01-03,risk_on,0.014866210774430804,0.03193927549343989,0.024409530914082045,0.9130434782608695,0.08934890910708353,0.8043478260869565,0.717391304347826,,,{},4991.TWO,2018-01-03,2018-01-04
0.019853640318804395,311000,0,0.035507246376811595,0.35507246376811596,1.0,D-1 estimated accounting; fill-day constraints require ledger audit,direct,V4_DIRECT_FROZEN_LINEAR_PORTFOLIO,disabled,2018-01-03,risk_on,0.014866210774430804,0.03193927549343989,0.024409530914082045,0.9130434782608695,0.08934890910708353,0.8043478260869565,0.717391304347826,,,{},5347.TWO,2018-01-03,2018-01-04
0.07250521858861712,8575000,0,0.04927536231884058,0.4927536231884058,1.0,D-1 estimated accounting; fill-day constraints require ledger audit,direct,V4_DIRECT_FROZEN_LINEAR_PORTFOLIO,disabled,2018-01-03,risk_on,0.014866210774430804,0.03193927549343989,0.024409530914082045,0.9130434782608695,0.08934890910708353,0.8043478260869565,0.717391304347826,,,{},8932.TWO,2018-01-03,2018-01-04
0.05368185860364477,800000,0,0.012318840579710146,0.12318840579710144,1.0,D-1 estimated accounting; fill-day constraints require ledger audit,direct,V4_DIRECT_FROZEN_LINEAR_PORTFOLIO,disabled,2018-01-04,risk_on,0.015071737060546219,0.029423080284189385,0.0349879227053137,0.8695652173913043,0.0987482110368875,0.7898550724637681,0.7318840579710145,,,{},1216.TW,2018-01-04,2018-01-05
0.04571831067106253,86000,0,0.03768115942028986,0.37681159420289856,1.0,D-1 estimated accounting; fill-day constraints require ledger audit,direct,V4_DIRECT_FROZEN_LINEAR_PORTFOLIO,disabled,2018-01-04,risk_on,0.015071737060546219,0.029423080284189385,0.0349879227053137,0.8695652173913043,0.0987482110368875,0.7898550724637681,0.7318840579710145,,,{},1590.TW,2018-01-04,2018-01-05
0.03575921878238348,905000,0,0.03985507246376812,0.39855072463768115,1.0,D-1 estimated accounting; fill-day constraints require ledger audit,direct,V4_DIRECT_FROZEN_LINEAR_PORTFOLIO,disabled,2018-01-04,risk_on,0.015071737060546219,0.029423080284189385,0.0349879227053137,0.8695652173913043,0.0987482110368875,0.7898550724637681,0.7318840579710145,,,{},2301.TW,2018-01-04,2018-01-05
0.018024099738625846,740000,0,0.021014492753623187,0.21014492753623187,1.0,D-1 estimated accounting; fill-day constraints require ledger audit,direct,V4_DIRECT_FROZEN_LINEAR_PORTFOLIO,disabled,2018-01-04,risk_on,0.015071737060546219,0.029423080284189385,0.0349879227053137,0.8695652173913043,0.0987482110368875,0.7898550724637681,0.7318840579710145,,,{},2344.TW,2018-01-04,2018-01-05
0.03057209603036359,186000,0,0.019565217391304346,0.19565217391304346,1.0,D-1 estimated accounting; fill-day constraints require ledger audit,direct,V4_DIRECT_FROZEN_LINEAR_PORTFOLIO,disabled,2018-01-04,risk_on,0.015071737060546219,0.029423080284189385,0.0349879227053137,0.8695652173913043,0.0987482110368875,0.7898550724637681,0.7318840579710145,,,{},2360.TW,2018-01-04,2018-01-05
0.047022163748656136,799000,0,0.007971014492753626,0.07971014492753625,1.0,D-1 estimated accounting; fill-day constraints require ledger audit,direct,V4_DIRECT_FROZEN_LINEAR_PORTFOLIO,disabled,2018-01-04,risk_on,0.015071737060546219,0.029423080284189385,0.0349879227053137,0.8695652173913043,0.0987482110368875,0.7898550724637681,0.7318840579710145,,,{},2376.TW,2018-01-04,2018-01-05
0.06972032442461407,1175000,0,0.031159420289855074,0.3115942028985507,1.0,D-1 estimated accounting; fill-day constraints require ledger audit,direct,V4_DIRECT_FROZEN_LINEAR_PORTFOLIO,disabled,2018-01-04,risk_on,0.015071737060546219,0.029423080284189385,0.0349879227053137,0.8695652173913043,0.0987482110368875,0.7898550724637681,0.7318840579710145,,,{},2404.TW,2018-01-04,2018-01-05
0.023874747996739786,1922000,0,-0.0007246376811594236,-0.007246376811594235,1.0,D-1 estimated accounting; fill-day constraints require ledger audit,direct,V4_DIRECT_FROZEN_LINEAR_PORTFOLIO,disabled,2018-01-04,risk_on,0.015071737060546219,0.029423080284189385,0.0349879227053137,0.8695652173913043,0.0987482110368875,0.7898550724637681,0.7318840579710145,,,{},2409.TW,2018-01-04,2018-01-05
0.06544157218857312,796000,0,0.04782608695652174,0.4782608695652174,1.0,D-1 estimated accounting; fill-day constraints require ledger audit,direct,V4_DIRECT_FROZEN_LINEAR_PORTFOLIO,disabled,2018-01-04,risk_on,0.015071737060546219,0.029423080284189385,0.0349879227053137,0.8695652173913043,0.0987482110368875,0.7898550724637681,0.7318840579710145,,,{},2451.TW,2018-01-04,2018-01-05
0.0,0,-505000,-0.01086956521739131,-0.10869565217391308,1.0,D-1 estimated accounting; fill-day constraints require ledger audit,direct,V4_DIRECT_FROZEN_LINEAR_PORTFOLIO,disabled,2018-01-04,risk_on,0.015071737060546219,0.029423080284189385,0.0349879227053137,0.8695652173913043,0.0987482110368875,0.7898550724637681,0.7318840579710145,,,{},2882.TW,2018-01-04,2018-01-05
0.03988278826109425,2898000,0,0.017391304347826087,0.17391304347826086,1.0,D-1 estimated accounting; fill-day constraints require ledger audit,direct,V4_DIRECT_FROZEN_LINEAR_PORTFOLIO,disabled,2018-01-04,risk_on,0.015071737060546219,0.029423080284189385,0.0349879227053137,0.8695652173913043,0.0987482110368875,0.7898550724637681,0.7318840579710145,,,{},2885.TW,2018-01-04,2018-01-05
0.007516478529262274,26000,0,0.008695652173913044,0.08695652173913043,1.0,D-1 estimated accounting; fill-day constraints require ledger audit,direct,V4_DIRECT_FROZEN_LINEAR_PORTFOLIO,disabled,2018-01-04,risk_on,0.015071737060546219,0.029423080284189385,0.0349879227053137,0.8695652173913043,0.0987482110368875,0.7898550724637681,0.7318840579710145,,,{},2912.TW,2018-01-04,2018-01-05
0.050636819223254345,437000,0,0.026086956521739132,0.2608695652173913,1.0,D-1 estimated accounting; fill-day constraints require ledger audit,direct,V4_DIRECT_FROZEN_LINEAR_PORTFOLIO,disabled,2018-01-04,risk_on,0.015071737060546219,0.029423080284189385,0.0349879227053137,0.8695652173913043,0.0987482110368875,0.7898550724637681,0.7318840579710145,,,{},3034.TW,2018-01-04,2018-01-05
0.01412615128545722,312000,0,0.043478260869565216,0.43478260869565216,1.0,D-1 estimated accounting; fill-day constraints require ledger audit,direct,V4_DIRECT_FROZEN_LINEAR_PORTFOLIO,disabled,2018-01-04,risk_on,0.015071737060546219,0.029423080284189385,0.0349879227053137,0.8695652173913043,0.0987482110368875,0.7898550724637681,0.7318840579710145,,,{},3036.TW,2018-01-04,2018-01-05
0.05620631050105817,602000,0,0.04130434782608696,0.41304347826086957,1.0,D-1 estimated accounting; fill-day constraints require ledger audit,direct,V4_DIRECT_FROZEN_LINEAR_PORTFOLIO,disabled,2018-01-04,risk_on,0.015071737060546219,0.029423080284189385,0.0349879227053137,0.8695652173913043,0.0987482110368875,0.7898550724637681,0.7318840579710145,,,{},3044.TW,2018-01-04,2018-01-05
0.004575755342979839,11000,0,0.030434782608695657,0.30434782608695654,1.0,D-1 estimated accounting; fill-day constraints require ledger audit,direct,V4_DIRECT_FROZEN_LINEAR_PORTFOLIO,disabled,2018-01-04,risk_on,0.015071737060546219,0.029423080284189385,0.0349879227053137,0.8695652173913043,0.0987482110368875,0.7898550724637681,0.7318840579710145,,,{},3081.TWO,2018-01-04,2018-01-05
0.057740255298227114,212000,0,0.03333333333333334,0.33333333333333337,1.0,D-1 estimated accounting; fill-day constraints require ledger audit,direct,V4_DIRECT_FROZEN_LINEAR_PORTFOLIO,disabled,2018-01-04,risk_on,0.015071737060546219,0.029423080284189385,0.0349879227053137,0.8695652173913043,0.0987482110368875,0.7898550724637681,0.7318840579710145,,,{},3665.TW,2018-01-04,2018-01-05
0.0766442372969648,1933000,0,0.042028985507246375,0.42028985507246375,1.0,D-1 estimated accounting; fill-day constraints require ledger audit,direct,V4_DIRECT_FROZEN_LINEAR_PORTFOLIO,disabled,2018-01-04,risk_on,0.015071737060546219,0.029423080284189385,0.0349879227053137,0.8695652173913043,0.0987482110368875,0.7898550724637681,0.7318840579710145,,,{},3680.TWO,2018-01-04,2018-01-05
0.03318005055744153,464000,0,0.02463768115942029,0.24637681159420288,1.0,D-1 estimated accounting; fill-day constraints require ledger audit,direct,V4_DIRECT_FROZEN_LINEAR_PORTFOLIO,disabled,2018-01-04,risk_on,0.015071737060546219,0.029423080284189385,0.0349879227053137,0.8695652173913043,0.0987482110368875,0.7898550724637681,0.7318840579710145,,,{},4938.TW,2018-01-04,2018-01-05
0.07335201821091658,2103000,2103000,0.04927536231884058,0.4927536231884058,1.0,D-1 estimated accounting; fill-day constraints require ledger audit,direct,V4_DIRECT_FROZEN_LINEAR_PORTFOLIO,disabled,2018-01-04,risk_on,0.015071737060546219,0.029423080284189385,0.0349879227053137,0.8695652173913043,0.0987482110368875,0.7898550724637681,0.7318840579710145,,,{},4979.TWO,2018-01-04,2018-01-05
0.06136360378900098,699000,0,0.04855072463768116,0.4855072463768116,1.0,D-1 estimated accounting; fill-day constraints require ledger audit,direct,V4_DIRECT_FROZEN_LINEAR_PORTFOLIO,disabled,2018-01-04,risk_on,0.015071737060546219,0.029423080284189385,0.0349879227053137,0.8695652173913043,0.0987482110368875,0.7898550724637681,0.7318840579710145,,,{},4991.TWO,2018-01-04,2018-01-05
0.02042511080634479,311000,0,0.01666666666666667,0.16666666666666669,1.0,D-1 estimated accounting; fill-day constraints require ledger audit,direct,V4_DIRECT_FROZEN_LINEAR_PORTFOLIO,disabled,2018-01-04,risk_on,0.015071737060546219,0.029423080284189385,0.0349879227053137,0.8695652173913043,0.0987482110368875,0.7898550724637681,0.7318840579710145,,,{},5347.TWO,2018-01-04,2018-01-05
0.0724170470654401,8575000,0,0.02391304347826087,0.2391304347826087,1.0,D-1 estimated accounting; fill-day constraints require ledger audit,direct,V4_DIRECT_FROZEN_LINEAR_PORTFOLIO,disabled,2018-01-04,risk_on,0.015071737060546219,0.029423080284189385,0.0349879227053137,0.8695652173913043,0.0987482110368875,0.7898550724637681,0.7318840579710145,,,{},8932.TWO,2018-01-04,2018-01-05
0.05372922096166072,800000,0,0.015217391304347828,0.15217391304347827,1.0,D-1 estimated accounting; fill-day constraints require ledger audit,direct,V4_DIRECT_FROZEN_LINEAR_PORTFOLIO,disabled,2018-01-05,risk_on,0.014825208307587961,0.024968266885270762,0.04357090034295641,0.855072463768116,0.09572107928282156,0.855072463768116,0.7608695652173914,,,{},1216.TW,2018-01-05,2018-01-08
0.045204486224865656,86000,0,0.034782608695652174,0.34782608695652173,1.0,D-1 estimated accounting; fill-day constraints require ledger audit,direct,V4_DIRECT_FROZEN_LINEAR_PORTFOLIO,disabled,2018-01-05,risk_on,0.014825208307587961,0.024968266885270762,0.04357090034295641,0.855072463768116,0.09572107928282156,0.855072463768116,0.7608695652173914,,,{},1590.TW,2018-01-05,2018-01-08
0.03603259111408402,905000,0,0.04130434782608696,0.41304347826086957,1.0,D-1 estimated accounting; fill-day constraints require ledger audit,direct,V4_DIRECT_FROZEN_LINEAR_PORTFOLIO,disabled,2018-01-05,risk_on,0.014825208307587961,0.024968266885270762,0.04357090034295641,0.855072463768116,0.09572107928282156,0.855072463768116,0.7608695652173914,,,{},2301.TW,2018-01-05,2018-01-08
0.018019761240968046,740000,0,0.028260869565217395,0.28260869565217395,1.0,D-1 estimated accounting; fill-day constraints require ledger audit,direct,V4_DIRECT_FROZEN_LINEAR_PORTFOLIO,disabled,2018-01-05,risk_on,0.014825208307587961,0.024968266885270762,0.04357090034295641,0.855072463768116,0.09572107928282156,0.855072463768116,0.7608695652173914,,,{},2344.TW,2018-01-05,2018-01-08
0.03078300248632456,186000,0,0.02173913043478261,0.2173913043478261,1.0,D-1 estimated accounting; fill-day constraints require ledger audit,direct,V4_DIRECT_FROZEN_LINEAR_PORTFOLIO,disabled,2018-01-05,risk_on,0.014825208307587961,0.024968266885270762,0.04357090034295641,0.855072463768116,0.09572107928282156,0.855072463768116,0.7608695652173914,,,{},2360.TW,2018-01-05,2018-01-08
0.046406156027017635,799000,0,0.002898550724637683,0.02898550724637683,1.0,D-1 estimated accounting; fill-day constraints require ledger audit,direct,V4_DIRECT_FROZEN_LINEAR_PORTFOLIO,disabled,2018-01-05,risk_on,0.014825208307587961,0.024968266885270762,0.04357090034295641,0.855072463768116,0.09572107928282156,0.855072463768116,0.7608695652173914,,,{},2376.TW,2018-01-05,2018-01-08
0.07057538693357544,1175000,0,0.02681159420289855,0.2681159420289855,1.0,D-1 estimated accounting; fill-day constraints require ledger audit,direct,V4_DIRECT_FROZEN_LINEAR_PORTFOLIO,disabled,2018-01-05,risk_on,0.014825208307587961,0.024968266885270762,0.04357090034295641,0.855072463768116,0.09572107928282156,0.855072463768116,0.7608695652173914,,,{},2404.TW,2018-01-05,2018-01-08
0.023966824992086282,1922000,0,0.007971014492753626,0.07971014492753625,1.0,D-1 estimated accounting; fill-day constraints require ledger audit,direct,V4_DIRECT_FROZEN_LINEAR_PORTFOLIO,disabled,2018-01-05,risk_on,0.014825208307587961,0.024968266885270762,0.04357090034295641,0.855072463768116,0.09572107928282156,0.855072463768116,0.7608695652173914,,,{},2409.TW,2018-01-05,2018-01-08
0.06609114099497809,796000,0,0.0463768115942029,0.463768115942029,1.0,D-1 estimated accounting; fill-day constraints require ledger audit,direct,V4_DIRECT_FROZEN_LINEAR_PORTFOLIO,disabled,2018-01-05,risk_on,0.014825208307587961,0.024968266885270762,0.04357090034295641,0.855072463768116,0.09572107928282156,0.855072463768116,0.7608695652173914,,,{},2451.TW,2018-01-05,2018-01-08
0.040325675911236036,2898000,0,-0.0007246376811594236,-0.007246376811594235,1.0,D-1 estimated accounting; fill-day constraints require ledger audit,direct,V4_DIRECT_FROZEN_LINEAR_PORTFOLIO,disabled,2018-01-05,risk_on,0.014825208307587961,0.024968266885270762,0.04357090034295641,0.855072463768116,0.09572107928282156,0.855072463768116,0.7608695652173914,,,{},2885.TW,2018-01-05,2018-01-08
0.007479394705982879,26000,0,0.02028985507246377,0.2028985507246377,1.0,D-1 estimated accounting; fill-day constraints require ledger audit,direct,V4_DIRECT_FROZEN_LINEAR_PORTFOLIO,disabled,2018-01-05,risk_on,0.014825208307587961,0.024968266885270762,0.04357090034295641,0.855072463768116,0.09572107928282156,0.855072463768116,0.7608695652173914,,,{},2912.TW,2018-01-05,2018-01-08
0.05126843577630941,437000,0,-0.014492753623188404,-0.14492753623188404,1.0,D-1 estimated accounting; fill-day constraints require ledger audit,direct,V4_DIRECT_FROZEN_LINEAR_PORTFOLIO,disabled,2018-01-05,risk_on,0.014825208307587961,0.024968266885270762,0.04357090034295641,0.855072463768116,0.09572107928282156,0.855072463768116,0.7608695652173914,,,{},3034.TW,2018-01-05,2018-01-08
0.014180631172170687,312000,0,0.0391304347826087,0.391304347826087,1.0,D-1 estimated accounting; fill-day constraints require ledger audit,direct,V4_DIRECT_FROZEN_LINEAR_PORTFOLIO,disabled,2018-01-05,risk_on,0.014825208307587961,0.024968266885270762,0.04357090034295641,0.855072463768116,0.09572107928282156,0.855072463768116,0.7608695652173914,,,{},3036.TW,2018-01-05,2018-01-08
0.039397845005196504,2337000,2337000,0.04782608695652174,0.4782608695652174,1.0,D-1 estimated accounting; fill-day constraints require ledger audit,direct,V4_DIRECT_FROZEN_LINEAR_PORTFOLIO,disabled,2018-01-05,risk_on,0.014825208307587961,0.024968266885270762,0.04357090034295641,0.855072463768116,0.09572107928282156,0.855072463768116,0.7608695652173914,,,{},3037.TW,2018-01-05,2018-01-08
0.05726431829812673,602000,0,0.0427536231884058,0.427536231884058,1.0,D-1 estimated accounting; fill-day constraints require ledger audit,direct,V4_DIRECT_FROZEN_LINEAR_PORTFOLIO,disabled,2018-01-05,risk_on,0.014825208307587961,0.024968266885270762,0.04357090034295641,0.855072463768116,0.09572107928282156,0.855072463768116,0.7608695652173914,,,{},3044.TW,2018-01-05,2018-01-08
0.0,0,-11000,-0.03985507246376812,-0.39855072463768115,1.0,D-1 estimated accounting; fill-day constraints require ledger audit,direct,V4_DIRECT_FROZEN_LINEAR_PORTFOLIO,disabled,2018-01-05,risk_on,0.014825208307587961,0.024968266885270762,0.04357090034295641,0.855072463768116,0.09572107928282156,0.855072463768116,0.7608695652173914,,,{},3081.TWO,2018-01-05,2018-01-08
0.05711521909037363,212000,0,0.02246376811594203,0.2246376811594203,1.0,D-1 estimated accounting; fill-day constraints require ledger audit,direct,V4_DIRECT_FROZEN_LINEAR_PORTFOLIO,disabled,2018-01-05,risk_on,0.014825208307587961,0.024968266885270762,0.04357090034295641,0.855072463768116,0.09572107928282156,0.855072463768116,0.7608695652173914,,,{},3665.TW,2018-01-05,2018-01-08
0.07655416543256358,1933000,0,0.035507246376811595,0.35507246376811596,1.0,D-1 estimated accounting; fill-day constraints require ledger audit,direct,V4_DIRECT_FROZEN_LINEAR_PORTFOLIO,disabled,2018-01-05,risk_on,0.014825208307587961,0.024968266885270762,0.04357090034295641,0.855072463768116,0.09572107928282156,0.855072463768116,0.7608695652173914,,,{},3680.TWO,2018-01-05,2018-01-08
0.03335434049561856,464000,0,0.021014492753623187,0.21014492753623187,1.0,D-1 estimated accounting; fill-day constraints require ledger audit,direct,V4_DIRECT_FROZEN_LINEAR_PORTFOLIO,disabled,2018-01-05,risk_on,0.014825208307587961,0.024968266885270762,0.04357090034295641,0.855072463768116,0.09572107928282156,0.855072463768116,0.7608695652173914,,,{},4938.TW,2018-01-05,2018-01-08
0.07321534049800933,2103000,0,0.04927536231884058,0.4927536231884058,1.0,D-1 estimated accounting; fill-day constraints require ledger audit,direct,V4_DIRECT_FROZEN_LINEAR_PORTFOLIO,disabled,2018-01-05,risk_on,0.014825208307587961,0.024968266885270762,0.04357090034295641,0.855072463768116,0.09572107928282156,0.855072463768116,0.7608695652173914,,,{},4979.TWO,2018-01-05,2018-01-08
0.06055382580242416,699000,0,0.04855072463768116,0.4855072463768116,1.0,D-1 estimated accounting; fill-day constraints require ledger audit,direct,V4_DIRECT_FROZEN_LINEAR_PORTFOLIO,disabled,2018-01-05,risk_on,0.014825208307587961,0.024968266885270762,0.04357090034295641,0.855072463768116,0.09572107928282156,0.855072463768116,0.7608695652173914,,,{},4991.TWO,2018-01-05,2018-01-08
0.0201310858082813,311000,0,0.000724637681159418,0.00724637681159418,1.0,D-1 estimated accounting; fill-day constraints require ledger audit,direct,V4_DIRECT_FROZEN_LINEAR_PORTFOLIO,disabled,2018-01-05,risk_on,0.014825208307587961,0.024968266885270762,0.04357090034295641,0.855072463768116,0.09572107928282156,0.855072463768116,0.7608695652173914,,,{},5347.TWO,2018-01-05,2018-01-08
0.07072925831329575,8575000,0,0.04057971014492754,0.4057971014492754,1.0,D-1 estimated accounting; fill-day constraints require ledger audit,direct,V4_DIRECT_FROZEN_LINEAR_PORTFOLIO,disabled,2018-01-05,risk_on,0.014825208307587961,0.024968266885270762,0.04357090034295641,0.855072463768116,0.09572107928282156,0.855072463768116,0.7608695652173914,,,{},8932.TWO,2018-01-05,2018-01-08
0.05427032388584678,800000,0,0.009420289855072463,0.09420289855072461,1.0,D-1 estimated accounting; fill-day constraints require ledger audit,direct,V4_DIRECT_FROZEN_LINEAR_PORTFOLIO,disabled,2018-01-08,risk_on,0.014588782406130926,0.02003479277771425,0.044637329874266274,0.782608695652174,0.0880838371602363,0.8188405797101449,0.7463768115942029,,,{},1216.TW,2018-01-08,2018-01-09
0.044306227740072396,86000,0,0.03333333333333334,0.33333333333333337,1.0,D-1 estimated accounting; fill-day constraints require ledger audit,direct,V4_DIRECT_FROZEN_LINEAR_PORTFOLIO,disabled,2018-01-08,risk_on,0.014588782406130926,0.02003479277771425,0.044637329874266274,0.782608695652174,0.0880838371602363,0.8188405797101449,0.7463768115942029,,,{},1590.TW,2018-01-08,2018-01-09
0.03607386313814372,905000,0,0.04492753623188406,0.4492753623188406,1.0,D-1 estimated accounting; fill-day constraints require ledger audit,direct,V4_DIRECT_FROZEN_LINEAR_PORTFOLIO,disabled,2018-01-08,risk_on,0.014588782406130926,0.02003479277771425,0.044637329874266274,0.782608695652174,0.0880838371602363,0.8188405797101449,0.7463768115942029,,,{},2301.TW,2018-01-08,2018-01-09
0.017744656940282516,740000,0,0.03188405797101449,0.3188405797101449,1.0,D-1 estimated accounting; fill-day constraints require ledger audit,direct,V4_DIRECT_FROZEN_LINEAR_PORTFOLIO,disabled,2018-01-08,risk_on,0.014588782406130926,0.02003479277771425,0.044637329874266274,0.782608695652174,0.0880838371602363,0.8188405797101449,0.7463768115942029,,,{},2344.TW,2018-01-08,2018-01-09
0.030632048527749405,186000,0,0.027536231884057974,0.2753623188405797,1.0,D-1 estimated accounting; fill-day constraints require ledger audit,direct,V4_DIRECT_FROZEN_LINEAR_PORTFOLIO,disabled,2018-01-08,risk_on,0.014588782406130926,0.02003479277771425,0.044637329874266274,0.782608695652174,0.0880838371602363,0.8188405797101449,0.7463768115942029,,,{},2360.TW,2018-01-08,2018-01-09
0.0486944658254056,799000,0,-0.015942028985507253,-0.1594202898550725,1.0,D-1 estimated accounting; fill-day constraints require ledger audit,direct,V4_DIRECT_FROZEN_LINEAR_PORTFOLIO,disabled,2018-01-08,risk_on,0.014588782406130926,0.02003479277771425,0.044637329874266274,0.782608695652174,0.0880838371602363,0.8188405797101449,0.7463768115942029,,,{},2376.TW,2018-01-08,2018-01-09
0.07018674798286437,1175000,0,0.02173913043478261,0.2173913043478261,1.0,D-1 estimated accounting; fill-day constraints require ledger audit,direct,V4_DIRECT_FROZEN_LINEAR_PORTFOLIO,disabled,2018-01-08,risk_on,0.014588782406130926,0.02003479277771425,0.044637329874266274,0.782608695652174,0.0880838371602363,0.8188405797101449,0.7463768115942029,,,{},2404.TW,2018-01-08,2018-01-09
0.024186231003428628,1922000,0,0.000724637681159418,0.00724637681159418,1.0,D-1 estimated accounting; fill-day constraints require ledger audit,direct,V4_DIRECT_FROZEN_LINEAR_PORTFOLIO,disabled,2018-01-08,risk_on,0.014588782406130926,0.02003479277771425,0.044637329874266274,0.782608695652174,0.0880838371602363,0.8188405797101449,0.7463768115942029,,,{},2409.TW,2018-01-08,2018-01-09
0.06624636978221288,796000,0,0.045652173913043485,0.4565217391304348,1.0,D-1 estimated accounting; fill-day constraints require ledger audit,direct,V4_DIRECT_FROZEN_LINEAR_PORTFOLIO,disabled,2018-01-08,risk_on,0.014588782406130926,0.02003479277771425,0.044637329874266274,0.782608695652174,0.0880838371602363,0.8188405797101449,0.7463768115942029,,,{},2451.TW,2018-01-08,2018-01-09
0.040661269321786785,2898000,0,-0.017391304347826087,-0.17391304347826086,1.0,D-1 estimated accounting; fill-day constraints require ledger audit,direct,V4_DIRECT_FROZEN_LINEAR_PORTFOLIO,disabled,2018-01-08,risk_on,0.014588782406130926,0.02003479277771425,0.044637329874266274,0.782608695652174,0.0880838371602363,0.8188405797101449,0.7463768115942029,,,{},2885.TW,2018-01-08,2018-01-09
0.007593798579750095,26000,0,0.019565217391304346,0.19565217391304346,1.0,D-1 estimated accounting; fill-day constraints require ledger audit,direct,V4_DIRECT_FROZEN_LINEAR_PORTFOLIO,disabled,2018-01-08,risk_on,0.014588782406130926,0.02003479277771425,0.044637329874266274,0.782608695652174,0.0880838371602363,0.8188405797101449,0.7463768115942029,,,{},2912.TW,2018-01-08,2018-01-09
0.0,0,-437000,-0.01811594202898551,-0.1811594202898551,1.0,D-1 estimated accounting; fill-day constraints require ledger audit,direct,V4_DIRECT_FROZEN_LINEAR_PORTFOLIO,disabled,2018-01-08,risk_on,0.014588782406130926,0.02003479277771425,0.044637329874266274,0.782608695652174,0.0880838371602363,0.8188405797101449,0.7463768115942029,,,{},3034.TW,2018-01-08,2018-01-09
0.014165671862494835,312000,0,0.0391304347826087,0.391304347826087,1.0,D-1 estimated accounting; fill-day constraints require ledger audit,direct,V4_DIRECT_FROZEN_LINEAR_PORTFOLIO,disabled,2018-01-08,risk_on,0.014588782406130926,0.02003479277771425,0.044637329874266274,0.782608695652174,0.0880838371602363,0.8188405797101449,0.7463768115942029,,,{},3036.TW,2018-01-08,2018-01-09
0.04002644753005644,2337000,0,0.04057971014492754,0.4057971014492754,1.0,D-1 estimated accounting; fill-day constraints require ledger audit,direct,V4_DIRECT_FROZEN_LINEAR_PORTFOLIO,disabled,2018-01-08,risk_on,0.014588782406130926,0.02003479277771425,0.044637329874266274,0.782608695652174,0.0880838371602363,0.8188405797101449,0.7463768115942029,,,{},3037.TW,2018-01-08,2018-01-09
0.05690880819811009,602000,0,0.03768115942028986,0.37681159420289856,1.0,D-1 estimated accounting; fill-day constraints require ledger audit,direct,V4_DIRECT_FROZEN_LINEAR_PORTFOLIO,disabled,2018-01-08,risk_on,0.014588782406130926,0.02003479277771425,0.044637329874266274,0.782608695652174,0.0880838371602363,0.8188405797101449,0.7463768115942029,,,{},3044.TW,2018-01-08,2018-01-09
0.007434169554973611,180000,180000,0.04710144927536232,0.47101449275362317,1.0,D-1 estimated accounting; fill-day constraints require ledger audit,direct,V4_DIRECT_FROZEN_LINEAR_PORTFOLIO,disabled,2018-01-08,risk_on,0.014588782406130926,0.02003479277771425,0.044637329874266274,0.782608695652174,0.0880838371602363,0.8188405797101449,0.7463768115942029,,,{},3163.TWO,2018-01-08,2018-01-09
0.05771107197548557,212000,0,0.015217391304347828,0.15217391304347827,1.0,D-1 estimated accounting; fill-day constraints require ledger audit,direct,V4_DIRECT_FROZEN_LINEAR_PORTFOLIO,disabled,2018-01-08,risk_on,0.014588782406130926,0.02003479277771425,0.044637329874266274,0.782608695652174,0.0880838371602363,0.8188405797101449,0.7463768115942029,,,{},3665.TW,2018-01-08,2018-01-09
0.07683490372060785,1933000,0,0.04130434782608696,0.41304347826086957,1.0,D-1 estimated accounting; fill-day constraints require ledger audit,direct,V4_DIRECT_FROZEN_LINEAR_PORTFOLIO,disabled,2018-01-08,risk_on,0.014588782406130926,0.02003479277771425,0.044637329874266274,0.782608695652174,0.0880838371602363,0.8188405797101449,0.7463768115942029,,,{},3680.TWO,2018-01-08,2018-01-09
0.03339254482955258,464000,0,0.015942028985507246,0.15942028985507245,1.0,D-1 estimated accounting; fill-day constraints require ledger audit,direct,V4_DIRECT_FROZEN_LINEAR_PORTFOLIO,disabled,2018-01-08,risk_on,0.014588782406130926,0.02003479277771425,0.044637329874266274,0.782608695652174,0.0880838371602363,0.8188405797101449,0.7463768115942029,,,{},4938.TW,2018-01-08,2018-01-09
0.07214405693044817,2103000,0,0.04927536231884058,0.4927536231884058,1.0,D-1 estimated accounting; fill-day constraints require ledger audit,direct,V4_DIRECT_FROZEN_LINEAR_PORTFOLIO,disabled,2018-01-08,risk_on,0.014588782406130926,0.02003479277771425,0.044637329874266274,0.782608695652174,0.0880838371602363,0.8188405797101449,0.7463768115942029,,,{},4979.TWO,2018-01-08,2018-01-09
0.059366021833606106,699000,0,0.04855072463768116,0.4855072463768116,1.0,D-1 estimated accounting; fill-day constraints require ledger audit,direct,V4_DIRECT_FROZEN_LINEAR_PORTFOLIO,disabled,2018-01-08,risk_on,0.014588782406130926,0.02003479277771425,0.044637329874266274,0.782608695652174,0.0880838371602363,0.8188405797101449,0.7463768115942029,,,{},4991.TWO,2018-01-08,2018-01-09
0.020185246192588366,311000,0,0.0050724637681159425,0.050724637681159424,1.0,D-1 estimated accounting; fill-day constraints require ledger audit,direct,V4_DIRECT_FROZEN_LINEAR_PORTFOLIO,disabled,2018-01-08,risk_on,0.014588782406130926,0.02003479277771425,0.044637329874266274,0.782608695652174,0.0880838371602363,0.8188405797101449,0.7463768115942029,,,{},5347.TWO,2018-01-08,2018-01-09
0.07089589524514582,8575000,0,0.03985507246376812,0.39855072463768115,1.0,D-1 estimated accounting; fill-day constraints require ledger audit,direct,V4_DIRECT_FROZEN_LINEAR_PORTFOLIO,disabled,2018-01-08,risk_on,0.014588782406130926,0.02003479277771425,0.044637329874266274,0.782608695652174,0.0880838371602363,0.8188405797101449,0.7463768115942029,,,{},8932.TWO,2018-01-08,2018-01-09
0.054216993071825786,800000,0,0.005797101449275361,0.0579710144927536,1.0,D-1 estimated accounting; fill-day constraints require ledger audit,direct,V4_DIRECT_FROZEN_LINEAR_PORTFOLIO,disabled,2018-01-09,risk_on,0.014091934892857927,0.0161690831135457,0.04051742758603161,0.6884057971014492,0.09199274634734908,0.7318840579710145,0.7028985507246377,,,{},1216.TW,2018-01-09,2018-01-10
0.04333247619565555,86000,0,0.02173913043478261,0.2173913043478261,1.0,D-1 estimated accounting; fill-day constraints require ledger audit,direct,V4_DIRECT_FROZEN_LINEAR_PORTFOLIO,disabled,2018-01-09,risk_on,0.014091934892857927,0.0161690831135457,0.04051742758603161,0.6884057971014492,0.09199274634734908,0.7318840579710145,0.7028985507246377,,,{},1590.TW,2018-01-09,2018-01-10
0.03574473418472935,905000,0,0.03985507246376812,0.39855072463768115,1.0,D-1 estimated accounting; fill-day constraints require ledger audit,direct,V4_DIRECT_FROZEN_LINEAR_PORTFOLIO,disabled,2018-01-09,risk_on,0.014091934892857927,0.0161690831135457,0.04051742758603161,0.6884057971014492,0.09199274634734908,0.7318840579710145,0.7028985507246377,,,{},2301.TW,2018-01-09,2018-01-10
0.018065559802709814,740000,0,0.02463768115942029,0.24637681159420288,1.0,D-1 estimated accounting; fill-day constraints require ledger audit,direct,V4_DIRECT_FROZEN_LINEAR_PORTFOLIO,disabled,2018-01-09,risk_on,0.014091934892857927,0.0161690831135457,0.04051742758603161,0.6884057971014492,0.09199274634734908,0.7318840579710145,0.7028985507246377,,,{},2344.TW,2018-01-09,2018-01-10
0.029896903807592176,186000,0,0.02318840579710145,0.23188405797101447,1.0,D-1 estimated accounting; fill-day constraints require ledger audit,direct,V4_DIRECT_FROZEN_LINEAR_PORTFOLIO,disabled,2018-01-09,risk_on,0.014091934892857927,0.0161690831135457,0.04051742758603161,0.6884057971014492,0.09199274634734908,0.7318840579710145,0.7028985507246377,,,{},2360.TW,2018-01-09,2018-01-10
0.0,0,-799000,-0.023188405797101453,-0.23188405797101452,1.0,D-1 estimated accounting; fill-day constraints require ledger audit,direct,V4_DIRECT_FROZEN_LINEAR_PORTFOLIO,disabled,2018-01-09,risk_on,0.014091934892857927,0.0161690831135457,0.04051742758603161,0.6884057971014492,0.09199274634734908,0.7318840579710145,0.7028985507246377,,,{},2376.TW,2018-01-09,2018-01-10
0.07078227233887596,1175000,0,0.03260869565217391,0.32608695652173914,1.0,D-1 estimated accounting; fill-day constraints require ledger audit,direct,V4_DIRECT_FROZEN_LINEAR_PORTFOLIO,disabled,2018-01-09,risk_on,0.014091934892857927,0.0161690831135457,0.04051742758603161,0.6884057971014492,0.09199274634734908,0.7318840579710145,0.7028985507246377,,,{},2404.TW,2018-01-09,2018-01-10
0.02378815180933931,1922000,0,-0.006521739130434779,-0.06521739130434778,1.0,D-1 estimated accounting; fill-day constraints require ledger audit,direct,V4_DIRECT_FROZEN_LINEAR_PORTFOLIO,disabled,2018-01-09,risk_on,0.014091934892857927,0.0161690831135457,0.04051742758603161,0.6884057971014492,0.09199274634734908,0.7318840579710145,0.7028985507246377,,,{},2409.TW,2018-01-09,2018-01-10
0.06679418166842956,796000,0,0.044202898550724644,0.4420289855072464,1.0,D-1 estimated accounting; fill-day constraints require ledger audit,direct,V4_DIRECT_FROZEN_LINEAR_PORTFOLIO,disabled,2018-01-09,risk_on,0.014091934892857927,0.0161690831135457,0.04051742758603161,0.6884057971014492,0.09199274634734908,0.7318840579710145,0.7028985507246377,,,{},2451.TW,2018-01-09,2018-01-10
0.04051118132788095,2898000,0,-0.019565217391304346,-0.19565217391304346,1.0,D-1 estimated accounting; fill-day constraints require ledger audit,direct,V4_DIRECT_FROZEN_LINEAR_PORTFOLIO,disabled,2018-01-09,risk_on,0.014091934892857927,0.0161690831135457,0.04051742758603161,0.6884057971014492,0.09199274634734908,0.7318840579710145,0.7028985507246377,,,{},2885.TW,2018-01-09,2018-01-10
0.007606728147895164,26000,0,0.02681159420289855,0.2681159420289855,1.0,D-1 estimated accounting; fill-day constraints require ledger audit,direct,V4_DIRECT_FROZEN_LINEAR_PORTFOLIO,disabled,2018-01-09,risk_on,0.014091934892857927,0.0161690831135457,0.04051742758603161,0.6884057971014492,0.09199274634734908,0.7318840579710145,0.7028985507246377,,,{},2912.TW,2018-01-09,2018-01-10
0.01424586464524803,312000,0,0.0427536231884058,0.427536231884058,1.0,D-1 estimated accounting; fill-day constraints require ledger audit,direct,V4_DIRECT_FROZEN_LINEAR_PORTFOLIO,disabled,2018-01-09,risk_on,0.014091934892857927,0.0161690831135457,0.04051742758603161,0.6884057971014492,0.09199274634734908,0.7318840579710145,0.7028985507246377,,,{},3036.TW,2018-01-09,2018-01-10
0.04051586524293794,2337000,0,0.028985507246376815,0.2898550724637681,1.0,D-1 estimated accounting; fill-day constraints require ledger audit,direct,V4_DIRECT_FROZEN_LINEAR_PORTFOLIO,disabled,2018-01-09,risk_on,0.014091934892857927,0.0161690831135457,0.04051742758603161,0.6884057971014492,0.09199274634734908,0.7318840579710145,0.7028985507246377,,,{},3037.TW,2018-01-09,2018-01-10
0.05710519027712558,602000,0,0.04130434782608696,0.41304347826086957,1.0,D-1 estimated accounting; fill-day constraints require ledger audit,direct,V4_DIRECT_FROZEN_LINEAR_PORTFOLIO,disabled,2018-01-09,risk_on,0.014091934892857927,0.0161690831135457,0.04051742758603161,0.6884057971014492,0.09199274634734908,0.7318840579710145,0.7028985507246377,,,{},3044.TW,2018-01-09,2018-01-10
0.0072337682805233075,180000,0,0.04710144927536232,0.47101449275362317,1.0,D-1 estimated accounting; fill-day constraints require ledger audit,direct,V4_DIRECT_FROZEN_LINEAR_PORTFOLIO,disabled,2018-01-09,risk_on,0.014091934892857927,0.0161690831135457,0.04051742758603161,0.6884057971014492,0.09199274634734908,0.7318840579710145,0.7028985507246377,,,{},3163.TWO,2018-01-09,2018-01-10
0.05801667513768044,212000,0,0.011594202898550727,0.11594202898550726,1.0,D-1 estimated accounting; fill-day constraints require ledger audit,direct,V4_DIRECT_FROZEN_LINEAR_PORTFOLIO,disabled,2018-01-09,risk_on,0.014091934892857927,0.0161690831135457,0.04051742758603161,0.6884057971014492,0.09199274634734908,0.7318840579710145,0.7028985507246377,,,{},3665.TW,2018-01-09,2018-01-10
0.07719690653325677,1933000,0,0.04492753623188406,0.4492753623188406,1.0,D-1 estimated accounting; fill-day constraints require ledger audit,direct,V4_DIRECT_FROZEN_LINEAR_PORTFOLIO,disabled,2018-01-09,risk_on,0.014091934892857927,0.0161690831135457,0.04051742758603161,0.6884057971014492,0.09199274634734908,0.7318840579710145,0.7028985507246377,,,{},3680.TWO,2018-01-09,2018-01-10
0.03360085366303076,464000,0,0.012318840579710146,0.12318840579710144,1.0,D-1 estimated accounting; fill-day constraints require ledger audit,direct,V4_DIRECT_FROZEN_LINEAR_PORTFOLIO,disabled,2018-01-09,risk_on,0.014091934892857927,0.0161690831135457,0.04051742758603161,0.6884057971014492,0.09199274634734908,0.7318840579710145,0.7028985507246377,,,{},4938.TW,2018-01-09,2018-01-10
0.07133925746787179,2103000,0,0.04855072463768116,0.4855072463768116,1.0,D-1 estimated accounting; fill-day constraints require ledger audit,direct,V4_DIRECT_FROZEN_LINEAR_PORTFOLIO,disabled,2018-01-09,risk_on,0.014091934892857927,0.0161690831135457,0.04051742758603161,0.6884057971014492,0.09199274634734908,0.7318840579710145,0.7028985507246377,,,{},4979.TWO,2018-01-09,2018-01-10
0.05908029957072801,699000,0,0.04782608695652174,0.4782608695652174,1.0,D-1 estimated accounting; fill-day constraints require ledger audit,direct,V4_DIRECT_FROZEN_LINEAR_PORTFOLIO,disabled,2018-01-09,risk_on,0.014091934892857927,0.0161690831135457,0.04051742758603161,0.6884057971014492,0.09199274634734908,0.7318840579710145,0.7028985507246377,,,{},4991.TWO,2018-01-09,2018-01-10
0.02022369245097217,311000,0,0.01666666666666667,0.16666666666666669,1.0,D-1 estimated accounting; fill-day constraints require ledger audit,direct,V4_DIRECT_FROZEN_LINEAR_PORTFOLIO,disabled,2018-01-09,risk_on,0.014091934892857927,0.0161690831135457,0.04051742758603161,0.6884057971014492,0.09199274634734908,0.7318840579710145,0.7028985507246377,,,{},5347.TWO,2018-01-09,2018-01-10
0.04650376221365089,220000,220000,0.0463768115942029,0.463768115942029,1.0,D-1 estimated accounting; fill-day constraints require ledger audit,direct,V4_DIRECT_FROZEN_LINEAR_PORTFOLIO,disabled,2018-01-09,risk_on,0.014091934892857927,0.0161690831135457,0.04051742758603161,0.6884057971014492,0.09199274634734908,0.7318840579710145,0.7028985507246377,,,{},5536.TWO,2018-01-09,2018-01-10
0.07114054425015466,8575000,0,0.0391304347826087,0.391304347826087,1.0,D-1 estimated accounting; fill-day constraints require ledger audit,direct,V4_DIRECT_FROZEN_LINEAR_PORTFOLIO,disabled,2018-01-09,risk_on,0.014091934892857927,0.0161690831135457,0.04051742758603161,0.6884057971014492,0.09199274634734908,0.7318840579710145,0.7028985507246377,,,{},8932.TWO,2018-01-09,2018-01-10
0.0545433319736837,800000,0,0.01666666666666667,0.16666666666666669,1.0,D-1 estimated accounting; fill-day constraints require ledger audit,direct,V4_DIRECT_FROZEN_LINEAR_PORTFOLIO,disabled,2018-01-10,risk_on,0.014478016795987245,0.004500615502677663,0.03891897576108061,0.5579710144927537,0.087677480334323,0.6521739130434783,0.6666666666666666,,,{},1216.TW,2018-01-10,2018-01-11
0.04341892662186674,86000,0,0.013043478260869568,0.13043478260869568,1.0,D-1 estimated accounting; fill-day constraints require ledger audit,direct,V4_DIRECT_FROZEN_LINEAR_PORTFOLIO,disabled,2018-01-10,risk_on,0.014478016795987245,0.004500615502677663,0.03891897576108061,0.5579710144927537,0.087677480334323,0.6521739130434783,0.6666666666666666,,,{},1590.TW,2018-01-10,2018-01-11
0.03641622997048084,905000,0,0.0427536231884058,0.427536231884058,1.0,D-1 estimated accounting; fill-day constraints require ledger audit,direct,V4_DIRECT_FROZEN_LINEAR_PORTFOLIO,disabled,2018-01-10,risk_on,0.014478016795987245,0.004500615502677663,0.03891897576108061,0.5579710144927537,0.087677480334323,0.6521739130434783,0.6666666666666666,,,{},2301.TW,2018-01-10,2018-01-11
0.017950385349072367,740000,0,0.013768115942028987,0.13768115942028986,1.0,D-1 estimated accounting; fill-day constraints require ledger audit,direct,V4_DIRECT_FROZEN_LINEAR_PORTFOLIO,disabled,2018-01-10,risk_on,0.014478016795987245,0.004500615502677663,0.03891897576108061,0.5579710144927537,0.087677480334323,0.6521739130434783,0.6666666666666666,,,{},2344.TW,2018-01-10,2018-01-11
0.029418925785084385,186000,0,0.003623188405797101,0.03623188405797101,1.0,D-1 estimated accounting; fill-day constraints require ledger audit,direct,V4_DIRECT_FROZEN_LINEAR_PORTFOLIO,disabled,2018-01-10,risk_on,0.014478016795987245,0.004500615502677663,0.03891897576108061,0.5579710144927537,0.087677480334323,0.6521739130434783,0.6666666666666666,,,{},2360.TW,2018-01-10,2018-01-11
0.050633743734463305,492000,492000,0.04710144927536232,0.47101449275362317,1.0,D-1 estimated accounting; fill-day constraints require ledger audit,direct,V4_DIRECT_FROZEN_LINEAR_PORTFOLIO,disabled,2018-01-10,risk_on,0.014478016795987245,0.004500615502677663,0.03891897576108061,0.5579710144927537,0.087677480334323,0.6521739130434783,0.6666666666666666,,,{},2383.TW,2018-01-10,2018-01-11
0.07097135361830817,1175000,0,0.036231884057971016,0.36231884057971014,1.0,D-1 estimated accounting; fill-day constraints require ledger audit,direct,V4_DIRECT_FROZEN_LINEAR_PORTFOLIO,disabled,2018-01-10,risk_on,0.014478016795987245,0.004500615502677663,0.03891897576108061,0.5579710144927537,0.087677480334323,0.6521739130434783,0.6666666666666666,,,{},2404.TW,2018-01-10,2018-01-11
0.024028223686391376,1922000,0,-0.005797101449275366,-0.05797101449275366,1.0,D-1 estimated accounting; fill-day constraints require ledger audit,direct,V4_DIRECT_FROZEN_LINEAR_PORTFOLIO,disabled,2018-01-10,risk_on,0.014478016795987245,0.004500615502677663,0.03891897576108061,0.5579710144927537,0.087677480334323,0.6521739130434783,0.6666666666666666,,,{},2409.TW,2018-01-10,2018-01-11
0.06711594202337416,796000,0,0.044202898550724644,0.4420289855072464,1.0,D-1 estimated accounting; fill-day constraints require ledger audit,direct,V4_DIRECT_FROZEN_LINEAR_PORTFOLIO,disabled,2018-01-10,risk_on,0.014478016795987245,0.004500615502677663,0.03891897576108061,0.5579710144927537,0.087677480334323,0.6521739130434783,0.6666666666666666,,,{},2451.TW,2018-01-10,2018-01-11
0.0,0,-2898000,-0.03260869565217391,-0.32608695652173914,1.0,D-1 estimated accounting; fill-day constraints require ledger audit,direct,V4_DIRECT_FROZEN_LINEAR_PORTFOLIO,disabled,2018-01-10,risk_on,0.014478016795987245,0.004500615502677663,0.03891897576108061,0.5579710144927537,0.087677480334323,0.6521739130434783,0.6666666666666666,,,{},2885.TW,2018-01-10,2018-01-11
0.007559027792109238,26000,0,0.03333333333333334,0.33333333333333337,1.0,D-1 estimated accounting; fill-day constraints require ledger audit,direct,V4_DIRECT_FROZEN_LINEAR_PORTFOLIO,disabled,2018-01-10,risk_on,0.014478016795987245,0.004500615502677663,0.03891897576108061,0.5579710144927537,0.087677480334323,0.6521739130434783,0.6666666666666666,,,{},2912.TW,2018-01-10,2018-01-11
0.014237118149682376,312000,0,0.0391304347826087,0.391304347826087,1.0,D-1 estimated accounting; fill-day constraints require ledger audit,direct,V4_DIRECT_FROZEN_LINEAR_PORTFOLIO,disabled,2018-01-10,risk_on,0.014478016795987245,0.004500615502677663,0.03891897576108061,0.5579710144927537,0.087677480334323,0.6521739130434783,0.6666666666666666,,,{},3036.TW,2018-01-10,2018-01-11
0.039699511003311226,2337000,0,0.034057971014492754,0.34057971014492755,1.0,D-1 estimated accounting; fill-day constraints require ledger audit,direct,V4_DIRECT_FROZEN_LINEAR_PORTFOLIO,disabled,2018-01-10,risk_on,0.014478016795987245,0.004500615502677663,0.03891897576108061,0.5579710144927537,0.087677480334323,0.6521739130434783,0.6666666666666666,,,{},3037.TW,2018-01-10,2018-01-11
0.058177652463050754,602000,0,0.03188405797101449,0.3188405797101449,1.0,D-1 estimated accounting; fill-day constraints require ledger audit,direct,V4_DIRECT_FROZEN_LINEAR_PORTFOLIO,disabled,2018-01-10,risk_on,0.014478016795987245,0.004500615502677663,0.03891897576108061,0.5579710144927537,0.087677480334323,0.6521739130434783,0.6666666666666666,,,{},3044.TW,2018-01-10,2018-01-11
0.007095376510774448,180000,0,0.0463768115942029,0.463768115942029,1.0,D-1 estimated accounting; fill-day constraints require ledger audit,direct,V4_DIRECT_FROZEN_LINEAR_PORTFOLIO,disabled,2018-01-10,risk_on,0.014478016795987245,0.004500615502677663,0.03891897576108061,0.5579710144927537,0.087677480334323,0.6521739130434783,0.6666666666666666,,,{},3163.TWO,2018-01-10,2018-01-11
0.0562240174716439,212000,0,-0.009420289855072463,-0.09420289855072461,1.0,D-1 estimated accounting; fill-day constraints require ledger audit,direct,V4_DIRECT_FROZEN_LINEAR_PORTFOLIO,disabled,2018-01-10,risk_on,0.014478016795987245,0.004500615502677663,0.03891897576108061,0.5579710144927537,0.087677480334323,0.6521739130434783,0.6666666666666666,,,{},3665.TW,2018-01-10,2018-01-11
0.07668714078115879,1933000,0,0.045652173913043485,0.4565217391304348,1.0,D-1 estimated accounting; fill-day constraints require ledger audit,direct,V4_DIRECT_FROZEN_LINEAR_PORTFOLIO,disabled,2018-01-10,risk_on,0.014478016795987245,0.004500615502677663,0.03891897576108061,0.5579710144927537,0.087677480334323,0.6521739130434783,0.6666666666666666,,,{},3680.TWO,2018-01-10,2018-01-11
0.033943557528371054,464000,0,0.019565217391304346,0.19565217391304346,1.0,D-1 estimated accounting; fill-day constraints require ledger audit,direct,V4_DIRECT_FROZEN_LINEAR_PORTFOLIO,disabled,2018-01-10,risk_on,0.014478016795987245,0.004500615502677663,0.03891897576108061,0.5579710144927537,0.087677480334323,0.6521739130434783,0.6666666666666666,,,{},4938.TW,2018-01-10,2018-01-11
0.06922442142368333,2103000,0,0.04855072463768116,0.4855072463768116,1.0,D-1 estimated accounting; fill-day constraints require ledger audit,direct,V4_DIRECT_FROZEN_LINEAR_PORTFOLIO,disabled,2018-01-10,risk_on,0.014478016795987245,0.004500615502677663,0.03891897576108061,0.5579710144927537,0.087677480334323,0.6521739130434783,0.6666666666666666,,,{},4979.TWO,2018-01-10,2018-01-11
0.05922439562754245,699000,0,0.04782608695652174,0.4782608695652174,1.0,D-1 estimated accounting; fill-day constraints require ledger audit,direct,V4_DIRECT_FROZEN_LINEAR_PORTFOLIO,disabled,2018-01-10,risk_on,0.014478016795987245,0.004500615502677663,0.03891897576108061,0.5579710144927537,0.087677480334323,0.6521739130434783,0.6666666666666666,,,{},4991.TWO,2018-01-10,2018-01-11
0.019717476295059582,311000,0,0.010144927536231885,0.10144927536231885,1.0,D-1 estimated accounting; fill-day constraints require ledger audit,direct,V4_DIRECT_FROZEN_LINEAR_PORTFOLIO,disabled,2018-01-10,risk_on,0.014478016795987245,0.004500615502677663,0.03891897576108061,0.5579710144927537,0.087677480334323,0.6521739130434783,0.6666666666666666,,,{},5347.TWO,2018-01-10,2018-01-11
0.0455612979229039,220000,0,0.04492753623188406,0.4492753623188406,1.0,D-1 estimated accounting; fill-day constraints require ledger audit,direct,V4_DIRECT_FROZEN_LINEAR_PORTFOLIO,disabled,2018-01-10,risk_on,0.014478016795987245,0.004500615502677663,0.03891897576108061,0.5579710144927537,0.087677480334323,0.6521739130434783,0.6666666666666666,,,{},5536.TWO,2018-01-10,2018-01-11
0.07338389754479181,8575000,0,0.03985507246376812,0.39855072463768115,1.0,D-1 estimated accounting; fill-day constraints require ledger audit,direct,V4_DIRECT_FROZEN_LINEAR_PORTFOLIO,disabled,2018-01-10,risk_on,0.014478016795987245,0.004500615502677663,0.03891897576108061,0.5579710144927537,0.087677480334323,0.6521739130434783,0.6666666666666666,,,{},8932.TWO,2018-01-10,2018-01-11
0.054610289655331844,800000,0,0.01811594202898551,0.1811594202898551,1.0,D-1 estimated accounting; fill-day constraints require ledger audit,direct,V4_DIRECT_FROZEN_LINEAR_PORTFOLIO,disabled,2018-01-12,risk_on,0.014816655953737327,0.0006631198414948081,0.029998164813060724,0.5072463768115942,0.08393555781557065,0.7101449275362319,0.7101449275362319,,,{},1216.TW,2018-01-12,2018-01-15
0.0,0,-86000,-0.038405797101449285,-0.3840579710144928,1.0,D-1 estimated accounting; fill-day constraints require ledger audit,direct,V4_DIRECT_FROZEN_LINEAR_PORTFOLIO,disabled,2018-01-12,risk_on,0.014816655953737327,0.0006631198414948081,0.029998164813060724,0.5072463768115942,0.08393555781557065,0.7101449275362319,0.7101449275362319,,,{},1590.TW,2018-01-12,2018-01-15
0.036374653012286,905000,0,0.03260869565217391,0.32608695652173914,1.0,D-1 estimated accounting; fill-day constraints require ledger audit,direct,V4_DIRECT_FROZEN_LINEAR_PORTFOLIO,disabled,2018-01-12,risk_on,0.014816655953737327,0.0006631198414948081,0.029998164813060724,0.5072463768115942,0.08393555781557065,0.7101449275362319,0.7101449275362319,,,{},2301.TW,2018-01-12,2018-01-15
0.017135748311009027,740000,0,-0.015942028985507253,-0.1594202898550725,1.0,D-1 estimated accounting; fill-day constraints require ledger audit,direct,V4_DIRECT_FROZEN_LINEAR_PORTFOLIO,disabled,2018-01-12,risk_on,0.014816655953737327,0.0006631198414948081,0.029998164813060724,0.5072463768115942,0.08393555781557065,0.7101449275362319,0.7101449275362319,,,{},2344.TW,2018-01-12,2018-01-15
0.03026633833583344,186000,0,-0.03188405797101449,-0.3188405797101449,1.0,D-1 estimated accounting; fill-day constraints require ledger audit,direct,V4_DIRECT_FROZEN_LINEAR_PORTFOLIO,disabled,2018-01-12,risk_on,0.014816655953737327,0.0006631198414948081,0.029998164813060724,0.5072463768115942,0.08393555781557065,0.7101449275362319,0.7101449275362319,,,{},2360.TW,2018-01-12,2018-01-15
0.053777271628549915,492000,0,0.045652173913043485,0.4565217391304348,1.0,D-1 estimated accounting; fill-day constraints require ledger audit,direct,V4_DIRECT_FROZEN_LINEAR_PORTFOLIO,disabled,2018-01-12,risk_on,0.014816655953737327,0.0006631198414948081,0.029998164813060724,0.5072463768115942,0.08393555781557065,0.7101449275362319,0.7101449275362319,,,{},2383.TW,2018-01-12,2018-01-15
0.06924142408796895,1175000,0,0.011594202898550727,0.11594202898550726,1.0,D-1 estimated accounting; fill-day constraints require ledger audit,direct,V4_DIRECT_FROZEN_LINEAR_PORTFOLIO,disabled,2018-01-12,risk_on,0.014816655953737327,0.0006631198414948081,0.029998164813060724,0.5072463768115942,0.08393555781557065,0.7101449275362319,0.7101449275362319,,,{},2404.TW,2018-01-12,2018-01-15
0.02426626441194391,1922000,0,-0.03623188405797102,-0.3623188405797102,1.0,D-1 estimated accounting; fill-day constraints require ledger audit,direct,V4_DIRECT_FROZEN_LINEAR_PORTFOLIO,disabled,2018-01-12,risk_on,0.014816655953737327,0.0006631198414948081,0.029998164813060724,0.5072463768115942,0.08393555781557065,0.7101449275362319,0.7101449275362319,,,{},2409.TW,2018-01-12,2018-01-15
0.06558788546073505,796000,0,0.0391304347826087,0.391304347826087,1.0,D-1 estimated accounting; fill-day constraints require ledger audit,direct,V4_DIRECT_FROZEN_LINEAR_PORTFOLIO,disabled,2018-01-12,risk_on,0.014816655953737327,0.0006631198414948081,0.029998164813060724,0.5072463768115942,0.08393555781557065,0.7101449275362319,0.7101449275362319,,,{},2451.TW,2018-01-12,2018-01-15
0.007552559868216737,26000,0,0.02681159420289855,0.2681159420289855,1.0,D-1 estimated accounting; fill-day constraints require ledger audit,direct,V4_DIRECT_FROZEN_LINEAR_PORTFOLIO,disabled,2018-01-12,risk_on,0.014816655953737327,0.0006631198414948081,0.029998164813060724,0.5072463768115942,0.08393555781557065,0.7101449275362319,0.7101449275362319,,,{},2912.TW,2018-01-12,2018-01-15
0.01450994586214833,312000,0,0.005797101449275361,0.0579710144927536,1.0,D-1 estimated accounting; fill-day constraints require ledger audit,direct,V4_DIRECT_FROZEN_LINEAR_PORTFOLIO,disabled,2018-01-12,risk_on,0.014816655953737327,0.0006631198414948081,0.029998164813060724,0.5072463768115942,0.08393555781557065,0.7101449275362319,0.7101449275362319,,,{},3036.TW,2018-01-12,2018-01-15
0.04097846630755591,2337000,0,-0.0050724637681159425,-0.050724637681159424,1.0,D-1 estimated accounting; fill-day constraints require ledger audit,direct,V4_DIRECT_FROZEN_LINEAR_PORTFOLIO,disabled,2018-01-12,risk_on,0.014816655953737327,0.0006631198414948081,0.029998164813060724,0.5072463768115942,0.08393555781557065,0.7101449275362319,0.7101449275362319,,,{},3037.TW,2018-01-12,2018-01-15
0.05764032949130958,602000,0,0.01884057971014493,0.18840579710144928,1.0,D-1 estimated accounting; fill-day constraints require ledger audit,direct,V4_DIRECT_FROZEN_LINEAR_PORTFOLIO,disabled,2018-01-12,risk_on,0.014816655953737327,0.0006631198414948081,0.029998164813060724,0.5072463768115942,0.08393555781557065,0.7101449275362319,0.7101449275362319,,,{},3044.TW,2018-01-12,2018-01-15
0.007296032790821293,180000,0,0.04855072463768116,0.4855072463768116,1.0,D-1 estimated accounting; fill-day constraints require ledger audit,direct,V4_DIRECT_FROZEN_LINEAR_PORTFOLIO,disabled,2018-01-12,risk_on,0.014816655953737327,0.0006631198414948081,0.029998164813060724,0.5072463768115942,0.08393555781557065,0.7101449275362319,0.7101449275362319,,,{},3163.TWO,2018-01-12,2018-01-15
0.040969099800971326,445000,445000,0.04492753623188406,0.4492753623188406,1.0,D-1 estimated accounting; fill-day constraints require ledger audit,direct,V4_DIRECT_FROZEN_LINEAR_PORTFOLIO,disabled,2018-01-12,risk_on,0.014816655953737327,0.0006631198414948081,0.029998164813060724,0.5072463768115942,0.08393555781557065,0.7101449275362319,0.7101449275362319,,,{},3661.TW,2018-01-12,2018-01-15
0.05662478980680453,212000,0,0.02391304347826087,0.2391304347826087,1.0,D-1 estimated accounting; fill-day constraints require ledger audit,direct,V4_DIRECT_FROZEN_LINEAR_PORTFOLIO,disabled,2018-01-12,risk_on,0.014816655953737327,0.0006631198414948081,0.029998164813060724,0.5072463768115942,0.08393555781557065,0.7101449275362319,0.7101449275362319,,,{},3665.TW,2018-01-12,2018-01-15
0.07534593205586307,1933000,0,0.04782608695652174,0.4782608695652174,1.0,D-1 estimated accounting; fill-day constraints require ledger audit,direct,V4_DIRECT_FROZEN_LINEAR_PORTFOLIO,disabled,2018-01-12,risk_on,0.014816655953737327,0.0006631198414948081,0.029998164813060724,0.5072463768115942,0.08393555781557065,0.7101449275362319,0.7101449275362319,,,{},3680.TWO,2018-01-12,2018-01-15
0.034945534478214565,464000,0,-0.006521739130434779,-0.06521739130434778,1.0,D-1 estimated accounting; fill-day constraints require ledger audit,direct,V4_DIRECT_FROZEN_LINEAR_PORTFOLIO,disabled,2018-01-12,risk_on,0.014816655953737327,0.0006631198414948081,0.029998164813060724,0.5072463768115942,0.08393555781557065,0.7101449275362319,0.7101449275362319,,,{},4938.TW,2018-01-12,2018-01-15
0.06995948953394007,2103000,0,0.0463768115942029,0.463768115942029,1.0,D-1 estimated accounting; fill-day constraints require ledger audit,direct,V4_DIRECT_FROZEN_LINEAR_PORTFOLIO,disabled,2018-01-12,risk_on,0.014816655953737327,0.0006631198414948081,0.029998164813060724,0.5072463768115942,0.08393555781557065,0.7101449275362319,0.7101449275362319,,,{},4979.TWO,2018-01-12,2018-01-15
0.05935224640065674,699000,0,0.04710144927536232,0.47101449275362317,1.0,D-1 estimated accounting; fill-day constraints require ledger audit,direct,V4_DIRECT_FROZEN_LINEAR_PORTFOLIO,disabled,2018-01-12,risk_on,0.014816655953737327,0.0006631198414948081,0.029998164813060724,0.5072463768115942,0.08393555781557065,0.7101449275362319,0.7101449275362319,,,{},4991.TWO,2018-01-12,2018-01-15
0.019503120328195057,311000,0,0.03985507246376812,0.39855072463768115,1.0,D-1 estimated accounting; fill-day constraints require ledger audit,direct,V4_DIRECT_FROZEN_LINEAR_PORTFOLIO,disabled,2018-01-12,risk_on,0.014816655953737327,0.0006631198414948081,0.029998164813060724,0.5072463768115942,0.08393555781557065,0.7101449275362319,0.7101449275362319,,,{},5347.TWO,2018-01-12,2018-01-15
0.04638674731541944,220000,0,0.044202898550724644,0.4420289855072464,1.0,D-1 estimated accounting; fill-day constraints require ledger audit,direct,V4_DIRECT_FROZEN_LINEAR_PORTFOLIO,disabled,2018-01-12,risk_on,0.014816655953737327,0.0006631198414948081,0.029998164813060724,0.5072463768115942,0.08393555781557065,0.7101449275362319,0.7101449275362319,,,{},5536.TWO,2018-01-12,2018-01-15
0.07310634022556438,8575000,0,0.007246376811594202,0.07246376811594202,1.0,D-1 estimated accounting; fill-day constraints require ledger audit,direct,V4_DIRECT_FROZEN_LINEAR_PORTFOLIO,disabled,2018-01-12,risk_on,0.014816655953737327,0.0006631198414948081,0.029998164813060724,0.5072463768115942,0.08393555781557065,0.7101449275362319,0.7101449275362319,,,{},8932.TWO,2018-01-12,2018-01-15
0.05488066482386366,800000,0,0.005797101449275361,0.0579710144927536,1.0,D-1 estimated accounting; fill-day constraints require ledger audit,direct,V4_DIRECT_FROZEN_LINEAR_PORTFOLIO,disabled,2018-01-15,risk_on,0.01479911049995119,0.002454975162458517,0.041219692325129675,0.5217391304347826,0.08094757766446621,0.7608695652173914,0.7391304347826086,,,{},1216.TW,2018-01-15,2018-01-16
0.036325851079609874,905000,0,0.028985507246376815,0.2898550724637681,1.0,D-1 estimated accounting; fill-day constraints require ledger audit,direct,V4_DIRECT_FROZEN_LINEAR_PORTFOLIO,disabled,2018-01-15,risk_on,0.01479911049995119,0.002454975162458517,0.041219692325129675,0.5217391304347826,0.08094757766446621,0.7608695652173914,0.7391304347826086,,,{},2301.TW,2018-01-15,2018-01-16
0.01732882837025196,740000,0,-0.02681159420289855,-0.2681159420289855,1.0,D-1 estimated accounting; fill-day constraints require ledger audit,direct,V4_DIRECT_FROZEN_LINEAR_PORTFOLIO,disabled,2018-01-15,risk_on,0.01479911049995119,0.002454975162458517,0.041219692325129675,0.5217391304347826,0.08094757766446621,0.7608695652173914,0.7391304347826086,,,{},2344.TW,2018-01-15,2018-01-16
0.03033665768052615,186000,0,-0.03333333333333334,-0.33333333333333337,1.0,D-1 estimated accounting; fill-day constraints require ledger audit,direct,V4_DIRECT_FROZEN_LINEAR_PORTFOLIO,disabled,2018-01-15,risk_on,0.01479911049995119,0.002454975162458517,0.041219692325129675,0.5217391304347826,0.08094757766446621,0.7608695652173914,0.7391304347826086,,,{},2360.TW,2018-01-15,2018-01-16
0.0555374542859416,492000,0,0.025362318840579712,0.2536231884057971,1.0,D-1 estimated accounting; fill-day constraints require ledger audit,direct,V4_DIRECT_FROZEN_LINEAR_PORTFOLIO,disabled,2018-01-15,risk_on,0.01479911049995119,0.002454975162458517,0.041219692325129675,0.5217391304347826,0.08094757766446621,0.7608695652173914,0.7391304347826086,,,{},2383.TW,2018-01-15,2018-01-16
0.0694457432959339,1175000,0,0.012318840579710146,0.12318840579710144,1.0,D-1 estimated accounting; fill-day constraints require ledger audit,direct,V4_DIRECT_FROZEN_LINEAR_PORTFOLIO,disabled,2018-01-15,risk_on,0.01479911049995119,0.002454975162458517,0.041219692325129675,0.5217391304347826,0.08094757766446621,0.7608695652173914,0.7391304347826086,,,{},2404.TW,2018-01-15,2018-01-16
0.0,0,-1922000,-0.03695652173913044,-0.3695652173913043,1.0,D-1 estimated accounting; fill-day constraints require ledger audit,direct,V4_DIRECT_FROZEN_LINEAR_PORTFOLIO,disabled,2018-01-15,risk_on,0.01479911049995119,0.002454975162458517,0.041219692325129675,0.5217391304347826,0.08094757766446621,0.7608695652173914,0.7391304347826086,,,{},2409.TW,2018-01-15,2018-01-16
0.06557541068140837,796000,0,0.02463768115942029,0.24637681159420288,1.0,D-1 estimated accounting; fill-day constraints require ledger audit,direct,V4_DIRECT_FROZEN_LINEAR_PORTFOLIO,disabled,2018-01-15,risk_on,0.01479911049995119,0.002454975162458517,0.041219692325129675,0.5217391304347826,0.08094757766446621,0.7608695652173914,0.7391304347826086,,,{},2451.TW,2018-01-15,2018-01-16
0.007563332573256392,26000,0,0.028260869565217395,0.28260869565217395,1.0,D-1 estimated accounting; fill-day constraints require ledger audit,direct,V4_DIRECT_FROZEN_LINEAR_PORTFOLIO,disabled,2018-01-15,risk_on,0.01479911049995119,0.002454975162458517,0.041219692325129675,0.5217391304347826,0.08094757766446621,0.7608695652173914,0.7391304347826086,,,{},2912.TW,2018-01-15,2018-01-16
0.014501210773866203,312000,0,0.0050724637681159425,0.050724637681159424,1.0,D-1 estimated accounting; fill-day constraints require ledger audit,direct,V4_DIRECT_FROZEN_LINEAR_PORTFOLIO,disabled,2018-01-15,risk_on,0.01479911049995119,0.002454975162458517,0.041219692325129675,0.5217391304347826,0.08094757766446621,0.7608695652173914,0.7391304347826086,,,{},3036.TW,2018-01-15,2018-01-16
0.039888620809971576,2337000,0,-0.009420289855072463,-0.09420289855072461,1.0,D-1 estimated accounting; fill-day constraints require ledger audit,direct,V4_DIRECT_FROZEN_LINEAR_PORTFOLIO,disabled,2018-01-15,risk_on,0.01479911049995119,0.002454975162458517,0.041219692325129675,0.5217391304347826,0.08094757766446621,0.7608695652173914,0.7391304347826086,,,{},3037.TW,2018-01-15,2018-01-16
0.05922356850845985,602000,0,0.000724637681159418,0.00724637681159418,1.0,D-1 estimated accounting; fill-day constraints require ledger audit,direct,V4_DIRECT_FROZEN_LINEAR_PORTFOLIO,disabled,2018-01-15,risk_on,0.01479911049995119,0.002454975162458517,0.041219692325129675,0.5217391304347826,0.08094757766446621,0.7608695652173914,0.7391304347826086,,,{},3044.TW,2018-01-15,2018-01-16
0.04018076563261583,359000,359000,0.0463768115942029,0.463768115942029,1.0,D-1 estimated accounting; fill-day constraints require ledger audit,direct,V4_DIRECT_FROZEN_LINEAR_PORTFOLIO,disabled,2018-01-15,risk_on,0.01479911049995119,0.002454975162458517,0.041219692325129675,0.5217391304347826,0.08094757766446621,0.7608695652173914,0.7391304347826086,,,{},3045.TW,2018-01-15,2018-01-16
0.0071600429867453436,180000,0,0.04855072463768116,0.4855072463768116,1.0,D-1 estimated accounting; fill-day constraints require ledger audit,direct,V4_DIRECT_FROZEN_LINEAR_PORTFOLIO,disabled,2018-01-15,risk_on,0.01479911049995119,0.002454975162458517,0.041219692325129675,0.5217391304347826,0.08094757766446621,0.7608695652173914,0.7391304347826086,,,{},3163.TWO,2018-01-15,2018-01-16
0.04241284189156854,445000,0,0.03985507246376812,0.39855072463768115,1.0,D-1 estimated accounting; fill-day constraints require ledger audit,direct,V4_DIRECT_FROZEN_LINEAR_PORTFOLIO,disabled,2018-01-15,risk_on,0.01479911049995119,0.002454975162458517,0.041219692325129675,0.5217391304347826,0.08094757766446621,0.7608695652173914,0.7391304347826086,,,{},3661.TW,2018-01-15,2018-01-16
0.05640815064036384,212000,0,0.034782608695652174,0.34782608695652173,1.0,D-1 estimated accounting; fill-day constraints require ledger audit,direct,V4_DIRECT_FROZEN_LINEAR_PORTFOLIO,disabled,2018-01-15,risk_on,0.01479911049995119,0.002454975162458517,0.041219692325129675,0.5217391304347826,0.08094757766446621,0.7608695652173914,0.7391304347826086,,,{},3665.TW,2018-01-15,2018-01-16
0.07486471790198969,1933000,0,0.04782608695652174,0.4782608695652174,1.0,D-1 estimated accounting; fill-day constraints require ledger audit,direct,V4_DIRECT_FROZEN_LINEAR_PORTFOLIO,disabled,2018-01-15,risk_on,0.01479911049995119,0.002454975162458517,0.041219692325129675,0.5217391304347826,0.08094757766446621,0.7608695652173914,0.7391304347826086,,,{},3680.TWO,2018-01-15,2018-01-16
0.0348118373556996,464000,0,-0.001449275362318836,-0.01449275362318836,1.0,D-1 estimated accounting; fill-day constraints require ledger audit,direct,V4_DIRECT_FROZEN_LINEAR_PORTFOLIO,disabled,2018-01-15,risk_on,0.01479911049995119,0.002454975162458517,0.041219692325129675,0.5217391304347826,0.08094757766446621,0.7608695652173914,0.7391304347826086,,,{},4938.TW,2018-01-15,2018-01-16
0.0693769607787665,2103000,0,0.04710144927536232,0.47101449275362317,1.0,D-1 estimated accounting; fill-day constraints require ledger audit,direct,V4_DIRECT_FROZEN_LINEAR_PORTFOLIO,disabled,2018-01-15,risk_on,0.01479911049995119,0.002454975162458517,0.041219692325129675,0.5217391304347826,0.08094757766446621,0.7608695652173914,0.7391304347826086,,,{},4979.TWO,2018-01-15,2018-01-16
0.06094011269097181,699000,0,0.035507246376811595,0.35507246376811596,1.0,D-1 estimated accounting; fill-day constraints require ledger audit,direct,V4_DIRECT_FROZEN_LINEAR_PORTFOLIO,disabled,2018-01-15,risk_on,0.01479911049995119,0.002454975162458517,0.041219692325129675,0.5217391304347826,0.08094757766446621,0.7608695652173914,0.7391304347826086,,,{},4991.TWO,2018-01-15,2018-01-16
0.019490675109499835,311000,0,0.03768115942028986,0.37681159420289856,1.0,D-1 estimated accounting; fill-day constraints require ledger audit,direct,V4_DIRECT_FROZEN_LINEAR_PORTFOLIO,disabled,2018-01-15,risk_on,0.01479911049995119,0.002454975162458517,0.041219692325129675,0.5217391304347826,0.08094757766446621,0.7608695652173914,0.7391304347826086,,,{},5347.TWO,2018-01-15,2018-01-16
0.04543912295701631,220000,0,0.03695652173913044,0.3695652173913043,1.0,D-1 estimated accounting; fill-day constraints require ledger audit,direct,V4_DIRECT_FROZEN_LINEAR_PORTFOLIO,disabled,2018-01-15,risk_on,0.01479911049995119,0.002454975162458517,0.041219692325129675,0.5217391304347826,0.08094757766446621,0.7608695652173914,0.7391304347826086,,,{},5536.TWO,2018-01-15,2018-01-16
0.07068720161775843,8575000,0,-0.030434782608695657,-0.30434782608695654,1.0,D-1 estimated accounting; fill-day constraints require ledger audit,direct,V4_DIRECT_FROZEN_LINEAR_PORTFOLIO,disabled,2018-01-15,risk_on,0.01479911049995119,0.002454975162458517,0.041219692325129675,0.5217391304347826,0.08094757766446621,0.7608695652173914,0.7391304347826086,,,{},8932.TWO,2018-01-15,2018-01-16
0.054188767690209236,800000,0,0.013768115942028987,0.13768115942028986,1.0,D-1 estimated accounting; fill-day constraints require ledger audit,direct,V4_DIRECT_FROZEN_LINEAR_PORTFOLIO,disabled,2018-01-16,risk_on,0.014599002729317377,0.0,0.0437391304347825,0.4855072463768116,0.07861724696950337,0.7971014492753623,0.7608695652173914,,,{},1216.TW,2018-01-16,2018-01-17
0.03621256006612993,905000,0,0.02318840579710145,0.23188405797101447,1.0,D-1 estimated accounting; fill-day constraints require ledger audit,direct,V4_DIRECT_FROZEN_LINEAR_PORTFOLIO,disabled,2018-01-16,risk_on,0.014599002729317377,0.0,0.0437391304347825,0.4855072463768116,0.07861724696950337,0.7971014492753623,0.7608695652173914,,,{},2301.TW,2018-01-16,2018-01-17
0.01761422499280553,740000,0,-0.030434782608695657,-0.30434782608695654,1.0,D-1 estimated accounting; fill-day constraints require ledger audit,direct,V4_DIRECT_FROZEN_LINEAR_PORTFOLIO,disabled,2018-01-16,risk_on,0.014599002729317377,0.0,0.0437391304347825,0.4855072463768116,0.07861724696950337,0.7971014492753623,0.7608695652173914,,,{},2344.TW,2018-01-16,2018-01-17
0.030129621464595528,186000,0,-0.034057971014492754,-0.3405797101449275,1.0,D-1 estimated accounting; fill-day constraints require ledger audit,direct,V4_DIRECT_FROZEN_LINEAR_PORTFOLIO,disabled,2018-01-16,risk_on,0.014599002729317377,0.0,0.0437391304347825,0.4855072463768116,0.07861724696950337,0.7971014492753623,0.7608695652173914,,,{},2360.TW,2018-01-16,2018-01-17
0.053694049008847604,492000,0,0.015217391304347828,0.15217391304347827,1.0,D-1 estimated accounting; fill-day constraints require ledger audit,direct,V4_DIRECT_FROZEN_LINEAR_PORTFOLIO,disabled,2018-01-16,risk_on,0.014599002729317377,0.0,0.0437391304347825,0.4855072463768116,0.07861724696950337,0.7971014492753623,0.7608695652173914,,,{},2383.TW,2018-01-16,2018-01-17
0.06943782805260842,1175000,0,0.004347826086956524,0.043478260869565244,1.0,D-1 estimated accounting; fill-day constraints require ledger audit,direct,V4_DIRECT_FROZEN_LINEAR_PORTFOLIO,disabled,2018-01-16,risk_on,0.014599002729317377,0.0,0.0437391304347825,0.4855072463768116,0.07861724696950337,0.7971014492753623,0.7608695652173914,,,{},2404.TW,2018-01-16,2018-01-17
0.0655225977471234,796000,0,-0.005797101449275366,-0.05797101449275366,1.0,D-1 estimated accounting; fill-day constraints require ledger audit,direct,V4_DIRECT_FROZEN_LINEAR_PORTFOLIO,disabled,2018-01-16,risk_on,0.014599002729317377,0.0,0.0437391304347825,0.4855072463768116,0.07861724696950337,0.7971014492753623,0.7608695652173914,,,{},2451.TW,2018-01-16,2018-01-17
0.00748545094858,26000,0,0.03188405797101449,0.3188405797101449,1.0,D-1 estimated accounting; fill-day constraints require ledger audit,direct,V4_DIRECT_FROZEN_LINEAR_PORTFOLIO,disabled,2018-01-16,risk_on,0.014599002729317377,0.0,0.0437391304347825,0.4855072463768116,0.07861724696950337,0.7971014492753623,0.7608695652173914,,,{},2912.TW,2018-01-16,2018-01-17
0.01449516320728004,312000,0,-0.021739130434782608,-0.21739130434782605,1.0,D-1 estimated accounting; fill-day constraints require ledger audit,direct,V4_DIRECT_FROZEN_LINEAR_PORTFOLIO,disabled,2018-01-16,risk_on,0.014599002729317377,0.0,0.0437391304347825,0.4855072463768116,0.07861724696950337,0.7971014492753623,0.7608695652173914,,,{},3036.TW,2018-01-16,2018-01-17
0.040658932796420515,2337000,0,0.02391304347826087,0.2391304347826087,1.0,D-1 estimated accounting; fill-day constraints require ledger audit,direct,V4_DIRECT_FROZEN_LINEAR_PORTFOLIO,disabled,2018-01-16,risk_on,0.014599002729317377,0.0,0.0437391304347825,0.4855072463768116,0.07861724696950337,0.7971014492753623,0.7608695652173914,,,{},3037.TW,2018-01-16,2018-01-17
0.061506570306720076,602000,0,-0.041304347826086954,-0.4130434782608695,1.0,D-1 estimated accounting; fill-day constraints require ledger audit,direct,V4_DIRECT_FROZEN_LINEAR_PORTFOLIO,disabled,2018-01-16,risk_on,0.014599002729317377,0.0,0.0437391304347825,0.4855072463768116,0.07861724696950337,0.7971014492753623,0.7608695652173914,,,{},3044.TW,2018-01-16,2018-01-17
0.03955023864648932,359000,0,0.045652173913043485,0.4565217391304348,1.0,D-1 estimated accounting; fill-day constraints require ledger audit,direct,V4_DIRECT_FROZEN_LINEAR_PORTFOLIO,disabled,2018-01-16,risk_on,0.014599002729317377,0.0,0.0437391304347825,0.4855072463768116,0.07861724696950337,0.7971014492753623,0.7608695652173914,,,{},3045.TW,2018-01-16,2018-01-17
0.007209572064563153,180000,0,0.04927536231884058,0.4927536231884058,1.0,D-1 estimated accounting; fill-day constraints require ledger audit,direct,V4_DIRECT_FROZEN_LINEAR_PORTFOLIO,disabled,2018-01-16,risk_on,0.014599002729317377,0.0,0.0437391304347825,0.4855072463768116,0.07861724696950337,0.7971014492753623,0.7608695652173914,,,{},3163.TWO,2018-01-16,2018-01-17
0.026271182465214933,61000,61000,0.04710144927536232,0.47101449275362317,1.0,D-1 estimated accounting; fill-day constraints require ledger audit,direct,V4_DIRECT_FROZEN_LINEAR_PORTFOLIO,disabled,2018-01-16,risk_on,0.014599002729317377,0.0,0.0437391304347825,0.4855072463768116,0.07861724696950337,0.7971014492753623,0.7608695652173914,,,{},3529.TWO,2018-01-16,2018-01-17
0.043271407211394136,445000,0,0.035507246376811595,0.35507246376811596,1.0,D-1 estimated accounting; fill-day constraints require ledger audit,direct,V4_DIRECT_FROZEN_LINEAR_PORTFOLIO,disabled,2018-01-16,risk_on,0.014599002729317377,0.0,0.0437391304347825,0.4855072463768116,0.07861724696950337,0.7971014492753623,0.7608695652173914,,,{},3661.TW,2018-01-16,2018-01-17
0.0558125728622193,212000,0,0.03768115942028986,0.37681159420289856,1.0,D-1 estimated accounting; fill-day constraints require ledger audit,direct,V4_DIRECT_FROZEN_LINEAR_PORTFOLIO,disabled,2018-01-16,risk_on,0.014599002729317377,0.0,0.0437391304347825,0.4855072463768116,0.07861724696950337,0.7971014492753623,0.7608695652173914,,,{},3665.TW,2018-01-16,2018-01-17
0.07435379451470135,1933000,0,0.04782608695652174,0.4782608695652174,1.0,D-1 estimated accounting; fill-day constraints require ledger audit,direct,V4_DIRECT_FROZEN_LINEAR_PORTFOLIO,disabled,2018-01-16,risk_on,0.014599002729317377,0.0,0.0437391304347825,0.4855072463768116,0.07861724696950337,0.7971014492753623,0.7608695652173914,,,{},3680.TWO,2018-01-16,2018-01-17
0.03475841024878695,464000,0,-0.006521739130434779,-0.06521739130434778,1.0,D-1 estimated accounting; fill-day constraints require ledger audit,direct,V4_DIRECT_FROZEN_LINEAR_PORTFOLIO,disabled,2018-01-16,risk_on,0.014599002729317377,0.0,0.0437391304347825,0.4855072463768116,0.07861724696950337,0.7971014492753623,0.7608695652173914,,,{},4938.TW,2018-01-16,2018-01-17
0.07036286724580053,2103000,0,0.04492753623188406,0.4492753623188406,1.0,D-1 estimated accounting; fill-day constraints require ledger audit,direct,V4_DIRECT_FROZEN_LINEAR_PORTFOLIO,disabled,2018-01-16,risk_on,0.014599002729317377,0.0,0.0437391304347825,0.4855072463768116,0.07861724696950337,0.7971014492753623,0.7608695652173914,,,{},4979.TWO,2018-01-16,2018-01-17
0.06080153547954068,699000,0,0.029710144927536233,0.2971014492753623,1.0,D-1 estimated accounting; fill-day constraints require ledger audit,direct,V4_DIRECT_FROZEN_LINEAR_PORTFOLIO,disabled,2018-01-16,risk_on,0.014599002729317377,0.0,0.0437391304347825,0.4855072463768116,0.07861724696950337,0.7971014492753623,0.7608695652173914,,,{},4991.TWO,2018-01-16,2018-01-17
0.01985163396253369,311000,0,-0.002898550724637683,-0.02898550724637683,1.0,D-1 estimated accounting; fill-day constraints require ledger audit,direct,V4_DIRECT_FROZEN_LINEAR_PORTFOLIO,disabled,2018-01-16,risk_on,0.014599002729317377,0.0,0.0437391304347825,0.4855072463768116,0.07861724696950337,0.7971014492753623,0.7608695652173914,,,{},5347.TWO,2018-01-16,2018-01-17
0.04556610304836201,220000,0,0.03695652173913044,0.3695652173913043,1.0,D-1 estimated accounting; fill-day constraints require ledger audit,direct,V4_DIRECT_FROZEN_LINEAR_PORTFOLIO,disabled,2018-01-16,risk_on,0.014599002729317377,0.0,0.0437391304347825,0.4855072463768116,0.07861724696950337,0.7971014492753623,0.7608695652173914,,,{},5536.TWO,2018-01-16,2018-01-17
0.0,0,-8575000,-0.04855072463768117,-0.48550724637681164,1.0,D-1 estimated accounting; fill-day constraints require ledger audit,direct,V4_DIRECT_FROZEN_LINEAR_PORTFOLIO,disabled,2018-01-16,risk_on,0.014599002729317377,0.0,0.0437391304347825,0.4855072463768116,0.07861724696950337,0.7971014492753623,0.7608695652173914,,,{},8932.TWO,2018-01-16,2018-01-17
0.053854546724054264,800000,0,0.0021739130434782596,0.021739130434782594,1.0,D-1 estimated accounting; fill-day constraints require ledger audit,direct,V4_DIRECT_FROZEN_LINEAR_PORTFOLIO,disabled,2018-01-17,risk_on,0.01517401596354572,0.013699754890774907,0.045324036095160225,0.7318840579710145,0.08011803100716917,0.7608695652173914,0.7753623188405797,,,{},1216.TW,2018-01-17,2018-01-18
0.03636188060283636,905000,0,-0.002898550724637683,-0.02898550724637683,1.0,D-1 estimated accounting; fill-day constraints require ledger audit,direct,V4_DIRECT_FROZEN_LINEAR_PORTFOLIO,disabled,2018-01-17,risk_on,0.01517401596354572,0.013699754890774907,0.045324036095160225,0.7318840579710145,0.08011803100716917,0.7608695652173914,0.7753623188405797,,,{},2301.TW,2018-01-17,2018-01-18
0.017170989656713792,740000,0,-0.02246376811594203,-0.2246376811594203,1.0,D-1 estimated accounting; fill-day constraints require ledger audit,direct,V4_DIRECT_FROZEN_LINEAR_PORTFOLIO,disabled,2018-01-17,risk_on,0.01517401596354572,0.013699754890774907,0.045324036095160225,0.7318840579710145,0.08011803100716917,0.7608695652173914,0.7753623188405797,,,{},2344.TW,2018-01-17,2018-01-18
0.031089088577701995,186000,0,-0.015217391304347828,-0.15217391304347827,1.0,D-1 estimated accounting; fill-day constraints require ledger audit,direct,V4_DIRECT_FROZEN_LINEAR_PORTFOLIO,disabled,2018-01-17,risk_on,0.01517401596354572,0.013699754890774907,0.045324036095160225,0.7318840579710145,0.08011803100716917,0.7608695652173914,0.7753623188405797,,,{},2360.TW,2018-01-17,2018-01-18
0.050484470115653726,492000,0,-0.016666666666666663,-0.16666666666666663,1.0,D-1 estimated accounting; fill-day constraints require ledger audit,direct,V4_DIRECT_FROZEN_LINEAR_PORTFOLIO,disabled,2018-01-17,risk_on,0.01517401596354572,0.013699754890774907,0.045324036095160225,0.7318840579710145,0.08011803100716917,0.7608695652173914,0.7753623188405797,,,{},2383.TW,2018-01-17,2018-01-18
0.07030908534264753,1175000,0,0.010869565217391304,0.10869565217391303,1.0,D-1 estimated accounting; fill-day constraints require ledger audit,direct,V4_DIRECT_FROZEN_LINEAR_PORTFOLIO,disabled,2018-01-17,risk_on,0.01517401596354572,0.013699754890774907,0.045324036095160225,0.7318840579710145,0.08011803100716917,0.7608695652173914,0.7753623188405797,,,{},2404.TW,2018-01-17,2018-01-18
0.06610985026444546,796000,0,-0.01811594202898551,-0.1811594202898551,1.0,D-1 estimated accounting; fill-day constraints require ledger audit,direct,V4_DIRECT_FROZEN_LINEAR_PORTFOLIO,disabled,2018-01-17,risk_on,0.01517401596354572,0.013699754890774907,0.045324036095160225,0.7318840579710145,0.08011803100716917,0.7608695652173914,0.7753623188405797,,,{},2451.TW,2018-01-17,2018-01-18
0.007595435925733956,26000,0,0.011594202898550727,0.11594202898550726,1.0,D-1 estimated accounting; fill-day constraints require ledger audit,direct,V4_DIRECT_FROZEN_LINEAR_PORTFOLIO,disabled,2018-01-17,risk_on,0.01517401596354572,0.013699754890774907,0.045324036095160225,0.7318840579710145,0.08011803100716917,0.7608695652173914,0.7753623188405797,,,{},2912.TW,2018-01-17,2018-01-18
0.01446163237628689,312000,0,-0.034782608695652174,-0.34782608695652173,1.0,D-1 estimated accounting; fill-day constraints require ledger audit,direct,V4_DIRECT_FROZEN_LINEAR_PORTFOLIO,disabled,2018-01-17,risk_on,0.01517401596354572,0.013699754890774907,0.045324036095160225,0.7318840579710145,0.08011803100716917,0.7608695652173914,0.7753623188405797,,,{},3036.TW,2018-01-17,2018-01-18
0.04164079316399579,2337000,0,-0.025362318840579712,-0.2536231884057971,1.0,D-1 estimated accounting; fill-day constraints require ledger audit,direct,V4_DIRECT_FROZEN_LINEAR_PORTFOLIO,disabled,2018-01-17,risk_on,0.01517401596354572,0.013699754890774907,0.045324036095160225,0.7318840579710145,0.08011803100716917,0.7608695652173914,0.7753623188405797,,,{},3037.TW,2018-01-17,2018-01-18
0.060860769096351276,602000,0,-0.03260869565217391,-0.32608695652173914,1.0,D-1 estimated accounting; fill-day constraints require ledger audit,direct,V4_DIRECT_FROZEN_LINEAR_PORTFOLIO,disabled,2018-01-17,risk_on,0.01517401596354572,0.013699754890774907,0.045324036095160225,0.7318840579710145,0.08011803100716917,0.7608695652173914,0.7753623188405797,,,{},3044.TW,2018-01-17,2018-01-18
0.03971332192065653,359000,0,0.04057971014492754,0.4057971014492754,1.0,D-1 estimated accounting; fill-day constraints require ledger audit,direct,V4_DIRECT_FROZEN_LINEAR_PORTFOLIO,disabled,2018-01-17,risk_on,0.01517401596354572,0.013699754890774907,0.045324036095160225,0.7318840579710145,0.08011803100716917,0.7608695652173914,0.7753623188405797,,,{},3045.TW,2018-01-17,2018-01-18
0.007158464485863459,180000,0,0.04927536231884058,0.4927536231884058,1.0,D-1 estimated accounting; fill-day constraints require ledger audit,direct,V4_DIRECT_FROZEN_LINEAR_PORTFOLIO,disabled,2018-01-17,risk_on,0.01517401596354572,0.013699754890774907,0.045324036095160225,0.7318840579710145,0.08011803100716917,0.7608695652173914,0.7753623188405797,,,{},3163.TWO,2018-01-17,2018-01-18
0.02631830490776133,61000,0,0.04710144927536232,0.47101449275362317,1.0,D-1 estimated accounting; fill-day constraints require ledger audit,direct,V4_DIRECT_FROZEN_LINEAR_PORTFOLIO,disabled,2018-01-17,risk_on,0.01517401596354572,0.013699754890774907,0.045324036095160225,0.7318840579710145,0.08011803100716917,0.7608695652173914,0.7753623188405797,,,{},3529.TWO,2018-01-17,2018-01-18
0.04251876664063134,445000,0,0.03333333333333334,0.33333333333333337,1.0,D-1 estimated accounting; fill-day constraints require ledger audit,direct,V4_DIRECT_FROZEN_LINEAR_PORTFOLIO,disabled,2018-01-17,risk_on,0.01517401596354572,0.013699754890774907,0.045324036095160225,0.7318840579710145,0.08011803100716917,0.7608695652173914,0.7753623188405797,,,{},3661.TW,2018-01-17,2018-01-18
0.05731160460864835,212000,0,0.028985507246376815,0.2898550724637681,1.0,D-1 estimated accounting; fill-day constraints require ledger audit,direct,V4_DIRECT_FROZEN_LINEAR_PORTFOLIO,disabled,2018-01-17,risk_on,0.01517401596354572,0.013699754890774907,0.045324036095160225,0.7318840579710145,0.08011803100716917,0.7608695652173914,0.7753623188405797,,,{},3665.TW,2018-01-17,2018-01-18
0.07552629493900147,1933000,0,0.04782608695652174,0.4782608695652174,1.0,D-1 estimated accounting; fill-day constraints require ledger audit,direct,V4_DIRECT_FROZEN_LINEAR_PORTFOLIO,disabled,2018-01-17,risk_on,0.01517401596354572,0.013699754890774907,0.045324036095160225,0.7318840579710145,0.08011803100716917,0.7608695652173914,0.7753623188405797,,,{},3680.TWO,2018-01-17,2018-01-18
0.035641374087593526,464000,0,-0.02028985507246377,-0.2028985507246377,1.0,D-1 estimated accounting; fill-day constraints require ledger audit,direct,V4_DIRECT_FROZEN_LINEAR_PORTFOLIO,disabled,2018-01-17,risk_on,0.01517401596354572,0.013699754890774907,0.045324036095160225,0.7318840579710145,0.08011803100716917,0.7608695652173914,0.7753623188405797,,,{},4938.TW,2018-01-17,2018-01-18
0.07002497802203708,2103000,0,0.0463768115942029,0.463768115942029,1.0,D-1 estimated accounting; fill-day constraints require ledger audit,direct,V4_DIRECT_FROZEN_LINEAR_PORTFOLIO,disabled,2018-01-17,risk_on,0.01517401596354572,0.013699754890774907,0.045324036095160225,0.7318840579710145,0.08011803100716917,0.7608695652173914,0.7753623188405797,,,{},4979.TWO,2018-01-17,2018-01-18
0.060704172942929596,699000,0,0.02318840579710145,0.23188405797101447,1.0,D-1 estimated accounting; fill-day constraints require ledger audit,direct,V4_DIRECT_FROZEN_LINEAR_PORTFOLIO,disabled,2018-01-17,risk_on,0.01517401596354572,0.013699754890774907,0.045324036095160225,0.7318840579710145,0.08011803100716917,0.7608695652173914,0.7753623188405797,,,{},4991.TWO,2018-01-17,2018-01-18
0.0,0,-311000,-0.041304347826086954,-0.4130434782608695,1.0,D-1 estimated accounting; fill-day constraints require ledger audit,direct,V4_DIRECT_FROZEN_LINEAR_PORTFOLIO,disabled,2018-01-17,risk_on,0.01517401596354572,0.013699754890774907,0.045324036095160225,0.7318840579710145,0.08011803100716917,0.7608695652173914,0.7753623188405797,,,{},5347.TWO,2018-01-17,2018-01-18
0.0439984435450314,220000,0,0.01884057971014493,0.18840579710144928,1.0,D-1 estimated accounting; fill-day constraints require ledger audit,direct,V4_DIRECT_FROZEN_LINEAR_PORTFOLIO,disabled,2018-01-17,risk_on,0.01517401596354572,0.013699754890774907,0.045324036095160225,0.7318840579710145,0.08011803100716917,0.7608695652173914,0.7753623188405797,,,{},5536.TWO,2018-01-17,2018-01-18
0.06453010508405845,140000,140000,0.045652173913043485,0.4565217391304348,1.0,D-1 estimated accounting; fill-day constraints require ledger audit,direct,V4_DIRECT_FROZEN_LINEAR_PORTFOLIO,disabled,2018-01-17,risk_on,0.01517401596354572,0.013699754890774907,0.045324036095160225,0.7318840579710145,0.08011803100716917,0.7608695652173914,0.7753623188405797,,,{},6548.TWO,2018-01-17,2018-01-18
0.05413335186908827,800000,0,-0.015942028985507253,-0.1594202898550725,1.0,D-1 estimated accounting; fill-day constraints require ledger audit,direct,V4_DIRECT_FROZEN_LINEAR_PORTFOLIO,disabled,2018-01-18,risk_on,0.014535170562396438,0.014249209768769533,0.044889767102890055,0.7536231884057971,0.07787177957651528,0.7536231884057971,0.7681159420289855,,,{},1216.TW,2018-01-18,2018-01-19
0.03717132171540185,905000,0,-0.02463768115942029,-0.24637681159420288,1.0,D-1 estimated accounting; fill-day constraints require ledger audit,direct,V4_DIRECT_FROZEN_LINEAR_PORTFOLIO,disabled,2018-01-18,risk_on,0.014535170562396438,0.014249209768769533,0.044889767102890055,0.7536231884057971,0.07787177957651528,0.7536231884057971,0.7681159420289855,,,{},2301.TW,2018-01-18,2018-01-19
0.0171447499606926,740000,0,-0.011594202898550721,-0.1159420289855072,1.0,D-1 estimated accounting; fill-day constraints require ledger audit,direct,V4_DIRECT_FROZEN_LINEAR_PORTFOLIO,disabled,2018-01-18,risk_on,0.014535170562396438,0.014249209768769533,0.044889767102890055,0.7536231884057971,0.07787177957651528,0.7536231884057971,0.7681159420289855,,,{},2344.TW,2018-01-18,2018-01-19
0.030882646854489562,186000,0,-0.012318840579710146,-0.12318840579710144,1.0,D-1 estimated accounting; fill-day constraints require ledger audit,direct,V4_DIRECT_FROZEN_LINEAR_PORTFOLIO,disabled,2018-01-18,risk_on,0.014535170562396438,0.014249209768769533,0.044889767102890055,0.7536231884057971,0.07787177957651528,0.7536231884057971,0.7681159420289855,,,{},2360.TW,2018-01-18,2018-01-19
0.050543555894078995,492000,0,-0.023188405797101453,-0.23188405797101452,1.0,D-1 estimated accounting; fill-day constraints require ledger audit,direct,V4_DIRECT_FROZEN_LINEAR_PORTFOLIO,disabled,2018-01-18,risk_on,0.014535170562396438,0.014249209768769533,0.044889767102890055,0.7536231884057971,0.07787177957651528,0.7536231884057971,0.7681159420289855,,,{},2383.TW,2018-01-18,2018-01-19
0.06993476048376648,1175000,0,0.031159420289855074,0.3115942028985507,1.0,D-1 estimated accounting; fill-day constraints require ledger audit,direct,V4_DIRECT_FROZEN_LINEAR_PORTFOLIO,disabled,2018-01-18,risk_on,0.014535170562396438,0.014249209768769533,0.044889767102890055,0.7536231884057971,0.07787177957651528,0.7536231884057971,0.7681159420289855,,,{},2404.TW,2018-01-18,2018-01-19
0.0657885007687389,796000,0,0.000724637681159418,0.00724637681159418,1.0,D-1 estimated accounting; fill-day constraints require ledger audit,direct,V4_DIRECT_FROZEN_LINEAR_PORTFOLIO,disabled,2018-01-18,risk_on,0.014535170562396438,0.014249209768769533,0.044889767102890055,0.7536231884057971,0.07787177957651528,0.7536231884057971,0.7681159420289855,,,{},2451.TW,2018-01-18,2018-01-19
0.007646418622863536,26000,0,-0.0036231884057971067,-0.036231884057971064,1.0,D-1 estimated accounting; fill-day constraints require ledger audit,direct,V4_DIRECT_FROZEN_LINEAR_PORTFOLIO,disabled,2018-01-18,risk_on,0.014535170562396438,0.014249209768769533,0.044889767102890055,0.7536231884057971,0.07787177957651528,0.7536231884057971,0.7681159420289855,,,{},2912.TW,2018-01-18,2018-01-19
0.014424106322306686,312000,0,-0.038405797101449285,-0.3840579710144928,1.0,D-1 estimated accounting; fill-day constraints require ledger audit,direct,V4_DIRECT_FROZEN_LINEAR_PORTFOLIO,disabled,2018-01-18,risk_on,0.014535170562396438,0.014249209768769533,0.044889767102890055,0.7536231884057971,0.07787177957651528,0.7536231884057971,0.7681159420289855,,,{},3036.TW,2018-01-18,2018-01-19
0.041372241201756046,2337000,0,-0.023913043478260867,-0.23913043478260865,1.0,D-1 estimated accounting; fill-day constraints require ledger audit,direct,V4_DIRECT_FROZEN_LINEAR_PORTFOLIO,disabled,2018-01-18,risk_on,0.014535170562396438,0.014249209768769533,0.044889767102890055,0.7536231884057971,0.07787177957651528,0.7536231884057971,0.7681159420289855,,,{},3037.TW,2018-01-18,2018-01-19
0.060936349149721666,602000,0,-0.028260869565217395,-0.28260869565217395,1.0,D-1 estimated accounting; fill-day constraints require ledger audit,direct,V4_DIRECT_FROZEN_LINEAR_PORTFOLIO,disabled,2018-01-18,risk_on,0.014535170562396438,0.014249209768769533,0.044889767102890055,0.7536231884057971,0.07787177957651528,0.7536231884057971,0.7681159420289855,,,{},3044.TW,2018-01-18,2018-01-19
0.03903302609008349,359000,0,0.02318840579710145,0.23188405797101447,1.0,D-1 estimated accounting; fill-day constraints require ledger audit,direct,V4_DIRECT_FROZEN_LINEAR_PORTFOLIO,disabled,2018-01-18,risk_on,0.014535170562396438,0.014249209768769533,0.044889767102890055,0.7536231884057971,0.07787177957651528,0.7536231884057971,0.7681159420289855,,,{},3045.TW,2018-01-18,2018-01-19
0.007087475981651298,180000,0,0.04927536231884058,0.4927536231884058,1.0,D-1 estimated accounting; fill-day constraints require ledger audit,direct,V4_DIRECT_FROZEN_LINEAR_PORTFOLIO,disabled,2018-01-18,risk_on,0.014535170562396438,0.014249209768769533,0.044889767102890055,0.7536231884057971,0.07787177957651528,0.7536231884057971,0.7681159420289855,,,{},3163.TWO,2018-01-18,2018-01-19
0.02640475973773514,61000,0,0.0463768115942029,0.463768115942029,1.0,D-1 estimated accounting; fill-day constraints require ledger audit,direct,V4_DIRECT_FROZEN_LINEAR_PORTFOLIO,disabled,2018-01-18,risk_on,0.014535170562396438,0.014249209768769533,0.044889767102890055,0.7536231884057971,0.07787177957651528,0.7536231884057971,0.7681159420289855,,,{},3529.TWO,2018-01-18,2018-01-19
0.0450574996617444,445000,0,-0.010144927536231885,-0.10144927536231885,1.0,D-1 estimated accounting; fill-day constraints require ledger audit,direct,V4_DIRECT_FROZEN_LINEAR_PORTFOLIO,disabled,2018-01-18,risk_on,0.014535170562396438,0.014249209768769533,0.044889767102890055,0.7536231884057971,0.07787177957651528,0.7536231884057971,0.7681159420289855,,,{},3661.TW,2018-01-18,2018-01-19
0.05668007579970653,212000,0,0.02391304347826087,0.2391304347826087,1.0,D-1 estimated accounting; fill-day constraints require ledger audit,direct,V4_DIRECT_FROZEN_LINEAR_PORTFOLIO,disabled,2018-01-18,risk_on,0.014535170562396438,0.014249209768769533,0.044889767102890055,0.7536231884057971,0.07787177957651528,0.7536231884057971,0.7681159420289855,,,{},3665.TW,2018-01-18,2018-01-19
0.0,0,-1933000,-0.03913043478260869,-0.3913043478260869,1.0,D-1 estimated accounting; fill-day constraints require ledger audit,direct,V4_DIRECT_FROZEN_LINEAR_PORTFOLIO,disabled,2018-01-18,risk_on,0.014535170562396438,0.014249209768769533,0.044889767102890055,0.7536231884057971,0.07787177957651528,0.7536231884057971,0.7681159420289855,,,{},3680.TWO,2018-01-18,2018-01-19
0.03532647386883909,464000,0,-0.026086956521739136,-0.26086956521739135,1.0,D-1 estimated accounting; fill-day constraints require ledger audit,direct,V4_DIRECT_FROZEN_LINEAR_PORTFOLIO,disabled,2018-01-18,risk_on,0.014535170562396438,0.014249209768769533,0.044889767102890055,0.7536231884057971,0.07787177957651528,0.7536231884057971,0.7681159420289855,,,{},4938.TW,2018-01-18,2018-01-19
0.06935110319765055,2103000,0,0.04782608695652174,0.4782608695652174,1.0,D-1 estimated accounting; fill-day constraints require ledger audit,direct,V4_DIRECT_FROZEN_LINEAR_PORTFOLIO,disabled,2018-01-18,risk_on,0.014535170562396438,0.014249209768769533,0.044889767102890055,0.7536231884057971,0.07787177957651528,0.7536231884057971,0.7681159420289855,,,{},4979.TWO,2018-01-18,2018-01-19
0.059788022960635456,699000,0,0.003623188405797101,0.03623188405797101,1.0,D-1 estimated accounting; fill-day constraints require ledger audit,direct,V4_DIRECT_FROZEN_LINEAR_PORTFOLIO,disabled,2018-01-18,risk_on,0.014535170562396438,0.014249209768769533,0.044889767102890055,0.7536231884057971,0.07787177957651528,0.7536231884057971,0.7681159420289855,,,{},4991.TWO,2018-01-18,2018-01-19
0.04394645614661523,220000,0,0.03333333333333334,0.33333333333333337,1.0,D-1 estimated accounting; fill-day constraints require ledger audit,direct,V4_DIRECT_FROZEN_LINEAR_PORTFOLIO,disabled,2018-01-18,risk_on,0.014535170562396438,0.014249209768769533,0.044889767102890055,0.7536231884057971,0.07787177957651528,0.7536231884057971,0.7681159420289855,,,{},5536.TWO,2018-01-18,2018-01-19
0.025182016934806505,703000,703000,0.04710144927536232,0.47101449275362317,1.0,D-1 estimated accounting; fill-day constraints require ledger audit,direct,V4_DIRECT_FROZEN_LINEAR_PORTFOLIO,disabled,2018-01-18,risk_on,0.014535170562396438,0.014249209768769533,0.044889767102890055,0.7536231884057971,0.07787177957651528,0.7536231884057971,0.7681159420289855,,,{},6139.TW,2018-01-18,2018-01-19
0.06415421078959041,140000,0,0.045652173913043485,0.4565217391304348,1.0,D-1 estimated accounting; fill-day constraints require ledger audit,direct,V4_DIRECT_FROZEN_LINEAR_PORTFOLIO,disabled,2018-01-18,risk_on,0.014535170562396438,0.014249209768769533,0.044889767102890055,0.7536231884057971,0.07787177957651528,0.7536231884057971,0.7681159420289855,,,{},6548.TWO,2018-01-18,2018-01-19
0.05492343327621215,800000,0,-0.017391304347826087,-0.17391304347826086,1.0,D-1 estimated accounting; fill-day constraints require ledger audit,direct,V4_DIRECT_FROZEN_LINEAR_PORTFOLIO,disabled,2018-01-19,risk_on,0.015015216125090153,0.010572772123658924,0.04755255963557303,0.6521739130434783,0.07423176065712979,0.7681159420289855,0.7753623188405797,,,{},1216.TW,2018-01-19,2018-01-22
0.03703417326425169,905000,0,-0.02246376811594203,-0.2246376811594203,1.0,D-1 estimated accounting; fill-day constraints require ledger audit,direct,V4_DIRECT_FROZEN_LINEAR_PORTFOLIO,disabled,2018-01-19,risk_on,0.015015216125090153,0.010572772123658924,0.04755255963557303,0.6521739130434783,0.07423176065712979,0.7681159420289855,0.7753623188405797,,,{},2301.TW,2018-01-19,2018-01-22
0.017510707466678828,740000,0,-0.015942028985507253,-0.1594202898550725,1.0,D-1 estimated accounting; fill-day constraints require ledger audit,direct,V4_DIRECT_FROZEN_LINEAR_PORTFOLIO,disabled,2018-01-19,risk_on,0.015015216125090153,0.010572772123658924,0.04755255963557303,0.6521739130434783,0.07423176065712979,0.7681159420289855,0.7753623188405797,,,{},2344.TW,2018-01-19,2018-01-22
0.03060321693170896,186000,0,0.03333333333333334,0.33333333333333337,1.0,D-1 estimated accounting; fill-day constraints require ledger audit,direct,V4_DIRECT_FROZEN_LINEAR_PORTFOLIO,disabled,2018-01-19,risk_on,0.015015216125090153,0.010572772123658924,0.04755255963557303,0.6521739130434783,0.07423176065712979,0.7681159420289855,0.7753623188405797,,,{},2360.TW,2018-01-19,2018-01-22
0.04839161718026247,492000,0,-0.031159420289855078,-0.3115942028985508,1.0,D-1 estimated accounting; fill-day constraints require ledger audit,direct,V4_DIRECT_FROZEN_LINEAR_PORTFOLIO,disabled,2018-01-19,risk_on,0.015015216125090153,0.010572772123658924,0.04755255963557303,0.6521739130434783,0.07423176065712979,0.7681159420289855,0.7753623188405797,,,{},2383.TW,2018-01-19,2018-01-22
0.06993009695839023,1175000,0,0.02463768115942029,0.24637681159420288,1.0,D-1 estimated accounting; fill-day constraints require ledger audit,direct,V4_DIRECT_FROZEN_LINEAR_PORTFOLIO,disabled,2018-01-19,risk_on,0.015015216125090153,0.010572772123658924,0.04755255963557303,0.6521739130434783,0.07423176065712979,0.7681159420289855,0.7753623188405797,,,{},2404.TW,2018-01-19,2018-01-22
0.06617897635974172,796000,0,-0.004347826086956519,-0.04347826086956519,1.0,D-1 estimated accounting; fill-day constraints require ledger audit,direct,V4_DIRECT_FROZEN_LINEAR_PORTFOLIO,disabled,2018-01-19,risk_on,0.015015216125090153,0.010572772123658924,0.04755255963557303,0.6521739130434783,0.07423176065712979,0.7681159420289855,0.7753623188405797,,,{},2451.TW,2018-01-19,2018-01-22
0.00755394762798434,26000,0,0.007246376811594202,0.07246376811594202,1.0,D-1 estimated accounting; fill-day constraints require ledger audit,direct,V4_DIRECT_FROZEN_LINEAR_PORTFOLIO,disabled,2018-01-19,risk_on,0.015015216125090153,0.010572772123658924,0.04755255963557303,0.6521739130434783,0.07423176065712979,0.7681159420289855,0.7753623188405797,,,{},2912.TW,2018-01-19,2018-01-22
0.0,0,-312000,-0.035507246376811595,-0.35507246376811596,1.0,D-1 estimated accounting; fill-day constraints require ledger audit,direct,V4_DIRECT_FROZEN_LINEAR_PORTFOLIO,disabled,2018-01-19,risk_on,0.015015216125090153,0.010572772123658924,0.04755255963557303,0.6521739130434783,0.07423176065712979,0.7681159420289855,0.7753623188405797,,,{},3036.TW,2018-01-19,2018-01-22
0.04136948233770357,2337000,0,-0.027536231884057974,-0.2753623188405797,1.0,D-1 estimated accounting; fill-day constraints require ledger audit,direct,V4_DIRECT_FROZEN_LINEAR_PORTFOLIO,disabled,2018-01-19,risk_on,0.015015216125090153,0.010572772123658924,0.04755255963557303,0.6521739130434783,0.07423176065712979,0.7681159420289855,0.7753623188405797,,,{},3037.TW,2018-01-19,2018-01-22
0.06063359799899554,602000,0,-0.029710144927536233,-0.2971014492753623,1.0,D-1 estimated accounting; fill-day constraints require ledger audit,direct,V4_DIRECT_FROZEN_LINEAR_PORTFOLIO,disabled,2018-01-19,risk_on,0.015015216125090153,0.010572772123658924,0.04755255963557303,0.6521739130434783,0.07423176065712979,0.7681159420289855,0.7753623188405797,,,{},3044.TW,2018-01-19,2018-01-22
0.03903042321411131,359000,0,0.013043478260869568,0.13043478260869568,1.0,D-1 estimated accounting; fill-day constraints require ledger audit,direct,V4_DIRECT_FROZEN_LINEAR_PORTFOLIO,disabled,2018-01-19,risk_on,0.015015216125090153,0.010572772123658924,0.04755255963557303,0.6521739130434783,0.07423176065712979,0.7681159420289855,0.7753623188405797,,,{},3045.TW,2018-01-19,2018-01-22
0.006997520995160739,180000,0,0.04855072463768116,0.4855072463768116,1.0,D-1 estimated accounting; fill-day constraints require ledger audit,direct,V4_DIRECT_FROZEN_LINEAR_PORTFOLIO,disabled,2018-01-19,risk_on,0.015015216125090153,0.010572772123658924,0.04755255963557303,0.6521739130434783,0.07423176065712979,0.7681159420289855,0.7753623188405797,,,{},3163.TWO,2018-01-19,2018-01-22
0.026677395027459052,61000,0,0.04492753623188406,0.4492753623188406,1.0,D-1 estimated accounting; fill-day constraints require ledger audit,direct,V4_DIRECT_FROZEN_LINEAR_PORTFOLIO,disabled,2018-01-19,risk_on,0.015015216125090153,0.010572772123658924,0.04755255963557303,0.6521739130434783,0.07423176065712979,0.7681159420289855,0.7753623188405797,,,{},3529.TWO,2018-01-19,2018-01-22
0.046379627257494664,445000,0,-0.03188405797101449,-0.3188405797101449,1.0,D-1 estimated accounting; fill-day constraints require ledger audit,direct,V4_DIRECT_FROZEN_LINEAR_PORTFOLIO,disabled,2018-01-19,risk_on,0.015015216125090153,0.010572772123658924,0.04755255963557303,0.6521739130434783,0.07423176065712979,0.7681159420289855,0.7753623188405797,,,{},3661.TW,2018-01-19,2018-01-22
0.05499075574301315,212000,0,0.012318840579710146,0.12318840579710144,1.0,D-1 estimated accounting; fill-day constraints require ledger audit,direct,V4_DIRECT_FROZEN_LINEAR_PORTFOLIO,disabled,2018-01-19,risk_on,0.015015216125090153,0.010572772123658924,0.04755255963557303,0.6521739130434783,0.07423176065712979,0.7681159420289855,0.7753623188405797,,,{},3665.TW,2018-01-19,2018-01-22
0.03560044763750765,464000,0,-0.01376811594202898,-0.1376811594202898,1.0,D-1 estimated accounting; fill-day constraints require ledger audit,direct,V4_DIRECT_FROZEN_LINEAR_PORTFOLIO,disabled,2018-01-19,risk_on,0.015015216125090153,0.010572772123658924,0.04755255963557303,0.6521739130434783,0.07423176065712979,0.7681159420289855,0.7753623188405797,,,{},4938.TW,2018-01-19,2018-01-22
0.06892935691709536,2103000,0,0.04782608695652174,0.4782608695652174,1.0,D-1 estimated accounting; fill-day constraints require ledger audit,direct,V4_DIRECT_FROZEN_LINEAR_PORTFOLIO,disabled,2018-01-19,risk_on,0.015015216125090153,0.010572772123658924,0.04755255963557303,0.6521739130434783,0.07423176065712979,0.7681159420289855,0.7753623188405797,,,{},4979.TWO,2018-01-19,2018-01-22
0.06013081121085433,699000,0,-0.007246376811594202,-0.07246376811594202,1.0,D-1 estimated accounting; fill-day constraints require ledger audit,direct,V4_DIRECT_FROZEN_LINEAR_PORTFOLIO,disabled,2018-01-19,risk_on,0.015015216125090153,0.010572772123658924,0.04755255963557303,0.6521739130434783,0.07423176065712979,0.7681159420289855,0.7753623188405797,,,{},4991.TWO,2018-01-19,2018-01-22
0.04438077463494944,220000,0,0.028260869565217395,0.28260869565217395,1.0,D-1 estimated accounting; fill-day constraints require ledger audit,direct,V4_DIRECT_FROZEN_LINEAR_PORTFOLIO,disabled,2018-01-19,risk_on,0.015015216125090153,0.010572772123658924,0.04755255963557303,0.6521739130434783,0.07423176065712979,0.7681159420289855,0.7753623188405797,,,{},5536.TWO,2018-01-19,2018-01-22
0.025250089326672852,703000,0,0.04710144927536232,0.47101449275362317,1.0,D-1 estimated accounting; fill-day constraints require ledger audit,direct,V4_DIRECT_FROZEN_LINEAR_PORTFOLIO,disabled,2018-01-19,risk_on,0.015015216125090153,0.010572772123658924,0.04755255963557303,0.6521739130434783,0.07423176065712979,0.7681159420289855,0.7753623188405797,,,{},6139.TW,2018-01-19,2018-01-22
0.06414993273404349,140000,0,0.0427536231884058,0.427536231884058,1.0,D-1 estimated accounting; fill-day constraints require ledger audit,direct,V4_DIRECT_FROZEN_LINEAR_PORTFOLIO,disabled,2018-01-19,risk_on,0.015015216125090153,0.010572772123658924,0.04755255963557303,0.6521739130434783,0.07423176065712979,0.7681159420289855,0.7753623188405797,,,{},6548.TWO,2018-01-19,2018-01-22
0.07285555063172891,3074000,3074000,0.0463768115942029,0.463768115942029,1.0,D-1 estimated accounting; fill-day constraints require ledger audit,direct,V4_DIRECT_FROZEN_LINEAR_PORTFOLIO,disabled,2018-01-19,risk_on,0.015015216125090153,0.010572772123658924,0.04755255963557303,0.6521739130434783,0.07423176065712979,0.7681159420289855,0.7753623188405797,,,{},8415.TWO,2018-01-19,2018-01-22
0.05498170082457792,800000,0,-0.014492753623188404,-0.14492753623188404,1.0,D-1 estimated accounting; fill-day constraints require ledger audit,direct,V4_DIRECT_FROZEN_LINEAR_PORTFOLIO,disabled,2018-01-22,risk_on,0.015681662219554283,0.004524551841205371,0.041744474369365125,0.5579710144927537,0.08482458376538268,0.7101449275362319,0.7608695652173914,,,{},1216.TW,2018-01-22,2018-01-23
0.0366577098180268,905000,0,-0.026086956521739136,-0.26086956521739135,1.0,D-1 estimated accounting; fill-day constraints require ledger audit,direct,V4_DIRECT_FROZEN_LINEAR_PORTFOLIO,disabled,2018-01-22,risk_on,0.015681662219554283,0.004524551841205371,0.041744474369365125,0.5579710144927537,0.08482458376538268,0.7101449275362319,0.7608695652173914,,,{},2301.TW,2018-01-22,2018-01-23
0.017135454679114696,740000,0,-0.016666666666666663,-0.16666666666666663,1.0,D-1 estimated accounting; fill-day constraints require ledger audit,direct,V4_DIRECT_FROZEN_LINEAR_PORTFOLIO,disabled,2018-01-22,risk_on,0.015681662219554283,0.004524551841205371,0.041744474369365125,0.5579710144927537,0.08482458376538268,0.7101449275362319,0.7608695652173914,,,{},2344.TW,2018-01-22,2018-01-23
0.029870748061016167,186000,0,0.03188405797101449,0.3188405797101449,1.0,D-1 estimated accounting; fill-day constraints require ledger audit,direct,V4_DIRECT_FROZEN_LINEAR_PORTFOLIO,disabled,2018-01-22,risk_on,0.015681662219554283,0.004524551841205371,0.041744474369365125,0.5579710144927537,0.08482458376538268,0.7101449275362319,0.7608695652173914,,,{},2360.TW,2018-01-22,2018-01-23
0.049119273578023384,492000,0,-0.023188405797101453,-0.23188405797101452,1.0,D-1 estimated accounting; fill-day constraints require ledger audit,direct,V4_DIRECT_FROZEN_LINEAR_PORTFOLIO,disabled,2018-01-22,risk_on,0.015681662219554283,0.004524551841205371,0.041744474369365125,0.5579710144927537,0.08482458376538268,0.7101449275362319,0.7608695652173914,,,{},2383.TW,2018-01-22,2018-01-23
0.07045829454725225,1175000,0,0.004347826086956524,0.043478260869565244,1.0,D-1 estimated accounting; fill-day constraints require ledger audit,direct,V4_DIRECT_FROZEN_LINEAR_PORTFOLIO,disabled,2018-01-22,risk_on,0.015681662219554283,0.004524551841205371,0.041744474369365125,0.5579710144927537,0.08482458376538268,0.7101449275362319,0.7608695652173914,,,{},2404.TW,2018-01-22,2018-01-23
0.06613359743369619,796000,0,-0.015942028985507253,-0.1594202898550725,1.0,D-1 estimated accounting; fill-day constraints require ledger audit,direct,V4_DIRECT_FROZEN_LINEAR_PORTFOLIO,disabled,2018-01-22,risk_on,0.015681662219554283,0.004524551841205371,0.041744474369365125,0.5579710144927537,0.08482458376538268,0.7101449275362319,0.7608695652173914,,,{},2451.TW,2018-01-22,2018-01-23
0.0074732141771429944,26000,0,0.006521739130434784,0.06521739130434784,1.0,D-1 estimated accounting; fill-day constraints require ledger audit,direct,V4_DIRECT_FROZEN_LINEAR_PORTFOLIO,disabled,2018-01-22,risk_on,0.015681662219554283,0.004524551841205371,0.041744474369365125,0.5579710144927537,0.08482458376538268,0.7101449275362319,0.7608695652173914,,,{},2912.TW,2018-01-22,2018-01-23
0.020672936548700192,695000,695000,0.0463768115942029,0.463768115942029,1.0,D-1 estimated accounting; fill-day constraints require ledger audit,direct,V4_DIRECT_FROZEN_LINEAR_PORTFOLIO,disabled,2018-01-22,risk_on,0.015681662219554283,0.004524551841205371,0.041744474369365125,0.5579710144927537,0.08482458376538268,0.7101449275362319,0.7608695652173914,,,{},3017.TW,2018-01-22,2018-01-23
0.039390854524367955,2337000,0,-0.02898550724637681,-0.28985507246376807,1.0,D-1 estimated accounting; fill-day constraints require ledger audit,direct,V4_DIRECT_FROZEN_LINEAR_PORTFOLIO,disabled,2018-01-22,risk_on,0.015681662219554283,0.004524551841205371,0.041744474369365125,0.5579710144927537,0.08482458376538268,0.7101449275362319,0.7608695652173914,,,{},3037.TW,2018-01-22,2018-01-23
0.062162147377754086,602000,0,-0.03260869565217391,-0.32608695652173914,1.0,D-1 estimated accounting; fill-day constraints require ledger audit,direct,V4_DIRECT_FROZEN_LINEAR_PORTFOLIO,disabled,2018-01-22,risk_on,0.015681662219554283,0.004524551841205371,0.041744474369365125,0.5579710144927537,0.08482458376538268,0.7101449275362319,0.7608695652173914,,,{},3044.TW,2018-01-22,2018-01-23
0.03868055280872767,359000,0,0.007971014492753626,0.07971014492753625,1.0,D-1 estimated accounting; fill-day constraints require ledger audit,direct,V4_DIRECT_FROZEN_LINEAR_PORTFOLIO,disabled,2018-01-22,risk_on,0.015681662219554283,0.004524551841205371,0.041744474369365125,0.5579710144927537,0.08482458376538268,0.7101449275362319,0.7608695652173914,,,{},3045.TW,2018-01-22,2018-01-23
0.006854982695990677,180000,0,0.04855072463768116,0.4855072463768116,1.0,D-1 estimated accounting; fill-day constraints require ledger audit,direct,V4_DIRECT_FROZEN_LINEAR_PORTFOLIO,disabled,2018-01-22,risk_on,0.015681662219554283,0.004524551841205371,0.041744474369365125,0.5579710144927537,0.08482458376538268,0.7101449275362319,0.7608695652173914,,,{},3163.TWO,2018-01-22,2018-01-23
0.026166321337220348,61000,0,0.04492753623188406,0.4492753623188406,1.0,D-1 estimated accounting; fill-day constraints require ledger audit,direct,V4_DIRECT_FROZEN_LINEAR_PORTFOLIO,disabled,2018-01-22,risk_on,0.015681662219554283,0.004524551841205371,0.041744474369365125,0.5579710144927537,0.08482458376538268,0.7101449275362319,0.7608695652173914,,,{},3529.TWO,2018-01-22,2018-01-23
0.0,0,-445000,-0.03768115942028986,-0.37681159420289856,1.0,D-1 estimated accounting; fill-day constraints require ledger audit,direct,V4_DIRECT_FROZEN_LINEAR_PORTFOLIO,disabled,2018-01-22,risk_on,0.015681662219554283,0.004524551841205371,0.041744474369365125,0.5579710144927537,0.08482458376538268,0.7101449275362319,0.7608695652173914,,,{},3661.TW,2018-01-22,2018-01-23
0.05408020843790777,212000,0,-0.0007246376811594236,-0.007246376811594235,1.0,D-1 estimated accounting; fill-day constraints require ledger audit,direct,V4_DIRECT_FROZEN_LINEAR_PORTFOLIO,disabled,2018-01-22,risk_on,0.015681662219554283,0.004524551841205371,0.041744474369365125,0.5579710144927537,0.08482458376538268,0.7101449275362319,0.7608695652173914,,,{},3665.TW,2018-01-22,2018-01-23
0.03532696575647861,464000,0,-0.01376811594202898,-0.1376811594202898,1.0,D-1 estimated accounting; fill-day constraints require ledger audit,direct,V4_DIRECT_FROZEN_LINEAR_PORTFOLIO,disabled,2018-01-22,risk_on,0.015681662219554283,0.004524551841205371,0.041744474369365125,0.5579710144927537,0.08482458376538268,0.7101449275362319,0.7608695652173914,,,{},4938.TW,2018-01-22,2018-01-23
0.06758805166090112,2103000,0,0.04782608695652174,0.4782608695652174,1.0,D-1 estimated accounting; fill-day constraints require ledger audit,direct,V4_DIRECT_FROZEN_LINEAR_PORTFOLIO,disabled,2018-01-22,risk_on,0.015681662219554283,0.004524551841205371,0.041744474369365125,0.5579710144927537,0.08482458376538268,0.7101449275362319,0.7608695652173914,,,{},4979.TWO,2018-01-22,2018-01-23
0.06261606247723882,699000,0,-0.023913043478260867,-0.23913043478260865,1.0,D-1 estimated accounting; fill-day constraints require ledger audit,direct,V4_DIRECT_FROZEN_LINEAR_PORTFOLIO,disabled,2018-01-22,risk_on,0.015681662219554283,0.004524551841205371,0.041744474369365125,0.5579710144927537,0.08482458376538268,0.7101449275362319,0.7608695652173914,,,{},4991.TWO,2018-01-22,2018-01-23
0.04365794632845915,220000,0,0.027536231884057974,0.2753623188405797,1.0,D-1 estimated accounting; fill-day constraints require ledger audit,direct,V4_DIRECT_FROZEN_LINEAR_PORTFOLIO,disabled,2018-01-22,risk_on,0.015681662219554283,0.004524551841205371,0.041744474369365125,0.5579710144927537,0.08482458376538268,0.7101449275362319,0.7608695652173914,,,{},5536.TWO,2018-01-22,2018-01-23
0.02474724094610472,703000,0,0.045652173913043485,0.4565217391304348,1.0,D-1 estimated accounting; fill-day constraints require ledger audit,direct,V4_DIRECT_FROZEN_LINEAR_PORTFOLIO,disabled,2018-01-22,risk_on,0.015681662219554283,0.004524551841205371,0.041744474369365125,0.5579710144927537,0.08482458376538268,0.7101449275362319,0.7608695652173914,,,{},6139.TW,2018-01-22,2018-01-23
0.06550767705622725,140000,0,0.036231884057971016,0.36231884057971014,1.0,D-1 estimated accounting; fill-day constraints require ledger audit,direct,V4_DIRECT_FROZEN_LINEAR_PORTFOLIO,disabled,2018-01-22,risk_on,0.015681662219554283,0.004524551841205371,0.041744474369365125,0.5579710144927537,0.08482458376538268,0.7101449275362319,0.7608695652173914,,,{},6548.TWO,2018-01-22,2018-01-23
0.0709940607730214,3074000,0,0.04710144927536232,0.47101449275362317,1.0,D-1 estimated accounting; fill-day constraints require ledger audit,direct,V4_DIRECT_FROZEN_LINEAR_PORTFOLIO,disabled,2018-01-22,risk_on,0.015681662219554283,0.004524551841205371,0.041744474369365125,0.5579710144927537,0.08482458376538268,0.7101449275362319,0.7608695652173914,,,{},8415.TWO,2018-01-22,2018-01-23
0.05444142403699013,800000,0,-0.014492753623188404,-0.14492753623188404,1.0,D-1 estimated accounting; fill-day constraints require ledger audit,direct,V4_DIRECT_FROZEN_LINEAR_PORTFOLIO,disabled,2018-01-23,risk_on,0.01585648921090094,0.0039255902562944645,0.04468926473307655,0.5434782608695652,0.07705538275605076,0.7028985507246377,0.7536231884057971,,,{},1216.TW,2018-01-23,2018-01-24
0.045884115275356664,1942000,1942000,0.04492753623188406,0.4492753623188406,1.0,D-1 estimated accounting; fill-day constraints require ledger audit,direct,V4_DIRECT_FROZEN_LINEAR_PORTFOLIO,disabled,2018-01-23,risk_on,0.01585648921090094,0.0039255902562944645,0.04468926473307655,0.5434782608695652,0.07705538275605076,0.7028985507246377,0.7536231884057971,,,{},1785.TWO,2018-01-23,2018-01-24
0.03707420766804708,905000,0,-0.023913043478260867,-0.23913043478260865,1.0,D-1 estimated accounting; fill-day constraints require ledger audit,direct,V4_DIRECT_FROZEN_LINEAR_PORTFOLIO,disabled,2018-01-23,risk_on,0.01585648921090094,0.0039255902562944645,0.04468926473307655,0.5434782608695652,0.07705538275605076,0.7028985507246377,0.7536231884057971,,,{},2301.TW,2018-01-23,2018-01-24
0.0,0,-740000,-0.03260869565217391,-0.32608695652173914,1.0,D-1 estimated accounting; fill-day constraints require ledger audit,direct,V4_DIRECT_FROZEN_LINEAR_PORTFOLIO,disabled,2018-01-23,risk_on,0.01585648921090094,0.0039255902562944645,0.04468926473307655,0.5434782608695652,0.07705538275605076,0.7028985507246377,0.7536231884057971,,,{},2344.TW,2018-01-23,2018-01-24
0.030653876282896203,186000,0,0.03260869565217391,0.32608695652173914,1.0,D-1 estimated accounting; fill-day constraints require ledger audit,direct,V4_DIRECT_FROZEN_LINEAR_PORTFOLIO,disabled,2018-01-23,risk_on,0.01585648921090094,0.0039255902562944645,0.04468926473307655,0.5434782608695652,0.07705538275605076,0.7028985507246377,0.7536231884057971,,,{},2360.TW,2018-01-23,2018-01-24
0.04871496440793377,492000,0,-0.017391304347826087,-0.17391304347826086,1.0,D-1 estimated accounting; fill-day constraints require ledger audit,direct,V4_DIRECT_FROZEN_LINEAR_PORTFOLIO,disabled,2018-01-23,risk_on,0.01585648921090094,0.0039255902562944645,0.04468926473307655,0.5434782608695652,0.07705538275605076,0.7028985507246377,0.7536231884057971,,,{},2383.TW,2018-01-23,2018-01-24
0.07022656359127483,1175000,0,-0.007971014492753626,-0.07971014492753625,1.0,D-1 estimated accounting; fill-day constraints require ledger audit,direct,V4_DIRECT_FROZEN_LINEAR_PORTFOLIO,disabled,2018-01-23,risk_on,0.01585648921090094,0.0039255902562944645,0.04468926473307655,0.5434782608695652,0.07705538275605076,0.7028985507246377,0.7536231884057971,,,{},2404.TW,2018-01-23,2018-01-24
0.06608508421188457,796000,0,-0.0036231884057971067,-0.036231884057971064,1.0,D-1 estimated accounting; fill-day constraints require ledger audit,direct,V4_DIRECT_FROZEN_LINEAR_PORTFOLIO,disabled,2018-01-23,risk_on,0.01585648921090094,0.0039255902562944645,0.04468926473307655,0.5434782608695652,0.07705538275605076,0.7028985507246377,0.7536231884057971,,,{},2451.TW,2018-01-23,2018-01-24
0.007524571692598038,26000,0,0.002898550724637683,0.02898550724637683,1.0,D-1 estimated accounting; fill-day constraints require ledger audit,direct,V4_DIRECT_FROZEN_LINEAR_PORTFOLIO,disabled,2018-01-23,risk_on,0.01585648921090094,0.0039255902562944645,0.04468926473307655,0.5434782608695652,0.07705538275605076,0.7028985507246377,0.7536231884057971,,,{},2912.TW,2018-01-23,2018-01-24
0.020980590446877383,695000,0,0.045652173913043485,0.4565217391304348,1.0,D-1 estimated accounting; fill-day constraints require ledger audit,direct,V4_DIRECT_FROZEN_LINEAR_PORTFOLIO,disabled,2018-01-23,risk_on,0.01585648921090094,0.0039255902562944645,0.04468926473307655,0.5434782608695652,0.07705538275605076,0.7028985507246377,0.7536231884057971,,,{},3017.TW,2018-01-23,2018-01-24
0.04072067598399373,2337000,0,-0.03188405797101449,-0.3188405797101449,1.0,D-1 estimated accounting; fill-day constraints require ledger audit,direct,V4_DIRECT_FROZEN_LINEAR_PORTFOLIO,disabled,2018-01-23,risk_on,0.01585648921090094,0.0039255902562944645,0.04468926473307655,0.5434782608695652,0.07705538275605076,0.7028985507246377,0.7536231884057971,,,{},3037.TW,2018-01-23,2018-01-24
0.060484948611047695,602000,0,-0.007246376811594202,-0.07246376811594202,1.0,D-1 estimated accounting; fill-day constraints require ledger audit,direct,V4_DIRECT_FROZEN_LINEAR_PORTFOLIO,disabled,2018-01-23,risk_on,0.01585648921090094,0.0039255902562944645,0.04468926473307655,0.5434782608695652,0.07705538275605076,0.7028985507246377,0.7536231884057971,,,{},3044.TW,2018-01-23,2018-01-24
0.038743879640567004,359000,0,0.005797101449275361,0.0579710144927536,1.0,D-1 estimated accounting; fill-day constraints require ledger audit,direct,V4_DIRECT_FROZEN_LINEAR_PORTFOLIO,disabled,2018-01-23,risk_on,0.01585648921090094,0.0039255902562944645,0.04468926473307655,0.5434782608695652,0.07705538275605076,0.7028985507246377,0.7536231884057971,,,{},3045.TW,2018-01-23,2018-01-24
0.006892853129974965,180000,0,0.04855072463768116,0.4855072463768116,1.0,D-1 estimated accounting; fill-day constraints require ledger audit,direct,V4_DIRECT_FROZEN_LINEAR_PORTFOLIO,disabled,2018-01-23,risk_on,0.01585648921090094,0.0039255902562944645,0.04468926473307655,0.5434782608695652,0.07705538275605076,0.7028985507246377,0.7536231884057971,,,{},3163.TWO,2018-01-23,2018-01-24
0.026118366325417388,61000,0,0.043478260869565216,0.43478260869565216,1.0,D-1 estimated accounting; fill-day constraints require ledger audit,direct,V4_DIRECT_FROZEN_LINEAR_PORTFOLIO,disabled,2018-01-23,risk_on,0.01585648921090094,0.0039255902562944645,0.04468926473307655,0.5434782608695652,0.07705538275605076,0.7028985507246377,0.7536231884057971,,,{},3529.TWO,2018-01-23,2018-01-24
0.05437789294215906,212000,0,0.0014492753623188415,0.014492753623188415,1.0,D-1 estimated accounting; fill-day constraints require ledger audit,direct,V4_DIRECT_FROZEN_LINEAR_PORTFOLIO,disabled,2018-01-23,risk_on,0.01585648921090094,0.0039255902562944645,0.04468926473307655,0.5434782608695652,0.07705538275605076,0.7028985507246377,0.7536231884057971,,,{},3665.TW,2018-01-23,2018-01-24
0.03565910297171702,464000,0,-0.021014492753623194,-0.21014492753623193,1.0,D-1 estimated accounting; fill-day constraints require ledger audit,direct,V4_DIRECT_FROZEN_LINEAR_PORTFOLIO,disabled,2018-01-23,risk_on,0.01585648921090094,0.0039255902562944645,0.04468926473307655,0.5434782608695652,0.07705538275605076,0.7028985507246377,0.7536231884057971,,,{},4938.TW,2018-01-23,2018-01-24
0.06811276448409158,2103000,0,0.04782608695652174,0.4782608695652174,1.0,D-1 estimated accounting; fill-day constraints require ledger audit,direct,V4_DIRECT_FROZEN_LINEAR_PORTFOLIO,disabled,2018-01-23,risk_on,0.01585648921090094,0.0039255902562944645,0.04468926473307655,0.5434782608695652,0.07705538275605076,0.7028985507246377,0.7536231884057971,,,{},4979.TWO,2018-01-23,2018-01-24
0.060859737780864426,699000,0,-0.029710144927536233,-0.2971014492753623,1.0,D-1 estimated accounting; fill-day constraints require ledger audit,direct,V4_DIRECT_FROZEN_LINEAR_PORTFOLIO,disabled,2018-01-23,risk_on,0.01585648921090094,0.0039255902562944645,0.04468926473307655,0.5434782608695652,0.07705538275605076,0.7028985507246377,0.7536231884057971,,,{},4991.TWO,2018-01-23,2018-01-24
0.04394644148839059,220000,0,0.02391304347826087,0.2391304347826087,1.0,D-1 estimated accounting; fill-day constraints require ledger audit,direct,V4_DIRECT_FROZEN_LINEAR_PORTFOLIO,disabled,2018-01-23,risk_on,0.01585648921090094,0.0039255902562944645,0.04468926473307655,0.5434782608695652,0.07705538275605076,0.7028985507246377,0.7536231884057971,,,{},5536.TWO,2018-01-23,2018-01-24
0.02471851696556883,703000,0,0.0463768115942029,0.463768115942029,1.0,D-1 estimated accounting; fill-day constraints require ledger audit,direct,V4_DIRECT_FROZEN_LINEAR_PORTFOLIO,disabled,2018-01-23,risk_on,0.01585648921090094,0.0039255902562944645,0.04468926473307655,0.5434782608695652,0.07705538275605076,0.7028985507246377,0.7536231884057971,,,{},6139.TW,2018-01-23,2018-01-24
0.0660297713144484,140000,0,0.034057971014492754,0.34057971014492755,1.0,D-1 estimated accounting; fill-day constraints require ledger audit,direct,V4_DIRECT_FROZEN_LINEAR_PORTFOLIO,disabled,2018-01-23,risk_on,0.01585648921090094,0.0039255902562944645,0.04468926473307655,0.5434782608695652,0.07705538275605076,0.7028985507246377,0.7536231884057971,,,{},6548.TWO,2018-01-23,2018-01-24
0.07111029047041989,3074000,0,0.04710144927536232,0.47101449275362317,1.0,D-1 estimated accounting; fill-day constraints require ledger audit,direct,V4_DIRECT_FROZEN_LINEAR_PORTFOLIO,disabled,2018-01-23,risk_on,0.01585648921090094,0.0039255902562944645,0.04468926473307655,0.5434782608695652,0.07705538275605076,0.7028985507246377,0.7536231884057971,,,{},8415.TWO,2018-01-23,2018-01-24
0.05356554449032894,800000,0,-0.023913043478260867,-0.23913043478260865,1.0,D-1 estimated accounting; fill-day constraints require ledger audit,direct,V4_DIRECT_FROZEN_LINEAR_PORTFOLIO,disabled,2018-01-24,risk_on,0.015236874168223632,0.001399392389327958,0.04989927693646201,0.5217391304347826,0.08714086246346307,0.7318840579710145,0.7681159420289855,,,{},1216.TW,2018-01-24,2018-01-25
0.045607929330336944,1942000,0,0.0427536231884058,0.427536231884058,1.0,D-1 estimated accounting; fill-day constraints require ledger audit,direct,V4_DIRECT_FROZEN_LINEAR_PORTFOLIO,disabled,2018-01-24,risk_on,0.015236874168223632,0.001399392389327958,0.04989927693646201,0.5217391304347826,0.08714086246346307,0.7318840579710145,0.7681159420289855,,,{},1785.TWO,2018-01-24,2018-01-25
0.0371168031394505,905000,0,-0.021739130434782608,-0.21739130434782605,1.0,D-1 estimated accounting; fill-day constraints require ledger audit,direct,V4_DIRECT_FROZEN_LINEAR_PORTFOLIO,disabled,2018-01-24,risk_on,0.015236874168223632,0.001399392389327958,0.04989927693646201,0.5217391304347826,0.08714086246346307,0.7318840579710145,0.7681159420289855,,,{},2301.TW,2018-01-24,2018-01-25
0.029830784793814496,186000,0,0.035507246376811595,0.35507246376811596,1.0,D-1 estimated accounting; fill-day constraints require ledger audit,direct,V4_DIRECT_FROZEN_LINEAR_PORTFOLIO,disabled,2018-01-24,risk_on,0.015236874168223632,0.001399392389327958,0.04989927693646201,0.5217391304347826,0.08714086246346307,0.7318840579710145,0.7681159420289855,,,{},2360.TW,2018-01-24,2018-01-25
0.04890354734688719,492000,0,0.006521739130434784,0.06521739130434784,1.0,D-1 estimated accounting; fill-day constraints require ledger audit,direct,V4_DIRECT_FROZEN_LINEAR_PORTFOLIO,disabled,2018-01-24,risk_on,0.015236874168223632,0.001399392389327958,0.04989927693646201,0.5217391304347826,0.08714086246346307,0.7318840579710145,0.7681159420289855,,,{},2383.TW,2018-01-24,2018-01-25
0.0693438629761263,1175000,0,-0.0021739130434782596,-0.021739130434782594,1.0,D-1 estimated accounting; fill-day constraints require ledger audit,direct,V4_DIRECT_FROZEN_LINEAR_PORTFOLIO,disabled,2018-01-24,risk_on,0.015236874168223632,0.001399392389327958,0.04989927693646201,0.5217391304347826,0.08714086246346307,0.7318840579710145,0.7681159420289855,,,{},2404.TW,2018-01-24,2018-01-25
0.06607690888770514,796000,0,0.007246376811594202,0.07246376811594202,1.0,D-1 estimated accounting; fill-day constraints require ledger audit,direct,V4_DIRECT_FROZEN_LINEAR_PORTFOLIO,disabled,2018-01-24,risk_on,0.015236874168223632,0.001399392389327958,0.04989927693646201,0.5217391304347826,0.08714086246346307,0.7318840579710145,0.7681159420289855,,,{},2451.TW,2018-01-24,2018-01-25
0.00744039267528695,26000,0,0.0021739130434782596,0.021739130434782594,1.0,D-1 estimated accounting; fill-day constraints require ledger audit,direct,V4_DIRECT_FROZEN_LINEAR_PORTFOLIO,disabled,2018-01-24,risk_on,0.015236874168223632,0.001399392389327958,0.04989927693646201,0.5217391304347826,0.08714086246346307,0.7318840579710145,0.7681159420289855,,,{},2912.TW,2018-01-24,2018-01-25
0.020990384236365126,695000,0,0.0463768115942029,0.463768115942029,1.0,D-1 estimated accounting; fill-day constraints require ledger audit,direct,V4_DIRECT_FROZEN_LINEAR_PORTFOLIO,disabled,2018-01-24,risk_on,0.015236874168223632,0.001399392389327958,0.04989927693646201,0.5217391304347826,0.08714086246346307,0.7318840579710145,0.7681159420289855,,,{},3017.TW,2018-01-24,2018-01-25
0.03956086770071135,2337000,0,-0.015942028985507253,-0.1594202898550725,1.0,D-1 estimated accounting; fill-day constraints require ledger audit,direct,V4_DIRECT_FROZEN_LINEAR_PORTFOLIO,disabled,2018-01-24,risk_on,0.015236874168223632,0.001399392389327958,0.04989927693646201,0.5217391304347826,0.08714086246346307,0.7318840579710145,0.7681159420289855,,,{},3037.TW,2018-01-24,2018-01-25
0.06071029760655051,602000,0,0.010869565217391304,0.10869565217391303,1.0,D-1 estimated accounting; fill-day constraints require ledger audit,direct,V4_DIRECT_FROZEN_LINEAR_PORTFOLIO,disabled,2018-01-24,risk_on,0.015236874168223632,0.001399392389327958,0.04989927693646201,0.5217391304347826,0.08714086246346307,0.7318840579710145,0.7681159420289855,,,{},3044.TW,2018-01-24,2018-01-25
0.03868652006366741,359000,0,0.015217391304347828,0.15217391304347827,1.0,D-1 estimated accounting; fill-day constraints require ledger audit,direct,V4_DIRECT_FROZEN_LINEAR_PORTFOLIO,disabled,2018-01-24,risk_on,0.015236874168223632,0.001399392389327958,0.04989927693646201,0.5217391304347826,0.08714086246346307,0.7318840579710145,0.7681159420289855,,,{},3045.TW,2018-01-24,2018-01-25
0.00685136362659978,180000,0,0.04855072463768116,0.4855072463768116,1.0,D-1 estimated accounting; fill-day constraints require ledger audit,direct,V4_DIRECT_FROZEN_LINEAR_PORTFOLIO,disabled,2018-01-24,risk_on,0.015236874168223632,0.001399392389327958,0.04989927693646201,0.5217391304347826,0.08714086246346307,0.7318840579710145,0.7681159420289855,,,{},3163.TWO,2018-01-24,2018-01-25
0.026231896547911943,61000,0,0.010144927536231885,0.10144927536231885,1.0,D-1 estimated accounting; fill-day constraints require ledger audit,direct,V4_DIRECT_FROZEN_LINEAR_PORTFOLIO,disabled,2018-01-24,risk_on,0.015236874168223632,0.001399392389327958,0.04989927693646201,0.5217391304347826,0.08714086246346307,0.7318840579710145,0.7681159420289855,,,{},3529.TWO,2018-01-24,2018-01-25
0.019657046890107097,109000,109000,0.04492753623188406,0.4492753623188406,1.0,D-1 estimated accounting; fill-day constraints require ledger audit,direct,V4_DIRECT_FROZEN_LINEAR_PORTFOLIO,disabled,2018-01-24,risk_on,0.015236874168223632,0.001399392389327958,0.04989927693646201,0.5217391304347826,0.08714086246346307,0.7318840579710145,0.7681159420289855,,,{},3533.TW,2018-01-24,2018-01-25
0.057272827385948376,212000,0,-0.026086956521739136,-0.26086956521739135,1.0,D-1 estimated accounting; fill-day constraints require ledger audit,direct,V4_DIRECT_FROZEN_LINEAR_PORTFOLIO,disabled,2018-01-24,risk_on,0.015236874168223632,0.001399392389327958,0.04989927693646201,0.5217391304347826,0.08714086246346307,0.7318840579710145,0.7681159420289855,,,{},3665.TW,2018-01-24,2018-01-25
0.03526269700338611,464000,0,-0.004347826086956519,-0.04347826086956519,1.0,D-1 estimated accounting; fill-day constraints require ledger audit,direct,V4_DIRECT_FROZEN_LINEAR_PORTFOLIO,disabled,2018-01-24,risk_on,0.015236874168223632,0.001399392389327958,0.04989927693646201,0.5217391304347826,0.08714086246346307,0.7318840579710145,0.7681159420289855,,,{},4938.TW,2018-01-24,2018-01-25
0.07017218201868305,2103000,0,0.045652173913043485,0.4565217391304348,1.0,D-1 estimated accounting; fill-day constraints require ledger audit,direct,V4_DIRECT_FROZEN_LINEAR_PORTFOLIO,disabled,2018-01-24,risk_on,0.015236874168223632,0.001399392389327958,0.04989927693646201,0.5217391304347826,0.08714086246346307,0.7318840579710145,0.7681159420289855,,,{},4979.TWO,2018-01-24,2018-01-25
0.0,0,-699000,-0.03260869565217391,-0.32608695652173914,1.0,D-1 estimated accounting; fill-day constraints require ledger audit,direct,V4_DIRECT_FROZEN_LINEAR_PORTFOLIO,disabled,2018-01-24,risk_on,0.015236874168223632,0.001399392389327958,0.04989927693646201,0.5217391304347826,0.08714086246346307,0.7318840579710145,0.7681159420289855,,,{},4991.TWO,2018-01-24,2018-01-25
0.043897631980449305,220000,0,0.03840579710144928,0.38405797101449274,1.0,D-1 estimated accounting; fill-day constraints require ledger audit,direct,V4_DIRECT_FROZEN_LINEAR_PORTFOLIO,disabled,2018-01-24,risk_on,0.015236874168223632,0.001399392389327958,0.04989927693646201,0.5217391304347826,0.08714086246346307,0.7318840579710145,0.7681159420289855,,,{},5536.TWO,2018-01-24,2018-01-25
0.024260028625207944,703000,0,0.04710144927536232,0.47101449275362317,1.0,D-1 estimated accounting; fill-day constraints require ledger audit,direct,V4_DIRECT_FROZEN_LINEAR_PORTFOLIO,disabled,2018-01-24,risk_on,0.015236874168223632,0.001399392389327958,0.04989927693646201,0.5217391304347826,0.08714086246346307,0.7318840579710145,0.7681159420289855,,,{},6139.TW,2018-01-24,2018-01-25
0.06707554840423041,140000,0,0.02173913043478261,0.2173913043478261,1.0,D-1 estimated accounting; fill-day constraints require ledger audit,direct,V4_DIRECT_FROZEN_LINEAR_PORTFOLIO,disabled,2018-01-24,risk_on,0.015236874168223632,0.001399392389327958,0.04989927693646201,0.5217391304347826,0.08714086246346307,0.7318840579710145,0.7681159420289855,,,{},6548.TWO,2018-01-24,2018-01-25
0.07053187518506082,3074000,0,0.04782608695652174,0.4782608695652174,1.0,D-1 estimated accounting; fill-day constraints require ledger audit,direct,V4_DIRECT_FROZEN_LINEAR_PORTFOLIO,disabled,2018-01-24,risk_on,0.015236874168223632,0.001399392389327958,0.04989927693646201,0.5217391304347826,0.08714086246346307,0.7318840579710145,0.7681159420289855,,,{},8415.TWO,2018-01-24,2018-01-25
0.05345071058344921,800000,0,-0.02028985507246377,-0.2028985507246377,1.0,D-1 estimated accounting; fill-day constraints require ledger audit,direct,V4_DIRECT_FROZEN_LINEAR_PORTFOLIO,disabled,2018-01-25,risk_on,0.015379165387665844,0.0023175820289758065,0.04824415961443285,0.5434782608695652,0.0814804187939732,0.6811594202898551,0.7318840579710145,,,{},1216.TW,2018-01-25,2018-01-26
0.05626270119448535,2796000,2796000,0.045652173913043485,0.4565217391304348,1.0,D-1 estimated accounting; fill-day constraints require ledger audit,direct,V4_DIRECT_FROZEN_LINEAR_PORTFOLIO,disabled,2018-01-25,risk_on,0.015379165387665844,0.0023175820289758065,0.04824415961443285,0.5434782608695652,0.0814804187939732,0.6811594202898551,0.7318840579710145,,,{},1519.TW,2018-01-25,2018-01-26
0.04568901584366525,1942000,0,0.0427536231884058,0.427536231884058,1.0,D-1 estimated accounting; fill-day constraints require ledger audit,direct,V4_DIRECT_FROZEN_LINEAR_PORTFOLIO,disabled,2018-01-25,risk_on,0.015379165387665844,0.0023175820289758065,0.04824415961443285,0.5434782608695652,0.0814804187939732,0.6811594202898551,0.7318840579710145,,,{},1785.TWO,2018-01-25,2018-01-26
0.03793159760004076,905000,0,-0.02246376811594203,-0.2246376811594203,1.0,D-1 estimated accounting; fill-day constraints require ledger audit,direct,V4_DIRECT_FROZEN_LINEAR_PORTFOLIO,disabled,2018-01-25,risk_on,0.015379165387665844,0.0023175820289758065,0.04824415961443285,0.5434782608695652,0.0814804187939732,0.6811594202898551,0.7318840579710145,,,{},2301.TW,2018-01-25,2018-01-26
0.030361907818507245,186000,0,0.03695652173913044,0.3695652173913043,1.0,D-1 estimated accounting; fill-day constraints require ledger audit,direct,V4_DIRECT_FROZEN_LINEAR_PORTFOLIO,disabled,2018-01-25,risk_on,0.015379165387665844,0.0023175820289758065,0.04824415961443285,0.5434782608695652,0.0814804187939732,0.6811594202898551,0.7318840579710145,,,{},2360.TW,2018-01-25,2018-01-26
0.04762826106234003,492000,0,0.017391304347826087,0.17391304347826086,1.0,D-1 estimated accounting; fill-day constraints require ledger audit,direct,V4_DIRECT_FROZEN_LINEAR_PORTFOLIO,disabled,2018-01-25,risk_on,0.015379165387665844,0.0023175820289758065,0.04824415961443285,0.5434782608695652,0.0814804187939732,0.6811594202898551,0.7318840579710145,,,{},2383.TW,2018-01-25,2018-01-26
0.06877879053955255,1175000,0,-0.001449275362318836,-0.01449275362318836,1.0,D-1 estimated accounting; fill-day constraints require ledger audit,direct,V4_DIRECT_FROZEN_LINEAR_PORTFOLIO,disabled,2018-01-25,risk_on,0.015379165387665844,0.0023175820289758065,0.04824415961443285,0.5434782608695652,0.0814804187939732,0.6811594202898551,0.7318840579710145,,,{},2404.TW,2018-01-25,2018-01-26
0.06572474052658134,796000,0,-0.008695652173913049,-0.08695652173913049,1.0,D-1 estimated accounting; fill-day constraints require ledger audit,direct,V4_DIRECT_FROZEN_LINEAR_PORTFOLIO,disabled,2018-01-25,risk_on,0.015379165387665844,0.0023175820289758065,0.04824415961443285,0.5434782608695652,0.0814804187939732,0.6811594202898551,0.7318840579710145,,,{},2451.TW,2018-01-25,2018-01-26
0.007495045484931972,26000,0,0.01811594202898551,0.1811594202898551,1.0,D-1 estimated accounting; fill-day constraints require ledger audit,direct,V4_DIRECT_FROZEN_LINEAR_PORTFOLIO,disabled,2018-01-25,risk_on,0.015379165387665844,0.0023175820289758065,0.04824415961443285,0.5434782608695652,0.0814804187939732,0.6811594202898551,0.7318840579710145,,,{},2912.TW,2018-01-25,2018-01-26
0.020955317146842477,695000,0,0.042028985507246375,0.42028985507246375,1.0,D-1 estimated accounting; fill-day constraints require ledger audit,direct,V4_DIRECT_FROZEN_LINEAR_PORTFOLIO,disabled,2018-01-25,risk_on,0.015379165387665844,0.0023175820289758065,0.04824415961443285,0.5434782608695652,0.0814804187939732,0.6811594202898551,0.7318840579710145,,,{},3017.TW,2018-01-25,2018-01-26
0.0,0,-2337000,-0.04420289855072464,-0.44202898550724634,1.0,D-1 estimated accounting; fill-day constraints require ledger audit,direct,V4_DIRECT_FROZEN_LINEAR_PORTFOLIO,disabled,2018-01-25,risk_on,0.015379165387665844,0.0023175820289758065,0.04824415961443285,0.5434782608695652,0.0814804187939732,0.6811594202898551,0.7318840579710145,,,{},3037.TW,2018-01-25,2018-01-26
0.05973001624541196,602000,0,0.0014492753623188415,0.014492753623188415,1.0,D-1 estimated accounting; fill-day constraints require ledger audit,direct,V4_DIRECT_FROZEN_LINEAR_PORTFOLIO,disabled,2018-01-25,risk_on,0.015379165387665844,0.0023175820289758065,0.04824415961443285,0.5434782608695652,0.0814804187939732,0.6811594202898551,0.7318840579710145,,,{},3044.TW,2018-01-25,2018-01-26
0.038435009233175756,359000,0,0.034057971014492754,0.34057971014492755,1.0,D-1 estimated accounting; fill-day constraints require ledger audit,direct,V4_DIRECT_FROZEN_LINEAR_PORTFOLIO,disabled,2018-01-25,risk_on,0.015379165387665844,0.0023175820289758065,0.04824415961443285,0.5434782608695652,0.0814804187939732,0.6811594202898551,0.7318840579710145,,,{},3045.TW,2018-01-25,2018-01-26
0.00676296279863386,180000,0,0.04855072463768116,0.4855072463768116,1.0,D-1 estimated accounting; fill-day constraints require ledger audit,direct,V4_DIRECT_FROZEN_LINEAR_PORTFOLIO,disabled,2018-01-25,risk_on,0.015379165387665844,0.0023175820289758065,0.04824415961443285,0.5434782608695652,0.0814804187939732,0.6811594202898551,0.7318840579710145,,,{},3163.TWO,2018-01-25,2018-01-26
0.025792374479026256,61000,0,0.0,0.0,1.0,D-1 estimated accounting; fill-day constraints require ledger audit,direct,V4_DIRECT_FROZEN_LINEAR_PORTFOLIO,disabled,2018-01-25,risk_on,0.015379165387665844,0.0023175820289758065,0.04824415961443285,0.5434782608695652,0.0814804187939732,0.6811594202898551,0.7318840579710145,,,{},3529.TWO,2018-01-25,2018-01-26
0.019476038248046335,109000,0,0.0463768115942029,0.463768115942029,1.0,D-1 estimated accounting; fill-day constraints require ledger audit,direct,V4_DIRECT_FROZEN_LINEAR_PORTFOLIO,disabled,2018-01-25,risk_on,0.015379165387665844,0.0023175820289758065,0.04824415961443285,0.5434782608695652,0.0814804187939732,0.6811594202898551,0.7318840579710145,,,{},3533.TW,2018-01-25,2018-01-26
0.05700374994375415,212000,0,-0.027536231884057974,-0.2753623188405797,1.0,D-1 estimated accounting; fill-day constraints require ledger audit,direct,V4_DIRECT_FROZEN_LINEAR_PORTFOLIO,disabled,2018-01-25,risk_on,0.015379165387665844,0.0023175820289758065,0.04824415961443285,0.5434782608695652,0.0814804187939732,0.6811594202898551,0.7318840579710145,,,{},3665.TW,2018-01-25,2018-01-26
0.03566549200445065,464000,0,-0.010144927536231885,-0.10144927536231885,1.0,D-1 estimated accounting; fill-day constraints require ledger audit,direct,V4_DIRECT_FROZEN_LINEAR_PORTFOLIO,disabled,2018-01-25,risk_on,0.015379165387665844,0.0023175820289758065,0.04824415961443285,0.5434782608695652,0.0814804187939732,0.6811594202898551,0.7318840579710145,,,{},4938.TW,2018-01-25,2018-01-26
0.07165820885992114,2103000,0,0.007971014492753626,0.07971014492753625,1.0,D-1 estimated accounting; fill-day constraints require ledger audit,direct,V4_DIRECT_FROZEN_LINEAR_PORTFOLIO,disabled,2018-01-25,risk_on,0.015379165387665844,0.0023175820289758065,0.04824415961443285,0.5434782608695652,0.0814804187939732,0.6811594202898551,0.7318840579710145,,,{},4979.TWO,2018-01-25,2018-01-26
0.044790951650177976,220000,0,0.03260869565217391,0.32608695652173914,1.0,D-1 estimated accounting; fill-day constraints require ledger audit,direct,V4_DIRECT_FROZEN_LINEAR_PORTFOLIO,disabled,2018-01-25,risk_on,0.015379165387665844,0.0023175820289758065,0.04824415961443285,0.5434782608695652,0.0814804187939732,0.6811594202898551,0.7318840579710145,,,{},5536.TWO,2018-01-25,2018-01-26
0.023897182030448678,703000,0,0.04710144927536232,0.47101449275362317,1.0,D-1 estimated accounting; fill-day constraints require ledger audit,direct,V4_DIRECT_FROZEN_LINEAR_PORTFOLIO,disabled,2018-01-25,risk_on,0.015379165387665844,0.0023175820289758065,0.04824415961443285,0.5434782608695652,0.0814804187939732,0.6811594202898551,0.7318840579710145,,,{},6139.TW,2018-01-25,2018-01-26
0.06527391035758884,140000,0,0.01666666666666667,0.16666666666666669,1.0,D-1 estimated accounting; fill-day constraints require ledger audit,direct,V4_DIRECT_FROZEN_LINEAR_PORTFOLIO,disabled,2018-01-25,risk_on,0.015379165387665844,0.0023175820289758065,0.04824415961443285,0.5434782608695652,0.0814804187939732,0.6811594202898551,0.7318840579710145,,,{},6548.TWO,2018-01-25,2018-01-26
0.07067097000219959,3074000,0,0.04782608695652174,0.4782608695652174,1.0,D-1 estimated accounting; fill-day constraints require ledger audit,direct,V4_DIRECT_FROZEN_LINEAR_PORTFOLIO,disabled,2018-01-25,risk_on,0.015379165387665844,0.0023175820289758065,0.04824415961443285,0.5434782608695652,0.0814804187939732,0.6811594202898551,0.7318840579710145,,,{},8415.TWO,2018-01-25,2018-01-26
0.052740335147495834,800000,0,-0.014492753623188404,-0.14492753623188404,1.0,D-1 estimated accounting; fill-day constraints require ledger audit,direct,V4_DIRECT_FROZEN_LINEAR_PORTFOLIO,disabled,2018-01-26,risk_on,0.015429996804891287,0.0,0.034374006911164545,0.4927536231884058,0.08091771228044652,0.6739130434782609,0.717391304347826,,,{},1216.TW,2018-01-26,2018-01-29
0.057320754010954524,2796000,0,0.0463768115942029,0.463768115942029,1.0,D-1 estimated accounting; fill-day constraints require ledger audit,direct,V4_DIRECT_FROZEN_LINEAR_PORTFOLIO,disabled,2018-01-26,risk_on,0.015429996804891287,0.0,0.034374006911164545,0.4927536231884058,0.08091771228044652,0.6739130434782609,0.717391304347826,,,{},1519.TW,2018-01-26,2018-01-29
0.044556048285825996,1942000,0,0.03768115942028986,0.37681159420289856,1.0,D-1 estimated accounting; fill-day constraints require ledger audit,direct,V4_DIRECT_FROZEN_LINEAR_PORTFOLIO,disabled,2018-01-26,risk_on,0.015429996804891287,0.0,0.034374006911164545,0.4927536231884058,0.08091771228044652,0.6739130434782609,0.717391304347826,,,{},1785.TWO,2018-01-26,2018-01-29
0.037916088039842984,905000,0,-0.019565217391304346,-0.19565217391304346,1.0,D-1 estimated accounting; fill-day constraints require ledger audit,direct,V4_DIRECT_FROZEN_LINEAR_PORTFOLIO,disabled,2018-01-26,risk_on,0.015429996804891287,0.0,0.034374006911164545,0.4927536231884058,0.08091771228044652,0.6739130434782609,0.717391304347826,,,{},2301.TW,2018-01-26,2018-01-29
0.02976283997628896,186000,0,0.035507246376811595,0.35507246376811596,1.0,D-1 estimated accounting; fill-day constraints require ledger audit,direct,V4_DIRECT_FROZEN_LINEAR_PORTFOLIO,disabled,2018-01-26,risk_on,0.015429996804891287,0.0,0.034374006911164545,0.4927536231884058,0.08091771228044652,0.6739130434782609,0.717391304347826,,,{},2360.TW,2018-01-26,2018-01-29
0.047926881282460074,492000,0,0.036231884057971016,0.36231884057971014,1.0,D-1 estimated accounting; fill-day constraints require ledger audit,direct,V4_DIRECT_FROZEN_LINEAR_PORTFOLIO,disabled,2018-01-26,risk_on,0.015429996804891287,0.0,0.034374006911164545,0.4927536231884058,0.08091771228044652,0.6739130434782609,0.717391304347826,,,{},2383.TW,2018-01-26,2018-01-29
0.06884171167007437,1175000,0,0.006521739130434784,0.06521739130434784,1.0,D-1 estimated accounting; fill-day constraints require ledger audit,direct,V4_DIRECT_FROZEN_LINEAR_PORTFOLIO,disabled,2018-01-26,risk_on,0.015429996804891287,0.0,0.034374006911164545,0.4927536231884058,0.08091771228044652,0.6739130434782609,0.717391304347826,,,{},2404.TW,2018-01-26,2018-01-29
0.06592640719798902,796000,0,-0.011594202898550721,-0.1159420289855072,1.0,D-1 estimated accounting; fill-day constraints require ledger audit,direct,V4_DIRECT_FROZEN_LINEAR_PORTFOLIO,disabled,2018-01-26,risk_on,0.015429996804891287,0.0,0.034374006911164545,0.4927536231884058,0.08091771228044652,0.6739130434782609,0.717391304347826,,,{},2451.TW,2018-01-26,2018-01-29
0.007462244380343628,26000,0,0.013043478260869568,0.13043478260869568,1.0,D-1 estimated accounting; fill-day constraints require ledger audit,direct,V4_DIRECT_FROZEN_LINEAR_PORTFOLIO,disabled,2018-01-26,risk_on,0.015429996804891287,0.0,0.034374006911164545,0.4927536231884058,0.08091771228044652,0.6739130434782609,0.717391304347826,,,{},2912.TW,2018-01-26,2018-01-29
0.021451713749362833,695000,0,-0.001449275362318836,-0.01449275362318836,1.0,D-1 estimated accounting; fill-day constraints require ledger audit,direct,V4_DIRECT_FROZEN_LINEAR_PORTFOLIO,disabled,2018-01-26,risk_on,0.015429996804891287,0.0,0.034374006911164545,0.4927536231884058,0.08091771228044652,0.6739130434782609,0.717391304347826,,,{},3017.TW,2018-01-26,2018-01-29
0.059395863595678444,602000,0,0.004347826086956524,0.043478260869565244,1.0,D-1 estimated accounting; fill-day constraints require ledger audit,direct,V4_DIRECT_FROZEN_LINEAR_PORTFOLIO,disabled,2018-01-26,risk_on,0.015429996804891287,0.0,0.034374006911164545,0.4927536231884058,0.08091771228044652,0.6739130434782609,0.717391304347826,,,{},3044.TW,2018-01-26,2018-01-29
0.03877385205821334,359000,0,0.04057971014492754,0.4057971014492754,1.0,D-1 estimated accounting; fill-day constraints require ledger audit,direct,V4_DIRECT_FROZEN_LINEAR_PORTFOLIO,disabled,2018-01-26,risk_on,0.015429996804891287,0.0,0.034374006911164545,0.4927536231884058,0.08091771228044652,0.6739130434782609,0.717391304347826,,,{},3045.TW,2018-01-26,2018-01-29
0.006712432911394938,180000,0,0.04710144927536232,0.47101449275362317,1.0,D-1 estimated accounting; fill-day constraints require ledger audit,direct,V4_DIRECT_FROZEN_LINEAR_PORTFOLIO,disabled,2018-01-26,risk_on,0.015429996804891287,0.0,0.034374006911164545,0.4927536231884058,0.08091771228044652,0.6739130434782609,0.717391304347826,,,{},3163.TWO,2018-01-26,2018-01-29
0.02593203736921219,61000,0,-0.006521739130434779,-0.06521739130434778,1.0,D-1 estimated accounting; fill-day constraints require ledger audit,direct,V4_DIRECT_FROZEN_LINEAR_PORTFOLIO,disabled,2018-01-26,risk_on,0.015429996804891287,0.0,0.034374006911164545,0.4927536231884058,0.08091771228044652,0.6739130434782609,0.717391304347826,,,{},3529.TWO,2018-01-26,2018-01-29
0.019451956215410637,109000,0,0.045652173913043485,0.4565217391304348,1.0,D-1 estimated accounting; fill-day constraints require ledger audit,direct,V4_DIRECT_FROZEN_LINEAR_PORTFOLIO,disabled,2018-01-26,risk_on,0.015429996804891287,0.0,0.034374006911164545,0.4927536231884058,0.08091771228044652,0.6739130434782609,0.717391304347826,,,{},3533.TW,2018-01-26,2018-01-29
0.0,0,-212000,-0.023188405797101453,-0.23188405797101452,1.0,D-1 estimated accounting; fill-day constraints require ledger audit,direct,V4_DIRECT_FROZEN_LINEAR_PORTFOLIO,disabled,2018-01-26,risk_on,0.015429996804891287,0.0,0.034374006911164545,0.4927536231884058,0.08091771228044652,0.6739130434782609,0.717391304347826,,,{},3665.TW,2018-01-26,2018-01-29
0.03554508500704331,464000,0,-0.009420289855072463,-0.09420289855072461,1.0,D-1 estimated accounting; fill-day constraints require ledger audit,direct,V4_DIRECT_FROZEN_LINEAR_PORTFOLIO,disabled,2018-01-26,risk_on,0.015429996804891287,0.0,0.034374006911164545,0.4927536231884058,0.08091771228044652,0.6739130434782609,0.717391304347826,,,{},4938.TW,2018-01-26,2018-01-29
0.07216815820934,2103000,0,-0.02246376811594203,-0.2246376811594203,1.0,D-1 estimated accounting; fill-day constraints require ledger audit,direct,V4_DIRECT_FROZEN_LINEAR_PORTFOLIO,disabled,2018-01-26,risk_on,0.015429996804891287,0.0,0.034374006911164545,0.4927536231884058,0.08091771228044652,0.6739130434782609,0.717391304347826,,,{},4979.TWO,2018-01-26,2018-01-29
0.04498136766566769,220000,0,0.02681159420289855,0.2681159420289855,1.0,D-1 estimated accounting; fill-day constraints require ledger audit,direct,V4_DIRECT_FROZEN_LINEAR_PORTFOLIO,disabled,2018-01-26,risk_on,0.015429996804891287,0.0,0.034374006911164545,0.4927536231884058,0.08091771228044652,0.6739130434782609,0.717391304347826,,,{},5536.TWO,2018-01-26,2018-01-29
0.02389577508527473,703000,0,0.04782608695652174,0.4782608695652174,1.0,D-1 estimated accounting; fill-day constraints require ledger audit,direct,V4_DIRECT_FROZEN_LINEAR_PORTFOLIO,disabled,2018-01-26,risk_on,0.015429996804891287,0.0,0.034374006911164545,0.4927536231884058,0.08091771228044652,0.6739130434782609,0.717391304347826,,,{},6139.TW,2018-01-26,2018-01-29
0.043464273203044745,643000,643000,0.04492753623188406,0.4492753623188406,1.0,D-1 estimated accounting; fill-day constraints require ledger audit,direct,V4_DIRECT_FROZEN_LINEAR_PORTFOLIO,disabled,2018-01-26,risk_on,0.015429996804891287,0.0,0.034374006911164545,0.4927536231884058,0.08091771228044652,0.6739130434782609,0.717391304347826,,,{},6223.TWO,2018-01-26,2018-01-29
0.0649342881305419,140000,0,0.015942028985507246,0.15942028985507245,1.0,D-1 estimated accounting; fill-day constraints require ledger audit,direct,V4_DIRECT_FROZEN_LINEAR_PORTFOLIO,disabled,2018-01-26,risk_on,0.015429996804891287,0.0,0.034374006911164545,0.4927536231884058,0.08091771228044652,0.6739130434782609,0.717391304347826,,,{},6548.TWO,2018-01-26,2018-01-29
0.07082136230964965,3074000,0,0.04855072463768116,0.4855072463768116,1.0,D-1 estimated accounting; fill-day constraints require ledger audit,direct,V4_DIRECT_FROZEN_LINEAR_PORTFOLIO,disabled,2018-01-26,risk_on,0.015429996804891287,0.0,0.034374006911164545,0.4927536231884058,0.08091771228044652,0.6739130434782609,0.717391304347826,,,{},8415.TWO,2018-01-26,2018-01-29
0.05381589880426567,800000,0,-0.027536231884057974,-0.2753623188405797,1.0,D-1 estimated accounting; fill-day constraints require ledger audit,direct,V4_DIRECT_FROZEN_LINEAR_PORTFOLIO,disabled,2018-01-29,risk_on,0.015698538254182298,-0.002035297431923211,0.034711623681133896,0.463768115942029,0.09101398126570023,0.6884057971014492,0.717391304347826,,,{},1216.TW,2018-01-29,2018-01-30
0.05678116215349682,2796000,0,0.04782608695652174,0.4782608695652174,1.0,D-1 estimated accounting; fill-day constraints require ledger audit,direct,V4_DIRECT_FROZEN_LINEAR_PORTFOLIO,disabled,2018-01-29,risk_on,0.015698538254182298,-0.002035297431923211,0.034711623681133896,0.463768115942029,0.09101398126570023,0.6884057971014492,0.717391304347826,,,{},1519.TW,2018-01-29,2018-01-30
0.04406472658033689,1942000,0,0.0391304347826087,0.391304347826087,1.0,D-1 estimated accounting; fill-day constraints require ledger audit,direct,V4_DIRECT_FROZEN_LINEAR_PORTFOLIO,disabled,2018-01-29,risk_on,0.015698538254182298,-0.002035297431923211,0.034711623681133896,0.463768115942029,0.09101398126570023,0.6884057971014492,0.717391304347826,,,{},1785.TWO,2018-01-29,2018-01-30
0.05575705457397613,2539000,2539000,0.044202898550724644,0.4420289855072464,1.0,D-1 estimated accounting; fill-day constraints require ledger audit,direct,V4_DIRECT_FROZEN_LINEAR_PORTFOLIO,disabled,2018-01-29,risk_on,0.015698538254182298,-0.002035297431923211,0.034711623681133896,0.463768115942029,0.09101398126570023,0.6884057971014492,0.717391304347826,,,{},1815.TWO,2018-01-29,2018-01-30
0.037826841312912994,905000,0,-0.02898550724637681,-0.28985507246376807,1.0,D-1 estimated accounting; fill-day constraints require ledger audit,direct,V4_DIRECT_FROZEN_LINEAR_PORTFOLIO,disabled,2018-01-29,risk_on,0.015698538254182298,-0.002035297431923211,0.034711623681133896,0.463768115942029,0.09101398126570023,0.6884057971014492,0.717391304347826,,,{},2301.TW,2018-01-29,2018-01-30
0.02998610114555865,186000,0,0.035507246376811595,0.35507246376811596,1.0,D-1 estimated accounting; fill-day constraints require ledger audit,direct,V4_DIRECT_FROZEN_LINEAR_PORTFOLIO,disabled,2018-01-29,risk_on,0.015698538254182298,-0.002035297431923211,0.034711623681133896,0.463768115942029,0.09101398126570023,0.6884057971014492,0.717391304347826,,,{},2360.TW,2018-01-29,2018-01-30
0.050956431893311616,492000,0,0.01884057971014493,0.18840579710144928,1.0,D-1 estimated accounting; fill-day constraints require ledger audit,direct,V4_DIRECT_FROZEN_LINEAR_PORTFOLIO,disabled,2018-01-29,risk_on,0.015698538254182298,-0.002035297431923211,0.034711623681133896,0.463768115942029,0.09101398126570023,0.6884057971014492,0.717391304347826,,,{},2383.TW,2018-01-29,2018-01-30
0.0680631524922482,1175000,0,0.02028985507246377,0.2028985507246377,1.0,D-1 estimated accounting; fill-day constraints require ledger audit,direct,V4_DIRECT_FROZEN_LINEAR_PORTFOLIO,disabled,2018-01-29,risk_on,0.015698538254182298,-0.002035297431923211,0.034711623681133896,0.463768115942029,0.09101398126570023,0.6884057971014492,0.717391304347826,,,{},2404.TW,2018-01-29,2018-01-30
0.06561827355222849,796000,0,0.007971014492753626,0.07971014492753625,1.0,D-1 estimated accounting; fill-day constraints require ledger audit,direct,V4_DIRECT_FROZEN_LINEAR_PORTFOLIO,disabled,2018-01-29,risk_on,0.015698538254182298,-0.002035297431923211,0.034711623681133896,0.463768115942029,0.09101398126570023,0.6884057971014492,0.717391304347826,,,{},2451.TW,2018-01-29,2018-01-30
0.007504600886877985,26000,0,-0.009420289855072463,-0.09420289855072461,1.0,D-1 estimated accounting; fill-day constraints require ledger audit,direct,V4_DIRECT_FROZEN_LINEAR_PORTFOLIO,disabled,2018-01-29,risk_on,0.015698538254182298,-0.002035297431923211,0.034711623681133896,0.463768115942029,0.09101398126570023,0.6884057971014492,0.717391304347826,,,{},2912.TW,2018-01-29,2018-01-30
0.020878475346108344,695000,0,-0.01811594202898551,-0.1811594202898551,1.0,D-1 estimated accounting; fill-day constraints require ledger audit,direct,V4_DIRECT_FROZEN_LINEAR_PORTFOLIO,disabled,2018-01-29,risk_on,0.015698538254182298,-0.002035297431923211,0.034711623681133896,0.463768115942029,0.09101398126570023,0.6884057971014492,0.717391304347826,,,{},3017.TW,2018-01-29,2018-01-30
0.059410917697778516,602000,0,0.007246376811594202,0.07246376811594202,1.0,D-1 estimated accounting; fill-day constraints require ledger audit,direct,V4_DIRECT_FROZEN_LINEAR_PORTFOLIO,disabled,2018-01-29,risk_on,0.015698538254182298,-0.002035297431923211,0.034711623681133896,0.463768115942029,0.09101398126570023,0.6884057971014492,0.717391304347826,,,{},3044.TW,2018-01-29,2018-01-30
0.038941881368308215,359000,0,0.03768115942028986,0.37681159420289856,1.0,D-1 estimated accounting; fill-day constraints require ledger audit,direct,V4_DIRECT_FROZEN_LINEAR_PORTFOLIO,disabled,2018-01-29,risk_on,0.015698538254182298,-0.002035297431923211,0.034711623681133896,0.463768115942029,0.09101398126570023,0.6884057971014492,0.717391304347826,,,{},3045.TW,2018-01-29,2018-01-30
0.006698595239342684,180000,0,0.04710144927536232,0.47101449275362317,1.0,D-1 estimated accounting; fill-day constraints require ledger audit,direct,V4_DIRECT_FROZEN_LINEAR_PORTFOLIO,disabled,2018-01-29,risk_on,0.015698538254182298,-0.002035297431923211,0.034711623681133896,0.463768115942029,0.09101398126570023,0.6884057971014492,0.717391304347826,,,{},3163.TWO,2018-01-29,2018-01-30
0.0,0,-61000,-0.03623188405797102,-0.3623188405797102,1.0,D-1 estimated accounting; fill-day constraints require ledger audit,direct,V4_DIRECT_FROZEN_LINEAR_PORTFOLIO,disabled,2018-01-29,risk_on,0.015698538254182298,-0.002035297431923211,0.034711623681133896,0.463768115942029,0.09101398126570023,0.6884057971014492,0.717391304347826,,,{},3529.TWO,2018-01-29,2018-01-30
0.019892936348769482,109000,0,0.045652173913043485,0.4565217391304348,1.0,D-1 estimated accounting; fill-day constraints require ledger audit,direct,V4_DIRECT_FROZEN_LINEAR_PORTFOLIO,disabled,2018-01-29,risk_on,0.015698538254182298,-0.002035297431923211,0.034711623681133896,0.463768115942029,0.09101398126570023,0.6884057971014492,0.717391304347826,,,{},3533.TW,2018-01-29,2018-01-30
0.03542407693303391,464000,0,-0.012318840579710146,-0.12318840579710144,1.0,D-1 estimated accounting; fill-day constraints require ledger audit,direct,V4_DIRECT_FROZEN_LINEAR_PORTFOLIO,disabled,2018-01-29,risk_on,0.015698538254182298,-0.002035297431923211,0.034711623681133896,0.463768115942029,0.09101398126570023,0.6884057971014492,0.717391304347826,,,{},4938.TW,2018-01-29,2018-01-30
0.0729548047988683,2103000,0,-0.034057971014492754,-0.3405797101449275,1.0,D-1 estimated accounting; fill-day constraints require ledger audit,direct,V4_DIRECT_FROZEN_LINEAR_PORTFOLIO,disabled,2018-01-29,risk_on,0.015698538254182298,-0.002035297431923211,0.034711623681133896,0.463768115942029,0.09101398126570023,0.6884057971014492,0.717391304347826,,,{},4979.TWO,2018-01-29,2018-01-30
0.04477112910726282,220000,0,0.019565217391304346,0.19565217391304346,1.0,D-1 estimated accounting; fill-day constraints require ledger audit,direct,V4_DIRECT_FROZEN_LINEAR_PORTFOLIO,disabled,2018-01-29,risk_on,0.015698538254182298,-0.002035297431923211,0.034711623681133896,0.463768115942029,0.09101398126570023,0.6884057971014492,0.717391304347826,,,{},5536.TWO,2018-01-29,2018-01-30
0.024057468873677067,703000,0,0.04855072463768116,0.4855072463768116,1.0,D-1 estimated accounting; fill-day constraints require ledger audit,direct,V4_DIRECT_FROZEN_LINEAR_PORTFOLIO,disabled,2018-01-29,risk_on,0.015698538254182298,-0.002035297431923211,0.034711623681133896,0.463768115942029,0.09101398126570023,0.6884057971014492,0.717391304347826,,,{},6139.TW,2018-01-29,2018-01-30
0.04301106108865292,643000,0,0.04492753623188406,0.4492753623188406,1.0,D-1 estimated accounting; fill-day constraints require ledger audit,direct,V4_DIRECT_FROZEN_LINEAR_PORTFOLIO,disabled,2018-01-29,risk_on,0.015698538254182298,-0.002035297431923211,0.034711623681133896,0.463768115942029,0.09101398126570023,0.6884057971014492,0.717391304347826,,,{},6223.TWO,2018-01-29,2018-01-30
0.06333408084628624,140000,0,0.025362318840579712,0.2536231884057971,1.0,D-1 estimated accounting; fill-day constraints require ledger audit,direct,V4_DIRECT_FROZEN_LINEAR_PORTFOLIO,disabled,2018-01-29,risk_on,0.015698538254182298,-0.002035297431923211,0.034711623681133896,0.463768115942029,0.09101398126570023,0.6884057971014492,0.717391304347826,,,{},6548.TWO,2018-01-29,2018-01-30
0.07019166219328775,3074000,0,0.04927536231884058,0.4927536231884058,1.0,D-1 estimated accounting; fill-day constraints require ledger audit,direct,V4_DIRECT_FROZEN_LINEAR_PORTFOLIO,disabled,2018-01-29,risk_on,0.015698538254182298,-0.002035297431923211,0.034711623681133896,0.463768115942029,0.09101398126570023,0.6884057971014492,0.717391304347826,,,{},8415.TWO,2018-01-29,2018-01-30
0.05476000666822202,800000,0,-0.027536231884057974,-0.2753623188405797,1.0,D-1 estimated accounting; fill-day constraints require ledger audit,direct,V4_DIRECT_FROZEN_LINEAR_PORTFOLIO,disabled,2018-01-30,neutral,0.015651346386399406,-0.00869321217872654,0.021438483565148547,0.36231884057971014,0.08364206058361039,0.5144927536231884,0.6521739130434783,,,{},1216.TW,2018-01-30,2018-01-31
0.057059485948210246,2796000,0,0.04782608695652174,0.4782608695652174,1.0,D-1 estimated accounting; fill-day constraints require ledger audit,direct,V4_DIRECT_FROZEN_LINEAR_PORTFOLIO,disabled,2018-01-30,neutral,0.015651346386399406,-0.00869321217872654,0.021438483565148547,0.36231884057971014,0.08364206058361039,0.5144927536231884,0.6521739130434783,,,{},1519.TW,2018-01-30,2018-01-31
0.04193221732222775,1942000,0,0.03768115942028986,0.37681159420289856,1.0,D-1 estimated accounting; fill-day constraints require ledger audit,direct,V4_DIRECT_FROZEN_LINEAR_PORTFOLIO,disabled,2018-01-30,neutral,0.015651346386399406,-0.00869321217872654,0.021438483565148547,0.36231884057971014,0.08364206058361039,0.5144927536231884,0.6521739130434783,,,{},1785.TWO,2018-01-30,2018-01-31
0.05657171462913608,2539000,0,0.045652173913043485,0.4565217391304348,1.0,D-1 estimated accounting; fill-day constraints require ledger audit,direct,V4_DIRECT_FROZEN_LINEAR_PORTFOLIO,disabled,2018-01-30,neutral,0.015651346386399406,-0.00869321217872654,0.021438483565148547,0.36231884057971014,0.08364206058361039,0.5144927536231884,0.6521739130434783,,,{},1815.TWO,2018-01-30,2018-01-31
0.03793325149120037,905000,0,-0.031159420289855078,-0.3115942028985508,1.0,D-1 estimated accounting; fill-day constraints require ledger audit,direct,V4_DIRECT_FROZEN_LINEAR_PORTFOLIO,disabled,2018-01-30,neutral,0.015651346386399406,-0.00869321217872654,0.021438483565148547,0.36231884057971014,0.08364206058361039,0.5144927536231884,0.6521739130434783,,,{},2301.TW,2018-01-30,2018-01-31
0.03014847643771344,186000,0,0.003623188405797101,0.03623188405797101,1.0,D-1 estimated accounting; fill-day constraints require ledger audit,direct,V4_DIRECT_FROZEN_LINEAR_PORTFOLIO,disabled,2018-01-30,neutral,0.015651346386399406,-0.00869321217872654,0.021438483565148547,0.36231884057971014,0.08364206058361039,0.5144927536231884,0.6521739130434783,,,{},2360.TW,2018-01-30,2018-01-31
0.05000185831733827,492000,0,0.011594202898550727,0.11594202898550726,1.0,D-1 estimated accounting; fill-day constraints require ledger audit,direct,V4_DIRECT_FROZEN_LINEAR_PORTFOLIO,disabled,2018-01-30,neutral,0.015651346386399406,-0.00869321217872654,0.021438483565148547,0.36231884057971014,0.08364206058361039,0.5144927536231884,0.6521739130434783,,,{},2383.TW,2018-01-30,2018-01-31
0.06917348404290097,1175000,0,0.044202898550724644,0.4420289855072464,1.0,D-1 estimated accounting; fill-day constraints require ledger audit,direct,V4_DIRECT_FROZEN_LINEAR_PORTFOLIO,disabled,2018-01-30,neutral,0.015651346386399406,-0.00869321217872654,0.021438483565148547,0.36231884057971014,0.08364206058361039,0.5144927536231884,0.6521739130434783,,,{},2404.TW,2018-01-30,2018-01-31
0.06649850413847846,796000,0,0.007971014492753626,0.07971014492753625,1.0,D-1 estimated accounting; fill-day constraints require ledger audit,direct,V4_DIRECT_FROZEN_LINEAR_PORTFOLIO,disabled,2018-01-30,neutral,0.015651346386399406,-0.00869321217872654,0.021438483565148547,0.36231884057971014,0.08364206058361039,0.5144927536231884,0.6521739130434783,,,{},2451.TW,2018-01-30,2018-01-31
0.007470584676696206,26000,0,-0.015217391304347828,-0.15217391304347827,1.0,D-1 estimated accounting; fill-day constraints require ledger audit,direct,V4_DIRECT_FROZEN_LINEAR_PORTFOLIO,disabled,2018-01-30,neutral,0.015651346386399406,-0.00869321217872654,0.021438483565148547,0.36231884057971014,0.08364206058361039,0.5144927536231884,0.6521739130434783,,,{},2912.TW,2018-01-30,2018-01-31
0.020703642645176774,695000,0,-0.028260869565217395,-0.28260869565217395,1.0,D-1 estimated accounting; fill-day constraints require ledger audit,direct,V4_DIRECT_FROZEN_LINEAR_PORTFOLIO,disabled,2018-01-30,neutral,0.015651346386399406,-0.00869321217872654,0.021438483565148547,0.36231884057971014,0.08364206058361039,0.5144927536231884,0.6521739130434783,,,{},3017.TW,2018-01-30,2018-01-31
0.057012616136707814,602000,0,-0.014492753623188404,-0.14492753623188404,1.0,D-1 estimated accounting; fill-day constraints require ledger audit,direct,V4_DIRECT_FROZEN_LINEAR_PORTFOLIO,disabled,2018-01-30,neutral,0.015651346386399406,-0.00869321217872654,0.021438483565148547,0.36231884057971014,0.08364206058361039,0.5144927536231884,0.6521739130434783,,,{},3044.TW,2018-01-30,2018-01-31
0.03933367808829974,359000,0,0.034782608695652174,0.34782608695652173,1.0,D-1 estimated accounting; fill-day constraints require ledger audit,direct,V4_DIRECT_FROZEN_LINEAR_PORTFOLIO,disabled,2018-01-30,neutral,0.015651346386399406,-0.00869321217872654,0.021438483565148547,0.36231884057971014,0.08364206058361039,0.5144927536231884,0.6521739130434783,,,{},3045.TW,2018-01-30,2018-01-31
0.006743092260726337,180000,0,0.042028985507246375,0.42028985507246375,1.0,D-1 estimated accounting; fill-day constraints require ledger audit,direct,V4_DIRECT_FROZEN_LINEAR_PORTFOLIO,disabled,2018-01-30,neutral,0.015651346386399406,-0.00869321217872654,0.021438483565148547,0.36231884057971014,0.08364206058361039,0.5144927536231884,0.6521739130434783,,,{},3163.TWO,2018-01-30,2018-01-31
0.019589954810770492,109000,0,0.0391304347826087,0.391304347826087,1.0,D-1 estimated accounting; fill-day constraints require ledger audit,direct,V4_DIRECT_FROZEN_LINEAR_PORTFOLIO,disabled,2018-01-30,neutral,0.015651346386399406,-0.00869321217872654,0.021438483565148547,0.36231884057971014,0.08364206058361039,0.5144927536231884,0.6521739130434783,,,{},3533.TW,2018-01-30,2018-01-31
0.036582651791502635,464000,0,-0.034057971014492754,-0.3405797101449275,1.0,D-1 estimated accounting; fill-day constraints require ledger audit,direct,V4_DIRECT_FROZEN_LINEAR_PORTFOLIO,disabled,2018-01-30,neutral,0.015651346386399406,-0.00869321217872654,0.021438483565148547,0.36231884057971014,0.08364206058361039,0.5144927536231884,0.6521739130434783,,,{},4938.TW,2018-01-30,2018-01-31
0.0,0,-2103000,-0.0463768115942029,-0.46376811594202894,1.0,D-1 estimated accounting; fill-day constraints require ledger audit,direct,V4_DIRECT_FROZEN_LINEAR_PORTFOLIO,disabled,2018-01-30,neutral,0.015651346386399406,-0.00869321217872654,0.021438483565148547,0.36231884057971014,0.08364206058361039,0.5144927536231884,0.6521739130434783,,,{},4979.TWO,2018-01-30,2018-01-31
0.026873996651991736,35000,35000,0.04710144927536232,0.47101449275362317,1.0,D-1 estimated accounting; fill-day constraints require ledger audit,direct,V4_DIRECT_FROZEN_LINEAR_PORTFOLIO,disabled,2018-01-30,neutral,0.015651346386399406,-0.00869321217872654,0.021438483565148547,0.36231884057971014,0.08364206058361039,0.5144927536231884,0.6521739130434783,,,{},5274.TWO,2018-01-30,2018-01-31
0.04553394794746168,220000,0,-0.001449275362318836,-0.01449275362318836,1.0,D-1 estimated accounting; fill-day constraints require ledger audit,direct,V4_DIRECT_FROZEN_LINEAR_PORTFOLIO,disabled,2018-01-30,neutral,0.015651346386399406,-0.00869321217872654,0.021438483565148547,0.36231884057971014,0.08364206058361039,0.5144927536231884,0.6521739130434783,,,{},5536.TWO,2018-01-30,2018-01-31
0.023923564196058112,703000,0,0.04855072463768116,0.4855072463768116,1.0,D-1 estimated accounting; fill-day constraints require ledger audit,direct,V4_DIRECT_FROZEN_LINEAR_PORTFOLIO,disabled,2018-01-30,neutral,0.015651346386399406,-0.00869321217872654,0.021438483565148547,0.36231884057971014,0.08364206058361039,0.5144927536231884,0.6521739130434783,,,{},6139.TW,2018-01-30,2018-01-31
0.04357606137359683,643000,0,0.04492753623188406,0.4492753623188406,1.0,D-1 estimated accounting; fill-day constraints require ledger audit,direct,V4_DIRECT_FROZEN_LINEAR_PORTFOLIO,disabled,2018-01-30,neutral,0.015651346386399406,-0.00869321217872654,0.021438483565148547,0.36231884057971014,0.08364206058361039,0.5144927536231884,0.6521739130434783,,,{},6223.TWO,2018-01-30,2018-01-31
0.06315152646346121,140000,0,0.030434782608695657,0.30434782608695654,1.0,D-1 estimated accounting; fill-day constraints require ledger audit,direct,V4_DIRECT_FROZEN_LINEAR_PORTFOLIO,disabled,2018-01-30,neutral,0.015651346386399406,-0.00869321217872654,0.021438483565148547,0.36231884057971014,0.08364206058361039,0.5144927536231884,0.6521739130434783,,,{},6548.TWO,2018-01-30,2018-01-31
0.07076264664751722,3074000,0,0.04927536231884058,0.4927536231884058,1.0,D-1 estimated accounting; fill-day constraints require ledger audit,direct,V4_DIRECT_FROZEN_LINEAR_PORTFOLIO,disabled,2018-01-30,neutral,0.015651346386399406,-0.00869321217872654,0.021438483565148547,0.36231884057971014,0.08364206058361039,0.5144927536231884,0.6521739130434783,,,{},8415.TWO,2018-01-30,2018-01-31
0.055014579770294156,800000,0,-0.030434782608695657,-0.30434782608695654,1.0,D-1 estimated accounting; fill-day constraints require ledger audit,direct,V4_DIRECT_FROZEN_LINEAR_PORTFOLIO,disabled,2018-01-31,neutral,0.015187490168393039,-0.004139570896936562,0.014408727371805652,0.41304347826086957,0.07892968228746484,0.5434782608695652,0.6666666666666666,,,{},1216.TW,2018-01-31,2018-02-01
0.05765706645632515,2796000,0,0.04710144927536232,0.47101449275362317,1.0,D-1 estimated accounting; fill-day constraints require ledger audit,direct,V4_DIRECT_FROZEN_LINEAR_PORTFOLIO,disabled,2018-01-31,neutral,0.015187490168393039,-0.004139570896936562,0.014408727371805652,0.41304347826086957,0.07892968228746484,0.5434782608695652,0.6666666666666666,,,{},1519.TW,2018-01-31,2018-02-01
0.04281498502766538,1942000,0,0.034057971014492754,0.34057971014492755,1.0,D-1 estimated accounting; fill-day constraints require ledger audit,direct,V4_DIRECT_FROZEN_LINEAR_PORTFOLIO,disabled,2018-01-31,neutral,0.015187490168393039,-0.004139570896936562,0.014408727371805652,0.41304347826086957,0.07892968228746484,0.5434782608695652,0.6666666666666666,,,{},1785.TWO,2018-01-31,2018-02-01
0.05921479836723874,2539000,0,0.04057971014492754,0.4057971014492754,1.0,D-1 estimated accounting; fill-day constraints require ledger audit,direct,V4_DIRECT_FROZEN_LINEAR_PORTFOLIO,disabled,2018-01-31,neutral,0.015187490168393039,-0.004139570896936562,0.014408727371805652,0.41304347826086957,0.07892968228746484,0.5434782608695652,0.6666666666666666,,,{},1815.TWO,2018-01-31,2018-02-01
0.03804964834174459,905000,0,-0.03768115942028986,-0.37681159420289856,1.0,D-1 estimated accounting; fill-day constraints require ledger audit,direct,V4_DIRECT_FROZEN_LINEAR_PORTFOLIO,disabled,2018-01-31,neutral,0.015187490168393039,-0.004139570896936562,0.014408727371805652,0.41304347826086957,0.07892968228746484,0.5434782608695652,0.6666666666666666,,,{},2301.TW,2018-01-31,2018-02-01
0.030395223969100327,186000,0,0.0014492753623188415,0.014492753623188415,1.0,D-1 estimated accounting; fill-day constraints require ledger audit,direct,V4_DIRECT_FROZEN_LINEAR_PORTFOLIO,disabled,2018-01-31,neutral,0.015187490168393039,-0.004139570896936562,0.014408727371805652,0.41304347826086957,0.07892968228746484,0.5434782608695652,0.6666666666666666,,,{},2360.TW,2018-01-31,2018-02-01
0.04956196582545127,492000,0,0.013768115942028987,0.13768115942028986,1.0,D-1 estimated accounting; fill-day constraints require ledger audit,direct,V4_DIRECT_FROZEN_LINEAR_PORTFOLIO,disabled,2018-01-31,neutral,0.015187490168393039,-0.004139570896936562,0.014408727371805652,0.41304347826086957,0.07892968228746484,0.5434782608695652,0.6666666666666666,,,{},2383.TW,2018-01-31,2018-02-01
0.06843775433630517,1175000,0,0.03985507246376812,0.39855072463768115,1.0,D-1 estimated accounting; fill-day constraints require ledger audit,direct,V4_DIRECT_FROZEN_LINEAR_PORTFOLIO,disabled,2018-01-31,neutral,0.015187490168393039,-0.004139570896936562,0.014408727371805652,0.41304347826086957,0.07892968228746484,0.5434782608695652,0.6666666666666666,,,{},2404.TW,2018-01-31,2018-02-01
0.06592221304447955,796000,0,0.002898550724637683,0.02898550724637683,1.0,D-1 estimated accounting; fill-day constraints require ledger audit,direct,V4_DIRECT_FROZEN_LINEAR_PORTFOLIO,disabled,2018-01-31,neutral,0.015187490168393039,-0.004139570896936562,0.014408727371805652,0.41304347826086957,0.07892968228746484,0.5434782608695652,0.6666666666666666,,,{},2451.TW,2018-01-31,2018-02-01
0.06502527461825228,3839000,3839000,0.045652173913043485,0.4565217391304348,1.0,D-1 estimated accounting; fill-day constraints require ledger audit,direct,V4_DIRECT_FROZEN_LINEAR_PORTFOLIO,disabled,2018-01-31,neutral,0.015187490168393039,-0.004139570896936562,0.014408727371805652,0.41304347826086957,0.07892968228746484,0.5434782608695652,0.6666666666666666,,,{},2603.TW,2018-01-31,2018-02-01
0.00750602687586047,26000,0,-0.018840579710144925,-0.18840579710144922,1.0,D-1 estimated accounting; fill-day constraints require ledger audit,direct,V4_DIRECT_FROZEN_LINEAR_PORTFOLIO,disabled,2018-01-31,neutral,0.015187490168393039,-0.004139570896936562,0.014408727371805652,0.41304347826086957,0.07892968228746484,0.5434782608695652,0.6666666666666666,,,{},2912.TW,2018-01-31,2018-02-01
0.0,0,-695000,-0.04057971014492754,-0.4057971014492754,1.0,D-1 estimated accounting; fill-day constraints require ledger audit,direct,V4_DIRECT_FROZEN_LINEAR_PORTFOLIO,disabled,2018-01-31,neutral,0.015187490168393039,-0.004139570896936562,0.014408727371805652,0.41304347826086957,0.07892968228746484,0.5434782608695652,0.6666666666666666,,,{},3017.TW,2018-01-31,2018-02-01
0.05560365352530757,602000,0,-0.034782608695652174,-0.34782608695652173,1.0,D-1 estimated accounting; fill-day constraints require ledger audit,direct,V4_DIRECT_FROZEN_LINEAR_PORTFOLIO,disabled,2018-01-31,neutral,0.015187490168393039,-0.004139570896936562,0.014408727371805652,0.41304347826086957,0.07892968228746484,0.5434782608695652,0.6666666666666666,,,{},3044.TW,2018-01-31,2018-02-01
0.039354299440660545,359000,0,0.02246376811594203,0.2246376811594203,1.0,D-1 estimated accounting; fill-day constraints require ledger audit,direct,V4_DIRECT_FROZEN_LINEAR_PORTFOLIO,disabled,2018-01-31,neutral,0.015187490168393039,-0.004139570896936562,0.014408727371805652,0.41304347826086957,0.07892968228746484,0.5434782608695652,0.6666666666666666,,,{},3045.TW,2018-01-31,2018-02-01
0.006769537413654952,180000,0,0.034782608695652174,0.34782608695652173,1.0,D-1 estimated accounting; fill-day constraints require ledger audit,direct,V4_DIRECT_FROZEN_LINEAR_PORTFOLIO,disabled,2018-01-31,neutral,0.015187490168393039,-0.004139570896936562,0.014408727371805652,0.41304347826086957,0.07892968228746484,0.5434782608695652,0.6666666666666666,,,{},3163.TWO,2018-01-31,2018-02-01
0.019082307951465687,109000,0,0.031159420289855074,0.3115942028985507,1.0,D-1 estimated accounting; fill-day constraints require ledger audit,direct,V4_DIRECT_FROZEN_LINEAR_PORTFOLIO,disabled,2018-01-31,neutral,0.015187490168393039,-0.004139570896936562,0.014408727371805652,0.41304347826086957,0.07892968228746484,0.5434782608695652,0.6666666666666666,,,{},3533.TW,2018-01-31,2018-02-01
0.03602725996182438,464000,0,-0.02681159420289855,-0.2681159420289855,1.0,D-1 estimated accounting; fill-day constraints require ledger audit,direct,V4_DIRECT_FROZEN_LINEAR_PORTFOLIO,disabled,2018-01-31,neutral,0.015187490168393039,-0.004139570896936562,0.014408727371805652,0.41304347826086957,0.07892968228746484,0.5434782608695652,0.6666666666666666,,,{},4938.TW,2018-01-31,2018-02-01
0.026697804366799482,35000,0,0.0463768115942029,0.463768115942029,1.0,D-1 estimated accounting; fill-day constraints require ledger audit,direct,V4_DIRECT_FROZEN_LINEAR_PORTFOLIO,disabled,2018-01-31,neutral,0.015187490168393039,-0.004139570896936562,0.014408727371805652,0.41304347826086957,0.07892968228746484,0.5434782608695652,0.6666666666666666,,,{},5274.TWO,2018-01-31,2018-02-01
0.04492055553074144,220000,0,-0.015942028985507253,-0.1594202898550725,1.0,D-1 estimated accounting; fill-day constraints require ledger audit,direct,V4_DIRECT_FROZEN_LINEAR_PORTFOLIO,disabled,2018-01-31,neutral,0.015187490168393039,-0.004139570896936562,0.014408727371805652,0.41304347826086957,0.07892968228746484,0.5434782608695652,0.6666666666666666,,,{},5536.TWO,2018-01-31,2018-02-01
0.023966907528036895,703000,0,0.04855072463768116,0.4855072463768116,1.0,D-1 estimated accounting; fill-day constraints require ledger audit,direct,V4_DIRECT_FROZEN_LINEAR_PORTFOLIO,disabled,2018-01-31,neutral,0.015187490168393039,-0.004139570896936562,0.014408727371805652,0.41304347826086957,0.07892968228746484,0.5434782608695652,0.6666666666666666,,,{},6139.TW,2018-01-31,2018-02-01
0.04365610871560515,643000,0,0.044202898550724644,0.4420289855072464,1.0,D-1 estimated accounting; fill-day constraints require ledger audit,direct,V4_DIRECT_FROZEN_LINEAR_PORTFOLIO,disabled,2018-01-31,neutral,0.015187490168393039,-0.004139570896936562,0.014408727371805652,0.41304347826086957,0.07892968228746484,0.5434782608695652,0.6666666666666666,,,{},6223.TWO,2018-01-31,2018-02-01
0.06262541268506742,140000,0,0.04492753623188406,0.4492753623188406,1.0,D-1 estimated accounting; fill-day constraints require ledger audit,direct,V4_DIRECT_FROZEN_LINEAR_PORTFOLIO,disabled,2018-01-31,neutral,0.015187490168393039,-0.004139570896936562,0.014408727371805652,0.41304347826086957,0.07892968228746484,0.5434782608695652,0.6666666666666666,,,{},6548.TWO,2018-01-31,2018-02-01
0.070029480711831,3074000,0,0.04782608695652174,0.4782608695652174,1.0,D-1 estimated accounting; fill-day constraints require ledger audit,direct,V4_DIRECT_FROZEN_LINEAR_PORTFOLIO,disabled,2018-01-31,neutral,0.015187490168393039,-0.004139570896936562,0.014408727371805652,0.41304347826086957,0.07892968228746484,0.5434782608695652,0.6666666666666666,,,{},8415.TWO,2018-01-31,2018-02-01
0.030113035608777112,810000,810000,0.044202898550724644,0.4420289855072464,1.0,D-1 estimated accounting; fill-day constraints require ledger audit,direct,V4_DIRECT_FROZEN_LINEAR_PORTFOLIO,disabled,2018-02-01,neutral,0.015275782451915899,-0.006105737604610029,0.013203457590732603,0.37681159420289856,0.06808913845575773,0.5869565217391305,0.7101449275362319,,,{},1101.TW,2018-02-01,2018-02-02
0.05516694948195675,800000,0,-0.034782608695652174,-0.34782608695652173,1.0,D-1 estimated accounting; fill-day constraints require ledger audit,direct,V4_DIRECT_FROZEN_LINEAR_PORTFOLIO,disabled,2018-02-01,neutral,0.015275782451915899,-0.006105737604610029,0.013203457590732603,0.37681159420289856,0.06808913845575773,0.5869565217391305,0.7101449275362319,,,{},1216.TW,2018-02-01,2018-02-02
0.05839245512486454,2796000,0,0.04710144927536232,0.47101449275362317,1.0,D-1 estimated accounting; fill-day constraints require ledger audit,direct,V4_DIRECT_FROZEN_LINEAR_PORTFOLIO,disabled,2018-02-01,neutral,0.015275782451915899,-0.006105737604610029,0.013203457590732603,0.37681159420289856,0.06808913845575773,0.5869565217391305,0.7101449275362319,,,{},1519.TW,2018-02-01,2018-02-02
0.04189343939752132,1942000,0,0.034782608695652174,0.34782608695652173,1.0,D-1 estimated accounting; fill-day constraints require ledger audit,direct,V4_DIRECT_FROZEN_LINEAR_PORTFOLIO,disabled,2018-02-01,neutral,0.015275782451915899,-0.006105737604610029,0.013203457590732603,0.37681159420289856,0.06808913845575773,0.5869565217391305,0.7101449275362319,,,{},1785.TWO,2018-02-01,2018-02-02
0.057880661106531534,2539000,0,0.028260869565217395,0.28260869565217395,1.0,D-1 estimated accounting; fill-day constraints require ledger audit,direct,V4_DIRECT_FROZEN_LINEAR_PORTFOLIO,disabled,2018-02-01,neutral,0.015275782451915899,-0.006105737604610029,0.013203457590732603,0.37681159420289856,0.06808913845575773,0.5869565217391305,0.7101449275362319,,,{},1815.TWO,2018-02-01,2018-02-02
0.03714892283423341,905000,0,-0.023913043478260867,-0.23913043478260865,1.0,D-1 estimated accounting; fill-day constraints require ledger audit,direct,V4_DIRECT_FROZEN_LINEAR_PORTFOLIO,disabled,2018-02-01,neutral,0.015275782451915899,-0.006105737604610029,0.013203457590732603,0.37681159420289856,0.06808913845575773,0.5869565217391305,0.7101449275362319,,,{},2301.TW,2018-02-01,2018-02-02
0.03053216606424477,186000,0,-0.007246376811594202,-0.07246376811594202,1.0,D-1 estimated accounting; fill-day constraints require ledger audit,direct,V4_DIRECT_FROZEN_LINEAR_PORTFOLIO,disabled,2018-02-01,neutral,0.015275782451915899,-0.006105737604610029,0.013203457590732603,0.37681159420289856,0.06808913845575773,0.5869565217391305,0.7101449275362319,,,{},2360.TW,2018-02-01,2018-02-02
0.051901153202352154,492000,0,-0.017391304347826087,-0.17391304347826086,1.0,D-1 estimated accounting; fill-day constraints require ledger audit,direct,V4_DIRECT_FROZEN_LINEAR_PORTFOLIO,disabled,2018-02-01,neutral,0.015275782451915899,-0.006105737604610029,0.013203457590732603,0.37681159420289856,0.06808913845575773,0.5869565217391305,0.7101449275362319,,,{},2383.TW,2018-02-01,2018-02-02
0.06891061502526784,1175000,0,0.03840579710144928,0.38405797101449274,1.0,D-1 estimated accounting; fill-day constraints require ledger audit,direct,V4_DIRECT_FROZEN_LINEAR_PORTFOLIO,disabled,2018-02-01,neutral,0.015275782451915899,-0.006105737604610029,0.013203457590732603,0.37681159420289856,0.06808913845575773,0.5869565217391305,0.7101449275362319,,,{},2404.TW,2018-02-01,2018-02-02
0.06597885851341112,796000,0,0.007971014492753626,0.07971014492753625,1.0,D-1 estimated accounting; fill-day constraints require ledger audit,direct,V4_DIRECT_FROZEN_LINEAR_PORTFOLIO,disabled,2018-02-01,neutral,0.015275782451915899,-0.006105737604610029,0.013203457590732603,0.37681159420289856,0.06808913845575773,0.5869565217391305,0.7101449275362319,,,{},2451.TW,2018-02-01,2018-02-02
0.06455072209477782,3839000,0,0.045652173913043485,0.4565217391304348,1.0,D-1 estimated accounting; fill-day constraints require ledger audit,direct,V4_DIRECT_FROZEN_LINEAR_PORTFOLIO,disabled,2018-02-01,neutral,0.015275782451915899,-0.006105737604610029,0.013203457590732603,0.37681159420289856,0.06808913845575773,0.5869565217391305,0.7101449275362319,,,{},2603.TW,2018-02-01,2018-02-02
0.007572630068702534,26000,0,-0.021014492753623194,-0.21014492753623193,1.0,D-1 estimated accounting; fill-day constraints require ledger audit,direct,V4_DIRECT_FROZEN_LINEAR_PORTFOLIO,disabled,2018-02-01,neutral,0.015275782451915899,-0.006105737604610029,0.013203457590732603,0.37681159420289856,0.06808913845575773,0.5869565217391305,0.7101449275362319,,,{},2912.TW,2018-02-01,2018-02-02
0.0,0,-602000,-0.04420289855072464,-0.44202898550724634,1.0,D-1 estimated accounting; fill-day constraints require ledger audit,direct,V4_DIRECT_FROZEN_LINEAR_PORTFOLIO,disabled,2018-02-01,neutral,0.015275782451915899,-0.006105737604610029,0.013203457590732603,0.37681159420289856,0.06808913845575773,0.5869565217391305,0.7101449275362319,,,{},3044.TW,2018-02-01,2018-02-02
0.039294889392069585,359000,0,0.009420289855072463,0.09420289855072461,1.0,D-1 estimated accounting; fill-day constraints require ledger audit,direct,V4_DIRECT_FROZEN_LINEAR_PORTFOLIO,disabled,2018-02-01,neutral,0.015275782451915899,-0.006105737604610029,0.013203457590732603,0.37681159420289856,0.06808913845575773,0.5869565217391305,0.7101449275362319,,,{},3045.TW,2018-02-01,2018-02-02
0.006759317982680454,180000,0,0.03333333333333334,0.33333333333333337,1.0,D-1 estimated accounting; fill-day constraints require ledger audit,direct,V4_DIRECT_FROZEN_LINEAR_PORTFOLIO,disabled,2018-02-01,neutral,0.015275782451915899,-0.006105737604610029,0.013203457590732603,0.37681159420289856,0.06808913845575773,0.5869565217391305,0.7101449275362319,,,{},3163.TWO,2018-02-01,2018-02-02
0.01948287558081638,109000,0,0.01884057971014493,0.18840579710144928,1.0,D-1 estimated accounting; fill-day constraints require ledger audit,direct,V4_DIRECT_FROZEN_LINEAR_PORTFOLIO,disabled,2018-02-01,neutral,0.015275782451915899,-0.006105737604610029,0.013203457590732603,0.37681159420289856,0.06808913845575773,0.5869565217391305,0.7101449275362319,,,{},3533.TW,2018-02-01,2018-02-02
0.03506216684711469,464000,0,-0.03188405797101449,-0.3188405797101449,1.0,D-1 estimated accounting; fill-day constraints require ledger audit,direct,V4_DIRECT_FROZEN_LINEAR_PORTFOLIO,disabled,2018-02-01,neutral,0.015275782451915899,-0.006105737604610029,0.013203457590732603,0.37681159420289856,0.06808913845575773,0.5869565217391305,0.7101449275362319,,,{},4938.TW,2018-02-01,2018-02-02
0.026657500819861873,35000,0,0.0463768115942029,0.463768115942029,1.0,D-1 estimated accounting; fill-day constraints require ledger audit,direct,V4_DIRECT_FROZEN_LINEAR_PORTFOLIO,disabled,2018-02-01,neutral,0.015275782451915899,-0.006105737604610029,0.013203457590732603,0.37681159420289856,0.06808913845575773,0.5869565217391305,0.7101449275362319,,,{},5274.TWO,2018-02-01,2018-02-02
0.04582545262844347,220000,0,-0.023188405797101453,-0.23188405797101452,1.0,D-1 estimated accounting; fill-day constraints require ledger audit,direct,V4_DIRECT_FROZEN_LINEAR_PORTFOLIO,disabled,2018-02-01,neutral,0.015275782451915899,-0.006105737604610029,0.013203457590732603,0.37681159420289856,0.06808913845575773,0.5869565217391305,0.7101449275362319,,,{},5536.TWO,2018-02-01,2018-02-02
0.023999691228319582,703000,0,0.04782608695652174,0.4782608695652174,1.0,D-1 estimated accounting; fill-day constraints require ledger audit,direct,V4_DIRECT_FROZEN_LINEAR_PORTFOLIO,disabled,2018-02-01,neutral,0.015275782451915899,-0.006105737604610029,0.013203457590732603,0.37681159420289856,0.06808913845575773,0.5869565217391305,0.7101449275362319,,,{},6139.TW,2018-02-01,2018-02-02
0.04371637013887292,643000,0,0.043478260869565216,0.43478260869565216,1.0,D-1 estimated accounting; fill-day constraints require ledger audit,direct,V4_DIRECT_FROZEN_LINEAR_PORTFOLIO,disabled,2018-02-01,neutral,0.015275782451915899,-0.006105737604610029,0.013203457590732603,0.37681159420289856,0.06808913845575773,0.5869565217391305,0.7101449275362319,,,{},6223.TWO,2018-02-01,2018-02-02
0.06197993929819317,140000,0,0.04492753623188406,0.4492753623188406,1.0,D-1 estimated accounting; fill-day constraints require ledger audit,direct,V4_DIRECT_FROZEN_LINEAR_PORTFOLIO,disabled,2018-02-01,neutral,0.015275782451915899,-0.006105737604610029,0.013203457590732603,0.37681159420289856,0.06808913845575773,0.5869565217391305,0.7101449275362319,,,{},6548.TWO,2018-02-01,2018-02-02
0.06992376278746132,3074000,0,0.04855072463768116,0.4855072463768116,1.0,D-1 estimated accounting; fill-day constraints require ledger audit,direct,V4_DIRECT_FROZEN_LINEAR_PORTFOLIO,disabled,2018-02-01,neutral,0.015275782451915899,-0.006105737604610029,0.013203457590732603,0.37681159420289856,0.06808913845575773,0.5869565217391305,0.7101449275362319,,,{},8415.TWO,2018-02-01,2018-02-02
