target_weight,target_shares,order_shares,expected_return,score,confidence,reason,family,model_ensemble_id,regime,observed_date,prior_regime,market_volatility,median_R5,median_R20,breadth,dispersion,above_EMA20,above_EMA50,model_train_end,latest_label_end,expert_weights,symbol,signal_date,decision_date
0.0412867,2268000,2268000,0.038461538461538464,0.9425641025641026,1.0,D-1 estimated accounting; fill-day constraints require ledger audit,momentum,V4_MOMENTUM_full,disabled,2013-12-31,risk_on,0.013861522160882862,0.01987838026328692,0.029345506481311512,0.8153846153846154,0.0695043208505033,0.8538461538461538,0.8461538461538461,,,{},1519.TW,2013-12-31,2014-01-02
0.0412965,1529000,1529000,0.04538461538461539,1.0276923076923077,1.0,D-1 estimated accounting; fill-day constraints require ledger audit,momentum,V4_MOMENTUM_full,disabled,2013-12-31,risk_on,0.013861522160882862,0.01987838026328692,0.029345506481311512,0.8153846153846154,0.0695043208505033,0.8538461538461538,0.8461538461538461,,,{},2002.TW,2013-12-31,2014-01-02
0.041032,111000,111000,0.04230769230769232,0.9958974358974358,1.0,D-1 estimated accounting; fill-day constraints require ledger audit,momentum,V4_MOMENTUM_full,disabled,2013-12-31,risk_on,0.013861522160882862,0.01987838026328692,0.029345506481311512,0.8153846153846154,0.0695043208505033,0.8538461538461538,0.8461538461538461,,,{},2207.TW,2013-12-31,2014-01-02
0.041284,5160000,5160000,0.03384615384615385,0.9000000000000001,1.0,D-1 estimated accounting; fill-day constraints require ledger audit,momentum,V4_MOMENTUM_full,disabled,2013-12-31,risk_on,0.013861522160882862,0.01987838026328692,0.029345506481311512,0.8153846153846154,0.0695043208505033,0.8538461538461538,0.8461538461538461,,,{},2344.TW,2013-12-31,2014-01-02
0.04126925,872000,872000,0.04384615384615385,1.0025641025641026,1.0,D-1 estimated accounting; fill-day constraints require ledger audit,momentum,V4_MOMENTUM_full,disabled,2013-12-31,risk_on,0.013861522160882862,0.01987838026328692,0.029345506481311512,0.8153846153846154,0.0695043208505033,0.8538461538461538,0.8461538461538461,,,{},2347.TW,2013-12-31,2014-01-02
0.0412884,5734000,5734000,0.039230769230769236,0.9471794871794872,1.0,D-1 estimated accounting; fill-day constraints require ledger audit,momentum,V4_MOMENTUM_full,disabled,2013-12-31,risk_on,0.013861522160882862,0.01987838026328692,0.029345506481311512,0.8153846153846154,0.0695043208505033,0.8538461538461538,0.8461538461538461,,,{},2368.TW,2013-12-31,2014-01-02
0.04124,515000,515000,0.03615384615384616,0.9174358974358976,1.0,D-1 estimated accounting; fill-day constraints require ledger audit,momentum,V4_MOMENTUM_full,disabled,2013-12-31,risk_on,0.013861522160882862,0.01987838026328692,0.029345506481311512,0.8153846153846154,0.0695043208505033,0.8538461538461538,0.8461538461538461,,,{},2379.TW,2013-12-31,2014-01-02
0.04119675,199000,199000,0.046153846153846156,1.0343589743589743,1.0,D-1 estimated accounting; fill-day constraints require ledger audit,momentum,V4_MOMENTUM_full,disabled,2013-12-31,risk_on,0.013861522160882862,0.01987838026328692,0.029345506481311512,0.8153846153846154,0.0695043208505033,0.8538461538461538,0.8461538461538461,,,{},2395.TW,2013-12-31,2014-01-02
0.041278325,2018000,2018000,0.047692307692307694,1.0702564102564103,1.0,D-1 estimated accounting; fill-day constraints require ledger audit,momentum,V4_MOMENTUM_full,disabled,2013-12-31,risk_on,0.013861522160882862,0.01987838026328692,0.029345506481311512,0.8153846153846154,0.0695043208505033,0.8538461538461538,0.8461538461538461,,,{},2449.TW,2013-12-31,2014-01-02
0.041285025,2959000,2959000,0.04000000000000001,0.9805128205128204,1.0,D-1 estimated accounting; fill-day constraints require ledger audit,momentum,V4_MOMENTUM_full,disabled,2013-12-31,risk_on,0.013861522160882862,0.01987838026328692,0.029345506481311512,0.8153846153846154,0.0695043208505033,0.8538461538461538,0.8461538461538461,,,{},2609.TW,2013-12-31,2014-01-02
0.041229625,854000,854000,0.03538461538461538,0.9148717948717949,1.0,D-1 estimated accounting; fill-day constraints require ledger audit,momentum,V4_MOMENTUM_full,disabled,2013-12-31,risk_on,0.013861522160882862,0.01987838026328692,0.029345506481311512,0.8153846153846154,0.0695043208505033,0.8538461538461538,0.8461538461538461,,,{},2882.TW,2013-12-31,2014-01-02
0.0412693,2318000,2318000,0.04846153846153847,1.082051282051282,1.0,D-1 estimated accounting; fill-day constraints require ledger audit,momentum,V4_MOMENTUM_full,disabled,2013-12-31,risk_on,0.013861522160882862,0.01987838026328692,0.029345506481311512,0.8153846153846154,0.0695043208505033,0.8538461538461538,0.8461538461538461,,,{},2885.TW,2013-12-31,2014-01-02
0.04128005,2033000,2033000,0.04692307692307693,1.0625641025641026,1.0,D-1 estimated accounting; fill-day constraints require ledger audit,momentum,V4_MOMENTUM_full,disabled,2013-12-31,risk_on,0.013861522160882862,0.01987838026328692,0.029345506481311512,0.8153846153846154,0.0695043208505033,0.8538461538461538,0.8461538461538461,,,{},3017.TW,2013-12-31,2014-01-02
0.041278125,1487000,1487000,0.03461538461538462,0.9015384615384615,1.0,D-1 estimated accounting; fill-day constraints require ledger audit,momentum,V4_MOMENTUM_full,disabled,2013-12-31,risk_on,0.013861522160882862,0.01987838026328692,0.029345506481311512,0.8153846153846154,0.0695043208505033,0.8538461538461538,0.8461538461538461,,,{},3105.TWO,2013-12-31,2014-01-02
0.04125525,410000,410000,0.04153846153846154,0.9876923076923076,1.0,D-1 estimated accounting; fill-day constraints require ledger audit,momentum,V4_MOMENTUM_full,disabled,2013-12-31,risk_on,0.013861522160882862,0.01987838026328692,0.029345506481311512,0.8153846153846154,0.0695043208505033,0.8538461538461538,0.8461538461538461,,,{},3163.TWO,2013-12-31,2014-01-02
0.041283,764000,764000,0.04307692307692308,0.9979487179487179,1.0,D-1 estimated accounting; fill-day constraints require ledger audit,momentum,V4_MOMENTUM_full,disabled,2013-12-31,risk_on,0.013861522160882862,0.01987838026328692,0.029345506481311512,0.8153846153846154,0.0695043208505033,0.8538461538461538,0.8461538461538461,,,{},3680.TWO,2013-12-31,2014-01-02
0.0411245,176000,176000,0.04923076923076924,1.1384615384615384,1.0,D-1 estimated accounting; fill-day constraints require ledger audit,momentum,V4_MOMENTUM_full,disabled,2013-12-31,risk_on,0.013861522160882862,0.01987838026328692,0.029345506481311512,0.8153846153846154,0.0695043208505033,0.8538461538461538,0.8461538461538461,,,{},4966.TWO,2013-12-31,2014-01-02
0.041302325,935000,935000,0.04461538461538461,1.023076923076923,1.0,D-1 estimated accounting; fill-day constraints require ledger audit,momentum,V4_MOMENTUM_full,disabled,2013-12-31,risk_on,0.013861522160882862,0.01987838026328692,0.029345506481311512,0.8153846153846154,0.0695043208505033,0.8538461538461538,0.8461538461538461,,,{},4979.TWO,2013-12-31,2014-01-02
0.04124445,813000,813000,0.05,1.1456410256410257,1.0,D-1 estimated accounting; fill-day constraints require ledger audit,momentum,V4_MOMENTUM_full,disabled,2013-12-31,risk_on,0.013861522160882862,0.01987838026328692,0.029345506481311512,0.8153846153846154,0.0695043208505033,0.8538461538461538,0.8461538461538461,,,{},5483.TWO,2013-12-31,2014-01-02
0.041269975,1194000,1194000,0.04076923076923077,0.9810256410256412,1.0,D-1 estimated accounting; fill-day constraints require ledger audit,momentum,V4_MOMENTUM_full,disabled,2013-12-31,risk_on,0.013861522160882862,0.01987838026328692,0.029345506481311512,0.8153846153846154,0.0695043208505033,0.8538461538461538,0.8461538461538461,,,{},6023.TWO,2013-12-31,2014-01-02
0.041291825,1526000,1526000,0.036923076923076927,0.9256410256410256,1.0,D-1 estimated accounting; fill-day constraints require ledger audit,momentum,V4_MOMENTUM_full,disabled,2013-12-31,risk_on,0.013861522160882862,0.01987838026328692,0.029345506481311512,0.8153846153846154,0.0695043208505033,0.8538461538461538,0.8461538461538461,,,{},6290.TWO,2013-12-31,2014-01-02
0.04127245,1106000,1106000,0.03769230769230769,0.9353846153846154,1.0,D-1 estimated accounting; fill-day constraints require ledger audit,momentum,V4_MOMENTUM_full,disabled,2013-12-31,risk_on,0.013861522160882862,0.01987838026328692,0.029345506481311512,0.8153846153846154,0.0695043208505033,0.8538461538461538,0.8461538461538461,,,{},8046.TW,2013-12-31,2014-01-02
0.04138089329748417,2268000,0,0.03527131782945736,0.9405684754521964,1.0,D-1 estimated accounting; fill-day constraints require ledger audit,momentum,V4_MOMENTUM_full,disabled,2014-01-02,risk_on,0.013964856802774088,0.018713456558538066,0.03690478984828416,0.813953488372093,0.0712675205412263,0.8992248062015504,0.8604651162790697,,,{},1519.TW,2014-01-02,2014-01-03
0.04058936116075082,1529000,0,0.01821705426356589,0.7472868217054264,1.0,D-1 estimated accounting; fill-day constraints require ledger audit,momentum,V4_MOMENTUM_full,disabled,2014-01-02,risk_on,0.013964856802774088,0.018713456558538066,0.03690478984828416,0.813953488372093,0.0712675205412263,0.8992248062015504,0.8604651162790697,,,{},2002.TW,2014-01-02,2014-01-03
0.04145873212201771,111000,0,0.03914728682170543,0.9700258397932817,1.0,D-1 estimated accounting; fill-day constraints require ledger audit,momentum,V4_MOMENTUM_full,disabled,2014-01-02,risk_on,0.013964856802774088,0.018713456558538066,0.03690478984828416,0.813953488372093,0.0712675205412263,0.8992248062015504,0.8604651162790697,,,{},2207.TW,2014-01-02,2014-01-03
0.04198695663054085,5160000,0,0.03682170542635659,0.9674418604651165,1.0,D-1 estimated accounting; fill-day constraints require ledger audit,momentum,V4_MOMENTUM_full,disabled,2014-01-02,risk_on,0.013964856802774088,0.018713456558538066,0.03690478984828416,0.813953488372093,0.0712675205412263,0.8992248062015504,0.8604651162790697,,,{},2344.TW,2014-01-02,2014-01-03
0.041991359584275294,872000,0,0.043798449612403104,1.040826873385013,1.0,D-1 estimated accounting; fill-day constraints require ledger audit,momentum,V4_MOMENTUM_full,disabled,2014-01-02,risk_on,0.013964856802774088,0.018713456558538066,0.03690478984828416,0.813953488372093,0.0712675205412263,0.8992248062015504,0.8604651162790697,,,{},2347.TW,2014-01-02,2014-01-03
0.04212899561815354,5734000,0,0.044573643410852716,1.041343669250646,1.0,D-1 estimated accounting; fill-day constraints require ledger audit,momentum,V4_MOMENTUM_full,disabled,2014-01-02,risk_on,0.013964856802774088,0.018713456558538066,0.03690478984828416,0.813953488372093,0.0712675205412263,0.8992248062015504,0.8604651162790697,,,{},2368.TW,2014-01-02,2014-01-03
0.042869676387976535,515000,0,0.046899224806201546,1.062015503875969,1.0,D-1 estimated accounting; fill-day constraints require ledger audit,momentum,V4_MOMENTUM_full,disabled,2014-01-02,risk_on,0.013964856802774088,0.018713456558538066,0.03690478984828416,0.813953488372093,0.0712675205412263,0.8992248062015504,0.8604651162790697,,,{},2379.TW,2014-01-02,2014-01-03
0.0404796871315766,199000,0,0.02674418604651163,0.8149870801033592,1.0,D-1 estimated accounting; fill-day constraints require ledger audit,momentum,V4_MOMENTUM_full,disabled,2014-01-02,risk_on,0.013964856802774088,0.018713456558538066,0.03690478984828416,0.813953488372093,0.0712675205412263,0.8992248062015504,0.8604651162790697,,,{},2395.TW,2014-01-02,2014-01-03
0.04307495598461956,2018000,0,0.04922480620155039,1.1426356589147286,1.0,D-1 estimated accounting; fill-day constraints require ledger audit,momentum,V4_MOMENTUM_full,disabled,2014-01-02,risk_on,0.013964856802774088,0.018713456558538066,0.03690478984828416,0.813953488372093,0.0712675205412263,0.8992248062015504,0.8604651162790697,,,{},2449.TW,2014-01-02,2014-01-03
0.040970034243557864,2959000,0,0.010465116279069764,0.6863049095607235,1.0,D-1 estimated accounting; fill-day constraints require ledger audit,momentum,V4_MOMENTUM_full,disabled,2014-01-02,risk_on,0.013964856802774088,0.018713456558538066,0.03690478984828416,0.813953488372093,0.0712675205412263,0.8992248062015504,0.8604651162790697,,,{},2609.TW,2014-01-02,2014-01-03
0.04193646009872146,854000,0,0.03604651162790697,0.9596899224806202,1.0,D-1 estimated accounting; fill-day constraints require ledger audit,momentum,V4_MOMENTUM_full,disabled,2014-01-02,risk_on,0.013964856802774088,0.018713456558538066,0.03690478984828416,0.813953488372093,0.0712675205412263,0.8992248062015504,0.8604651162790697,,,{},2882.TW,2014-01-02,2014-01-03
0.0410183867717994,2318000,0,0.04147286821705426,1.0010335917312663,1.0,D-1 estimated accounting; fill-day constraints require ledger audit,momentum,V4_MOMENTUM_full,disabled,2014-01-02,risk_on,0.013964856802774088,0.018713456558538066,0.03690478984828416,0.813953488372093,0.0712675205412263,0.8992248062015504,0.8604651162790697,,,{},2885.TW,2014-01-02,2014-01-03
0.04166738515086363,2033000,0,0.04534883720930233,1.0434108527131782,1.0,D-1 estimated accounting; fill-day constraints require ledger audit,momentum,V4_MOMENTUM_full,disabled,2014-01-02,risk_on,0.013964856802774088,0.018713456558538066,0.03690478984828416,0.813953488372093,0.0712675205412263,0.8992248062015504,0.8604651162790697,,,{},3017.TW,2014-01-02,2014-01-03
0.041928014024020875,1487000,0,0.03294573643410853,0.8821705426356591,1.0,D-1 estimated accounting; fill-day constraints require ledger audit,momentum,V4_MOMENTUM_full,disabled,2014-01-02,risk_on,0.013964856802774088,0.018713456558538066,0.03690478984828416,0.813953488372093,0.0712675205412263,0.8992248062015504,0.8604651162790697,,,{},3105.TWO,2014-01-02,2014-01-03
0.04066165256343959,410000,0,0.03372093023255814,0.922997416020672,1.0,D-1 estimated accounting; fill-day constraints require ledger audit,momentum,V4_MOMENTUM_full,disabled,2014-01-02,risk_on,0.013964856802774088,0.018713456558538066,0.03690478984828416,0.813953488372093,0.0712675205412263,0.8992248062015504,0.8604651162790697,,,{},3163.TWO,2014-01-02,2014-01-03
0.04241004000323499,764000,0,0.04767441860465116,1.0795865633074935,1.0,D-1 estimated accounting; fill-day constraints require ledger audit,momentum,V4_MOMENTUM_full,disabled,2014-01-02,risk_on,0.013964856802774088,0.018713456558538066,0.03690478984828416,0.813953488372093,0.0712675205412263,0.8992248062015504,0.8604651162790697,,,{},3680.TWO,2014-01-02,2014-01-03
0.043222412454466244,176000,0,0.04844961240310078,1.1369509043927648,1.0,D-1 estimated accounting; fill-day constraints require ledger audit,momentum,V4_MOMENTUM_full,disabled,2014-01-02,risk_on,0.013964856802774088,0.018713456558538066,0.03690478984828416,0.813953488372093,0.0712675205412263,0.8992248062015504,0.8604651162790697,,,{},4966.TWO,2014-01-02,2014-01-03
0.041329892000253686,935000,0,0.03449612403100775,0.9276485788113693,1.0,D-1 estimated accounting; fill-day constraints require ledger audit,momentum,V4_MOMENTUM_full,disabled,2014-01-02,risk_on,0.013964856802774088,0.018713456558538066,0.03690478984828416,0.813953488372093,0.0712675205412263,0.8992248062015504,0.8604651162790697,,,{},4979.TWO,2014-01-02,2014-01-03
0.04260759818839138,813000,0,0.05,1.188630490956072,1.0,D-1 estimated accounting; fill-day constraints require ledger audit,momentum,V4_MOMENTUM_full,disabled,2014-01-02,risk_on,0.013964856802774088,0.018713456558538066,0.03690478984828416,0.813953488372093,0.0712675205412263,0.8992248062015504,0.8604651162790697,,,{},5483.TWO,2014-01-02,2014-01-03
0.04172838180276937,1194000,0,0.03992248062015505,0.9844961240310078,1.0,D-1 estimated accounting; fill-day constraints require ledger audit,momentum,V4_MOMENTUM_full,disabled,2014-01-02,risk_on,0.013964856802774088,0.018713456558538066,0.03690478984828416,0.813953488372093,0.0712675205412263,0.8992248062015504,0.8604651162790697,,,{},6023.TWO,2014-01-02,2014-01-03
0.04188295996282217,1526000,0,0.04224806201550388,1.0361757105943155,1.0,D-1 estimated accounting; fill-day constraints require ledger audit,momentum,V4_MOMENTUM_full,disabled,2014-01-02,risk_on,0.013964856802774088,0.018713456558538066,0.03690478984828416,0.813953488372093,0.0712675205412263,0.8992248062015504,0.8604651162790697,,,{},6290.TWO,2014-01-02,2014-01-03
0.04119797830692702,1106000,0,0.02906976744186046,0.8439276485788114,1.0,D-1 estimated accounting; fill-day constraints require ledger audit,momentum,V4_MOMENTUM_full,disabled,2014-01-02,risk_on,0.013964856802774088,0.018713456558538066,0.03690478984828416,0.813953488372093,0.0712675205412263,0.8992248062015504,0.8604651162790697,,,{},8046.TW,2014-01-02,2014-01-03
0.04125085142750704,2268000,0,0.03294573643410853,0.9312661498708009,1.0,D-1 estimated accounting; fill-day constraints require ledger audit,momentum,V4_MOMENTUM_full,disabled,2014-01-03,risk_on,0.014254947504373838,0.01123595505617958,0.03281856290983609,0.7054263565891473,0.06970342157235486,0.7984496124031008,0.7984496124031008,,,{},1519.TW,2014-01-03,2014-01-06
0.04026733114436617,1529000,0,0.0011627906976744208,0.5901808785529715,1.0,D-1 estimated accounting; fill-day constraints require ledger audit,momentum,V4_MOMENTUM_full,disabled,2014-01-03,risk_on,0.014254947504373838,0.01123595505617958,0.03281856290983609,0.7054263565891473,0.06970342157235486,0.7984496124031008,0.7984496124031008,,,{},2002.TW,2014-01-03,2014-01-06
0.04233321081567365,111000,0,0.04612403100775195,1.089405684754522,1.0,D-1 estimated accounting; fill-day constraints require ledger audit,momentum,V4_MOMENTUM_full,disabled,2014-01-03,risk_on,0.014254947504373838,0.01123595505617958,0.03281856290983609,0.7054263565891473,0.06970342157235486,0.7984496124031008,0.7984496124031008,,,{},2207.TW,2014-01-03,2014-01-06
0.04233091780838495,5160000,0,0.04224806201550388,1.0418604651162793,1.0,D-1 estimated accounting; fill-day constraints require ledger audit,momentum,V4_MOMENTUM_full,disabled,2014-01-03,risk_on,0.014254947504373838,0.01123595505617958,0.03281856290983609,0.7054263565891473,0.06970342157235486,0.7984496124031008,0.7984496124031008,,,{},2344.TW,2014-01-03,2014-01-06
0.04162570066913485,872000,0,0.037596899224806204,0.9834625322997417,1.0,D-1 estimated accounting; fill-day constraints require ledger audit,momentum,V4_MOMENTUM_full,disabled,2014-01-03,risk_on,0.014254947504373838,0.01123595505617958,0.03281856290983609,0.7054263565891473,0.06970342157235486,0.7984496124031008,0.7984496124031008,,,{},2347.TW,2014-01-03,2014-01-06
0.041882797242349126,5734000,0,0.03682170542635659,0.9803617571059433,1.0,D-1 estimated accounting; fill-day constraints require ledger audit,momentum,V4_MOMENTUM_full,disabled,2014-01-03,risk_on,0.014254947504373838,0.01123595505617958,0.03281856290983609,0.7054263565891473,0.06970342157235486,0.7984496124031008,0.7984496124031008,,,{},2368.TW,2014-01-03,2014-01-06
0.04197677057591694,515000,0,0.03604651162790697,0.972093023255814,1.0,D-1 estimated accounting; fill-day constraints require ledger audit,momentum,V4_MOMENTUM_full,disabled,2014-01-03,risk_on,0.014254947504373838,0.01123595505617958,0.03281856290983609,0.7054263565891473,0.06970342157235486,0.7984496124031008,0.7984496124031008,,,{},2379.TW,2014-01-03,2014-01-06
0.03986535547664335,199000,0,0.008914728682170548,0.6589147286821705,1.0,D-1 estimated accounting; fill-day constraints require ledger audit,momentum,V4_MOMENTUM_full,disabled,2014-01-03,risk_on,0.014254947504373838,0.01123595505617958,0.03281856290983609,0.7054263565891473,0.06970342157235486,0.7984496124031008,0.7984496124031008,,,{},2395.TW,2014-01-03,2014-01-06
0.04235169475242347,2018000,0,0.046899224806201546,1.1064599483204136,1.0,D-1 estimated accounting; fill-day constraints require ledger audit,momentum,V4_MOMENTUM_full,disabled,2014-01-03,risk_on,0.014254947504373838,0.01123595505617958,0.03281856290983609,0.7054263565891473,0.06970342157235486,0.7984496124031008,0.7984496124031008,,,{},2449.TW,2014-01-03,2014-01-06
0.04021425227194269,2959000,0,-0.006589147286821706,0.5467700258397934,1.0,D-1 estimated accounting; fill-day constraints require ledger audit,momentum,V4_MOMENTUM_full,disabled,2014-01-03,risk_on,0.014254947504373838,0.01123595505617958,0.03281856290983609,0.7054263565891473,0.06970342157235486,0.7984496124031008,0.7984496124031008,,,{},2609.TW,2014-01-03,2014-01-06
0.04157801710797889,854000,0,0.03217054263565892,0.9224806201550388,1.0,D-1 estimated accounting; fill-day constraints require ledger audit,momentum,V4_MOMENTUM_full,disabled,2014-01-03,risk_on,0.014254947504373838,0.01123595505617958,0.03281856290983609,0.7054263565891473,0.06970342157235486,0.7984496124031008,0.7984496124031008,,,{},2882.TW,2014-01-03,2014-01-06
0.04007522309363254,2318000,0,0.025193798449612406,0.813953488372093,1.0,D-1 estimated accounting; fill-day constraints require ledger audit,momentum,V4_MOMENTUM_full,disabled,2014-01-03,risk_on,0.014254947504373838,0.01123595505617958,0.03281856290983609,0.7054263565891473,0.06970342157235486,0.7984496124031008,0.7984496124031008,,,{},2885.TW,2014-01-03,2014-01-06
0.04439339543619875,2033000,0,0.04922480620155039,1.1395348837209303,1.0,D-1 estimated accounting; fill-day constraints require ledger audit,momentum,V4_MOMENTUM_full,disabled,2014-01-03,risk_on,0.014254947504373838,0.01123595505617958,0.03281856290983609,0.7054263565891473,0.06970342157235486,0.7984496124031008,0.7984496124031008,,,{},3017.TW,2014-01-03,2014-01-06
0.04176245682279063,1487000,0,0.01821705426356589,0.7064599483204135,1.0,D-1 estimated accounting; fill-day constraints require ledger audit,momentum,V4_MOMENTUM_full,disabled,2014-01-03,risk_on,0.014254947504373838,0.01123595505617958,0.03281856290983609,0.7054263565891473,0.06970342157235486,0.7984496124031008,0.7984496124031008,,,{},3105.TWO,2014-01-03,2014-01-06
0.04019406981127532,410000,0,0.022868217054263562,0.7607235142118862,1.0,D-1 estimated accounting; fill-day constraints require ledger audit,momentum,V4_MOMENTUM_full,disabled,2014-01-03,risk_on,0.014254947504373838,0.01123595505617958,0.03281856290983609,0.7054263565891473,0.06970342157235486,0.7984496124031008,0.7984496124031008,,,{},3163.TWO,2014-01-03,2014-01-06
0.042316525316013,764000,0,0.03992248062015505,1.012403100775194,1.0,D-1 estimated accounting; fill-day constraints require ledger audit,momentum,V4_MOMENTUM_full,disabled,2014-01-03,risk_on,0.014254947504373838,0.01123595505617958,0.03281856290983609,0.7054263565891473,0.06970342157235486,0.7984496124031008,0.7984496124031008,,,{},3680.TWO,2014-01-03,2014-01-06
0.041970526002690654,176000,0,0.044573643410852716,1.0816537467700258,1.0,D-1 estimated accounting; fill-day constraints require ledger audit,momentum,V4_MOMENTUM_full,disabled,2014-01-03,risk_on,0.014254947504373838,0.01123595505617958,0.03281856290983609,0.7054263565891473,0.06970342157235486,0.7984496124031008,0.7984496124031008,,,{},4966.TWO,2014-01-03,2014-01-06
0.040518712684163745,935000,0,0.005038759689922479,0.627906976744186,1.0,D-1 estimated accounting; fill-day constraints require ledger audit,momentum,V4_MOMENTUM_full,disabled,2014-01-03,risk_on,0.014254947504373838,0.01123595505617958,0.03281856290983609,0.7054263565891473,0.06970342157235486,0.7984496124031008,0.7984496124031008,,,{},4979.TWO,2014-01-03,2014-01-06
0.045516444463507874,813000,0,0.05,1.2072351421188632,1.0,D-1 estimated accounting; fill-day constraints require ledger audit,momentum,V4_MOMENTUM_full,disabled,2014-01-03,risk_on,0.014254947504373838,0.01123595505617958,0.03281856290983609,0.7054263565891473,0.06970342157235486,0.7984496124031008,0.7984496124031008,,,{},5483.TWO,2014-01-03,2014-01-06
0.04171152608355699,1194000,0,0.03372093023255814,0.9483204134366926,1.0,D-1 estimated accounting; fill-day constraints require ledger audit,momentum,V4_MOMENTUM_full,disabled,2014-01-03,risk_on,0.014254947504373838,0.01123595505617958,0.03281856290983609,0.7054263565891473,0.06970342157235486,0.7984496124031008,0.7984496124031008,,,{},6023.TWO,2014-01-03,2014-01-06
0.04262862908586303,1526000,0,0.04302325581395349,1.075968992248062,1.0,D-1 estimated accounting; fill-day constraints require ledger audit,momentum,V4_MOMENTUM_full,disabled,2014-01-03,risk_on,0.014254947504373838,0.01123595505617958,0.03281856290983609,0.7054263565891473,0.06970342157235486,0.7984496124031008,0.7984496124031008,,,{},6290.TWO,2014-01-03,2014-01-06
0.041789383422542396,1106000,0,0.04147286821705426,1.035142118863049,1.0,D-1 estimated accounting; fill-day constraints require ledger audit,momentum,V4_MOMENTUM_full,disabled,2014-01-03,risk_on,0.014254947504373838,0.01123595505617958,0.03281856290983609,0.7054263565891473,0.06970342157235486,0.7984496124031008,0.7984496124031008,,,{},8046.TW,2014-01-03,2014-01-06
0.04126685658748902,2268000,0,0.022868217054263562,0.7834625322997416,1.0,D-1 estimated accounting; fill-day constraints require ledger audit,momentum,V4_MOMENTUM_full,disabled,2014-01-06,risk_on,0.013446391454182848,0.006613756747245958,0.02464334064178586,0.5581395348837209,0.07020416316675454,0.7286821705426356,0.751937984496124,,,{},1519.TW,2014-01-06,2014-01-07
0.0,0,-1529000,-0.011240310077519378,0.524547803617571,1.0,D-1 estimated accounting; fill-day constraints require ledger audit,momentum,V4_MOMENTUM_full,disabled,2014-01-06,risk_on,0.013446391454182848,0.006613756747245958,0.02464334064178586,0.5581395348837209,0.07020416316675454,0.7286821705426356,0.751937984496124,,,{},2002.TW,2014-01-06,2014-01-07
0.04174314579304654,111000,0,0.03914728682170543,1.02015503875969,1.0,D-1 estimated accounting; fill-day constraints require ledger audit,momentum,V4_MOMENTUM_full,disabled,2014-01-06,risk_on,0.013446391454182848,0.006613756747245958,0.02464334064178586,0.5581395348837209,0.07020416316675454,0.7286821705426356,0.751937984496124,,,{},2207.TW,2014-01-06,2014-01-07
0.03753566484154649,3178000,3178000,0.04844961240310078,1.1746770025839792,1.0,D-1 estimated accounting; fill-day constraints require ledger audit,momentum,V4_MOMENTUM_full,disabled,2014-01-06,risk_on,0.013446391454182848,0.006613756747245958,0.02464334064178586,0.5581395348837209,0.07020416316675454,0.7286821705426356,0.751937984496124,,,{},2327.TW,2014-01-06,2014-01-07
0.04320368729516571,5160000,0,0.043798449612403104,1.0749354005167957,1.0,D-1 estimated accounting; fill-day constraints require ledger audit,momentum,V4_MOMENTUM_full,disabled,2014-01-06,risk_on,0.013446391454182848,0.006613756747245958,0.02464334064178586,0.5581395348837209,0.07020416316675454,0.7286821705426356,0.751937984496124,,,{},2344.TW,2014-01-06,2014-01-07
0.042529590830710104,872000,0,0.03992248062015505,1.0222222222222224,1.0,D-1 estimated accounting; fill-day constraints require ledger audit,momentum,V4_MOMENTUM_full,disabled,2014-01-06,risk_on,0.013446391454182848,0.006613756747245958,0.02464334064178586,0.5581395348837209,0.07020416316675454,0.7286821705426356,0.751937984496124,,,{},2347.TW,2014-01-06,2014-01-07
0.04316794801652122,5734000,0,0.03837209302325582,1.0113695090439276,1.0,D-1 estimated accounting; fill-day constraints require ledger audit,momentum,V4_MOMENTUM_full,disabled,2014-01-06,risk_on,0.013446391454182848,0.006613756747245958,0.02464334064178586,0.5581395348837209,0.07020416316675454,0.7286821705426356,0.751937984496124,,,{},2368.TW,2014-01-06,2014-01-07
0.04113705546721522,515000,0,0.023643410852713178,0.7979328165374676,1.0,D-1 estimated accounting; fill-day constraints require ledger audit,momentum,V4_MOMENTUM_full,disabled,2014-01-06,risk_on,0.013446391454182848,0.006613756747245958,0.02464334064178586,0.5581395348837209,0.07020416316675454,0.7286821705426356,0.751937984496124,,,{},2379.TW,2014-01-06,2014-01-07
0.040702676495613696,199000,0,0.012790697674418606,0.696640826873385,1.0,D-1 estimated accounting; fill-day constraints require ledger audit,momentum,V4_MOMENTUM_full,disabled,2014-01-06,risk_on,0.013446391454182848,0.006613756747245958,0.02464334064178586,0.5581395348837209,0.07020416316675454,0.7286821705426356,0.751937984496124,,,{},2395.TW,2014-01-06,2014-01-07
0.040776396295629826,2018000,0,0.031395348837209305,0.868733850129199,1.0,D-1 estimated accounting; fill-day constraints require ledger audit,momentum,V4_MOMENTUM_full,disabled,2014-01-06,risk_on,0.013446391454182848,0.006613756747245958,0.02464334064178586,0.5581395348837209,0.07020416316675454,0.7286821705426356,0.751937984496124,,,{},2449.TW,2014-01-06,2014-01-07
0.04104700374149681,2959000,0,0.02093023255813954,0.765374677002584,1.0,D-1 estimated accounting; fill-day constraints require ledger audit,momentum,V4_MOMENTUM_full,disabled,2014-01-06,risk_on,0.013446391454182848,0.006613756747245958,0.02464334064178586,0.5581395348837209,0.07020416316675454,0.7286821705426356,0.751937984496124,,,{},2609.TW,2014-01-06,2014-01-07
0.04117984511255519,854000,0,0.03294573643410853,0.8790697674418605,1.0,D-1 estimated accounting; fill-day constraints require ledger audit,momentum,V4_MOMENTUM_full,disabled,2014-01-06,risk_on,0.013446391454182848,0.006613756747245958,0.02464334064178586,0.5581395348837209,0.07020416316675454,0.7286821705426356,0.751937984496124,,,{},2882.TW,2014-01-06,2014-01-07
0.04042877753856672,2318000,0,0.03372093023255814,0.8857881136950905,1.0,D-1 estimated accounting; fill-day constraints require ledger audit,momentum,V4_MOMENTUM_full,disabled,2014-01-06,risk_on,0.013446391454182848,0.006613756747245958,0.02464334064178586,0.5581395348837209,0.07020416316675454,0.7286821705426356,0.751937984496124,,,{},2885.TW,2014-01-06,2014-01-07
0.04271441797758081,2033000,0,0.04612403100775195,1.1054263565891473,1.0,D-1 estimated accounting; fill-day constraints require ledger audit,momentum,V4_MOMENTUM_full,disabled,2014-01-06,risk_on,0.013446391454182848,0.006613756747245958,0.02464334064178586,0.5581395348837209,0.07020416316675454,0.7286821705426356,0.751937984496124,,,{},3017.TW,2014-01-06,2014-01-07
0.04238323165037815,1487000,0,0.02209302325581395,0.7829457364341085,1.0,D-1 estimated accounting; fill-day constraints require ledger audit,momentum,V4_MOMENTUM_full,disabled,2014-01-06,risk_on,0.013446391454182848,0.006613756747245958,0.02464334064178586,0.5581395348837209,0.07020416316675454,0.7286821705426356,0.751937984496124,,,{},3105.TWO,2014-01-06,2014-01-07
0.0,0,-410000,-0.02674418604651163,0.3751937984496123,1.0,D-1 estimated accounting; fill-day constraints require ledger audit,momentum,V4_MOMENTUM_full,disabled,2014-01-06,risk_on,0.013446391454182848,0.006613756747245958,0.02464334064178586,0.5581395348837209,0.07020416316675454,0.7286821705426356,0.751937984496124,,,{},3163.TWO,2014-01-06,2014-01-07
0.041644802474279284,764000,0,0.03682170542635659,0.9850129198966407,1.0,D-1 estimated accounting; fill-day constraints require ledger audit,momentum,V4_MOMENTUM_full,disabled,2014-01-06,risk_on,0.013446391454182848,0.006613756747245958,0.02464334064178586,0.5581395348837209,0.07020416316675454,0.7286821705426356,0.751937984496124,,,{},3680.TWO,2014-01-06,2014-01-07
0.040622273169079404,176000,0,0.03449612403100775,0.8950904392764858,1.0,D-1 estimated accounting; fill-day constraints require ledger audit,momentum,V4_MOMENTUM_full,disabled,2014-01-06,risk_on,0.013446391454182848,0.006613756747245958,0.02464334064178586,0.5581395348837209,0.07020416316675454,0.7286821705426356,0.751937984496124,,,{},4966.TWO,2014-01-06,2014-01-07
0.04052332682536314,935000,0,0.01821705426356589,0.751421188630491,1.0,D-1 estimated accounting; fill-day constraints require ledger audit,momentum,V4_MOMENTUM_full,disabled,2014-01-06,risk_on,0.013446391454182848,0.006613756747245958,0.02464334064178586,0.5581395348837209,0.07020416316675454,0.7286821705426356,0.751937984496124,,,{},4979.TWO,2014-01-06,2014-01-07
0.047911437744362136,813000,0,0.05,1.207751937984496,1.0,D-1 estimated accounting; fill-day constraints require ledger audit,momentum,V4_MOMENTUM_full,disabled,2014-01-06,risk_on,0.013446391454182848,0.006613756747245958,0.02464334064178586,0.5581395348837209,0.07020416316675454,0.7286821705426356,0.751937984496124,,,{},5483.TWO,2014-01-06,2014-01-07
0.04201827592603108,1194000,0,0.03527131782945736,0.9007751937984495,1.0,D-1 estimated accounting; fill-day constraints require ledger audit,momentum,V4_MOMENTUM_full,disabled,2014-01-06,risk_on,0.013446391454182848,0.006613756747245958,0.02464334064178586,0.5581395348837209,0.07020416316675454,0.7286821705426356,0.751937984496124,,,{},6023.TWO,2014-01-06,2014-01-07
0.03753639349669321,1425000,1425000,0.04922480620155039,1.194832041343669,1.0,D-1 estimated accounting; fill-day constraints require ledger audit,momentum,V4_MOMENTUM_full,disabled,2014-01-06,risk_on,0.013446391454182848,0.006613756747245958,0.02464334064178586,0.5581395348837209,0.07020416316675454,0.7286821705426356,0.751937984496124,,,{},6274.TWO,2014-01-06,2014-01-07
0.041730130504563805,1526000,0,0.03604651162790697,0.929715762273902,1.0,D-1 estimated accounting; fill-day constraints require ledger audit,momentum,V4_MOMENTUM_full,disabled,2014-01-06,risk_on,0.013446391454182848,0.006613756747245958,0.02464334064178586,0.5581395348837209,0.07020416316675454,0.7286821705426356,0.751937984496124,,,{},6290.TWO,2014-01-06,2014-01-07
0.041702944129779394,1106000,0,0.037596899224806204,0.9850129198966409,1.0,D-1 estimated accounting; fill-day constraints require ledger audit,momentum,V4_MOMENTUM_full,disabled,2014-01-06,risk_on,0.013446391454182848,0.006613756747245958,0.02464334064178586,0.5581395348837209,0.07020416316675454,0.7286821705426356,0.751937984496124,,,{},8046.TW,2014-01-06,2014-01-07
0.04073567044036727,2268000,0,-0.00736434108527132,0.5266149870801032,1.0,D-1 estimated accounting; fill-day constraints require ledger audit,momentum,V4_MOMENTUM_full,disabled,2014-01-07,risk_on,0.013954799216058267,0.0010132330963299463,0.0311572466851473,0.5038759689922481,0.07660602266492264,0.7364341085271318,0.7906976744186046,,,{},1519.TW,2014-01-07,2014-01-08
0.04110399097083406,111000,0,0.025193798449612406,0.8392764857881138,1.0,D-1 estimated accounting; fill-day constraints require ledger audit,momentum,V4_MOMENTUM_full,disabled,2014-01-07,risk_on,0.013954799216058267,0.0010132330963299463,0.0311572466851473,0.5038759689922481,0.07660602266492264,0.7364341085271318,0.7906976744186046,,,{},2207.TW,2014-01-07,2014-01-08
0.03752112531227418,3178000,0,0.04767441860465116,1.151937984496124,1.0,D-1 estimated accounting; fill-day constraints require ledger audit,momentum,V4_MOMENTUM_full,disabled,2014-01-07,risk_on,0.013954799216058267,0.0010132330963299463,0.0311572466851473,0.5038759689922481,0.07660602266492264,0.7364341085271318,0.7906976744186046,,,{},2327.TW,2014-01-07,2014-01-08
0.04238445190537231,5160000,0,0.03682170542635659,0.998966408268734,1.0,D-1 estimated accounting; fill-day constraints require ledger audit,momentum,V4_MOMENTUM_full,disabled,2014-01-07,risk_on,0.013954799216058267,0.0010132330963299463,0.0311572466851473,0.5038759689922481,0.07660602266492264,0.7364341085271318,0.7906976744186046,,,{},2344.TW,2014-01-07,2014-01-08
0.04250754554201599,872000,0,0.03992248062015505,1.0263565891472868,1.0,D-1 estimated accounting; fill-day constraints require ledger audit,momentum,V4_MOMENTUM_full,disabled,2014-01-07,risk_on,0.013954799216058267,0.0010132330963299463,0.0311572466851473,0.5038759689922481,0.07660602266492264,0.7364341085271318,0.7906976744186046,,,{},2347.TW,2014-01-07,2014-01-08
0.04302575029459777,5734000,0,0.03527131782945736,0.9700258397932818,1.0,D-1 estimated accounting; fill-day constraints require ledger audit,momentum,V4_MOMENTUM_full,disabled,2014-01-07,risk_on,0.013954799216058267,0.0010132330963299463,0.0311572466851473,0.5038759689922481,0.07660602266492264,0.7364341085271318,0.7906976744186046,,,{},2368.TW,2014-01-07,2014-01-08
0.04141101228080963,515000,0,0.022868217054263562,0.8227390180878551,1.0,D-1 estimated accounting; fill-day constraints require ledger audit,momentum,V4_MOMENTUM_full,disabled,2014-01-07,risk_on,0.013954799216058267,0.0010132330963299463,0.0311572466851473,0.5038759689922481,0.07660602266492264,0.7364341085271318,0.7906976744186046,,,{},2379.TW,2014-01-07,2014-01-08
0.04071408691230366,199000,0,0.010465116279069764,0.6640826873385013,1.0,D-1 estimated accounting; fill-day constraints require ledger audit,momentum,V4_MOMENTUM_full,disabled,2014-01-07,risk_on,0.013954799216058267,0.0010132330963299463,0.0311572466851473,0.5038759689922481,0.07660602266492264,0.7364341085271318,0.7906976744186046,,,{},2395.TW,2014-01-07,2014-01-08
0.040991746620950516,2018000,0,0.021317829457364348,0.8041343669250646,1.0,D-1 estimated accounting; fill-day constraints require ledger audit,momentum,V4_MOMENTUM_full,disabled,2014-01-07,risk_on,0.013954799216058267,0.0010132330963299463,0.0311572466851473,0.5038759689922481,0.07660602266492264,0.7364341085271318,0.7906976744186046,,,{},2449.TW,2014-01-07,2014-01-08
0.040709209985336794,2959000,0,0.006589147286821706,0.6263565891472869,1.0,D-1 estimated accounting; fill-day constraints require ledger audit,momentum,V4_MOMENTUM_full,disabled,2014-01-07,risk_on,0.013954799216058267,0.0010132330963299463,0.0311572466851473,0.5038759689922481,0.07660602266492264,0.7364341085271318,0.7906976744186046,,,{},2609.TW,2014-01-07,2014-01-08
0.04150237337932224,854000,0,0.018992248062015507,0.7803617571059432,1.0,D-1 estimated accounting; fill-day constraints require ledger audit,momentum,V4_MOMENTUM_full,disabled,2014-01-07,risk_on,0.013954799216058267,0.0010132330963299463,0.0311572466851473,0.5038759689922481,0.07660602266492264,0.7364341085271318,0.7906976744186046,,,{},2882.TW,2014-01-07,2014-01-08
0.039662021221082366,2318000,0,-0.005813953488372093,0.5322997416020673,1.0,D-1 estimated accounting; fill-day constraints require ledger audit,momentum,V4_MOMENTUM_full,disabled,2014-01-07,risk_on,0.013954799216058267,0.0010132330963299463,0.0311572466851473,0.5038759689922481,0.07660602266492264,0.7364341085271318,0.7906976744186046,,,{},2885.TW,2014-01-07,2014-01-08
0.04292381001604934,2033000,0,0.043798449612403104,1.0728682170542636,1.0,D-1 estimated accounting; fill-day constraints require ledger audit,momentum,V4_MOMENTUM_full,disabled,2014-01-07,risk_on,0.013954799216058267,0.0010132330963299463,0.0311572466851473,0.5038759689922481,0.07660602266492264,0.7364341085271318,0.7906976744186046,,,{},3017.TW,2014-01-07,2014-01-08
0.0427081247947045,1487000,0,0.029844961240310077,0.9085271317829456,1.0,D-1 estimated accounting; fill-day constraints require ledger audit,momentum,V4_MOMENTUM_full,disabled,2014-01-07,risk_on,0.013954799216058267,0.0010132330963299463,0.0311572466851473,0.5038759689922481,0.07660602266492264,0.7364341085271318,0.7906976744186046,,,{},3105.TWO,2014-01-07,2014-01-08
0.04290540274298466,764000,0,0.04302325581395349,1.0713178294573644,1.0,D-1 estimated accounting; fill-day constraints require ledger audit,momentum,V4_MOMENTUM_full,disabled,2014-01-07,risk_on,0.013954799216058267,0.0010132330963299463,0.0311572466851473,0.5038759689922481,0.07660602266492264,0.7364341085271318,0.7906976744186046,,,{},3680.TWO,2014-01-07,2014-01-08
0.04325959269018848,176000,0,0.04224806201550388,1.069767441860465,1.0,D-1 estimated accounting; fill-day constraints require ledger audit,momentum,V4_MOMENTUM_full,disabled,2014-01-07,risk_on,0.013954799216058267,0.0010132330963299463,0.0311572466851473,0.5038759689922481,0.07660602266492264,0.7364341085271318,0.7906976744186046,,,{},4966.TWO,2014-01-07,2014-01-08
0.03949370471602082,935000,0,0.00736434108527132,0.6310077519379844,1.0,D-1 estimated accounting; fill-day constraints require ledger audit,momentum,V4_MOMENTUM_full,disabled,2014-01-07,risk_on,0.013954799216058267,0.0010132330963299463,0.0311572466851473,0.5038759689922481,0.07660602266492264,0.7364341085271318,0.7906976744186046,,,{},4979.TWO,2014-01-07,2014-01-08
0.04768994320618013,813000,0,0.05,1.1922480620155038,1.0,D-1 estimated accounting; fill-day constraints require ledger audit,momentum,V4_MOMENTUM_full,disabled,2014-01-07,risk_on,0.013954799216058267,0.0010132330963299463,0.0311572466851473,0.5038759689922481,0.07660602266492264,0.7364341085271318,0.7906976744186046,,,{},5483.TWO,2014-01-07,2014-01-08
0.04236176294052954,1194000,0,0.02674418604651163,0.8713178294573642,1.0,D-1 estimated accounting; fill-day constraints require ledger audit,momentum,V4_MOMENTUM_full,disabled,2014-01-07,risk_on,0.013954799216058267,0.0010132330963299463,0.0311572466851473,0.5038759689922481,0.07660602266492264,0.7364341085271318,0.7906976744186046,,,{},6023.TWO,2014-01-07,2014-01-08
0.03836110720514154,1425000,0,0.04922480620155039,1.18656330749354,1.0,D-1 estimated accounting; fill-day constraints require ledger audit,momentum,V4_MOMENTUM_full,disabled,2014-01-07,risk_on,0.013954799216058267,0.0010132330963299463,0.0311572466851473,0.5038759689922481,0.07660602266492264,0.7364341085271318,0.7906976744186046,,,{},6274.TWO,2014-01-07,2014-01-08
0.04222440866923711,1526000,0,0.03294573643410853,0.944702842377261,1.0,D-1 estimated accounting; fill-day constraints require ledger audit,momentum,V4_MOMENTUM_full,disabled,2014-01-07,risk_on,0.013954799216058267,0.0010132330963299463,0.0311572466851473,0.5038759689922481,0.07660602266492264,0.7364341085271318,0.7906976744186046,,,{},6290.TWO,2014-01-07,2014-01-08
0.041620845189794246,1106000,0,0.02829457364341085,0.9018087855297159,1.0,D-1 estimated accounting; fill-day constraints require ledger audit,momentum,V4_MOMENTUM_full,disabled,2014-01-07,risk_on,0.013954799216058267,0.0010132330963299463,0.0311572466851473,0.5038759689922481,0.07660602266492264,0.7364341085271318,0.7906976744186046,,,{},8046.TW,2014-01-07,2014-01-08
0.0,0,-2268000,-0.01356589147286822,0.4480620155038759,1.0,D-1 estimated accounting; fill-day constraints require ledger audit,momentum,V4_MOMENTUM_full,disabled,2014-01-08,risk_on,0.014114150981170867,0.0077778243924491175,0.03538811806331199,0.5968992248062015,0.08020774720943483,0.751937984496124,0.8217054263565892,,,{},1519.TW,2014-01-08,2014-01-09
0.03835058740061806,1335000,1335000,0.04922480620155039,1.1813953488372093,1.0,D-1 estimated accounting; fill-day constraints require ledger audit,momentum,V4_MOMENTUM_full,disabled,2014-01-08,risk_on,0.014114150981170867,0.0077778243924491175,0.03538811806331199,0.5968992248062015,0.08020774720943483,0.751937984496124,0.8217054263565892,,,{},1785.TWO,2014-01-08,2014-01-09
0.041785168549056555,111000,0,0.018992248062015507,0.821188630490956,1.0,D-1 estimated accounting; fill-day constraints require ledger audit,momentum,V4_MOMENTUM_full,disabled,2014-01-08,risk_on,0.014114150981170867,0.0077778243924491175,0.03538811806331199,0.5968992248062015,0.08020774720943483,0.751937984496124,0.8217054263565892,,,{},2207.TW,2014-01-08,2014-01-09
0.03812339536823763,3178000,0,0.046899224806201546,1.1550387596899225,1.0,D-1 estimated accounting; fill-day constraints require ledger audit,momentum,V4_MOMENTUM_full,disabled,2014-01-08,risk_on,0.014114150981170867,0.0077778243924491175,0.03538811806331199,0.5968992248062015,0.08020774720943483,0.751937984496124,0.8217054263565892,,,{},2327.TW,2014-01-08,2014-01-09
0.042222691132860014,5160000,0,0.01821705426356589,0.819638242894057,1.0,D-1 estimated accounting; fill-day constraints require ledger audit,momentum,V4_MOMENTUM_full,disabled,2014-01-08,risk_on,0.014114150981170867,0.0077778243924491175,0.03538811806331199,0.5968992248062015,0.08020774720943483,0.751937984496124,0.8217054263565892,,,{},2344.TW,2014-01-08,2014-01-09
0.04272802792549624,872000,0,0.02906976744186046,0.9059431524547804,1.0,D-1 estimated accounting; fill-day constraints require ledger audit,momentum,V4_MOMENTUM_full,disabled,2014-01-08,risk_on,0.014114150981170867,0.0077778243924491175,0.03538811806331199,0.5968992248062015,0.08020774720943483,0.751937984496124,0.8217054263565892,,,{},2347.TW,2014-01-08,2014-01-09
0.04235276541453131,5734000,0,0.01589147286821705,0.7917312661498709,1.0,D-1 estimated accounting; fill-day constraints require ledger audit,momentum,V4_MOMENTUM_full,disabled,2014-01-08,risk_on,0.014114150981170867,0.0077778243924491175,0.03538811806331199,0.5968992248062015,0.08020774720943483,0.751937984496124,0.8217054263565892,,,{},2368.TW,2014-01-08,2014-01-09
0.0420750685684686,515000,0,0.023643410852713178,0.8764857881136953,1.0,D-1 estimated accounting; fill-day constraints require ledger audit,momentum,V4_MOMENTUM_full,disabled,2014-01-08,risk_on,0.014114150981170867,0.0077778243924491175,0.03538811806331199,0.5968992248062015,0.08020774720943483,0.751937984496124,0.8217054263565892,,,{},2379.TW,2014-01-08,2014-01-09
0.040310784330158396,199000,0,0.0011627906976744208,0.5695090439276487,1.0,D-1 estimated accounting; fill-day constraints require ledger audit,momentum,V4_MOMENTUM_full,disabled,2014-01-08,risk_on,0.014114150981170867,0.0077778243924491175,0.03538811806331199,0.5968992248062015,0.08020774720943483,0.751937984496124,0.8217054263565892,,,{},2395.TW,2014-01-08,2014-01-09
0.04098653754278959,2018000,0,0.012015503875968992,0.710077519379845,1.0,D-1 estimated accounting; fill-day constraints require ledger audit,momentum,V4_MOMENTUM_full,disabled,2014-01-08,risk_on,0.014114150981170867,0.0077778243924491175,0.03538811806331199,0.5968992248062015,0.08020774720943483,0.751937984496124,0.8217054263565892,,,{},2449.TW,2014-01-08,2014-01-09
0.040209928984349205,2959000,0,-0.00736434108527132,0.5131782945736434,1.0,D-1 estimated accounting; fill-day constraints require ledger audit,momentum,V4_MOMENTUM_full,disabled,2014-01-08,risk_on,0.014114150981170867,0.0077778243924491175,0.03538811806331199,0.5968992248062015,0.08020774720943483,0.751937984496124,0.8217054263565892,,,{},2609.TW,2014-01-08,2014-01-09
0.0410810474375301,854000,0,0.010465116279069764,0.696640826873385,1.0,D-1 estimated accounting; fill-day constraints require ledger audit,momentum,V4_MOMENTUM_full,disabled,2014-01-08,risk_on,0.014114150981170867,0.0077778243924491175,0.03538811806331199,0.5968992248062015,0.08020774720943483,0.751937984496124,0.8217054263565892,,,{},2882.TW,2014-01-08,2014-01-09
0.03980874717207788,2318000,0,-0.0011627906976744208,0.5607235142118863,1.0,D-1 estimated accounting; fill-day constraints require ledger audit,momentum,V4_MOMENTUM_full,disabled,2014-01-08,risk_on,0.014114150981170867,0.0077778243924491175,0.03538811806331199,0.5968992248062015,0.08020774720943483,0.751937984496124,0.8217054263565892,,,{},2885.TW,2014-01-08,2014-01-09
0.04372000855844402,2033000,0,0.04224806201550388,1.0423772609819122,1.0,D-1 estimated accounting; fill-day constraints require ledger audit,momentum,V4_MOMENTUM_full,disabled,2014-01-08,risk_on,0.014114150981170867,0.0077778243924491175,0.03538811806331199,0.5968992248062015,0.08020774720943483,0.751937984496124,0.8217054263565892,,,{},3017.TW,2014-01-08,2014-01-09
0.04227127986916078,1487000,0,0.02596899224806202,0.8940568475452195,1.0,D-1 estimated accounting; fill-day constraints require ledger audit,momentum,V4_MOMENTUM_full,disabled,2014-01-08,risk_on,0.014114150981170867,0.0077778243924491175,0.03538811806331199,0.5968992248062015,0.08020774720943483,0.751937984496124,0.8217054263565892,,,{},3105.TWO,2014-01-08,2014-01-09
0.03831308702900828,574000,574000,0.04767441860465116,1.1648578811369508,1.0,D-1 estimated accounting; fill-day constraints require ledger audit,momentum,V4_MOMENTUM_full,disabled,2014-01-08,risk_on,0.014114150981170867,0.0077778243924491175,0.03538811806331199,0.5968992248062015,0.08020774720943483,0.751937984496124,0.8217054263565892,,,{},3491.TWO,2014-01-08,2014-01-09
0.042613560965041694,764000,0,0.02674418604651163,0.8950904392764859,1.0,D-1 estimated accounting; fill-day constraints require ledger audit,momentum,V4_MOMENTUM_full,disabled,2014-01-08,risk_on,0.014114150981170867,0.0077778243924491175,0.03538811806331199,0.5968992248062015,0.08020774720943483,0.751937984496124,0.8217054263565892,,,{},3680.TWO,2014-01-08,2014-01-09
0.04172445129177197,176000,0,0.03294573643410853,0.9255813953488372,1.0,D-1 estimated accounting; fill-day constraints require ledger audit,momentum,V4_MOMENTUM_full,disabled,2014-01-08,risk_on,0.014114150981170867,0.0077778243924491175,0.03538811806331199,0.5968992248062015,0.08020774720943483,0.751937984496124,0.8217054263565892,,,{},4966.TWO,2014-01-08,2014-01-09
0.0,0,-935000,-0.012015503875968992,0.469250645994832,1.0,D-1 estimated accounting; fill-day constraints require ledger audit,momentum,V4_MOMENTUM_full,disabled,2014-01-08,risk_on,0.014114150981170867,0.0077778243924491175,0.03538811806331199,0.5968992248062015,0.08020774720943483,0.751937984496124,0.8217054263565892,,,{},4979.TWO,2014-01-08,2014-01-09
0.04987932639577183,813000,0,0.05,1.1834625322997419,1.0,D-1 estimated accounting; fill-day constraints require ledger audit,momentum,V4_MOMENTUM_full,disabled,2014-01-08,risk_on,0.014114150981170867,0.0077778243924491175,0.03538811806331199,0.5968992248062015,0.08020774720943483,0.751937984496124,0.8217054263565892,,,{},5483.TWO,2014-01-08,2014-01-09
0.04202985411908905,1194000,0,0.016666666666666663,0.7953488372093024,1.0,D-1 estimated accounting; fill-day constraints require ledger audit,momentum,V4_MOMENTUM_full,disabled,2014-01-08,risk_on,0.014114150981170867,0.0077778243924491175,0.03538811806331199,0.5968992248062015,0.08020774720943483,0.751937984496124,0.8217054263565892,,,{},6023.TWO,2014-01-08,2014-01-09
0.03788443314622786,1425000,0,0.04844961240310078,1.165891472868217,1.0,D-1 estimated accounting; fill-day constraints require ledger audit,momentum,V4_MOMENTUM_full,disabled,2014-01-08,risk_on,0.014114150981170867,0.0077778243924491175,0.03538811806331199,0.5968992248062015,0.08020774720943483,0.751937984496124,0.8217054263565892,,,{},6274.TWO,2014-01-08,2014-01-09
0.04345554011155035,1526000,0,0.03604651162790697,0.9870801033591731,1.0,D-1 estimated accounting; fill-day constraints require ledger audit,momentum,V4_MOMENTUM_full,disabled,2014-01-08,risk_on,0.014114150981170867,0.0077778243924491175,0.03538811806331199,0.5968992248062015,0.08020774720943483,0.751937984496124,0.8217054263565892,,,{},6290.TWO,2014-01-08,2014-01-09
0.0420723810833101,1106000,0,0.03062015503875969,0.9136950904392764,1.0,D-1 estimated accounting; fill-day constraints require ledger audit,momentum,V4_MOMENTUM_full,disabled,2014-01-08,risk_on,0.014114150981170867,0.0077778243924491175,0.03538811806331199,0.5968992248062015,0.08020774720943483,0.751937984496124,0.8217054263565892,,,{},8046.TW,2014-01-08,2014-01-09
0.03701618768816561,1335000,0,0.04302325581395349,1.0594315245478034,1.0,D-1 estimated accounting; fill-day constraints require ledger audit,momentum,V4_MOMENTUM_full,disabled,2014-01-09,risk_on,0.014315512653798861,-0.0016155458215386664,0.03235287727022551,0.46511627906976744,0.084041586852355,0.7054263565891473,0.7984496124031008,,,{},1785.TWO,2014-01-09,2014-01-10
0.04241693739221582,111000,0,0.029844961240310077,0.9049095607235141,1.0,D-1 estimated accounting; fill-day constraints require ledger audit,momentum,V4_MOMENTUM_full,disabled,2014-01-09,risk_on,0.014315512653798861,-0.0016155458215386664,0.03235287727022551,0.46511627906976744,0.084041586852355,0.7054263565891473,0.7984496124031008,,,{},2207.TW,2014-01-09,2014-01-10
0.03982766901846244,3178000,0,0.05,1.2113695090439276,1.0,D-1 estimated accounting; fill-day constraints require ledger audit,momentum,V4_MOMENTUM_full,disabled,2014-01-09,risk_on,0.014315512653798861,-0.0016155458215386664,0.03235287727022551,0.46511627906976744,0.084041586852355,0.7054263565891473,0.7984496124031008,,,{},2327.TW,2014-01-09,2014-01-10
0.04190148954173807,5160000,0,0.011240310077519378,0.6935400516795865,1.0,D-1 estimated accounting; fill-day constraints require ledger audit,momentum,V4_MOMENTUM_full,disabled,2014-01-09,risk_on,0.014315512653798861,-0.0016155458215386664,0.03235287727022551,0.46511627906976744,0.084041586852355,0.7054263565891473,0.7984496124031008,,,{},2344.TW,2014-01-09,2014-01-10
0.042375211377481986,872000,0,0.02596899224806202,0.8299741602067183,1.0,D-1 estimated accounting; fill-day constraints require ledger audit,momentum,V4_MOMENTUM_full,disabled,2014-01-09,risk_on,0.014315512653798861,-0.0016155458215386664,0.03235287727022551,0.46511627906976744,0.084041586852355,0.7054263565891473,0.7984496124031008,,,{},2347.TW,2014-01-09,2014-01-10
0.04202092368048792,5734000,0,0.008139534883720934,0.6532299741602067,1.0,D-1 estimated accounting; fill-day constraints require ledger audit,momentum,V4_MOMENTUM_full,disabled,2014-01-09,risk_on,0.014315512653798861,-0.0016155458215386664,0.03235287727022551,0.46511627906976744,0.084041586852355,0.7054263565891473,0.7984496124031008,,,{},2368.TW,2014-01-09,2014-01-10
0.041236730222320904,515000,0,-0.0003875968992248069,0.5720930232558139,1.0,D-1 estimated accounting; fill-day constraints require ledger audit,momentum,V4_MOMENTUM_full,disabled,2014-01-09,risk_on,0.014315512653798861,-0.0016155458215386664,0.03235287727022551,0.46511627906976744,0.084041586852355,0.7054263565891473,0.7984496124031008,,,{},2379.TW,2014-01-09,2014-01-10
0.04029680475168605,199000,0,0.008914728682170548,0.6630490956072352,1.0,D-1 estimated accounting; fill-day constraints require ledger audit,momentum,V4_MOMENTUM_full,disabled,2014-01-09,risk_on,0.014315512653798861,-0.0016155458215386664,0.03235287727022551,0.46511627906976744,0.084041586852355,0.7054263565891473,0.7984496124031008,,,{},2395.TW,2014-01-09,2014-01-10
0.04318153340682616,7338000,7338000,0.04922480620155039,1.1834625322997419,1.0,D-1 estimated accounting; fill-day constraints require ledger audit,momentum,V4_MOMENTUM_full,disabled,2014-01-09,risk_on,0.014315512653798861,-0.0016155458215386664,0.03235287727022551,0.46511627906976744,0.084041586852355,0.7054263565891473,0.7984496124031008,,,{},2408.TW,2014-01-09,2014-01-10
0.0,0,-2018000,-0.008139534883720928,0.5064599483204133,1.0,D-1 estimated accounting; fill-day constraints require ledger audit,momentum,V4_MOMENTUM_full,disabled,2014-01-09,risk_on,0.014315512653798861,-0.0016155458215386664,0.03235287727022551,0.46511627906976744,0.084041586852355,0.7054263565891473,0.7984496124031008,,,{},2449.TW,2014-01-09,2014-01-10
0.040495210072195205,2959000,0,0.0011627906976744208,0.5891472868217053,1.0,D-1 estimated accounting; fill-day constraints require ledger audit,momentum,V4_MOMENTUM_full,disabled,2014-01-09,risk_on,0.014315512653798861,-0.0016155458215386664,0.03235287727022551,0.46511627906976744,0.084041586852355,0.7054263565891473,0.7984496124031008,,,{},2609.TW,2014-01-09,2014-01-10
0.04115836550876374,854000,0,0.0003875968992248069,0.5870801033591733,1.0,D-1 estimated accounting; fill-day constraints require ledger audit,momentum,V4_MOMENTUM_full,disabled,2014-01-09,risk_on,0.014315512653798861,-0.0016155458215386664,0.03235287727022551,0.46511627906976744,0.084041586852355,0.7054263565891473,0.7984496124031008,,,{},2882.TW,2014-01-09,2014-01-10
0.04020738828287506,2318000,0,0.003488372093023251,0.6196382428940568,1.0,D-1 estimated accounting; fill-day constraints require ledger audit,momentum,V4_MOMENTUM_full,disabled,2014-01-09,risk_on,0.014315512653798861,-0.0016155458215386664,0.03235287727022551,0.46511627906976744,0.084041586852355,0.7054263565891473,0.7984496124031008,,,{},2885.TW,2014-01-09,2014-01-10
0.0440301929312402,2033000,0,0.04224806201550388,1.0501291989664083,1.0,D-1 estimated accounting; fill-day constraints require ledger audit,momentum,V4_MOMENTUM_full,disabled,2014-01-09,risk_on,0.014315512653798861,-0.0016155458215386664,0.03235287727022551,0.46511627906976744,0.084041586852355,0.7054263565891473,0.7984496124031008,,,{},3017.TW,2014-01-09,2014-01-10
0.04204929737050693,1487000,0,0.02441860465116279,0.8155038759689922,1.0,D-1 estimated accounting; fill-day constraints require ledger audit,momentum,V4_MOMENTUM_full,disabled,2014-01-09,risk_on,0.014315512653798861,-0.0016155458215386664,0.03235287727022551,0.46511627906976744,0.084041586852355,0.7054263565891473,0.7984496124031008,,,{},3105.TWO,2014-01-09,2014-01-10
0.03777865855800152,574000,0,0.046899224806201546,1.1338501291989664,1.0,D-1 estimated accounting; fill-day constraints require ledger audit,momentum,V4_MOMENTUM_full,disabled,2014-01-09,risk_on,0.014315512653798861,-0.0016155458215386664,0.03235287727022551,0.46511627906976744,0.084041586852355,0.7054263565891473,0.7984496124031008,,,{},3491.TWO,2014-01-09,2014-01-10
0.04276262426743411,764000,0,0.02209302325581395,0.80671834625323,1.0,D-1 estimated accounting; fill-day constraints require ledger audit,momentum,V4_MOMENTUM_full,disabled,2014-01-09,risk_on,0.014315512653798861,-0.0016155458215386664,0.03235287727022551,0.46511627906976744,0.084041586852355,0.7054263565891473,0.7984496124031008,,,{},3680.TWO,2014-01-09,2014-01-10
0.042108941763940276,176000,0,0.018992248062015507,0.8020671834625321,1.0,D-1 estimated accounting; fill-day constraints require ledger audit,momentum,V4_MOMENTUM_full,disabled,2014-01-09,risk_on,0.014315512653798861,-0.0016155458215386664,0.03235287727022551,0.46511627906976744,0.084041586852355,0.7054263565891473,0.7984496124031008,,,{},4966.TWO,2014-01-09,2014-01-10
0.04852071405802466,813000,0,0.04844961240310078,1.178811369509044,1.0,D-1 estimated accounting; fill-day constraints require ledger audit,momentum,V4_MOMENTUM_full,disabled,2014-01-09,risk_on,0.014315512653798861,-0.0016155458215386664,0.03235287727022551,0.46511627906976744,0.084041586852355,0.7054263565891473,0.7984496124031008,,,{},5483.TWO,2014-01-09,2014-01-10
0.04244778707638239,1194000,0,0.025193798449612406,0.8284237726098191,1.0,D-1 estimated accounting; fill-day constraints require ledger audit,momentum,V4_MOMENTUM_full,disabled,2014-01-09,risk_on,0.014315512653798861,-0.0016155458215386664,0.03235287727022551,0.46511627906976744,0.084041586852355,0.7054263565891473,0.7984496124031008,,,{},6023.TWO,2014-01-09,2014-01-10
0.03801031938695019,1425000,0,0.04767441860465116,1.1622739018087855,1.0,D-1 estimated accounting; fill-day constraints require ledger audit,momentum,V4_MOMENTUM_full,disabled,2014-01-09,risk_on,0.014315512653798861,-0.0016155458215386664,0.03235287727022551,0.46511627906976744,0.084041586852355,0.7054263565891473,0.7984496124031008,,,{},6274.TWO,2014-01-09,2014-01-10
0.042845725447528626,1526000,0,0.03449612403100775,0.9503875968992248,1.0,D-1 estimated accounting; fill-day constraints require ledger audit,momentum,V4_MOMENTUM_full,disabled,2014-01-09,risk_on,0.014315512653798861,-0.0016155458215386664,0.03235287727022551,0.46511627906976744,0.084041586852355,0.7054263565891473,0.7984496124031008,,,{},6290.TWO,2014-01-09,2014-01-10
0.042370875881656785,1106000,0,0.03682170542635659,0.971576227390181,1.0,D-1 estimated accounting; fill-day constraints require ledger audit,momentum,V4_MOMENTUM_full,disabled,2014-01-09,risk_on,0.014315512653798861,-0.0016155458215386664,0.03235287727022551,0.46511627906976744,0.084041586852355,0.7054263565891473,0.7984496124031008,,,{},8046.TW,2014-01-09,2014-01-10
0.03646229517382358,1335000,0,0.03062015503875969,0.8976744186046511,1.0,D-1 estimated accounting; fill-day constraints require ledger audit,momentum,V4_MOMENTUM_full,disabled,2014-01-10,risk_on,0.014315512653798861,0.0032894188574299488,0.046647298087680866,0.5658914728682171,0.08080072958061654,0.751937984496124,0.813953488372093,,,{},1785.TWO,2014-01-10,2014-01-13
0.04208176225216871,111000,0,0.01356589147286822,0.6842377260981912,1.0,D-1 estimated accounting; fill-day constraints require ledger audit,momentum,V4_MOMENTUM_full,disabled,2014-01-10,risk_on,0.014315512653798861,0.0032894188574299488,0.046647298087680866,0.5658914728682171,0.08080072958061654,0.751937984496124,0.813953488372093,,,{},2207.TW,2014-01-10,2014-01-13
0.039880760816751216,3178000,0,0.05,1.1984496124031008,1.0,D-1 estimated accounting; fill-day constraints require ledger audit,momentum,V4_MOMENTUM_full,disabled,2014-01-10,risk_on,0.014315512653798861,0.0032894188574299488,0.046647298087680866,0.5658914728682171,0.08080072958061654,0.751937984496124,0.813953488372093,,,{},2327.TW,2014-01-10,2014-01-13
0.042009145014068015,5160000,0,0.00736434108527132,0.6470284237726098,1.0,D-1 estimated accounting; fill-day constraints require ledger audit,momentum,V4_MOMENTUM_full,disabled,2014-01-10,risk_on,0.014315512653798861,0.0032894188574299488,0.046647298087680866,0.5658914728682171,0.08080072958061654,0.751937984496124,0.813953488372093,,,{},2344.TW,2014-01-10,2014-01-13
0.041687283372169134,872000,0,0.014341085271317833,0.6904392764857881,1.0,D-1 estimated accounting; fill-day constraints require ledger audit,momentum,V4_MOMENTUM_full,disabled,2014-01-10,risk_on,0.014315512653798861,0.0032894188574299488,0.046647298087680866,0.5658914728682171,0.08080072958061654,0.751937984496124,0.813953488372093,,,{},2347.TW,2014-01-10,2014-01-13
0.043631080562774684,5734000,0,0.03604651162790697,0.951421188630491,1.0,D-1 estimated accounting; fill-day constraints require ledger audit,momentum,V4_MOMENTUM_full,disabled,2014-01-10,risk_on,0.014315512653798861,0.0032894188574299488,0.046647298087680866,0.5658914728682171,0.08080072958061654,0.751937984496124,0.813953488372093,,,{},2368.TW,2014-01-10,2014-01-13
0.04118821238200172,515000,0,-0.005038759689922479,0.5395348837209302,1.0,D-1 estimated accounting; fill-day constraints require ledger audit,momentum,V4_MOMENTUM_full,disabled,2014-01-10,risk_on,0.014315512653798861,0.0032894188574299488,0.046647298087680866,0.5658914728682171,0.08080072958061654,0.751937984496124,0.813953488372093,,,{},2379.TW,2014-01-10,2014-01-13
0.040250396561178306,199000,0,0.011240310077519378,0.6770025839793281,1.0,D-1 estimated accounting; fill-day constraints require ledger audit,momentum,V4_MOMENTUM_full,disabled,2014-01-10,risk_on,0.014315512653798861,0.0032894188574299488,0.046647298087680866,0.5658914728682171,0.08080072958061654,0.751937984496124,0.813953488372093,,,{},2395.TW,2014-01-10,2014-01-13
0.04309177373061038,7338000,0,0.04922480620155039,1.193798449612403,1.0,D-1 estimated accounting; fill-day constraints require ledger audit,momentum,V4_MOMENTUM_full,disabled,2014-01-10,risk_on,0.014315512653798861,0.0032894188574299488,0.046647298087680866,0.5658914728682171,0.08080072958061654,0.751937984496124,0.813953488372093,,,{},2408.TW,2014-01-10,2014-01-13
0.040994787241604984,2959000,0,0.01744186046511628,0.7235142118863049,1.0,D-1 estimated accounting; fill-day constraints require ledger audit,momentum,V4_MOMENTUM_full,disabled,2014-01-10,risk_on,0.014315512653798861,0.0032894188574299488,0.046647298087680866,0.5658914728682171,0.08080072958061654,0.751937984496124,0.813953488372093,,,{},2609.TW,2014-01-10,2014-01-13
0.0,0,-854000,-0.008139534883720928,0.5240310077519379,1.0,D-1 estimated accounting; fill-day constraints require ledger audit,momentum,V4_MOMENTUM_full,disabled,2014-01-10,risk_on,0.014315512653798861,0.0032894188574299488,0.046647298087680866,0.5658914728682171,0.08080072958061654,0.751937984496124,0.813953488372093,,,{},2882.TW,2014-01-10,2014-01-13
0.04026098626139203,2318000,0,0.015116279069767447,0.6945736434108528,1.0,D-1 estimated accounting; fill-day constraints require ledger audit,momentum,V4_MOMENTUM_full,disabled,2014-01-10,risk_on,0.014315512653798861,0.0032894188574299488,0.046647298087680866,0.5658914728682171,0.08080072958061654,0.751937984496124,0.813953488372093,,,{},2885.TW,2014-01-10,2014-01-13
0.04317036837769426,2033000,0,0.012015503875968992,0.6816537467700259,1.0,D-1 estimated accounting; fill-day constraints require ledger audit,momentum,V4_MOMENTUM_full,disabled,2014-01-10,risk_on,0.014315512653798861,0.0032894188574299488,0.046647298087680866,0.5658914728682171,0.08080072958061654,0.751937984496124,0.813953488372093,,,{},3017.TW,2014-01-10,2014-01-13
0.042627934823618506,1487000,0,0.02906976744186046,0.882687338501292,1.0,D-1 estimated accounting; fill-day constraints require ledger audit,momentum,V4_MOMENTUM_full,disabled,2014-01-10,risk_on,0.014315512653798861,0.0032894188574299488,0.046647298087680866,0.5658914728682171,0.08080072958061654,0.751937984496124,0.813953488372093,,,{},3105.TWO,2014-01-10,2014-01-13
0.037310023260601295,574000,0,0.04302325581395349,1.0496124031007754,1.0,D-1 estimated accounting; fill-day constraints require ledger audit,momentum,V4_MOMENTUM_full,disabled,2014-01-10,risk_on,0.014315512653798861,0.0032894188574299488,0.046647298087680866,0.5658914728682171,0.08080072958061654,0.751937984496124,0.813953488372093,,,{},3491.TWO,2014-01-10,2014-01-13
0.0432259015686255,485000,485000,0.04844961240310078,1.1695090439276485,1.0,D-1 estimated accounting; fill-day constraints require ledger audit,momentum,V4_MOMENTUM_full,disabled,2014-01-10,risk_on,0.014315512653798861,0.0032894188574299488,0.046647298087680866,0.5658914728682171,0.08080072958061654,0.751937984496124,0.813953488372093,,,{},3529.TWO,2014-01-10,2014-01-13
0.04389395606883852,764000,0,0.03217054263565892,0.9131782945736435,1.0,D-1 estimated accounting; fill-day constraints require ledger audit,momentum,V4_MOMENTUM_full,disabled,2014-01-10,risk_on,0.014315512653798861,0.0032894188574299488,0.046647298087680866,0.5658914728682171,0.08080072958061654,0.751937984496124,0.813953488372093,,,{},3680.TWO,2014-01-10,2014-01-13
0.04074776115415487,176000,0,0.012790697674418606,0.6832041343669251,1.0,D-1 estimated accounting; fill-day constraints require ledger audit,momentum,V4_MOMENTUM_full,disabled,2014-01-10,risk_on,0.014315512653798861,0.0032894188574299488,0.046647298087680866,0.5658914728682171,0.08080072958061654,0.751937984496124,0.813953488372093,,,{},4966.TWO,2014-01-10,2014-01-13
0.04899367463811551,813000,0,0.04612403100775195,1.1410852713178294,1.0,D-1 estimated accounting; fill-day constraints require ledger audit,momentum,V4_MOMENTUM_full,disabled,2014-01-10,risk_on,0.014315512653798861,0.0032894188574299488,0.046647298087680866,0.5658914728682171,0.08080072958061654,0.751937984496124,0.813953488372093,,,{},5483.TWO,2014-01-10,2014-01-13
0.04262427108847347,1194000,0,0.027519379844961247,0.8656330749354005,1.0,D-1 estimated accounting; fill-day constraints require ledger audit,momentum,V4_MOMENTUM_full,disabled,2014-01-10,risk_on,0.014315512653798861,0.0032894188574299488,0.046647298087680866,0.5658914728682171,0.08080072958061654,0.751937984496124,0.813953488372093,,,{},6023.TWO,2014-01-10,2014-01-13
0.03841870464719553,1425000,0,0.04767441860465116,1.158139534883721,1.0,D-1 estimated accounting; fill-day constraints require ledger audit,momentum,V4_MOMENTUM_full,disabled,2014-01-10,risk_on,0.014315512653798861,0.0032894188574299488,0.046647298087680866,0.5658914728682171,0.08080072958061654,0.751937984496124,0.813953488372093,,,{},6274.TWO,2014-01-10,2014-01-13
0.043056064859984464,1526000,0,0.02596899224806202,0.8645994832041343,1.0,D-1 estimated accounting; fill-day constraints require ledger audit,momentum,V4_MOMENTUM_full,disabled,2014-01-10,risk_on,0.014315512653798861,0.0032894188574299488,0.046647298087680866,0.5658914728682171,0.08080072958061654,0.751937984496124,0.813953488372093,,,{},6290.TWO,2014-01-10,2014-01-13
0.04187202596215367,1106000,0,0.004263565891472865,0.6320413436692507,1.0,D-1 estimated accounting; fill-day constraints require ledger audit,momentum,V4_MOMENTUM_full,disabled,2014-01-10,risk_on,0.014315512653798861,0.0032894188574299488,0.046647298087680866,0.5658914728682171,0.08080072958061654,0.751937984496124,0.813953488372093,,,{},8046.TW,2014-01-10,2014-01-13
0.03704791973613915,1335000,0,0.022868217054263562,0.8258397932816537,1.0,D-1 estimated accounting; fill-day constraints require ledger audit,momentum,V4_MOMENTUM_full,disabled,2014-01-13,risk_on,0.01428737529799746,0.006711392213426537,0.04500004582489425,0.6201550387596899,0.07834126014931664,0.7209302325581395,0.7984496124031008,,,{},1785.TWO,2014-01-13,2014-01-14
0.042173633218582474,111000,0,0.01821705426356589,0.7602067183462533,1.0,D-1 estimated accounting; fill-day constraints require ledger audit,momentum,V4_MOMENTUM_full,disabled,2014-01-13,risk_on,0.01428737529799746,0.006711392213426537,0.04500004582489425,0.6201550387596899,0.07834126014931664,0.7209302325581395,0.7984496124031008,,,{},2207.TW,2014-01-13,2014-01-14
0.04065904742686827,3178000,0,0.05,1.2005167958656329,1.0,D-1 estimated accounting; fill-day constraints require ledger audit,momentum,V4_MOMENTUM_full,disabled,2014-01-13,risk_on,0.01428737529799746,0.006711392213426537,0.04500004582489425,0.6201550387596899,0.07834126014931664,0.7209302325581395,0.7984496124031008,,,{},2327.TW,2014-01-13,2014-01-14
0.04198918408394459,5160000,0,-0.005038759689922479,0.5488372093023256,1.0,D-1 estimated accounting; fill-day constraints require ledger audit,momentum,V4_MOMENTUM_full,disabled,2014-01-13,risk_on,0.01428737529799746,0.006711392213426537,0.04500004582489425,0.6201550387596899,0.07834126014931664,0.7209302325581395,0.7984496124031008,,,{},2344.TW,2014-01-13,2014-01-14
0.04232400072411078,872000,0,0.01356589147286822,0.7121447028423772,1.0,D-1 estimated accounting; fill-day constraints require ledger audit,momentum,V4_MOMENTUM_full,disabled,2014-01-13,risk_on,0.01428737529799746,0.006711392213426537,0.04500004582489425,0.6201550387596899,0.07834126014931664,0.7209302325581395,0.7984496124031008,,,{},2347.TW,2014-01-13,2014-01-14
0.04338021519138317,5734000,0,0.020542635658914732,0.7906976744186047,1.0,D-1 estimated accounting; fill-day constraints require ledger audit,momentum,V4_MOMENTUM_full,disabled,2014-01-13,risk_on,0.01428737529799746,0.006711392213426537,0.04500004582489425,0.6201550387596899,0.07834126014931664,0.7209302325581395,0.7984496124031008,,,{},2368.TW,2014-01-13,2014-01-14
0.04111692212468632,515000,0,-0.004263565891472871,0.5571059431524547,1.0,D-1 estimated accounting; fill-day constraints require ledger audit,momentum,V4_MOMENTUM_full,disabled,2014-01-13,risk_on,0.01428737529799746,0.006711392213426537,0.04500004582489425,0.6201550387596899,0.07834126014931664,0.7209302325581395,0.7984496124031008,,,{},2379.TW,2014-01-13,2014-01-14
0.040231271312308595,199000,0,0.0019379844961240345,0.5979328165374677,1.0,D-1 estimated accounting; fill-day constraints require ledger audit,momentum,V4_MOMENTUM_full,disabled,2014-01-13,risk_on,0.01428737529799746,0.006711392213426537,0.04500004582489425,0.6201550387596899,0.07834126014931664,0.7209302325581395,0.7984496124031008,,,{},2395.TW,2014-01-13,2014-01-14
0.04380755989291615,7338000,0,0.04922480620155039,1.1912144702842378,1.0,D-1 estimated accounting; fill-day constraints require ledger audit,momentum,V4_MOMENTUM_full,disabled,2014-01-13,risk_on,0.01428737529799746,0.006711392213426537,0.04500004582489425,0.6201550387596899,0.07834126014931664,0.7209302325581395,0.7984496124031008,,,{},2408.TW,2014-01-13,2014-01-14
0.040975308290455655,2959000,0,0.004263565891472865,0.6232558139534884,1.0,D-1 estimated accounting; fill-day constraints require ledger audit,momentum,V4_MOMENTUM_full,disabled,2014-01-13,risk_on,0.01428737529799746,0.006711392213426537,0.04500004582489425,0.6201550387596899,0.07834126014931664,0.7209302325581395,0.7984496124031008,,,{},2609.TW,2014-01-13,2014-01-14
0.04035816192289537,2318000,0,0.009689922480620151,0.6547803617571059,1.0,D-1 estimated accounting; fill-day constraints require ledger audit,momentum,V4_MOMENTUM_full,disabled,2014-01-13,risk_on,0.01428737529799746,0.006711392213426537,0.04500004582489425,0.6201550387596899,0.07834126014931664,0.7209302325581395,0.7984496124031008,,,{},2885.TW,2014-01-13,2014-01-14
0.042639810108949294,2033000,0,0.003488372093023251,0.6103359173126615,1.0,D-1 estimated accounting; fill-day constraints require ledger audit,momentum,V4_MOMENTUM_full,disabled,2014-01-13,risk_on,0.01428737529799746,0.006711392213426537,0.04500004582489425,0.6201550387596899,0.07834126014931664,0.7209302325581395,0.7984496124031008,,,{},3017.TW,2014-01-13,2014-01-14
0.04268229927564903,1487000,0,0.02596899224806202,0.8439276485788113,1.0,D-1 estimated accounting; fill-day constraints require ledger audit,momentum,V4_MOMENTUM_full,disabled,2014-01-13,risk_on,0.01428737529799746,0.006711392213426537,0.04500004582489425,0.6201550387596899,0.07834126014931664,0.7209302325581395,0.7984496124031008,,,{},3105.TWO,2014-01-13,2014-01-14
0.03792632180638214,574000,0,0.023643410852713178,0.8289405684754522,1.0,D-1 estimated accounting; fill-day constraints require ledger audit,momentum,V4_MOMENTUM_full,disabled,2014-01-13,risk_on,0.01428737529799746,0.006711392213426537,0.04500004582489425,0.6201550387596899,0.07834126014931664,0.7209302325581395,0.7984496124031008,,,{},3491.TWO,2014-01-13,2014-01-14
0.04276697662321592,485000,0,0.04767441860465116,1.1307493540051679,1.0,D-1 estimated accounting; fill-day constraints require ledger audit,momentum,V4_MOMENTUM_full,disabled,2014-01-13,risk_on,0.01428737529799746,0.006711392213426537,0.04500004582489425,0.6201550387596899,0.07834126014931664,0.7209302325581395,0.7984496124031008,,,{},3529.TWO,2014-01-13,2014-01-14
0.042339075097892684,764000,0,0.01744186046511628,0.7596899224806203,1.0,D-1 estimated accounting; fill-day constraints require ledger audit,momentum,V4_MOMENTUM_full,disabled,2014-01-13,risk_on,0.01428737529799746,0.006711392213426537,0.04500004582489425,0.6201550387596899,0.07834126014931664,0.7209302325581395,0.7984496124031008,,,{},3680.TWO,2014-01-13,2014-01-14
0.04072839957912611,176000,0,0.015116279069767447,0.7260981912144704,1.0,D-1 estimated accounting; fill-day constraints require ledger audit,momentum,V4_MOMENTUM_full,disabled,2014-01-13,risk_on,0.01428737529799746,0.006711392213426537,0.04500004582489425,0.6201550387596899,0.07834126014931664,0.7209302325581395,0.7984496124031008,,,{},4966.TWO,2014-01-13,2014-01-14
0.0472564311377299,813000,0,0.027519379844961247,0.8625322997416022,1.0,D-1 estimated accounting; fill-day constraints require ledger audit,momentum,V4_MOMENTUM_full,disabled,2014-01-13,risk_on,0.01428737529799746,0.006711392213426537,0.04500004582489425,0.6201550387596899,0.07834126014931664,0.7209302325581395,0.7984496124031008,,,{},5483.TWO,2014-01-13,2014-01-14
0.04302346671688273,1194000,0,0.03604651162790697,0.9286821705426358,1.0,D-1 estimated accounting; fill-day constraints require ledger audit,momentum,V4_MOMENTUM_full,disabled,2014-01-13,risk_on,0.01428737529799746,0.006711392213426537,0.04500004582489425,0.6201550387596899,0.07834126014931664,0.7209302325581395,0.7984496124031008,,,{},6023.TWO,2014-01-13,2014-01-14
0.03933006956524738,1425000,0,0.04612403100775195,1.0852713178294573,1.0,D-1 estimated accounting; fill-day constraints require ledger audit,momentum,V4_MOMENTUM_full,disabled,2014-01-13,risk_on,0.01428737529799746,0.006711392213426537,0.04500004582489425,0.6201550387596899,0.07834126014931664,0.7209302325581395,0.7984496124031008,,,{},6274.TWO,2014-01-13,2014-01-14
0.043035606478796944,1526000,0,0.03449612403100775,0.9147286821705427,1.0,D-1 estimated accounting; fill-day constraints require ledger audit,momentum,V4_MOMENTUM_full,disabled,2014-01-13,risk_on,0.01428737529799746,0.006711392213426537,0.04500004582489425,0.6201550387596899,0.07834126014931664,0.7209302325581395,0.7984496124031008,,,{},6290.TWO,2014-01-13,2014-01-14
0.04174111657715961,1106000,0,0.0003875968992248069,0.5839793281653748,1.0,D-1 estimated accounting; fill-day constraints require ledger audit,momentum,V4_MOMENTUM_full,disabled,2014-01-13,risk_on,0.01428737529799746,0.006711392213426537,0.04500004582489425,0.6201550387596899,0.07834126014931664,0.7209302325581395,0.7984496124031008,,,{},8046.TW,2014-01-13,2014-01-14
0.03695344987336779,1335000,0,0.029844961240310077,0.851421188630491,1.0,D-1 estimated accounting; fill-day constraints require ledger audit,momentum,V4_MOMENTUM_full,disabled,2014-01-14,risk_on,0.014138792345733793,0.0,0.04260985352862878,0.4883720930232558,0.07852608197857004,0.6976744186046512,0.7674418604651163,,,{},1785.TWO,2014-01-14,2014-01-15
0.04242878265393577,111000,0,0.03062015503875969,0.8532299741602067,1.0,D-1 estimated accounting; fill-day constraints require ledger audit,momentum,V4_MOMENTUM_full,disabled,2014-01-14,risk_on,0.014138792345733793,0.0,0.04260985352862878,0.4883720930232558,0.07852608197857004,0.6976744186046512,0.7674418604651163,,,{},2207.TW,2014-01-14,2014-01-15
0.04037025651140651,3178000,0,0.05,1.181395348837209,1.0,D-1 estimated accounting; fill-day constraints require ledger audit,momentum,V4_MOMENTUM_full,disabled,2014-01-14,risk_on,0.014138792345733793,0.0,0.04260985352862878,0.4883720930232558,0.07852608197857004,0.6976744186046512,0.7674418604651163,,,{},2327.TW,2014-01-14,2014-01-15
0.041771115732406446,5160000,0,-0.022093023255813957,0.44392764857881134,1.0,D-1 estimated accounting; fill-day constraints require ledger audit,momentum,V4_MOMENTUM_full,disabled,2014-01-14,risk_on,0.014138792345733793,0.0,0.04260985352862878,0.4883720930232558,0.07852608197857004,0.6976744186046512,0.7674418604651163,,,{},2344.TW,2014-01-14,2014-01-15
0.04546997618624769,872000,0,0.04767441860465116,1.111111111111111,1.0,D-1 estimated accounting; fill-day constraints require ledger audit,momentum,V4_MOMENTUM_full,disabled,2014-01-14,risk_on,0.014138792345733793,0.0,0.04260985352862878,0.4883720930232558,0.07852608197857004,0.6976744186046512,0.7674418604651163,,,{},2347.TW,2014-01-14,2014-01-15
0.042659981907688195,5734000,0,0.008139534883720934,0.6273901808785529,1.0,D-1 estimated accounting; fill-day constraints require ledger audit,momentum,V4_MOMENTUM_full,disabled,2014-01-14,risk_on,0.014138792345733793,0.0,0.04260985352862878,0.4883720930232558,0.07852608197857004,0.6976744186046512,0.7674418604651163,,,{},2368.TW,2014-01-14,2014-01-15
0.0,0,-515000,-0.03837209302325582,0.2940568475452197,1.0,D-1 estimated accounting; fill-day constraints require ledger audit,momentum,V4_MOMENTUM_full,disabled,2014-01-14,risk_on,0.014138792345733793,0.0,0.04260985352862878,0.4883720930232558,0.07852608197857004,0.6976744186046512,0.7674418604651163,,,{},2379.TW,2014-01-14,2014-01-15
0.037988357851420934,504000,504000,0.046899224806201546,1.1002583979328164,1.0,D-1 estimated accounting; fill-day constraints require ledger audit,momentum,V4_MOMENTUM_full,disabled,2014-01-14,risk_on,0.014138792345733793,0.0,0.04260985352862878,0.4883720930232558,0.07852608197857004,0.6976744186046512,0.7674418604651163,,,{},2382.TW,2014-01-14,2014-01-15
0.0,0,-199000,-0.025193798449612406,0.4320413436692506,1.0,D-1 estimated accounting; fill-day constraints require ledger audit,momentum,V4_MOMENTUM_full,disabled,2014-01-14,risk_on,0.014138792345733793,0.0,0.04260985352862878,0.4883720930232558,0.07852608197857004,0.6976744186046512,0.7674418604651163,,,{},2395.TW,2014-01-14,2014-01-15
0.04379229980851063,7338000,0,0.04922480620155039,1.17984496124031,1.0,D-1 estimated accounting; fill-day constraints require ledger audit,momentum,V4_MOMENTUM_full,disabled,2014-01-14,risk_on,0.014138792345733793,0.0,0.04260985352862878,0.4883720930232558,0.07852608197857004,0.6976744186046512,0.7674418604651163,,,{},2408.TW,2014-01-14,2014-01-15
0.04042279950539781,2959000,0,-0.02441860465116279,0.43359173126614986,1.0,D-1 estimated accounting; fill-day constraints require ledger audit,momentum,V4_MOMENTUM_full,disabled,2014-01-14,risk_on,0.014138792345733793,0.0,0.04260985352862878,0.4883720930232558,0.07852608197857004,0.6976744186046512,0.7674418604651163,,,{},2609.TW,2014-01-14,2014-01-15
0.0400811314418323,2318000,0,0.010465116279069764,0.6527131782945736,1.0,D-1 estimated accounting; fill-day constraints require ledger audit,momentum,V4_MOMENTUM_full,disabled,2014-01-14,risk_on,0.014138792345733793,0.0,0.04260985352862878,0.4883720930232558,0.07852608197857004,0.6976744186046512,0.7674418604651163,,,{},2885.TW,2014-01-14,2014-01-15
0.04284096165140423,2033000,0,-0.002713178294573643,0.5591731266149871,1.0,D-1 estimated accounting; fill-day constraints require ledger audit,momentum,V4_MOMENTUM_full,disabled,2014-01-14,risk_on,0.014138792345733793,0.0,0.04260985352862878,0.4883720930232558,0.07852608197857004,0.6976744186046512,0.7674418604651163,,,{},3017.TW,2014-01-14,2014-01-15
0.04243382274928266,1487000,0,0.02209302325581395,0.7622739018087856,1.0,D-1 estimated accounting; fill-day constraints require ledger audit,momentum,V4_MOMENTUM_full,disabled,2014-01-14,risk_on,0.014138792345733793,0.0,0.04260985352862878,0.4883720930232558,0.07852608197857004,0.6976744186046512,0.7674418604651163,,,{},3105.TWO,2014-01-14,2014-01-15
0.038047326966979524,574000,0,0.025193798449612406,0.7881136950904393,1.0,D-1 estimated accounting; fill-day constraints require ledger audit,momentum,V4_MOMENTUM_full,disabled,2014-01-14,risk_on,0.014138792345733793,0.0,0.04260985352862878,0.4883720930232558,0.07852608197857004,0.6976744186046512,0.7674418604651163,,,{},3491.TWO,2014-01-14,2014-01-15
0.04287084941681126,485000,0,0.04844961240310078,1.1550387596899223,1.0,D-1 estimated accounting; fill-day constraints require ledger audit,momentum,V4_MOMENTUM_full,disabled,2014-01-14,risk_on,0.014138792345733793,0.0,0.04260985352862878,0.4883720930232558,0.07852608197857004,0.6976744186046512,0.7674418604651163,,,{},3529.TWO,2014-01-14,2014-01-15
0.03797081831961377,430000,430000,0.04612403100775195,1.0981912144702841,1.0,D-1 estimated accounting; fill-day constraints require ledger audit,momentum,V4_MOMENTUM_full,disabled,2014-01-14,risk_on,0.014138792345733793,0.0,0.04260985352862878,0.4883720930232558,0.07852608197857004,0.6976744186046512,0.7674418604651163,,,{},3653.TW,2014-01-14,2014-01-15
0.04207642958823486,764000,0,-0.00736434108527132,0.5348837209302325,1.0,D-1 estimated accounting; fill-day constraints require ledger audit,momentum,V4_MOMENTUM_full,disabled,2014-01-14,risk_on,0.014138792345733793,0.0,0.04260985352862878,0.4883720930232558,0.07852608197857004,0.6976744186046512,0.7674418604651163,,,{},3680.TWO,2014-01-14,2014-01-15
0.040920534121379686,176000,0,0.0003875968992248069,0.6000000000000001,1.0,D-1 estimated accounting; fill-day constraints require ledger audit,momentum,V4_MOMENTUM_full,disabled,2014-01-14,risk_on,0.014138792345733793,0.0,0.04260985352862878,0.4883720930232558,0.07852608197857004,0.6976744186046512,0.7674418604651163,,,{},4966.TWO,2014-01-14,2014-01-15
0.04633132848103077,813000,0,0.02596899224806202,0.799483204134367,1.0,D-1 estimated accounting; fill-day constraints require ledger audit,momentum,V4_MOMENTUM_full,disabled,2014-01-14,risk_on,0.014138792345733793,0.0,0.04260985352862878,0.4883720930232558,0.07852608197857004,0.6976744186046512,0.7674418604651163,,,{},5483.TWO,2014-01-14,2014-01-15
0.04322642814353419,1194000,0,0.03449612403100775,0.9069767441860465,1.0,D-1 estimated accounting; fill-day constraints require ledger audit,momentum,V4_MOMENTUM_full,disabled,2014-01-14,risk_on,0.014138792345733793,0.0,0.04260985352862878,0.4883720930232558,0.07852608197857004,0.6976744186046512,0.7674418604651163,,,{},6023.TWO,2014-01-14,2014-01-15
0.04009038001679384,1425000,0,0.04147286821705426,1.0614987080103357,1.0,D-1 estimated accounting; fill-day constraints require ledger audit,momentum,V4_MOMENTUM_full,disabled,2014-01-14,risk_on,0.014138792345733793,0.0,0.04260985352862878,0.4883720930232558,0.07852608197857004,0.6976744186046512,0.7674418604651163,,,{},6274.TWO,2014-01-14,2014-01-15
0.042315380508630804,1526000,0,0.018992248062015507,0.7193798449612403,1.0,D-1 estimated accounting; fill-day constraints require ledger audit,momentum,V4_MOMENTUM_full,disabled,2014-01-14,risk_on,0.014138792345733793,0.0,0.04260985352862878,0.4883720930232558,0.07852608197857004,0.6976744186046512,0.7674418604651163,,,{},6290.TWO,2014-01-14,2014-01-15
0.041938028570009334,1106000,0,0.003488372093023251,0.609560723514212,1.0,D-1 estimated accounting; fill-day constraints require ledger audit,momentum,V4_MOMENTUM_full,disabled,2014-01-14,risk_on,0.014138792345733793,0.0,0.04260985352862878,0.4883720930232558,0.07852608197857004,0.6976744186046512,0.7674418604651163,,,{},8046.TW,2014-01-14,2014-01-15
0.03681537496558561,1335000,0,0.0019379844961240345,0.5963824289405686,1.0,D-1 estimated accounting; fill-day constraints require ledger audit,momentum,V4_MOMENTUM_full,disabled,2014-01-15,risk_on,0.014272315907630161,-0.001669425853039419,0.04845812118625026,0.4806201550387597,0.07689032728435721,0.7441860465116279,0.7984496124031008,,,{},1785.TWO,2014-01-15,2014-01-16
0.042361050283739814,111000,0,0.023643410852713178,0.7571059431524547,1.0,D-1 estimated accounting; fill-day constraints require ledger audit,momentum,V4_MOMENTUM_full,disabled,2014-01-15,risk_on,0.014272315907630161,-0.001669425853039419,0.04845812118625026,0.4806201550387597,0.07689032728435721,0.7441860465116279,0.7984496124031008,,,{},2207.TW,2014-01-15,2014-01-16
0.03861974309296191,462000,462000,0.044573643410852716,1.074935400516796,1.0,D-1 estimated accounting; fill-day constraints require ledger audit,momentum,V4_MOMENTUM_full,disabled,2014-01-15,risk_on,0.014272315907630161,-0.001669425853039419,0.04845812118625026,0.4806201550387597,0.07689032728435721,0.7441860465116279,0.7984496124031008,,,{},2317.TW,2014-01-15,2014-01-16
0.040942841996290474,3178000,0,0.04922480620155039,1.1875968992248058,1.0,D-1 estimated accounting; fill-day constraints require ledger audit,momentum,V4_MOMENTUM_full,disabled,2014-01-15,risk_on,0.014272315907630161,-0.001669425853039419,0.04845812118625026,0.4806201550387597,0.07689032728435721,0.7441860465116279,0.7984496124031008,,,{},2327.TW,2014-01-15,2014-01-16
0.04216013890489015,5160000,0,-0.008914728682170543,0.5276485788113696,1.0,D-1 estimated accounting; fill-day constraints require ledger audit,momentum,V4_MOMENTUM_full,disabled,2014-01-15,risk_on,0.014272315907630161,-0.001669425853039419,0.04845812118625026,0.4806201550387597,0.07689032728435721,0.7441860465116279,0.7984496124031008,,,{},2344.TW,2014-01-15,2014-01-16
0.038657985672994916,2295000,2295000,0.043798449612403104,1.0258397932816536,1.0,D-1 estimated accounting; fill-day constraints require ledger audit,momentum,V4_MOMENTUM_full,disabled,2014-01-15,risk_on,0.014272315907630161,-0.001669425853039419,0.04845812118625026,0.4806201550387597,0.07689032728435721,0.7441860465116279,0.7984496124031008,,,{},2345.TW,2014-01-15,2014-01-16
0.04530517761157549,872000,0,0.04612403100775195,1.0940568475452197,1.0,D-1 estimated accounting; fill-day constraints require ledger audit,momentum,V4_MOMENTUM_full,disabled,2014-01-15,risk_on,0.014272315907630161,-0.001669425853039419,0.04845812118625026,0.4806201550387597,0.07689032728435721,0.7441860465116279,0.7984496124031008,,,{},2347.TW,2014-01-15,2014-01-16
0.04271073181469165,5734000,0,0.011240310077519378,0.6739018087855296,1.0,D-1 estimated accounting; fill-day constraints require ledger audit,momentum,V4_MOMENTUM_full,disabled,2014-01-15,risk_on,0.014272315907630161,-0.001669425853039419,0.04845812118625026,0.4806201550387597,0.07689032728435721,0.7441860465116279,0.7984496124031008,,,{},2368.TW,2014-01-15,2014-01-16
0.039345349686851536,504000,0,0.04844961240310078,1.17312661498708,1.0,D-1 estimated accounting; fill-day constraints require ledger audit,momentum,V4_MOMENTUM_full,disabled,2014-01-15,risk_on,0.014272315907630161,-0.001669425853039419,0.04845812118625026,0.4806201550387597,0.07689032728435721,0.7441860465116279,0.7984496124031008,,,{},2382.TW,2014-01-15,2014-01-16
0.0435493469868256,7338000,0,0.05,1.1912144702842378,1.0,D-1 estimated accounting; fill-day constraints require ledger audit,momentum,V4_MOMENTUM_full,disabled,2014-01-15,risk_on,0.014272315907630161,-0.001669425853039419,0.04845812118625026,0.4806201550387597,0.07689032728435721,0.7441860465116279,0.7984496124031008,,,{},2408.TW,2014-01-15,2014-01-16
0.0,0,-2959000,-0.025193798449612406,0.4155038759689923,1.0,D-1 estimated accounting; fill-day constraints require ledger audit,momentum,V4_MOMENTUM_full,disabled,2014-01-15,risk_on,0.014272315907630161,-0.001669425853039419,0.04845812118625026,0.4806201550387597,0.07689032728435721,0.7441860465116279,0.7984496124031008,,,{},2609.TW,2014-01-15,2014-01-16
0.04043979919877902,2318000,0,0.025193798449612406,0.7777777777777778,1.0,D-1 estimated accounting; fill-day constraints require ledger audit,momentum,V4_MOMENTUM_full,disabled,2014-01-15,risk_on,0.014272315907630161,-0.001669425853039419,0.04845812118625026,0.4806201550387597,0.07689032728435721,0.7441860465116279,0.7984496124031008,,,{},2885.TW,2014-01-15,2014-01-16
0.04362250409012334,2033000,0,0.012790697674418606,0.6837209302325582,1.0,D-1 estimated accounting; fill-day constraints require ledger audit,momentum,V4_MOMENTUM_full,disabled,2014-01-15,risk_on,0.014272315907630161,-0.001669425853039419,0.04845812118625026,0.4806201550387597,0.07689032728435721,0.7441860465116279,0.7984496124031008,,,{},3017.TW,2014-01-15,2014-01-16
0.041825629102609334,1487000,0,0.004263565891472865,0.6098191214470283,1.0,D-1 estimated accounting; fill-day constraints require ledger audit,momentum,V4_MOMENTUM_full,disabled,2014-01-15,risk_on,0.014272315907630161,-0.001669425853039419,0.04845812118625026,0.4806201550387597,0.07689032728435721,0.7441860465116279,0.7984496124031008,,,{},3105.TWO,2014-01-15,2014-01-16
0.0377786569389202,574000,0,0.02209302325581395,0.7400516795865634,1.0,D-1 estimated accounting; fill-day constraints require ledger audit,momentum,V4_MOMENTUM_full,disabled,2014-01-15,risk_on,0.014272315907630161,-0.001669425853039419,0.04845812118625026,0.4806201550387597,0.07689032728435721,0.7441860465116279,0.7984496124031008,,,{},3491.TWO,2014-01-15,2014-01-16
0.04282767993001408,485000,0,0.046899224806201546,1.1395348837209305,1.0,D-1 estimated accounting; fill-day constraints require ledger audit,momentum,V4_MOMENTUM_full,disabled,2014-01-15,risk_on,0.014272315907630161,-0.001669425853039419,0.04845812118625026,0.4806201550387597,0.07689032728435721,0.7441860465116279,0.7984496124031008,,,{},3529.TWO,2014-01-15,2014-01-16
0.03741492639724326,430000,0,0.03914728682170543,0.9395348837209301,1.0,D-1 estimated accounting; fill-day constraints require ledger audit,momentum,V4_MOMENTUM_full,disabled,2014-01-15,risk_on,0.014272315907630161,-0.001669425853039419,0.04845812118625026,0.4806201550387597,0.07689032728435721,0.7441860465116279,0.7984496124031008,,,{},3653.TW,2014-01-15,2014-01-16
0.0,0,-764000,-0.02131782945736434,0.44341085271317826,1.0,D-1 estimated accounting; fill-day constraints require ledger audit,momentum,V4_MOMENTUM_full,disabled,2014-01-15,risk_on,0.014272315907630161,-0.001669425853039419,0.04845812118625026,0.4806201550387597,0.07689032728435721,0.7441860465116279,0.7984496124031008,,,{},3680.TWO,2014-01-15,2014-01-16
0.04104737004433612,176000,0,-0.005813953488372093,0.5684754521963824,1.0,D-1 estimated accounting; fill-day constraints require ledger audit,momentum,V4_MOMENTUM_full,disabled,2014-01-15,risk_on,0.014272315907630161,-0.001669425853039419,0.04845812118625026,0.4806201550387597,0.07689032728435721,0.7441860465116279,0.7984496124031008,,,{},4966.TWO,2014-01-15,2014-01-16
0.04623738435604971,813000,0,0.022868217054263562,0.7478036175710593,1.0,D-1 estimated accounting; fill-day constraints require ledger audit,momentum,V4_MOMENTUM_full,disabled,2014-01-15,risk_on,0.014272315907630161,-0.001669425853039419,0.04845812118625026,0.4806201550387597,0.07689032728435721,0.7441860465116279,0.7984496124031008,,,{},5483.TWO,2014-01-15,2014-01-16
0.04310635456301997,1194000,0,0.03372093023255814,0.8785529715762276,1.0,D-1 estimated accounting; fill-day constraints require ledger audit,momentum,V4_MOMENTUM_full,disabled,2014-01-15,risk_on,0.014272315907630161,-0.001669425853039419,0.04845812118625026,0.4806201550387597,0.07689032728435721,0.7441860465116279,0.7984496124031008,,,{},6023.TWO,2014-01-15,2014-01-16
0.04001086079783218,1425000,0,0.04534883720930233,1.083720930232558,1.0,D-1 estimated accounting; fill-day constraints require ledger audit,momentum,V4_MOMENTUM_full,disabled,2014-01-15,risk_on,0.014272315907630161,-0.001669425853039419,0.04845812118625026,0.4806201550387597,0.07689032728435721,0.7441860465116279,0.7984496124031008,,,{},6274.TWO,2014-01-15,2014-01-16
0.043534315597897826,1526000,0,0.020542635658914732,0.7338501291989664,1.0,D-1 estimated accounting; fill-day constraints require ledger audit,momentum,V4_MOMENTUM_full,disabled,2014-01-15,risk_on,0.014272315907630161,-0.001669425853039419,0.04845812118625026,0.4806201550387597,0.07689032728435721,0.7441860465116279,0.7984496124031008,,,{},6290.TWO,2014-01-15,2014-01-16
0.042426333325015025,1106000,0,0.006589147286821706,0.6403100775193798,1.0,D-1 estimated accounting; fill-day constraints require ledger audit,momentum,V4_MOMENTUM_full,disabled,2014-01-15,risk_on,0.014272315907630161,-0.001669425853039419,0.04845812118625026,0.4806201550387597,0.07689032728435721,0.7441860465116279,0.7984496124031008,,,{},8046.TW,2014-01-15,2014-01-16
0.037928170447679675,1335000,0,0.03992248062015505,0.9767441860465117,1.0,D-1 estimated accounting; fill-day constraints require ledger audit,momentum,V4_MOMENTUM_full,disabled,2014-01-16,risk_on,0.014109893765857312,0.004587211136914959,0.05597014819149626,0.5658914728682171,0.07560430816831071,0.7131782945736435,0.7984496124031008,,,{},1785.TWO,2014-01-16,2014-01-17
0.04218400246737142,111000,0,0.01356589147286822,0.6764857881136952,1.0,D-1 estimated accounting; fill-day constraints require ledger audit,momentum,V4_MOMENTUM_full,disabled,2014-01-16,risk_on,0.014109893765857312,0.004587211136914959,0.05597014819149626,0.5658914728682171,0.07560430816831071,0.7131782945736435,0.7984496124031008,,,{},2207.TW,2014-01-16,2014-01-17
0.03894083538302776,462000,0,0.046899224806201546,1.0816537467700258,1.0,D-1 estimated accounting; fill-day constraints require ledger audit,momentum,V4_MOMENTUM_full,disabled,2014-01-16,risk_on,0.014109893765857312,0.004587211136914959,0.05597014819149626,0.5658914728682171,0.07560430816831071,0.7131782945736435,0.7984496124031008,,,{},2317.TW,2014-01-16,2014-01-17
0.040509557835645076,3178000,0,0.044573643410852716,1.054780361757106,1.0,D-1 estimated accounting; fill-day constraints require ledger audit,momentum,V4_MOMENTUM_full,disabled,2014-01-16,risk_on,0.014109893765857312,0.004587211136914959,0.05597014819149626,0.5658914728682171,0.07560430816831071,0.7131782945736435,0.7984496124031008,,,{},2327.TW,2014-01-16,2014-01-17
0.04199950798214787,5160000,0,0.012790697674418606,0.661498708010336,1.0,D-1 estimated accounting; fill-day constraints require ledger audit,momentum,V4_MOMENTUM_full,disabled,2014-01-16,risk_on,0.014109893765857312,0.004587211136914959,0.05597014819149626,0.5658914728682171,0.07560430816831071,0.7131782945736435,0.7984496124031008,,,{},2344.TW,2014-01-16,2014-01-17
0.03847027885920979,2295000,0,0.04147286821705426,1.0144702842377262,1.0,D-1 estimated accounting; fill-day constraints require ledger audit,momentum,V4_MOMENTUM_full,disabled,2014-01-16,risk_on,0.014109893765857312,0.004587211136914959,0.05597014819149626,0.5658914728682171,0.07560430816831071,0.7131782945736435,0.7984496124031008,,,{},2345.TW,2014-01-16,2014-01-17
0.04561784078124251,872000,0,0.04767441860465116,1.0935400516795866,1.0,D-1 estimated accounting; fill-day constraints require ledger audit,momentum,V4_MOMENTUM_full,disabled,2014-01-16,risk_on,0.014109893765857312,0.004587211136914959,0.05597014819149626,0.5658914728682171,0.07560430816831071,0.7131782945736435,0.7984496124031008,,,{},2347.TW,2014-01-16,2014-01-17
0.04298804798929681,5734000,0,0.02829457364341085,0.8118863049095608,1.0,D-1 estimated accounting; fill-day constraints require ledger audit,momentum,V4_MOMENTUM_full,disabled,2014-01-16,risk_on,0.014109893765857312,0.004587211136914959,0.05597014819149626,0.5658914728682171,0.07560430816831071,0.7131782945736435,0.7984496124031008,,,{},2368.TW,2014-01-16,2014-01-17
0.0385280823477402,504000,0,0.04922480620155039,1.1374677002583977,1.0,D-1 estimated accounting; fill-day constraints require ledger audit,momentum,V4_MOMENTUM_full,disabled,2014-01-16,risk_on,0.014109893765857312,0.004587211136914959,0.05597014819149626,0.5658914728682171,0.07560430816831071,0.7131782945736435,0.7984496124031008,,,{},2382.TW,2014-01-16,2014-01-17
0.04057798371872575,7338000,0,0.03217054263565892,0.8552971576227391,1.0,D-1 estimated accounting; fill-day constraints require ledger audit,momentum,V4_MOMENTUM_full,disabled,2014-01-16,risk_on,0.014109893765857312,0.004587211136914959,0.05597014819149626,0.5658914728682171,0.07560430816831071,0.7131782945736435,0.7984496124031008,,,{},2408.TW,2014-01-16,2014-01-17
0.04318868931706296,2020000,2020000,0.04534883720930233,1.0702842377260984,1.0,D-1 estimated accounting; fill-day constraints require ledger audit,momentum,V4_MOMENTUM_full,disabled,2014-01-16,risk_on,0.014109893765857312,0.004587211136914959,0.05597014819149626,0.5658914728682171,0.07560430816831071,0.7131782945736435,0.7984496124031008,,,{},2449.TW,2014-01-16,2014-01-17
0.0408334229543253,2318000,0,0.01976744186046512,0.7410852713178294,1.0,D-1 estimated accounting; fill-day constraints require ledger audit,momentum,V4_MOMENTUM_full,disabled,2014-01-16,risk_on,0.014109893765857312,0.004587211136914959,0.05597014819149626,0.5658914728682171,0.07560430816831071,0.7131782945736435,0.7984496124031008,,,{},2885.TW,2014-01-16,2014-01-17
0.042752328172961554,2033000,0,-0.008914728682170543,0.5198966408268733,1.0,D-1 estimated accounting; fill-day constraints require ledger audit,momentum,V4_MOMENTUM_full,disabled,2014-01-16,risk_on,0.014109893765857312,0.004587211136914959,0.05597014819149626,0.5658914728682171,0.07560430816831071,0.7131782945736435,0.7984496124031008,,,{},3017.TW,2014-01-16,2014-01-17
0.04149858957385963,1487000,0,-0.002713178294573643,0.5540051679586564,1.0,D-1 estimated accounting; fill-day constraints require ledger audit,momentum,V4_MOMENTUM_full,disabled,2014-01-16,risk_on,0.014109893765857312,0.004587211136914959,0.05597014819149626,0.5658914728682171,0.07560430816831071,0.7131782945736435,0.7984496124031008,,,{},3105.TWO,2014-01-16,2014-01-17
0.03966523552531398,574000,0,0.04612403100775195,1.0770025839793282,1.0,D-1 estimated accounting; fill-day constraints require ledger audit,momentum,V4_MOMENTUM_full,disabled,2014-01-16,risk_on,0.014109893765857312,0.004587211136914959,0.05597014819149626,0.5658914728682171,0.07560430816831071,0.7131782945736435,0.7984496124031008,,,{},3491.TWO,2014-01-16,2014-01-17
0.045749504282895134,485000,0,0.05,1.1881136950904394,1.0,D-1 estimated accounting; fill-day constraints require ledger audit,momentum,V4_MOMENTUM_full,disabled,2014-01-16,risk_on,0.014109893765857312,0.004587211136914959,0.05597014819149626,0.5658914728682171,0.07560430816831071,0.7131782945736435,0.7984496124031008,,,{},3529.TWO,2014-01-16,2014-01-17
0.03702418811316223,430000,0,0.020542635658914732,0.7410852713178295,1.0,D-1 estimated accounting; fill-day constraints require ledger audit,momentum,V4_MOMENTUM_full,disabled,2014-01-16,risk_on,0.014109893765857312,0.004587211136914959,0.05597014819149626,0.5658914728682171,0.07560430816831071,0.7131782945736435,0.7984496124031008,,,{},3653.TW,2014-01-16,2014-01-17
0.0417125929406845,176000,0,0.008914728682170548,0.641343669250646,1.0,D-1 estimated accounting; fill-day constraints require ledger audit,momentum,V4_MOMENTUM_full,disabled,2014-01-16,risk_on,0.014109893765857312,0.004587211136914959,0.05597014819149626,0.5658914728682171,0.07560430816831071,0.7131782945736435,0.7984496124031008,,,{},4966.TWO,2014-01-16,2014-01-17
0.04685986313505636,813000,0,0.022868217054263562,0.7617571059431525,1.0,D-1 estimated accounting; fill-day constraints require ledger audit,momentum,V4_MOMENTUM_full,disabled,2014-01-16,risk_on,0.014109893765857312,0.004587211136914959,0.05597014819149626,0.5658914728682171,0.07560430816831071,0.7131782945736435,0.7984496124031008,,,{},5483.TWO,2014-01-16,2014-01-17
0.043034044914588336,1194000,0,0.03062015503875969,0.8325581395348838,1.0,D-1 estimated accounting; fill-day constraints require ledger audit,momentum,V4_MOMENTUM_full,disabled,2014-01-16,risk_on,0.014109893765857312,0.004587211136914959,0.05597014819149626,0.5658914728682171,0.07560430816831071,0.7131782945736435,0.7984496124031008,,,{},6023.TWO,2014-01-16,2014-01-17
0.039625846863424755,1425000,0,0.04302325581395349,1.0403100775193799,1.0,D-1 estimated accounting; fill-day constraints require ledger audit,momentum,V4_MOMENTUM_full,disabled,2014-01-16,risk_on,0.014109893765857312,0.004587211136914959,0.05597014819149626,0.5658914728682171,0.07560430816831071,0.7131782945736435,0.7984496124031008,,,{},6274.TWO,2014-01-16,2014-01-17
0.043199376941244365,1526000,0,0.02441860465116279,0.7829457364341085,1.0,D-1 estimated accounting; fill-day constraints require ledger audit,momentum,V4_MOMENTUM_full,disabled,2014-01-16,risk_on,0.014109893765857312,0.004587211136914959,0.05597014819149626,0.5658914728682171,0.07560430816831071,0.7131782945736435,0.7984496124031008,,,{},6290.TWO,2014-01-16,2014-01-17
0.0,0,-1106000,-0.015116279069767442,0.496124031007752,1.0,D-1 estimated accounting; fill-day constraints require ledger audit,momentum,V4_MOMENTUM_full,disabled,2014-01-16,risk_on,0.014109893765857312,0.004587211136914959,0.05597014819149626,0.5658914728682171,0.07560430816831071,0.7131782945736435,0.7984496124031008,,,{},8046.TW,2014-01-16,2014-01-17
0.03726638219515364,1335000,0,0.03604651162790697,0.9090439276485788,1.0,D-1 estimated accounting; fill-day constraints require ledger audit,momentum,V4_MOMENTUM_full,disabled,2014-01-17,risk_on,0.0134923975067513,0.0,0.04575891232079976,0.4883720930232558,0.07627762850720075,0.6821705426356589,0.7674418604651163,,,{},1785.TWO,2014-01-17,2014-01-20
0.0411482420152869,111000,0,-0.015891472868217054,0.4708010335917312,1.0,D-1 estimated accounting; fill-day constraints require ledger audit,momentum,V4_MOMENTUM_full,disabled,2014-01-17,risk_on,0.0134923975067513,0.0,0.04575891232079976,0.4883720930232558,0.07627762850720075,0.6821705426356589,0.7674418604651163,,,{},2207.TW,2014-01-17,2014-01-20
0.03897320389309714,462000,0,0.04534883720930233,1.0630490956072352,1.0,D-1 estimated accounting; fill-day constraints require ledger audit,momentum,V4_MOMENTUM_full,disabled,2014-01-17,risk_on,0.0134923975067513,0.0,0.04575891232079976,0.4883720930232558,0.07627762850720075,0.6821705426356589,0.7674418604651163,,,{},2317.TW,2014-01-17,2014-01-20
0.040911230232855034,3178000,0,0.044573643410852716,1.0594315245478036,1.0,D-1 estimated accounting; fill-day constraints require ledger audit,momentum,V4_MOMENTUM_full,disabled,2014-01-17,risk_on,0.0134923975067513,0.0,0.04575891232079976,0.4883720930232558,0.07627762850720075,0.6821705426356589,0.7674418604651163,,,{},2327.TW,2014-01-17,2014-01-20
0.0,0,-5160000,-0.031395348837209305,0.3467700258397933,1.0,D-1 estimated accounting; fill-day constraints require ledger audit,momentum,V4_MOMENTUM_full,disabled,2014-01-17,risk_on,0.0134923975067513,0.0,0.04575891232079976,0.4883720930232558,0.07627762850720075,0.6821705426356589,0.7674418604651163,,,{},2344.TW,2014-01-17,2014-01-20
0.038317374090373085,2295000,0,0.03217054263565892,0.8852713178294574,1.0,D-1 estimated accounting; fill-day constraints require ledger audit,momentum,V4_MOMENTUM_full,disabled,2014-01-17,risk_on,0.0134923975067513,0.0,0.04575891232079976,0.4883720930232558,0.07627762850720075,0.6821705426356589,0.7674418604651163,,,{},2345.TW,2014-01-17,2014-01-20
0.04658759706034233,872000,0,0.05,1.1488372093023256,1.0,D-1 estimated accounting; fill-day constraints require ledger audit,momentum,V4_MOMENTUM_full,disabled,2014-01-17,risk_on,0.0134923975067513,0.0,0.04575891232079976,0.4883720930232558,0.07627762850720075,0.6821705426356589,0.7674418604651163,,,{},2347.TW,2014-01-17,2014-01-20
0.043075121661755617,5734000,0,0.005038759689922479,0.6222222222222223,1.0,D-1 estimated accounting; fill-day constraints require ledger audit,momentum,V4_MOMENTUM_full,disabled,2014-01-17,risk_on,0.0134923975067513,0.0,0.04575891232079976,0.4883720930232558,0.07627762850720075,0.6821705426356589,0.7674418604651163,,,{},2368.TW,2014-01-17,2014-01-20
0.039921251022824615,471000,471000,0.04224806201550388,1.0031007751937986,1.0,D-1 estimated accounting; fill-day constraints require ledger audit,momentum,V4_MOMENTUM_full,disabled,2014-01-17,risk_on,0.0134923975067513,0.0,0.04575891232079976,0.4883720930232558,0.07627762850720075,0.6821705426356589,0.7674418604651163,,,{},2379.TW,2014-01-17,2014-01-20
0.038961237663945936,504000,0,0.04922480620155039,1.1483204134366927,1.0,D-1 estimated accounting; fill-day constraints require ledger audit,momentum,V4_MOMENTUM_full,disabled,2014-01-17,risk_on,0.0134923975067513,0.0,0.04575891232079976,0.4883720930232558,0.07627762850720075,0.6821705426356589,0.7674418604651163,,,{},2382.TW,2014-01-17,2014-01-20
0.03993153292980538,996000,996000,0.043798449612403104,1.0459948320413435,1.0,D-1 estimated accounting; fill-day constraints require ledger audit,momentum,V4_MOMENTUM_full,disabled,2014-01-17,risk_on,0.0134923975067513,0.0,0.04575891232079976,0.4883720930232558,0.07627762850720075,0.6821705426356589,0.7674418604651163,,,{},2404.TW,2014-01-17,2014-01-20
0.03785602567832036,7338000,0,0.01744186046511628,0.7178294573643411,1.0,D-1 estimated accounting; fill-day constraints require ledger audit,momentum,V4_MOMENTUM_full,disabled,2014-01-17,risk_on,0.0134923975067513,0.0,0.04575891232079976,0.4883720930232558,0.07627762850720075,0.6821705426356589,0.7674418604651163,,,{},2408.TW,2014-01-17,2014-01-20
0.04317458214287711,2020000,0,0.04302325581395349,1.0072351421188632,1.0,D-1 estimated accounting; fill-day constraints require ledger audit,momentum,V4_MOMENTUM_full,disabled,2014-01-17,risk_on,0.0134923975067513,0.0,0.04575891232079976,0.4883720930232558,0.07627762850720075,0.6821705426356589,0.7674418604651163,,,{},2449.TW,2014-01-17,2014-01-20
0.0410327025422219,2318000,0,0.022868217054263562,0.7782945736434108,1.0,D-1 estimated accounting; fill-day constraints require ledger audit,momentum,V4_MOMENTUM_full,disabled,2014-01-17,risk_on,0.0134923975067513,0.0,0.04575891232079976,0.4883720930232558,0.07627762850720075,0.6821705426356589,0.7674418604651163,,,{},2885.TW,2014-01-17,2014-01-20
0.04202099743008188,2033000,0,-0.012015503875968992,0.4976744186046511,1.0,D-1 estimated accounting; fill-day constraints require ledger audit,momentum,V4_MOMENTUM_full,disabled,2014-01-17,risk_on,0.0134923975067513,0.0,0.04575891232079976,0.4883720930232558,0.07627762850720075,0.6821705426356589,0.7674418604651163,,,{},3017.TW,2014-01-17,2014-01-20
0.0,0,-1487000,-0.022093023255813957,0.4129198966408269,1.0,D-1 estimated accounting; fill-day constraints require ledger audit,momentum,V4_MOMENTUM_full,disabled,2014-01-17,risk_on,0.0134923975067513,0.0,0.04575891232079976,0.4883720930232558,0.07627762850720075,0.6821705426356589,0.7674418604651163,,,{},3105.TWO,2014-01-17,2014-01-20
0.039398960315166105,574000,0,0.046899224806201546,1.082170542635659,1.0,D-1 estimated accounting; fill-day constraints require ledger audit,momentum,V4_MOMENTUM_full,disabled,2014-01-17,risk_on,0.0134923975067513,0.0,0.04575891232079976,0.4883720930232558,0.07627762850720075,0.6821705426356589,0.7674418604651163,,,{},3491.TWO,2014-01-17,2014-01-20
0.04530514913193979,485000,0,0.04844961240310078,1.133333333333333,1.0,D-1 estimated accounting; fill-day constraints require ledger audit,momentum,V4_MOMENTUM_full,disabled,2014-01-17,risk_on,0.0134923975067513,0.0,0.04575891232079976,0.4883720930232558,0.07627762850720075,0.6821705426356589,0.7674418604651163,,,{},3529.TWO,2014-01-17,2014-01-20
0.03744549854536864,430000,0,0.03294573643410853,0.8888888888888891,1.0,D-1 estimated accounting; fill-day constraints require ledger audit,momentum,V4_MOMENTUM_full,disabled,2014-01-17,risk_on,0.0134923975067513,0.0,0.04575891232079976,0.4883720930232558,0.07627762850720075,0.6821705426356589,0.7674418604651163,,,{},3653.TW,2014-01-17,2014-01-20
0.04463680003905333,176000,0,0.03914728682170543,0.9705426356589146,1.0,D-1 estimated accounting; fill-day constraints require ledger audit,momentum,V4_MOMENTUM_full,disabled,2014-01-17,risk_on,0.0134923975067513,0.0,0.04575891232079976,0.4883720930232558,0.07627762850720075,0.6821705426356589,0.7674418604651163,,,{},4966.TWO,2014-01-17,2014-01-20
0.04793641231008769,813000,0,0.027519379844961247,0.8155038759689922,1.0,D-1 estimated accounting; fill-day constraints require ledger audit,momentum,V4_MOMENTUM_full,disabled,2014-01-17,risk_on,0.0134923975067513,0.0,0.04575891232079976,0.4883720930232558,0.07627762850720075,0.6821705426356589,0.7674418604651163,,,{},5483.TWO,2014-01-17,2014-01-20
0.043841900531151806,1194000,0,0.04147286821705426,0.998966408268734,1.0,D-1 estimated accounting; fill-day constraints require ledger audit,momentum,V4_MOMENTUM_full,disabled,2014-01-17,risk_on,0.0134923975067513,0.0,0.04575891232079976,0.4883720930232558,0.07627762850720075,0.6821705426356589,0.7674418604651163,,,{},6023.TWO,2014-01-17,2014-01-20
0.04042282708170036,1425000,0,0.04612403100775195,1.0666666666666667,1.0,D-1 estimated accounting; fill-day constraints require ledger audit,momentum,V4_MOMENTUM_full,disabled,2014-01-17,risk_on,0.0134923975067513,0.0,0.04575891232079976,0.4883720930232558,0.07627762850720075,0.6821705426356589,0.7674418604651163,,,{},6274.TWO,2014-01-17,2014-01-20
0.04336362845215666,1526000,0,0.02441860465116279,0.7953488372093023,1.0,D-1 estimated accounting; fill-day constraints require ledger audit,momentum,V4_MOMENTUM_full,disabled,2014-01-17,risk_on,0.0134923975067513,0.0,0.04575891232079976,0.4883720930232558,0.07627762850720075,0.6821705426356589,0.7674418604651163,,,{},6290.TWO,2014-01-17,2014-01-20
0.03719311296334246,1335000,0,0.029844961240310077,0.8558139534883722,1.0,D-1 estimated accounting; fill-day constraints require ledger audit,momentum,V4_MOMENTUM_full,disabled,2014-01-20,risk_on,0.013995869371661964,0.0010893977890864548,0.03992396797737152,0.5271317829457365,0.0829665788432075,0.689922480620155,0.7751937984496124,,,{},1785.TWO,2014-01-20,2014-01-21
0.04192336648301544,111000,0,0.012015503875968992,0.6723514211886306,1.0,D-1 estimated accounting; fill-day constraints require ledger audit,momentum,V4_MOMENTUM_full,disabled,2014-01-20,risk_on,0.013995869371661964,0.0010893977890864548,0.03992396797737152,0.5271317829457365,0.0829665788432075,0.689922480620155,0.7751937984496124,,,{},2207.TW,2014-01-20,2014-01-21
0.039404404547829966,462000,0,0.04612403100775195,1.1116279069767443,1.0,D-1 estimated accounting; fill-day constraints require ledger audit,momentum,V4_MOMENTUM_full,disabled,2014-01-20,risk_on,0.013995869371661964,0.0010893977890864548,0.03992396797737152,0.5271317829457365,0.0829665788432075,0.689922480620155,0.7751937984496124,,,{},2317.TW,2014-01-20,2014-01-21
0.0408431078071391,3178000,0,0.03992248062015505,0.9793281653746768,1.0,D-1 estimated accounting; fill-day constraints require ledger audit,momentum,V4_MOMENTUM_full,disabled,2014-01-20,risk_on,0.013995869371661964,0.0010893977890864548,0.03992396797737152,0.5271317829457365,0.0829665788432075,0.689922480620155,0.7751937984496124,,,{},2327.TW,2014-01-20,2014-01-21
0.037760404390825876,2295000,0,0.005813953488372093,0.6149870801033591,1.0,D-1 estimated accounting; fill-day constraints require ledger audit,momentum,V4_MOMENTUM_full,disabled,2014-01-20,risk_on,0.013995869371661964,0.0010893977890864548,0.03992396797737152,0.5271317829457365,0.0829665788432075,0.689922480620155,0.7751937984496124,,,{},2345.TW,2014-01-20,2014-01-21
0.04685254199671651,872000,0,0.04844961240310078,1.1503875968992248,1.0,D-1 estimated accounting; fill-day constraints require ledger audit,momentum,V4_MOMENTUM_full,disabled,2014-01-20,risk_on,0.013995869371661964,0.0010893977890864548,0.03992396797737152,0.5271317829457365,0.0829665788432075,0.689922480620155,0.7751937984496124,,,{},2347.TW,2014-01-20,2014-01-21
0.04272137942399455,5734000,0,0.0003875968992248069,0.5576227390180879,1.0,D-1 estimated accounting; fill-day constraints require ledger audit,momentum,V4_MOMENTUM_full,disabled,2014-01-20,risk_on,0.013995869371661964,0.0010893977890864548,0.03992396797737152,0.5271317829457365,0.0829665788432075,0.689922480620155,0.7751937984496124,,,{},2368.TW,2014-01-20,2014-01-21
0.041962865886127715,471000,0,0.046899224806201546,1.1302325581395345,1.0,D-1 estimated accounting; fill-day constraints require ledger audit,momentum,V4_MOMENTUM_full,disabled,2014-01-20,risk_on,0.013995869371661964,0.0010893977890864548,0.03992396797737152,0.5271317829457365,0.0829665788432075,0.689922480620155,0.7751937984496124,,,{},2379.TW,2014-01-20,2014-01-21
0.03995579621557958,504000,0,0.04922480620155039,1.1622739018087855,1.0,D-1 estimated accounting; fill-day constraints require ledger audit,momentum,V4_MOMENTUM_full,disabled,2014-01-20,risk_on,0.013995869371661964,0.0010893977890864548,0.03992396797737152,0.5271317829457365,0.0829665788432075,0.689922480620155,0.7751937984496124,,,{},2382.TW,2014-01-20,2014-01-21
0.04025799164901072,996000,0,0.04302325581395349,1.0423772609819122,1.0,D-1 estimated accounting; fill-day constraints require ledger audit,momentum,V4_MOMENTUM_full,disabled,2014-01-20,risk_on,0.013995869371661964,0.0010893977890864548,0.03992396797737152,0.5271317829457365,0.0829665788432075,0.689922480620155,0.7751937984496124,,,{},2404.TW,2014-01-20,2014-01-21
0.03859992670454399,7338000,0,0.022868217054263562,0.7565891472868216,1.0,D-1 estimated accounting; fill-day constraints require ledger audit,momentum,V4_MOMENTUM_full,disabled,2014-01-20,risk_on,0.013995869371661964,0.0010893977890864548,0.03992396797737152,0.5271317829457365,0.0829665788432075,0.689922480620155,0.7751937984496124,,,{},2408.TW,2014-01-20,2014-01-21
0.04283395272286454,2020000,0,0.03449612403100775,0.8971576227390181,1.0,D-1 estimated accounting; fill-day constraints require ledger audit,momentum,V4_MOMENTUM_full,disabled,2014-01-20,risk_on,0.013995869371661964,0.0010893977890864548,0.03992396797737152,0.5271317829457365,0.0829665788432075,0.689922480620155,0.7751937984496124,,,{},2449.TW,2014-01-20,2014-01-21
0.03987759739726616,2318000,0,-0.0003875968992248069,0.5560723514211886,1.0,D-1 estimated accounting; fill-day constraints require ledger audit,momentum,V4_MOMENTUM_full,disabled,2014-01-20,risk_on,0.013995869371661964,0.0010893977890864548,0.03992396797737152,0.5271317829457365,0.0829665788432075,0.689922480620155,0.7751937984496124,,,{},2885.TW,2014-01-20,2014-01-21
0.0,0,-2033000,-0.02131782945736434,0.42532299741602053,1.0,D-1 estimated accounting; fill-day constraints require ledger audit,momentum,V4_MOMENTUM_full,disabled,2014-01-20,risk_on,0.013995869371661964,0.0010893977890864548,0.03992396797737152,0.5271317829457365,0.0829665788432075,0.689922480620155,0.7751937984496124,,,{},3017.TW,2014-01-20,2014-01-21
0.043170522636852254,1758000,1758000,0.04534883720930233,1.103359173126615,1.0,D-1 estimated accounting; fill-day constraints require ledger audit,momentum,V4_MOMENTUM_full,disabled,2014-01-20,risk_on,0.013995869371661964,0.0010893977890864548,0.03992396797737152,0.5271317829457365,0.0829665788432075,0.689922480620155,0.7751937984496124,,,{},3264.TWO,2014-01-20,2014-01-21
0.03992714664851206,574000,0,0.043798449612403104,1.045994832041344,1.0,D-1 estimated accounting; fill-day constraints require ledger audit,momentum,V4_MOMENTUM_full,disabled,2014-01-20,risk_on,0.013995869371661964,0.0010893977890864548,0.03992396797737152,0.5271317829457365,0.0829665788432075,0.689922480620155,0.7751937984496124,,,{},3491.TWO,2014-01-20,2014-01-21
0.04680149276813723,485000,0,0.05,1.1772609819121447,1.0,D-1 estimated accounting; fill-day constraints require ledger audit,momentum,V4_MOMENTUM_full,disabled,2014-01-20,risk_on,0.013995869371661964,0.0010893977890864548,0.03992396797737152,0.5271317829457365,0.0829665788432075,0.689922480620155,0.7751937984496124,,,{},3529.TWO,2014-01-20,2014-01-21
0.03749598338657362,430000,0,0.02674418604651163,0.7901808785529716,1.0,D-1 estimated accounting; fill-day constraints require ledger audit,momentum,V4_MOMENTUM_full,disabled,2014-01-20,risk_on,0.013995869371661964,0.0010893977890864548,0.03992396797737152,0.5271317829457365,0.0829665788432075,0.689922480620155,0.7751937984496124,,,{},3653.TW,2014-01-20,2014-01-21
0.04359484122484256,176000,0,0.03837209302325582,0.9565891472868218,1.0,D-1 estimated accounting; fill-day constraints require ledger audit,momentum,V4_MOMENTUM_full,disabled,2014-01-20,risk_on,0.013995869371661964,0.0010893977890864548,0.03992396797737152,0.5271317829457365,0.0829665788432075,0.689922480620155,0.7751937984496124,,,{},4966.TWO,2014-01-20,2014-01-21
0.048077123491686,813000,0,0.04069767441860465,0.9896640826873385,1.0,D-1 estimated accounting; fill-day constraints require ledger audit,momentum,V4_MOMENTUM_full,disabled,2014-01-20,risk_on,0.013995869371661964,0.0010893977890864548,0.03992396797737152,0.5271317829457365,0.0829665788432075,0.689922480620155,0.7751937984496124,,,{},5483.TWO,2014-01-20,2014-01-21
0.043956935753119916,1194000,0,0.04147286821705426,1.0,1.0,D-1 estimated accounting; fill-day constraints require ledger audit,momentum,V4_MOMENTUM_full,disabled,2014-01-20,risk_on,0.013995869371661964,0.0010893977890864548,0.03992396797737152,0.5271317829457365,0.0829665788432075,0.689922480620155,0.7751937984496124,,,{},6023.TWO,2014-01-20,2014-01-21
0.039770849010374115,1425000,0,0.037596899224806204,0.9369509043927648,1.0,D-1 estimated accounting; fill-day constraints require ledger audit,momentum,V4_MOMENTUM_full,disabled,2014-01-20,risk_on,0.013995869371661964,0.0010893977890864548,0.03992396797737152,0.5271317829457365,0.0829665788432075,0.689922480620155,0.7751937984496124,,,{},6274.TWO,2014-01-20,2014-01-21
0.04365724028191107,1526000,0,0.02829457364341085,0.8454780361757106,1.0,D-1 estimated accounting; fill-day constraints require ledger audit,momentum,V4_MOMENTUM_full,disabled,2014-01-20,risk_on,0.013995869371661964,0.0010893977890864548,0.03992396797737152,0.5271317829457365,0.0829665788432075,0.689922480620155,0.7751937984496124,,,{},6290.TWO,2014-01-20,2014-01-21
0.03687339575954068,1335000,0,0.01976744186046512,0.7260981912144703,1.0,D-1 estimated accounting; fill-day constraints require ledger audit,momentum,V4_MOMENTUM_full,disabled,2014-01-21,risk_on,0.014050135490573698,2.220446049250313e-16,0.032640924160893814,0.5116279069767442,0.08077861216576988,0.6666666666666666,0.7441860465116279,,,{},1785.TWO,2014-01-21,2014-01-22
0.042245591164986,111000,0,0.009689922480620151,0.6604651162790698,1.0,D-1 estimated accounting; fill-day constraints require ledger audit,momentum,V4_MOMENTUM_full,disabled,2014-01-21,risk_on,0.014050135490573698,2.220446049250313e-16,0.032640924160893814,0.5116279069767442,0.08077861216576988,0.6666666666666666,0.7441860465116279,,,{},2207.TW,2014-01-21,2014-01-22
0.03938103496127777,462000,0,0.043798449612403104,1.0444444444444443,1.0,D-1 estimated accounting; fill-day constraints require ledger audit,momentum,V4_MOMENTUM_full,disabled,2014-01-21,risk_on,0.014050135490573698,2.220446049250313e-16,0.032640924160893814,0.5116279069767442,0.08077861216576988,0.6666666666666666,0.7441860465116279,,,{},2317.TW,2014-01-21,2014-01-22
0.04083674140953456,3178000,0,0.03837209302325582,0.9710594315245478,1.0,D-1 estimated accounting; fill-day constraints require ledger audit,momentum,V4_MOMENTUM_full,disabled,2014-01-21,risk_on,0.014050135490573698,2.220446049250313e-16,0.032640924160893814,0.5116279069767442,0.08077861216576988,0.6666666666666666,0.7441860465116279,,,{},2327.TW,2014-01-21,2014-01-22
0.0383975986313124,2295000,0,0.008139534883720934,0.6583979328165376,1.0,D-1 estimated accounting; fill-day constraints require ledger audit,momentum,V4_MOMENTUM_full,disabled,2014-01-21,risk_on,0.014050135490573698,2.220446049250313e-16,0.032640924160893814,0.5116279069767442,0.08077861216576988,0.6666666666666666,0.7441860465116279,,,{},2345.TW,2014-01-21,2014-01-22
0.04774016819067242,872000,0,0.046899224806201546,1.1281653746770028,1.0,D-1 estimated accounting; fill-day constraints require ledger audit,momentum,V4_MOMENTUM_full,disabled,2014-01-21,risk_on,0.014050135490573698,2.220446049250313e-16,0.032640924160893814,0.5116279069767442,0.08077861216576988,0.6666666666666666,0.7441860465116279,,,{},2347.TW,2014-01-21,2014-01-22
0.0,0,-5734000,-0.012790697674418606,0.47906976744186053,1.0,D-1 estimated accounting; fill-day constraints require ledger audit,momentum,V4_MOMENTUM_full,disabled,2014-01-21,risk_on,0.014050135490573698,2.220446049250313e-16,0.032640924160893814,0.5116279069767442,0.08077861216576988,0.6666666666666666,0.7441860465116279,,,{},2368.TW,2014-01-21,2014-01-22
0.04319378420826605,1614000,1614000,0.05,1.1674418604651162,1.0,D-1 estimated accounting; fill-day constraints require ledger audit,momentum,V4_MOMENTUM_full,disabled,2014-01-21,risk_on,0.014050135490573698,2.220446049250313e-16,0.032640924160893814,0.5116279069767442,0.08077861216576988,0.6666666666666666,0.7441860465116279,,,{},2377.TW,2014-01-21,2014-01-22
0.041905300731429666,471000,0,0.04612403100775195,1.1276485788113697,1.0,D-1 estimated accounting; fill-day constraints require ledger audit,momentum,V4_MOMENTUM_full,disabled,2014-01-21,risk_on,0.014050135490573698,2.220446049250313e-16,0.032640924160893814,0.5116279069767442,0.08077861216576988,0.6666666666666666,0.7441860465116279,,,{},2379.TW,2014-01-21,2014-01-22
0.0390936472454049,504000,0,0.04302325581395349,1.0263565891472868,1.0,D-1 estimated accounting; fill-day constraints require ledger audit,momentum,V4_MOMENTUM_full,disabled,2014-01-21,risk_on,0.014050135490573698,2.220446049250313e-16,0.032640924160893814,0.5116279069767442,0.08077861216576988,0.6666666666666666,0.7441860465116279,,,{},2382.TW,2014-01-21,2014-01-22
0.04001513701213996,996000,0,0.03527131782945736,0.9338501291989662,1.0,D-1 estimated accounting; fill-day constraints require ledger audit,momentum,V4_MOMENTUM_full,disabled,2014-01-21,risk_on,0.014050135490573698,2.220446049250313e-16,0.032640924160893814,0.5116279069767442,0.08077861216576988,0.6666666666666666,0.7441860465116279,,,{},2404.TW,2014-01-21,2014-01-22
0.03697396130667992,7338000,0,0.0003875968992248069,0.6020671834625324,1.0,D-1 estimated accounting; fill-day constraints require ledger audit,momentum,V4_MOMENTUM_full,disabled,2014-01-21,risk_on,0.014050135490573698,2.220446049250313e-16,0.032640924160893814,0.5116279069767442,0.08077861216576988,0.6666666666666666,0.7441860465116279,,,{},2408.TW,2014-01-21,2014-01-22
0.04438477553394289,2020000,0,0.04224806201550388,1.0232558139534884,1.0,D-1 estimated accounting; fill-day constraints require ledger audit,momentum,V4_MOMENTUM_full,disabled,2014-01-21,risk_on,0.014050135490573698,2.220446049250313e-16,0.032640924160893814,0.5116279069767442,0.08077861216576988,0.6666666666666666,0.7441860465116279,,,{},2449.TW,2014-01-21,2014-01-22
0.040651355171709494,2318000,0,0.022868217054263562,0.7596899224806201,1.0,D-1 estimated accounting; fill-day constraints require ledger audit,momentum,V4_MOMENTUM_full,disabled,2014-01-21,risk_on,0.014050135490573698,2.220446049250313e-16,0.032640924160893814,0.5116279069767442,0.08077861216576988,0.6666666666666666,0.7441860465116279,,,{},2885.TW,2014-01-21,2014-01-22
0.043768131379916246,1758000,0,0.04844961240310078,1.145219638242894,1.0,D-1 estimated accounting; fill-day constraints require ledger audit,momentum,V4_MOMENTUM_full,disabled,2014-01-21,risk_on,0.014050135490573698,2.220446049250313e-16,0.032640924160893814,0.5116279069767442,0.08077861216576988,0.6666666666666666,0.7441860465116279,,,{},3264.TWO,2014-01-21,2014-01-22
0.03965512142241879,574000,0,0.04147286821705426,1.0149870801033591,1.0,D-1 estimated accounting; fill-day constraints require ledger audit,momentum,V4_MOMENTUM_full,disabled,2014-01-21,risk_on,0.014050135490573698,2.220446049250313e-16,0.032640924160893814,0.5116279069767442,0.08077861216576988,0.6666666666666666,0.7441860465116279,,,{},3491.TWO,2014-01-21,2014-01-22
0.046476297073444015,485000,0,0.04922480620155039,1.151937984496124,1.0,D-1 estimated accounting; fill-day constraints require ledger audit,momentum,V4_MOMENTUM_full,disabled,2014-01-21,risk_on,0.014050135490573698,2.220446049250313e-16,0.032640924160893814,0.5116279069767442,0.08077861216576988,0.6666666666666666,0.7441860465116279,,,{},3529.TWO,2014-01-21,2014-01-22
0.03735037673888295,430000,0,0.014341085271317833,0.6940568475452197,1.0,D-1 estimated accounting; fill-day constraints require ledger audit,momentum,V4_MOMENTUM_full,disabled,2014-01-21,risk_on,0.014050135490573698,2.220446049250313e-16,0.032640924160893814,0.5116279069767442,0.08077861216576988,0.6666666666666666,0.7441860465116279,,,{},3653.TW,2014-01-21,2014-01-22
0.0416178122484755,176000,0,0.025193798449612406,0.787080103359173,1.0,D-1 estimated accounting; fill-day constraints require ledger audit,momentum,V4_MOMENTUM_full,disabled,2014-01-21,risk_on,0.014050135490573698,2.220446049250313e-16,0.032640924160893814,0.5116279069767442,0.08077861216576988,0.6666666666666666,0.7441860465116279,,,{},4966.TWO,2014-01-21,2014-01-22
0.048364672177040616,813000,0,0.04069767441860465,1.0077519379844961,1.0,D-1 estimated accounting; fill-day constraints require ledger audit,momentum,V4_MOMENTUM_full,disabled,2014-01-21,risk_on,0.014050135490573698,2.220446049250313e-16,0.032640924160893814,0.5116279069767442,0.08077861216576988,0.6666666666666666,0.7441860465116279,,,{},5483.TWO,2014-01-21,2014-01-22
0.04357259285865001,1194000,0,0.03062015503875969,0.8465116279069769,1.0,D-1 estimated accounting; fill-day constraints require ledger audit,momentum,V4_MOMENTUM_full,disabled,2014-01-21,risk_on,0.014050135490573698,2.220446049250313e-16,0.032640924160893814,0.5116279069767442,0.08077861216576988,0.6666666666666666,0.7441860465116279,,,{},6023.TWO,2014-01-21,2014-01-22
0.04043563804241256,1425000,0,0.03217054263565892,0.8795865633074935,1.0,D-1 estimated accounting; fill-day constraints require ledger audit,momentum,V4_MOMENTUM_full,disabled,2014-01-21,risk_on,0.014050135490573698,2.220446049250313e-16,0.032640924160893814,0.5116279069767442,0.08077861216576988,0.6666666666666666,0.7441860465116279,,,{},6274.TWO,2014-01-21,2014-01-22
0.043454418264053274,1526000,0,0.02596899224806202,0.7912144702842376,1.0,D-1 estimated accounting; fill-day constraints require ledger audit,momentum,V4_MOMENTUM_full,disabled,2014-01-21,risk_on,0.014050135490573698,2.220446049250313e-16,0.032640924160893814,0.5116279069767442,0.08077861216576988,0.6666666666666666,0.7441860465116279,,,{},6290.TWO,2014-01-21,2014-01-22
0.037432198488606405,1335000,0,0.03217054263565892,0.8821705426356587,1.0,D-1 estimated accounting; fill-day constraints require ledger audit,momentum,V4_MOMENTUM_full,disabled,2014-01-22,risk_on,0.01392715104720102,-1.1102230246251565e-16,0.03319502074688785,0.4883720930232558,0.07843212715779127,0.6434108527131783,0.7364341085271318,,,{},1785.TWO,2014-01-22,2014-01-23
0.04249357931040012,111000,0,0.01821705426356589,0.7219638242894058,1.0,D-1 estimated accounting; fill-day constraints require ledger audit,momentum,V4_MOMENTUM_full,disabled,2014-01-22,risk_on,0.01392715104720102,-1.1102230246251565e-16,0.03319502074688785,0.4883720930232558,0.07843212715779127,0.6434108527131783,0.7364341085271318,,,{},2207.TW,2014-01-22,2014-01-23
0.039262728362522994,462000,0,0.04224806201550388,1.0031007751937986,1.0,D-1 estimated accounting; fill-day constraints require ledger audit,momentum,V4_MOMENTUM_full,disabled,2014-01-22,risk_on,0.01392715104720102,-1.1102230246251565e-16,0.03319502074688785,0.4883720930232558,0.07843212715779127,0.6434108527131783,0.7364341085271318,,,{},2317.TW,2014-01-22,2014-01-23
0.04069889176795397,3178000,0,0.029844961240310077,0.8485788113695091,1.0,D-1 estimated accounting; fill-day constraints require ledger audit,momentum,V4_MOMENTUM_full,disabled,2014-01-22,risk_on,0.01392715104720102,-1.1102230246251565e-16,0.03319502074688785,0.4883720930232558,0.07843212715779127,0.6434108527131783,0.7364341085271318,,,{},2327.TW,2014-01-22,2014-01-23
0.0393443944342278,2295000,0,0.037596899224806204,0.9354005167958657,1.0,D-1 estimated accounting; fill-day constraints require ledger audit,momentum,V4_MOMENTUM_full,disabled,2014-01-22,risk_on,0.01392715104720102,-1.1102230246251565e-16,0.03319502074688785,0.4883720930232558,0.07843212715779127,0.6434108527131783,0.7364341085271318,,,{},2345.TW,2014-01-22,2014-01-23
0.04803023650505365,872000,0,0.04612403100775195,1.088888888888889,1.0,D-1 estimated accounting; fill-day constraints require ledger audit,momentum,V4_MOMENTUM_full,disabled,2014-01-22,risk_on,0.01392715104720102,-1.1102230246251565e-16,0.03319502074688785,0.4883720930232558,0.07843212715779127,0.6434108527131783,0.7364341085271318,,,{},2347.TW,2014-01-22,2014-01-23
0.0432988471063338,1614000,0,0.04922480620155039,1.1715762273901809,1.0,D-1 estimated accounting; fill-day constraints require ledger audit,momentum,V4_MOMENTUM_full,disabled,2014-01-22,risk_on,0.01392715104720102,-1.1102230246251565e-16,0.03319502074688785,0.4883720930232558,0.07843212715779127,0.6434108527131783,0.7364341085271318,,,{},2377.TW,2014-01-22,2014-01-23
0.04178565545549236,471000,0,0.04767441860465116,1.1421188630490957,1.0,D-1 estimated accounting; fill-day constraints require ledger audit,momentum,V4_MOMENTUM_full,disabled,2014-01-22,risk_on,0.01392715104720102,-1.1102230246251565e-16,0.03319502074688785,0.4883720930232558,0.07843212715779127,0.6434108527131783,0.7364341085271318,,,{},2379.TW,2014-01-22,2014-01-23
0.03942026322306467,504000,0,0.03449612403100775,0.910594315245478,1.0,D-1 estimated accounting; fill-day constraints require ledger audit,momentum,V4_MOMENTUM_full,disabled,2014-01-22,risk_on,0.01392715104720102,-1.1102230246251565e-16,0.03319502074688785,0.4883720930232558,0.07843212715779127,0.6434108527131783,0.7364341085271318,,,{},2382.TW,2014-01-22,2014-01-23
0.03978589533298748,996000,0,0.03372093023255814,0.904909560723514,1.0,D-1 estimated accounting; fill-day constraints require ledger audit,momentum,V4_MOMENTUM_full,disabled,2014-01-22,risk_on,0.01392715104720102,-1.1102230246251565e-16,0.03319502074688785,0.4883720930232558,0.07843212715779127,0.6434108527131783,0.7364341085271318,,,{},2404.TW,2014-01-22,2014-01-23
0.03699422637072286,7338000,0,-0.001937984496124029,0.5757105943152456,1.0,D-1 estimated accounting; fill-day constraints require ledger audit,momentum,V4_MOMENTUM_full,disabled,2014-01-22,risk_on,0.01392715104720102,-1.1102230246251565e-16,0.03319502074688785,0.4883720930232558,0.07843212715779127,0.6434108527131783,0.7364341085271318,,,{},2408.TW,2014-01-22,2014-01-23
0.044103535173980676,2020000,0,0.03837209302325582,0.945219638242894,1.0,D-1 estimated accounting; fill-day constraints require ledger audit,momentum,V4_MOMENTUM_full,disabled,2014-01-22,risk_on,0.01392715104720102,-1.1102230246251565e-16,0.03319502074688785,0.4883720930232558,0.07843212715779127,0.6434108527131783,0.7364341085271318,,,{},2449.TW,2014-01-22,2014-01-23
0.04079051404284501,2318000,0,0.01744186046511628,0.7002583979328166,1.0,D-1 estimated accounting; fill-day constraints require ledger audit,momentum,V4_MOMENTUM_full,disabled,2014-01-22,risk_on,0.01392715104720102,-1.1102230246251565e-16,0.03319502074688785,0.4883720930232558,0.07843212715779127,0.6434108527131783,0.7364341085271318,,,{},2885.TW,2014-01-22,2014-01-23
0.042639696044249734,1758000,0,0.04302325581395349,1.0232558139534884,1.0,D-1 estimated accounting; fill-day constraints require ledger audit,momentum,V4_MOMENTUM_full,disabled,2014-01-22,risk_on,0.01392715104720102,-1.1102230246251565e-16,0.03319502074688785,0.4883720930232558,0.07843212715779127,0.6434108527131783,0.7364341085271318,,,{},3264.TWO,2014-01-22,2014-01-23
0.039676856003914955,574000,0,0.044573643410852716,1.035658914728682,1.0,D-1 estimated accounting; fill-day constraints require ledger audit,momentum,V4_MOMENTUM_full,disabled,2014-01-22,risk_on,0.01392715104720102,-1.1102230246251565e-16,0.03319502074688785,0.4883720930232558,0.07843212715779127,0.6434108527131783,0.7364341085271318,,,{},3491.TWO,2014-01-22,2014-01-23
0.04772550107082183,485000,0,0.05,1.1777777777777776,1.0,D-1 estimated accounting; fill-day constraints require ledger audit,momentum,V4_MOMENTUM_full,disabled,2014-01-22,risk_on,0.01392715104720102,-1.1102230246251565e-16,0.03319502074688785,0.4883720930232558,0.07843212715779127,0.6434108527131783,0.7364341085271318,,,{},3529.TWO,2014-01-22,2014-01-23
0.037327444107740616,430000,0,0.018992248062015507,0.7291989664082688,1.0,D-1 estimated accounting; fill-day constraints require ledger audit,momentum,V4_MOMENTUM_full,disabled,2014-01-22,risk_on,0.01392715104720102,-1.1102230246251565e-16,0.03319502074688785,0.4883720930232558,0.07843212715779127,0.6434108527131783,0.7364341085271318,,,{},3653.TW,2014-01-22,2014-01-23
0.0,0,-176000,-0.012015503875968992,0.5111111111111111,1.0,D-1 estimated accounting; fill-day constraints require ledger audit,momentum,V4_MOMENTUM_full,disabled,2014-01-22,risk_on,0.01392715104720102,-1.1102230246251565e-16,0.03319502074688785,0.4883720930232558,0.07843212715779127,0.6434108527131783,0.7364341085271318,,,{},4966.TWO,2014-01-22,2014-01-23
0.04847319932731915,813000,0,0.04069767441860465,0.9948320413436692,1.0,D-1 estimated accounting; fill-day constraints require ledger audit,momentum,V4_MOMENTUM_full,disabled,2014-01-22,risk_on,0.01392715104720102,-1.1102230246251565e-16,0.03319502074688785,0.4883720930232558,0.07843212715779127,0.6434108527131783,0.7364341085271318,,,{},5483.TWO,2014-01-22,2014-01-23
0.043656690692751424,1194000,0,0.031395348837209305,0.8573643410852715,1.0,D-1 estimated accounting; fill-day constraints require ledger audit,momentum,V4_MOMENTUM_full,disabled,2014-01-22,risk_on,0.01392715104720102,-1.1102230246251565e-16,0.03319502074688785,0.4883720930232558,0.07843212715779127,0.6434108527131783,0.7364341085271318,,,{},6023.TWO,2014-01-22,2014-01-23
0.04318093541391556,587000,587000,0.04844961240310078,1.15968992248062,1.0,D-1 estimated accounting; fill-day constraints require ledger audit,momentum,V4_MOMENTUM_full,disabled,2014-01-22,risk_on,0.01392715104720102,-1.1102230246251565e-16,0.03319502074688785,0.4883720930232558,0.07843212715779127,0.6434108527131783,0.7364341085271318,,,{},6223.TWO,2014-01-22,2014-01-23
0.04002663380547285,1425000,0,0.027519379844961247,0.8124031007751937,1.0,D-1 estimated accounting; fill-day constraints require ledger audit,momentum,V4_MOMENTUM_full,disabled,2014-01-22,risk_on,0.01392715104720102,-1.1102230246251565e-16,0.03319502074688785,0.4883720930232558,0.07843212715779127,0.6434108527131783,0.7364341085271318,,,{},6274.TWO,2014-01-22,2014-01-23
0.04363214046008461,1526000,0,0.021317829457364348,0.7400516795865633,1.0,D-1 estimated accounting; fill-day constraints require ledger audit,momentum,V4_MOMENTUM_full,disabled,2014-01-22,risk_on,0.01392715104720102,-1.1102230246251565e-16,0.03319502074688785,0.4883720930232558,0.07843212715779127,0.6434108527131783,0.7364341085271318,,,{},6290.TWO,2014-01-22,2014-01-23
0.03774222540589902,1335000,0,0.014341085271317833,0.7012919896640827,1.0,D-1 estimated accounting; fill-day constraints require ledger audit,momentum,V4_MOMENTUM_full,disabled,2014-01-23,risk_on,0.014092728128976334,-0.0018692030595556242,0.02092050209205043,0.4186046511627907,0.078758354236377,0.6201550387596899,0.751937984496124,,,{},1785.TWO,2014-01-23,2014-01-24
0.04186425697667753,111000,0,0.008914728682170548,0.6372093023255814,1.0,D-1 estimated accounting; fill-day constraints require ledger audit,momentum,V4_MOMENTUM_full,disabled,2014-01-23,risk_on,0.014092728128976334,-0.0018692030595556242,0.02092050209205043,0.4186046511627907,0.078758354236377,0.6201550387596899,0.751937984496124,,,{},2207.TW,2014-01-23,2014-01-24
0.03916510346831455,462000,0,0.03682170542635659,0.9542635658914729,1.0,D-1 estimated accounting; fill-day constraints require ledger audit,momentum,V4_MOMENTUM_full,disabled,2014-01-23,risk_on,0.014092728128976334,-0.0018692030595556242,0.02092050209205043,0.4186046511627907,0.078758354236377,0.6201550387596899,0.751937984496124,,,{},2317.TW,2014-01-23,2014-01-24
0.04074286050833437,3178000,0,0.037596899224806204,0.9640826873385012,1.0,D-1 estimated accounting; fill-day constraints require ledger audit,momentum,V4_MOMENTUM_full,disabled,2014-01-23,risk_on,0.014092728128976334,-0.0018692030595556242,0.02092050209205043,0.4186046511627907,0.078758354236377,0.6201550387596899,0.751937984496124,,,{},2327.TW,2014-01-23,2014-01-24
0.039386899853642306,2295000,0,0.03837209302325582,0.9757105943152453,1.0,D-1 estimated accounting; fill-day constraints require ledger audit,momentum,V4_MOMENTUM_full,disabled,2014-01-23,risk_on,0.014092728128976334,-0.0018692030595556242,0.02092050209205043,0.4186046511627907,0.078758354236377,0.6201550387596899,0.751937984496124,,,{},2345.TW,2014-01-23,2014-01-24
0.046673125590530176,872000,0,0.03992248062015505,1.0067183462532299,1.0,D-1 estimated accounting; fill-day constraints require ledger audit,momentum,V4_MOMENTUM_full,disabled,2014-01-23,risk_on,0.014092728128976334,-0.0018692030595556242,0.02092050209205043,0.4186046511627907,0.078758354236377,0.6201550387596899,0.751937984496124,,,{},2347.TW,2014-01-23,2014-01-24
0.04317636301047088,146000,146000,0.04534883720930233,1.0423772609819122,1.0,D-1 estimated accounting; fill-day constraints require ledger audit,momentum,V4_MOMENTUM_full,disabled,2014-01-23,risk_on,0.014092728128976334,-0.0018692030595556242,0.02092050209205043,0.4186046511627907,0.078758354236377,0.6201550387596899,0.751937984496124,,,{},2357.TW,2014-01-23,2014-01-24
0.04228642709305054,1614000,0,0.04612403100775195,1.110077519379845,1.0,D-1 estimated accounting; fill-day constraints require ledger audit,momentum,V4_MOMENTUM_full,disabled,2014-01-23,risk_on,0.014092728128976334,-0.0018692030595556242,0.02092050209205043,0.4186046511627907,0.078758354236377,0.6201550387596899,0.751937984496124,,,{},2377.TW,2014-01-23,2014-01-24
0.04283016888001618,471000,0,0.04922480620155039,1.1633074935400516,1.0,D-1 estimated accounting; fill-day constraints require ledger audit,momentum,V4_MOMENTUM_full,disabled,2014-01-23,risk_on,0.014092728128976334,-0.0018692030595556242,0.02092050209205043,0.4186046511627907,0.078758354236377,0.6201550387596899,0.751937984496124,,,{},2379.TW,2014-01-23,2014-01-24
0.03951377041398678,504000,0,0.043798449612403104,1.0294573643410851,1.0,D-1 estimated accounting; fill-day constraints require ledger audit,momentum,V4_MOMENTUM_full,disabled,2014-01-23,risk_on,0.014092728128976334,-0.0018692030595556242,0.02092050209205043,0.4186046511627907,0.078758354236377,0.6201550387596899,0.751937984496124,,,{},2382.TW,2014-01-23,2014-01-24
0.0398791667115899,996000,0,0.03449612403100775,0.9010335917312664,1.0,D-1 estimated accounting; fill-day constraints require ledger audit,momentum,V4_MOMENTUM_full,disabled,2014-01-23,risk_on,0.014092728128976334,-0.0018692030595556242,0.02092050209205043,0.4186046511627907,0.078758354236377,0.6201550387596899,0.751937984496124,,,{},2404.TW,2014-01-23,2014-01-24
0.03740453473185563,7338000,0,0.004263565891472865,0.6036175710594316,1.0,D-1 estimated accounting; fill-day constraints require ledger audit,momentum,V4_MOMENTUM_full,disabled,2014-01-23,risk_on,0.014092728128976334,-0.0018692030595556242,0.02092050209205043,0.4186046511627907,0.078758354236377,0.6201550387596899,0.751937984496124,,,{},2408.TW,2014-01-23,2014-01-24
0.04353938742408983,2020000,0,0.029844961240310077,0.8320413436692509,1.0,D-1 estimated accounting; fill-day constraints require ledger audit,momentum,V4_MOMENTUM_full,disabled,2014-01-23,risk_on,0.014092728128976334,-0.0018692030595556242,0.02092050209205043,0.4186046511627907,0.078758354236377,0.6201550387596899,0.751937984496124,,,{},2449.TW,2014-01-23,2014-01-24
0.0,0,-2318000,-0.015891472868217054,0.503875968992248,1.0,D-1 estimated accounting; fill-day constraints require ledger audit,momentum,V4_MOMENTUM_full,disabled,2014-01-23,risk_on,0.014092728128976334,-0.0018692030595556242,0.02092050209205043,0.4186046511627907,0.078758354236377,0.6201550387596899,0.751937984496124,,,{},2885.TW,2014-01-23,2014-01-24
0.043661943174207796,1758000,0,0.046899224806201546,1.1188630490956073,1.0,D-1 estimated accounting; fill-day constraints require ledger audit,momentum,V4_MOMENTUM_full,disabled,2014-01-23,risk_on,0.014092728128976334,-0.0018692030595556242,0.02092050209205043,0.4186046511627907,0.078758354236377,0.6201550387596899,0.751937984496124,,,{},3264.TWO,2014-01-23,2014-01-24
0.04053151050566027,574000,0,0.03604651162790697,0.9524547803617569,1.0,D-1 estimated accounting; fill-day constraints require ledger audit,momentum,V4_MOMENTUM_full,disabled,2014-01-23,risk_on,0.014092728128976334,-0.0018692030595556242,0.02092050209205043,0.4186046511627907,0.078758354236377,0.6201550387596899,0.751937984496124,,,{},3491.TWO,2014-01-23,2014-01-24
0.047287039817495415,485000,0,0.04767441860465116,1.129198966408269,1.0,D-1 estimated accounting; fill-day constraints require ledger audit,momentum,V4_MOMENTUM_full,disabled,2014-01-23,risk_on,0.014092728128976334,-0.0018692030595556242,0.02092050209205043,0.4186046511627907,0.078758354236377,0.6201550387596899,0.751937984496124,,,{},3529.TWO,2014-01-23,2014-01-24
0.03745467232203154,430000,0,0.031395348837209305,0.8480620155038759,1.0,D-1 estimated accounting; fill-day constraints require ledger audit,momentum,V4_MOMENTUM_full,disabled,2014-01-23,risk_on,0.014092728128976334,-0.0018692030595556242,0.02092050209205043,0.4186046511627907,0.078758354236377,0.6201550387596899,0.751937984496124,,,{},3653.TW,2014-01-23,2014-01-24
0.048689782098853884,813000,0,0.04069767441860465,1.0082687338501293,1.0,D-1 estimated accounting; fill-day constraints require ledger audit,momentum,V4_MOMENTUM_full,disabled,2014-01-23,risk_on,0.014092728128976334,-0.0018692030595556242,0.02092050209205043,0.4186046511627907,0.078758354236377,0.6201550387596899,0.751937984496124,,,{},5483.TWO,2014-01-23,2014-01-24
0.04364357368973469,1194000,0,0.03527131782945736,0.9033591731266151,1.0,D-1 estimated accounting; fill-day constraints require ledger audit,momentum,V4_MOMENTUM_full,disabled,2014-01-23,risk_on,0.014092728128976334,-0.0018692030595556242,0.02092050209205043,0.4186046511627907,0.078758354236377,0.6201550387596899,0.751937984496124,,,{},6023.TWO,2014-01-23,2014-01-24
0.043524071109426125,587000,0,0.05,1.1658914728682173,1.0,D-1 estimated accounting; fill-day constraints require ledger audit,momentum,V4_MOMENTUM_full,disabled,2014-01-23,risk_on,0.014092728128976334,-0.0018692030595556242,0.02092050209205043,0.4186046511627907,0.078758354236377,0.6201550387596899,0.751937984496124,,,{},6223.TWO,2014-01-23,2014-01-24
0.03985406006728943,1425000,0,0.03062015503875969,0.8439276485788113,1.0,D-1 estimated accounting; fill-day constraints require ledger audit,momentum,V4_MOMENTUM_full,disabled,2014-01-23,risk_on,0.014092728128976334,-0.0018692030595556242,0.02092050209205043,0.4186046511627907,0.078758354236377,0.6201550387596899,0.751937984496124,,,{},6274.TWO,2014-01-23,2014-01-24
0.04344817082193285,1526000,0,0.021317829457364348,0.7514211886304909,1.0,D-1 estimated accounting; fill-day constraints require ledger audit,momentum,V4_MOMENTUM_full,disabled,2014-01-23,risk_on,0.014092728128976334,-0.0018692030595556242,0.02092050209205043,0.4186046511627907,0.078758354236377,0.6201550387596899,0.751937984496124,,,{},6290.TWO,2014-01-23,2014-01-24
0.03759117182529367,1335000,0,0.01589147286821705,0.7219638242894059,1.0,D-1 estimated accounting; fill-day constraints require ledger audit,momentum,V4_MOMENTUM_full,disabled,2014-01-24,risk_on,0.014537655892771234,-2.220446049250313e-16,0.018404907975459794,0.4573643410852713,0.07823677416015902,0.6046511627906976,0.7131782945736435,,,{},1785.TWO,2014-01-24,2014-01-27
0.042278918092160445,111000,0,0.031395348837209305,0.8434108527131783,1.0,D-1 estimated accounting; fill-day constraints require ledger audit,momentum,V4_MOMENTUM_full,disabled,2014-01-24,risk_on,0.014537655892771234,-2.220446049250313e-16,0.018404907975459794,0.4573643410852713,0.07823677416015902,0.6046511627906976,0.7131782945736435,,,{},2207.TW,2014-01-24,2014-01-27
0.0398041027498083,462000,0,0.04302325581395349,1.0682170542635658,1.0,D-1 estimated accounting; fill-day constraints require ledger audit,momentum,V4_MOMENTUM_full,disabled,2014-01-24,risk_on,0.014537655892771234,-2.220446049250313e-16,0.018404907975459794,0.4573643410852713,0.07823677416015902,0.6046511627906976,0.7131782945736435,,,{},2317.TW,2014-01-24,2014-01-27
0.04038900157476208,3178000,0,0.03062015503875969,0.8108527131782945,1.0,D-1 estimated accounting; fill-day constraints require ledger audit,momentum,V4_MOMENTUM_full,disabled,2014-01-24,risk_on,0.014537655892771234,-2.220446049250313e-16,0.018404907975459794,0.4573643410852713,0.07823677416015902,0.6046511627906976,0.7131782945736435,,,{},2327.TW,2014-01-24,2014-01-27
0.03893043749930932,2295000,0,0.03294573643410853,0.8842377260981913,1.0,D-1 estimated accounting; fill-day constraints require ledger audit,momentum,V4_MOMENTUM_full,disabled,2014-01-24,risk_on,0.014537655892771234,-2.220446049250313e-16,0.018404907975459794,0.4573643410852713,0.07823677416015902,0.6046511627906976,0.7131782945736435,,,{},2345.TW,2014-01-24,2014-01-27
0.04761583193875477,872000,0,0.04147286821705426,1.0046511627906975,1.0,D-1 estimated accounting; fill-day constraints require ledger audit,momentum,V4_MOMENTUM_full,disabled,2014-01-24,risk_on,0.014537655892771234,-2.220446049250313e-16,0.018404907975459794,0.4573643410852713,0.07823677416015902,0.6046511627906976,0.7131782945736435,,,{},2347.TW,2014-01-24,2014-01-27
0.04286794287498273,146000,0,0.03992248062015505,0.9689922480620156,1.0,D-1 estimated accounting; fill-day constraints require ledger audit,momentum,V4_MOMENTUM_full,disabled,2014-01-24,risk_on,0.014537655892771234,-2.220446049250313e-16,0.018404907975459794,0.4573643410852713,0.07823677416015902,0.6046511627906976,0.7131782945736435,,,{},2357.TW,2014-01-24,2014-01-27
0.042501922318059215,1614000,0,0.046899224806201546,1.1219638242894059,1.0,D-1 estimated accounting; fill-day constraints require ledger audit,momentum,V4_MOMENTUM_full,disabled,2014-01-24,risk_on,0.014537655892771234,-2.220446049250313e-16,0.018404907975459794,0.4573643410852713,0.07823677416015902,0.6046511627906976,0.7131782945736435,,,{},2377.TW,2014-01-24,2014-01-27
0.039958054134815825,471000,0,0.029844961240310077,0.8093023255813955,1.0,D-1 estimated accounting; fill-day constraints require ledger audit,momentum,V4_MOMENTUM_full,disabled,2014-01-24,risk_on,0.014537655892771234,-2.220446049250313e-16,0.018404907975459794,0.4573643410852713,0.07823677416015902,0.6046511627906976,0.7131782945736435,,,{},2379.TW,2014-01-24,2014-01-27
0.03933227542055143,504000,0,0.03449612403100775,0.9059431524547803,1.0,D-1 estimated accounting; fill-day constraints require ledger audit,momentum,V4_MOMENTUM_full,disabled,2014-01-24,risk_on,0.014537655892771234,-2.220446049250313e-16,0.018404907975459794,0.4573643410852713,0.07823677416015902,0.6046511627906976,0.7131782945736435,,,{},2382.TW,2014-01-24,2014-01-27
0.03960172831325204,996000,0,0.022868217054263562,0.7689922480620156,1.0,D-1 estimated accounting; fill-day constraints require ledger audit,momentum,V4_MOMENTUM_full,disabled,2014-01-24,risk_on,0.014537655892771234,-2.220446049250313e-16,0.018404907975459794,0.4573643410852713,0.07823677416015902,0.6046511627906976,0.7131782945736435,,,{},2404.TW,2014-01-24,2014-01-27
0.03752285305052628,7338000,0,0.00736434108527132,0.6759689922480621,1.0,D-1 estimated accounting; fill-day constraints require ledger audit,momentum,V4_MOMENTUM_full,disabled,2014-01-24,risk_on,0.014537655892771234,-2.220446049250313e-16,0.018404907975459794,0.4573643410852713,0.07823677416015902,0.6046511627906976,0.7131782945736435,,,{},2408.TW,2014-01-24,2014-01-27
0.043881688192011076,2020000,0,0.03217054263565892,0.8485788113695091,1.0,D-1 estimated accounting; fill-day constraints require ledger audit,momentum,V4_MOMENTUM_full,disabled,2014-01-24,risk_on,0.014537655892771234,-2.220446049250313e-16,0.018404907975459794,0.4573643410852713,0.07823677416015902,0.6046511627906976,0.7131782945736435,,,{},2449.TW,2014-01-24,2014-01-27
0.044512250992392935,1758000,0,0.04844961240310078,1.1493540051679587,1.0,D-1 estimated accounting; fill-day constraints require ledger audit,momentum,V4_MOMENTUM_full,disabled,2014-01-24,risk_on,0.014537655892771234,-2.220446049250313e-16,0.018404907975459794,0.4573643410852713,0.07823677416015902,0.6046511627906976,0.7131782945736435,,,{},3264.TWO,2014-01-24,2014-01-27
0.040659720098710696,574000,0,0.03837209302325582,0.9664082687338502,1.0,D-1 estimated accounting; fill-day constraints require ledger audit,momentum,V4_MOMENTUM_full,disabled,2014-01-24,risk_on,0.014537655892771234,-2.220446049250313e-16,0.018404907975459794,0.4573643410852713,0.07823677416015902,0.6046511627906976,0.7131782945736435,,,{},3491.TWO,2014-01-24,2014-01-27
0.04640431908291292,485000,0,0.043798449612403104,1.0801033591731266,1.0,D-1 estimated accounting; fill-day constraints require ledger audit,momentum,V4_MOMENTUM_full,disabled,2014-01-24,risk_on,0.014537655892771234,-2.220446049250313e-16,0.018404907975459794,0.4573643410852713,0.07823677416015902,0.6046511627906976,0.7131782945736435,,,{},3529.TWO,2014-01-24,2014-01-27
0.037050089154145885,430000,0,0.008139534883720934,0.6801033591731267,1.0,D-1 estimated accounting; fill-day constraints require ledger audit,momentum,V4_MOMENTUM_full,disabled,2014-01-24,risk_on,0.014537655892771234,-2.220446049250313e-16,0.018404907975459794,0.4573643410852713,0.07823677416015902,0.6046511627906976,0.7131782945736435,,,{},3653.TW,2014-01-24,2014-01-27
0.04802012518461801,813000,0,0.02829457364341085,0.8015503875968992,1.0,D-1 estimated accounting; fill-day constraints require ledger audit,momentum,V4_MOMENTUM_full,disabled,2014-01-24,risk_on,0.014537655892771234,-2.220446049250313e-16,0.018404907975459794,0.4573643410852713,0.07823677416015902,0.6046511627906976,0.7131782945736435,,,{},5483.TWO,2014-01-24,2014-01-27
0.043721155524513916,1194000,0,0.018992248062015507,0.7472868217054264,1.0,D-1 estimated accounting; fill-day constraints require ledger audit,momentum,V4_MOMENTUM_full,disabled,2014-01-24,risk_on,0.014537655892771234,-2.220446049250313e-16,0.018404907975459794,0.4573643410852713,0.07823677416015902,0.6046511627906976,0.7131782945736435,,,{},6023.TWO,2014-01-24,2014-01-27
0.04669546489520436,587000,0,0.05,1.1979328165374676,1.0,D-1 estimated accounting; fill-day constraints require ledger audit,momentum,V4_MOMENTUM_full,disabled,2014-01-24,risk_on,0.014537655892771234,-2.220446049250313e-16,0.018404907975459794,0.4573643410852713,0.07823677416015902,0.6046511627906976,0.7131782945736435,,,{},6223.TWO,2014-01-24,2014-01-27
0.03969146156873571,1425000,0,0.015116279069767447,0.7193798449612403,1.0,D-1 estimated accounting; fill-day constraints require ledger audit,momentum,V4_MOMENTUM_full,disabled,2014-01-24,risk_on,0.014537655892771234,-2.220446049250313e-16,0.018404907975459794,0.4573643410852713,0.07823677416015902,0.6046511627906976,0.7131782945736435,,,{},6274.TWO,2014-01-24,2014-01-27
0.04327648864183927,1526000,0,0.0027131782945736486,0.6408268733850129,1.0,D-1 estimated accounting; fill-day constraints require ledger audit,momentum,V4_MOMENTUM_full,disabled,2014-01-24,risk_on,0.014537655892771234,-2.220446049250313e-16,0.018404907975459794,0.4573643410852713,0.07823677416015902,0.6046511627906976,0.7131782945736435,,,{},6290.TWO,2014-01-24,2014-01-27
0.03702298598326476,1335000,0,-0.00736434108527132,0.5596899224806202,1.0,D-1 estimated accounting; fill-day constraints require ledger audit,momentum,V4_MOMENTUM_full,disabled,2014-01-27,neutral,0.01547877141623952,-0.023136246786632286,1.1102230246251565e-15,0.17829457364341086,0.07580714605762547,0.2713178294573643,0.4883720930232558,,,{},1785.TWO,2014-01-27,2014-02-05
0.04207227503630913,111000,0,0.020542635658914732,0.7379844961240309,1.0,D-1 estimated accounting; fill-day constraints require ledger audit,momentum,V4_MOMENTUM_full,disabled,2014-01-27,neutral,0.01547877141623952,-0.023136246786632286,1.1102230246251565e-15,0.17829457364341086,0.07580714605762547,0.2713178294573643,0.4883720930232558,,,{},2207.TW,2014-01-27,2014-02-05
0.04031653627758698,462000,0,0.04534883720930233,1.097674418604651,1.0,D-1 estimated accounting; fill-day constraints require ledger audit,momentum,V4_MOMENTUM_full,disabled,2014-01-27,neutral,0.01547877141623952,-0.023136246786632286,1.1102230246251565e-15,0.17829457364341086,0.07580714605762547,0.2713178294573643,0.4883720930232558,,,{},2317.TW,2014-01-27,2014-02-05
0.04079397401022195,3178000,0,0.037209302325581395,0.8832041343669251,1.0,D-1 estimated accounting; fill-day constraints require ledger audit,momentum,V4_MOMENTUM_full,disabled,2014-01-27,neutral,0.01547877141623952,-0.023136246786632286,1.1102230246251565e-15,0.17829457364341086,0.07580714605762547,0.2713178294573643,0.4883720930232558,,,{},2327.TW,2014-01-27,2014-02-05
0.03853530850442899,2295000,0,0.029844961240310077,0.8077519379844961,1.0,D-1 estimated accounting; fill-day constraints require ledger audit,momentum,V4_MOMENTUM_full,disabled,2014-01-27,neutral,0.01547877141623952,-0.023136246786632286,1.1102230246251565e-15,0.17829457364341086,0.07580714605762547,0.2713178294573643,0.4883720930232558,,,{},2345.TW,2014-01-27,2014-02-05
0.04604604575615966,872000,0,0.01744186046511628,0.7266149870801034,1.0,D-1 estimated accounting; fill-day constraints require ledger audit,momentum,V4_MOMENTUM_full,disabled,2014-01-27,neutral,0.01547877141623952,-0.023136246786632286,1.1102230246251565e-15,0.17829457364341086,0.07580714605762547,0.2713178294573643,0.4883720930232558,,,{},2347.TW,2014-01-27,2014-02-05
0.04241803236203994,146000,0,0.037209302325581395,0.8832041343669251,1.0,D-1 estimated accounting; fill-day constraints require ledger audit,momentum,V4_MOMENTUM_full,disabled,2014-01-27,neutral,0.01547877141623952,-0.023136246786632286,1.1102230246251565e-15,0.17829457364341086,0.07580714605762547,0.2713178294573643,0.4883720930232558,,,{},2357.TW,2014-01-27,2014-02-05
0.04317341072741531,1056000,1056000,0.04922480620155039,1.1829457364341087,1.0,D-1 estimated accounting; fill-day constraints require ledger audit,momentum,V4_MOMENTUM_full,disabled,2014-01-27,neutral,0.01547877141623952,-0.023136246786632286,1.1102230246251565e-15,0.17829457364341086,0.07580714605762547,0.2713178294573643,0.4883720930232558,,,{},2376.TW,2014-01-27,2014-02-05
0.043928635080618866,1614000,0,0.04844961240310078,1.1788113695090439,1.0,D-1 estimated accounting; fill-day constraints require ledger audit,momentum,V4_MOMENTUM_full,disabled,2014-01-27,neutral,0.01547877141623952,-0.023136246786632286,1.1102230246251565e-15,0.17829457364341086,0.07580714605762547,0.2713178294573643,0.4883720930232558,,,{},2377.TW,2014-01-27,2014-02-05
0.0401812622533404,471000,0,0.015116279069767447,0.7090439276485787,1.0,D-1 estimated accounting; fill-day constraints require ledger audit,momentum,V4_MOMENTUM_full,disabled,2014-01-27,neutral,0.01547877141623952,-0.023136246786632286,1.1102230246251565e-15,0.17829457364341086,0.07580714605762547,0.2713178294573643,0.4883720930232558,,,{},2379.TW,2014-01-27,2014-02-05
0.03884957034102307,504000,0,0.018992248062015507,0.7343669250645996,1.0,D-1 estimated accounting; fill-day constraints require ledger audit,momentum,V4_MOMENTUM_full,disabled,2014-01-27,neutral,0.01547877141623952,-0.023136246786632286,1.1102230246251565e-15,0.17829457364341086,0.07580714605762547,0.2713178294573643,0.4883720930232558,,,{},2382.TW,2014-01-27,2014-02-05
0.039698382757301205,996000,0,0.02209302325581395,0.7478036175710596,1.0,D-1 estimated accounting; fill-day constraints require ledger audit,momentum,V4_MOMENTUM_full,disabled,2014-01-27,neutral,0.01547877141623952,-0.023136246786632286,1.1102230246251565e-15,0.17829457364341086,0.07580714605762547,0.2713178294573643,0.4883720930232558,,,{},2404.TW,2014-01-27,2014-02-05
0.037673944096147716,7338000,0,0.0027131782945736486,0.6248062015503877,1.0,D-1 estimated accounting; fill-day constraints require ledger audit,momentum,V4_MOMENTUM_full,disabled,2014-01-27,neutral,0.01547877141623952,-0.023136246786632286,1.1102230246251565e-15,0.17829457364341086,0.07580714605762547,0.2713178294573643,0.4883720930232558,,,{},2408.TW,2014-01-27,2014-02-05
0.04356542304208205,2020000,0,0.03217054263565892,0.8175710594315246,1.0,D-1 estimated accounting; fill-day constraints require ledger audit,momentum,V4_MOMENTUM_full,disabled,2014-01-27,neutral,0.01547877141623952,-0.023136246786632286,1.1102230246251565e-15,0.17829457364341086,0.07580714605762547,0.2713178294573643,0.4883720930232558,,,{},2449.TW,2014-01-27,2014-02-05
0.04513840069024716,1758000,0,0.046899224806201546,1.1142118863049095,1.0,D-1 estimated accounting; fill-day constraints require ledger audit,momentum,V4_MOMENTUM_full,disabled,2014-01-27,neutral,0.01547877141623952,-0.023136246786632286,1.1102230246251565e-15,0.17829457364341086,0.07580714605762547,0.2713178294573643,0.4883720930232558,,,{},3264.TWO,2014-01-27,2014-02-05
0.03987498338098554,574000,0,0.02596899224806202,0.7788113695090441,1.0,D-1 estimated accounting; fill-day constraints require ledger audit,momentum,V4_MOMENTUM_full,disabled,2014-01-27,neutral,0.01547877141623952,-0.023136246786632286,1.1102230246251565e-15,0.17829457364341086,0.07580714605762547,0.2713178294573643,0.4883720930232558,,,{},3491.TWO,2014-01-27,2014-02-05
0.04665829547652576,485000,0,0.03837209302325582,0.8852713178294574,1.0,D-1 estimated accounting; fill-day constraints require ledger audit,momentum,V4_MOMENTUM_full,disabled,2014-01-27,neutral,0.01547877141623952,-0.023136246786632286,1.1102230246251565e-15,0.17829457364341086,0.07580714605762547,0.2713178294573643,0.4883720930232558,,,{},3529.TWO,2014-01-27,2014-02-05
0.0,0,-430000,-0.008139534883720928,0.5509043927648578,1.0,D-1 estimated accounting; fill-day constraints require ledger audit,momentum,V4_MOMENTUM_full,disabled,2014-01-27,neutral,0.01547877141623952,-0.023136246786632286,1.1102230246251565e-15,0.17829457364341086,0.07580714605762547,0.2713178294573643,0.4883720930232558,,,{},3653.TW,2014-01-27,2014-02-05
0.04635689365627845,813000,0,0.0011627906976744208,0.6124031007751938,1.0,D-1 estimated accounting; fill-day constraints require ledger audit,momentum,V4_MOMENTUM_full,disabled,2014-01-27,neutral,0.01547877141623952,-0.023136246786632286,1.1102230246251565e-15,0.17829457364341086,0.07580714605762547,0.2713178294573643,0.4883720930232558,,,{},5483.TWO,2014-01-27,2014-02-05
0.04402956439055009,1194000,0,0.027519379844961247,0.7958656330749355,1.0,D-1 estimated accounting; fill-day constraints require ledger audit,momentum,V4_MOMENTUM_full,disabled,2014-01-27,neutral,0.01547877141623952,-0.023136246786632286,1.1102230246251565e-15,0.17829457364341086,0.07580714605762547,0.2713178294573643,0.4883720930232558,,,{},6023.TWO,2014-01-27,2014-02-05
0.04729200422616512,587000,0,0.05,1.2051679586563309,1.0,D-1 estimated accounting; fill-day constraints require ledger audit,momentum,V4_MOMENTUM_full,disabled,2014-01-27,neutral,0.01547877141623952,-0.023136246786632286,1.1102230246251565e-15,0.17829457364341086,0.07580714605762547,0.2713178294573643,0.4883720930232558,,,{},6223.TWO,2014-01-27,2014-02-05
0.04061570492134292,1425000,0,0.04069767441860465,0.9255813953488373,1.0,D-1 estimated accounting; fill-day constraints require ledger audit,momentum,V4_MOMENTUM_full,disabled,2014-01-27,neutral,0.01547877141623952,-0.023136246786632286,1.1102230246251565e-15,0.17829457364341086,0.07580714605762547,0.2713178294573643,0.4883720930232558,,,{},6274.TWO,2014-01-27,2014-02-05
0.04388525498555687,1526000,0,0.025193798449612406,0.7736434108527132,1.0,D-1 estimated accounting; fill-day constraints require ledger audit,momentum,V4_MOMENTUM_full,disabled,2014-01-27,neutral,0.01547877141623952,-0.023136246786632286,1.1102230246251565e-15,0.17829457364341086,0.07580714605762547,0.2713178294573643,0.4883720930232558,,,{},6290.TWO,2014-01-27,2014-02-05
0.03643975161229693,1335000,0,0.006589147286821706,0.6439276485788115,1.0,D-1 estimated accounting; fill-day constraints require ledger audit,momentum,V4_MOMENTUM_full,disabled,2014-02-05,risk_off,0.015987846706170428,-0.03467407446708548,-0.02142863374554349,0.15503875968992248,0.08562490187556444,0.18604651162790697,0.34108527131782945,,,{},1785.TWO,2014-02-05,2014-02-06
0.0,0,-111000,-0.012015503875968992,0.4759689922480621,1.0,D-1 estimated accounting; fill-day constraints require ledger audit,momentum,V4_MOMENTUM_full,disabled,2014-02-05,risk_off,0.015987846706170428,-0.03467407446708548,-0.02142863374554349,0.15503875968992248,0.08562490187556444,0.18604651162790697,0.34108527131782945,,,{},2207.TW,2014-02-05,2014-02-06
0.038642861009387415,462000,0,0.028682170542635655,0.8594315245478036,1.0,D-1 estimated accounting; fill-day constraints require ledger audit,momentum,V4_MOMENTUM_full,disabled,2014-02-05,risk_off,0.015987846706170428,-0.03467407446708548,-0.02142863374554349,0.15503875968992248,0.08562490187556444,0.18604651162790697,0.34108527131782945,,,{},2317.TW,2014-02-05,2014-02-06
0.04066853774258322,3178000,0,0.04147286821705426,0.9803617571059431,1.0,D-1 estimated accounting; fill-day constraints require ledger audit,momentum,V4_MOMENTUM_full,disabled,2014-02-05,risk_off,0.015987846706170428,-0.03467407446708548,-0.02142863374554349,0.15503875968992248,0.08562490187556444,0.18604651162790697,0.34108527131782945,,,{},2327.TW,2014-02-05,2014-02-06
0.03809928399374592,2295000,0,0.02596899224806202,0.8082687338501292,1.0,D-1 estimated accounting; fill-day constraints require ledger audit,momentum,V4_MOMENTUM_full,disabled,2014-02-05,risk_off,0.015987846706170428,-0.03467407446708548,-0.02142863374554349,0.15503875968992248,0.08562490187556444,0.18604651162790697,0.34108527131782945,,,{},2345.TW,2014-02-05,2014-02-06
0.04537147965221743,872000,0,0.01356589147286822,0.6744186046511629,1.0,D-1 estimated accounting; fill-day constraints require ledger audit,momentum,V4_MOMENTUM_full,disabled,2014-02-05,risk_off,0.015987846706170428,-0.03467407446708548,-0.02142863374554349,0.15503875968992248,0.08562490187556444,0.18604651162790697,0.34108527131782945,,,{},2347.TW,2014-02-05,2014-02-06
0.0420810363760815,146000,0,0.037596899224806204,0.923514211886305,1.0,D-1 estimated accounting; fill-day constraints require ledger audit,momentum,V4_MOMENTUM_full,disabled,2014-02-05,risk_off,0.015987846706170428,-0.03467407446708548,-0.02142863374554349,0.15503875968992248,0.08562490187556444,0.18604651162790697,0.34108527131782945,,,{},2357.TW,2014-02-05,2014-02-06
0.043161407577467586,632000,632000,0.04767441860465116,1.1540051679586563,1.0,D-1 estimated accounting; fill-day constraints require ledger audit,momentum,V4_MOMENTUM_full,disabled,2014-02-05,risk_off,0.015987846706170428,-0.03467407446708548,-0.02142863374554349,0.15503875968992248,0.08562490187556444,0.18604651162790697,0.34108527131782945,,,{},2360.TW,2014-02-05,2014-02-06
0.04332208870691987,1056000,0,0.04612403100775195,1.0945736434108526,1.0,D-1 estimated accounting; fill-day constraints require ledger audit,momentum,V4_MOMENTUM_full,disabled,2014-02-05,risk_off,0.015987846706170428,-0.03467407446708548,-0.02142863374554349,0.15503875968992248,0.08562490187556444,0.18604651162790697,0.34108527131782945,,,{},2376.TW,2014-02-05,2014-02-06
0.04579458435957596,1614000,0,0.04922480620155039,1.168475452196382,1.0,D-1 estimated accounting; fill-day constraints require ledger audit,momentum,V4_MOMENTUM_full,disabled,2014-02-05,risk_off,0.015987846706170428,-0.03467407446708548,-0.02142863374554349,0.15503875968992248,0.08562490187556444,0.18604651162790697,0.34108527131782945,,,{},2377.TW,2014-02-05,2014-02-06
0.040654689464876985,471000,0,0.02209302325581395,0.8015503875968991,1.0,D-1 estimated accounting; fill-day constraints require ledger audit,momentum,V4_MOMENTUM_full,disabled,2014-02-05,risk_off,0.015987846706170428,-0.03467407446708548,-0.02142863374554349,0.15503875968992248,0.08562490187556444,0.18604651162790697,0.34108527131782945,,,{},2379.TW,2014-02-05,2014-02-06
0.03857457024474333,504000,0,0.031395348837209305,0.8744186046511628,1.0,D-1 estimated accounting; fill-day constraints require ledger audit,momentum,V4_MOMENTUM_full,disabled,2014-02-05,risk_off,0.015987846706170428,-0.03467407446708548,-0.02142863374554349,0.15503875968992248,0.08562490187556444,0.18604651162790697,0.34108527131782945,,,{},2382.TW,2014-02-05,2014-02-06
0.03947923018224643,996000,0,0.029844961240310077,0.862015503875969,1.0,D-1 estimated accounting; fill-day constraints require ledger audit,momentum,V4_MOMENTUM_full,disabled,2014-02-05,risk_off,0.015987846706170428,-0.03467407446708548,-0.02142863374554349,0.15503875968992248,0.08562490187556444,0.18604651162790697,0.34108527131782945,,,{},2404.TW,2014-02-05,2014-02-06
0.03831228026803203,7338000,0,0.03527131782945736,0.9085271317829458,1.0,D-1 estimated accounting; fill-day constraints require ledger audit,momentum,V4_MOMENTUM_full,disabled,2014-02-05,risk_off,0.015987846706170428,-0.03467407446708548,-0.02142863374554349,0.15503875968992248,0.08562490187556444,0.18604651162790697,0.34108527131782945,,,{},2408.TW,2014-02-05,2014-02-06
0.042567653036111285,2020000,0,-0.0034883720930232566,0.5431524547803618,1.0,D-1 estimated accounting; fill-day constraints require ledger audit,momentum,V4_MOMENTUM_full,disabled,2014-02-05,risk_off,0.015987846706170428,-0.03467407446708548,-0.02142863374554349,0.15503875968992248,0.08562490187556444,0.18604651162790697,0.34108527131782945,,,{},2449.TW,2014-02-05,2014-02-06
0.04617429437111663,1758000,0,0.046899224806201546,1.1131782945736435,1.0,D-1 estimated accounting; fill-day constraints require ledger audit,momentum,V4_MOMENTUM_full,disabled,2014-02-05,risk_off,0.015987846706170428,-0.03467407446708548,-0.02142863374554349,0.15503875968992248,0.08562490187556444,0.18604651162790697,0.34108527131782945,,,{},3264.TWO,2014-02-05,2014-02-06
0.03973489662279323,574000,0,0.03217054263565892,0.889922480620155,1.0,D-1 estimated accounting; fill-day constraints require ledger audit,momentum,V4_MOMENTUM_full,disabled,2014-02-05,risk_off,0.015987846706170428,-0.03467407446708548,-0.02142863374554349,0.15503875968992248,0.08562490187556444,0.18604651162790697,0.34108527131782945,,,{},3491.TWO,2014-02-05,2014-02-06
0.04685131842647274,485000,0,0.04302325581395349,0.9937984496124029,1.0,D-1 estimated accounting; fill-day constraints require ledger audit,momentum,V4_MOMENTUM_full,disabled,2014-02-05,risk_off,0.015987846706170428,-0.03467407446708548,-0.02142863374554349,0.15503875968992248,0.08562490187556444,0.18604651162790697,0.34108527131782945,,,{},3529.TWO,2014-02-05,2014-02-06
0.04790481523364599,813000,0,0.027519379844961247,0.8449612403100776,1.0,D-1 estimated accounting; fill-day constraints require ledger audit,momentum,V4_MOMENTUM_full,disabled,2014-02-05,risk_off,0.015987846706170428,-0.03467407446708548,-0.02142863374554349,0.15503875968992248,0.08562490187556444,0.18604651162790697,0.34108527131782945,,,{},5483.TWO,2014-02-05,2014-02-06
0.044193219883000644,1194000,0,0.04069767441860465,0.9684754521963824,1.0,D-1 estimated accounting; fill-day constraints require ledger audit,momentum,V4_MOMENTUM_full,disabled,2014-02-05,risk_off,0.015987846706170428,-0.03467407446708548,-0.02142863374554349,0.15503875968992248,0.08562490187556444,0.18604651162790697,0.34108527131782945,,,{},6023.TWO,2014-02-05,2014-02-06
0.04860385779362964,587000,0,0.05,1.177260981912145,1.0,D-1 estimated accounting; fill-day constraints require ledger audit,momentum,V4_MOMENTUM_full,disabled,2014-02-05,risk_off,0.015987846706170428,-0.03467407446708548,-0.02142863374554349,0.15503875968992248,0.08562490187556444,0.18604651162790697,0.34108527131782945,,,{},6223.TWO,2014-02-05,2014-02-06
0.0402871834086433,1425000,0,0.03372093023255814,0.8992248062015504,1.0,D-1 estimated accounting; fill-day constraints require ledger audit,momentum,V4_MOMENTUM_full,disabled,2014-02-05,risk_off,0.015987846706170428,-0.03467407446708548,-0.02142863374554349,0.15503875968992248,0.08562490187556444,0.18604651162790697,0.34108527131782945,,,{},6274.TWO,2014-02-05,2014-02-06
0.045181046564353615,1526000,0,0.03914728682170543,0.9436692506459948,1.0,D-1 estimated accounting; fill-day constraints require ledger audit,momentum,V4_MOMENTUM_full,disabled,2014-02-05,risk_off,0.015987846706170428,-0.03467407446708548,-0.02142863374554349,0.15503875968992248,0.08562490187556444,0.18604651162790697,0.34108527131782945,,,{},6290.TWO,2014-02-05,2014-02-06
0.03669370830532362,1335000,0,0.019379844961240313,0.7214470284237726,1.0,D-1 estimated accounting; fill-day constraints require ledger audit,momentum,V4_MOMENTUM_full,disabled,2014-02-06,risk_off,0.016626440105410967,-0.029972739990547503,-0.016949216467680772,0.21705426356589147,0.09075043482044111,0.29457364341085274,0.4418604651162791,,,{},1785.TWO,2014-02-06,2014-02-07
0.03833306246052587,462000,0,0.029844961240310077,0.8573643410852714,1.0,D-1 estimated accounting; fill-day constraints require ledger audit,momentum,V4_MOMENTUM_full,disabled,2014-02-06,risk_off,0.016626440105410967,-0.029972739990547503,-0.016949216467680772,0.21705426356589147,0.09075043482044111,0.29457364341085274,0.4418604651162791,,,{},2317.TW,2014-02-06,2014-02-07
0.04278107907756707,3178000,0,0.04612403100775195,1.1085271317829457,1.0,D-1 estimated accounting; fill-day constraints require ledger audit,momentum,V4_MOMENTUM_full,disabled,2014-02-06,risk_off,0.016626440105410967,-0.029972739990547503,-0.016949216467680772,0.21705426356589147,0.09075043482044111,0.29457364341085274,0.4418604651162791,,,{},2327.TW,2014-02-06,2014-02-07
0.037981571692770805,2295000,0,0.016666666666666663,0.7049095607235143,1.0,D-1 estimated accounting; fill-day constraints require ledger audit,momentum,V4_MOMENTUM_full,disabled,2014-02-06,risk_off,0.016626440105410967,-0.029972739990547503,-0.016949216467680772,0.21705426356589147,0.09075043482044111,0.29457364341085274,0.4418604651162791,,,{},2345.TW,2014-02-06,2014-02-07
0.04458971450586003,872000,0,0.0027131782945736486,0.5819121447028422,1.0,D-1 estimated accounting; fill-day constraints require ledger audit,momentum,V4_MOMENTUM_full,disabled,2014-02-06,risk_off,0.016626440105410967,-0.029972739990547503,-0.016949216467680772,0.21705426356589147,0.09075043482044111,0.29457364341085274,0.4418604651162791,,,{},2347.TW,2014-02-06,2014-02-07
0.04106721687435225,146000,0,0.019379844961240313,0.7214470284237726,1.0,D-1 estimated accounting; fill-day constraints require ledger audit,momentum,V4_MOMENTUM_full,disabled,2014-02-06,risk_off,0.016626440105410967,-0.029972739990547503,-0.016949216467680772,0.21705426356589147,0.09075043482044111,0.29457364341085274,0.4418604651162791,,,{},2357.TW,2014-02-06,2014-02-07
0.04403792485317609,632000,0,0.05,1.172609819121447,1.0,D-1 estimated accounting; fill-day constraints require ledger audit,momentum,V4_MOMENTUM_full,disabled,2014-02-06,risk_off,0.016626440105410967,-0.029972739990547503,-0.016949216467680772,0.21705426356589147,0.09075043482044111,0.29457364341085274,0.4418604651162791,,,{},2360.TW,2014-02-06,2014-02-07
0.042659943412411146,1056000,0,0.044573643410852716,1.069250645994832,1.0,D-1 estimated accounting; fill-day constraints require ledger audit,momentum,V4_MOMENTUM_full,disabled,2014-02-06,risk_off,0.016626440105410967,-0.029972739990547503,-0.016949216467680772,0.21705426356589147,0.09075043482044111,0.29457364341085274,0.4418604651162791,,,{},2376.TW,2014-02-06,2014-02-07
0.04779052458881777,1614000,0,0.04844961240310078,1.1431524547803618,1.0,D-1 estimated accounting; fill-day constraints require ledger audit,momentum,V4_MOMENTUM_full,disabled,2014-02-06,risk_off,0.016626440105410967,-0.029972739990547503,-0.016949216467680772,0.21705426356589147,0.09075043482044111,0.29457364341085274,0.4418604651162791,,,{},2377.TW,2014-02-06,2014-02-07
0.039603873751416024,471000,0,0.012790697674418606,0.6671834625322998,1.0,D-1 estimated accounting; fill-day constraints require ledger audit,momentum,V4_MOMENTUM_full,disabled,2014-02-06,risk_off,0.016626440105410967,-0.029972739990547503,-0.016949216467680772,0.21705426356589147,0.09075043482044111,0.29457364341085274,0.4418604651162791,,,{},2379.TW,2014-02-06,2014-02-07
0.03788287699148149,504000,0,0.025193798449612406,0.7886304909560724,1.0,D-1 estimated accounting; fill-day constraints require ledger audit,momentum,V4_MOMENTUM_full,disabled,2014-02-06,risk_off,0.016626440105410967,-0.029972739990547503,-0.016949216467680772,0.21705426356589147,0.09075043482044111,0.29457364341085274,0.4418604651162791,,,{},2382.TW,2014-02-06,2014-02-07
0.039279200820976176,996000,0,0.03449612403100775,0.8981912144702843,1.0,D-1 estimated accounting; fill-day constraints require ledger audit,momentum,V4_MOMENTUM_full,disabled,2014-02-06,risk_off,0.016626440105410967,-0.029972739990547503,-0.016949216467680772,0.21705426356589147,0.09075043482044111,0.29457364341085274,0.4418604651162791,,,{},2404.TW,2014-02-06,2014-02-07
0.04032598703086744,7338000,0,0.04147286821705426,0.9762273901808787,1.0,D-1 estimated accounting; fill-day constraints require ledger audit,momentum,V4_MOMENTUM_full,disabled,2014-02-06,risk_off,0.016626440105410967,-0.029972739990547503,-0.016949216467680772,0.21705426356589147,0.09075043482044111,0.29457364341085274,0.4418604651162791,,,{},2408.TW,2014-02-06,2014-02-07
0.04406400899494212,2020000,0,0.02441860465116279,0.7798449612403102,1.0,D-1 estimated accounting; fill-day constraints require ledger audit,momentum,V4_MOMENTUM_full,disabled,2014-02-06,risk_off,0.016626440105410967,-0.029972739990547503,-0.016949216467680772,0.21705426356589147,0.09075043482044111,0.29457364341085274,0.4418604651162791,,,{},2449.TW,2014-02-06,2014-02-07
0.04795998296083415,1758000,0,0.04922480620155039,1.160206718346253,1.0,D-1 estimated accounting; fill-day constraints require ledger audit,momentum,V4_MOMENTUM_full,disabled,2014-02-06,risk_off,0.016626440105410967,-0.029972739990547503,-0.016949216467680772,0.21705426356589147,0.09075043482044111,0.29457364341085274,0.4418604651162791,,,{},3264.TWO,2014-02-06,2014-02-07
0.04034849883430432,574000,0,0.03682170542635659,0.9224806201550386,1.0,D-1 estimated accounting; fill-day constraints require ledger audit,momentum,V4_MOMENTUM_full,disabled,2014-02-06,risk_off,0.016626440105410967,-0.029972739990547503,-0.016949216467680772,0.21705426356589147,0.09075043482044111,0.29457364341085274,0.4418604651162791,,,{},3491.TWO,2014-02-06,2014-02-07
0.045742173114711876,485000,0,0.02674418604651163,0.7968992248062016,1.0,D-1 estimated accounting; fill-day constraints require ledger audit,momentum,V4_MOMENTUM_full,disabled,2014-02-06,risk_off,0.016626440105410967,-0.029972739990547503,-0.016949216467680772,0.21705426356589147,0.09075043482044111,0.29457364341085274,0.4418604651162791,,,{},3529.TWO,2014-02-06,2014-02-07
0.04791355774246298,813000,0,0.03372093023255814,0.8940568475452196,1.0,D-1 estimated accounting; fill-day constraints require ledger audit,momentum,V4_MOMENTUM_full,disabled,2014-02-06,risk_off,0.016626440105410967,-0.029972739990547503,-0.016949216467680772,0.21705426356589147,0.09075043482044111,0.29457364341085274,0.4418604651162791,,,{},5483.TWO,2014-02-06,2014-02-07
0.04339687734195621,1194000,0,0.03992248062015505,0.9684754521963823,1.0,D-1 estimated accounting; fill-day constraints require ledger audit,momentum,V4_MOMENTUM_full,disabled,2014-02-06,risk_off,0.016626440105410967,-0.029972739990547503,-0.016949216467680772,0.21705426356589147,0.09075043482044111,0.29457364341085274,0.4418604651162791,,,{},6023.TWO,2014-02-06,2014-02-07
0.04738534754673922,587000,0,0.04767441860465116,1.1317829457364341,1.0,D-1 estimated accounting; fill-day constraints require ledger audit,momentum,V4_MOMENTUM_full,disabled,2014-02-06,risk_off,0.016626440105410967,-0.029972739990547503,-0.016949216467680772,0.21705426356589147,0.09075043482044111,0.29457364341085274,0.4418604651162791,,,{},6223.TWO,2014-02-06,2014-02-07
0.04039272296602791,1425000,0,0.037596899224806204,0.9364341085271316,1.0,D-1 estimated accounting; fill-day constraints require ledger audit,momentum,V4_MOMENTUM_full,disabled,2014-02-06,risk_off,0.016626440105410967,-0.029972739990547503,-0.016949216467680772,0.21705426356589147,0.09075043482044111,0.29457364341085274,0.4418604651162791,,,{},6274.TWO,2014-02-06,2014-02-07
0.04479945023354227,1526000,0,0.03914728682170543,0.9560723514211888,1.0,D-1 estimated accounting; fill-day constraints require ledger audit,momentum,V4_MOMENTUM_full,disabled,2014-02-06,risk_off,0.016626440105410967,-0.029972739990547503,-0.016949216467680772,0.21705426356589147,0.09075043482044111,0.29457364341085274,0.4418604651162791,,,{},6290.TWO,2014-02-06,2014-02-07
0.036484633987448715,1335000,0,0.0027131782945736486,0.59328165374677,1.0,D-1 estimated accounting; fill-day constraints require ledger audit,momentum,V4_MOMENTUM_full,disabled,2014-02-07,neutral,0.01661331485942876,-0.018348595256370226,-0.018640197206878817,0.2713178294573643,0.08325102826143627,0.40310077519379844,0.5038759689922481,,,{},1785.TWO,2014-02-07,2014-02-10
0.03788195723503107,462000,0,0.02209302325581395,0.7483204134366925,1.0,D-1 estimated accounting; fill-day constraints require ledger audit,momentum,V4_MOMENTUM_full,disabled,2014-02-07,neutral,0.01661331485942876,-0.018348595256370226,-0.018640197206878817,0.2713178294573643,0.08325102826143627,0.40310077519379844,0.5038759689922481,,,{},2317.TW,2014-02-07,2014-02-10
0.044616211566453824,3178000,0,0.05,1.1643410852713179,1.0,D-1 estimated accounting; fill-day constraints require ledger audit,momentum,V4_MOMENTUM_full,disabled,2014-02-07,neutral,0.01661331485942876,-0.018348595256370226,-0.018640197206878817,0.2713178294573643,0.08325102826143627,0.40310077519379844,0.5038759689922481,,,{},2327.TW,2014-02-07,2014-02-10
0.03834260827486631,2295000,0,0.009689922480620151,0.6609819121447028,1.0,D-1 estimated accounting; fill-day constraints require ledger audit,momentum,V4_MOMENTUM_full,disabled,2014-02-07,neutral,0.01661331485942876,-0.018348595256370226,-0.018640197206878817,0.2713178294573643,0.08325102826143627,0.40310077519379844,0.5038759689922481,,,{},2345.TW,2014-02-07,2014-02-10
0.04617931082717042,872000,0,0.02596899224806202,0.8175710594315247,1.0,D-1 estimated accounting; fill-day constraints require ledger audit,momentum,V4_MOMENTUM_full,disabled,2014-02-07,neutral,0.01661331485942876,-0.018348595256370226,-0.018640197206878817,0.2713178294573643,0.08325102826143627,0.40310077519379844,0.5038759689922481,,,{},2347.TW,2014-02-07,2014-02-10
0.04127546014425857,146000,0,0.018992248062015507,0.7188630490956073,1.0,D-1 estimated accounting; fill-day constraints require ledger audit,momentum,V4_MOMENTUM_full,disabled,2014-02-07,neutral,0.01661331485942876,-0.018348595256370226,-0.018640197206878817,0.2713178294573643,0.08325102826143627,0.40310077519379844,0.5038759689922481,,,{},2357.TW,2014-02-07,2014-02-10
0.04315056545822312,632000,0,0.04767441860465116,1.122997416020672,1.0,D-1 estimated accounting; fill-day constraints require ledger audit,momentum,V4_MOMENTUM_full,disabled,2014-02-07,neutral,0.01661331485942876,-0.018348595256370226,-0.018640197206878817,0.2713178294573643,0.08325102826143627,0.40310077519379844,0.5038759689922481,,,{},2360.TW,2014-02-07,2014-02-10
0.04204479668594059,1056000,0,0.04224806201550388,1.0082687338501293,1.0,D-1 estimated accounting; fill-day constraints require ledger audit,momentum,V4_MOMENTUM_full,disabled,2014-02-07,neutral,0.01661331485942876,-0.018348595256370226,-0.018640197206878817,0.2713178294573643,0.08325102826143627,0.40310077519379844,0.5038759689922481,,,{},2376.TW,2014-02-07,2014-02-10
0.04678717297912426,1614000,0,0.04844961240310078,1.1307493540051679,1.0,D-1 estimated accounting; fill-day constraints require ledger audit,momentum,V4_MOMENTUM_full,disabled,2014-02-07,neutral,0.01661331485942876,-0.018348595256370226,-0.018640197206878817,0.2713178294573643,0.08325102826143627,0.40310077519379844,0.5038759689922481,,,{},2377.TW,2014-02-07,2014-02-10
0.04008987235988576,471000,0,0.0019379844961240345,0.5912144702842377,1.0,D-1 estimated accounting; fill-day constraints require ledger audit,momentum,V4_MOMENTUM_full,disabled,2014-02-07,neutral,0.01661331485942876,-0.018348595256370226,-0.018640197206878817,0.2713178294573643,0.08325102826143627,0.40310077519379844,0.5038759689922481,,,{},2379.TW,2014-02-07,2014-02-10
0.03797161212286269,504000,0,0.015116279069767447,0.6857881136950903,1.0,D-1 estimated accounting; fill-day constraints require ledger audit,momentum,V4_MOMENTUM_full,disabled,2014-02-07,neutral,0.01661331485942876,-0.018348595256370226,-0.018640197206878817,0.2713178294573643,0.08325102826143627,0.40310077519379844,0.5038759689922481,,,{},2382.TW,2014-02-07,2014-02-10
0.039055394819958685,996000,0,0.025193798449612406,0.8041343669250648,1.0,D-1 estimated accounting; fill-day constraints require ledger audit,momentum,V4_MOMENTUM_full,disabled,2014-02-07,neutral,0.01661331485942876,-0.018348595256370226,-0.018640197206878817,0.2713178294573643,0.08325102826143627,0.40310077519379844,0.5038759689922481,,,{},2404.TW,2014-02-07,2014-02-10
0.04098232086033545,7338000,0,0.04302325581395349,1.0098191214470285,1.0,D-1 estimated accounting; fill-day constraints require ledger audit,momentum,V4_MOMENTUM_full,disabled,2014-02-07,neutral,0.01661331485942876,-0.018348595256370226,-0.018640197206878817,0.2713178294573643,0.08325102826143627,0.40310077519379844,0.5038759689922481,,,{},2408.TW,2014-02-07,2014-02-10
0.04310136092382394,2020000,0,0.005038759689922479,0.6299741602067184,1.0,D-1 estimated accounting; fill-day constraints require ledger audit,momentum,V4_MOMENTUM_full,disabled,2014-02-07,neutral,0.01661331485942876,-0.018348595256370226,-0.018640197206878817,0.2713178294573643,0.08325102826143627,0.40310077519379844,0.5038759689922481,,,{},2449.TW,2014-02-07,2014-02-10
0.047244352533403734,1758000,0,0.04612403100775195,1.1131782945736433,1.0,D-1 estimated accounting; fill-day constraints require ledger audit,momentum,V4_MOMENTUM_full,disabled,2014-02-07,neutral,0.01661331485942876,-0.018348595256370226,-0.018640197206878817,0.2713178294573643,0.08325102826143627,0.40310077519379844,0.5038759689922481,,,{},3264.TWO,2014-02-07,2014-02-10
0.042893373658786926,574000,0,0.04069767441860465,1.0015503875968992,1.0,D-1 estimated accounting; fill-day constraints require ledger audit,momentum,V4_MOMENTUM_full,disabled,2014-02-07,neutral,0.01661331485942876,-0.018348595256370226,-0.018640197206878817,0.2713178294573643,0.08325102826143627,0.40310077519379844,0.5038759689922481,,,{},3491.TWO,2014-02-07,2014-02-10
0.045481542230460616,485000,0,0.021317829457364348,0.7431524547803617,1.0,D-1 estimated accounting; fill-day constraints require ledger audit,momentum,V4_MOMENTUM_full,disabled,2014-02-07,neutral,0.01661331485942876,-0.018348595256370226,-0.018640197206878817,0.2713178294573643,0.08325102826143627,0.40310077519379844,0.5038759689922481,,,{},3529.TWO,2014-02-07,2014-02-10
0.04690384508062906,813000,0,0.01821705426356589,0.7100775193798449,1.0,D-1 estimated accounting; fill-day constraints require ledger audit,momentum,V4_MOMENTUM_full,disabled,2014-02-07,neutral,0.01661331485942876,-0.018348595256370226,-0.018640197206878817,0.2713178294573643,0.08325102826143627,0.40310077519379844,0.5038759689922481,,,{},5483.TWO,2014-02-07,2014-02-10
0.043450094288024245,1194000,0,0.037596899224806204,0.9271317829457364,1.0,D-1 estimated accounting; fill-day constraints require ledger audit,momentum,V4_MOMENTUM_full,disabled,2014-02-07,neutral,0.01661331485942876,-0.018348595256370226,-0.018640197206878817,0.2713178294573643,0.08325102826143627,0.40310077519379844,0.5038759689922481,,,{},6023.TWO,2014-02-07,2014-02-10
0.04611038422990368,587000,0,0.046899224806201546,1.1204134366925065,1.0,D-1 estimated accounting; fill-day constraints require ledger audit,momentum,V4_MOMENTUM_full,disabled,2014-02-07,neutral,0.01661331485942876,-0.018348595256370226,-0.018640197206878817,0.2713178294573643,0.08325102826143627,0.40310077519379844,0.5038759689922481,,,{},6223.TWO,2014-02-07,2014-02-10
0.03966054015712975,1425000,0,0.03372093023255814,0.868733850129199,1.0,D-1 estimated accounting; fill-day constraints require ledger audit,momentum,V4_MOMENTUM_full,disabled,2014-02-07,neutral,0.01661331485942876,-0.018348595256370226,-0.018640197206878817,0.2713178294573643,0.08325102826143627,0.40310077519379844,0.5038759689922481,,,{},6274.TWO,2014-02-07,2014-02-10
0.045696195753992405,1526000,0,0.04147286821705426,1.007235142118863,1.0,D-1 estimated accounting; fill-day constraints require ledger audit,momentum,V4_MOMENTUM_full,disabled,2014-02-07,neutral,0.01661331485942876,-0.018348595256370226,-0.018640197206878817,0.2713178294573643,0.08325102826143627,0.40310077519379844,0.5038759689922481,,,{},6290.TWO,2014-02-07,2014-02-10
0.036389739365028484,1335000,0,-0.0034883720930232566,0.5498708010335918,1.0,D-1 estimated accounting; fill-day constraints require ledger audit,momentum,V4_MOMENTUM_full,disabled,2014-02-10,risk_off,0.0165755261825405,-0.02024295200799453,-0.013398143546773711,0.27906976744186046,0.0840336246498102,0.3798449612403101,0.4573643410852713,,,{},1785.TWO,2014-02-10,2014-02-11
0.03806287395962543,462000,0,0.01356589147286822,0.6971576227390182,1.0,D-1 estimated accounting; fill-day constraints require ledger audit,momentum,V4_MOMENTUM_full,disabled,2014-02-10,risk_off,0.0165755261825405,-0.02024295200799453,-0.013398143546773711,0.27906976744186046,0.0840336246498102,0.3798449612403101,0.4573643410852713,,,{},2317.TW,2014-02-10,2014-02-11
0.04466467792081349,3178000,0,0.04922480620155039,1.158139534883721,1.0,D-1 estimated accounting; fill-day constraints require ledger audit,momentum,V4_MOMENTUM_full,disabled,2014-02-10,risk_off,0.0165755261825405,-0.02024295200799453,-0.013398143546773711,0.27906976744186046,0.0840336246498102,0.3798449612403101,0.4573643410852713,,,{},2327.TW,2014-02-10,2014-02-11
0.038962335846698073,2295000,0,0.025193798449612406,0.8031007751937984,1.0,D-1 estimated accounting; fill-day constraints require ledger audit,momentum,V4_MOMENTUM_full,disabled,2014-02-10,risk_off,0.0165755261825405,-0.02024295200799453,-0.013398143546773711,0.27906976744186046,0.0840336246498102,0.3798449612403101,0.4573643410852713,,,{},2345.TW,2014-02-10,2014-02-11
0.045790031487675624,872000,0,0.012015503875968992,0.6775193798449612,1.0,D-1 estimated accounting; fill-day constraints require ledger audit,momentum,V4_MOMENTUM_full,disabled,2014-02-10,risk_off,0.0165755261825405,-0.02024295200799453,-0.013398143546773711,0.27906976744186046,0.0840336246498102,0.3798449612403101,0.4573643410852713,,,{},2347.TW,2014-02-10,2014-02-11
0.042131946158107864,146000,0,0.03914728682170543,0.9364341085271317,1.0,D-1 estimated accounting; fill-day constraints require ledger audit,momentum,V4_MOMENTUM_full,disabled,2014-02-10,risk_off,0.0165755261825405,-0.02024295200799453,-0.013398143546773711,0.27906976744186046,0.0840336246498102,0.3798449612403101,0.4573643410852713,,,{},2357.TW,2014-02-10,2014-02-11
0.043006300575308694,632000,0,0.044573643410852716,1.0568475452196382,1.0,D-1 estimated accounting; fill-day constraints require ledger audit,momentum,V4_MOMENTUM_full,disabled,2014-02-10,risk_off,0.0165755261825405,-0.02024295200799453,-0.013398143546773711,0.27906976744186046,0.0840336246498102,0.3798449612403101,0.4573643410852713,,,{},2360.TW,2014-02-10,2014-02-11
0.04171798769295962,1056000,0,0.037596899224806204,0.9059431524547804,1.0,D-1 estimated accounting; fill-day constraints require ledger audit,momentum,V4_MOMENTUM_full,disabled,2014-02-10,risk_off,0.0165755261825405,-0.02024295200799453,-0.013398143546773711,0.27906976744186046,0.0840336246498102,0.3798449612403101,0.4573643410852713,,,{},2376.TW,2014-02-10,2014-02-11
0.047325893446092795,1614000,0,0.04844961240310078,1.1478036175710593,1.0,D-1 estimated accounting; fill-day constraints require ledger audit,momentum,V4_MOMENTUM_full,disabled,2014-02-10,risk_off,0.0165755261825405,-0.02024295200799453,-0.013398143546773711,0.27906976744186046,0.0840336246498102,0.3798449612403101,0.4573643410852713,,,{},2377.TW,2014-02-10,2014-02-11
0.039990936254836545,471000,0,0.02209302325581395,0.7700258397932817,1.0,D-1 estimated accounting; fill-day constraints require ledger audit,momentum,V4_MOMENTUM_full,disabled,2014-02-10,risk_off,0.0165755261825405,-0.02024295200799453,-0.013398143546773711,0.27906976744186046,0.0840336246498102,0.3798449612403101,0.4573643410852713,,,{},2379.TW,2014-02-10,2014-02-11
0.03760630582645,504000,0,0.004263565891472865,0.627390180878553,1.0,D-1 estimated accounting; fill-day constraints require ledger audit,momentum,V4_MOMENTUM_full,disabled,2014-02-10,risk_off,0.0165755261825405,-0.02024295200799453,-0.013398143546773711,0.27906976744186046,0.0840336246498102,0.3798449612403101,0.4573643410852713,,,{},2382.TW,2014-02-10,2014-02-11
0.03884687170491046,996000,0,0.02596899224806202,0.8067183462532299,1.0,D-1 estimated accounting; fill-day constraints require ledger audit,momentum,V4_MOMENTUM_full,disabled,2014-02-10,risk_off,0.0165755261825405,-0.02024295200799453,-0.013398143546773711,0.27906976744186046,0.0840336246498102,0.3798449612403101,0.4573643410852713,,,{},2404.TW,2014-02-10,2014-02-11
0.04139645090727931,7338000,0,0.04069767441860465,0.9968992248062014,1.0,D-1 estimated accounting; fill-day constraints require ledger audit,momentum,V4_MOMENTUM_full,disabled,2014-02-10,risk_off,0.0165755261825405,-0.02024295200799453,-0.013398143546773711,0.27906976744186046,0.0840336246498102,0.3798449612403101,0.4573643410852713,,,{},2408.TW,2014-02-10,2014-02-11
0.042741123385990586,2020000,0,0.0003875968992248069,0.5963824289405686,1.0,D-1 estimated accounting; fill-day constraints require ledger audit,momentum,V4_MOMENTUM_full,disabled,2014-02-10,risk_off,0.0165755261825405,-0.02024295200799453,-0.013398143546773711,0.27906976744186046,0.0840336246498102,0.3798449612403101,0.4573643410852713,,,{},2449.TW,2014-02-10,2014-02-11
0.046321418370087915,1758000,0,0.046899224806201546,1.0666666666666669,1.0,D-1 estimated accounting; fill-day constraints require ledger audit,momentum,V4_MOMENTUM_full,disabled,2014-02-10,risk_off,0.0165755261825405,-0.02024295200799453,-0.013398143546773711,0.27906976744186046,0.0840336246498102,0.3798449612403101,0.4573643410852713,,,{},3264.TWO,2014-02-10,2014-02-11
0.04311358023594451,574000,0,0.04224806201550388,1.0186046511627906,1.0,D-1 estimated accounting; fill-day constraints require ledger audit,momentum,V4_MOMENTUM_full,disabled,2014-02-10,risk_off,0.0165755261825405,-0.02024295200799453,-0.013398143546773711,0.27906976744186046,0.0840336246498102,0.3798449612403101,0.4573643410852713,,,{},3491.TWO,2014-02-10,2014-02-11
0.04792731430414551,485000,0,0.04147286821705426,1.0139534883720929,1.0,D-1 estimated accounting; fill-day constraints require ledger audit,momentum,V4_MOMENTUM_full,disabled,2014-02-10,risk_off,0.0165755261825405,-0.02024295200799453,-0.013398143546773711,0.27906976744186046,0.0840336246498102,0.3798449612403101,0.4573643410852713,,,{},3529.TWO,2014-02-10,2014-02-11
0.0,0,-813000,-0.03217054263565892,0.35038759689922483,1.0,D-1 estimated accounting; fill-day constraints require ledger audit,momentum,V4_MOMENTUM_full,disabled,2014-02-10,risk_off,0.0165755261825405,-0.02024295200799453,-0.013398143546773711,0.27906976744186046,0.0840336246498102,0.3798449612403101,0.4573643410852713,,,{},5483.TWO,2014-02-10,2014-02-11
0.042895671573155374,1194000,0,0.03217054263565892,0.8552971576227391,1.0,D-1 estimated accounting; fill-day constraints require ledger audit,momentum,V4_MOMENTUM_full,disabled,2014-02-10,risk_off,0.0165755261825405,-0.02024295200799453,-0.013398143546773711,0.27906976744186046,0.0840336246498102,0.3798449612403101,0.4573643410852713,,,{},6023.TWO,2014-02-10,2014-02-11
0.04317832577760993,1129000,1129000,0.05,1.179328165374677,1.0,D-1 estimated accounting; fill-day constraints require ledger audit,momentum,V4_MOMENTUM_full,disabled,2014-02-10,risk_off,0.0165755261825405,-0.02024295200799453,-0.013398143546773711,0.27906976744186046,0.0840336246498102,0.3798449612403101,0.4573643410852713,,,{},6187.TWO,2014-02-10,2014-02-11
0.04627883388507966,587000,0,0.03992248062015505,0.9607235142118863,1.0,D-1 estimated accounting; fill-day constraints require ledger audit,momentum,V4_MOMENTUM_full,disabled,2014-02-10,risk_off,0.0165755261825405,-0.02024295200799453,-0.013398143546773711,0.27906976744186046,0.0840336246498102,0.3798449612403101,0.4573643410852713,,,{},6223.TWO,2014-02-10,2014-02-11
0.038913858535260526,1425000,0,0.022868217054263562,0.7736434108527133,1.0,D-1 estimated accounting; fill-day constraints require ledger audit,momentum,V4_MOMENTUM_full,disabled,2014-02-10,risk_off,0.0165755261825405,-0.02024295200799453,-0.013398143546773711,0.27906976744186046,0.0840336246498102,0.3798449612403101,0.4573643410852713,,,{},6274.TWO,2014-02-10,2014-02-11
0.04659155661413496,1526000,0,0.04612403100775195,1.0645994832041343,1.0,D-1 estimated accounting; fill-day constraints require ledger audit,momentum,V4_MOMENTUM_full,disabled,2014-02-10,risk_off,0.0165755261825405,-0.02024295200799453,-0.013398143546773711,0.27906976744186046,0.0840336246498102,0.3798449612403101,0.4573643410852713,,,{},6290.TWO,2014-02-10,2014-02-11
0.0,0,-1335000,-0.03837209302325582,0.24289405684754523,1.0,D-1 estimated accounting; fill-day constraints require ledger audit,momentum,V4_MOMENTUM_full,disabled,2014-02-11,neutral,0.016591849607629095,-0.002383844743733987,-0.009230707529498061,0.46511627906976744,0.0891060364202936,0.4418604651162791,0.5271317829457365,,,{},1785.TWO,2014-02-11,2014-02-12
0.03721139781082309,462000,0,-0.008139534883720928,0.5333333333333333,1.0,D-1 estimated accounting; fill-day constraints require ledger audit,momentum,V4_MOMENTUM_full,disabled,2014-02-11,neutral,0.016591849607629095,-0.002383844743733987,-0.009230707529498061,0.46511627906976744,0.0891060364202936,0.4418604651162791,0.5271317829457365,,,{},2317.TW,2014-02-11,2014-02-12
0.04564385480606191,3178000,0,0.05,1.2046511627906975,1.0,D-1 estimated accounting; fill-day constraints require ledger audit,momentum,V4_MOMENTUM_full,disabled,2014-02-11,neutral,0.016591849607629095,-0.002383844743733987,-0.009230707529498061,0.46511627906976744,0.0891060364202936,0.4418604651162791,0.5271317829457365,,,{},2327.TW,2014-02-11,2014-02-12
0.038247207615557194,2295000,0,0.01744186046511628,0.7328165374677003,1.0,D-1 estimated accounting; fill-day constraints require ledger audit,momentum,V4_MOMENTUM_full,disabled,2014-02-11,neutral,0.016591849607629095,-0.002383844743733987,-0.009230707529498061,0.46511627906976744,0.0891060364202936,0.4418604651162791,0.5271317829457365,,,{},2345.TW,2014-02-11,2014-02-12
0.04452908898983731,872000,0,0.0027131782945736486,0.6124031007751938,1.0,D-1 estimated accounting; fill-day constraints require ledger audit,momentum,V4_MOMENTUM_full,disabled,2014-02-11,neutral,0.016591849607629095,-0.002383844743733987,-0.009230707529498061,0.46511627906976744,0.0891060364202936,0.4418604651162791,0.5271317829457365,,,{},2347.TW,2014-02-11,2014-02-12
0.04163553630004317,146000,0,0.03449612403100775,0.8945736434108527,1.0,D-1 estimated accounting; fill-day constraints require ledger audit,momentum,V4_MOMENTUM_full,disabled,2014-02-11,neutral,0.016591849607629095,-0.002383844743733987,-0.009230707529498061,0.46511627906976744,0.0891060364202936,0.4418604651162791,0.5271317829457365,,,{},2357.TW,2014-02-11,2014-02-12
0.043103827907893924,632000,0,0.04147286821705426,1.0268733850129197,1.0,D-1 estimated accounting; fill-day constraints require ledger audit,momentum,V4_MOMENTUM_full,disabled,2014-02-11,neutral,0.016591849607629095,-0.002383844743733987,-0.009230707529498061,0.46511627906976744,0.0891060364202936,0.4418604651162791,0.5271317829457365,,,{},2360.TW,2014-02-11,2014-02-12
0.043180807517322395,5294000,5294000,0.04612403100775195,1.0909560723514211,1.0,D-1 estimated accounting; fill-day constraints require ledger audit,momentum,V4_MOMENTUM_full,disabled,2014-02-11,neutral,0.016591849607629095,-0.002383844743733987,-0.009230707529498061,0.46511627906976744,0.0891060364202936,0.4418604651162791,0.5271317829457365,,,{},2368.TW,2014-02-11,2014-02-12
0.044245913104520175,1056000,0,0.04534883720930233,1.0852713178294573,1.0,D-1 estimated accounting; fill-day constraints require ledger audit,momentum,V4_MOMENTUM_full,disabled,2014-02-11,neutral,0.016591849607629095,-0.002383844743733987,-0.009230707529498061,0.46511627906976744,0.0891060364202936,0.4418604651162791,0.5271317829457365,,,{},2376.TW,2014-02-11,2014-02-12
0.047580778862341015,1614000,0,0.04767441860465116,1.1338501291989664,1.0,D-1 estimated accounting; fill-day constraints require ledger audit,momentum,V4_MOMENTUM_full,disabled,2014-02-11,neutral,0.016591849607629095,-0.002383844743733987,-0.009230707529498061,0.46511627906976744,0.0891060364202936,0.4418604651162791,0.5271317829457365,,,{},2377.TW,2014-02-11,2014-02-12
0.0404362355146087,471000,0,0.02441860465116279,0.7870801033591731,1.0,D-1 estimated accounting; fill-day constraints require ledger audit,momentum,V4_MOMENTUM_full,disabled,2014-02-11,neutral,0.016591849607629095,-0.002383844743733987,-0.009230707529498061,0.46511627906976744,0.0891060364202936,0.4418604651162791,0.5271317829457365,,,{},2379.TW,2014-02-11,2014-02-12
0.03720804543264193,504000,0,0.005038759689922479,0.6170542635658914,1.0,D-1 estimated accounting; fill-day constraints require ledger audit,momentum,V4_MOMENTUM_full,disabled,2014-02-11,neutral,0.016591849607629095,-0.002383844743733987,-0.009230707529498061,0.46511627906976744,0.0891060364202936,0.4418604651162791,0.5271317829457365,,,{},2382.TW,2014-02-11,2014-02-12
0.0381431838209509,996000,0,0.006589147286821706,0.6330749354005167,1.0,D-1 estimated accounting; fill-day constraints require ledger audit,momentum,V4_MOMENTUM_full,disabled,2014-02-11,neutral,0.016591849607629095,-0.002383844743733987,-0.009230707529498061,0.46511627906976744,0.0891060364202936,0.4418604651162791,0.5271317829457365,,,{},2404.TW,2014-02-11,2014-02-12
0.03965603203731387,7338000,0,0.03604651162790697,0.9069767441860466,1.0,D-1 estimated accounting; fill-day constraints require ledger audit,momentum,V4_MOMENTUM_full,disabled,2014-02-11,neutral,0.016591849607629095,-0.002383844743733987,-0.009230707529498061,0.46511627906976744,0.0891060364202936,0.4418604651162791,0.5271317829457365,,,{},2408.TW,2014-02-11,2014-02-12
0.04266281505283867,2020000,0,0.014341085271317833,0.689922480620155,1.0,D-1 estimated accounting; fill-day constraints require ledger audit,momentum,V4_MOMENTUM_full,disabled,2014-02-11,neutral,0.016591849607629095,-0.002383844743733987,-0.009230707529498061,0.46511627906976744,0.0891060364202936,0.4418604651162791,0.5271317829457365,,,{},2449.TW,2014-02-11,2014-02-12
0.04592943239515061,1758000,0,0.04224806201550388,1.0279069767441857,1.0,D-1 estimated accounting; fill-day constraints require ledger audit,momentum,V4_MOMENTUM_full,disabled,2014-02-11,neutral,0.016591849607629095,-0.002383844743733987,-0.009230707529498061,0.46511627906976744,0.0891060364202936,0.4418604651162791,0.5271317829457365,,,{},3264.TWO,2014-02-11,2014-02-12
0.0430605972400056,574000,0,0.04302325581395349,1.0289405684754522,1.0,D-1 estimated accounting; fill-day constraints require ledger audit,momentum,V4_MOMENTUM_full,disabled,2014-02-11,neutral,0.016591849607629095,-0.002383844743733987,-0.009230707529498061,0.46511627906976744,0.0891060364202936,0.4418604651162791,0.5271317829457365,,,{},3491.TWO,2014-02-11,2014-02-12
0.05077076684369118,485000,0,0.044573643410852716,1.0795865633074935,1.0,D-1 estimated accounting; fill-day constraints require ledger audit,momentum,V4_MOMENTUM_full,disabled,2014-02-11,neutral,0.016591849607629095,-0.002383844743733987,-0.009230707529498061,0.46511627906976744,0.0891060364202936,0.4418604651162791,0.5271317829457365,,,{},3529.TWO,2014-02-11,2014-02-12
0.042614155533716676,1194000,0,0.023643410852713178,0.7782945736434109,1.0,D-1 estimated accounting; fill-day constraints require ledger audit,momentum,V4_MOMENTUM_full,disabled,2014-02-11,neutral,0.016591849607629095,-0.002383844743733987,-0.009230707529498061,0.46511627906976744,0.0891060364202936,0.4418604651162791,0.5271317829457365,,,{},6023.TWO,2014-02-11,2014-02-12
0.04340359055988349,1129000,0,0.04922480620155039,1.1803617571059433,1.0,D-1 estimated accounting; fill-day constraints require ledger audit,momentum,V4_MOMENTUM_full,disabled,2014-02-11,neutral,0.016591849607629095,-0.002383844743733987,-0.009230707529498061,0.46511627906976744,0.0891060364202936,0.4418604651162791,0.5271317829457365,,,{},6187.TWO,2014-02-11,2014-02-12
0.04526961431940593,587000,0,0.021317829457364348,0.7617571059431526,1.0,D-1 estimated accounting; fill-day constraints require ledger audit,momentum,V4_MOMENTUM_full,disabled,2014-02-11,neutral,0.016591849607629095,-0.002383844743733987,-0.009230707529498061,0.46511627906976744,0.0891060364202936,0.4418604651162791,0.5271317829457365,,,{},6223.TWO,2014-02-11,2014-02-12
0.04129752151194177,1425000,0,0.037596899224806204,0.9348837209302325,1.0,D-1 estimated accounting; fill-day constraints require ledger audit,momentum,V4_MOMENTUM_full,disabled,2014-02-11,neutral,0.016591849607629095,-0.002383844743733987,-0.009230707529498061,0.46511627906976744,0.0891060364202936,0.4418604651162791,0.5271317829457365,,,{},6274.TWO,2014-02-11,2014-02-12
0.04781336886196937,1526000,0,0.04844961240310078,1.1565891472868217,1.0,D-1 estimated accounting; fill-day constraints require ledger audit,momentum,V4_MOMENTUM_full,disabled,2014-02-11,neutral,0.016591849607629095,-0.002383844743733987,-0.009230707529498061,0.46511627906976744,0.0891060364202936,0.4418604651162791,0.5271317829457365,,,{},6290.TWO,2014-02-11,2014-02-12
