target_weight,target_shares,order_shares,expected_return,score,confidence,reason,family,model_ensemble_id,regime,observed_date,prior_regime,market_volatility,median_R5,median_R20,breadth,dispersion,above_EMA20,above_EMA50,model_train_end,latest_label_end,expert_weights,symbol,signal_date,decision_date
0.041267525,1059000,1059000,0.020823281913125685,0.20823281913125685,1.0,D-1 estimated accounting; fill-day constraints require ledger audit,direct,V4_DIRECT_FROZEN_LINEAR_PORTFOLIO,disabled,2015-06-30,neutral,0.021503246484665183,-0.004237304231073047,-0.03383469822358898,0.42857142857142855,0.07189065831709471,0.42105263157894735,0.3082706766917293,,,{},1101.TW,2015-06-30,2015-07-01
0.041251775,1673000,1673000,0.022391078594026056,0.22391078594026054,1.0,D-1 estimated accounting; fill-day constraints require ledger audit,direct,V4_DIRECT_FROZEN_LINEAR_PORTFOLIO,disabled,2015-06-30,neutral,0.021503246484665183,-0.004237304231073047,-0.03383469822358898,0.42857142857142855,0.07189065831709471,0.42105263157894735,0.3082706766917293,,,{},2002.TW,2015-06-30,2015-07-01
0.041270625,3162000,3162000,0.021909670488203706,0.21909670488203703,1.0,D-1 estimated accounting; fill-day constraints require ledger audit,direct,V4_DIRECT_FROZEN_LINEAR_PORTFOLIO,disabled,2015-06-30,neutral,0.021503246484665183,-0.004237304231073047,-0.03383469822358898,0.42857142857142855,0.07189065831709471,0.42105263157894735,0.3082706766917293,,,{},2303.TW,2015-06-30,2015-07-01
0.04126905,1318000,1318000,0.020718948473574778,0.20718948473574778,1.0,D-1 estimated accounting; fill-day constraints require ledger audit,direct,V4_DIRECT_FROZEN_LINEAR_PORTFOLIO,disabled,2015-06-30,neutral,0.021503246484665183,-0.004237304231073047,-0.03383469822358898,0.42857142857142855,0.07189065831709471,0.42105263157894735,0.3082706766917293,,,{},2376.TW,2015-06-30,2015-07-01
0.0412815,565000,565000,0.0226054881135991,0.22605488113599098,1.0,D-1 estimated accounting; fill-day constraints require ledger audit,direct,V4_DIRECT_FROZEN_LINEAR_PORTFOLIO,disabled,2015-06-30,neutral,0.021503246484665183,-0.004237304231073047,-0.03383469822358898,0.42857142857142855,0.07189065831709471,0.42105263157894735,0.3082706766917293,,,{},2382.TW,2015-06-30,2015-07-01
0.0411804,418000,418000,0.028526943407154334,0.2852694340715433,1.0,D-1 estimated accounting; fill-day constraints require ledger audit,direct,V4_DIRECT_FROZEN_LINEAR_PORTFOLIO,disabled,2015-06-30,neutral,0.021503246484665183,-0.004237304231073047,-0.03383469822358898,0.42857142857142855,0.07189065831709471,0.42105263157894735,0.3082706766917293,,,{},2412.TW,2015-06-30,2015-07-01
0.04126755,2331000,2331000,0.02748257254152413,0.2748257254152413,1.0,D-1 estimated accounting; fill-day constraints require ledger audit,direct,V4_DIRECT_FROZEN_LINEAR_PORTFOLIO,disabled,2015-06-30,neutral,0.021503246484665183,-0.004237304231073047,-0.03383469822358898,0.42857142857142855,0.07189065831709471,0.42105263157894735,0.3082706766917293,,,{},2801.TW,2015-06-30,2015-07-01
0.0412711,3893000,3893000,0.02787380391162955,0.27873803911629547,1.0,D-1 estimated accounting; fill-day constraints require ledger audit,direct,V4_DIRECT_FROZEN_LINEAR_PORTFOLIO,disabled,2015-06-30,neutral,0.021503246484665183,-0.004237304231073047,-0.03383469822358898,0.42857142857142855,0.07189065831709471,0.42105263157894735,0.3082706766917293,,,{},2812.TW,2015-06-30,2015-07-01
0.041278155,4340000,4340000,0.028033869067005102,0.280338690670051,1.0,D-1 estimated accounting; fill-day constraints require ledger audit,direct,V4_DIRECT_FROZEN_LINEAR_PORTFOLIO,disabled,2015-06-30,neutral,0.021503246484665183,-0.004237304231073047,-0.03383469822358898,0.42857142857142855,0.07189065831709471,0.42105263157894735,0.3082706766917293,,,{},2834.TW,2015-06-30,2015-07-01
0.041277625,2325000,2325000,0.026890566524673323,0.2689056652467332,1.0,D-1 estimated accounting; fill-day constraints require ledger audit,direct,V4_DIRECT_FROZEN_LINEAR_PORTFOLIO,disabled,2015-06-30,neutral,0.021503246484665183,-0.004237304231073047,-0.03383469822358898,0.42857142857142855,0.07189065831709471,0.42105263157894735,0.3082706766917293,,,{},2880.TW,2015-06-30,2015-07-01
0.0412721,2003000,2003000,0.02078166679106405,0.20781666791064046,1.0,D-1 estimated accounting; fill-day constraints require ledger audit,direct,V4_DIRECT_FROZEN_LINEAR_PORTFOLIO,disabled,2015-06-30,neutral,0.021503246484665183,-0.004237304231073047,-0.03383469822358898,0.42857142857142855,0.07189065831709471,0.42105263157894735,0.3082706766917293,,,{},2884.TW,2015-06-30,2015-07-01
0.041280625,3212000,3212000,0.024316150192381945,0.24316150192381944,1.0,D-1 estimated accounting; fill-day constraints require ledger audit,direct,V4_DIRECT_FROZEN_LINEAR_PORTFOLIO,disabled,2015-06-30,neutral,0.021503246484665183,-0.004237304231073047,-0.03383469822358898,0.42857142857142855,0.07189065831709471,0.42105263157894735,0.3082706766917293,,,{},2887.TW,2015-06-30,2015-07-01
0.041270775,3023000,3023000,0.022250896863948183,0.22250896863948183,1.0,D-1 estimated accounting; fill-day constraints require ledger audit,direct,V4_DIRECT_FROZEN_LINEAR_PORTFOLIO,disabled,2015-06-30,neutral,0.021503246484665183,-0.004237304231073047,-0.03383469822358898,0.42857142857142855,0.07189065831709471,0.42105263157894735,0.3082706766917293,,,{},2890.TW,2015-06-30,2015-07-01
0.04126815,2183000,2183000,0.028389593167341798,0.283895931673418,1.0,D-1 estimated accounting; fill-day constraints require ledger audit,direct,V4_DIRECT_FROZEN_LINEAR_PORTFOLIO,disabled,2015-06-30,neutral,0.021503246484665183,-0.004237304231073047,-0.03383469822358898,0.42857142857142855,0.07189065831709471,0.42105263157894735,0.3082706766917293,,,{},2892.TW,2015-06-30,2015-07-01
0.04126875,887000,887000,0.024794128775368046,0.24794128775368046,1.0,D-1 estimated accounting; fill-day constraints require ledger audit,direct,V4_DIRECT_FROZEN_LINEAR_PORTFOLIO,disabled,2015-06-30,neutral,0.021503246484665183,-0.004237304231073047,-0.03383469822358898,0.42857142857142855,0.07189065831709471,0.42105263157894735,0.3082706766917293,,,{},3036.TW,2015-06-30,2015-07-01
0.0412515,400000,400000,0.02034947021321825,0.2034947021321825,1.0,D-1 estimated accounting; fill-day constraints require ledger audit,direct,V4_DIRECT_FROZEN_LINEAR_PORTFOLIO,disabled,2015-06-30,neutral,0.021503246484665183,-0.004237304231073047,-0.03383469822358898,0.42857142857142855,0.07189065831709471,0.42105263157894735,0.3082706766917293,,,{},3045.TW,2015-06-30,2015-07-01
0.041258875,1067000,1067000,0.024484198341436354,0.24484198341436353,1.0,D-1 estimated accounting; fill-day constraints require ledger audit,direct,V4_DIRECT_FROZEN_LINEAR_PORTFOLIO,disabled,2015-06-30,neutral,0.021503246484665183,-0.004237304231073047,-0.03383469822358898,0.42857142857142855,0.07189065831709471,0.42105263157894735,0.3082706766917293,,,{},3702.TW,2015-06-30,2015-07-01
0.0412548,554000,554000,0.03152869031205334,0.31528690312053337,1.0,D-1 estimated accounting; fill-day constraints require ledger audit,direct,V4_DIRECT_FROZEN_LINEAR_PORTFOLIO,disabled,2015-06-30,neutral,0.021503246484665183,-0.004237304231073047,-0.03383469822358898,0.42857142857142855,0.07189065831709471,0.42105263157894735,0.3082706766917293,,,{},5871.TW,2015-06-30,2015-07-01
0.041271325,2555000,2555000,0.027349188852368013,0.2734918885236801,1.0,D-1 estimated accounting; fill-day constraints require ledger audit,direct,V4_DIRECT_FROZEN_LINEAR_PORTFOLIO,disabled,2015-06-30,neutral,0.021503246484665183,-0.004237304231073047,-0.03383469822358898,0.42857142857142855,0.07189065831709471,0.42105263157894735,0.3082706766917293,,,{},5880.TW,2015-06-30,2015-07-01
0.04118,177000,177000,0.02510767330126075,0.25107673301260747,1.0,D-1 estimated accounting; fill-day constraints require ledger audit,direct,V4_DIRECT_FROZEN_LINEAR_PORTFOLIO,disabled,2015-06-30,neutral,0.021503246484665183,-0.004237304231073047,-0.03383469822358898,0.42857142857142855,0.07189065831709471,0.42105263157894735,0.3082706766917293,,,{},5903.TWO,2015-06-30,2015-07-01
0.041259625,2027000,2027000,0.026603134775386336,0.26603134775386333,1.0,D-1 estimated accounting; fill-day constraints require ledger audit,direct,V4_DIRECT_FROZEN_LINEAR_PORTFOLIO,disabled,2015-06-30,neutral,0.021503246484665183,-0.004237304231073047,-0.03383469822358898,0.42857142857142855,0.07189065831709471,0.42105263157894735,0.3082706766917293,,,{},6139.TW,2015-06-30,2015-07-01
0.04127068,4263000,4263000,0.027782527792976786,0.27782527792976786,1.0,D-1 estimated accounting; fill-day constraints require ledger audit,direct,V4_DIRECT_FROZEN_LINEAR_PORTFOLIO,disabled,2015-06-30,neutral,0.021503246484665183,-0.004237304231073047,-0.03383469822358898,0.42857142857142855,0.07189065831709471,0.42105263157894735,0.3082706766917293,,,{},8358.TWO,2015-06-30,2015-07-01
0.04237471551021477,1059000,0,0.016794526913918174,0.16794526913918173,1.0,D-1 estimated accounting; fill-day constraints require ledger audit,direct,V4_DIRECT_FROZEN_LINEAR_PORTFOLIO,disabled,2015-07-01,neutral,0.021448402587917793,0.003683249810657818,-0.02771366811039322,0.5639097744360902,0.07367282315013261,0.5338345864661654,0.3383458646616541,,,{},1101.TW,2015-07-01,2015-07-02
0.04066097922780012,1673000,0,0.023907925805525296,0.23907925805525293,1.0,D-1 estimated accounting; fill-day constraints require ledger audit,direct,V4_DIRECT_FROZEN_LINEAR_PORTFOLIO,disabled,2015-07-01,neutral,0.021448402587917793,0.003683249810657818,-0.02771366811039322,0.5639097744360902,0.07367282315013261,0.5338345864661654,0.3383458646616541,,,{},2002.TW,2015-07-01,2015-07-02
0.041897899973194146,3162000,0,0.019815089432796706,0.19815089432796704,1.0,D-1 estimated accounting; fill-day constraints require ledger audit,direct,V4_DIRECT_FROZEN_LINEAR_PORTFOLIO,disabled,2015-07-01,neutral,0.021448402587917793,0.003683249810657818,-0.02771366811039322,0.5639097744360902,0.07367282315013261,0.5338345864661654,0.3383458646616541,,,{},2303.TW,2015-07-01,2015-07-02
0.04179123827482104,1318000,0,0.017778801931086007,0.17778801931086008,1.0,D-1 estimated accounting; fill-day constraints require ledger audit,direct,V4_DIRECT_FROZEN_LINEAR_PORTFOLIO,disabled,2015-07-01,neutral,0.021448402587917793,0.003683249810657818,-0.02771366811039322,0.5639097744360902,0.07367282315013261,0.5338345864661654,0.3383458646616541,,,{},2376.TW,2015-07-01,2015-07-02
0.04076746594799449,565000,0,0.025008014112968248,0.25008014112968247,1.0,D-1 estimated accounting; fill-day constraints require ledger audit,direct,V4_DIRECT_FROZEN_LINEAR_PORTFOLIO,disabled,2015-07-01,neutral,0.021448402587917793,0.003683249810657818,-0.02771366811039322,0.5639097744360902,0.07367282315013261,0.5338345864661654,0.3383458646616541,,,{},2382.TW,2015-07-01,2015-07-02
0.041007885965560126,418000,0,0.029728126892464936,0.29728126892464934,1.0,D-1 estimated accounting; fill-day constraints require ledger audit,direct,V4_DIRECT_FROZEN_LINEAR_PORTFOLIO,disabled,2015-07-01,neutral,0.021448402587917793,0.003683249810657818,-0.02771366811039322,0.5639097744360902,0.07367282315013261,0.5338345864661654,0.3383458646616541,,,{},2412.TW,2015-07-01,2015-07-02
0.0413789646888666,2331000,0,0.029402689818891267,0.29402689818891264,1.0,D-1 estimated accounting; fill-day constraints require ledger audit,direct,V4_DIRECT_FROZEN_LINEAR_PORTFOLIO,disabled,2015-07-01,neutral,0.021448402587917793,0.003683249810657818,-0.02771366811039322,0.5639097744360902,0.07367282315013261,0.5338345864661654,0.3383458646616541,,,{},2801.TW,2015-07-01,2015-07-02
0.04184990595845865,3893000,0,0.025162115511169394,0.2516211551116939,1.0,D-1 estimated accounting; fill-day constraints require ledger audit,direct,V4_DIRECT_FROZEN_LINEAR_PORTFOLIO,disabled,2015-07-01,neutral,0.021448402587917793,0.003683249810657818,-0.02771366811039322,0.5639097744360902,0.07367282315013261,0.5338345864661654,0.3383458646616541,,,{},2812.TW,2015-07-01,2015-07-02
0.041273007902584924,4340000,0,0.028886734873885562,0.2888673487388556,1.0,D-1 estimated accounting; fill-day constraints require ledger audit,direct,V4_DIRECT_FROZEN_LINEAR_PORTFOLIO,disabled,2015-07-01,neutral,0.021448402587917793,0.003683249810657818,-0.02771366811039322,0.5639097744360902,0.07367282315013261,0.5338345864661654,0.3383458646616541,,,{},2834.TW,2015-07-01,2015-07-02
0.04173751997395303,2325000,0,0.026477917393945113,0.2647791739394511,1.0,D-1 estimated accounting; fill-day constraints require ledger audit,direct,V4_DIRECT_FROZEN_LINEAR_PORTFOLIO,disabled,2015-07-01,neutral,0.021448402587917793,0.003683249810657818,-0.02771366811039322,0.5639097744360902,0.07367282315013261,0.5338345864661654,0.3383458646616541,,,{},2880.TW,2015-07-01,2015-07-02
0.04146727867535645,2003000,0,0.020351684002144984,0.20351684002144982,1.0,D-1 estimated accounting; fill-day constraints require ledger audit,direct,V4_DIRECT_FROZEN_LINEAR_PORTFOLIO,disabled,2015-07-01,neutral,0.021448402587917793,0.003683249810657818,-0.02771366811039322,0.5639097744360902,0.07367282315013261,0.5338345864661654,0.3383458646616541,,,{},2884.TW,2015-07-01,2015-07-02
0.041436082565778375,3212000,0,0.023878874138568484,0.23878874138568484,1.0,D-1 estimated accounting; fill-day constraints require ledger audit,direct,V4_DIRECT_FROZEN_LINEAR_PORTFOLIO,disabled,2015-07-01,neutral,0.021448402587917793,0.003683249810657818,-0.02771366811039322,0.5639097744360902,0.07367282315013261,0.5338345864661654,0.3383458646616541,,,{},2887.TW,2015-07-01,2015-07-02
0.04126562882281934,3023000,0,0.022649275184211747,0.22649275184211745,1.0,D-1 estimated accounting; fill-day constraints require ledger audit,direct,V4_DIRECT_FROZEN_LINEAR_PORTFOLIO,disabled,2015-07-01,neutral,0.021448402587917793,0.003683249810657818,-0.02771366811039322,0.5639097744360902,0.07367282315013261,0.5338345864661654,0.3383458646616541,,,{},2890.TW,2015-07-01,2015-07-02
0.04126300415013849,2183000,0,0.029452997139692207,0.29452997139692205,1.0,D-1 estimated accounting; fill-day constraints require ledger audit,direct,V4_DIRECT_FROZEN_LINEAR_PORTFOLIO,disabled,2015-07-01,neutral,0.021448402587917793,0.003683249810657818,-0.02771366811039322,0.5639097744360902,0.07367282315013261,0.5338345864661654,0.3383458646616541,,,{},2892.TW,2015-07-01,2015-07-02
0.041396712475565665,887000,0,0.025349057304444308,0.25349057304444306,1.0,D-1 estimated accounting; fill-day constraints require ledger audit,direct,V4_DIRECT_FROZEN_LINEAR_PORTFOLIO,disabled,2015-07-01,neutral,0.021448402587917793,0.003683249810657818,-0.02771366811039322,0.5639097744360902,0.07367282315013261,0.5338345864661654,0.3383458646616541,,,{},3036.TW,2015-07-01,2015-07-02
0.0420472563471757,400000,0,0.01841768622372897,0.18417686223728968,1.0,D-1 estimated accounting; fill-day constraints require ledger audit,direct,V4_DIRECT_FROZEN_LINEAR_PORTFOLIO,disabled,2015-07-01,neutral,0.021448402587917793,0.003683249810657818,-0.02771366811039322,0.5639097744360902,0.07367282315013261,0.5338345864661654,0.3383458646616541,,,{},3045.TW,2015-07-01,2015-07-02
0.04125373030666617,1067000,0,0.024271222446819105,0.24271222446819105,1.0,D-1 estimated accounting; fill-day constraints require ledger audit,direct,V4_DIRECT_FROZEN_LINEAR_PORTFOLIO,disabled,2015-07-01,neutral,0.021448402587917793,0.003683249810657818,-0.02771366811039322,0.5639097744360902,0.07367282315013261,0.5338345864661654,0.3383458646616541,,,{},3702.TW,2015-07-01,2015-07-02
0.0424139606160141,554000,0,0.028148102654198554,0.28148102654198554,1.0,D-1 estimated accounting; fill-day constraints require ledger audit,direct,V4_DIRECT_FROZEN_LINEAR_PORTFOLIO,disabled,2015-07-01,neutral,0.021448402587917793,0.003683249810657818,-0.02771366811039322,0.5639097744360902,0.07367282315013261,0.5338345864661654,0.3383458646616541,,,{},5871.TW,2015-07-01,2015-07-02
0.041266178754238186,2555000,0,0.02809748134254435,0.2809748134254435,1.0,D-1 estimated accounting; fill-day constraints require ledger audit,direct,V4_DIRECT_FROZEN_LINEAR_PORTFOLIO,disabled,2015-07-01,neutral,0.021448402587917793,0.003683249810657818,-0.02771366811039322,0.5639097744360902,0.07367282315013261,0.5338345864661654,0.3383458646616541,,,{},5880.TW,2015-07-01,2015-07-02
0.041086126208332054,177000,0,0.023944559545314895,0.23944559545314892,1.0,D-1 estimated accounting; fill-day constraints require ledger audit,direct,V4_DIRECT_FROZEN_LINEAR_PORTFOLIO,disabled,2015-07-01,neutral,0.021448402587917793,0.003683249810657818,-0.02771366811039322,0.5639097744360902,0.07367282315013261,0.5338345864661654,0.3383458646616541,,,{},5903.TWO,2015-07-01,2015-07-02
0.04145720493163853,2027000,0,0.026708105692976478,0.26708105692976475,1.0,D-1 estimated accounting; fill-day constraints require ledger audit,direct,V4_DIRECT_FROZEN_LINEAR_PORTFOLIO,disabled,2015-07-01,neutral,0.021448402587917793,0.003683249810657818,-0.02771366811039322,0.5639097744360902,0.07367282315013261,0.5338345864661654,0.3383458646616541,,,{},6139.TW,2015-07-01,2015-07-02
0.041222904150951686,4263000,0,0.027261131242628512,0.2726113124262851,1.0,D-1 estimated accounting; fill-day constraints require ledger audit,direct,V4_DIRECT_FROZEN_LINEAR_PORTFOLIO,disabled,2015-07-01,neutral,0.021448402587917793,0.003683249810657818,-0.02771366811039322,0.5639097744360902,0.07367282315013261,0.5338345864661654,0.3383458646616541,,,{},8358.TWO,2015-07-01,2015-07-02
0.042423996715330536,1059000,0,0.018050998657662926,0.18050998657662926,1.0,D-1 estimated accounting; fill-day constraints require ledger audit,direct,V4_DIRECT_FROZEN_LINEAR_PORTFOLIO,disabled,2015-07-02,neutral,0.02211929622293057,-2.220446049250313e-16,-0.018358547946925596,0.47368421052631576,0.08039131711121314,0.6015037593984962,0.38345864661654133,,,{},1101.TW,2015-07-02,2015-07-03
0.041378362317760965,1673000,0,0.02162341219371826,0.21623412193718258,1.0,D-1 estimated accounting; fill-day constraints require ledger audit,direct,V4_DIRECT_FROZEN_LINEAR_PORTFOLIO,disabled,2015-07-02,neutral,0.02211929622293057,-2.220446049250313e-16,-0.018358547946925596,0.47368421052631576,0.08039131711121314,0.6015037593984962,0.38345864661654133,,,{},2002.TW,2015-07-02,2015-07-03
0.0416300483341402,3162000,0,0.0231856852092731,0.231856852092731,1.0,D-1 estimated accounting; fill-day constraints require ledger audit,direct,V4_DIRECT_FROZEN_LINEAR_PORTFOLIO,disabled,2015-07-02,neutral,0.02211929622293057,-2.220446049250313e-16,-0.018358547946925596,0.47368421052631576,0.08039131711121314,0.6015037593984962,0.38345864661654133,,,{},2303.TW,2015-07-02,2015-07-03
0.04243378186322795,1318000,0,0.015026878111376011,0.1502687811137601,1.0,D-1 estimated accounting; fill-day constraints require ledger audit,direct,V4_DIRECT_FROZEN_LINEAR_PORTFOLIO,disabled,2015-07-02,neutral,0.02211929622293057,-2.220446049250313e-16,-0.018358547946925596,0.47368421052631576,0.08039131711121314,0.6015037593984962,0.38345864661654133,,,{},2376.TW,2015-07-02,2015-07-03
0.04075826923693719,565000,0,0.025429711731342154,0.25429711731342153,1.0,D-1 estimated accounting; fill-day constraints require ledger audit,direct,V4_DIRECT_FROZEN_LINEAR_PORTFOLIO,disabled,2015-07-02,neutral,0.02211929622293057,-2.220446049250313e-16,-0.018358547946925596,0.47368421052631576,0.08039131711121314,0.6015037593984962,0.38345864661654133,,,{},2382.TW,2015-07-02,2015-07-03
0.0410974710134117,418000,0,0.029192777547291566,0.29192777547291565,1.0,D-1 estimated accounting; fill-day constraints require ledger audit,direct,V4_DIRECT_FROZEN_LINEAR_PORTFOLIO,disabled,2015-07-02,neutral,0.02211929622293057,-2.220446049250313e-16,-0.018358547946925596,0.47368421052631576,0.08039131711121314,0.6015037593984962,0.38345864661654133,,,{},2412.TW,2015-07-02,2015-07-03
0.041777175915953216,2331000,0,0.028280564505212033,0.2828056450521203,1.0,D-1 estimated accounting; fill-day constraints require ledger audit,direct,V4_DIRECT_FROZEN_LINEAR_PORTFOLIO,disabled,2015-07-02,neutral,0.02211929622293057,-2.220446049250313e-16,-0.018358547946925596,0.47368421052631576,0.08039131711121314,0.6015037593984962,0.38345864661654133,,,{},2801.TW,2015-07-02,2015-07-03
0.04170369971588466,3893000,0,0.026566052220315106,0.26566052220315106,1.0,D-1 estimated accounting; fill-day constraints require ledger audit,direct,V4_DIRECT_FROZEN_LINEAR_PORTFOLIO,disabled,2015-07-02,neutral,0.02211929622293057,-2.220446049250313e-16,-0.018358547946925596,0.47368421052631576,0.08039131711121314,0.6015037593984962,0.38345864661654133,,,{},2812.TW,2015-07-02,2015-07-03
0.04106030747216449,4340000,0,0.02917849375543338,0.29178493755433377,1.0,D-1 estimated accounting; fill-day constraints require ledger audit,direct,V4_DIRECT_FROZEN_LINEAR_PORTFOLIO,disabled,2015-07-02,neutral,0.02211929622293057,-2.220446049250313e-16,-0.018358547946925596,0.47368421052631576,0.08039131711121314,0.6015037593984962,0.38345864661654133,,,{},2834.TW,2015-07-02,2015-07-03
0.041553268708183,2325000,0,0.028911710991492187,0.28911710991492184,1.0,D-1 estimated accounting; fill-day constraints require ledger audit,direct,V4_DIRECT_FROZEN_LINEAR_PORTFOLIO,disabled,2015-07-02,neutral,0.02211929622293057,-2.220446049250313e-16,-0.018358547946925596,0.47368421052631576,0.08039131711121314,0.6015037593984962,0.38345864661654133,,,{},2880.TW,2015-07-02,2015-07-03
0.04131494655108054,2003000,0,0.021986195157292193,0.21986195157292193,1.0,D-1 estimated accounting; fill-day constraints require ledger audit,direct,V4_DIRECT_FROZEN_LINEAR_PORTFOLIO,disabled,2015-07-02,neutral,0.02211929622293057,-2.220446049250313e-16,-0.018358547946925596,0.47368421052631576,0.08039131711121314,0.6015037593984962,0.38345864661654133,,,{},2884.TW,2015-07-02,2015-07-03
0.04196664741142972,3212000,0,0.02093468274447049,0.20934682744470487,1.0,D-1 estimated accounting; fill-day constraints require ledger audit,direct,V4_DIRECT_FROZEN_LINEAR_PORTFOLIO,disabled,2015-07-02,neutral,0.02211929622293057,-2.220446049250313e-16,-0.018358547946925596,0.47368421052631576,0.08039131711121314,0.6015037593984962,0.38345864661654133,,,{},2887.TW,2015-07-02,2015-07-03
0.04116228823349942,3023000,0,0.02248768005946689,0.22487680059466889,1.0,D-1 estimated accounting; fill-day constraints require ledger audit,direct,V4_DIRECT_FROZEN_LINEAR_PORTFOLIO,disabled,2015-07-02,neutral,0.02211929622293057,-2.220446049250313e-16,-0.018358547946925596,0.47368421052631576,0.08039131711121314,0.6015037593984962,0.38345864661654133,,,{},2890.TW,2015-07-02,2015-07-03
0.04142028079021152,2183000,0,0.0288355895563449,0.288355895563449,1.0,D-1 estimated accounting; fill-day constraints require ledger audit,direct,V4_DIRECT_FROZEN_LINEAR_PORTFOLIO,disabled,2015-07-02,neutral,0.02211929622293057,-2.220446049250313e-16,-0.018358547946925596,0.47368421052631576,0.08039131711121314,0.6015037593984962,0.38345864661654133,,,{},2892.TW,2015-07-02,2015-07-03
0.041267172005463766,887000,0,0.025744737950161068,0.2574473795016107,1.0,D-1 estimated accounting; fill-day constraints require ledger audit,direct,V4_DIRECT_FROZEN_LINEAR_PORTFOLIO,disabled,2015-07-02,neutral,0.02211929622293057,-2.220446049250313e-16,-0.018358547946925596,0.47368421052631576,0.08039131711121314,0.6015037593984962,0.38345864661654133,,,{},3036.TW,2015-07-02,2015-07-03
0.04129432516523024,400000,0,0.018049365831957487,0.18049365831957487,1.0,D-1 estimated accounting; fill-day constraints require ledger audit,direct,V4_DIRECT_FROZEN_LINEAR_PORTFOLIO,disabled,2015-07-02,neutral,0.02211929622293057,-2.220446049250313e-16,-0.018358547946925596,0.47368421052631576,0.08039131711121314,0.6015037593984962,0.38345864661654133,,,{},3045.TW,2015-07-02,2015-07-03
0.0411414165881121,1067000,0,0.022996802727293385,0.22996802727293383,1.0,D-1 estimated accounting; fill-day constraints require ledger audit,direct,V4_DIRECT_FROZEN_LINEAR_PORTFOLIO,disabled,2015-07-02,neutral,0.02211929622293057,-2.220446049250313e-16,-0.018358547946925596,0.47368421052631576,0.08039131711121314,0.6015037593984962,0.38345864661654133,,,{},3702.TW,2015-07-02,2015-07-03
0.04224125720139981,554000,0,0.027823220254590292,0.2782322025459029,1.0,D-1 estimated accounting; fill-day constraints require ledger audit,direct,V4_DIRECT_FROZEN_LINEAR_PORTFOLIO,disabled,2015-07-02,neutral,0.02211929622293057,-2.220446049250313e-16,-0.018358547946925596,0.47368421052631576,0.08039131711121314,0.6015037593984962,0.38345864661654133,,,{},5871.TW,2015-07-02,2015-07-03
0.041442078395885804,2555000,0,0.026887867971234394,0.2688786797123439,1.0,D-1 estimated accounting; fill-day constraints require ledger audit,direct,V4_DIRECT_FROZEN_LINEAR_PORTFOLIO,disabled,2015-07-02,neutral,0.02211929622293057,-2.220446049250313e-16,-0.018358547946925596,0.47368421052631576,0.08039131711121314,0.6015037593984962,0.38345864661654133,,,{},5880.TW,2015-07-02,2015-07-03
0.04051201385251125,177000,0,0.027462040161913333,0.2746204016191333,1.0,D-1 estimated accounting; fill-day constraints require ledger audit,direct,V4_DIRECT_FROZEN_LINEAR_PORTFOLIO,disabled,2015-07-02,neutral,0.02211929622293057,-2.220446049250313e-16,-0.018358547946925596,0.47368421052631576,0.08039131711121314,0.6015037593984962,0.38345864661654133,,,{},5903.TWO,2015-07-02,2015-07-03
0.04140393884244423,2027000,0,0.02862448411930132,0.2862448411930132,1.0,D-1 estimated accounting; fill-day constraints require ledger audit,direct,V4_DIRECT_FROZEN_LINEAR_PORTFOLIO,disabled,2015-07-02,neutral,0.02211929622293057,-2.220446049250313e-16,-0.018358547946925596,0.47368421052631576,0.08039131711121314,0.6015037593984962,0.38345864661654133,,,{},6139.TW,2015-07-02,2015-07-03
0.0412281665540241,4263000,0,0.029261594865108233,0.2926159486510823,1.0,D-1 estimated accounting; fill-day constraints require ledger audit,direct,V4_DIRECT_FROZEN_LINEAR_PORTFOLIO,disabled,2015-07-02,neutral,0.02211929622293057,-2.220446049250313e-16,-0.018358547946925596,0.47368421052631576,0.08039131711121314,0.6015037593984962,0.38345864661654133,,,{},8358.TWO,2015-07-02,2015-07-03
0.042590951237019926,1059000,0,0.018163881299270164,0.18163881299270163,1.0,D-1 estimated accounting; fill-day constraints require ledger audit,direct,V4_DIRECT_FROZEN_LINEAR_PORTFOLIO,disabled,2015-07-03,neutral,0.020543934677209934,-0.004197239083254201,-0.0038168187233466044,0.40601503759398494,0.08090552026467772,0.5714285714285714,0.39097744360902253,,,{},1101.TW,2015-07-03,2015-07-06
0.040934317068153814,1673000,0,0.020604640619583975,0.20604640619583975,1.0,D-1 estimated accounting; fill-day constraints require ledger audit,direct,V4_DIRECT_FROZEN_LINEAR_PORTFOLIO,disabled,2015-07-03,neutral,0.020543934677209934,-0.004197239083254201,-0.0038168187233466044,0.40601503759398494,0.08090552026467772,0.5714285714285714,0.39097744360902253,,,{},2002.TW,2015-07-03,2015-07-06
0.04216520161884351,3162000,0,0.021668812476168576,0.21668812476168575,1.0,D-1 estimated accounting; fill-day constraints require ledger audit,direct,V4_DIRECT_FROZEN_LINEAR_PORTFOLIO,disabled,2015-07-03,neutral,0.020543934677209934,-0.004197239083254201,-0.0038168187233466044,0.40601503759398494,0.08090552026467772,0.5714285714285714,0.39097744360902253,,,{},2303.TW,2015-07-03,2015-07-06
0.04209801097095494,1318000,0,0.014519635889719712,0.14519635889719712,1.0,D-1 estimated accounting; fill-day constraints require ledger audit,direct,V4_DIRECT_FROZEN_LINEAR_PORTFOLIO,disabled,2015-07-03,neutral,0.020543934677209934,-0.004197239083254201,-0.0038168187233466044,0.40601503759398494,0.08090552026467772,0.5714285714285714,0.39097744360902253,,,{},2376.TW,2015-07-03,2015-07-06
0.04019303956600982,565000,0,0.02729980311806803,0.2729980311806803,1.0,D-1 estimated accounting; fill-day constraints require ledger audit,direct,V4_DIRECT_FROZEN_LINEAR_PORTFOLIO,disabled,2015-07-03,neutral,0.020543934677209934,-0.004197239083254201,-0.0038168187233466044,0.40601503759398494,0.08090552026467772,0.5714285714285714,0.39097744360902253,,,{},2382.TW,2015-07-03,2015-07-06
0.041240221226351445,418000,0,0.029147514046865775,0.29147514046865775,1.0,D-1 estimated accounting; fill-day constraints require ledger audit,direct,V4_DIRECT_FROZEN_LINEAR_PORTFOLIO,disabled,2015-07-03,neutral,0.020543934677209934,-0.004197239083254201,-0.0038168187233466044,0.40601503759398494,0.08090552026467772,0.5714285714285714,0.39097744360902253,,,{},2412.TW,2015-07-03,2015-07-06
0.04148640314884655,2331000,0,0.028690192428606393,0.2869019242860639,1.0,D-1 estimated accounting; fill-day constraints require ledger audit,direct,V4_DIRECT_FROZEN_LINEAR_PORTFOLIO,disabled,2015-07-03,neutral,0.020543934677209934,-0.004197239083254201,-0.0038168187233466044,0.40601503759398494,0.08090552026467772,0.5714285714285714,0.39097744360902253,,,{},2801.TW,2015-07-03,2015-07-06
0.0417634110679485,3893000,0,0.026795945471693762,0.2679594547169376,1.0,D-1 estimated accounting; fill-day constraints require ledger audit,direct,V4_DIRECT_FROZEN_LINEAR_PORTFOLIO,disabled,2015-07-03,neutral,0.020543934677209934,-0.004197239083254201,-0.0038168187233466044,0.40601503759398494,0.08090552026467772,0.5714285714285714,0.39097744360902253,,,{},2812.TW,2015-07-03,2015-07-06
0.04129314670572894,4340000,0,0.028177097300395013,0.2817709730039501,1.0,D-1 estimated accounting; fill-day constraints require ledger audit,direct,V4_DIRECT_FROZEN_LINEAR_PORTFOLIO,disabled,2015-07-03,neutral,0.020543934677209934,-0.004197239083254201,-0.0038168187233466044,0.40601503759398494,0.08090552026467772,0.5714285714285714,0.39097744360902253,,,{},2834.TW,2015-07-03,2015-07-06
0.041845889405211195,2325000,0,0.02844015887398932,0.2844015887398932,1.0,D-1 estimated accounting; fill-day constraints require ledger audit,direct,V4_DIRECT_FROZEN_LINEAR_PORTFOLIO,disabled,2015-07-03,neutral,0.020543934677209934,-0.004197239083254201,-0.0038168187233466044,0.40601503759398494,0.08090552026467772,0.5714285714285714,0.39097744360902253,,,{},2880.TW,2015-07-03,2015-07-06
0.04187621416610085,2003000,0,0.020701664075942136,0.20701664075942133,1.0,D-1 estimated accounting; fill-day constraints require ledger audit,direct,V4_DIRECT_FROZEN_LINEAR_PORTFOLIO,disabled,2015-07-03,neutral,0.020543934677209934,-0.004197239083254201,-0.0038168187233466044,0.40601503759398494,0.08090552026467772,0.5714285714285714,0.39097744360902253,,,{},2884.TW,2015-07-03,2015-07-06
0.04202673525197132,3212000,0,0.020820461723761365,0.20820461723761363,1.0,D-1 estimated accounting; fill-day constraints require ledger audit,direct,V4_DIRECT_FROZEN_LINEAR_PORTFOLIO,disabled,2015-07-03,neutral,0.020543934677209934,-0.004197239083254201,-0.0038168187233466044,0.40601503759398494,0.08090552026467772,0.5714285714285714,0.39097744360902253,,,{},2887.TW,2015-07-03,2015-07-06
0.041524321630851554,3023000,0,0.022183330488026808,0.22183330488026806,1.0,D-1 estimated accounting; fill-day constraints require ledger audit,direct,V4_DIRECT_FROZEN_LINEAR_PORTFOLIO,disabled,2015-07-03,neutral,0.020543934677209934,-0.004197239083254201,-0.0038168187233466044,0.40601503759398494,0.08090552026467772,0.5714285714285714,0.39097744360902253,,,{},2890.TW,2015-07-03,2015-07-06
0.04158903116194006,2183000,0,0.029036226743402685,0.2903622674340268,1.0,D-1 estimated accounting; fill-day constraints require ledger audit,direct,V4_DIRECT_FROZEN_LINEAR_PORTFOLIO,disabled,2015-07-03,neutral,0.020543934677209934,-0.004197239083254201,-0.0038168187233466044,0.40601503759398494,0.08090552026467772,0.5714285714285714,0.39097744360902253,,,{},2892.TW,2015-07-03,2015-07-06
0.040925896308105114,887000,0,0.02857634762164195,0.2857634762164195,1.0,D-1 estimated accounting; fill-day constraints require ledger audit,direct,V4_DIRECT_FROZEN_LINEAR_PORTFOLIO,disabled,2015-07-03,neutral,0.020543934677209934,-0.004197239083254201,-0.0038168187233466044,0.40601503759398494,0.08090552026467772,0.5714285714285714,0.39097744360902253,,,{},3036.TW,2015-07-03,2015-07-06
0.0413534503748634,400000,0,0.016217473774147846,0.16217473774147845,1.0,D-1 estimated accounting; fill-day constraints require ledger audit,direct,V4_DIRECT_FROZEN_LINEAR_PORTFOLIO,disabled,2015-07-03,neutral,0.020543934677209934,-0.004197239083254201,-0.0038168187233466044,0.40601503759398494,0.08090552026467772,0.5714285714285714,0.39097744360902253,,,{},3045.TW,2015-07-03,2015-07-06
0.04066525373516923,1067000,0,0.025984287524782292,0.2598428752478229,1.0,D-1 estimated accounting; fill-day constraints require ledger audit,direct,V4_DIRECT_FROZEN_LINEAR_PORTFOLIO,disabled,2015-07-03,neutral,0.020543934677209934,-0.004197239083254201,-0.0038168187233466044,0.40601503759398494,0.08090552026467772,0.5714285714285714,0.39097744360902253,,,{},3702.TW,2015-07-03,2015-07-06
0.04280202159752627,554000,0,0.02667262397841267,0.2667262397841267,1.0,D-1 estimated accounting; fill-day constraints require ledger audit,direct,V4_DIRECT_FROZEN_LINEAR_PORTFOLIO,disabled,2015-07-03,neutral,0.020543934677209934,-0.004197239083254201,-0.0038168187233466044,0.40601503759398494,0.08090552026467772,0.5714285714285714,0.39097744360902253,,,{},5871.TW,2015-07-03,2015-07-06
0.04150141515857623,2555000,0,0.026977339494648006,0.26977339494648006,1.0,D-1 estimated accounting; fill-day constraints require ledger audit,direct,V4_DIRECT_FROZEN_LINEAR_PORTFOLIO,disabled,2015-07-03,neutral,0.020543934677209934,-0.004197239083254201,-0.0038168187233466044,0.40601503759398494,0.08090552026467772,0.5714285714285714,0.39097744360902253,,,{},5880.TW,2015-07-03,2015-07-06
0.03941341753150123,177000,0,0.028873414222255818,0.28873414222255817,1.0,D-1 estimated accounting; fill-day constraints require ledger audit,direct,V4_DIRECT_FROZEN_LINEAR_PORTFOLIO,disabled,2015-07-03,neutral,0.020543934677209934,-0.004197239083254201,-0.0038168187233466044,0.40601503759398494,0.08090552026467772,0.5714285714285714,0.39097744360902253,,,{},5903.TWO,2015-07-03,2015-07-06
0.04146322099692677,2027000,0,0.029167847116337894,0.2916784711633789,1.0,D-1 estimated accounting; fill-day constraints require ledger audit,direct,V4_DIRECT_FROZEN_LINEAR_PORTFOLIO,disabled,2015-07-03,neutral,0.020543934677209934,-0.004197239083254201,-0.0038168187233466044,0.40601503759398494,0.08090552026467772,0.5714285714285714,0.39097744360902253,,,{},6139.TW,2015-07-03,2015-07-06
0.04132993740737028,4263000,0,0.028324502899454818,0.2832450289945482,1.0,D-1 estimated accounting; fill-day constraints require ledger audit,direct,V4_DIRECT_FROZEN_LINEAR_PORTFOLIO,disabled,2015-07-03,neutral,0.020543934677209934,-0.004197239083254201,-0.0038168187233466044,0.40601503759398494,0.08090552026467772,0.5714285714285714,0.39097744360902253,,,{},8358.TWO,2015-07-03,2015-07-06
0.04229949262976236,1059000,0,0.018910975482332566,0.18910975482332565,1.0,D-1 estimated accounting; fill-day constraints require ledger audit,direct,V4_DIRECT_FROZEN_LINEAR_PORTFOLIO,disabled,2015-07-06,risk_off,0.021058629625963447,0.0038387272947810747,-0.0072992334592650865,0.5939849624060151,0.07533564713859696,0.3458646616541353,0.3007518796992481,,,{},1101.TW,2015-07-06,2015-07-07
0.04105061799554922,1673000,0,0.021960565712852636,0.21960565712852634,1.0,D-1 estimated accounting; fill-day constraints require ledger audit,direct,V4_DIRECT_FROZEN_LINEAR_PORTFOLIO,disabled,2015-07-06,risk_off,0.021058629625963447,0.0038387272947810747,-0.0072992334592650865,0.5939849624060151,0.07533564713859696,0.3458646616541353,0.3007518796992481,,,{},2002.TW,2015-07-06,2015-07-07
0.04166091030017824,3162000,0,0.0198220342703742,0.198220342703742,1.0,D-1 estimated accounting; fill-day constraints require ledger audit,direct,V4_DIRECT_FROZEN_LINEAR_PORTFOLIO,disabled,2015-07-06,risk_off,0.021058629625963447,0.0038387272947810747,-0.0072992334592650865,0.5939849624060151,0.07533564713859696,0.3458646616541353,0.3007518796992481,,,{},2303.TW,2015-07-06,2015-07-07
0.0422582563222007,1318000,0,0.015354893331234515,0.15354893331234515,1.0,D-1 estimated accounting; fill-day constraints require ledger audit,direct,V4_DIRECT_FROZEN_LINEAR_PORTFOLIO,disabled,2015-07-06,risk_off,0.021058629625963447,0.0038387272947810747,-0.0072992334592650865,0.5939849624060151,0.07533564713859696,0.3458646616541353,0.3007518796992481,,,{},2376.TW,2015-07-06,2015-07-07
0.04053019257661609,565000,0,0.027742998855854645,0.27742998855854645,1.0,D-1 estimated accounting; fill-day constraints require ledger audit,direct,V4_DIRECT_FROZEN_LINEAR_PORTFOLIO,disabled,2015-07-06,risk_off,0.021058629625963447,0.0038387272947810747,-0.0072992334592650865,0.5939849624060151,0.07533564713859696,0.3458646616541353,0.3007518796992481,,,{},2382.TW,2015-07-06,2015-07-07
0.04152758630210707,418000,0,0.028846862776803702,0.288468627768037,1.0,D-1 estimated accounting; fill-day constraints require ledger audit,direct,V4_DIRECT_FROZEN_LINEAR_PORTFOLIO,disabled,2015-07-06,risk_off,0.021058629625963447,0.0038387272947810747,-0.0072992334592650865,0.5939849624060151,0.07533564713859696,0.3458646616541353,0.3007518796992481,,,{},2412.TW,2015-07-06,2015-07-07
0.04177548363942547,2331000,0,0.029517330532171804,0.29517330532171804,1.0,D-1 estimated accounting; fill-day constraints require ledger audit,direct,V4_DIRECT_FROZEN_LINEAR_PORTFOLIO,disabled,2015-07-06,risk_off,0.021058629625963447,0.0038387272947810747,-0.0072992334592650865,0.5939849624060151,0.07533564713859696,0.3458646616541353,0.3007518796992481,,,{},2801.TW,2015-07-06,2015-07-07
0.04185790578171213,3893000,0,0.02579607984978859,0.2579607984978859,1.0,D-1 estimated accounting; fill-day constraints require ledger audit,direct,V4_DIRECT_FROZEN_LINEAR_PORTFOLIO,disabled,2015-07-06,risk_off,0.021058629625963447,0.0038387272947810747,-0.0072992334592650865,0.5939849624060151,0.07533564713859696,0.3458646616541353,0.3007518796992481,,,{},2812.TW,2015-07-06,2015-07-07
0.04123035681422468,4340000,0,0.02850332142314954,0.2850332142314954,1.0,D-1 estimated accounting; fill-day constraints require ledger audit,direct,V4_DIRECT_FROZEN_LINEAR_PORTFOLIO,disabled,2015-07-06,risk_off,0.021058629625963447,0.0038387272947810747,-0.0072992334592650865,0.5939849624060151,0.07533564713859696,0.3458646616541353,0.3007518796992481,,,{},2834.TW,2015-07-06,2015-07-07
0.041785351078995,2325000,0,0.02894352415923836,0.2894352415923836,1.0,D-1 estimated accounting; fill-day constraints require ledger audit,direct,V4_DIRECT_FROZEN_LINEAR_PORTFOLIO,disabled,2015-07-06,risk_off,0.021058629625963447,0.0038387272947810747,-0.0072992334592650865,0.5939849624060151,0.07533564713859696,0.3458646616541353,0.3007518796992481,,,{},2880.TW,2015-07-06,2015-07-07
0.04146015459231222,2003000,0,0.02240576532963648,0.2240576532963648,1.0,D-1 estimated accounting; fill-day constraints require ledger audit,direct,V4_DIRECT_FROZEN_LINEAR_PORTFOLIO,disabled,2015-07-06,risk_off,0.021058629625963447,0.0038387272947810747,-0.0072992334592650865,0.5939849624060151,0.07533564713859696,0.3458646616541353,0.3007518796992481,,,{},2884.TW,2015-07-06,2015-07-07
0.04183314885532413,3212000,0,0.021943103025985962,0.2194310302598596,1.0,D-1 estimated accounting; fill-day constraints require ledger audit,direct,V4_DIRECT_FROZEN_LINEAR_PORTFOLIO,disabled,2015-07-06,risk_off,0.021058629625963447,0.0038387272947810747,-0.0072992334592650865,0.5939849624060151,0.07533564713859696,0.3458646616541353,0.3007518796992481,,,{},2887.TW,2015-07-06,2015-07-07
0.04150845709700808,3023000,0,0.023361353004457852,0.23361353004457852,1.0,D-1 estimated accounting; fill-day constraints require ledger audit,direct,V4_DIRECT_FROZEN_LINEAR_PORTFOLIO,disabled,2015-07-06,risk_off,0.021058629625963447,0.0038387272947810747,-0.0072992334592650865,0.5939849624060151,0.07533564713859696,0.3458646616541353,0.3007518796992481,,,{},2890.TW,2015-07-06,2015-07-07
0.04143799701701287,2183000,0,0.029597219849814133,0.2959721984981413,1.0,D-1 estimated accounting; fill-day constraints require ledger audit,direct,V4_DIRECT_FROZEN_LINEAR_PORTFOLIO,disabled,2015-07-06,risk_off,0.021058629625963447,0.0038387272947810747,-0.0072992334592650865,0.5939849624060151,0.07533564713859696,0.3458646616541353,0.3007518796992481,,,{},2892.TW,2015-07-06,2015-07-07
0.04103189257314361,887000,0,0.029459044917134705,0.294590449171347,1.0,D-1 estimated accounting; fill-day constraints require ledger audit,direct,V4_DIRECT_FROZEN_LINEAR_PORTFOLIO,disabled,2015-07-06,risk_off,0.021058629625963447,0.0038387272947810747,-0.0072992334592650865,0.5939849624060151,0.07533564713859696,0.3458646616541353,0.3007518796992481,,,{},3036.TW,2015-07-06,2015-07-07
0.04123731701840186,400000,0,0.01759873847339742,0.1759873847339742,1.0,D-1 estimated accounting; fill-day constraints require ledger audit,direct,V4_DIRECT_FROZEN_LINEAR_PORTFOLIO,disabled,2015-07-06,risk_off,0.021058629625963447,0.0038387272947810747,-0.0072992334592650865,0.5939849624060151,0.07533564713859696,0.3458646616541353,0.3007518796992481,,,{},3045.TW,2015-07-06,2015-07-07
0.0406792136268925,1067000,0,0.026633760230927422,0.2663376023092742,1.0,D-1 estimated accounting; fill-day constraints require ledger audit,direct,V4_DIRECT_FROZEN_LINEAR_PORTFOLIO,disabled,2015-07-06,risk_off,0.021058629625963447,0.0038387272947810747,-0.0072992334592650865,0.5939849624060151,0.07533564713859696,0.3458646616541353,0.3007518796992481,,,{},3702.TW,2015-07-06,2015-07-07
0.042540525661293266,554000,0,0.02803263220155854,0.2803263220155854,1.0,D-1 estimated accounting; fill-day constraints require ledger audit,direct,V4_DIRECT_FROZEN_LINEAR_PORTFOLIO,disabled,2015-07-06,risk_off,0.021058629625963447,0.0038387272947810747,-0.0072992334592650865,0.5939849624060151,0.07533564713859696,0.3458646616541353,0.3007518796992481,,,{},5871.TW,2015-07-06,2015-07-07
0.041532633585774345,2555000,0,0.028136709398245342,0.2813670939824534,1.0,D-1 estimated accounting; fill-day constraints require ledger audit,direct,V4_DIRECT_FROZEN_LINEAR_PORTFOLIO,disabled,2015-07-06,risk_off,0.021058629625963447,0.0038387272947810747,-0.0072992334592650865,0.5939849624060151,0.07533564713859696,0.3458646616541353,0.3007518796992481,,,{},5880.TW,2015-07-06,2015-07-07
0.039688053296730606,177000,0,0.0301196273354716,0.301196273354716,1.0,D-1 estimated accounting; fill-day constraints require ledger audit,direct,V4_DIRECT_FROZEN_LINEAR_PORTFOLIO,disabled,2015-07-06,risk_off,0.021058629625963447,0.0038387272947810747,-0.0072992334592650865,0.5939849624060151,0.07533564713859696,0.3458646616541353,0.3007518796992481,,,{},5903.TWO,2015-07-06,2015-07-07
0.04113813789433983,2027000,0,0.03068898331598831,0.3068898331598831,1.0,D-1 estimated accounting; fill-day constraints require ledger audit,direct,V4_DIRECT_FROZEN_LINEAR_PORTFOLIO,disabled,2015-07-06,risk_off,0.021058629625963447,0.0038387272947810747,-0.0072992334592650865,0.5939849624060151,0.07533564713859696,0.3458646616541353,0.3007518796992481,,,{},6139.TW,2015-07-06,2015-07-07
0.041402736693313257,4263000,0,0.029291507228817418,0.29291507228817415,1.0,D-1 estimated accounting; fill-day constraints require ledger audit,direct,V4_DIRECT_FROZEN_LINEAR_PORTFOLIO,disabled,2015-07-06,risk_off,0.021058629625963447,0.0038387272947810747,-0.0072992334592650865,0.5939849624060151,0.07533564713859696,0.3458646616541353,0.3007518796992481,,,{},8358.TWO,2015-07-06,2015-07-07
0.04157904437885484,1059000,0,0.021528083267232614,0.21528083267232612,1.0,D-1 estimated accounting; fill-day constraints require ledger audit,direct,V4_DIRECT_FROZEN_LINEAR_PORTFOLIO,disabled,2015-07-07,risk_off,0.021035758338572297,-0.003683260884072559,-0.01333332061767567,0.45864661654135336,0.07952104389107814,0.39849624060150374,0.3082706766917293,,,{},1101.TW,2015-07-07,2015-07-08
0.040836300894818045,1673000,0,0.023774185794105483,0.23774185794105482,1.0,D-1 estimated accounting; fill-day constraints require ledger audit,direct,V4_DIRECT_FROZEN_LINEAR_PORTFOLIO,disabled,2015-07-07,risk_off,0.021035758338572297,-0.003683260884072559,-0.01333332061767567,0.45864661654135336,0.07952104389107814,0.39849624060150374,0.3082706766917293,,,{},2002.TW,2015-07-07,2015-07-08
0.04105151412109865,3162000,0,0.017574711882378687,0.17574711882378685,1.0,D-1 estimated accounting; fill-day constraints require ledger audit,direct,V4_DIRECT_FROZEN_LINEAR_PORTFOLIO,disabled,2015-07-07,risk_off,0.021035758338572297,-0.003683260884072559,-0.01333332061767567,0.45864661654135336,0.07952104389107814,0.39849624060150374,0.3082706766917293,,,{},2303.TW,2015-07-07,2015-07-08
0.04225698490895839,1318000,0,0.012280335682369678,0.12280335682369677,1.0,D-1 estimated accounting; fill-day constraints require ledger audit,direct,V4_DIRECT_FROZEN_LINEAR_PORTFOLIO,disabled,2015-07-07,risk_off,0.021035758338572297,-0.003683260884072559,-0.01333332061767567,0.45864661654135336,0.07952104389107814,0.39849624060150374,0.3082706766917293,,,{},2376.TW,2015-07-07,2015-07-08
0.040344819795829844,565000,0,0.02712868923855414,0.2712868923855414,1.0,D-1 estimated accounting; fill-day constraints require ledger audit,direct,V4_DIRECT_FROZEN_LINEAR_PORTFOLIO,disabled,2015-07-07,risk_off,0.021035758338572297,-0.003683260884072559,-0.01333332061767567,0.45864661654135336,0.07952104389107814,0.39849624060150374,0.3082706766917293,,,{},2382.TW,2015-07-07,2015-07-08
0.04156440333879694,418000,0,0.030014519180845235,0.30014519180845234,1.0,D-1 estimated accounting; fill-day constraints require ledger audit,direct,V4_DIRECT_FROZEN_LINEAR_PORTFOLIO,disabled,2015-07-07,risk_off,0.021035758338572297,-0.003683260884072559,-0.01333332061767567,0.45864661654135336,0.07952104389107814,0.39849624060150374,0.3082706766917293,,,{},2412.TW,2015-07-07,2015-07-08
0.041760371899022056,2331000,0,0.028472274485700624,0.2847227448570062,1.0,D-1 estimated accounting; fill-day constraints require ledger audit,direct,V4_DIRECT_FROZEN_LINEAR_PORTFOLIO,disabled,2015-07-07,risk_off,0.021035758338572297,-0.003683260884072559,-0.01333332061767567,0.45864661654135336,0.07952104389107814,0.39849624060150374,0.3082706766917293,,,{},2801.TW,2015-07-07,2015-07-08
0.04192112146254433,3893000,0,0.025305760030598423,0.25305760030598423,1.0,D-1 estimated accounting; fill-day constraints require ledger audit,direct,V4_DIRECT_FROZEN_LINEAR_PORTFOLIO,disabled,2015-07-07,risk_off,0.021035758338572297,-0.003683260884072559,-0.01333332061767567,0.45864661654135336,0.07952104389107814,0.39849624060150374,0.3082706766917293,,,{},2812.TW,2015-07-07,2015-07-08
0.04131805148814578,4340000,0,0.026754723239809375,0.26754723239809375,1.0,D-1 estimated accounting; fill-day constraints require ledger audit,direct,V4_DIRECT_FROZEN_LINEAR_PORTFOLIO,disabled,2015-07-07,risk_off,0.021035758338572297,-0.003683260884072559,-0.01333332061767567,0.45864661654135336,0.07952104389107814,0.39849624060150374,0.3082706766917293,,,{},2834.TW,2015-07-07,2015-07-08
0.042003911261222236,2325000,0,0.02798522631899837,0.2798522631899837,1.0,D-1 estimated accounting; fill-day constraints require ledger audit,direct,V4_DIRECT_FROZEN_LINEAR_PORTFOLIO,disabled,2015-07-07,risk_off,0.021035758338572297,-0.003683260884072559,-0.01333332061767567,0.45864661654135336,0.07952104389107814,0.39849624060150374,0.3082706766917293,,,{},2880.TW,2015-07-07,2015-07-08
0.04233675593649034,2003000,0,0.015087883824170343,0.15087883824170342,1.0,D-1 estimated accounting; fill-day constraints require ledger audit,direct,V4_DIRECT_FROZEN_LINEAR_PORTFOLIO,disabled,2015-07-07,risk_off,0.021035758338572297,-0.003683260884072559,-0.01333332061767567,0.45864661654135336,0.07952104389107814,0.39849624060150374,0.3082706766917293,,,{},2884.TW,2015-07-07,2015-07-08
0.04202380999435934,3212000,0,0.020254226180953447,0.20254226180953444,1.0,D-1 estimated accounting; fill-day constraints require ledger audit,direct,V4_DIRECT_FROZEN_LINEAR_PORTFOLIO,disabled,2015-07-07,risk_off,0.021035758338572297,-0.003683260884072559,-0.01333332061767567,0.45864661654135336,0.07952104389107814,0.39849624060150374,0.3082706766917293,,,{},2887.TW,2015-07-07,2015-07-08
0.04198537097510081,3023000,0,0.021659360459896276,0.21659360459896276,1.0,D-1 estimated accounting; fill-day constraints require ledger audit,direct,V4_DIRECT_FROZEN_LINEAR_PORTFOLIO,disabled,2015-07-07,risk_off,0.021035758338572297,-0.003683260884072559,-0.01333332061767567,0.45864661654135336,0.07952104389107814,0.39849624060150374,0.3082706766917293,,,{},2890.TW,2015-07-07,2015-07-08
0.04163622493564453,2183000,0,0.027905476848384504,0.27905476848384503,1.0,D-1 estimated accounting; fill-day constraints require ledger audit,direct,V4_DIRECT_FROZEN_LINEAR_PORTFOLIO,disabled,2015-07-07,risk_off,0.021035758338572297,-0.003683260884072559,-0.01333332061767567,0.45864661654135336,0.07952104389107814,0.39849624060150374,0.3082706766917293,,,{},2892.TW,2015-07-07,2015-07-08
0.041169749324315344,887000,0,0.02908182687654917,0.2908182687654917,1.0,D-1 estimated accounting; fill-day constraints require ledger audit,direct,V4_DIRECT_FROZEN_LINEAR_PORTFOLIO,disabled,2015-07-07,risk_off,0.021035758338572297,-0.003683260884072559,-0.01333332061767567,0.45864661654135336,0.07952104389107814,0.39849624060150374,0.3082706766917293,,,{},3036.TW,2015-07-07,2015-07-08
0.04110660669451238,400000,0,0.016037386746463628,0.16037386746463628,1.0,D-1 estimated accounting; fill-day constraints require ledger audit,direct,V4_DIRECT_FROZEN_LINEAR_PORTFOLIO,disabled,2015-07-07,risk_off,0.021035758338572297,-0.003683260884072559,-0.01333332061767567,0.45864661654135336,0.07952104389107814,0.39849624060150374,0.3082706766917293,,,{},3045.TW,2015-07-07,2015-07-08
0.04114107099842874,1067000,0,0.026919386239592252,0.2691938623959225,1.0,D-1 estimated accounting; fill-day constraints require ledger audit,direct,V4_DIRECT_FROZEN_LINEAR_PORTFOLIO,disabled,2015-07-07,risk_off,0.021035758338572297,-0.003683260884072559,-0.01333332061767567,0.45864661654135336,0.07952104389107814,0.39849624060150374,0.3082706766917293,,,{},3702.TW,2015-07-07,2015-07-08
0.04207090282423629,554000,0,0.027939493811271657,0.27939493811271654,1.0,D-1 estimated accounting; fill-day constraints require ledger audit,direct,V4_DIRECT_FROZEN_LINEAR_PORTFOLIO,disabled,2015-07-07,risk_off,0.021035758338572297,-0.003683260884072559,-0.01333332061767567,0.45864661654135336,0.07952104389107814,0.39849624060150374,0.3082706766917293,,,{},5871.TW,2015-07-07,2015-07-08
0.04152956168848734,2555000,0,0.025964026759730766,0.25964026759730763,1.0,D-1 estimated accounting; fill-day constraints require ledger audit,direct,V4_DIRECT_FROZEN_LINEAR_PORTFOLIO,disabled,2015-07-07,risk_off,0.021035758338572297,-0.003683260884072559,-0.01333332061767567,0.45864661654135336,0.07952104389107814,0.39849624060150374,0.3082706766917293,,,{},5880.TW,2015-07-07,2015-07-08
0.039740864315228476,177000,0,0.031293106261632696,0.31293106261632697,1.0,D-1 estimated accounting; fill-day constraints require ledger audit,direct,V4_DIRECT_FROZEN_LINEAR_PORTFOLIO,disabled,2015-07-07,risk_off,0.021035758338572297,-0.003683260884072559,-0.01333332061767567,0.45864661654135336,0.07952104389107814,0.39849624060150374,0.3082706766917293,,,{},5903.TWO,2015-07-07,2015-07-08
0.041313769864403764,2027000,0,0.03017154610008156,0.3017154610008156,1.0,D-1 estimated accounting; fill-day constraints require ledger audit,direct,V4_DIRECT_FROZEN_LINEAR_PORTFOLIO,disabled,2015-07-07,risk_off,0.021035758338572297,-0.003683260884072559,-0.01333332061767567,0.45864661654135336,0.07952104389107814,0.39849624060150374,0.3082706766917293,,,{},6139.TW,2015-07-07,2015-07-08
0.041056993190728565,4263000,0,0.03216775667141194,0.3216775667141194,1.0,D-1 estimated accounting; fill-day constraints require ledger audit,direct,V4_DIRECT_FROZEN_LINEAR_PORTFOLIO,disabled,2015-07-07,risk_off,0.021035758338572297,-0.003683260884072559,-0.01333332061767567,0.45864661654135336,0.07952104389107814,0.39849624060150374,0.3082706766917293,,,{},8358.TWO,2015-07-07,2015-07-08
0.0413192759979756,1059000,0,0.023502527584124234,0.23502527584124233,1.0,D-1 estimated accounting; fill-day constraints require ledger audit,direct,V4_DIRECT_FROZEN_LINEAR_PORTFOLIO,disabled,2015-07-08,risk_off,0.020145738885789445,-0.044802839417424134,-0.01365187713310545,0.12030075187969924,0.08041537681286517,0.12030075187969924,0.09774436090225563,,,{},1101.TW,2015-07-08,2015-07-09
0.04127403425516901,1673000,0,0.024543447853189505,0.24543447853189504,1.0,D-1 estimated accounting; fill-day constraints require ledger audit,direct,V4_DIRECT_FROZEN_LINEAR_PORTFOLIO,disabled,2015-07-08,risk_off,0.020145738885789445,-0.044802839417424134,-0.01365187713310545,0.12030075187969924,0.08041537681286517,0.12030075187969924,0.09774436090225563,,,{},2002.TW,2015-07-08,2015-07-09
0.040298806227379066,3162000,0,0.015909151128294354,0.15909151128294352,1.0,D-1 estimated accounting; fill-day constraints require ledger audit,direct,V4_DIRECT_FROZEN_LINEAR_PORTFOLIO,disabled,2015-07-08,risk_off,0.020145738885789445,-0.044802839417424134,-0.01365187713310545,0.12030075187969924,0.08041537681286517,0.12030075187969924,0.09774436090225563,,,{},2303.TW,2015-07-08,2015-07-09
0.04173215507159552,1318000,0,0.016968987993734426,0.16968987993734425,1.0,D-1 estimated accounting; fill-day constraints require ledger audit,direct,V4_DIRECT_FROZEN_LINEAR_PORTFOLIO,disabled,2015-07-08,risk_off,0.020145738885789445,-0.044802839417424134,-0.01365187713310545,0.12030075187969924,0.08041537681286517,0.12030075187969924,0.09774436090225563,,,{},2376.TW,2015-07-08,2015-07-09
0.03812206438495055,565000,0,0.008772849865145172,0.08772849865145171,1.0,D-1 estimated accounting; fill-day constraints require ledger audit,direct,V4_DIRECT_FROZEN_LINEAR_PORTFOLIO,disabled,2015-07-08,risk_off,0.020145738885789445,-0.044802839417424134,-0.01365187713310545,0.12030075187969924,0.08041537681286517,0.12030075187969924,0.09774436090225563,,,{},2382.TW,2015-07-08,2015-07-09
0.04214649852871344,418000,0,0.027916395323867246,0.27916395323867244,1.0,D-1 estimated accounting; fill-day constraints require ledger audit,direct,V4_DIRECT_FROZEN_LINEAR_PORTFOLIO,disabled,2015-07-08,risk_off,0.020145738885789445,-0.044802839417424134,-0.01365187713310545,0.12030075187969924,0.08041537681286517,0.12030075187969924,0.09774436090225563,,,{},2412.TW,2015-07-08,2015-07-09
0.042168489972121984,2331000,0,0.026976487495407726,0.26976487495407725,1.0,D-1 estimated accounting; fill-day constraints require ledger audit,direct,V4_DIRECT_FROZEN_LINEAR_PORTFOLIO,disabled,2015-07-08,risk_off,0.020145738885789445,-0.044802839417424134,-0.01365187713310545,0.12030075187969924,0.08041537681286517,0.12030075187969924,0.09774436090225563,,,{},2801.TW,2015-07-08,2015-07-09
0.04221167643984366,3893000,0,0.027458626791981428,0.2745862679198143,1.0,D-1 estimated accounting; fill-day constraints require ledger audit,direct,V4_DIRECT_FROZEN_LINEAR_PORTFOLIO,disabled,2015-07-08,risk_off,0.020145738885789445,-0.044802839417424134,-0.01365187713310545,0.12030075187969924,0.08041537681286517,0.12030075187969924,0.09774436090225563,,,{},2812.TW,2015-07-08,2015-07-09
0.04166070343326862,4340000,0,0.026062849613915286,0.26062849613915284,1.0,D-1 estimated accounting; fill-day constraints require ledger audit,direct,V4_DIRECT_FROZEN_LINEAR_PORTFOLIO,disabled,2015-07-08,risk_off,0.020145738885789445,-0.044802839417424134,-0.01365187713310545,0.12030075187969924,0.08041537681286517,0.12030075187969924,0.09774436090225563,,,{},2834.TW,2015-07-08,2015-07-09
0.04217946000288769,2325000,0,0.02721103074444016,0.27211030744440157,1.0,D-1 estimated accounting; fill-day constraints require ledger audit,direct,V4_DIRECT_FROZEN_LINEAR_PORTFOLIO,disabled,2015-07-08,risk_off,0.020145738885789445,-0.044802839417424134,-0.01365187713310545,0.12030075187969924,0.08041537681286517,0.12030075187969924,0.09774436090225563,,,{},2880.TW,2015-07-08,2015-07-09
0.042206872234332685,2003000,0,0.015027955326923442,0.15027955326923442,1.0,D-1 estimated accounting; fill-day constraints require ledger audit,direct,V4_DIRECT_FROZEN_LINEAR_PORTFOLIO,disabled,2015-07-08,risk_off,0.020145738885789445,-0.044802839417424134,-0.01365187713310545,0.12030075187969924,0.08041537681286517,0.12030075187969924,0.09774436090225563,,,{},2884.TW,2015-07-08,2015-07-09
0.041761262904985566,3212000,0,0.020624556787127508,0.20624556787127507,1.0,D-1 estimated accounting; fill-day constraints require ledger audit,direct,V4_DIRECT_FROZEN_LINEAR_PORTFOLIO,disabled,2015-07-08,risk_off,0.020145738885789445,-0.044802839417424134,-0.01365187713310545,0.12030075187969924,0.08041537681286517,0.12030075187969924,0.09774436090225563,,,{},2887.TW,2015-07-08,2015-07-09
0.04194533847977784,3023000,0,0.02344205153244305,0.23442051532443048,1.0,D-1 estimated accounting; fill-day constraints require ledger audit,direct,V4_DIRECT_FROZEN_LINEAR_PORTFOLIO,disabled,2015-07-08,risk_off,0.020145738885789445,-0.044802839417424134,-0.01365187713310545,0.12030075187969924,0.08041537681286517,0.12030075187969924,0.09774436090225563,,,{},2890.TW,2015-07-08,2015-07-09
0.04207212326157825,2183000,0,0.0278837332576953,0.278837332576953,1.0,D-1 estimated accounting; fill-day constraints require ledger audit,direct,V4_DIRECT_FROZEN_LINEAR_PORTFOLIO,disabled,2015-07-08,risk_off,0.020145738885789445,-0.044802839417424134,-0.01365187713310545,0.12030075187969924,0.08041537681286517,0.12030075187969924,0.09774436090225563,,,{},2892.TW,2015-07-08,2015-07-09
0.04122368001558871,887000,0,0.028402097742222427,0.28402097742222426,1.0,D-1 estimated accounting; fill-day constraints require ledger audit,direct,V4_DIRECT_FROZEN_LINEAR_PORTFOLIO,disabled,2015-07-08,risk_off,0.020145738885789445,-0.044802839417424134,-0.01365187713310545,0.12030075187969924,0.08041537681286517,0.12030075187969924,0.09774436090225563,,,{},3036.TW,2015-07-08,2015-07-09
0.041980021246835704,400000,0,0.01770139769459377,0.17701397694593768,1.0,D-1 estimated accounting; fill-day constraints require ledger audit,direct,V4_DIRECT_FROZEN_LINEAR_PORTFOLIO,disabled,2015-07-08,risk_off,0.020145738885789445,-0.044802839417424134,-0.01365187713310545,0.12030075187969924,0.08041537681286517,0.12030075187969924,0.09774436090225563,,,{},3045.TW,2015-07-08,2015-07-09
0.04075366429460828,1067000,0,0.025983888044093264,0.2598388804409326,1.0,D-1 estimated accounting; fill-day constraints require ledger audit,direct,V4_DIRECT_FROZEN_LINEAR_PORTFOLIO,disabled,2015-07-08,risk_off,0.020145738885789445,-0.044802839417424134,-0.01365187713310545,0.12030075187969924,0.08041537681286517,0.12030075187969924,0.09774436090225563,,,{},3702.TW,2015-07-08,2015-07-09
0.042053086276104254,554000,0,0.029037222850684025,0.29037222850684025,1.0,D-1 estimated accounting; fill-day constraints require ledger audit,direct,V4_DIRECT_FROZEN_LINEAR_PORTFOLIO,disabled,2015-07-08,risk_off,0.020145738885789445,-0.044802839417424134,-0.01365187713310545,0.12030075187969924,0.08041537681286517,0.12030075187969924,0.09774436090225563,,,{},5871.TW,2015-07-08,2015-07-09
0.04201804383590655,2555000,0,0.02649293822213484,0.2649293822213484,1.0,D-1 estimated accounting; fill-day constraints require ledger audit,direct,V4_DIRECT_FROZEN_LINEAR_PORTFOLIO,disabled,2015-07-08,risk_off,0.020145738885789445,-0.044802839417424134,-0.01365187713310545,0.12030075187969924,0.08041537681286517,0.12030075187969924,0.09774436090225563,,,{},5880.TW,2015-07-08,2015-07-09
0.03903481205015922,177000,0,0.026602075088328236,0.26602075088328236,1.0,D-1 estimated accounting; fill-day constraints require ledger audit,direct,V4_DIRECT_FROZEN_LINEAR_PORTFOLIO,disabled,2015-07-08,risk_off,0.020145738885789445,-0.044802839417424134,-0.01365187713310545,0.12030075187969924,0.08041537681286517,0.12030075187969924,0.09774436090225563,,,{},5903.TWO,2015-07-08,2015-07-09
0.04073311154375918,2027000,0,0.030923598578757344,0.30923598578757344,1.0,D-1 estimated accounting; fill-day constraints require ledger audit,direct,V4_DIRECT_FROZEN_LINEAR_PORTFOLIO,disabled,2015-07-08,risk_off,0.020145738885789445,-0.044802839417424134,-0.01365187713310545,0.12030075187969924,0.08041537681286517,0.12030075187969924,0.09774436090225563,,,{},6139.TW,2015-07-08,2015-07-09
0.040965460392108285,4263000,0,0.030424372760044078,0.30424372760044077,1.0,D-1 estimated accounting; fill-day constraints require ledger audit,direct,V4_DIRECT_FROZEN_LINEAR_PORTFOLIO,disabled,2015-07-08,risk_off,0.020145738885789445,-0.044802839417424134,-0.01365187713310545,0.12030075187969924,0.08041537681286517,0.12030075187969924,0.09774436090225563,,,{},8358.TWO,2015-07-08,2015-07-09
0.0413260092460706,1059000,0,0.023909216985610285,0.23909216985610285,1.0,D-1 estimated accounting; fill-day constraints require ledger audit,direct,V4_DIRECT_FROZEN_LINEAR_PORTFOLIO,disabled,2015-07-09,risk_off,0.020276769746084576,-0.050135316342200476,-0.02367694515301455,0.08270676691729323,0.07996202834525089,0.12030075187969924,0.13533834586466165,,,{},1101.TW,2015-07-09,2015-07-13
0.041121645795107666,1673000,0,0.024318857492877825,0.24318857492877824,1.0,D-1 estimated accounting; fill-day constraints require ledger audit,direct,V4_DIRECT_FROZEN_LINEAR_PORTFOLIO,disabled,2015-07-09,risk_off,0.020276769746084576,-0.050135316342200476,-0.02367694515301455,0.08270676691729323,0.07996202834525089,0.12030075187969924,0.13533834586466165,,,{},2002.TW,2015-07-09,2015-07-13
0.04073624958964662,3162000,0,0.0158210081449075,0.158210081449075,1.0,D-1 estimated accounting; fill-day constraints require ledger audit,direct,V4_DIRECT_FROZEN_LINEAR_PORTFOLIO,disabled,2015-07-09,risk_off,0.020276769746084576,-0.050135316342200476,-0.02367694515301455,0.08270676691729323,0.07996202834525089,0.12030075187969924,0.13533834586466165,,,{},2303.TW,2015-07-09,2015-07-13
0.04215215386368307,1318000,0,0.014967892935907591,0.1496789293590759,1.0,D-1 estimated accounting; fill-day constraints require ledger audit,direct,V4_DIRECT_FROZEN_LINEAR_PORTFOLIO,disabled,2015-07-09,risk_off,0.020276769746084576,-0.050135316342200476,-0.02367694515301455,0.08270676691729323,0.07996202834525089,0.12030075187969924,0.13533834586466165,,,{},2376.TW,2015-07-09,2015-07-13
0.03855664005638583,565000,0,0.006771897113913724,0.06771897113913723,1.0,D-1 estimated accounting; fill-day constraints require ledger audit,direct,V4_DIRECT_FROZEN_LINEAR_PORTFOLIO,disabled,2015-07-09,risk_off,0.020276769746084576,-0.050135316342200476,-0.02367694515301455,0.08270676691729323,0.07996202834525089,0.12030075187969924,0.13533834586466165,,,{},2382.TW,2015-07-09,2015-07-13
0.04230300155967292,418000,0,0.026764420067336453,0.26764420067336453,1.0,D-1 estimated accounting; fill-day constraints require ledger audit,direct,V4_DIRECT_FROZEN_LINEAR_PORTFOLIO,disabled,2015-07-09,risk_off,0.020276769746084576,-0.050135316342200476,-0.02367694515301455,0.08270676691729323,0.07996202834525089,0.12030075187969924,0.13533834586466165,,,{},2412.TW,2015-07-09,2015-07-13
0.04221381725655683,2331000,0,0.027634546537693927,0.27634546537693927,1.0,D-1 estimated accounting; fill-day constraints require ledger audit,direct,V4_DIRECT_FROZEN_LINEAR_PORTFOLIO,disabled,2015-07-09,risk_off,0.020276769746084576,-0.050135316342200476,-0.02367694515301455,0.08270676691729323,0.07996202834525089,0.12030075187969924,0.13533834586466165,,,{},2801.TW,2015-07-09,2015-07-13
0.04229710422176385,3893000,0,0.028034945116292637,0.28034945116292637,1.0,D-1 estimated accounting; fill-day constraints require ledger audit,direct,V4_DIRECT_FROZEN_LINEAR_PORTFOLIO,disabled,2015-07-09,risk_off,0.020276769746084576,-0.050135316342200476,-0.02367694515301455,0.08270676691729323,0.07996202834525089,0.12030075187969924,0.13533834586466165,,,{},2812.TW,2015-07-09,2015-07-13
0.041898894239109155,4340000,0,0.027294976774780377,0.2729497677478038,1.0,D-1 estimated accounting; fill-day constraints require ledger audit,direct,V4_DIRECT_FROZEN_LINEAR_PORTFOLIO,disabled,2015-07-09,risk_off,0.020276769746084576,-0.050135316342200476,-0.02367694515301455,0.08270676691729323,0.07996202834525089,0.12030075187969924,0.13533834586466165,,,{},2834.TW,2015-07-09,2015-07-13
0.04222548260478924,2325000,0,0.026037776227830794,0.26037776227830794,1.0,D-1 estimated accounting; fill-day constraints require ledger audit,direct,V4_DIRECT_FROZEN_LINEAR_PORTFOLIO,disabled,2015-07-09,risk_off,0.020276769746084576,-0.050135316342200476,-0.02367694515301455,0.08270676691729323,0.07996202834525089,0.12030075187969924,0.13533834586466165,,,{},2880.TW,2015-07-09,2015-07-13
0.04207910964326548,2003000,0,0.014717453901893333,0.14717453901893332,1.0,D-1 estimated accounting; fill-day constraints require ledger audit,direct,V4_DIRECT_FROZEN_LINEAR_PORTFOLIO,disabled,2015-07-09,risk_off,0.020276769746084576,-0.050135316342200476,-0.02367694515301455,0.08270676691729323,0.07996202834525089,0.12030075187969924,0.13533834586466165,,,{},2884.TW,2015-07-09,2015-07-13
0.04187885880952861,3212000,0,0.021082515991724143,0.21082515991724143,1.0,D-1 estimated accounting; fill-day constraints require ledger audit,direct,V4_DIRECT_FROZEN_LINEAR_PORTFOLIO,disabled,2015-07-09,risk_off,0.020276769746084576,-0.050135316342200476,-0.02367694515301455,0.08270676691729323,0.07996202834525089,0.12030075187969924,0.13533834586466165,,,{},2887.TW,2015-07-09,2015-07-13
0.04160473605882551,3023000,0,0.02390032432397343,0.23900324323973426,1.0,D-1 estimated accounting; fill-day constraints require ledger audit,direct,V4_DIRECT_FROZEN_LINEAR_PORTFOLIO,disabled,2015-07-09,risk_off,0.020276769746084576,-0.050135316342200476,-0.02367694515301455,0.08270676691729323,0.07996202834525089,0.12030075187969924,0.13533834586466165,,,{},2890.TW,2015-07-09,2015-07-13
0.04201915337452329,2183000,0,0.028118964475278382,0.2811896447527838,1.0,D-1 estimated accounting; fill-day constraints require ledger audit,direct,V4_DIRECT_FROZEN_LINEAR_PORTFOLIO,disabled,2015-07-09,risk_off,0.020276769746084576,-0.050135316342200476,-0.02367694515301455,0.08270676691729323,0.07996202834525089,0.12030075187969924,0.13533834586466165,,,{},2892.TW,2015-07-09,2015-07-13
0.04086105070987142,887000,0,0.030221107261712368,0.30221107261712365,1.0,D-1 estimated accounting; fill-day constraints require ledger audit,direct,V4_DIRECT_FROZEN_LINEAR_PORTFOLIO,disabled,2015-07-09,risk_off,0.020276769746084576,-0.050135316342200476,-0.02367694515301455,0.08270676691729323,0.07996202834525089,0.12030075187969924,0.13533834586466165,,,{},3036.TW,2015-07-09,2015-07-13
0.041436558466348486,400000,0,0.013645854578649835,0.13645854578649835,1.0,D-1 estimated accounting; fill-day constraints require ledger audit,direct,V4_DIRECT_FROZEN_LINEAR_PORTFOLIO,disabled,2015-07-09,risk_off,0.020276769746084576,-0.050135316342200476,-0.02367694515301455,0.08270676691729323,0.07996202834525089,0.12030075187969924,0.13533834586466165,,,{},3045.TW,2015-07-09,2015-07-13
0.04031270174639665,1067000,0,0.025718106256621267,0.25718106256621265,1.0,D-1 estimated accounting; fill-day constraints require ledger audit,direct,V4_DIRECT_FROZEN_LINEAR_PORTFOLIO,disabled,2015-07-09,risk_off,0.020276769746084576,-0.050135316342200476,-0.02367694515301455,0.08270676691729323,0.07996202834525089,0.12030075187969924,0.13533834586466165,,,{},3702.TW,2015-07-09,2015-07-13
0.040330911070466754,554000,0,0.018374370834420423,0.18374370834420423,1.0,D-1 estimated accounting; fill-day constraints require ledger audit,direct,V4_DIRECT_FROZEN_LINEAR_PORTFOLIO,disabled,2015-07-09,risk_off,0.020276769746084576,-0.050135316342200476,-0.02367694515301455,0.08270676691729323,0.07996202834525089,0.12030075187969924,0.13533834586466165,,,{},5871.TW,2015-07-09,2015-07-13
0.04203917328479355,2555000,0,0.02729981565384449,0.2729981565384449,1.0,D-1 estimated accounting; fill-day constraints require ledger audit,direct,V4_DIRECT_FROZEN_LINEAR_PORTFOLIO,disabled,2015-07-09,risk_off,0.020276769746084576,-0.050135316342200476,-0.02367694515301455,0.08270676691729323,0.07996202834525089,0.12030075187969924,0.13533834586466165,,,{},5880.TW,2015-07-09,2015-07-13
0.03819819571978991,177000,0,0.025548248926877754,0.25548248926877754,1.0,D-1 estimated accounting; fill-day constraints require ledger audit,direct,V4_DIRECT_FROZEN_LINEAR_PORTFOLIO,disabled,2015-07-09,risk_off,0.020276769746084576,-0.050135316342200476,-0.02367694515301455,0.08270676691729323,0.07996202834525089,0.12030075187969924,0.13533834586466165,,,{},5903.TWO,2015-07-09,2015-07-13
0.041744099465202966,2027000,0,0.023797737515825364,0.23797737515825362,1.0,D-1 estimated accounting; fill-day constraints require ledger audit,direct,V4_DIRECT_FROZEN_LINEAR_PORTFOLIO,disabled,2015-07-09,risk_off,0.020276769746084576,-0.050135316342200476,-0.02367694515301455,0.08270676691729323,0.07996202834525089,0.12030075187969924,0.13533834586466165,,,{},6139.TW,2015-07-09,2015-07-13
0.041905500292187994,4263000,0,0.027495484793887977,0.27495484793887975,1.0,D-1 estimated accounting; fill-day constraints require ledger audit,direct,V4_DIRECT_FROZEN_LINEAR_PORTFOLIO,disabled,2015-07-09,risk_off,0.020276769746084576,-0.050135316342200476,-0.02367694515301455,0.08270676691729323,0.07996202834525089,0.12030075187969924,0.13533834586466165,,,{},8358.TWO,2015-07-09,2015-07-13
0.04237162165750251,1059000,0,0.01768780364217666,0.1768780364217666,1.0,D-1 estimated accounting; fill-day constraints require ledger audit,direct,V4_DIRECT_FROZEN_LINEAR_PORTFOLIO,disabled,2015-07-13,risk_off,0.021218110165991153,-0.021791777200370177,-0.01038148788927351,0.21052631578947367,0.08053238925357309,0.2631578947368421,0.21804511278195488,,,{},1101.TW,2015-07-13,2015-07-14
0.040961580369247394,1673000,0,0.02455316007514624,0.2455316007514624,1.0,D-1 estimated accounting; fill-day constraints require ledger audit,direct,V4_DIRECT_FROZEN_LINEAR_PORTFOLIO,disabled,2015-07-13,risk_off,0.021218110165991153,-0.021791777200370177,-0.01038148788927351,0.21052631578947367,0.08053238925357309,0.2631578947368421,0.21804511278195488,,,{},2002.TW,2015-07-13,2015-07-14
0.0406468922739204,3162000,0,0.018085156756650313,0.1808515675665031,1.0,D-1 estimated accounting; fill-day constraints require ledger audit,direct,V4_DIRECT_FROZEN_LINEAR_PORTFOLIO,disabled,2015-07-13,risk_off,0.021218110165991153,-0.021791777200370177,-0.01038148788927351,0.21052631578947367,0.08053238925357309,0.2631578947368421,0.21804511278195488,,,{},2303.TW,2015-07-13,2015-07-14
0.04131946094824672,1318000,0,0.021263040691444975,0.21263040691444973,1.0,D-1 estimated accounting; fill-day constraints require ledger audit,direct,V4_DIRECT_FROZEN_LINEAR_PORTFOLIO,disabled,2015-07-13,risk_off,0.021218110165991153,-0.021791777200370177,-0.01038148788927351,0.21052631578947367,0.08053238925357309,0.2631578947368421,0.21804511278195488,,,{},2376.TW,2015-07-13,2015-07-14
0.03915005636820872,565000,0,0.005996418151139205,0.059964181511392045,1.0,D-1 estimated accounting; fill-day constraints require ledger audit,direct,V4_DIRECT_FROZEN_LINEAR_PORTFOLIO,disabled,2015-07-13,risk_off,0.021218110165991153,-0.021791777200370177,-0.01038148788927351,0.21052631578947367,0.08053238925357309,0.2631578947368421,0.21804511278195488,,,{},2382.TW,2015-07-13,2015-07-14
0.04208816938320708,418000,0,0.027772327535331376,0.27772327535331376,1.0,D-1 estimated accounting; fill-day constraints require ledger audit,direct,V4_DIRECT_FROZEN_LINEAR_PORTFOLIO,disabled,2015-07-13,risk_off,0.021218110165991153,-0.021791777200370177,-0.01038148788927351,0.21052631578947367,0.08053238925357309,0.2631578947368421,0.21804511278195488,,,{},2412.TW,2015-07-13,2015-07-14
0.04178559156931281,2331000,0,0.029073497265806256,0.29073497265806253,1.0,D-1 estimated accounting; fill-day constraints require ledger audit,direct,V4_DIRECT_FROZEN_LINEAR_PORTFOLIO,disabled,2015-07-13,risk_off,0.021218110165991153,-0.021791777200370177,-0.01038148788927351,0.21052631578947367,0.08053238925357309,0.2631578947368421,0.21804511278195488,,,{},2801.TW,2015-07-13,2015-07-14
0.04206740524316069,3893000,0,0.029847942726033694,0.29847942726033694,1.0,D-1 estimated accounting; fill-day constraints require ledger audit,direct,V4_DIRECT_FROZEN_LINEAR_PORTFOLIO,disabled,2015-07-13,risk_off,0.021218110165991153,-0.021791777200370177,-0.01038148788927351,0.21052631578947367,0.08053238925357309,0.2631578947368421,0.21804511278195488,,,{},2812.TW,2015-07-13,2015-07-14
0.041607219669343394,4340000,0,0.028593637089996272,0.2859363708999627,1.0,D-1 estimated accounting; fill-day constraints require ledger audit,direct,V4_DIRECT_FROZEN_LINEAR_PORTFOLIO,disabled,2015-07-13,risk_off,0.021218110165991153,-0.021791777200370177,-0.01038148788927351,0.21052631578947367,0.08053238925357309,0.2631578947368421,0.21804511278195488,,,{},2834.TW,2015-07-13,2015-07-14
0.04227345924944102,2325000,0,0.025698625470260278,0.2569862547026028,1.0,D-1 estimated accounting; fill-day constraints require ledger audit,direct,V4_DIRECT_FROZEN_LINEAR_PORTFOLIO,disabled,2015-07-13,risk_off,0.021218110165991153,-0.021791777200370177,-0.01038148788927351,0.21052631578947367,0.08053238925357309,0.2631578947368421,0.21804511278195488,,,{},2880.TW,2015-07-13,2015-07-14
0.042267800957270556,2003000,0,0.01611085921915599,0.1611085921915599,1.0,D-1 estimated accounting; fill-day constraints require ledger audit,direct,V4_DIRECT_FROZEN_LINEAR_PORTFOLIO,disabled,2015-07-13,risk_off,0.021218110165991153,-0.021791777200370177,-0.01038148788927351,0.21052631578947367,0.08053238925357309,0.2631578947368421,0.21804511278195488,,,{},2884.TW,2015-07-13,2015-07-14
0.041783031256113504,3212000,0,0.01960264858133338,0.1960264858133338,1.0,D-1 estimated accounting; fill-day constraints require ledger audit,direct,V4_DIRECT_FROZEN_LINEAR_PORTFOLIO,disabled,2015-07-13,risk_off,0.021218110165991153,-0.021791777200370177,-0.01038148788927351,0.21052631578947367,0.08053238925357309,0.2631578947368421,0.21804511278195488,,,{},2887.TW,2015-07-13,2015-07-14
0.04180197757378838,3023000,0,0.02451637106326668,0.24516371063266676,1.0,D-1 estimated accounting; fill-day constraints require ledger audit,direct,V4_DIRECT_FROZEN_LINEAR_PORTFOLIO,disabled,2015-07-13,risk_off,0.021218110165991153,-0.021791777200370177,-0.01038148788927351,0.21052631578947367,0.08053238925357309,0.2631578947368421,0.21804511278195488,,,{},2890.TW,2015-07-13,2015-07-14
0.04192832903017425,2183000,0,0.0282300857055129,0.282300857055129,1.0,D-1 estimated accounting; fill-day constraints require ledger audit,direct,V4_DIRECT_FROZEN_LINEAR_PORTFOLIO,disabled,2015-07-13,risk_off,0.021218110165991153,-0.021791777200370177,-0.01038148788927351,0.21052631578947367,0.08053238925357309,0.2631578947368421,0.21804511278195488,,,{},2892.TW,2015-07-13,2015-07-14
0.041355458951828995,887000,0,0.02745203353723369,0.2745203353723369,1.0,D-1 estimated accounting; fill-day constraints require ledger audit,direct,V4_DIRECT_FROZEN_LINEAR_PORTFOLIO,disabled,2015-07-13,risk_off,0.021218110165991153,-0.021791777200370177,-0.01038148788927351,0.21052631578947367,0.08053238925357309,0.2631578947368421,0.21804511278195488,,,{},3036.TW,2015-07-13,2015-07-14
0.04122129854018524,400000,0,0.015385187499548099,0.15385187499548098,1.0,D-1 estimated accounting; fill-day constraints require ledger audit,direct,V4_DIRECT_FROZEN_LINEAR_PORTFOLIO,disabled,2015-07-13,risk_off,0.021218110165991153,-0.021791777200370177,-0.01038148788927351,0.21052631578947367,0.08053238925357309,0.2631578947368421,0.21804511278195488,,,{},3045.TW,2015-07-13,2015-07-14
0.040669038983094416,1067000,0,0.022771570980331425,0.22771570980331424,1.0,D-1 estimated accounting; fill-day constraints require ledger audit,direct,V4_DIRECT_FROZEN_LINEAR_PORTFOLIO,disabled,2015-07-13,risk_off,0.021218110165991153,-0.021791777200370177,-0.01038148788927351,0.21052631578947367,0.08053238925357309,0.2631578947368421,0.21804511278195488,,,{},3702.TW,2015-07-13,2015-07-14
0.04060323893387219,554000,0,0.019889864646304656,0.19889864646304656,1.0,D-1 estimated accounting; fill-day constraints require ledger audit,direct,V4_DIRECT_FROZEN_LINEAR_PORTFOLIO,disabled,2015-07-13,risk_off,0.021218110165991153,-0.021791777200370177,-0.01038148788927351,0.21052631578947367,0.08053238925357309,0.2631578947368421,0.21804511278195488,,,{},5871.TW,2015-07-13,2015-07-14
0.041874434437328814,2555000,0,0.028552186464550364,0.2855218646455036,1.0,D-1 estimated accounting; fill-day constraints require ledger audit,direct,V4_DIRECT_FROZEN_LINEAR_PORTFOLIO,disabled,2015-07-13,risk_off,0.021218110165991153,-0.021791777200370177,-0.01038148788927351,0.21052631578947367,0.08053238925357309,0.2631578947368421,0.21804511278195488,,,{},5880.TW,2015-07-13,2015-07-14
0.039264963224593684,177000,0,0.017518053051549767,0.17518053051549765,1.0,D-1 estimated accounting; fill-day constraints require ledger audit,direct,V4_DIRECT_FROZEN_LINEAR_PORTFOLIO,disabled,2015-07-13,risk_off,0.021218110165991153,-0.021791777200370177,-0.01038148788927351,0.21052631578947367,0.08053238925357309,0.2631578947368421,0.21804511278195488,,,{},5903.TWO,2015-07-13,2015-07-14
0.041735921493246224,2027000,0,0.022471544247182722,0.2247154424718272,1.0,D-1 estimated accounting; fill-day constraints require ledger audit,direct,V4_DIRECT_FROZEN_LINEAR_PORTFOLIO,disabled,2015-07-13,risk_off,0.021218110165991153,-0.021791777200370177,-0.01038148788927351,0.21052631578947367,0.08053238925357309,0.2631578947368421,0.21804511278195488,,,{},6139.TW,2015-07-13,2015-07-14
0.041393075073353235,4263000,0,0.026025068835006205,0.26025068835006204,1.0,D-1 estimated accounting; fill-day constraints require ledger audit,direct,V4_DIRECT_FROZEN_LINEAR_PORTFOLIO,disabled,2015-07-13,risk_off,0.021218110165991153,-0.021791777200370177,-0.01038148788927351,0.21052631578947367,0.08053238925357309,0.2631578947368421,0.21804511278195488,,,{},8358.TWO,2015-07-13,2015-07-14
0.04342742631992225,1059000,0,0.014342751618545917,0.14342751618545915,1.0,D-1 estimated accounting; fill-day constraints require ledger audit,direct,V4_DIRECT_FROZEN_LINEAR_PORTFOLIO,disabled,2015-07-14,risk_off,0.020736199757847046,-0.02101365322091997,-0.007317054562452463,0.18045112781954886,0.08042385970176039,0.2932330827067669,0.22556390977443608,,,{},1101.TW,2015-07-14,2015-07-15
0.04100289677544407,1673000,0,0.02428153846643584,0.2428153846643584,1.0,D-1 estimated accounting; fill-day constraints require ledger audit,direct,V4_DIRECT_FROZEN_LINEAR_PORTFOLIO,disabled,2015-07-14,risk_off,0.020736199757847046,-0.02101365322091997,-0.007317054562452463,0.18045112781954886,0.08042385970176039,0.2932330827067669,0.22556390977443608,,,{},2002.TW,2015-07-14,2015-07-15
0.039226936604570106,3162000,0,0.016320932675669315,0.16320932675669314,1.0,D-1 estimated accounting; fill-day constraints require ledger audit,direct,V4_DIRECT_FROZEN_LINEAR_PORTFOLIO,disabled,2015-07-14,risk_off,0.020736199757847046,-0.02101365322091997,-0.007317054562452463,0.18045112781954886,0.08042385970176039,0.2932330827067669,0.22556390977443608,,,{},2303.TW,2015-07-14,2015-07-15
0.04065038456907616,1318000,0,0.02382766106468692,0.23827661064686917,1.0,D-1 estimated accounting; fill-day constraints require ledger audit,direct,V4_DIRECT_FROZEN_LINEAR_PORTFOLIO,disabled,2015-07-14,risk_off,0.020736199757847046,-0.02101365322091997,-0.007317054562452463,0.18045112781954886,0.08042385970176039,0.2932330827067669,0.22556390977443608,,,{},2376.TW,2015-07-14,2015-07-15
0.039372642670755624,565000,0,0.0041732127312140025,0.04173212731214002,1.0,D-1 estimated accounting; fill-day constraints require ledger audit,direct,V4_DIRECT_FROZEN_LINEAR_PORTFOLIO,disabled,2015-07-14,risk_off,0.020736199757847046,-0.02101365322091997,-0.007317054562452463,0.18045112781954886,0.08042385970176039,0.2932330827067669,0.22556390977443608,,,{},2382.TW,2015-07-14,2015-07-15
0.04195507787848302,418000,0,0.027831546502968707,0.27831546502968707,1.0,D-1 estimated accounting; fill-day constraints require ledger audit,direct,V4_DIRECT_FROZEN_LINEAR_PORTFOLIO,disabled,2015-07-14,risk_off,0.020736199757847046,-0.02101365322091997,-0.007317054562452463,0.18045112781954886,0.08042385970176039,0.2932330827067669,0.22556390977443608,,,{},2412.TW,2015-07-14,2015-07-15
0.04224850626225163,2331000,0,0.027042803185768016,0.27042803185768016,1.0,D-1 estimated accounting; fill-day constraints require ledger audit,direct,V4_DIRECT_FROZEN_LINEAR_PORTFOLIO,disabled,2015-07-14,risk_off,0.020736199757847046,-0.02101365322091997,-0.007317054562452463,0.18045112781954886,0.08042385970176039,0.2932330827067669,0.22556390977443608,,,{},2801.TW,2015-07-14,2015-07-15
0.04193437939894607,3893000,0,0.030083081656746353,0.3008308165674635,1.0,D-1 estimated accounting; fill-day constraints require ledger audit,direct,V4_DIRECT_FROZEN_LINEAR_PORTFOLIO,disabled,2015-07-14,risk_off,0.020736199757847046,-0.02101365322091997,-0.007317054562452463,0.18045112781954886,0.08042385970176039,0.2932330827067669,0.22556390977443608,,,{},2812.TW,2015-07-14,2015-07-15
0.041652895390545286,4340000,0,0.028991402067766587,0.28991402067766586,1.0,D-1 estimated accounting; fill-day constraints require ledger audit,direct,V4_DIRECT_FROZEN_LINEAR_PORTFOLIO,disabled,2015-07-14,risk_off,0.020736199757847046,-0.02101365322091997,-0.007317054562452463,0.18045112781954886,0.08042385970176039,0.2932330827067669,0.22556390977443608,,,{},2834.TW,2015-07-14,2015-07-15
0.042139781819801055,2325000,0,0.025866772383227273,0.2586677238322727,1.0,D-1 estimated accounting; fill-day constraints require ledger audit,direct,V4_DIRECT_FROZEN_LINEAR_PORTFOLIO,disabled,2015-07-14,risk_off,0.020736199757847046,-0.02101365322091997,-0.007317054562452463,0.18045112781954886,0.08042385970176039,0.2932330827067669,0.22556390977443608,,,{},2880.TW,2015-07-14,2015-07-15
0.043156814755766514,2003000,0,0.014042693722715988,0.14042693722715988,1.0,D-1 estimated accounting; fill-day constraints require ledger audit,direct,V4_DIRECT_FROZEN_LINEAR_PORTFOLIO,disabled,2015-07-14,risk_off,0.020736199757847046,-0.02101365322091997,-0.007317054562452463,0.18045112781954886,0.08042385970176039,0.2932330827067669,0.22556390977443608,,,{},2884.TW,2015-07-14,2015-07-15
0.041978864540540284,3212000,0,0.01992999068841294,0.19929990688412938,1.0,D-1 estimated accounting; fill-day constraints require ledger audit,direct,V4_DIRECT_FROZEN_LINEAR_PORTFOLIO,disabled,2015-07-14,risk_off,0.020736199757847046,-0.02101365322091997,-0.007317054562452463,0.18045112781954886,0.08042385970176039,0.2932330827067669,0.22556390977443608,,,{},2887.TW,2015-07-14,2015-07-15
0.04166979106681343,3023000,0,0.02398780750402804,0.23987807504028041,1.0,D-1 estimated accounting; fill-day constraints require ledger audit,direct,V4_DIRECT_FROZEN_LINEAR_PORTFOLIO,disabled,2015-07-14,risk_off,0.020736199757847046,-0.02101365322091997,-0.007317054562452463,0.18045112781954886,0.08042385970176039,0.2932330827067669,0.22556390977443608,,,{},2890.TW,2015-07-14,2015-07-15
0.041795742973736796,2183000,0,0.026998256158447316,0.26998256158447315,1.0,D-1 estimated accounting; fill-day constraints require ledger audit,direct,V4_DIRECT_FROZEN_LINEAR_PORTFOLIO,disabled,2015-07-14,risk_off,0.020736199757847046,-0.02101365322091997,-0.007317054562452463,0.18045112781954886,0.08042385970176039,0.2932330827067669,0.22556390977443608,,,{},2892.TW,2015-07-14,2015-07-15
0.04117938257815433,887000,0,0.028791667730676637,0.28791667730676634,1.0,D-1 estimated accounting; fill-day constraints require ledger audit,direct,V4_DIRECT_FROZEN_LINEAR_PORTFOLIO,disabled,2015-07-14,risk_off,0.020736199757847046,-0.02101365322091997,-0.007317054562452463,0.18045112781954886,0.08042385970176039,0.2932330827067669,0.22556390977443608,,,{},3036.TW,2015-07-14,2015-07-15
0.04211311115258019,400000,0,0.010871784706039873,0.10871784706039872,1.0,D-1 estimated accounting; fill-day constraints require ledger audit,direct,V4_DIRECT_FROZEN_LINEAR_PORTFOLIO,disabled,2015-07-14,risk_off,0.020736199757847046,-0.02101365322091997,-0.007317054562452463,0.18045112781954886,0.08042385970176039,0.2932330827067669,0.22556390977443608,,,{},3045.TW,2015-07-14,2015-07-15
0.04119431304736409,1067000,0,0.02005370043894143,0.20053700438941427,1.0,D-1 estimated accounting; fill-day constraints require ledger audit,direct,V4_DIRECT_FROZEN_LINEAR_PORTFOLIO,disabled,2015-07-14,risk_off,0.020736199757847046,-0.02101365322091997,-0.007317054562452463,0.18045112781954886,0.08042385970176039,0.2932330827067669,0.22556390977443608,,,{},3702.TW,2015-07-14,2015-07-15
0.04075788394738644,554000,0,0.019061271428266063,0.1906127142826606,1.0,D-1 estimated accounting; fill-day constraints require ledger audit,direct,V4_DIRECT_FROZEN_LINEAR_PORTFOLIO,disabled,2015-07-14,risk_off,0.020736199757847046,-0.02101365322091997,-0.007317054562452463,0.18045112781954886,0.08042385970176039,0.2932330827067669,0.22556390977443608,,,{},5871.TW,2015-07-14,2015-07-15
0.04174201880675125,2555000,0,0.029170183572152064,0.29170183572152064,1.0,D-1 estimated accounting; fill-day constraints require ledger audit,direct,V4_DIRECT_FROZEN_LINEAR_PORTFOLIO,disabled,2015-07-14,risk_off,0.020736199757847046,-0.02101365322091997,-0.007317054562452463,0.18045112781954886,0.08042385970176039,0.2932330827067669,0.22556390977443608,,,{},5880.TW,2015-07-14,2015-07-15
0.03905019558016395,177000,0,0.018411343740482342,0.18411343740482342,1.0,D-1 estimated accounting; fill-day constraints require ledger audit,direct,V4_DIRECT_FROZEN_LINEAR_PORTFOLIO,disabled,2015-07-14,risk_off,0.020736199757847046,-0.02101365322091997,-0.007317054562452463,0.18045112781954886,0.08042385970176039,0.2932330827067669,0.22556390977443608,,,{},5903.TWO,2015-07-14,2015-07-15
0.041293466676218665,2027000,0,0.025402560181127548,0.2540256018112755,1.0,D-1 estimated accounting; fill-day constraints require ledger audit,direct,V4_DIRECT_FROZEN_LINEAR_PORTFOLIO,disabled,2015-07-14,risk_off,0.020736199757847046,-0.02101365322091997,-0.007317054562452463,0.18045112781954886,0.08042385970176039,0.2932330827067669,0.22556390977443608,,,{},6139.TW,2015-07-14,2015-07-15
0.04091397753659482,4263000,0,0.024650155162517836,0.24650155162517834,1.0,D-1 estimated accounting; fill-day constraints require ledger audit,direct,V4_DIRECT_FROZEN_LINEAR_PORTFOLIO,disabled,2015-07-14,risk_off,0.020736199757847046,-0.02101365322091997,-0.007317054562452463,0.18045112781954886,0.08042385970176039,0.2932330827067669,0.22556390977443608,,,{},8358.TWO,2015-07-14,2015-07-15
0.04356403374566273,1059000,0,0.01589120402607928,0.1589120402607928,1.0,D-1 estimated accounting; fill-day constraints require ledger audit,direct,V4_DIRECT_FROZEN_LINEAR_PORTFOLIO,disabled,2015-07-15,neutral,0.020330162955399814,0.012698384516748096,0.0037037319836623617,0.6917293233082706,0.09052542496940436,0.3533834586466165,0.2781954887218045,,,{},1101.TW,2015-07-15,2015-07-16
0.04132027100791893,1673000,0,0.023115012639568045,0.23115012639568044,1.0,D-1 estimated accounting; fill-day constraints require ledger audit,direct,V4_DIRECT_FROZEN_LINEAR_PORTFOLIO,disabled,2015-07-15,neutral,0.020330162955399814,0.012698384516748096,0.0037037319836623617,0.6917293233082706,0.09052542496940436,0.3533834586466165,0.2781954887218045,,,{},2002.TW,2015-07-15,2015-07-16
0.039365198294341104,3162000,0,0.013976689325620798,0.13976689325620797,1.0,D-1 estimated accounting; fill-day constraints require ledger audit,direct,V4_DIRECT_FROZEN_LINEAR_PORTFOLIO,disabled,2015-07-15,neutral,0.020330162955399814,0.012698384516748096,0.0037037319836623617,0.6917293233082706,0.09052542496940436,0.3533834586466165,0.2781954887218045,,,{},2303.TW,2015-07-15,2015-07-16
0.04035742677464297,1318000,0,0.023677275938769456,0.23677275938769454,1.0,D-1 estimated accounting; fill-day constraints require ledger audit,direct,V4_DIRECT_FROZEN_LINEAR_PORTFOLIO,disabled,2015-07-15,neutral,0.020330162955399814,0.012698384516748096,0.0037037319836623617,0.6917293233082706,0.09052542496940436,0.3533834586466165,0.2781954887218045,,,{},2376.TW,2015-07-15,2015-07-16
0.03888790833744114,565000,0,0.00452871973569718,0.045287197356971794,1.0,D-1 estimated accounting; fill-day constraints require ledger audit,direct,V4_DIRECT_FROZEN_LINEAR_PORTFOLIO,disabled,2015-07-15,neutral,0.020330162955399814,0.012698384516748096,0.0037037319836623617,0.6917293233082706,0.09052542496940436,0.3533834586466165,0.2781954887218045,,,{},2382.TW,2015-07-15,2015-07-16
0.04193040224824851,418000,0,0.030776984837160095,0.30776984837160093,1.0,D-1 estimated accounting; fill-day constraints require ledger audit,direct,V4_DIRECT_FROZEN_LINEAR_PORTFOLIO,disabled,2015-07-15,neutral,0.020330162955399814,0.012698384516748096,0.0037037319836623617,0.6917293233082706,0.09052542496940436,0.3533834586466165,0.2781954887218045,,,{},2412.TW,2015-07-15,2015-07-16
0.042342597935695246,2331000,0,0.029011229367376507,0.29011229367376506,1.0,D-1 estimated accounting; fill-day constraints require ledger audit,direct,V4_DIRECT_FROZEN_LINEAR_PORTFOLIO,disabled,2015-07-15,neutral,0.020330162955399814,0.012698384516748096,0.0037037319836623617,0.6917293233082706,0.09052542496940436,0.3533834586466165,0.2781954887218045,,,{},2801.TW,2015-07-15,2015-07-16
0.04210834018857205,3893000,0,0.029952139390753682,0.2995213939075368,1.0,D-1 estimated accounting; fill-day constraints require ledger audit,direct,V4_DIRECT_FROZEN_LINEAR_PORTFOLIO,disabled,2015-07-15,neutral,0.020330162955399814,0.012698384516748096,0.0037037319836623617,0.6917293233082706,0.09052542496940436,0.3533834586466165,0.2781954887218045,,,{},2812.TW,2015-07-15,2015-07-16
0.041628397487148916,4340000,0,0.029184829107216672,0.2918482910721667,1.0,D-1 estimated accounting; fill-day constraints require ledger audit,direct,V4_DIRECT_FROZEN_LINEAR_PORTFOLIO,disabled,2015-07-15,neutral,0.020330162955399814,0.012698384516748096,0.0037037319836623617,0.6917293233082706,0.09052542496940436,0.3533834586466165,0.2781954887218045,,,{},2834.TW,2015-07-15,2015-07-16
0.04258953274078014,2325000,0,0.02599701495239431,0.2599701495239431,1.0,D-1 estimated accounting; fill-day constraints require ledger audit,direct,V4_DIRECT_FROZEN_LINEAR_PORTFOLIO,disabled,2015-07-15,neutral,0.020330162955399814,0.012698384516748096,0.0037037319836623617,0.6917293233082706,0.09052542496940436,0.3533834586466165,0.2781954887218045,,,{},2880.TW,2015-07-15,2015-07-16
0.04333584670235218,2003000,0,0.013996554939407097,0.13996554939407096,1.0,D-1 estimated accounting; fill-day constraints require ledger audit,direct,V4_DIRECT_FROZEN_LINEAR_PORTFOLIO,disabled,2015-07-15,neutral,0.020330162955399814,0.012698384516748096,0.0037037319836623617,0.6917293233082706,0.09052542496940436,0.3533834586466165,0.2781954887218045,,,{},2884.TW,2015-07-15,2015-07-16
0.04179029142453904,3212000,0,0.018901542291522286,0.18901542291522283,1.0,D-1 estimated accounting; fill-day constraints require ledger audit,direct,V4_DIRECT_FROZEN_LINEAR_PORTFOLIO,disabled,2015-07-15,neutral,0.020330162955399814,0.012698384516748096,0.0037037319836623617,0.6917293233082706,0.09052542496940436,0.3533834586466165,0.2781954887218045,,,{},2887.TW,2015-07-15,2015-07-16
0.04179952501605239,3023000,0,0.02264833354908259,0.22648333549082592,1.0,D-1 estimated accounting; fill-day constraints require ledger audit,direct,V4_DIRECT_FROZEN_LINEAR_PORTFOLIO,disabled,2015-07-15,neutral,0.020330162955399814,0.012698384516748096,0.0037037319836623617,0.6917293233082706,0.09052542496940436,0.3533834586466165,0.2781954887218045,,,{},2890.TW,2015-07-15,2015-07-16
0.041993940581010254,2183000,0,0.02723805998120439,0.2723805998120439,1.0,D-1 estimated accounting; fill-day constraints require ledger audit,direct,V4_DIRECT_FROZEN_LINEAR_PORTFOLIO,disabled,2015-07-15,neutral,0.020330162955399814,0.012698384516748096,0.0037037319836623617,0.6917293233082706,0.09052542496940436,0.3533834586466165,0.2781954887218045,,,{},2892.TW,2015-07-15,2015-07-16
0.041245713582522464,887000,0,0.028947708346430567,0.2894770834643057,1.0,D-1 estimated accounting; fill-day constraints require ledger audit,direct,V4_DIRECT_FROZEN_LINEAR_PORTFOLIO,disabled,2015-07-15,neutral,0.020330162955399814,0.012698384516748096,0.0037037319836623617,0.6917293233082706,0.09052542496940436,0.3533834586466165,0.2781954887218045,,,{},3036.TW,2015-07-15,2015-07-16
0.041679717890808744,400000,0,0.013104471722124398,0.13104471722124397,1.0,D-1 estimated accounting; fill-day constraints require ledger audit,direct,V4_DIRECT_FROZEN_LINEAR_PORTFOLIO,disabled,2015-07-15,neutral,0.020330162955399814,0.012698384516748096,0.0037037319836623617,0.6917293233082706,0.09052542496940436,0.3533834586466165,0.2781954887218045,,,{},3045.TW,2015-07-15,2015-07-16
0.04095225371964656,1067000,0,0.020470347146059942,0.2047034714605994,1.0,D-1 estimated accounting; fill-day constraints require ledger audit,direct,V4_DIRECT_FROZEN_LINEAR_PORTFOLIO,disabled,2015-07-15,neutral,0.020330162955399814,0.012698384516748096,0.0037037319836623617,0.6917293233082706,0.09052542496940436,0.3533834586466165,0.2781954887218045,,,{},3702.TW,2015-07-15,2015-07-16
0.040168163655778195,554000,0,0.019628421248019376,0.19628421248019376,1.0,D-1 estimated accounting; fill-day constraints require ledger audit,direct,V4_DIRECT_FROZEN_LINEAR_PORTFOLIO,disabled,2015-07-15,neutral,0.020330162955399814,0.012698384516748096,0.0037037319836623617,0.6917293233082706,0.09052542496940436,0.3533834586466165,0.2781954887218045,,,{},5871.TW,2015-07-15,2015-07-16
0.04197820266398336,2555000,0,0.030054232920505543,0.3005423292050554,1.0,D-1 estimated accounting; fill-day constraints require ledger audit,direct,V4_DIRECT_FROZEN_LINEAR_PORTFOLIO,disabled,2015-07-15,neutral,0.020330162955399814,0.012698384516748096,0.0037037319836623617,0.6917293233082706,0.09052542496940436,0.3533834586466165,0.2781954887218045,,,{},5880.TW,2015-07-15,2015-07-16
0.03920832926724968,177000,0,0.014031626599573195,0.14031626599573194,1.0,D-1 estimated accounting; fill-day constraints require ledger audit,direct,V4_DIRECT_FROZEN_LINEAR_PORTFOLIO,disabled,2015-07-15,neutral,0.020330162955399814,0.012698384516748096,0.0037037319836623617,0.6917293233082706,0.09052542496940436,0.3533834586466165,0.2781954887218045,,,{},5903.TWO,2015-07-15,2015-07-16
0.041372611697933825,2027000,0,0.02320325909341402,0.2320325909341402,1.0,D-1 estimated accounting; fill-day constraints require ledger audit,direct,V4_DIRECT_FROZEN_LINEAR_PORTFOLIO,disabled,2015-07-15,neutral,0.020330162955399814,0.012698384516748096,0.0037037319836623617,0.6917293233082706,0.09052542496940436,0.3533834586466165,0.2781954887218045,,,{},6139.TW,2015-07-15,2015-07-16
0.04088991422335201,4263000,0,0.027224830954278047,0.27224830954278045,1.0,D-1 estimated accounting; fill-day constraints require ledger audit,direct,V4_DIRECT_FROZEN_LINEAR_PORTFOLIO,disabled,2015-07-15,neutral,0.020330162955399814,0.012698384516748096,0.0037037319836623617,0.6917293233082706,0.09052542496940436,0.3533834586466165,0.2781954887218045,,,{},8358.TWO,2015-07-15,2015-07-16
0.043004414654472474,1059000,0,0.014957226957268225,0.14957226957268224,1.0,D-1 estimated accounting; fill-day constraints require ledger audit,direct,V4_DIRECT_FROZEN_LINEAR_PORTFOLIO,disabled,2015-07-16,neutral,0.020517410359639617,0.022727292827398493,0.008368263990516489,0.7443609022556391,0.09773892513615359,0.45112781954887216,0.3082706766917293,,,{},1101.TW,2015-07-16,2015-07-17
0.041131236621395284,1673000,0,0.02523516362134863,0.2523516362134863,1.0,D-1 estimated accounting; fill-day constraints require ledger audit,direct,V4_DIRECT_FROZEN_LINEAR_PORTFOLIO,disabled,2015-07-16,neutral,0.020517410359639617,0.022727292827398493,0.008368263990516489,0.7443609022556391,0.09773892513615359,0.45112781954887216,0.3082706766917293,,,{},2002.TW,2015-07-16,2015-07-17
0.03934770189802681,3162000,0,0.013668078979954885,0.13668078979954884,1.0,D-1 estimated accounting; fill-day constraints require ledger audit,direct,V4_DIRECT_FROZEN_LINEAR_PORTFOLIO,disabled,2015-07-16,neutral,0.020517410359639617,0.022727292827398493,0.008368263990516489,0.7443609022556391,0.09773892513615359,0.45112781954887216,0.3082706766917293,,,{},2303.TW,2015-07-16,2015-07-17
0.03980162951067015,1318000,0,0.023360264885244144,0.23360264885244142,1.0,D-1 estimated accounting; fill-day constraints require ledger audit,direct,V4_DIRECT_FROZEN_LINEAR_PORTFOLIO,disabled,2015-07-16,neutral,0.020517410359639617,0.022727292827398493,0.008368263990516489,0.7443609022556391,0.09773892513615359,0.45112781954887216,0.3082706766917293,,,{},2376.TW,2015-07-16,2015-07-17
0.03863993788280668,565000,0,0.005414802130458023,0.05414802130458022,1.0,D-1 estimated accounting; fill-day constraints require ledger audit,direct,V4_DIRECT_FROZEN_LINEAR_PORTFOLIO,disabled,2015-07-16,neutral,0.020517410359639617,0.022727292827398493,0.008368263990516489,0.7443609022556391,0.09773892513615359,0.45112781954887216,0.3082706766917293,,,{},2382.TW,2015-07-16,2015-07-17
0.04050332552028429,418000,0,0.030392537754577145,0.3039253775457714,1.0,D-1 estimated accounting; fill-day constraints require ledger audit,direct,V4_DIRECT_FROZEN_LINEAR_PORTFOLIO,disabled,2015-07-16,neutral,0.020517410359639617,0.022727292827398493,0.008368263990516489,0.7443609022556391,0.09773892513615359,0.45112781954887216,0.3082706766917293,,,{},2412.TW,2015-07-16,2015-07-17
0.04256155222852242,2331000,0,0.02814822420542239,0.2814822420542239,1.0,D-1 estimated accounting; fill-day constraints require ledger audit,direct,V4_DIRECT_FROZEN_LINEAR_PORTFOLIO,disabled,2015-07-16,neutral,0.020517410359639617,0.022727292827398493,0.008368263990516489,0.7443609022556391,0.09773892513615359,0.45112781954887216,0.3082706766917293,,,{},2801.TW,2015-07-16,2015-07-17
0.042089624565636086,3893000,0,0.0287078830175357,0.28707883017535696,1.0,D-1 estimated accounting; fill-day constraints require ledger audit,direct,V4_DIRECT_FROZEN_LINEAR_PORTFOLIO,disabled,2015-07-16,neutral,0.020517410359639617,0.022727292827398493,0.008368263990516489,0.7443609022556391,0.09773892513615359,0.45112781954887216,0.3082706766917293,,,{},2812.TW,2015-07-16,2015-07-17
0.04165416102719384,4340000,0,0.029746679243977038,0.29746679243977037,1.0,D-1 estimated accounting; fill-day constraints require ledger audit,direct,V4_DIRECT_FROZEN_LINEAR_PORTFOLIO,disabled,2015-07-16,neutral,0.020517410359639617,0.022727292827398493,0.008368263990516489,0.7443609022556391,0.09773892513615359,0.45112781954887216,0.3082706766917293,,,{},2834.TW,2015-07-16,2015-07-17
0.04304492751543014,2325000,0,0.025669460910772192,0.2566946091077219,1.0,D-1 estimated accounting; fill-day constraints require ledger audit,direct,V4_DIRECT_FROZEN_LINEAR_PORTFOLIO,disabled,2015-07-16,neutral,0.020517410359639617,0.022727292827398493,0.008368263990516489,0.7443609022556391,0.09773892513615359,0.45112781954887216,0.3082706766917293,,,{},2880.TW,2015-07-16,2015-07-17
0.044746850112980185,2003000,0,0.010816820833486507,0.10816820833486507,1.0,D-1 estimated accounting; fill-day constraints require ledger audit,direct,V4_DIRECT_FROZEN_LINEAR_PORTFOLIO,disabled,2015-07-16,neutral,0.020517410359639617,0.022727292827398493,0.008368263990516489,0.7443609022556391,0.09773892513615359,0.45112781954887216,0.3082706766917293,,,{},2884.TW,2015-07-16,2015-07-17
0.04209933847377005,3212000,0,0.017482371116022116,0.17482371116022116,1.0,D-1 estimated accounting; fill-day constraints require ledger audit,direct,V4_DIRECT_FROZEN_LINEAR_PORTFOLIO,disabled,2015-07-16,neutral,0.020517410359639617,0.022727292827398493,0.008368263990516489,0.7443609022556391,0.09773892513615359,0.45112781954887216,0.3082706766917293,,,{},2887.TW,2015-07-16,2015-07-17
0.04224346635482334,3023000,0,0.021760997610863128,0.21760997610863125,1.0,D-1 estimated accounting; fill-day constraints require ledger audit,direct,V4_DIRECT_FROZEN_LINEAR_PORTFOLIO,disabled,2015-07-16,neutral,0.020517410359639617,0.022727292827398493,0.008368263990516489,0.7443609022556391,0.09773892513615359,0.45112781954887216,0.3082706766917293,,,{},2890.TW,2015-07-16,2015-07-17
0.04208661605865496,2183000,0,0.027858002864579158,0.27858002864579157,1.0,D-1 estimated accounting; fill-day constraints require ledger audit,direct,V4_DIRECT_FROZEN_LINEAR_PORTFOLIO,disabled,2015-07-16,neutral,0.020517410359639617,0.022727292827398493,0.008368263990516489,0.7443609022556391,0.09773892513615359,0.45112781954887216,0.3082706766917293,,,{},2892.TW,2015-07-16,2015-07-17
0.041634677120117786,887000,0,0.025561759997527106,0.25561759997527106,1.0,D-1 estimated accounting; fill-day constraints require ledger audit,direct,V4_DIRECT_FROZEN_LINEAR_PORTFOLIO,disabled,2015-07-16,neutral,0.020517410359639617,0.022727292827398493,0.008368263990516489,0.7443609022556391,0.09773892513615359,0.45112781954887216,0.3082706766917293,,,{},3036.TW,2015-07-16,2015-07-17
0.0418654143080768,400000,0,0.013791667274003501,0.137916672740035,1.0,D-1 estimated accounting; fill-day constraints require ledger audit,direct,V4_DIRECT_FROZEN_LINEAR_PORTFOLIO,disabled,2015-07-16,neutral,0.020517410359639617,0.022727292827398493,0.008368263990516489,0.7443609022556391,0.09773892513615359,0.45112781954887216,0.3082706766917293,,,{},3045.TW,2015-07-16,2015-07-17
0.04131508699292815,1067000,0,0.016851304548519932,0.1685130454851993,1.0,D-1 estimated accounting; fill-day constraints require ledger audit,direct,V4_DIRECT_FROZEN_LINEAR_PORTFOLIO,disabled,2015-07-16,neutral,0.020517410359639617,0.022727292827398493,0.008368263990516489,0.7443609022556391,0.09773892513615359,0.45112781954887216,0.3082706766917293,,,{},3702.TW,2015-07-16,2015-07-17
0.04031995956936702,554000,0,0.01849550367359216,0.18495503673592162,1.0,D-1 estimated accounting; fill-day constraints require ledger audit,direct,V4_DIRECT_FROZEN_LINEAR_PORTFOLIO,disabled,2015-07-16,neutral,0.020517410359639617,0.022727292827398493,0.008368263990516489,0.7443609022556391,0.09773892513615359,0.45112781954887216,0.3082706766917293,,,{},5871.TW,2015-07-16,2015-07-17
0.04195954488243532,2555000,0,0.02872148043621084,0.2872148043621084,1.0,D-1 estimated accounting; fill-day constraints require ledger audit,direct,V4_DIRECT_FROZEN_LINEAR_PORTFOLIO,disabled,2015-07-16,neutral,0.020517410359639617,0.022727292827398493,0.008368263990516489,0.7443609022556391,0.09773892513615359,0.45112781954887216,0.3082706766917293,,,{},5880.TW,2015-07-16,2015-07-17
0.03873835175524003,177000,0,0.01273068676647647,0.1273068676647647,1.0,D-1 estimated accounting; fill-day constraints require ledger audit,direct,V4_DIRECT_FROZEN_LINEAR_PORTFOLIO,disabled,2015-07-16,neutral,0.020517410359639617,0.022727292827398493,0.008368263990516489,0.7443609022556391,0.09773892513615359,0.45112781954887216,0.3082706766917293,,,{},5903.TWO,2015-07-16,2015-07-17
0.0411474519641071,2027000,0,0.023511499144348053,0.23511499144348053,1.0,D-1 estimated accounting; fill-day constraints require ledger audit,direct,V4_DIRECT_FROZEN_LINEAR_PORTFOLIO,disabled,2015-07-16,neutral,0.020517410359639617,0.022727292827398493,0.008368263990516489,0.7443609022556391,0.09773892513615359,0.45112781954887216,0.3082706766917293,,,{},6139.TW,2015-07-16,2015-07-17
0.04061085669861975,4263000,0,0.030534893368923084,0.30534893368923083,1.0,D-1 estimated accounting; fill-day constraints require ledger audit,direct,V4_DIRECT_FROZEN_LINEAR_PORTFOLIO,disabled,2015-07-16,neutral,0.020517410359639617,0.022727292827398493,0.008368263990516489,0.7443609022556391,0.09773892513615359,0.45112781954887216,0.3082706766917293,,,{},8358.TWO,2015-07-16,2015-07-17
0.042995447703494484,1059000,0,0.014446770497229679,0.14446770497229677,1.0,D-1 estimated accounting; fill-day constraints require ledger audit,direct,V4_DIRECT_FROZEN_LINEAR_PORTFOLIO,disabled,2015-07-17,neutral,0.0199794077578082,0.020771510145006555,-0.0032258397846356424,0.7443609022556391,0.08764883637605565,0.42105263157894735,0.3082706766917293,,,{},1101.TW,2015-07-17,2015-07-20
0.04112266025114559,1673000,0,0.025831333262006186,0.25831333262006184,1.0,D-1 estimated accounting; fill-day constraints require ledger audit,direct,V4_DIRECT_FROZEN_LINEAR_PORTFOLIO,disabled,2015-07-17,neutral,0.0199794077578082,0.020771510145006555,-0.0032258397846356424,0.7443609022556391,0.08764883637605565,0.42105263157894735,0.3082706766917293,,,{},2002.TW,2015-07-17,2015-07-20
0.03869458762305192,3162000,0,0.014656485472377896,0.14656485472377895,1.0,D-1 estimated accounting; fill-day constraints require ledger audit,direct,V4_DIRECT_FROZEN_LINEAR_PORTFOLIO,disabled,2015-07-17,neutral,0.0199794077578082,0.020771510145006555,-0.0032258397846356424,0.7443609022556391,0.08764883637605565,0.42105263157894735,0.3082706766917293,,,{},2303.TW,2015-07-17,2015-07-20
0.03979333037990569,1318000,0,0.033296244861907145,0.3329624486190714,1.0,D-1 estimated accounting; fill-day constraints require ledger audit,direct,V4_DIRECT_FROZEN_LINEAR_PORTFOLIO,disabled,2015-07-17,neutral,0.0199794077578082,0.020771510145006555,-0.0032258397846356424,0.7443609022556391,0.08764883637605565,0.42105263157894735,0.3082706766917293,,,{},2376.TW,2015-07-17,2015-07-20
0.03805528574058411,565000,0,0.004212671968462807,0.04212671968462806,1.0,D-1 estimated accounting; fill-day constraints require ledger audit,direct,V4_DIRECT_FROZEN_LINEAR_PORTFOLIO,disabled,2015-07-17,neutral,0.0199794077578082,0.020771510145006555,-0.0032258397846356424,0.7443609022556391,0.08764883637605565,0.42105263157894735,0.3082706766917293,,,{},2382.TW,2015-07-17,2015-07-20
0.040580222290263805,418000,0,0.028727589498920944,0.2872758949892094,1.0,D-1 estimated accounting; fill-day constraints require ledger audit,direct,V4_DIRECT_FROZEN_LINEAR_PORTFOLIO,disabled,2015-07-17,neutral,0.0199794077578082,0.020771510145006555,-0.0032258397846356424,0.7443609022556391,0.08764883637605565,0.42105263157894735,0.3082706766917293,,,{},2412.TW,2015-07-17,2015-07-20
0.04255267761982359,2331000,0,0.027459234569819975,0.27459234569819974,1.0,D-1 estimated accounting; fill-day constraints require ledger audit,direct,V4_DIRECT_FROZEN_LINEAR_PORTFOLIO,disabled,2015-07-17,neutral,0.0199794077578082,0.020771510145006555,-0.0032258397846356424,0.7443609022556391,0.08764883637605565,0.42105263157894735,0.3082706766917293,,,{},2801.TW,2015-07-17,2015-07-20
0.04227934292741122,3893000,0,0.027171743919539117,0.27171743919539115,1.0,D-1 estimated accounting; fill-day constraints require ledger audit,direct,V4_DIRECT_FROZEN_LINEAR_PORTFOLIO,disabled,2015-07-17,neutral,0.0199794077578082,0.020771510145006555,-0.0032258397846356424,0.7443609022556391,0.08764883637605565,0.42105263157894735,0.3082706766917293,,,{},2812.TW,2015-07-17,2015-07-20
0.04177824546864213,4340000,0,0.028999492833432824,0.2899949283343282,1.0,D-1 estimated accounting; fill-day constraints require ledger audit,direct,V4_DIRECT_FROZEN_LINEAR_PORTFOLIO,disabled,2015-07-17,neutral,0.0199794077578082,0.020771510145006555,-0.0032258397846356424,0.7443609022556391,0.08764883637605565,0.42105263157894735,0.3082706766917293,,,{},2834.TW,2015-07-17,2015-07-20
0.043154508458941025,2325000,0,0.02516216816408381,0.2516216816408381,1.0,D-1 estimated accounting; fill-day constraints require ledger audit,direct,V4_DIRECT_FROZEN_LINEAR_PORTFOLIO,disabled,2015-07-17,neutral,0.0199794077578082,0.020771510145006555,-0.0032258397846356424,0.7443609022556391,0.08764883637605565,0.42105263157894735,0.3082706766917293,,,{},2880.TW,2015-07-17,2015-07-20
0.04381825573635647,2003000,0,0.008084738335968103,0.08084738335968103,1.0,D-1 estimated accounting; fill-day constraints require ledger audit,direct,V4_DIRECT_FROZEN_LINEAR_PORTFOLIO,disabled,2015-07-17,neutral,0.0199794077578082,0.020771510145006555,-0.0032258397846356424,0.7443609022556391,0.08764883637605565,0.42105263157894735,0.3082706766917293,,,{},2884.TW,2015-07-17,2015-07-20
0.042090560242341174,3212000,0,0.01703818916044233,0.17038189160442327,1.0,D-1 estimated accounting; fill-day constraints require ledger audit,direct,V4_DIRECT_FROZEN_LINEAR_PORTFOLIO,disabled,2015-07-17,neutral,0.0199794077578082,0.020771510145006555,-0.0032258397846356424,0.7443609022556391,0.08764883637605565,0.42105263157894735,0.3082706766917293,,,{},2887.TW,2015-07-17,2015-07-20
0.04208051698310305,3023000,0,0.02036240295044142,0.20362402950441422,1.0,D-1 estimated accounting; fill-day constraints require ledger audit,direct,V4_DIRECT_FROZEN_LINEAR_PORTFOLIO,disabled,2015-07-17,neutral,0.0199794077578082,0.020771510145006555,-0.0032258397846356424,0.7443609022556391,0.08764883637605565,0.42105263157894735,0.3082706766917293,,,{},2890.TW,2015-07-17,2015-07-20
0.04263442567154107,2183000,0,0.02742309149135528,0.2742309149135528,1.0,D-1 estimated accounting; fill-day constraints require ledger audit,direct,V4_DIRECT_FROZEN_LINEAR_PORTFOLIO,disabled,2015-07-17,neutral,0.0199794077578082,0.020771510145006555,-0.0032258397846356424,0.7443609022556391,0.08764883637605565,0.42105263157894735,0.3082706766917293,,,{},2892.TW,2015-07-17,2015-07-20
0.04194271530939408,887000,0,0.026229286099331513,0.2622928609933151,1.0,D-1 estimated accounting; fill-day constraints require ledger audit,direct,V4_DIRECT_FROZEN_LINEAR_PORTFOLIO,disabled,2015-07-17,neutral,0.0199794077578082,0.020771510145006555,-0.0032258397846356424,0.7443609022556391,0.08764883637605565,0.42105263157894735,0.3082706766917293,,,{},3036.TW,2015-07-17,2015-07-20
0.041652505902221186,400000,0,0.015745802155228757,0.15745802155228755,1.0,D-1 estimated accounting; fill-day constraints require ledger audit,direct,V4_DIRECT_FROZEN_LINEAR_PORTFOLIO,disabled,2015-07-17,neutral,0.0199794077578082,0.020771510145006555,-0.0032258397846356424,0.7443609022556391,0.08764883637605565,0.42105263157894735,0.3082706766917293,,,{},3045.TW,2015-07-17,2015-07-20
0.04141531674686381,1067000,0,0.01473836468269002,0.1473836468269002,1.0,D-1 estimated accounting; fill-day constraints require ledger audit,direct,V4_DIRECT_FROZEN_LINEAR_PORTFOLIO,disabled,2015-07-17,neutral,0.0199794077578082,0.020771510145006555,-0.0032258397846356424,0.7443609022556391,0.08764883637605565,0.42105263157894735,0.3082706766917293,,,{},3702.TW,2015-07-17,2015-07-20
0.04093346971798466,554000,0,0.012610900788112223,0.12610900788112223,1.0,D-1 estimated accounting; fill-day constraints require ledger audit,direct,V4_DIRECT_FROZEN_LINEAR_PORTFOLIO,disabled,2015-07-17,neutral,0.0199794077578082,0.020771510145006555,-0.0032258397846356424,0.7443609022556391,0.08764883637605565,0.42105263157894735,0.3082706766917293,,,{},5871.TW,2015-07-17,2015-07-20
0.042081077774228016,2555000,0,0.029094135942379785,0.29094135942379784,1.0,D-1 estimated accounting; fill-day constraints require ledger audit,direct,V4_DIRECT_FROZEN_LINEAR_PORTFOLIO,disabled,2015-07-17,neutral,0.0199794077578082,0.020771510145006555,-0.0032258397846356424,0.7443609022556391,0.08764883637605565,0.42105263157894735,0.3082706766917293,,,{},5880.TW,2015-07-17,2015-07-20
0.039273222102000065,177000,0,0.0070804700630514765,0.07080470063051476,1.0,D-1 estimated accounting; fill-day constraints require ledger audit,direct,V4_DIRECT_FROZEN_LINEAR_PORTFOLIO,disabled,2015-07-17,neutral,0.0199794077578082,0.020771510145006555,-0.0032258397846356424,0.7443609022556391,0.08764883637605565,0.42105263157894735,0.3082706766917293,,,{},5903.TWO,2015-07-17,2015-07-20
0.04103550821222384,2027000,0,0.023019775077712176,0.23019775077712173,1.0,D-1 estimated accounting; fill-day constraints require ledger audit,direct,V4_DIRECT_FROZEN_LINEAR_PORTFOLIO,disabled,2015-07-17,neutral,0.0199794077578082,0.020771510145006555,-0.0032258397846356424,0.7443609022556391,0.08764883637605565,0.42105263157894735,0.3082706766917293,,,{},6139.TW,2015-07-17,2015-07-20
0.040602388834003605,4263000,0,0.03095537422073289,0.3095537422073289,1.0,D-1 estimated accounting; fill-day constraints require ledger audit,direct,V4_DIRECT_FROZEN_LINEAR_PORTFOLIO,disabled,2015-07-17,neutral,0.0199794077578082,0.020771510145006555,-0.0032258397846356424,0.7443609022556391,0.08764883637605565,0.42105263157894735,0.3082706766917293,,,{},8358.TWO,2015-07-17,2015-07-20
0.04312404225024332,1059000,0,0.014887734611660606,0.14887734611660605,1.0,D-1 estimated accounting; fill-day constraints require ledger audit,direct,V4_DIRECT_FROZEN_LINEAR_PORTFOLIO,disabled,2015-07-20,risk_off,0.019044494595511875,-0.0014684064076607717,-0.019791582926516726,0.49624060150375937,0.09013467718357579,0.3007518796992481,0.21052631578947367,,,{},1101.TW,2015-07-20,2015-07-21
0.04093794042352778,1673000,0,0.025858146799915823,0.2585814679991582,1.0,D-1 estimated accounting; fill-day constraints require ledger audit,direct,V4_DIRECT_FROZEN_LINEAR_PORTFOLIO,disabled,2015-07-20,risk_off,0.019044494595511875,-0.0014684064076607717,-0.019791582926516726,0.49624060150375937,0.09013467718357579,0.3007518796992481,0.21052631578947367,,,{},2002.TW,2015-07-20,2015-07-21
0.03884380411514661,3162000,0,0.015233763716438992,0.15233763716438992,1.0,D-1 estimated accounting; fill-day constraints require ledger audit,direct,V4_DIRECT_FROZEN_LINEAR_PORTFOLIO,disabled,2015-07-20,risk_off,0.019044494595511875,-0.0014684064076607717,-0.019791582926516726,0.49624060150375937,0.09013467718357579,0.3007518796992481,0.21052631578947367,,,{},2303.TW,2015-07-20,2015-07-21
0.03665816481408908,1318000,0,0.03175761936372429,0.3175761936372429,1.0,D-1 estimated accounting; fill-day constraints require ledger audit,direct,V4_DIRECT_FROZEN_LINEAR_PORTFOLIO,disabled,2015-07-20,risk_off,0.019044494595511875,-0.0014684064076607717,-0.019791582926516726,0.49624060150375937,0.09013467718357579,0.3007518796992481,0.21052631578947367,,,{},2376.TW,2015-07-20,2015-07-21
0.038826870536889456,565000,0,0.0025354402744935155,0.025354402744935153,1.0,D-1 estimated accounting; fill-day constraints require ledger audit,direct,V4_DIRECT_FROZEN_LINEAR_PORTFOLIO,disabled,2015-07-20,risk_off,0.019044494595511875,-0.0014684064076607717,-0.019791582926516726,0.49624060150375937,0.09013467718357579,0.3007518796992481,0.21052631578947367,,,{},2382.TW,2015-07-20,2015-07-21
0.040864141885205256,418000,0,0.027345725876082673,0.2734572587608267,1.0,D-1 estimated accounting; fill-day constraints require ledger audit,direct,V4_DIRECT_FROZEN_LINEAR_PORTFOLIO,disabled,2015-07-20,risk_off,0.019044494595511875,-0.0014684064076607717,-0.019791582926516726,0.49624060150375937,0.09013467718357579,0.3007518796992481,0.21052631578947367,,,{},2412.TW,2015-07-20,2015-07-21
0.0424162238182683,2331000,0,0.02676066213700152,0.2676066213700152,1.0,D-1 estimated accounting; fill-day constraints require ledger audit,direct,V4_DIRECT_FROZEN_LINEAR_PORTFOLIO,disabled,2015-07-20,risk_off,0.019044494595511875,-0.0014684064076607717,-0.019791582926516726,0.49624060150375937,0.09013467718357579,0.3007518796992481,0.21052631578947367,,,{},2801.TW,2015-07-20,2015-07-21
0.04261996637062182,3893000,0,0.02659591039406002,0.2659591039406002,1.0,D-1 estimated accounting; fill-day constraints require ledger audit,direct,V4_DIRECT_FROZEN_LINEAR_PORTFOLIO,disabled,2015-07-20,risk_off,0.019044494595511875,-0.0014684064076607717,-0.019791582926516726,0.49624060150375937,0.09013467718357579,0.3007518796992481,0.21052631578947367,,,{},2812.TW,2015-07-20,2015-07-21
0.04198099231325464,4340000,0,0.028133148231870325,0.28133148231870325,1.0,D-1 estimated accounting; fill-day constraints require ledger audit,direct,V4_DIRECT_FROZEN_LINEAR_PORTFOLIO,disabled,2015-07-20,risk_off,0.019044494595511875,-0.0014684064076607717,-0.019791582926516726,0.49624060150375937,0.09013467718357579,0.3007518796992481,0.21052631578947367,,,{},2834.TW,2015-07-20,2015-07-21
0.04338267118068072,2325000,0,0.02535360828232775,0.2535360828232775,1.0,D-1 estimated accounting; fill-day constraints require ledger audit,direct,V4_DIRECT_FROZEN_LINEAR_PORTFOLIO,disabled,2015-07-20,risk_off,0.019044494595511875,-0.0014684064076607717,-0.019791582926516726,0.49624060150375937,0.09013467718357579,0.3007518796992481,0.21052631578947367,,,{},2880.TW,2015-07-20,2015-07-21
0.044274240778235247,2003000,0,0.008333042110116921,0.08333042110116921,1.0,D-1 estimated accounting; fill-day constraints require ledger audit,direct,V4_DIRECT_FROZEN_LINEAR_PORTFOLIO,disabled,2015-07-20,risk_off,0.019044494595511875,-0.0014684064076607717,-0.019791582926516726,0.49624060150375937,0.09013467718357579,0.3007518796992481,0.21052631578947367,,,{},2884.TW,2015-07-20,2015-07-21
0.042099470830140956,3212000,0,0.01746602790718407,0.17466027907184067,1.0,D-1 estimated accounting; fill-day constraints require ledger audit,direct,V4_DIRECT_FROZEN_LINEAR_PORTFOLIO,disabled,2015-07-20,risk_off,0.019044494595511875,-0.0014684064076607717,-0.019791582926516726,0.49624060150375937,0.09013467718357579,0.3007518796992481,0.21052631578947367,,,{},2887.TW,2015-07-20,2015-07-21
0.04210877273504094,3023000,0,0.020892642747102952,0.20892642747102952,1.0,D-1 estimated accounting; fill-day constraints require ledger audit,direct,V4_DIRECT_FROZEN_LINEAR_PORTFOLIO,disabled,2015-07-20,risk_off,0.019044494595511875,-0.0014684064076607717,-0.019791582926516726,0.49624060150375937,0.09013467718357579,0.3007518796992481,0.21052631578947367,,,{},2890.TW,2015-07-20,2015-07-21
0.042753482110567446,2183000,0,0.027215745258899006,0.27215745258899005,1.0,D-1 estimated accounting; fill-day constraints require ledger audit,direct,V4_DIRECT_FROZEN_LINEAR_PORTFOLIO,disabled,2015-07-20,risk_off,0.019044494595511875,-0.0014684064076607717,-0.019791582926516726,0.49624060150375937,0.09013467718357579,0.3007518796992481,0.21052631578947367,,,{},2892.TW,2015-07-20,2015-07-21
0.042052575867592694,887000,0,0.025625326838649123,0.2562532683864912,1.0,D-1 estimated accounting; fill-day constraints require ledger audit,direct,V4_DIRECT_FROZEN_LINEAR_PORTFOLIO,disabled,2015-07-20,risk_off,0.019044494595511875,-0.0014684064076607717,-0.019791582926516726,0.49624060150375937,0.09013467718357579,0.3007518796992481,0.21052631578947367,,,{},3036.TW,2015-07-20,2015-07-21
0.041370607480726476,400000,0,0.014365175335754658,0.14365175335754657,1.0,D-1 estimated accounting; fill-day constraints require ledger audit,direct,V4_DIRECT_FROZEN_LINEAR_PORTFOLIO,disabled,2015-07-20,risk_off,0.019044494595511875,-0.0014684064076607717,-0.019791582926516726,0.49624060150375937,0.09013467718357579,0.3007518796992481,0.21052631578947367,,,{},3045.TW,2015-07-20,2015-07-21
0.0413649543893508,1067000,0,0.01431922930251767,0.1431922930251767,1.0,D-1 estimated accounting; fill-day constraints require ledger audit,direct,V4_DIRECT_FROZEN_LINEAR_PORTFOLIO,disabled,2015-07-20,risk_off,0.019044494595511875,-0.0014684064076607717,-0.019791582926516726,0.49624060150375937,0.09013467718357579,0.3007518796992481,0.21052631578947367,,,{},3702.TW,2015-07-20,2015-07-21
0.0405793288633505,554000,0,0.01344466521954314,0.1344466521954314,1.0,D-1 estimated accounting; fill-day constraints require ledger audit,direct,V4_DIRECT_FROZEN_LINEAR_PORTFOLIO,disabled,2015-07-20,risk_off,0.019044494595511875,-0.0014684064076607717,-0.019791582926516726,0.49624060150375937,0.09013467718357579,0.3007518796992481,0.21052631578947367,,,{},5871.TW,2015-07-20,2015-07-21
0.042420103894621614,2555000,0,0.02684928382289349,0.2684928382289349,1.0,D-1 estimated accounting; fill-day constraints require ledger audit,direct,V4_DIRECT_FROZEN_LINEAR_PORTFOLIO,disabled,2015-07-20,risk_off,0.019044494595511875,-0.0014684064076607717,-0.019791582926516726,0.49624060150375937,0.09013467718357579,0.3007518796992481,0.21052631578947367,,,{},5880.TW,2015-07-20,2015-07-21
0.03904230471004268,177000,0,0.00554288262031867,0.055428826203186704,1.0,D-1 estimated accounting; fill-day constraints require ledger audit,direct,V4_DIRECT_FROZEN_LINEAR_PORTFOLIO,disabled,2015-07-20,risk_off,0.019044494595511875,-0.0014684064076607717,-0.019791582926516726,0.49624060150375937,0.09013467718357579,0.3007518796992481,0.21052631578947367,,,{},5903.TWO,2015-07-20,2015-07-21
0.04136611070349582,2027000,0,0.02160338225195345,0.21603382251953449,1.0,D-1 estimated accounting; fill-day constraints require ledger audit,direct,V4_DIRECT_FROZEN_LINEAR_PORTFOLIO,disabled,2015-07-20,risk_off,0.019044494595511875,-0.0014684064076607717,-0.019791582926516726,0.49624060150375937,0.09013467718357579,0.3007518796992481,0.21052631578947367,,,{},6139.TW,2015-07-20,2015-07-21
0.04075421495381815,4263000,0,0.029923980522201583,0.2992398052220158,1.0,D-1 estimated accounting; fill-day constraints require ledger audit,direct,V4_DIRECT_FROZEN_LINEAR_PORTFOLIO,disabled,2015-07-20,risk_off,0.019044494595511875,-0.0014684064076607717,-0.019791582926516726,0.49624060150375937,0.09013467718357579,0.3007518796992481,0.21052631578947367,,,{},8358.TWO,2015-07-20,2015-07-21
0.043072077176581104,1059000,0,0.01574580300169473,0.1574580300169473,1.0,D-1 estimated accounting; fill-day constraints require ledger audit,direct,V4_DIRECT_FROZEN_LINEAR_PORTFOLIO,disabled,2015-07-21,risk_off,0.019062711410491998,-0.004686942169610131,-0.017966764822398174,0.4253731343283582,0.08483221404448194,0.34328358208955223,0.21641791044776118,,,{},1101.TW,2015-07-21,2015-07-22
0.04138898786392662,1673000,0,0.023925096026123683,0.23925096026123682,1.0,D-1 estimated accounting; fill-day constraints require ledger audit,direct,V4_DIRECT_FROZEN_LINEAR_PORTFOLIO,disabled,2015-07-21,risk_off,0.019062711410491998,-0.004686942169610131,-0.017966764822398174,0.4253731343283582,0.08483221404448194,0.34328358208955223,0.21641791044776118,,,{},2002.TW,2015-07-21,2015-07-22
0.03927040940000992,3162000,0,0.015534962412587235,0.15534962412587233,1.0,D-1 estimated accounting; fill-day constraints require ledger audit,direct,V4_DIRECT_FROZEN_LINEAR_PORTFOLIO,disabled,2015-07-21,risk_off,0.019062711410491998,-0.004686942169610131,-0.017966764822398174,0.4253731343283582,0.08483221404448194,0.34328358208955223,0.21641791044776118,,,{},2303.TW,2015-07-21,2015-07-22
0.0359379796381743,1318000,0,0.032857207322324535,0.32857207322324533,1.0,D-1 estimated accounting; fill-day constraints require ledger audit,direct,V4_DIRECT_FROZEN_LINEAR_PORTFOLIO,disabled,2015-07-21,risk_off,0.019062711410491998,-0.004686942169610131,-0.017966764822398174,0.4253731343283582,0.08483221404448194,0.34328358208955223,0.21641791044776118,,,{},2376.TW,2015-07-21,2015-07-22
0.03846133836384158,565000,0,0.0027220547099338073,0.02722054709933807,1.0,D-1 estimated accounting; fill-day constraints require ledger audit,direct,V4_DIRECT_FROZEN_LINEAR_PORTFOLIO,disabled,2015-07-21,risk_off,0.019062711410491998,-0.004686942169610131,-0.017966764822398174,0.4253731343283582,0.08483221404448194,0.34328358208955223,0.21641791044776118,,,{},2382.TW,2015-07-21,2015-07-22
0.0410132161672684,418000,0,0.026835174967182535,0.26835174967182535,1.0,D-1 estimated accounting; fill-day constraints require ledger audit,direct,V4_DIRECT_FROZEN_LINEAR_PORTFOLIO,disabled,2015-07-21,risk_off,0.019062711410491998,-0.004686942169610131,-0.017966764822398174,0.4253731343283582,0.08483221404448194,0.34328358208955223,0.21641791044776118,,,{},2412.TW,2015-07-21,2015-07-22
0.04300671773640409,2331000,0,0.02537563105332204,0.2537563105332204,1.0,D-1 estimated accounting; fill-day constraints require ledger audit,direct,V4_DIRECT_FROZEN_LINEAR_PORTFOLIO,disabled,2015-07-21,risk_off,0.019062711410491998,-0.004686942169610131,-0.017966764822398174,0.4253731343283582,0.08483221404448194,0.34328358208955223,0.21641791044776118,,,{},2801.TW,2015-07-21,2015-07-22
0.04273046654325545,3893000,0,0.025467014413122102,0.254670144131221,1.0,D-1 estimated accounting; fill-day constraints require ledger audit,direct,V4_DIRECT_FROZEN_LINEAR_PORTFOLIO,disabled,2015-07-21,risk_off,0.019062711410491998,-0.004686942169610131,-0.017966764822398174,0.4253731343283582,0.08483221404448194,0.34328358208955223,0.21641791044776118,,,{},2812.TW,2015-07-21,2015-07-22
0.042134564664280914,4340000,0,0.027306122409433004,0.27306122409433004,1.0,D-1 estimated accounting; fill-day constraints require ledger audit,direct,V4_DIRECT_FROZEN_LINEAR_PORTFOLIO,disabled,2015-07-21,risk_off,0.019062711410491998,-0.004686942169610131,-0.017966764822398174,0.4253731343283582,0.08483221404448194,0.34328358208955223,0.21641791044776118,,,{},2834.TW,2015-07-21,2015-07-22
0.04361497015366041,2325000,0,0.024733312113006875,0.24733312113006872,1.0,D-1 estimated accounting; fill-day constraints require ledger audit,direct,V4_DIRECT_FROZEN_LINEAR_PORTFOLIO,disabled,2015-07-21,risk_off,0.019062711410491998,-0.004686942169610131,-0.017966764822398174,0.4253731343283582,0.08483221404448194,0.34328358208955223,0.21641791044776118,,,{},2880.TW,2015-07-21,2015-07-22
0.043666417848588865,2003000,0,0.007864352631135522,0.07864352631135522,1.0,D-1 estimated accounting; fill-day constraints require ledger audit,direct,V4_DIRECT_FROZEN_LINEAR_PORTFOLIO,disabled,2015-07-21,risk_off,0.019062711410491998,-0.004686942169610131,-0.017966764822398174,0.4253731343283582,0.08483221404448194,0.34328358208955223,0.21641791044776118,,,{},2884.TW,2015-07-21,2015-07-22
0.04220862152148738,3212000,0,0.025124186169343768,0.25124186169343765,1.0,D-1 estimated accounting; fill-day constraints require ledger audit,direct,V4_DIRECT_FROZEN_LINEAR_PORTFOLIO,disabled,2015-07-21,risk_off,0.019062711410491998,-0.004686942169610131,-0.017966764822398174,0.4253731343283582,0.08483221404448194,0.34328358208955223,0.21641791044776118,,,{},2887.TW,2015-07-21,2015-07-22
0.04206216175900953,3023000,0,0.02141463863741972,0.2141463863741972,1.0,D-1 estimated accounting; fill-day constraints require ledger audit,direct,V4_DIRECT_FROZEN_LINEAR_PORTFOLIO,disabled,2015-07-21,risk_off,0.019062711410491998,-0.004686942169610131,-0.017966764822398174,0.4253731343283582,0.08483221404448194,0.34328358208955223,0.21641791044776118,,,{},2890.TW,2015-07-21,2015-07-22
0.0427518236484611,2183000,0,0.026905219561064533,0.2690521956106453,1.0,D-1 estimated accounting; fill-day constraints require ledger audit,direct,V4_DIRECT_FROZEN_LINEAR_PORTFOLIO,disabled,2015-07-21,risk_off,0.019062711410491998,-0.004686942169610131,-0.017966764822398174,0.4253731343283582,0.08483221404448194,0.34328358208955223,0.21641791044776118,,,{},2892.TW,2015-07-21,2015-07-22
0.041887234443754535,887000,0,0.024599528076721645,0.24599528076721644,1.0,D-1 estimated accounting; fill-day constraints require ledger audit,direct,V4_DIRECT_FROZEN_LINEAR_PORTFOLIO,disabled,2015-07-21,risk_off,0.019062711410491998,-0.004686942169610131,-0.017966764822398174,0.4253731343283582,0.08483221404448194,0.34328358208955223,0.21641791044776118,,,{},3036.TW,2015-07-21,2015-07-22
0.04147786845857017,400000,0,0.016260389187868974,0.16260389187868973,1.0,D-1 estimated accounting; fill-day constraints require ledger audit,direct,V4_DIRECT_FROZEN_LINEAR_PORTFOLIO,disabled,2015-07-21,risk_off,0.019062711410491998,-0.004686942169610131,-0.017966764822398174,0.4253731343283582,0.08483221404448194,0.34328358208955223,0.21641791044776118,,,{},3045.TW,2015-07-21,2015-07-22
0.041472200710505946,1067000,0,0.01420697748696854,0.1420697748696854,1.0,D-1 estimated accounting; fill-day constraints require ledger audit,direct,V4_DIRECT_FROZEN_LINEAR_PORTFOLIO,disabled,2015-07-21,risk_off,0.019062711410491998,-0.004686942169610131,-0.017966764822398174,0.4253731343283582,0.08483221404448194,0.34328358208955223,0.21641791044776118,,,{},3702.TW,2015-07-21,2015-07-22
0.04045597348259012,554000,0,0.013819063099126292,0.1381906309912629,1.0,D-1 estimated accounting; fill-day constraints require ledger audit,direct,V4_DIRECT_FROZEN_LINEAR_PORTFOLIO,disabled,2015-07-21,risk_off,0.019062711410491998,-0.004686942169610131,-0.017966764822398174,0.4253731343283582,0.08483221404448194,0.34328358208955223,0.21641791044776118,,,{},5871.TW,2015-07-21,2015-07-22
0.042398413794165375,2555000,0,0.02652735978284909,0.2652735978284909,1.0,D-1 estimated accounting; fill-day constraints require ledger audit,direct,V4_DIRECT_FROZEN_LINEAR_PORTFOLIO,disabled,2015-07-21,risk_off,0.019062711410491998,-0.004686942169610131,-0.017966764822398174,0.4253731343283582,0.08483221404448194,0.34328358208955223,0.21641791044776118,,,{},5880.TW,2015-07-21,2015-07-22
0.038594788068262914,177000,0,0.005000005238289329,0.05000005238289329,1.0,D-1 estimated accounting; fill-day constraints require ledger audit,direct,V4_DIRECT_FROZEN_LINEAR_PORTFOLIO,disabled,2015-07-21,risk_off,0.019062711410491998,-0.004686942169610131,-0.017966764822398174,0.4253731343283582,0.08483221404448194,0.34328358208955223,0.21641791044776118,,,{},5903.TWO,2015-07-21,2015-07-22
0.04157782692443017,2027000,0,0.021482430099820475,0.21482430099820474,1.0,D-1 estimated accounting; fill-day constraints require ledger audit,direct,V4_DIRECT_FROZEN_LINEAR_PORTFOLIO,disabled,2015-07-21,risk_off,0.019062711410491998,-0.004686942169610131,-0.017966764822398174,0.4253731343283582,0.08483221404448194,0.34328358208955223,0.21641791044776118,,,{},6139.TW,2015-07-21,2015-07-22
0.0404205242946975,4263000,0,0.03133453419155984,0.3133453419155984,1.0,D-1 estimated accounting; fill-day constraints require ledger audit,direct,V4_DIRECT_FROZEN_LINEAR_PORTFOLIO,disabled,2015-07-21,risk_off,0.019062711410491998,-0.004686942169610131,-0.017966764822398174,0.4253731343283582,0.08483221404448194,0.34328358208955223,0.21641791044776118,,,{},8358.TWO,2015-07-21,2015-07-22
0.04287872237339256,1059000,0,0.016216801226318966,0.16216801226318966,1.0,D-1 estimated accounting; fill-day constraints require ledger audit,direct,V4_DIRECT_FROZEN_LINEAR_PORTFOLIO,disabled,2015-07-22,risk_off,0.019409286900631664,-0.01318476226732107,-0.028629996147271575,0.27611940298507465,0.08379694718180376,0.23134328358208955,0.1865671641791045,,,{},1101.TW,2015-07-22,2015-07-23
0.041225581651977525,1673000,0,0.02594816026139294,0.2594816026139294,1.0,D-1 estimated accounting; fill-day constraints require ledger audit,direct,V4_DIRECT_FROZEN_LINEAR_PORTFOLIO,disabled,2015-07-22,risk_off,0.019409286900631664,-0.01318476226732107,-0.028629996147271575,0.27611940298507465,0.08379694718180376,0.23134328358208955,0.1865671641791045,,,{},2002.TW,2015-07-22,2015-07-23
0.037643716377273956,3162000,0,0.008884404951365414,0.08884404951365414,1.0,D-1 estimated accounting; fill-day constraints require ledger audit,direct,V4_DIRECT_FROZEN_LINEAR_PORTFOLIO,disabled,2015-07-22,risk_off,0.019409286900631664,-0.01318476226732107,-0.028629996147271575,0.27611940298507465,0.08379694718180376,0.23134328358208955,0.1865671641791045,,,{},2303.TW,2015-07-22,2015-07-23
0.03466394355327766,1318000,0,0.03046628452403838,0.3046628452403838,1.0,D-1 estimated accounting; fill-day constraints require ledger audit,direct,V4_DIRECT_FROZEN_LINEAR_PORTFOLIO,disabled,2015-07-22,risk_off,0.019409286900631664,-0.01318476226732107,-0.028629996147271575,0.27611940298507465,0.08379694718180376,0.23134328358208955,0.1865671641791045,,,{},2376.TW,2015-07-22,2015-07-23
0.03904114635440975,565000,0,0.001318727467536042,0.01318727467536042,1.0,D-1 estimated accounting; fill-day constraints require ledger audit,direct,V4_DIRECT_FROZEN_LINEAR_PORTFOLIO,disabled,2015-07-22,risk_off,0.019409286900631664,-0.01318476226732107,-0.028629996147271575,0.27611940298507465,0.08379694718180376,0.23134328358208955,0.1865671641791045,,,{},2382.TW,2015-07-22,2015-07-23
0.041281215946674985,418000,0,0.02573797365508961,0.2573797365508961,1.0,D-1 estimated accounting; fill-day constraints require ledger audit,direct,V4_DIRECT_FROZEN_LINEAR_PORTFOLIO,disabled,2015-07-22,risk_off,0.019409286900631664,-0.01318476226732107,-0.028629996147271575,0.27611940298507465,0.08379694718180376,0.23134328358208955,0.1865671641791045,,,{},2412.TW,2015-07-22,2015-07-23
0.04271425187241716,2331000,0,0.026364059953524418,0.26364059953524416,1.0,D-1 estimated accounting; fill-day constraints require ledger audit,direct,V4_DIRECT_FROZEN_LINEAR_PORTFOLIO,disabled,2015-07-22,risk_off,0.019409286900631664,-0.01318476226732107,-0.028629996147271575,0.27611940298507465,0.08379694718180376,0.23134328358208955,0.1865671641791045,,,{},2801.TW,2015-07-22,2015-07-23
0.04291942597597819,3893000,0,0.025445211684190013,0.2544521168419001,1.0,D-1 estimated accounting; fill-day constraints require ledger audit,direct,V4_DIRECT_FROZEN_LINEAR_PORTFOLIO,disabled,2015-07-22,risk_off,0.019409286900631664,-0.01318476226732107,-0.028629996147271575,0.27611940298507465,0.08379694718180376,0.23134328358208955,0.1865671641791045,,,{},2812.TW,2015-07-22,2015-07-23
0.0422310356774495,4340000,0,0.02655036572669277,0.2655036572669277,1.0,D-1 estimated accounting; fill-day constraints require ledger audit,direct,V4_DIRECT_FROZEN_LINEAR_PORTFOLIO,disabled,2015-07-22,risk_off,0.019409286900631664,-0.01318476226732107,-0.028629996147271575,0.27611940298507465,0.08379694718180376,0.23134328358208955,0.1865671641791045,,,{},2834.TW,2015-07-22,2015-07-23
0.04356713854833739,2325000,0,0.02584366122400271,0.25843661224002706,1.0,D-1 estimated accounting; fill-day constraints require ledger audit,direct,V4_DIRECT_FROZEN_LINEAR_PORTFOLIO,disabled,2015-07-22,risk_off,0.019409286900631664,-0.01318476226732107,-0.028629996147271575,0.27611940298507465,0.08379694718180376,0.23134328358208955,0.1865671641791045,,,{},2880.TW,2015-07-22,2015-07-23
0.04406688977321747,2003000,0,0.008293659336698544,0.08293659336698543,1.0,D-1 estimated accounting; fill-day constraints require ledger audit,direct,V4_DIRECT_FROZEN_LINEAR_PORTFOLIO,disabled,2015-07-22,risk_off,0.019409286900631664,-0.01318476226732107,-0.028629996147271575,0.27611940298507465,0.08379694718180376,0.23134328358208955,0.1865671641791045,,,{},2884.TW,2015-07-22,2015-07-23
0.042062761343301766,3212000,0,0.02495683997581979,0.2495683997581979,1.0,D-1 estimated accounting; fill-day constraints require ledger audit,direct,V4_DIRECT_FROZEN_LINEAR_PORTFOLIO,disabled,2015-07-22,risk_off,0.019409286900631664,-0.01318476226732107,-0.028629996147271575,0.27611940298507465,0.08379694718180376,0.23134328358208955,0.1865671641791045,,,{},2887.TW,2015-07-22,2015-07-23
0.04240464055332173,3023000,0,0.021938565676861744,0.21938565676861743,1.0,D-1 estimated accounting; fill-day constraints require ledger audit,direct,V4_DIRECT_FROZEN_LINEAR_PORTFOLIO,disabled,2015-07-22,risk_off,0.019409286900631664,-0.01318476226732107,-0.028629996147271575,0.27611940298507465,0.08379694718180376,0.23134328358208955,0.1865671641791045,,,{},2890.TW,2015-07-22,2015-07-23
0.04294087752495689,2183000,0,0.026623811805715256,0.26623811805715253,1.0,D-1 estimated accounting; fill-day constraints require ledger audit,direct,V4_DIRECT_FROZEN_LINEAR_PORTFOLIO,disabled,2015-07-22,risk_off,0.019409286900631664,-0.01318476226732107,-0.028629996147271575,0.27611940298507465,0.08379694718180376,0.23134328358208955,0.1865671641791045,,,{},2892.TW,2015-07-22,2015-07-23
0.04161315861289782,887000,0,0.025020240089960084,0.25020240089960083,1.0,D-1 estimated accounting; fill-day constraints require ledger audit,direct,V4_DIRECT_FROZEN_LINEAR_PORTFOLIO,disabled,2015-07-22,risk_off,0.019409286900631664,-0.01318476226732107,-0.028629996147271575,0.27611940298507465,0.08379694718180376,0.23134328358208955,0.1865671641791045,,,{},3036.TW,2015-07-22,2015-07-23
0.0418685588401834,400000,0,0.016522631579389657,0.16522631579389657,1.0,D-1 estimated accounting; fill-day constraints require ledger audit,direct,V4_DIRECT_FROZEN_LINEAR_PORTFOLIO,disabled,2015-07-22,risk_off,0.019409286900631664,-0.01318476226732107,-0.028629996147271575,0.27611940298507465,0.08379694718180376,0.23134328358208955,0.1865671641791045,,,{},3045.TW,2015-07-22,2015-07-23
0.04165559593536473,1067000,0,0.01277623167668818,0.1277623167668818,1.0,D-1 estimated accounting; fill-day constraints require ledger audit,direct,V4_DIRECT_FROZEN_LINEAR_PORTFOLIO,disabled,2015-07-22,risk_off,0.019409286900631664,-0.01318476226732107,-0.028629996147271575,0.27611940298507465,0.08379694718180376,0.23134328358208955,0.1865671641791045,,,{},3702.TW,2015-07-22,2015-07-23
0.04080705649735575,554000,0,0.015252722339209402,0.152527223392094,1.0,D-1 estimated accounting; fill-day constraints require ledger audit,direct,V4_DIRECT_FROZEN_LINEAR_PORTFOLIO,disabled,2015-07-22,risk_off,0.019409286900631664,-0.01318476226732107,-0.028629996147271575,0.27611940298507465,0.08379694718180376,0.23134328358208955,0.1865671641791045,,,{},5871.TW,2015-07-22,2015-07-23
0.04245365048548778,2555000,0,0.026601547501415163,0.2660154750141516,1.0,D-1 estimated accounting; fill-day constraints require ledger audit,direct,V4_DIRECT_FROZEN_LINEAR_PORTFOLIO,disabled,2015-07-22,risk_off,0.019409286900631664,-0.01318476226732107,-0.028629996147271575,0.27611940298507465,0.08379694718180376,0.23134328358208955,0.1865671641791045,,,{},5880.TW,2015-07-22,2015-07-23
0.039224765403327526,177000,0,0.004517135845802416,0.04517135845802416,1.0,D-1 estimated accounting; fill-day constraints require ledger audit,direct,V4_DIRECT_FROZEN_LINEAR_PORTFOLIO,disabled,2015-07-22,risk_off,0.019409286900631664,-0.01318476226732107,-0.028629996147271575,0.27611940298507465,0.08379694718180376,0.23134328358208955,0.1865671641791045,,,{},5903.TWO,2015-07-22,2015-07-23
0.04134197377176785,2027000,0,0.02277497578457202,0.2277497578457202,1.0,D-1 estimated accounting; fill-day constraints require ledger audit,direct,V4_DIRECT_FROZEN_LINEAR_PORTFOLIO,disabled,2015-07-22,risk_off,0.019409286900631664,-0.01318476226732107,-0.028629996147271575,0.27611940298507465,0.08379694718180376,0.23134328358208955,0.1865671641791045,,,{},6139.TW,2015-07-22,2015-07-23
0.040599268875764746,4263000,0,0.03403982526113053,0.3403982526113053,1.0,D-1 estimated accounting; fill-day constraints require ledger audit,direct,V4_DIRECT_FROZEN_LINEAR_PORTFOLIO,disabled,2015-07-22,risk_off,0.019409286900631664,-0.01318476226732107,-0.028629996147271575,0.27611940298507465,0.08379694718180376,0.23134328358208955,0.1865671641791045,,,{},8358.TWO,2015-07-22,2015-07-23
0.04112094178276772,1059000,0,0.010476463766647404,0.10476463766647404,1.0,D-1 estimated accounting; fill-day constraints require ledger audit,direct,V4_DIRECT_FROZEN_LINEAR_PORTFOLIO,disabled,2015-07-23,risk_off,0.0195674970600817,-0.027424159167240225,-0.04745927373239911,0.15671641791044777,0.09209144047815858,0.22388059701492538,0.17164179104477612,,,{},1101.TW,2015-07-23,2015-07-24
0.04156187224672133,1673000,0,0.026802866795383698,0.26802866795383695,1.0,D-1 estimated accounting; fill-day constraints require ledger audit,direct,V4_DIRECT_FROZEN_LINEAR_PORTFOLIO,disabled,2015-07-23,risk_off,0.0195674970600817,-0.027424159167240225,-0.04745927373239911,0.15671641791044777,0.09209144047815858,0.22388059701492538,0.17164179104477612,,,{},2002.TW,2015-07-23,2015-07-24
0.03664180734961195,3162000,0,0.010747296368777871,0.1074729636877787,1.0,D-1 estimated accounting; fill-day constraints require ledger audit,direct,V4_DIRECT_FROZEN_LINEAR_PORTFOLIO,disabled,2015-07-23,risk_off,0.0195674970600817,-0.027424159167240225,-0.04745927373239911,0.15671641791044777,0.09209144047815858,0.22388059701492538,0.17164179104477612,,,{},2303.TW,2015-07-23,2015-07-24
0.03486899307275328,1318000,0,0.028107375945389826,0.28107375945389823,1.0,D-1 estimated accounting; fill-day constraints require ledger audit,direct,V4_DIRECT_FROZEN_LINEAR_PORTFOLIO,disabled,2015-07-23,risk_off,0.0195674970600817,-0.027424159167240225,-0.04745927373239911,0.15671641791044777,0.09209144047815858,0.22388059701492538,0.17164179104477612,,,{},2376.TW,2015-07-23,2015-07-24
0.038607303017570815,565000,0,0.0008958751925406988,0.008958751925406988,1.0,D-1 estimated accounting; fill-day constraints require ledger audit,direct,V4_DIRECT_FROZEN_LINEAR_PORTFOLIO,disabled,2015-07-23,risk_off,0.0195674970600817,-0.027424159167240225,-0.04745927373239911,0.15671641791044777,0.09209144047815858,0.22388059701492538,0.17164179104477612,,,{},2382.TW,2015-07-23,2015-07-24
0.04148731439415862,418000,0,0.023943053675830567,0.23943053675830567,1.0,D-1 estimated accounting; fill-day constraints require ledger audit,direct,V4_DIRECT_FROZEN_LINEAR_PORTFOLIO,disabled,2015-07-23,risk_off,0.0195674970600817,-0.027424159167240225,-0.04745927373239911,0.15671641791044777,0.09209144047815858,0.22388059701492538,0.17164179104477612,,,{},2412.TW,2015-07-23,2015-07-24
0.042882507435877376,2331000,0,0.02470792913410492,0.2470792913410492,1.0,D-1 estimated accounting; fill-day constraints require ledger audit,direct,V4_DIRECT_FROZEN_LINEAR_PORTFOLIO,disabled,2015-07-23,risk_off,0.0195674970600817,-0.027424159167240225,-0.04745927373239911,0.15671641791044777,0.09209144047815858,0.22388059701492538,0.17164179104477612,,,{},2801.TW,2015-07-23,2015-07-24
0.04288619636098675,3893000,0,0.025546150449416702,0.255461504494167,1.0,D-1 estimated accounting; fill-day constraints require ledger audit,direct,V4_DIRECT_FROZEN_LINEAR_PORTFOLIO,disabled,2015-07-23,risk_off,0.0195674970600817,-0.027424159167240225,-0.04745927373239911,0.15671641791044777,0.09209144047815858,0.22388059701492538,0.17164179104477612,,,{},2812.TW,2015-07-23,2015-07-24
0.04253269861779448,4340000,0,0.02610709372276251,0.2610709372276251,1.0,D-1 estimated accounting; fill-day constraints require ledger audit,direct,V4_DIRECT_FROZEN_LINEAR_PORTFOLIO,disabled,2015-07-23,risk_off,0.0195674970600817,-0.027424159167240225,-0.04745927373239911,0.15671641791044777,0.09209144047815858,0.22388059701492538,0.17164179104477612,,,{},2834.TW,2015-07-23,2015-07-24
0.04361792842828076,2325000,0,0.025552673626982676,0.25552673626982675,1.0,D-1 estimated accounting; fill-day constraints require ledger audit,direct,V4_DIRECT_FROZEN_LINEAR_PORTFOLIO,disabled,2015-07-23,risk_off,0.0195674970600817,-0.027424159167240225,-0.04745927373239911,0.15671641791044777,0.09209144047815858,0.22388059701492538,0.17164179104477612,,,{},2880.TW,2015-07-23,2015-07-24
0.04392818781265582,2003000,0,0.010452522180597845,0.10452522180597844,1.0,D-1 estimated accounting; fill-day constraints require ledger audit,direct,V4_DIRECT_FROZEN_LINEAR_PORTFOLIO,disabled,2015-07-23,risk_off,0.0195674970600817,-0.027424159167240225,-0.04745927373239911,0.15671641791044777,0.09209144047815858,0.22388059701492538,0.17164179104477612,,,{},2884.TW,2015-07-23,2015-07-24
0.04206153975062068,3212000,0,0.025069252151699518,0.25069252151699517,1.0,D-1 estimated accounting; fill-day constraints require ledger audit,direct,V4_DIRECT_FROZEN_LINEAR_PORTFOLIO,disabled,2015-07-23,risk_off,0.0195674970600817,-0.027424159167240225,-0.04745927373239911,0.15671641791044777,0.09209144047815858,0.22388059701492538,0.17164179104477612,,,{},2887.TW,2015-07-23,2015-07-24
0.042571676527893815,3023000,0,0.019943793510057733,0.19943793510057733,1.0,D-1 estimated accounting; fill-day constraints require ledger audit,direct,V4_DIRECT_FROZEN_LINEAR_PORTFOLIO,disabled,2015-07-23,risk_off,0.0195674970600817,-0.027424159167240225,-0.04745927373239911,0.15671641791044777,0.09209144047815858,0.22388059701492538,0.17164179104477612,,,{},2890.TW,2015-07-23,2015-07-24
0.043110025788749916,2183000,0,0.026347857371196676,0.26347857371196676,1.0,D-1 estimated accounting; fill-day constraints require ledger audit,direct,V4_DIRECT_FROZEN_LINEAR_PORTFOLIO,disabled,2015-07-23,risk_off,0.0195674970600817,-0.027424159167240225,-0.04745927373239911,0.15671641791044777,0.09209144047815858,0.22388059701492538,0.17164179104477612,,,{},2892.TW,2015-07-23,2015-07-24
0.041269849661126415,887000,0,0.026060046641502823,0.2606004664150282,1.0,D-1 estimated accounting; fill-day constraints require ledger audit,direct,V4_DIRECT_FROZEN_LINEAR_PORTFOLIO,disabled,2015-07-23,risk_off,0.0195674970600817,-0.027424159167240225,-0.04745927373239911,0.15671641791044777,0.09209144047815858,0.22388059701492538,0.17164179104477612,,,{},3036.TW,2015-07-23,2015-07-24
0.04224156968729649,400000,0,0.014868726813233724,0.14868726813233724,1.0,D-1 estimated accounting; fill-day constraints require ledger audit,direct,V4_DIRECT_FROZEN_LINEAR_PORTFOLIO,disabled,2015-07-23,risk_off,0.0195674970600817,-0.027424159167240225,-0.04745927373239911,0.15671641791044777,0.09209144047815858,0.22388059701492538,0.17164179104477612,,,{},3045.TW,2015-07-23,2015-07-24
0.04198607265595355,1067000,0,0.012785043049978906,0.12785043049978906,1.0,D-1 estimated accounting; fill-day constraints require ledger audit,direct,V4_DIRECT_FROZEN_LINEAR_PORTFOLIO,disabled,2015-07-23,risk_off,0.0195674970600817,-0.027424159167240225,-0.04745927373239911,0.15671641791044777,0.09209144047815858,0.22388059701492538,0.17164179104477612,,,{},3702.TW,2015-07-23,2015-07-24
0.041601619115857545,554000,0,0.010050923420978644,0.10050923420978643,1.0,D-1 estimated accounting; fill-day constraints require ledger audit,direct,V4_DIRECT_FROZEN_LINEAR_PORTFOLIO,disabled,2015-07-23,risk_off,0.0195674970600817,-0.027424159167240225,-0.04745927373239911,0.15671641791044777,0.09209144047815858,0.22388059701492538,0.17164179104477612,,,{},5871.TW,2015-07-23,2015-07-24
0.042620879514916034,2555000,0,0.026451177685818356,0.26451177685818356,1.0,D-1 estimated accounting; fill-day constraints require ledger audit,direct,V4_DIRECT_FROZEN_LINEAR_PORTFOLIO,disabled,2015-07-23,risk_off,0.0195674970600817,-0.027424159167240225,-0.04745927373239911,0.15671641791044777,0.09209144047815858,0.22388059701492538,0.17164179104477612,,,{},5880.TW,2015-07-23,2015-07-24
0.03854926739296277,177000,0,0.004030838318216182,0.04030838318216182,1.0,D-1 estimated accounting; fill-day constraints require ledger audit,direct,V4_DIRECT_FROZEN_LINEAR_PORTFOLIO,disabled,2015-07-23,risk_off,0.0195674970600817,-0.027424159167240225,-0.04745927373239911,0.15671641791044777,0.09209144047815858,0.22388059701492538,0.17164179104477612,,,{},5903.TWO,2015-07-23,2015-07-24
0.041715508184023024,2027000,0,0.022579699679194425,0.22579699679194423,1.0,D-1 estimated accounting; fill-day constraints require ledger audit,direct,V4_DIRECT_FROZEN_LINEAR_PORTFOLIO,disabled,2015-07-23,risk_off,0.0195674970600817,-0.027424159167240225,-0.04745927373239911,0.15671641791044777,0.09209144047815858,0.22388059701492538,0.17164179104477612,,,{},6139.TW,2015-07-23,2015-07-24
0.040980710671919815,4263000,0,0.03055487558796592,0.3055487558796592,1.0,D-1 estimated accounting; fill-day constraints require ledger audit,direct,V4_DIRECT_FROZEN_LINEAR_PORTFOLIO,disabled,2015-07-23,risk_off,0.0195674970600817,-0.027424159167240225,-0.04745927373239911,0.15671641791044777,0.09209144047815858,0.22388059701492538,0.17164179104477612,,,{},8358.TWO,2015-07-23,2015-07-24
0.0406292740459765,1059000,0,0.010987765057553278,0.10987765057553277,1.0,D-1 estimated accounting; fill-day constraints require ledger audit,direct,V4_DIRECT_FROZEN_LINEAR_PORTFOLIO,disabled,2015-07-24,risk_off,0.020167950623524923,-0.02971689066449401,-0.05179003112917757,0.1044776119402985,0.0874147456723988,0.16417910447761194,0.14925373134328357,,,{},1101.TW,2015-07-24,2015-07-27
0.04002199094529981,1673000,0,0.026240622828585265,0.26240622828585264,1.0,D-1 estimated accounting; fill-day constraints require ledger audit,direct,V4_DIRECT_FROZEN_LINEAR_PORTFOLIO,disabled,2015-07-24,risk_off,0.020167950623524923,-0.02971689066449401,-0.05179003112917757,0.1044776119402985,0.0874147456723988,0.16417910447761194,0.14925373134328357,,,{},2002.TW,2015-07-24,2015-07-27
0.037239107213860305,3162000,0,0.008888435948631574,0.08888435948631573,1.0,D-1 estimated accounting; fill-day constraints require ledger audit,direct,V4_DIRECT_FROZEN_LINEAR_PORTFOLIO,disabled,2015-07-24,risk_off,0.020167950623524923,-0.02971689066449401,-0.05179003112917757,0.1044776119402985,0.0874147456723988,0.16417910447761194,0.14925373134328357,,,{},2303.TW,2015-07-24,2015-07-27
0.03434870954666117,1318000,0,0.02802367387594761,0.2802367387594761,1.0,D-1 estimated accounting; fill-day constraints require ledger audit,direct,V4_DIRECT_FROZEN_LINEAR_PORTFOLIO,disabled,2015-07-24,risk_off,0.020167950623524923,-0.02971689066449401,-0.05179003112917757,0.1044776119402985,0.0874147456723988,0.16417910447761194,0.14925373134328357,,,{},2376.TW,2015-07-24,2015-07-27
0.03830330500300032,565000,0,0.0009069593065619431,0.00906959306561943,1.0,D-1 estimated accounting; fill-day constraints require ledger audit,direct,V4_DIRECT_FROZEN_LINEAR_PORTFOLIO,disabled,2015-07-24,risk_off,0.020167950623524923,-0.02971689066449401,-0.05179003112917757,0.1044776119402985,0.0874147456723988,0.16417910447761194,0.14925373134328357,,,{},2382.TW,2015-07-24,2015-07-27
0.041647517247600165,418000,0,0.023482014222972247,0.23482014222972247,1.0,D-1 estimated accounting; fill-day constraints require ledger audit,direct,V4_DIRECT_FROZEN_LINEAR_PORTFOLIO,disabled,2015-07-24,risk_off,0.020167950623524923,-0.02971689066449401,-0.05179003112917757,0.1044776119402985,0.0874147456723988,0.16417910447761194,0.14925373134328357,,,{},2412.TW,2015-07-24,2015-07-27
0.042881543809993636,2331000,0,0.02381393720908278,0.23813937209082778,1.0,D-1 estimated accounting; fill-day constraints require ledger audit,direct,V4_DIRECT_FROZEN_LINEAR_PORTFOLIO,disabled,2015-07-24,risk_off,0.020167950623524923,-0.02971689066449401,-0.05179003112917757,0.1044776119402985,0.0874147456723988,0.16417910447761194,0.14925373134328357,,,{},2801.TW,2015-07-24,2015-07-27
0.043006720563404106,3893000,0,0.024713789386711094,0.2471378938671109,1.0,D-1 estimated accounting; fill-day constraints require ledger audit,direct,V4_DIRECT_FROZEN_LINEAR_PORTFOLIO,disabled,2015-07-24,risk_off,0.020167950623524923,-0.02971689066449401,-0.05179003112917757,0.1044776119402985,0.0874147456723988,0.16417910447761194,0.14925373134328357,,,{},2812.TW,2015-07-24,2015-07-27
0.042335616857003176,4340000,0,0.02607134906260022,0.2607134906260022,1.0,D-1 estimated accounting; fill-day constraints require ledger audit,direct,V4_DIRECT_FROZEN_LINEAR_PORTFOLIO,disabled,2015-07-24,risk_off,0.020167950623524923,-0.02971689066449401,-0.05179003112917757,0.1044776119402985,0.0874147456723988,0.16417910447761194,0.14925373134328357,,,{},2834.TW,2015-07-24,2015-07-27
0.043740509036518105,2325000,0,0.02524755355607618,0.2524755355607618,1.0,D-1 estimated accounting; fill-day constraints require ledger audit,direct,V4_DIRECT_FROZEN_LINEAR_PORTFOLIO,disabled,2015-07-24,risk_off,0.020167950623524923,-0.02971689066449401,-0.05179003112917757,0.1044776119402985,0.0874147456723988,0.16417910447761194,0.14925373134328357,,,{},2880.TW,2015-07-24,2015-07-27
0.043842864804291205,2003000,0,0.009399403748355378,0.09399403748355377,1.0,D-1 estimated accounting; fill-day constraints require ledger audit,direct,V4_DIRECT_FROZEN_LINEAR_PORTFOLIO,disabled,2015-07-24,risk_off,0.020167950623524923,-0.02971689066449401,-0.05179003112917757,0.1044776119402985,0.0874147456723988,0.16417910447761194,0.14925373134328357,,,{},2884.TW,2015-07-24,2015-07-27
0.042347126344965035,3212000,0,0.023204362731365558,0.23204362731365558,1.0,D-1 estimated accounting; fill-day constraints require ledger audit,direct,V4_DIRECT_FROZEN_LINEAR_PORTFOLIO,disabled,2015-07-24,risk_off,0.020167950623524923,-0.02971689066449401,-0.05179003112917757,0.1044776119402985,0.0874147456723988,0.16417910447761194,0.14925373134328357,,,{},2887.TW,2015-07-24,2015-07-27
0.0423762517581415,3023000,0,0.020409684464269818,0.20409684464269817,1.0,D-1 estimated accounting; fill-day constraints require ledger audit,direct,V4_DIRECT_FROZEN_LINEAR_PORTFOLIO,disabled,2015-07-24,risk_off,0.020167950623524923,-0.02971689066449401,-0.05179003112917757,0.1044776119402985,0.0874147456723988,0.16417910447761194,0.14925373134328357,,,{},2890.TW,2015-07-24,2015-07-27
0.04300364650369496,2183000,0,0.026477067218788265,0.26477067218788264,1.0,D-1 estimated accounting; fill-day constraints require ledger audit,direct,V4_DIRECT_FROZEN_LINEAR_PORTFOLIO,disabled,2015-07-24,risk_off,0.020167950623524923,-0.02971689066449401,-0.05179003112917757,0.1044776119402985,0.0874147456723988,0.16417910447761194,0.14925373134328357,,,{},2892.TW,2015-07-24,2015-07-27
0.04110838448759398,887000,0,0.02795459677582697,0.2795459677582697,1.0,D-1 estimated accounting; fill-day constraints require ledger audit,direct,V4_DIRECT_FROZEN_LINEAR_PORTFOLIO,disabled,2015-07-24,risk_off,0.020167950623524923,-0.02971689066449401,-0.05179003112917757,0.1044776119402985,0.0874147456723988,0.16417910447761194,0.14925373134328357,,,{},3036.TW,2015-07-24,2015-07-27
0.04319496764355896,400000,0,0.012868592248867711,0.1286859224886771,1.0,D-1 estimated accounting; fill-day constraints require ledger audit,direct,V4_DIRECT_FROZEN_LINEAR_PORTFOLIO,disabled,2015-07-24,risk_off,0.020167950623524923,-0.02971689066449401,-0.05179003112917757,0.1044776119402985,0.0874147456723988,0.16417910447761194,0.14925373134328357,,,{},3045.TW,2015-07-24,2015-07-27
0.04193720829815676,1067000,0,0.014011096476619035,0.14011096476619034,1.0,D-1 estimated accounting; fill-day constraints require ledger audit,direct,V4_DIRECT_FROZEN_LINEAR_PORTFOLIO,disabled,2015-07-24,risk_off,0.020167950623524923,-0.02971689066449401,-0.05179003112917757,0.1044776119402985,0.0874147456723988,0.16417910447761194,0.14925373134328357,,,{},3702.TW,2015-07-24,2015-07-27
0.04171853323715208,554000,0,0.010787703026117361,0.1078770302611736,1.0,D-1 estimated accounting; fill-day constraints require ledger audit,direct,V4_DIRECT_FROZEN_LINEAR_PORTFOLIO,disabled,2015-07-24,risk_off,0.020167950623524923,-0.02971689066449401,-0.05179003112917757,0.1044776119402985,0.0874147456723988,0.16417910447761194,0.14925373134328357,,,{},5871.TW,2015-07-24,2015-07-27
0.04274065809044237,2555000,0,0.02542933762998162,0.2542933762998162,1.0,D-1 estimated accounting; fill-day constraints require ledger audit,direct,V4_DIRECT_FROZEN_LINEAR_PORTFOLIO,disabled,2015-07-24,risk_off,0.020167950623524923,-0.02971689066449401,-0.05179003112917757,0.1044776119402985,0.0874147456723988,0.16417910447761194,0.14925373134328357,,,{},5880.TW,2015-07-24,2015-07-27
0.038657603410155866,177000,0,0.004849175831897261,0.04849175831897261,1.0,D-1 estimated accounting; fill-day constraints require ledger audit,direct,V4_DIRECT_FROZEN_LINEAR_PORTFOLIO,disabled,2015-07-24,risk_off,0.020167950623524923,-0.02971689066449401,-0.05179003112917757,0.1044776119402985,0.0874147456723988,0.16417910447761194,0.14925373134328357,,,{},5903.TWO,2015-07-24,2015-07-27
0.04183274237075281,2027000,0,0.022569378701335296,0.22569378701335294,1.0,D-1 estimated accounting; fill-day constraints require ledger audit,direct,V4_DIRECT_FROZEN_LINEAR_PORTFOLIO,disabled,2015-07-24,risk_off,0.020167950623524923,-0.02971689066449401,-0.05179003112917757,0.1044776119402985,0.0874147456723988,0.16417910447761194,0.14925373134328357,,,{},6139.TW,2015-07-24,2015-07-27
0.04167344355457084,4263000,0,0.0281213297424417,0.281213297424417,1.0,D-1 estimated accounting; fill-day constraints require ledger audit,direct,V4_DIRECT_FROZEN_LINEAR_PORTFOLIO,disabled,2015-07-24,risk_off,0.020167950623524923,-0.02971689066449401,-0.05179003112917757,0.1044776119402985,0.0874147456723988,0.16417910447761194,0.14925373134328357,,,{},8358.TWO,2015-07-24,2015-07-27
0.04030932227213649,1059000,0,0.009974660383188753,0.09974660383188752,1.0,D-1 estimated accounting; fill-day constraints require ledger audit,direct,V4_DIRECT_FROZEN_LINEAR_PORTFOLIO,disabled,2015-07-27,risk_off,0.021677517723850615,-0.053568196769280874,-0.06701267164571373,0.07462686567164178,0.09499281923815457,0.08208955223880597,0.08208955223880597,,,{},1101.TW,2015-07-27,2015-07-28
0.04014704718339215,1673000,0,0.02456126221851476,0.24561262218514757,1.0,D-1 estimated accounting; fill-day constraints require ledger audit,direct,V4_DIRECT_FROZEN_LINEAR_PORTFOLIO,disabled,2015-07-27,risk_off,0.021677517723850615,-0.053568196769280874,-0.06701267164571373,0.07462686567164178,0.09499281923815457,0.08208955223880597,0.08208955223880597,,,{},2002.TW,2015-07-27,2015-07-28
0.03709843143281714,3162000,0,0.009746932275297281,0.0974693227529728,1.0,D-1 estimated accounting; fill-day constraints require ledger audit,direct,V4_DIRECT_FROZEN_LINEAR_PORTFOLIO,disabled,2015-07-27,risk_off,0.021677517723850615,-0.053568196769280874,-0.06701267164571373,0.07462686567164178,0.09499281923815457,0.08208955223880597,0.08208955223880597,,,{},2303.TW,2015-07-27,2015-07-28
0.034417484216101815,1318000,0,0.02483278128513764,0.2483278128513764,1.0,D-1 estimated accounting; fill-day constraints require ledger audit,direct,V4_DIRECT_FROZEN_LINEAR_PORTFOLIO,disabled,2015-07-27,risk_off,0.021677517723850615,-0.053568196769280874,-0.06701267164571373,0.07462686567164178,0.09499281923815457,0.08208955223880597,0.08208955223880597,,,{},2376.TW,2015-07-27,2015-07-28
0.037889938614289444,565000,0,0.004535128061894575,0.04535128061894575,1.0,D-1 estimated accounting; fill-day constraints require ledger audit,direct,V4_DIRECT_FROZEN_LINEAR_PORTFOLIO,disabled,2015-07-27,risk_off,0.021677517723850615,-0.053568196769280874,-0.06701267164571373,0.07462686567164178,0.09499281923815457,0.08208955223880597,0.08208955223880597,,,{},2382.TW,2015-07-27,2015-07-28
0.04245889915592668,418000,0,0.023923014142286793,0.23923014142286791,1.0,D-1 estimated accounting; fill-day constraints require ledger audit,direct,V4_DIRECT_FROZEN_LINEAR_PORTFOLIO,disabled,2015-07-27,risk_off,0.021677517723850615,-0.053568196769280874,-0.06701267164571373,0.07462686567164178,0.09499281923815457,0.08208955223880597,0.08208955223880597,,,{},2412.TW,2015-07-27,2015-07-28
0.04299647832080474,2331000,0,0.02206653388100147,0.22066533881001468,1.0,D-1 estimated accounting; fill-day constraints require ledger audit,direct,V4_DIRECT_FROZEN_LINEAR_PORTFOLIO,disabled,2015-07-27,risk_off,0.021677517723850615,-0.053568196769280874,-0.06701267164571373,0.07462686567164178,0.09499281923815457,0.08208955223880597,0.08208955223880597,,,{},2801.TW,2015-07-27,2015-07-28
0.04341048851953867,3893000,0,0.02397701020120612,0.2397701020120612,1.0,D-1 estimated accounting; fill-day constraints require ledger audit,direct,V4_DIRECT_FROZEN_LINEAR_PORTFOLIO,disabled,2015-07-27,risk_off,0.021677517723850615,-0.053568196769280874,-0.06701267164571373,0.07462686567164178,0.09499281923815457,0.08208955223880597,0.08208955223880597,,,{},2812.TW,2015-07-27,2015-07-28
0.04256863960018075,4340000,0,0.025592573875999697,0.25592573875999697,1.0,D-1 estimated accounting; fill-day constraints require ledger audit,direct,V4_DIRECT_FROZEN_LINEAR_PORTFOLIO,disabled,2015-07-27,risk_off,0.021677517723850615,-0.053568196769280874,-0.06701267164571373,0.07462686567164178,0.09499281923815457,0.08208955223880597,0.08208955223880597,,,{},2834.TW,2015-07-27,2015-07-28
0.04350023916696044,2325000,0,0.022767618257510426,0.22767618257510425,1.0,D-1 estimated accounting; fill-day constraints require ledger audit,direct,V4_DIRECT_FROZEN_LINEAR_PORTFOLIO,disabled,2015-07-27,risk_off,0.021677517723850615,-0.053568196769280874,-0.06701267164571373,0.07462686567164178,0.09499281923815457,0.08208955223880597,0.08208955223880597,,,{},2880.TW,2015-07-27,2015-07-28
0.04382901663428942,2003000,0,0.007662954294772684,0.07662954294772684,1.0,D-1 estimated accounting; fill-day constraints require ledger audit,direct,V4_DIRECT_FROZEN_LINEAR_PORTFOLIO,disabled,2015-07-27,risk_off,0.021677517723850615,-0.053568196769280874,-0.06701267164571373,0.07462686567164178,0.09499281923815457,0.08208955223880597,0.08208955223880597,,,{},2884.TW,2015-07-27,2015-07-28
0.042268274804690864,3212000,0,0.02327145024280528,0.23271450242805278,1.0,D-1 estimated accounting; fill-day constraints require ledger audit,direct,V4_DIRECT_FROZEN_LINEAR_PORTFOLIO,disabled,2015-07-27,risk_off,0.021677517723850615,-0.053568196769280874,-0.06701267164571373,0.07462686567164178,0.09499281923815457,0.08208955223880597,0.08208955223880597,,,{},2887.TW,2015-07-27,2015-07-28
0.04233776088144072,3023000,0,0.01976472151702769,0.1976472151702769,1.0,D-1 estimated accounting; fill-day constraints require ledger audit,direct,V4_DIRECT_FROZEN_LINEAR_PORTFOLIO,disabled,2015-07-27,risk_off,0.021677517723850615,-0.053568196769280874,-0.06701267164571373,0.07462686567164178,0.09499281923815457,0.08208955223880597,0.08208955223880597,,,{},2890.TW,2015-07-27,2015-07-28
0.043151593437382084,2183000,0,0.025553016321935174,0.25553016321935174,1.0,D-1 estimated accounting; fill-day constraints require ledger audit,direct,V4_DIRECT_FROZEN_LINEAR_PORTFOLIO,disabled,2015-07-27,risk_off,0.021677517723850615,-0.053568196769280874,-0.06701267164571373,0.07462686567164178,0.09499281923815457,0.08208955223880597,0.08208955223880597,,,{},2892.TW,2015-07-27,2015-07-28
0.04079995209922577,887000,0,0.025545004530442644,0.25545004530442644,1.0,D-1 estimated accounting; fill-day constraints require ledger audit,direct,V4_DIRECT_FROZEN_LINEAR_PORTFOLIO,disabled,2015-07-27,risk_off,0.021677517723850615,-0.053568196769280874,-0.06701267164571373,0.07462686567164178,0.09499281923815457,0.08208955223880597,0.08208955223880597,,,{},3036.TW,2015-07-27,2015-07-28
0.04338388301410631,400000,0,0.014301674699232634,0.14301674699232633,1.0,D-1 estimated accounting; fill-day constraints require ledger audit,direct,V4_DIRECT_FROZEN_LINEAR_PORTFOLIO,disabled,2015-07-27,risk_off,0.021677517723850615,-0.053568196769280874,-0.06701267164571373,0.07462686567164178,0.09499281923815457,0.08208955223880597,0.08208955223880597,,,{},3045.TW,2015-07-27,2015-07-28
0.04140339772392793,1067000,0,0.011621345392894273,0.11621345392894272,1.0,D-1 estimated accounting; fill-day constraints require ledger audit,direct,V4_DIRECT_FROZEN_LINEAR_PORTFOLIO,disabled,2015-07-27,risk_off,0.021677517723850615,-0.053568196769280874,-0.06701267164571373,0.07462686567164178,0.09499281923815457,0.08208955223880597,0.08208955223880597,,,{},3702.TW,2015-07-27,2015-07-28
0.04131356781482166,554000,0,0.007296710075279334,0.07296710075279333,1.0,D-1 estimated accounting; fill-day constraints require ledger audit,direct,V4_DIRECT_FROZEN_LINEAR_PORTFOLIO,disabled,2015-07-27,risk_off,0.021677517723850615,-0.053568196769280874,-0.06701267164571373,0.07462686567164178,0.09499281923815457,0.08208955223880597,0.08208955223880597,,,{},5871.TW,2015-07-27,2015-07-28
0.04280625027799145,2555000,0,0.02488125766492474,0.24881257664924739,1.0,D-1 estimated accounting; fill-day constraints require ledger audit,direct,V4_DIRECT_FROZEN_LINEAR_PORTFOLIO,disabled,2015-07-27,risk_off,0.021677517723850615,-0.053568196769280874,-0.06701267164571373,0.07462686567164178,0.09499281923815457,0.08208955223880597,0.08208955223880597,,,{},5880.TW,2015-07-27,2015-07-28
0.03798616229927916,177000,0,0.005266390418712193,0.05266390418712192,1.0,D-1 estimated accounting; fill-day constraints require ledger audit,direct,V4_DIRECT_FROZEN_LINEAR_PORTFOLIO,disabled,2015-07-27,risk_off,0.021677517723850615,-0.053568196769280874,-0.06701267164571373,0.07462686567164178,0.09499281923815457,0.08208955223880597,0.08208955223880597,,,{},5903.TWO,2015-07-27,2015-07-28
0.041032849348864545,2027000,0,0.02396488717023662,0.23964887170236618,1.0,D-1 estimated accounting; fill-day constraints require ledger audit,direct,V4_DIRECT_FROZEN_LINEAR_PORTFOLIO,disabled,2015-07-27,risk_off,0.021677517723850615,-0.053568196769280874,-0.06701267164571373,0.07462686567164178,0.09499281923815457,0.08208955223880597,0.08208955223880597,,,{},6139.TW,2015-07-27,2015-07-28
0.04217393754779237,4263000,0,0.02471820432138472,0.2471820432138472,1.0,D-1 estimated accounting; fill-day constraints require ledger audit,direct,V4_DIRECT_FROZEN_LINEAR_PORTFOLIO,disabled,2015-07-27,risk_off,0.021677517723850615,-0.053568196769280874,-0.06701267164571373,0.07462686567164178,0.09499281923815457,0.08208955223880597,0.08208955223880597,,,{},8358.TWO,2015-07-27,2015-07-28
