target_weight,target_shares,order_shares,expected_return,score,confidence,reason,family,model_ensemble_id,regime,observed_date,prior_regime,market_volatility,median_R5,median_R20,breadth,dispersion,above_EMA20,above_EMA50,model_train_end,latest_label_end,expert_weights,symbol,signal_date,decision_date
0.041263125,932000,932000,0.03879310344827587,0.9574761764416937,1.0,D-1 estimated accounting; fill-day constraints require ledger audit,momentum,V4_MOMENTUM_full,disabled,2011-12-30,neutral,0.024812478276740352,-0.0054645076834988204,-0.009900990099010243,0.3418803418803419,0.0681593120131602,0.6837606837606838,0.4444444444444444,,,{},1216.TW,2011-12-30,2012-01-02
0.041283675,1174000,1174000,0.04137931034482759,1.0102465861086551,1.0,D-1 estimated accounting; fill-day constraints require ledger audit,momentum,V4_MOMENTUM_full,disabled,2011-12-30,neutral,0.024812478276740352,-0.0054645076834988204,-0.009900990099010243,0.3418803418803419,0.0681593120131602,0.6837606837606838,0.4444444444444444,,,{},1402.TW,2011-12-30,2012-01-02
0.041256,286000,286000,0.03362068965517241,0.8680076628352491,1.0,D-1 estimated accounting; fill-day constraints require ledger audit,momentum,V4_MOMENTUM_full,disabled,2011-12-30,neutral,0.024812478276740352,-0.0054645076834988204,-0.009900990099010243,0.3418803418803419,0.0681593120131602,0.6837606837606838,0.4444444444444444,,,{},2059.TW,2011-12-30,2012-01-02
0.04131215,1211000,1211000,0.036206896551724134,0.8871451026623439,1.0,D-1 estimated accounting; fill-day constraints require ledger audit,momentum,V4_MOMENTUM_full,disabled,2011-12-30,neutral,0.024812478276740352,-0.0054645076834988204,-0.009900990099010243,0.3418803418803419,0.0681593120131602,0.6837606837606838,0.4444444444444444,,,{},2301.TW,2011-12-30,2012-01-02
0.04122,572000,572000,0.04310344827586207,1.0266283524904214,1.0,D-1 estimated accounting; fill-day constraints require ledger audit,momentum,V4_MOMENTUM_full,disabled,2011-12-30,neutral,0.024812478276740352,-0.0054645076834988204,-0.009900990099010243,0.3418803418803419,0.0681593120131602,0.6837606837606838,0.4444444444444444,,,{},2308.TW,2011-12-30,2012-01-02
0.0412683,1366000,1366000,0.043965517241379315,1.028234600648394,1.0,D-1 estimated accounting; fill-day constraints require ledger audit,momentum,V4_MOMENTUM_full,disabled,2011-12-30,neutral,0.024812478276740352,-0.0054645076834988204,-0.009900990099010243,0.3418803418803419,0.0681593120131602,0.6837606837606838,0.4444444444444444,,,{},2324.TW,2011-12-30,2012-01-02
0.04126494999999999,564000,564000,0.03793103448275862,0.9422241870517732,1.0,D-1 estimated accounting; fill-day constraints require ledger audit,momentum,V4_MOMENTUM_full,disabled,2011-12-30,neutral,0.024812478276740352,-0.0054645076834988204,-0.009900990099010243,0.3418803418803419,0.0681593120131602,0.6837606837606838,0.4444444444444444,,,{},2347.TW,2011-12-30,2012-01-02
0.04124575,647000,647000,0.03448275862068966,0.880273111307594,1.0,D-1 estimated accounting; fill-day constraints require ledger audit,momentum,V4_MOMENTUM_full,disabled,2011-12-30,neutral,0.024812478276740352,-0.0054645076834988204,-0.009900990099010243,0.3418803418803419,0.0681593120131602,0.6837606837606838,0.4444444444444444,,,{},2382.TW,2011-12-30,2012-01-02
0.04127149999999999,492000,492000,0.032758620689655175,0.8656105707829844,1.0,D-1 estimated accounting; fill-day constraints require ledger audit,momentum,V4_MOMENTUM_full,disabled,2011-12-30,neutral,0.024812478276740352,-0.0054645076834988204,-0.009900990099010243,0.3418803418803419,0.0681593120131602,0.6837606837606838,0.4444444444444444,,,{},2395.TW,2011-12-30,2012-01-02
0.04130395,4089000,4089000,0.0353448275862069,0.883072993417821,1.0,D-1 estimated accounting; fill-day constraints require ledger audit,momentum,V4_MOMENTUM_full,disabled,2011-12-30,neutral,0.024812478276740352,-0.0054645076834988204,-0.009900990099010243,0.3418803418803419,0.0681593120131602,0.6837606837606838,0.4444444444444444,,,{},2449.TW,2011-12-30,2012-01-02
0.04130235,2699000,2699000,0.04482758620689656,1.0358384910109049,1.0,D-1 estimated accounting; fill-day constraints require ledger audit,momentum,V4_MOMENTUM_full,disabled,2011-12-30,neutral,0.024812478276740352,-0.0054645076834988204,-0.009900990099010243,0.3418803418803419,0.0681593120131602,0.6837606837606838,0.4444444444444444,,,{},2603.TW,2011-12-30,2012-01-02
0.04130335,3413000,3413000,0.04827586206896552,1.0911680911680912,1.0,D-1 estimated accounting; fill-day constraints require ledger audit,momentum,V4_MOMENTUM_full,disabled,2011-12-30,neutral,0.024812478276740352,-0.0054645076834988204,-0.009900990099010243,0.3418803418803419,0.0681593120131602,0.6837606837606838,0.4444444444444444,,,{},2609.TW,2011-12-30,2012-01-02
0.041305675,2819000,2819000,0.046551724137931044,1.052318498870223,1.0,D-1 estimated accounting; fill-day constraints require ledger audit,momentum,V4_MOMENTUM_full,disabled,2011-12-30,neutral,0.024812478276740352,-0.0054645076834988204,-0.009900990099010243,0.3418803418803419,0.0681593120131602,0.6837606837606838,0.4444444444444444,,,{},2615.TW,2011-12-30,2012-01-02
0.04125165,543000,543000,0.03189655172413793,0.8397730621868553,1.0,D-1 estimated accounting; fill-day constraints require ledger audit,momentum,V4_MOMENTUM_full,disabled,2011-12-30,neutral,0.024812478276740352,-0.0054645076834988204,-0.009900990099010243,0.3418803418803419,0.0681593120131602,0.6837606837606838,0.4444444444444444,,,{},3034.TW,2011-12-30,2012-01-02
0.04117575,356000,356000,0.04741379310344828,1.0891492288044011,1.0,D-1 estimated accounting; fill-day constraints require ledger audit,momentum,V4_MOMENTUM_full,disabled,2011-12-30,neutral,0.024812478276740352,-0.0054645076834988204,-0.009900990099010243,0.3418803418803419,0.0681593120131602,0.6837606837606838,0.4444444444444444,,,{},3211.TWO,2011-12-30,2012-01-02
0.04129455,1294000,1294000,0.04224137931034483,1.0244719520581589,1.0,D-1 estimated accounting; fill-day constraints require ledger audit,momentum,V4_MOMENTUM_full,disabled,2011-12-30,neutral,0.024812478276740352,-0.0054645076834988204,-0.009900990099010243,0.3418803418803419,0.0681593120131602,0.6837606837606838,0.4444444444444444,,,{},3260.TWO,2011-12-30,2012-01-02
0.0411075,202000,202000,0.05,1.1920473523921797,1.0,D-1 estimated accounting; fill-day constraints require ledger audit,momentum,V4_MOMENTUM_full,disabled,2011-12-30,neutral,0.024812478276740352,-0.0054645076834988204,-0.009900990099010243,0.3418803418803419,0.0681593120131602,0.6837606837606838,0.4444444444444444,,,{},3293.TWO,2011-12-30,2012-01-02
0.041304375,1573000,1573000,0.04913793103448277,1.116195107574418,1.0,D-1 estimated accounting; fill-day constraints require ledger audit,momentum,V4_MOMENTUM_full,disabled,2011-12-30,neutral,0.024812478276740352,-0.0054645076834988204,-0.009900990099010243,0.3418803418803419,0.0681593120131602,0.6837606837606838,0.4444444444444444,,,{},3363.TWO,2011-12-30,2012-01-02
0.04128215,1371000,1371000,0.039655172413793106,0.9583898221829255,1.0,D-1 estimated accounting; fill-day constraints require ledger audit,momentum,V4_MOMENTUM_full,disabled,2011-12-30,neutral,0.024812478276740352,-0.0054645076834988204,-0.009900990099010243,0.3418803418803419,0.0681593120131602,0.6837606837606838,0.4444444444444444,,,{},4123.TWO,2011-12-30,2012-01-02
0.0412643,885000,885000,0.037068965517241384,0.939994105511347,1.0,D-1 estimated accounting; fill-day constraints require ledger audit,momentum,V4_MOMENTUM_full,disabled,2011-12-30,neutral,0.024812478276740352,-0.0054645076834988204,-0.009900990099010243,0.3418803418803419,0.0681593120131602,0.6837606837606838,0.4444444444444444,,,{},5483.TWO,2011-12-30,2012-01-02
0.0411525,232000,232000,0.04051724137931034,0.9866538952745849,1.0,D-1 estimated accounting; fill-day constraints require ledger audit,momentum,V4_MOMENTUM_full,disabled,2011-12-30,neutral,0.024812478276740352,-0.0054645076834988204,-0.009900990099010243,0.3418803418803419,0.0681593120131602,0.6837606837606838,0.4444444444444444,,,{},6121.TWO,2011-12-30,2012-01-02
0.0413007,2908000,2908000,0.045689655172413794,1.046659789763238,1.0,D-1 estimated accounting; fill-day constraints require ledger audit,momentum,V4_MOMENTUM_full,disabled,2011-12-30,neutral,0.024812478276740352,-0.0054645076834988204,-0.009900990099010243,0.3418803418803419,0.0681593120131602,0.6837606837606838,0.4444444444444444,,,{},6187.TWO,2011-12-30,2012-01-02
0.04060013218114446,932000,0,0.012931034482758619,0.6960556046762943,1.0,D-1 estimated accounting; fill-day constraints require ledger audit,momentum,V4_MOMENTUM_full,disabled,2012-01-02,neutral,0.025387286990845782,-0.01143792082047368,-0.01374206390859456,0.3076923076923077,0.0730459769375541,0.5299145299145299,0.37606837606837606,,,{},1216.TW,2012-01-02,2012-01-03
0.04098011818690895,1174000,0,0.04310344827586207,1.0089792710482366,1.0,D-1 estimated accounting; fill-day constraints require ledger audit,momentum,V4_MOMENTUM_full,disabled,2012-01-02,neutral,0.025387286990845782,-0.01143792082047368,-0.01374206390859456,0.3076923076923077,0.0730459769375541,0.5299145299145299,0.37606837606837606,,,{},1402.TW,2012-01-02,2012-01-03
0.04105161065848835,286000,0,0.028448275862068963,0.8322674133018961,1.0,D-1 estimated accounting; fill-day constraints require ledger audit,momentum,V4_MOMENTUM_full,disabled,2012-01-02,neutral,0.025387286990845782,-0.01143792082047368,-0.01374206390859456,0.3076923076923077,0.0730459769375541,0.5299145299145299,0.37606837606837606,,,{},2059.TW,2012-01-02,2012-01-03
0.04129655532904731,1211000,0,0.04137931034482759,0.9859269083407014,1.0,D-1 estimated accounting; fill-day constraints require ledger audit,momentum,V4_MOMENTUM_full,disabled,2012-01-02,neutral,0.025387286990845782,-0.01143792082047368,-0.01374206390859456,0.3076923076923077,0.0730459769375541,0.5299145299145299,0.37606837606837606,,,{},2301.TW,2012-01-02,2012-01-03
0.04115970405785242,572000,0,0.046551724137931044,1.0407161803713527,1.0,D-1 estimated accounting; fill-day constraints require ledger audit,momentum,V4_MOMENTUM_full,disabled,2012-01-02,neutral,0.025387286990845782,-0.01143792082047368,-0.01374206390859456,0.3076923076923077,0.0730459769375541,0.5299145299145299,0.37606837606837606,,,{},2308.TW,2012-01-02,2012-01-03
0.0412212921574901,1366000,0,0.04482758620689656,1.0329698398663916,1.0,D-1 estimated accounting; fill-day constraints require ledger audit,momentum,V4_MOMENTUM_full,disabled,2012-01-02,neutral,0.025387286990845782,-0.01143792082047368,-0.01374206390859456,0.3076923076923077,0.0730459769375541,0.5299145299145299,0.37606837606837606,,,{},2324.TW,2012-01-02,2012-01-03
0.04149273227989317,564000,0,0.04051724137931034,0.9442283131938305,1.0,D-1 estimated accounting; fill-day constraints require ledger audit,momentum,V4_MOMENTUM_full,disabled,2012-01-02,neutral,0.025387286990845782,-0.01143792082047368,-0.01374206390859456,0.3076923076923077,0.0730459769375541,0.5299145299145299,0.37606837606837606,,,{},2347.TW,2012-01-02,2012-01-03
0.04108278177830497,647000,0,0.03189655172413793,0.866877885843403,1.0,D-1 estimated accounting; fill-day constraints require ledger audit,momentum,V4_MOMENTUM_full,disabled,2012-01-02,neutral,0.025387286990845782,-0.01143792082047368,-0.01374206390859456,0.3076923076923077,0.0730459769375541,0.5299145299145299,0.37606837606837606,,,{},2382.TW,2012-01-02,2012-01-03
0.040657446820807255,492000,0,0.0353448275862069,0.882149523528834,1.0,D-1 estimated accounting; fill-day constraints require ledger audit,momentum,V4_MOMENTUM_full,disabled,2012-01-02,neutral,0.025387286990845782,-0.01143792082047368,-0.01374206390859456,0.3076923076923077,0.0730459769375541,0.5299145299145299,0.37606837606837606,,,{},2395.TW,2012-01-02,2012-01-03
0.04054504979586851,4089000,0,0.03879310344827587,0.9302632871598389,1.0,D-1 estimated accounting; fill-day constraints require ledger audit,momentum,V4_MOMENTUM_full,disabled,2012-01-02,neutral,0.025387286990845782,-0.01143792082047368,-0.01374206390859456,0.3076923076923077,0.0730459769375541,0.5299145299145299,0.37606837606837606,,,{},2449.TW,2012-01-02,2012-01-03
0.04112317854406731,2699000,0,0.045689655172413794,1.0358532272325376,1.0,D-1 estimated accounting; fill-day constraints require ledger audit,momentum,V4_MOMENTUM_full,disabled,2012-01-02,neutral,0.025387286990845782,-0.01143792082047368,-0.01374206390859456,0.3076923076923077,0.0730459769375541,0.5299145299145299,0.37606837606837606,,,{},2603.TW,2012-01-02,2012-01-03
0.04050164149772389,3413000,0,0.04741379310344828,1.076908340701444,1.0,D-1 estimated accounting; fill-day constraints require ledger audit,momentum,V4_MOMENTUM_full,disabled,2012-01-02,neutral,0.025387286990845782,-0.01143792082047368,-0.01374206390859456,0.3076923076923077,0.0730459769375541,0.5299145299145299,0.37606837606837606,,,{},2609.TW,2012-01-02,2012-01-03
0.04082491617582202,2819000,0,0.04827586206896552,1.0977699184595737,1.0,D-1 estimated accounting; fill-day constraints require ledger audit,momentum,V4_MOMENTUM_full,disabled,2012-01-02,neutral,0.025387286990845782,-0.01143792082047368,-0.01374206390859456,0.3076923076923077,0.0730459769375541,0.5299145299145299,0.37606837606837606,,,{},2615.TW,2012-01-02,2012-01-03
0.040331708618723615,543000,0,0.03448275862068966,0.8788829944002358,1.0,D-1 estimated accounting; fill-day constraints require ledger audit,momentum,V4_MOMENTUM_full,disabled,2012-01-02,neutral,0.025387286990845782,-0.01143792082047368,-0.01374206390859456,0.3076923076923077,0.0730459769375541,0.5299145299145299,0.37606837606837606,,,{},3034.TW,2012-01-02,2012-01-03
0.040865338079584215,356000,0,0.037068965517241384,0.8871156302190784,1.0,D-1 estimated accounting; fill-day constraints require ledger audit,momentum,V4_MOMENTUM_full,disabled,2012-01-02,neutral,0.025387286990845782,-0.01143792082047368,-0.01374206390859456,0.3076923076923077,0.0730459769375541,0.5299145299145299,0.37606837606837606,,,{},3211.TWO,2012-01-02,2012-01-03
0.0411320019820154,1294000,0,0.043965517241379315,1.0146527163768544,1.0,D-1 estimated accounting; fill-day constraints require ledger audit,momentum,V4_MOMENTUM_full,disabled,2012-01-02,neutral,0.025387286990845782,-0.01143792082047368,-0.01374206390859456,0.3076923076923077,0.0730459769375541,0.5299145299145299,0.37606837606837606,,,{},3260.TWO,2012-01-02,2012-01-03
0.038992808470600535,202000,0,-0.005172413793103448,0.5755083996463308,1.0,D-1 estimated accounting; fill-day constraints require ledger audit,momentum,V4_MOMENTUM_full,disabled,2012-01-02,neutral,0.025387286990845782,-0.01143792082047368,-0.01374206390859456,0.3076923076923077,0.0730459769375541,0.5299145299145299,0.37606837606837606,,,{},3293.TWO,2012-01-02,2012-01-03
0.041295047049056184,1573000,0,0.04913793103448277,1.1377443756754102,1.0,D-1 estimated accounting; fill-day constraints require ledger audit,momentum,V4_MOMENTUM_full,disabled,2012-01-02,neutral,0.025387286990845782,-0.01143792082047368,-0.01374206390859456,0.3076923076923077,0.0730459769375541,0.5299145299145299,0.37606837606837606,,,{},3363.TWO,2012-01-02,2012-01-03
0.04116525955581974,1371000,0,0.032758620689655175,0.8682876510462716,1.0,D-1 estimated accounting; fill-day constraints require ledger audit,momentum,V4_MOMENTUM_full,disabled,2012-01-02,neutral,0.025387286990845782,-0.01143792082047368,-0.01374206390859456,0.3076923076923077,0.0730459769375541,0.5299145299145299,0.37606837606837606,,,{},4123.TWO,2012-01-02,2012-01-03
0.04131400110094468,885000,0,0.04224137931034483,0.9964043619216034,1.0,D-1 estimated accounting; fill-day constraints require ledger audit,momentum,V4_MOMENTUM_full,disabled,2012-01-02,neutral,0.025387286990845782,-0.01143792082047368,-0.01374206390859456,0.3076923076923077,0.0730459769375541,0.5299145299145299,0.37606837606837606,,,{},5483.TWO,2012-01-02,2012-01-03
0.04044452796205989,232000,0,0.02241379310344828,0.7867668729737695,1.0,D-1 estimated accounting; fill-day constraints require ledger audit,momentum,V4_MOMENTUM_full,disabled,2012-01-02,neutral,0.025387286990845782,-0.01143792082047368,-0.01374206390859456,0.3076923076923077,0.0730459769375541,0.5299145299145299,0.37606837606837606,,,{},6121.TWO,2012-01-02,2012-01-03
0.041967362855100866,2908000,0,0.05,1.1770016701051185,1.0,D-1 estimated accounting; fill-day constraints require ledger audit,momentum,V4_MOMENTUM_full,disabled,2012-01-02,neutral,0.025387286990845782,-0.01143792082047368,-0.01374206390859456,0.3076923076923077,0.0730459769375541,0.5299145299145299,0.37606837606837606,,,{},6187.TWO,2012-01-02,2012-01-03
0.04027379012841889,932000,0,0.012068965517241383,0.67681501129777,1.0,D-1 estimated accounting; fill-day constraints require ledger audit,momentum,V4_MOMENTUM_full,disabled,2012-01-03,risk_on,0.024892973630495814,-0.003355674986497692,0.010652504234516691,0.4188034188034188,0.0722609940423955,0.6153846153846154,0.4444444444444444,,,{},1216.TW,2012-01-03,2012-01-04
0.04067340016285969,1174000,0,0.045689655172413794,1.066195107574418,1.0,D-1 estimated accounting; fill-day constraints require ledger audit,momentum,V4_MOMENTUM_full,disabled,2012-01-03,risk_on,0.024892973630495814,-0.003355674986497692,0.010652504234516691,0.4188034188034188,0.0722609940423955,0.6153846153846154,0.4444444444444444,,,{},1402.TW,2012-01-03,2012-01-04
0.04223770462451464,286000,0,0.02155172413793104,0.7562923666371941,1.0,D-1 estimated accounting; fill-day constraints require ledger audit,momentum,V4_MOMENTUM_full,disabled,2012-01-03,risk_on,0.024892973630495814,-0.003355674986497692,0.010652504234516691,0.4188034188034188,0.0722609940423955,0.6153846153846154,0.4444444444444444,,,{},2059.TW,2012-01-03,2012-01-04
0.041355371605108694,1211000,0,0.046551724137931044,1.070915610570783,1.0,D-1 estimated accounting; fill-day constraints require ledger audit,momentum,V4_MOMENTUM_full,disabled,2012-01-03,risk_on,0.024892973630495814,-0.003355674986497692,0.010652504234516691,0.4188034188034188,0.0722609940423955,0.6153846153846154,0.4444444444444444,,,{},2301.TW,2012-01-03,2012-01-04
0.0408980030172529,572000,0,0.04482758620689656,1.0514981825326652,1.0,D-1 estimated accounting; fill-day constraints require ledger audit,momentum,V4_MOMENTUM_full,disabled,2012-01-03,risk_on,0.024892973630495814,-0.003355674986497692,0.010652504234516691,0.4188034188034188,0.0722609940423955,0.6153846153846154,0.4444444444444444,,,{},2308.TW,2012-01-03,2012-01-04
0.041778950820816785,1366000,0,0.05,1.1918312211415658,1.0,D-1 estimated accounting; fill-day constraints require ledger audit,momentum,V4_MOMENTUM_full,disabled,2012-01-03,risk_on,0.024892973630495814,-0.003355674986497692,0.010652504234516691,0.4188034188034188,0.0722609940423955,0.6153846153846154,0.4444444444444444,,,{},2324.TW,2012-01-03,2012-01-04
0.04105260299962709,564000,0,0.03793103448275862,0.9404165438648198,1.0,D-1 estimated accounting; fill-day constraints require ledger audit,momentum,V4_MOMENTUM_full,disabled,2012-01-03,risk_on,0.024892973630495814,-0.003355674986497692,0.010652504234516691,0.4188034188034188,0.0722609940423955,0.6153846153846154,0.4444444444444444,,,{},2347.TW,2012-01-03,2012-01-04
0.04036172659839333,647000,0,0.028448275862068963,0.8364033795068279,1.0,D-1 estimated accounting; fill-day constraints require ledger audit,momentum,V4_MOMENTUM_full,disabled,2012-01-03,risk_on,0.024892973630495814,-0.003355674986497692,0.010652504234516691,0.4188034188034188,0.0722609940423955,0.6153846153846154,0.4444444444444444,,,{},2382.TW,2012-01-03,2012-01-04
0.041030587962137,492000,0,0.02931034482758621,0.838972394144808,1.0,D-1 estimated accounting; fill-day constraints require ledger audit,momentum,V4_MOMENTUM_full,disabled,2012-01-03,risk_on,0.024892973630495814,-0.003355674986497692,0.010652504234516691,0.4188034188034188,0.0722609940423955,0.6153846153846154,0.4444444444444444,,,{},2395.TW,2012-01-03,2012-01-04
0.04066545990776495,4089000,0,0.009482758620689659,0.6656793398172708,1.0,D-1 estimated accounting; fill-day constraints require ledger audit,momentum,V4_MOMENTUM_full,disabled,2012-01-03,risk_on,0.024892973630495814,-0.003355674986497692,0.010652504234516691,0.4188034188034188,0.0722609940423955,0.6153846153846154,0.4444444444444444,,,{},2449.TW,2012-01-03,2012-01-04
0.0418010400662984,2699000,0,0.04741379310344828,1.089429217015424,1.0,D-1 estimated accounting; fill-day constraints require ledger audit,momentum,V4_MOMENTUM_full,disabled,2012-01-03,risk_on,0.024892973630495814,-0.003355674986497692,0.010652504234516691,0.4188034188034188,0.0722609940423955,0.6153846153846154,0.4444444444444444,,,{},2603.TW,2012-01-03,2012-01-04
0.04255590849223649,3413000,0,0.04827586206896552,1.1589596227527263,1.0,D-1 estimated accounting; fill-day constraints require ledger audit,momentum,V4_MOMENTUM_full,disabled,2012-01-03,risk_on,0.024892973630495814,-0.003355674986497692,0.010652504234516691,0.4188034188034188,0.0722609940423955,0.6153846153846154,0.4444444444444444,,,{},2609.TW,2012-01-03,2012-01-04
0.04184588642918551,2819000,0,0.04310344827586207,0.9972050299636505,1.0,D-1 estimated accounting; fill-day constraints require ledger audit,momentum,V4_MOMENTUM_full,disabled,2012-01-03,risk_on,0.024892973630495814,-0.003355674986497692,0.010652504234516691,0.4188034188034188,0.0722609940423955,0.6153846153846154,0.4444444444444444,,,{},2615.TW,2012-01-03,2012-01-04
0.04103113215407495,543000,0,0.031034482758620686,0.8549955791335101,1.0,D-1 estimated accounting; fill-day constraints require ledger audit,momentum,V4_MOMENTUM_full,disabled,2012-01-03,risk_on,0.024892973630495814,-0.003355674986497692,0.010652504234516691,0.4188034188034188,0.0722609940423955,0.6153846153846154,0.4444444444444444,,,{},3034.TW,2012-01-03,2012-01-04
0.0409172970950532,356000,0,0.0353448275862069,0.9168533254740152,1.0,D-1 estimated accounting; fill-day constraints require ledger audit,momentum,V4_MOMENTUM_full,disabled,2012-01-03,risk_on,0.024892973630495814,-0.003355674986497692,0.010652504234516691,0.4188034188034188,0.0722609940423955,0.6153846153846154,0.4444444444444444,,,{},3211.TWO,2012-01-03,2012-01-04
0.040025935436676596,1294000,0,0.027586206896551724,0.8310885155712742,1.0,D-1 estimated accounting; fill-day constraints require ledger audit,momentum,V4_MOMENTUM_full,disabled,2012-01-03,risk_on,0.024892973630495814,-0.003355674986497692,0.010652504234516691,0.4188034188034188,0.0722609940423955,0.6153846153846154,0.4444444444444444,,,{},3260.TWO,2012-01-03,2012-01-04
0.03836924202555483,202000,0,-0.002586206896551724,0.5664505354160527,1.0,D-1 estimated accounting; fill-day constraints require ledger audit,momentum,V4_MOMENTUM_full,disabled,2012-01-03,risk_on,0.024892973630495814,-0.003355674986497692,0.010652504234516691,0.4188034188034188,0.0722609940423955,0.6153846153846154,0.4444444444444444,,,{},3293.TWO,2012-01-03,2012-01-04
0.04071250777440106,1573000,0,0.043965517241379315,1.0270704391394048,1.0,D-1 estimated accounting; fill-day constraints require ledger audit,momentum,V4_MOMENTUM_full,disabled,2012-01-03,risk_on,0.024892973630495814,-0.003355674986497692,0.010652504234516691,0.4188034188034188,0.0722609940423955,0.6153846153846154,0.4444444444444444,,,{},3363.TWO,2012-01-03,2012-01-04
0.04084620583915825,1371000,0,0.039655172413793106,0.9496807151979565,1.0,D-1 estimated accounting; fill-day constraints require ledger audit,momentum,V4_MOMENTUM_full,disabled,2012-01-03,risk_on,0.024892973630495814,-0.003355674986497692,0.010652504234516691,0.4188034188034188,0.0722609940423955,0.6153846153846154,0.4444444444444444,,,{},4123.TWO,2012-01-03,2012-01-04
0.041179003945216223,885000,0,0.04224137931034483,0.9614107476176441,1.0,D-1 estimated accounting; fill-day constraints require ledger audit,momentum,V4_MOMENTUM_full,disabled,2012-01-03,risk_on,0.024892973630495814,-0.003355674986497692,0.010652504234516691,0.4188034188034188,0.0722609940423955,0.6153846153846154,0.4444444444444444,,,{},5483.TWO,2012-01-03,2012-01-04
0.040602902570897055,232000,0,0.03189655172413793,0.8829108949798604,1.0,D-1 estimated accounting; fill-day constraints require ledger audit,momentum,V4_MOMENTUM_full,disabled,2012-01-03,risk_on,0.024892973630495814,-0.003355674986497692,0.010652504234516691,0.4188034188034188,0.0722609940423955,0.6153846153846154,0.4444444444444444,,,{},6121.TWO,2012-01-03,2012-01-04
0.04144011713144693,2908000,0,0.04913793103448277,1.1741231948128499,1.0,D-1 estimated accounting; fill-day constraints require ledger audit,momentum,V4_MOMENTUM_full,disabled,2012-01-03,risk_on,0.024892973630495814,-0.003355674986497692,0.010652504234516691,0.4188034188034188,0.0722609940423955,0.6153846153846154,0.4444444444444444,,,{},6187.TWO,2012-01-03,2012-01-04
0.04020369165744151,932000,0,0.02155172413793104,0.7634394341290892,1.0,D-1 estimated accounting; fill-day constraints require ledger audit,momentum,V4_MOMENTUM_full,disabled,2012-01-04,risk_on,0.024223060512105647,0.0,0.008333321605549893,0.47863247863247865,0.0689123680111949,0.6495726495726496,0.4700854700854701,,,{},1216.TW,2012-01-04,2012-01-05
0.04098380185198443,1174000,0,0.043965517241379315,1.0844434620296688,1.0,D-1 estimated accounting; fill-day constraints require ledger audit,momentum,V4_MOMENTUM_full,disabled,2012-01-04,risk_on,0.024223060512105647,0.0,0.008333321605549893,0.47863247863247865,0.0689123680111949,0.6495726495726496,0.4700854700854701,,,{},1402.TW,2012-01-04,2012-01-05
0.0414557659358032,286000,0,0.023275862068965515,0.7839473425680323,1.0,D-1 estimated accounting; fill-day constraints require ledger audit,momentum,V4_MOMENTUM_full,disabled,2012-01-04,risk_on,0.024223060512105647,0.0,0.008333321605549893,0.47863247863247865,0.0689123680111949,0.6495726495726496,0.4700854700854701,,,{},2059.TW,2012-01-04,2012-01-05
0.04179789621670065,1211000,0,0.04913793103448277,1.155334512231064,1.0,D-1 estimated accounting; fill-day constraints require ledger audit,momentum,V4_MOMENTUM_full,disabled,2012-01-04,risk_on,0.024223060512105647,0.0,0.008333321605549893,0.47863247863247865,0.0689123680111949,0.6495726495726496,0.4700854700854701,,,{},2301.TW,2012-01-04,2012-01-05
0.04068700020357011,572000,0,0.04482758620689656,1.0844729344729347,1.0,D-1 estimated accounting; fill-day constraints require ledger audit,momentum,V4_MOMENTUM_full,disabled,2012-01-04,risk_on,0.024223060512105647,0.0,0.008333321605549893,0.47863247863247865,0.0689123680111949,0.6495726495726496,0.4700854700854701,,,{},2308.TW,2012-01-04,2012-01-05
0.042101440560717775,1366000,0,0.05,1.211233912958051,1.0,D-1 estimated accounting; fill-day constraints require ledger audit,momentum,V4_MOMENTUM_full,disabled,2012-01-04,risk_on,0.024223060512105647,0.0,0.008333321605549893,0.47863247863247865,0.0689123680111949,0.6495726495726496,0.4700854700854701,,,{},2324.TW,2012-01-04,2012-01-05
0.04100749972010671,564000,0,0.04310344827586207,1.0658021416642107,1.0,D-1 estimated accounting; fill-day constraints require ledger audit,momentum,V4_MOMENTUM_full,disabled,2012-01-04,risk_on,0.024223060512105647,0.0,0.008333321605549893,0.47863247863247865,0.0689123680111949,0.6495726495726496,0.4700854700854701,,,{},2347.TW,2012-01-04,2012-01-05
0.04091831895782719,647000,0,0.04224137931034483,1.0640337950682779,1.0,D-1 estimated accounting; fill-day constraints require ledger audit,momentum,V4_MOMENTUM_full,disabled,2012-01-04,risk_on,0.024223060512105647,0.0,0.008333321605549893,0.47863247863247865,0.0689123680111949,0.6495726495726496,0.4700854700854701,,,{},2382.TW,2012-01-04,2012-01-05
0.04047955157608212,492000,0,0.028448275862068963,0.8199331957952648,1.0,D-1 estimated accounting; fill-day constraints require ledger audit,momentum,V4_MOMENTUM_full,disabled,2012-01-04,risk_on,0.024223060512105647,0.0,0.008333321605549893,0.47863247863247865,0.0689123680111949,0.6495726495726496,0.4700854700854701,,,{},2395.TW,2012-01-04,2012-01-05
0.04045565684093493,4089000,0,0.019827586206896553,0.713994498477257,1.0,D-1 estimated accounting; fill-day constraints require ledger audit,momentum,V4_MOMENTUM_full,disabled,2012-01-04,risk_on,0.024223060512105647,0.0,0.008333321605549893,0.47863247863247865,0.0689123680111949,0.6495726495726496,0.4700854700854701,,,{},2449.TW,2012-01-04,2012-01-05
0.04238254206389635,2699000,0,0.04741379310344828,1.1303664407112683,1.0,D-1 estimated accounting; fill-day constraints require ledger audit,momentum,V4_MOMENTUM_full,disabled,2012-01-04,risk_on,0.024223060512105647,0.0,0.008333321605549893,0.47863247863247865,0.0689123680111949,0.6495726495726496,0.4700854700854701,,,{},2603.TW,2012-01-04,2012-01-05
0.042672354932926725,3413000,0,0.04827586206896552,1.144714608507712,1.0,D-1 estimated accounting; fill-day constraints require ledger audit,momentum,V4_MOMENTUM_full,disabled,2012-01-04,risk_on,0.024223060512105647,0.0,0.008333321605549893,0.47863247863247865,0.0689123680111949,0.6495726495726496,0.4700854700854701,,,{},2609.TW,2012-01-04,2012-01-05
0.04162999325283937,2819000,0,0.03793103448275862,0.9738382945279497,1.0,D-1 estimated accounting; fill-day constraints require ledger audit,momentum,V4_MOMENTUM_full,disabled,2012-01-04,risk_on,0.024223060512105647,0.0,0.008333321605549893,0.47863247863247865,0.0689123680111949,0.6495726495726496,0.4700854700854701,,,{},2615.TW,2012-01-04,2012-01-05
0.04151492447678552,543000,0,0.027586206896551724,0.8169663031731997,1.0,D-1 estimated accounting; fill-day constraints require ledger audit,momentum,V4_MOMENTUM_full,disabled,2012-01-04,risk_on,0.024223060512105647,0.0,0.008333321605549893,0.47863247863247865,0.0689123680111949,0.6495726495726496,0.4700854700854701,,,{},3034.TW,2012-01-04,2012-01-05
0.04105711021038143,356000,0,0.039655172413793106,0.9776402397092052,1.0,D-1 estimated accounting; fill-day constraints require ledger audit,momentum,V4_MOMENTUM_full,disabled,2012-01-04,risk_on,0.024223060512105647,0.0,0.008333321605549893,0.47863247863247865,0.0689123680111949,0.6495726495726496,0.4700854700854701,,,{},3211.TWO,2012-01-04,2012-01-05
0.0383540767417532,1294000,0,-0.003448275862068967,0.547897632380391,1.0,D-1 estimated accounting; fill-day constraints require ledger audit,momentum,V4_MOMENTUM_full,disabled,2012-01-04,risk_on,0.024223060512105647,0.0,0.008333321605549893,0.47863247863247865,0.0689123680111949,0.6495726495726496,0.4700854700854701,,,{},3260.TWO,2012-01-04,2012-01-05
0.03866960536591109,202000,0,0.0017241379310344862,0.5879261224088811,1.0,D-1 estimated accounting; fill-day constraints require ledger audit,momentum,V4_MOMENTUM_full,disabled,2012-01-04,risk_on,0.024223060512105647,0.0,0.008333321605549893,0.47863247863247865,0.0689123680111949,0.6495726495726496,0.4700854700854701,,,{},3293.TWO,2012-01-04,2012-01-05
0.04050246197610482,1573000,0,0.025862068965517238,0.8094459180666077,1.0,D-1 estimated accounting; fill-day constraints require ledger audit,momentum,V4_MOMENTUM_full,disabled,2012-01-04,risk_on,0.024223060512105647,0.0,0.008333321605549893,0.47863247863247865,0.0689123680111949,0.6495726495726496,0.4700854700854701,,,{},3363.TWO,2012-01-04,2012-01-05
0.04077047182212756,1371000,0,0.008620689655172408,0.6387267904509284,1.0,D-1 estimated accounting; fill-day constraints require ledger audit,momentum,V4_MOMENTUM_full,disabled,2012-01-04,risk_on,0.024223060512105647,0.0,0.008333321605549893,0.47863247863247865,0.0689123680111949,0.6495726495726496,0.4700854700854701,,,{},4123.TWO,2012-01-04,2012-01-05
0.04227399450804231,885000,0,0.03879310344827587,0.9768395716671578,1.0,D-1 estimated accounting; fill-day constraints require ledger audit,momentum,V4_MOMENTUM_full,disabled,2012-01-04,risk_on,0.024223060512105647,0.0,0.008333321605549893,0.47863247863247865,0.0689123680111949,0.6495726495726496,0.4700854700854701,,,{},5483.TWO,2012-01-04,2012-01-05
0.04130885391847184,232000,0,0.04137931034482759,1.0362560172905,1.0,D-1 estimated accounting; fill-day constraints require ledger audit,momentum,V4_MOMENTUM_full,disabled,2012-01-04,risk_on,0.024223060512105647,0.0,0.008333321605549893,0.47863247863247865,0.0689123680111949,0.6495726495726496,0.4700854700854701,,,{},6121.TWO,2012-01-04,2012-01-05
0.040940023547322374,2908000,0,0.046551724137931044,1.1204735239217998,1.0,D-1 estimated accounting; fill-day constraints require ledger audit,momentum,V4_MOMENTUM_full,disabled,2012-01-04,risk_on,0.024223060512105647,0.0,0.008333321605549893,0.47863247863247865,0.0689123680111949,0.6495726495726496,0.4700854700854701,,,{},6187.TWO,2012-01-04,2012-01-05
0.039983992345326264,932000,0,0.028448275862068963,0.8252873563218391,1.0,D-1 estimated accounting; fill-day constraints require ledger audit,momentum,V4_MOMENTUM_full,disabled,2012-01-05,risk_on,0.024758462964298223,0.0018868088609576006,0.022160676437095628,0.5213675213675214,0.06912084825706986,0.7521367521367521,0.5299145299145299,,,{},1216.TW,2012-01-05,2012-01-06
0.0407926063859126,1174000,0,0.04224137931034483,1.028735632183908,1.0,D-1 estimated accounting; fill-day constraints require ledger audit,momentum,V4_MOMENTUM_full,disabled,2012-01-05,risk_on,0.024758462964298223,0.0018868088609576006,0.022160676437095628,0.5213675213675214,0.06912084825706986,0.7521367521367521,0.5299145299145299,,,{},1402.TW,2012-01-05,2012-01-06
0.041088510392801675,286000,0,0.020689655172413793,0.7520679831024659,1.0,D-1 estimated accounting; fill-day constraints require ledger audit,momentum,V4_MOMENTUM_full,disabled,2012-01-05,risk_on,0.024758462964298223,0.0018868088609576006,0.022160676437095628,0.5213675213675214,0.06912084825706986,0.7521367521367521,0.5299145299145299,,,{},2059.TW,2012-01-05,2012-01-06
0.04255046935858893,1211000,0,0.05,1.2220748600058946,1.0,D-1 estimated accounting; fill-day constraints require ledger audit,momentum,V4_MOMENTUM_full,disabled,2012-01-05,risk_on,0.024758462964298223,0.0018868088609576006,0.022160676437095628,0.5213675213675214,0.06912084825706986,0.7521367521367521,0.5299145299145299,,,{},2301.TW,2012-01-05,2012-01-06
0.0407175328173992,572000,0,0.039655172413793106,0.9800520679831024,1.0,D-1 estimated accounting; fill-day constraints require ledger audit,momentum,V4_MOMENTUM_full,disabled,2012-01-05,risk_on,0.024758462964298223,0.0018868088609576006,0.022160676437095628,0.5213675213675214,0.06912084825706986,0.7521367521367521,0.5299145299145299,,,{},2308.TW,2012-01-05,2012-01-06
0.041861782782713575,1366000,0,0.04827586206896552,1.2061057078298458,1.0,D-1 estimated accounting; fill-day constraints require ledger audit,momentum,V4_MOMENTUM_full,disabled,2012-01-05,risk_on,0.024758462964298223,0.0018868088609576006,0.022160676437095628,0.5213675213675214,0.06912084825706986,0.7521367521367521,0.5299145299145299,,,{},2324.TW,2012-01-05,2012-01-06
0.04080943574337661,564000,0,0.04137931034482759,1.0214608507711957,1.0,D-1 estimated accounting; fill-day constraints require ledger audit,momentum,V4_MOMENTUM_full,disabled,2012-01-05,risk_on,0.024758462964298223,0.0018868088609576006,0.022160676437095628,0.5213675213675214,0.06912084825706986,0.7521367521367521,0.5299145299145299,,,{},2347.TW,2012-01-05,2012-01-06
0.041061193174889064,647000,0,0.045689655172413794,1.0953875626289418,1.0,D-1 estimated accounting; fill-day constraints require ledger audit,momentum,V4_MOMENTUM_full,disabled,2012-01-05,risk_on,0.024758462964298223,0.0018868088609576006,0.022160676437095628,0.5213675213675214,0.06912084825706986,0.7521367521367521,0.5299145299145299,,,{},2382.TW,2012-01-05,2012-01-06
0.04055338560619219,492000,0,0.026724137931034488,0.8038756262894192,1.0,D-1 estimated accounting; fill-day constraints require ledger audit,momentum,V4_MOMENTUM_full,disabled,2012-01-05,risk_on,0.024758462964298223,0.0018868088609576006,0.022160676437095628,0.5213675213675214,0.06912084825706986,0.7521367521367521,0.5299145299145299,,,{},2395.TW,2012-01-05,2012-01-06
0.04029675010005249,4089000,0,0.012931034482758619,0.6929560860595344,1.0,D-1 estimated accounting; fill-day constraints require ledger audit,momentum,V4_MOMENTUM_full,disabled,2012-01-05,risk_on,0.024758462964298223,0.0018868088609576006,0.022160676437095628,0.5213675213675214,0.06912084825706986,0.7521367521367521,0.5299145299145299,,,{},2449.TW,2012-01-05,2012-01-06
0.04398233060392605,2699000,0,0.04741379310344828,1.1592150505943608,1.0,D-1 estimated accounting; fill-day constraints require ledger audit,momentum,V4_MOMENTUM_full,disabled,2012-01-05,risk_on,0.024758462964298223,0.0018868088609576006,0.022160676437095628,0.5213675213675214,0.06912084825706986,0.7521367521367521,0.5299145299145299,,,{},2603.TW,2012-01-05,2012-01-06
0.04495853089833161,3413000,0,0.046551724137931044,1.147548875135082,1.0,D-1 estimated accounting; fill-day constraints require ledger audit,momentum,V4_MOMENTUM_full,disabled,2012-01-05,risk_on,0.024758462964298223,0.0018868088609576006,0.022160676437095628,0.5213675213675214,0.06912084825706986,0.7521367521367521,0.5299145299145299,,,{},2609.TW,2012-01-05,2012-01-06
0.04153626886283708,2819000,0,0.03189655172413793,0.864451321347873,1.0,D-1 estimated accounting; fill-day constraints require ledger audit,momentum,V4_MOMENTUM_full,disabled,2012-01-05,risk_on,0.024758462964298223,0.0018868088609576006,0.022160676437095628,0.5213675213675214,0.06912084825706986,0.7521367521367521,0.5299145299145299,,,{},2615.TW,2012-01-05,2012-01-06
0.041147144849821224,543000,0,0.018965517241379317,0.7401316435799195,1.0,D-1 estimated accounting; fill-day constraints require ledger audit,momentum,V4_MOMENTUM_full,disabled,2012-01-05,risk_on,0.024758462964298223,0.0018868088609576006,0.022160676437095628,0.5213675213675214,0.06912084825706986,0.7521367521367521,0.5299145299145299,,,{},3034.TW,2012-01-05,2012-01-06
0.040519482987532794,356000,0,0.01724137931034483,0.7279054916985951,1.0,D-1 estimated accounting; fill-day constraints require ledger audit,momentum,V4_MOMENTUM_full,disabled,2012-01-05,risk_on,0.024758462964298223,0.0018868088609576006,0.022160676437095628,0.5213675213675214,0.06912084825706986,0.7521367521367521,0.5299145299145299,,,{},3211.TWO,2012-01-05,2012-01-06
0.03921408582690717,1294000,0,-0.005172413793103448,0.5338687493859907,1.0,D-1 estimated accounting; fill-day constraints require ledger audit,momentum,V4_MOMENTUM_full,disabled,2012-01-05,risk_on,0.024758462964298223,0.0018868088609576006,0.022160676437095628,0.5213675213675214,0.06912084825706986,0.7521367521367521,0.5299145299145299,,,{},3260.TWO,2012-01-05,2012-01-06
0.03862337537992015,202000,0,-0.0008620689655172431,0.557653011101287,1.0,D-1 estimated accounting; fill-day constraints require ledger audit,momentum,V4_MOMENTUM_full,disabled,2012-01-05,risk_on,0.024758462964298223,0.0018868088609576006,0.022160676437095628,0.5213675213675214,0.06912084825706986,0.7521367521367521,0.5299145299145299,,,{},3293.TWO,2012-01-05,2012-01-06
0.039836625710837,1573000,0,0.006896551724137934,0.6497249238628551,1.0,D-1 estimated accounting; fill-day constraints require ledger audit,momentum,V4_MOMENTUM_full,disabled,2012-01-05,risk_on,0.024758462964298223,0.0018868088609576006,0.022160676437095628,0.5213675213675214,0.06912084825706986,0.7521367521367521,0.5299145299145299,,,{},3363.TWO,2012-01-05,2012-01-06
0.04000787052062666,1371000,0,0.0008620689655172376,0.583264564299047,1.0,D-1 estimated accounting; fill-day constraints require ledger audit,momentum,V4_MOMENTUM_full,disabled,2012-01-05,risk_on,0.024758462964298223,0.0018868088609576006,0.022160676437095628,0.5213675213675214,0.06912084825706986,0.7521367521367521,0.5299145299145299,,,{},4123.TWO,2012-01-05,2012-01-06
0.04228824845700103,885000,0,0.031034482758620686,0.8568277826898516,1.0,D-1 estimated accounting; fill-day constraints require ledger audit,momentum,V4_MOMENTUM_full,disabled,2012-01-05,risk_on,0.024758462964298223,0.0018868088609576006,0.022160676437095628,0.5213675213675214,0.06912084825706986,0.7521367521367521,0.5299145299145299,,,{},5483.TWO,2012-01-05,2012-01-06
0.041056315100261816,232000,0,0.036206896551724134,0.9313390313390313,1.0,D-1 estimated accounting; fill-day constraints require ledger audit,momentum,V4_MOMENTUM_full,disabled,2012-01-05,risk_on,0.024758462964298223,0.0018868088609576006,0.022160676437095628,0.5213675213675214,0.06912084825706986,0.7521367521367521,0.5299145299145299,,,{},6121.TWO,2012-01-05,2012-01-06
0.040151700551011166,2908000,0,0.043965517241379315,1.053074958247372,1.0,D-1 estimated accounting; fill-day constraints require ledger audit,momentum,V4_MOMENTUM_full,disabled,2012-01-05,risk_on,0.024758462964298223,0.0018868088609576006,0.022160676437095628,0.5213675213675214,0.06912084825706986,0.7521367521367521,0.5299145299145299,,,{},6187.TWO,2012-01-05,2012-01-06
0.04052370969934576,932000,0,0.032758620689655175,0.8867521367521367,1.0,D-1 estimated accounting; fill-day constraints require ledger audit,momentum,V4_MOMENTUM_full,disabled,2012-01-06,risk_on,0.02497293062555483,0.006289181485773732,0.04241072687757552,0.6068376068376068,0.07443867158500907,0.6923076923076923,0.5299145299145299,,,{},1216.TW,2012-01-06,2012-01-09
0.04006205182980879,1174000,0,0.01724137931034483,0.7318400628745455,1.0,D-1 estimated accounting; fill-day constraints require ledger audit,momentum,V4_MOMENTUM_full,disabled,2012-01-06,risk_on,0.02497293062555483,0.006289181485773732,0.04241072687757552,0.6068376068376068,0.07443867158500907,0.6923076923076923,0.5299145299145299,,,{},1402.TW,2012-01-06,2012-01-09
0.0405200393394353,286000,0,0.015517241379310343,0.7097701149425288,1.0,D-1 estimated accounting; fill-day constraints require ledger audit,momentum,V4_MOMENTUM_full,disabled,2012-01-06,risk_on,0.02497293062555483,0.006289181485773732,0.04241072687757552,0.6068376068376068,0.07443867158500907,0.6923076923076923,0.5299145299145299,,,{},2059.TW,2012-01-06,2012-01-09
0.042806330996723464,1211000,0,0.04827586206896552,1.1798654091757539,1.0,D-1 estimated accounting; fill-day constraints require ledger audit,momentum,V4_MOMENTUM_full,disabled,2012-01-06,risk_on,0.02497293062555483,0.006289181485773732,0.04241072687757552,0.6068376068376068,0.07443867158500907,0.6923076923076923,0.5299145299145299,,,{},2301.TW,2012-01-06,2012-01-09
0.04146527936170768,572000,0,0.04224137931034483,1.034079968562727,1.0,D-1 estimated accounting; fill-day constraints require ledger audit,momentum,V4_MOMENTUM_full,disabled,2012-01-06,risk_on,0.02497293062555483,0.006289181485773732,0.04241072687757552,0.6068376068376068,0.07443867158500907,0.6923076923076923,0.5299145299145299,,,{},2308.TW,2012-01-06,2012-01-09
0.04259871097112209,1366000,0,0.05,1.216347381864623,1.0,D-1 estimated accounting; fill-day constraints require ledger audit,momentum,V4_MOMENTUM_full,disabled,2012-01-06,risk_on,0.02497293062555483,0.006289181485773732,0.04241072687757552,0.6068376068376068,0.07443867158500907,0.6923076923076923,0.5299145299145299,,,{},2324.TW,2012-01-06,2012-01-09
0.041051605330733376,564000,0,0.04051724137931034,0.9792366637194225,1.0,D-1 estimated accounting; fill-day constraints require ledger audit,momentum,V4_MOMENTUM_full,disabled,2012-01-06,risk_on,0.02497293062555483,0.006289181485773732,0.04241072687757552,0.6068376068376068,0.07443867158500907,0.6923076923076923,0.5299145299145299,,,{},2347.TW,2012-01-06,2012-01-09
0.04310960060159128,191000,191000,0.04913793103448277,1.2068228706159743,1.0,D-1 estimated accounting; fill-day constraints require ledger audit,momentum,V4_MOMENTUM_full,disabled,2012-01-06,risk_on,0.02497293062555483,0.006289181485773732,0.04241072687757552,0.6068376068376068,0.07443867158500907,0.6923076923076923,0.5299145299145299,,,{},2357.TW,2012-01-06,2012-01-09
0.041447172252816106,647000,0,0.043965517241379315,1.0878327930052067,1.0,D-1 estimated accounting; fill-day constraints require ledger audit,momentum,V4_MOMENTUM_full,disabled,2012-01-06,risk_on,0.02497293062555483,0.006289181485773732,0.04241072687757552,0.6068376068376068,0.07443867158500907,0.6923076923076923,0.5299145299145299,,,{},2382.TW,2012-01-06,2012-01-09
0.04010577805087534,492000,0,-0.0017241379310344808,0.5704145790352687,1.0,D-1 estimated accounting; fill-day constraints require ledger audit,momentum,V4_MOMENTUM_full,disabled,2012-01-06,risk_on,0.02497293062555483,0.006289181485773732,0.04241072687757552,0.6068376068376068,0.07443867158500907,0.6923076923076923,0.5299145299145299,,,{},2395.TW,2012-01-06,2012-01-09
0.04042676325957762,4089000,0,-0.018103448275862067,0.46759013655565373,1.0,D-1 estimated accounting; fill-day constraints require ledger audit,momentum,V4_MOMENTUM_full,disabled,2012-01-06,risk_on,0.02497293062555483,0.006289181485773732,0.04241072687757552,0.6068376068376068,0.07443867158500907,0.6923076923076923,0.5299145299145299,,,{},2449.TW,2012-01-06,2012-01-09
0.04319947548126528,2699000,0,0.04482758620689656,1.0893997445721584,1.0,D-1 estimated accounting; fill-day constraints require ledger audit,momentum,V4_MOMENTUM_full,disabled,2012-01-06,risk_on,0.02497293062555483,0.006289181485773732,0.04241072687757552,0.6068376068376068,0.07443867158500907,0.6923076923076923,0.5299145299145299,,,{},2603.TW,2012-01-06,2012-01-09
0.04343308165503267,3413000,0,0.046551724137931044,1.104244031830239,1.0,D-1 estimated accounting; fill-day constraints require ledger audit,momentum,V4_MOMENTUM_full,disabled,2012-01-06,risk_on,0.02497293062555483,0.006289181485773732,0.04241072687757552,0.6068376068376068,0.07443867158500907,0.6923076923076923,0.5299145299145299,,,{},2609.TW,2012-01-06,2012-01-09
0.04070441375227046,2819000,0,0.019827586206896553,0.7484870812457018,1.0,D-1 estimated accounting; fill-day constraints require ledger audit,momentum,V4_MOMENTUM_full,disabled,2012-01-06,risk_on,0.02497293062555483,0.006289181485773732,0.04241072687757552,0.6068376068376068,0.07443867158500907,0.6923076923076923,0.5299145299145299,,,{},2615.TW,2012-01-06,2012-01-09
0.041333097466799175,543000,0,0.025,0.8207338638373122,1.0,D-1 estimated accounting; fill-day constraints require ledger audit,momentum,V4_MOMENTUM_full,disabled,2012-01-06,risk_on,0.02497293062555483,0.006289181485773732,0.04241072687757552,0.6068376068376068,0.07443867158500907,0.6923076923076923,0.5299145299145299,,,{},3034.TW,2012-01-06,2012-01-09
0.0,0,-356000,-0.03017241379310345,0.3426318891836133,1.0,D-1 estimated accounting; fill-day constraints require ledger audit,momentum,V4_MOMENTUM_full,disabled,2012-01-06,risk_on,0.02497293062555483,0.006289181485773732,0.04241072687757552,0.6068376068376068,0.07443867158500907,0.6923076923076923,0.5299145299145299,,,{},3211.TWO,2012-01-06,2012-01-09
0.03915055464964653,1294000,0,-0.01896551724137931,0.4652421652421652,1.0,D-1 estimated accounting; fill-day constraints require ledger audit,momentum,V4_MOMENTUM_full,disabled,2012-01-06,risk_on,0.02497293062555483,0.006289181485773732,0.04241072687757552,0.6068376068376068,0.07443867158500907,0.6923076923076923,0.5299145299145299,,,{},3260.TWO,2012-01-06,2012-01-09
0.03854979013950334,202000,0,-0.003448275862068967,0.5688721878377051,1.0,D-1 estimated accounting; fill-day constraints require ledger audit,momentum,V4_MOMENTUM_full,disabled,2012-01-06,risk_on,0.02497293062555483,0.006289181485773732,0.04241072687757552,0.6068376068376068,0.07443867158500907,0.6923076923076923,0.5299145299145299,,,{},3293.TWO,2012-01-06,2012-01-09
0.039811146026330124,1573000,0,-0.004310344827586204,0.5647362216327734,1.0,D-1 estimated accounting; fill-day constraints require ledger audit,momentum,V4_MOMENTUM_full,disabled,2012-01-06,risk_on,0.02497293062555483,0.006289181485773732,0.04241072687757552,0.6068376068376068,0.07443867158500907,0.6923076923076923,0.5299145299145299,,,{},3363.TWO,2012-01-06,2012-01-09
0.04288881621844441,1371000,0,0.04137931034482759,1.0042194714608508,1.0,D-1 estimated accounting; fill-day constraints require ledger audit,momentum,V4_MOMENTUM_full,disabled,2012-01-06,risk_on,0.02497293062555483,0.006289181485773732,0.04241072687757552,0.6068376068376068,0.07443867158500907,0.6923076923076923,0.5299145299145299,,,{},4123.TWO,2012-01-06,2012-01-09
0.04350805487347022,885000,0,0.03793103448275862,0.9416985951468709,1.0,D-1 estimated accounting; fill-day constraints require ledger audit,momentum,V4_MOMENTUM_full,disabled,2012-01-06,risk_on,0.02497293062555483,0.006289181485773732,0.04241072687757552,0.6068376068376068,0.07443867158500907,0.6923076923076923,0.5299145299145299,,,{},5483.TWO,2012-01-06,2012-01-09
0.0402785296573274,232000,0,0.005172413793103448,0.6298850574712642,1.0,D-1 estimated accounting; fill-day constraints require ledger audit,momentum,V4_MOMENTUM_full,disabled,2012-01-06,risk_on,0.02497293062555483,0.006289181485773732,0.04241072687757552,0.6068376068376068,0.07443867158500907,0.6923076923076923,0.5299145299145299,,,{},6121.TWO,2012-01-06,2012-01-09
0.03942722637969659,2908000,0,0.010344827586206896,0.6729442970822281,1.0,D-1 estimated accounting; fill-day constraints require ledger audit,momentum,V4_MOMENTUM_full,disabled,2012-01-06,risk_on,0.02497293062555483,0.006289181485773732,0.04241072687757552,0.6068376068376068,0.07443867158500907,0.6923076923076923,0.5299145299145299,,,{},6187.TWO,2012-01-06,2012-01-09
0.040648781136256064,932000,0,0.04051724137931034,0.9853128991060024,1.0,D-1 estimated accounting; fill-day constraints require ledger audit,momentum,V4_MOMENTUM_full,disabled,2012-01-09,risk_on,0.02472066824972171,0.01581023615438304,0.027888400197300545,0.6495726495726496,0.07323362005818802,0.6239316239316239,0.47863247863247865,,,{},1216.TW,2012-01-09,2012-01-10
0.0400378678041929,1174000,0,0.02241379310344828,0.7967383829452794,1.0,D-1 estimated accounting; fill-day constraints require ledger audit,momentum,V4_MOMENTUM_full,disabled,2012-01-09,risk_on,0.02472066824972171,0.01581023615438304,0.027888400197300545,0.6495726495726496,0.07323362005818802,0.6239316239316239,0.47863247863247865,,,{},1402.TW,2012-01-09,2012-01-10
0.04083441101908453,286000,0,0.014655172413793105,0.7376608704194912,1.0,D-1 estimated accounting; fill-day constraints require ledger audit,momentum,V4_MOMENTUM_full,disabled,2012-01-09,risk_on,0.02472066824972171,0.01581023615438304,0.027888400197300545,0.6495726495726496,0.07323362005818802,0.6239316239316239,0.47863247863247865,,,{},2059.TW,2012-01-09,2012-01-10
0.04319798390975815,1211000,0,0.05,1.2460064839375184,1.0,D-1 estimated accounting; fill-day constraints require ledger audit,momentum,V4_MOMENTUM_full,disabled,2012-01-09,risk_on,0.02472066824972171,0.01581023615438304,0.027888400197300545,0.6495726495726496,0.07323362005818802,0.6239316239316239,0.47863247863247865,,,{},2301.TW,2012-01-09,2012-01-10
0.041611950435945164,572000,0,0.04137931034482759,0.9929953826505551,1.0,D-1 estimated accounting; fill-day constraints require ledger audit,momentum,V4_MOMENTUM_full,disabled,2012-01-09,risk_on,0.02472066824972171,0.01581023615438304,0.027888400197300545,0.6495726495726496,0.07323362005818802,0.6239316239316239,0.47863247863247865,,,{},2308.TW,2012-01-09,2012-01-10
0.04296881181958549,1366000,0,0.04913793103448277,1.2186855290303567,1.0,D-1 estimated accounting; fill-day constraints require ledger audit,momentum,V4_MOMENTUM_full,disabled,2012-01-09,risk_on,0.02472066824972171,0.01581023615438304,0.027888400197300545,0.6495726495726496,0.07323362005818802,0.6239316239316239,0.47863247863247865,,,{},2324.TW,2012-01-09,2012-01-10
0.04108577053324696,564000,0,0.03793103448275862,0.9553492484526969,1.0,D-1 estimated accounting; fill-day constraints require ledger audit,momentum,V4_MOMENTUM_full,disabled,2012-01-09,risk_on,0.02472066824972171,0.01581023615438304,0.027888400197300545,0.6495726495726496,0.07323362005818802,0.6239316239316239,0.47863247863247865,,,{},2347.TW,2012-01-09,2012-01-10
0.043614451164030024,191000,0,0.04827586206896552,1.2034040671971709,1.0,D-1 estimated accounting; fill-day constraints require ledger audit,momentum,V4_MOMENTUM_full,disabled,2012-01-09,risk_on,0.02472066824972171,0.01581023615438304,0.027888400197300545,0.6495726495726496,0.07323362005818802,0.6239316239316239,0.47863247863247865,,,{},2357.TW,2012-01-09,2012-01-10
0.04148166666593891,647000,0,0.043965517241379315,1.0724776500638569,1.0,D-1 estimated accounting; fill-day constraints require ledger audit,momentum,V4_MOMENTUM_full,disabled,2012-01-09,risk_on,0.02472066824972171,0.01581023615438304,0.027888400197300545,0.6495726495726496,0.07323362005818802,0.6239316239316239,0.47863247863247865,,,{},2382.TW,2012-01-09,2012-01-10
0.040187400266534654,492000,0,0.0,0.6308576480990274,1.0,D-1 estimated accounting; fill-day constraints require ledger audit,momentum,V4_MOMENTUM_full,disabled,2012-01-09,risk_on,0.02472066824972171,0.01581023615438304,0.027888400197300545,0.6495726495726496,0.07323362005818802,0.6239316239316239,0.47863247863247865,,,{},2395.TW,2012-01-09,2012-01-10
0.04005981033387816,4089000,0,-0.019827586206896553,0.4198005698005699,1.0,D-1 estimated accounting; fill-day constraints require ledger audit,momentum,V4_MOMENTUM_full,disabled,2012-01-09,risk_on,0.02472066824972171,0.01581023615438304,0.027888400197300545,0.6495726495726496,0.07323362005818802,0.6239316239316239,0.47863247863247865,,,{},2449.TW,2012-01-09,2012-01-10
0.043499865118943694,2699000,0,0.04482758620689656,1.1139159052952157,1.0,D-1 estimated accounting; fill-day constraints require ledger audit,momentum,V4_MOMENTUM_full,disabled,2012-01-09,risk_on,0.02472066824972171,0.01581023615438304,0.027888400197300545,0.6495726495726496,0.07323362005818802,0.6239316239316239,0.47863247863247865,,,{},2603.TW,2012-01-09,2012-01-10
0.04447236489163512,3413000,0,0.045689655172413794,1.1270360546222615,1.0,D-1 estimated accounting; fill-day constraints require ledger audit,momentum,V4_MOMENTUM_full,disabled,2012-01-09,risk_on,0.02472066824972171,0.01581023615438304,0.027888400197300545,0.6495726495726496,0.07323362005818802,0.6239316239316239,0.47863247863247865,,,{},2609.TW,2012-01-09,2012-01-10
0.041152577699520854,2819000,0,0.028448275862068963,0.8248108851557128,1.0,D-1 estimated accounting; fill-day constraints require ledger audit,momentum,V4_MOMENTUM_full,disabled,2012-01-09,risk_on,0.02472066824972171,0.01581023615438304,0.027888400197300545,0.6495726495726496,0.07323362005818802,0.6239316239316239,0.47863247863247865,,,{},2615.TW,2012-01-09,2012-01-10
0.04104805681035041,543000,0,0.018965517241379317,0.7690146379801551,1.0,D-1 estimated accounting; fill-day constraints require ledger audit,momentum,V4_MOMENTUM_full,disabled,2012-01-09,risk_on,0.02472066824972171,0.01581023615438304,0.027888400197300545,0.6495726495726496,0.07323362005818802,0.6239316239316239,0.47863247863247865,,,{},3034.TW,2012-01-09,2012-01-10
0.043193232960250405,1062000,1062000,0.04741379310344828,1.1459917477158856,1.0,D-1 estimated accounting; fill-day constraints require ledger audit,momentum,V4_MOMENTUM_full,disabled,2012-01-09,risk_on,0.02472066824972171,0.01581023615438304,0.027888400197300545,0.6495726495726496,0.07323362005818802,0.6239316239316239,0.47863247863247865,,,{},3231.TW,2012-01-09,2012-01-10
0.03956355651519269,1294000,0,-0.015517241379310343,0.4656940760389038,1.0,D-1 estimated accounting; fill-day constraints require ledger audit,momentum,V4_MOMENTUM_full,disabled,2012-01-09,risk_on,0.02472066824972171,0.01581023615438304,0.027888400197300545,0.6495726495726496,0.07323362005818802,0.6239316239316239,0.47863247863247865,,,{},3260.TWO,2012-01-09,2012-01-10
0.0,0,-202000,-0.02241379310344828,0.41603300913645735,1.0,D-1 estimated accounting; fill-day constraints require ledger audit,momentum,V4_MOMENTUM_full,disabled,2012-01-09,risk_on,0.02472066824972171,0.01581023615438304,0.027888400197300545,0.6495726495726496,0.07323362005818802,0.6239316239316239,0.47863247863247865,,,{},3293.TWO,2012-01-09,2012-01-10
0.03953600590593384,1573000,0,-0.014655172413793105,0.4928087238432066,1.0,D-1 estimated accounting; fill-day constraints require ledger audit,momentum,V4_MOMENTUM_full,disabled,2012-01-09,risk_on,0.02472066824972171,0.01581023615438304,0.027888400197300545,0.6495726495726496,0.07323362005818802,0.6239316239316239,0.47863247863247865,,,{},3363.TWO,2012-01-09,2012-01-10
0.04231993987032126,1371000,0,0.0353448275862069,0.9370714215541802,1.0,D-1 estimated accounting; fill-day constraints require ledger audit,momentum,V4_MOMENTUM_full,disabled,2012-01-09,risk_on,0.02472066824972171,0.01581023615438304,0.027888400197300545,0.6495726495726496,0.07323362005818802,0.6239316239316239,0.47863247863247865,,,{},4123.TWO,2012-01-09,2012-01-10
0.0423298825790849,885000,0,0.026724137931034488,0.8207977207977208,1.0,D-1 estimated accounting; fill-day constraints require ledger audit,momentum,V4_MOMENTUM_full,disabled,2012-01-09,risk_on,0.02472066824972171,0.01581023615438304,0.027888400197300545,0.6495726495726496,0.07323362005818802,0.6239316239316239,0.47863247863247865,,,{},5483.TWO,2012-01-09,2012-01-10
0.040539803170743315,232000,0,0.009482758620689659,0.6913645741231949,1.0,D-1 estimated accounting; fill-day constraints require ledger audit,momentum,V4_MOMENTUM_full,disabled,2012-01-09,risk_on,0.02472066824972171,0.01581023615438304,0.027888400197300545,0.6495726495726496,0.07323362005818802,0.6239316239316239,0.47863247863247865,,,{},6121.TWO,2012-01-09,2012-01-10
0.0391751296587887,2908000,0,-0.002586206896551724,0.6002996365065331,1.0,D-1 estimated accounting; fill-day constraints require ledger audit,momentum,V4_MOMENTUM_full,disabled,2012-01-09,risk_on,0.02472066824972171,0.01581023615438304,0.027888400197300545,0.6495726495726496,0.07323362005818802,0.6239316239316239,0.47863247863247865,,,{},6187.TWO,2012-01-09,2012-01-10
0.04124559314807726,932000,0,0.039655172413793106,1.0285145888594165,1.0,D-1 estimated accounting; fill-day constraints require ledger audit,momentum,V4_MOMENTUM_full,disabled,2012-01-10,risk_on,0.02525698458453823,0.01768486271107106,0.05202310927543796,0.6752136752136753,0.07701028341248055,0.7521367521367521,0.5897435897435898,,,{},1216.TW,2012-01-10,2012-01-11
0.041217110200094144,1174000,0,0.03362068965517241,0.9538854504371745,1.0,D-1 estimated accounting; fill-day constraints require ledger audit,momentum,V4_MOMENTUM_full,disabled,2012-01-10,risk_on,0.02525698458453823,0.01768486271107106,0.05202310927543796,0.6752136752136753,0.07701028341248055,0.7521367521367521,0.5897435897435898,,,{},1402.TW,2012-01-10,2012-01-11
0.0399662907745011,286000,0,-0.0077586206896551714,0.5283966990863542,1.0,D-1 estimated accounting; fill-day constraints require ledger audit,momentum,V4_MOMENTUM_full,disabled,2012-01-10,risk_on,0.02525698458453823,0.01768486271107106,0.05202310927543796,0.6752136752136753,0.07701028341248055,0.7521367521367521,0.5897435897435898,,,{},2059.TW,2012-01-10,2012-01-11
0.044046594587365775,1211000,0,0.05,1.2972590627763043,1.0,D-1 estimated accounting; fill-day constraints require ledger audit,momentum,V4_MOMENTUM_full,disabled,2012-01-10,risk_on,0.02525698458453823,0.01768486271107106,0.05202310927543796,0.6752136752136753,0.07701028341248055,0.7521367521367521,0.5897435897435898,,,{},2301.TW,2012-01-10,2012-01-11
0.042074077530965,572000,0,0.04224137931034483,1.0571765399351605,1.0,D-1 estimated accounting; fill-day constraints require ledger audit,momentum,V4_MOMENTUM_full,disabled,2012-01-10,risk_on,0.02525698458453823,0.01768486271107106,0.05202310927543796,0.6752136752136753,0.07701028341248055,0.7521367521367521,0.5897435897435898,,,{},2308.TW,2012-01-10,2012-01-11
0.04284071114370172,1366000,0,0.04827586206896552,1.1638520483348067,1.0,D-1 estimated accounting; fill-day constraints require ledger audit,momentum,V4_MOMENTUM_full,disabled,2012-01-10,risk_on,0.02525698458453823,0.01768486271107106,0.05202310927543796,0.6752136752136753,0.07701028341248055,0.7521367521367521,0.5897435897435898,,,{},2324.TW,2012-01-10,2012-01-11
0.040937384320157554,564000,0,0.027586206896551724,0.8674231260438158,1.0,D-1 estimated accounting; fill-day constraints require ledger audit,momentum,V4_MOMENTUM_full,disabled,2012-01-10,risk_on,0.02525698458453823,0.01768486271107106,0.05202310927543796,0.6752136752136753,0.07701028341248055,0.7521367521367521,0.5897435897435898,,,{},2347.TW,2012-01-10,2012-01-11
0.04272369288897586,191000,0,0.045689655172413794,1.1047990961784067,1.0,D-1 estimated accounting; fill-day constraints require ledger audit,momentum,V4_MOMENTUM_full,disabled,2012-01-10,risk_on,0.02525698458453823,0.01768486271107106,0.05202310927543796,0.6752136752136753,0.07701028341248055,0.7521367521367521,0.5897435897435898,,,{},2357.TW,2012-01-10,2012-01-11
0.04116563674972875,647000,0,0.037068965517241384,1.0114500442086651,1.0,D-1 estimated accounting; fill-day constraints require ledger audit,momentum,V4_MOMENTUM_full,disabled,2012-01-10,risk_on,0.02525698458453823,0.01768486271107106,0.05202310927543796,0.6752136752136753,0.07701028341248055,0.7521367521367521,0.5897435897435898,,,{},2382.TW,2012-01-10,2012-01-11
0.040647256817578685,492000,0,0.01637931034482759,0.7375429806464289,1.0,D-1 estimated accounting; fill-day constraints require ledger audit,momentum,V4_MOMENTUM_full,disabled,2012-01-10,risk_on,0.02525698458453823,0.01768486271107106,0.05202310927543796,0.6752136752136753,0.07701028341248055,0.7521367521367521,0.5897435897435898,,,{},2395.TW,2012-01-10,2012-01-11
0.0,0,-4089000,-0.03793103448275862,0.21915708812260537,1.0,D-1 estimated accounting; fill-day constraints require ledger audit,momentum,V4_MOMENTUM_full,disabled,2012-01-10,risk_on,0.02525698458453823,0.01768486271107106,0.05202310927543796,0.6752136752136753,0.07701028341248055,0.7521367521367521,0.5897435897435898,,,{},2449.TW,2012-01-10,2012-01-11
0.04408693732938964,2699000,0,0.043965517241379315,1.0837017388741526,1.0,D-1 estimated accounting; fill-day constraints require ledger audit,momentum,V4_MOMENTUM_full,disabled,2012-01-10,risk_on,0.02525698458453823,0.01768486271107106,0.05202310927543796,0.6752136752136753,0.07701028341248055,0.7521367521367521,0.5897435897435898,,,{},2603.TW,2012-01-10,2012-01-11
0.04446538141300149,3413000,0,0.04310344827586207,1.0802534630120837,1.0,D-1 estimated accounting; fill-day constraints require ledger audit,momentum,V4_MOMENTUM_full,disabled,2012-01-10,risk_on,0.02525698458453823,0.01768486271107106,0.05202310927543796,0.6752136752136753,0.07701028341248055,0.7521367521367521,0.5897435897435898,,,{},2609.TW,2012-01-10,2012-01-11
0.04166131781377623,2819000,0,0.03017241379310345,0.8988849592297867,1.0,D-1 estimated accounting; fill-day constraints require ledger audit,momentum,V4_MOMENTUM_full,disabled,2012-01-10,risk_on,0.02525698458453823,0.01768486271107106,0.05202310927543796,0.6752136752136753,0.07701028341248055,0.7521367521367521,0.5897435897435898,,,{},2615.TW,2012-01-10,2012-01-11
0.041897687397465466,543000,0,0.0353448275862069,0.9660821298752331,1.0,D-1 estimated accounting; fill-day constraints require ledger audit,momentum,V4_MOMENTUM_full,disabled,2012-01-10,risk_on,0.02525698458453823,0.01768486271107106,0.05202310927543796,0.6752136752136753,0.07701028341248055,0.7521367521367521,0.5897435897435898,,,{},3034.TW,2012-01-10,2012-01-11
0.04286416340036017,1062000,0,0.04741379310344828,1.1524658610865506,1.0,D-1 estimated accounting; fill-day constraints require ledger audit,momentum,V4_MOMENTUM_full,disabled,2012-01-10,risk_on,0.02525698458453823,0.01768486271107106,0.05202310927543796,0.6752136752136753,0.07701028341248055,0.7521367521367521,0.5897435897435898,,,{},3231.TW,2012-01-10,2012-01-11
0.03945090009371786,1294000,0,-0.016379310344827588,0.42793987621573826,1.0,D-1 estimated accounting; fill-day constraints require ledger audit,momentum,V4_MOMENTUM_full,disabled,2012-01-10,risk_on,0.02525698458453823,0.01768486271107106,0.05202310927543796,0.6752136752136753,0.07701028341248055,0.7521367521367521,0.5897435897435898,,,{},3260.TWO,2012-01-10,2012-01-11
0.03931128018231598,1573000,0,-0.03017241379310345,0.3051232930543275,1.0,D-1 estimated accounting; fill-day constraints require ledger audit,momentum,V4_MOMENTUM_full,disabled,2012-01-10,risk_on,0.02525698458453823,0.01768486271107106,0.05202310927543796,0.6752136752136753,0.07701028341248055,0.7521367521367521,0.5897435897435898,,,{},3363.TWO,2012-01-10,2012-01-11
0.041730872589482444,1371000,0,0.024137931034482765,0.8367423126043816,1.0,D-1 estimated accounting; fill-day constraints require ledger audit,momentum,V4_MOMENTUM_full,disabled,2012-01-10,risk_on,0.02525698458453823,0.01768486271107106,0.05202310927543796,0.6752136752136753,0.07701028341248055,0.7521367521367521,0.5897435897435898,,,{},4123.TWO,2012-01-10,2012-01-11
0.043185568679435876,1225000,1225000,0.04913793103448277,1.1809313292071915,1.0,D-1 estimated accounting; fill-day constraints require ledger audit,momentum,V4_MOMENTUM_full,disabled,2012-01-10,risk_on,0.02525698458453823,0.01768486271107106,0.05202310927543796,0.6752136752136753,0.07701028341248055,0.7521367521367521,0.5897435897435898,,,{},4938.TW,2012-01-10,2012-01-11
0.042050430851453435,885000,0,0.018965517241379317,0.7581196581196581,1.0,D-1 estimated accounting; fill-day constraints require ledger audit,momentum,V4_MOMENTUM_full,disabled,2012-01-10,risk_on,0.02525698458453823,0.01768486271107106,0.05202310927543796,0.6752136752136753,0.07701028341248055,0.7521367521367521,0.5897435897435898,,,{},5483.TWO,2012-01-10,2012-01-11
0.04011794059994022,232000,0,-0.006896551724137934,0.5533402102367619,1.0,D-1 estimated accounting; fill-day constraints require ledger audit,momentum,V4_MOMENTUM_full,disabled,2012-01-10,risk_on,0.02525698458453823,0.01768486271107106,0.05202310927543796,0.6752136752136753,0.07701028341248055,0.7521367521367521,0.5897435897435898,,,{},6121.TWO,2012-01-10,2012-01-11
0.03887667219700704,2908000,0,-0.006034482758620691,0.5567295412122999,1.0,D-1 estimated accounting; fill-day constraints require ledger audit,momentum,V4_MOMENTUM_full,disabled,2012-01-10,risk_on,0.02525698458453823,0.01768486271107106,0.05202310927543796,0.6752136752136753,0.07701028341248055,0.7521367521367521,0.5897435897435898,,,{},6187.TWO,2012-01-10,2012-01-11
0.04121385482390004,932000,0,0.037068965517241384,0.9712840161116024,1.0,D-1 estimated accounting; fill-day constraints require ledger audit,momentum,V4_MOMENTUM_full,disabled,2012-01-11,risk_on,0.025165539880091625,0.019093065884832727,0.04395604395604402,0.7008547008547008,0.07416603868230848,0.7948717948717948,0.5811965811965812,,,{},1216.TW,2012-01-11,2012-01-12
0.040993207868205164,1174000,0,0.025862068965517238,0.8339768150112978,1.0,D-1 estimated accounting; fill-day constraints require ledger audit,momentum,V4_MOMENTUM_full,disabled,2012-01-11,risk_on,0.025165539880091625,0.019093065884832727,0.04395604395604402,0.7008547008547008,0.07416603868230848,0.7948717948717948,0.5811965811965812,,,{},1402.TW,2012-01-11,2012-01-12
0.03952693187774444,286000,0,-0.013793103448275862,0.488672757638275,1.0,D-1 estimated accounting; fill-day constraints require ledger audit,momentum,V4_MOMENTUM_full,disabled,2012-01-11,risk_on,0.025165539880091625,0.019093065884832727,0.04395604395604402,0.7008547008547008,0.07416603868230848,0.7948717948717948,0.5811965811965812,,,{},2059.TW,2012-01-11,2012-01-12
0.04386808085664955,1211000,0,0.04913793103448277,1.22977207977208,1.0,D-1 estimated accounting; fill-day constraints require ledger audit,momentum,V4_MOMENTUM_full,disabled,2012-01-11,risk_on,0.025165539880091625,0.019093065884832727,0.04395604395604402,0.7008547008547008,0.07416603868230848,0.7948717948717948,0.5811965811965812,,,{},2301.TW,2012-01-11,2012-01-12
0.04190355809315469,572000,0,0.036206896551724134,0.9666764908144219,1.0,D-1 estimated accounting; fill-day constraints require ledger audit,momentum,V4_MOMENTUM_full,disabled,2012-01-11,risk_on,0.025165539880091625,0.019093065884832727,0.04395604395604402,0.7008547008547008,0.07416603868230848,0.7948717948717948,0.5811965811965812,,,{},2308.TW,2012-01-11,2012-01-12
0.04213788051286533,1366000,0,0.03793103448275862,0.9778760192553297,1.0,D-1 estimated accounting; fill-day constraints require ledger audit,momentum,V4_MOMENTUM_full,disabled,2012-01-11,risk_on,0.025165539880091625,0.019093065884832727,0.04395604395604402,0.7008547008547008,0.07416603868230848,0.7948717948717948,0.5811965811965812,,,{},2324.TW,2012-01-11,2012-01-12
0.040771471716261234,564000,0,0.02155172413793104,0.7897681501129777,1.0,D-1 estimated accounting; fill-day constraints require ledger audit,momentum,V4_MOMENTUM_full,disabled,2012-01-11,risk_on,0.025165539880091625,0.019093065884832727,0.04395604395604402,0.7008547008547008,0.07416603868230848,0.7948717948717948,0.5811965811965812,,,{},2347.TW,2012-01-11,2012-01-12
0.04255054066508582,191000,0,0.04310344827586207,1.0271735926908343,1.0,D-1 estimated accounting; fill-day constraints require ledger audit,momentum,V4_MOMENTUM_full,disabled,2012-01-11,risk_on,0.025165539880091625,0.019093065884832727,0.04395604395604402,0.7008547008547008,0.07416603868230848,0.7948717948717948,0.5811965811965812,,,{},2357.TW,2012-01-11,2012-01-12
0.04137493484695285,647000,0,0.03362068965517241,0.9260339915512331,1.0,D-1 estimated accounting; fill-day constraints require ledger audit,momentum,V4_MOMENTUM_full,disabled,2012-01-11,risk_on,0.025165539880091625,0.019093065884832727,0.04395604395604402,0.7008547008547008,0.07416603868230848,0.7948717948717948,0.5811965811965812,,,{},2382.TW,2012-01-11,2012-01-12
0.04072093301030568,492000,0,0.01724137931034483,0.7592396109637488,1.0,D-1 estimated accounting; fill-day constraints require ledger audit,momentum,V4_MOMENTUM_full,disabled,2012-01-11,risk_on,0.025165539880091625,0.019093065884832727,0.04395604395604402,0.7008547008547008,0.07416603868230848,0.7948717948717948,0.5811965811965812,,,{},2395.TW,2012-01-11,2012-01-12
0.04317530363353647,3118000,3118000,0.046551724137931044,1.1451075744179193,1.0,D-1 estimated accounting; fill-day constraints require ledger audit,momentum,V4_MOMENTUM_full,disabled,2012-01-11,risk_on,0.025165539880091625,0.019093065884832727,0.04395604395604402,0.7008547008547008,0.07416603868230848,0.7948717948717948,0.5811965811965812,,,{},2409.TW,2012-01-11,2012-01-12
0.04430029813263061,2699000,0,0.043965517241379315,1.039664996561548,1.0,D-1 estimated accounting; fill-day constraints require ledger audit,momentum,V4_MOMENTUM_full,disabled,2012-01-11,risk_on,0.025165539880091625,0.019093065884832727,0.04395604395604402,0.7008547008547008,0.07416603868230848,0.7948717948717948,0.5811965811965812,,,{},2603.TW,2012-01-11,2012-01-12
0.04395468406062895,3413000,0,0.03879310344827587,0.981967776795363,1.0,D-1 estimated accounting; fill-day constraints require ledger audit,momentum,V4_MOMENTUM_full,disabled,2012-01-11,risk_on,0.025165539880091625,0.019093065884832727,0.04395604395604402,0.7008547008547008,0.07416603868230848,0.7948717948717948,0.5811965811965812,,,{},2609.TW,2012-01-11,2012-01-12
0.04094651765566289,2819000,0,0.019827586206896553,0.7775763827487967,1.0,D-1 estimated accounting; fill-day constraints require ledger audit,momentum,V4_MOMENTUM_full,disabled,2012-01-11,risk_on,0.025165539880091625,0.019093065884832727,0.04395604395604402,0.7008547008547008,0.07416603868230848,0.7948717948717948,0.5811965811965812,,,{},2615.TW,2012-01-11,2012-01-12
0.043674833237708356,543000,0,0.05,1.243216425975047,1.0,D-1 estimated accounting; fill-day constraints require ledger audit,momentum,V4_MOMENTUM_full,disabled,2012-01-11,risk_on,0.025165539880091625,0.019093065884832727,0.04395604395604402,0.7008547008547008,0.07416603868230848,0.7948717948717948,0.5811965811965812,,,{},3034.TW,2012-01-11,2012-01-12
0.0427933104068168,1062000,0,0.04741379310344828,1.1766774732291974,1.0,D-1 estimated accounting; fill-day constraints require ledger audit,momentum,V4_MOMENTUM_full,disabled,2012-01-11,risk_on,0.025165539880091625,0.019093065884832727,0.04395604395604402,0.7008547008547008,0.07416603868230848,0.7948717948717948,0.5811965811965812,,,{},3231.TW,2012-01-11,2012-01-12
0.03922834687934032,1294000,0,-0.008620689655172415,0.5277384811867571,1.0,D-1 estimated accounting; fill-day constraints require ledger audit,momentum,V4_MOMENTUM_full,disabled,2012-01-11,risk_on,0.025165539880091625,0.019093065884832727,0.04395604395604402,0.7008547008547008,0.07416603868230848,0.7948717948717948,0.5811965811965812,,,{},3260.TWO,2012-01-11,2012-01-12
0.04181794726797998,1573000,0,0.028448275862068963,0.8458984183122114,1.0,D-1 estimated accounting; fill-day constraints require ledger audit,momentum,V4_MOMENTUM_full,disabled,2012-01-11,risk_on,0.025165539880091625,0.019093065884832727,0.04395604395604402,0.7008547008547008,0.07416603868230848,0.7948717948717948,0.5811965811965812,,,{},3363.TWO,2012-01-11,2012-01-12
0.041428958980905345,1371000,0,-0.0008620689655172431,0.5951910796738382,1.0,D-1 estimated accounting; fill-day constraints require ledger audit,momentum,V4_MOMENTUM_full,disabled,2012-01-11,risk_on,0.025165539880091625,0.019093065884832727,0.04395604395604402,0.7008547008547008,0.07416603868230848,0.7948717948717948,0.5811965811965812,,,{},4123.TWO,2012-01-11,2012-01-12
0.043010544547598006,1225000,0,0.04827586206896552,1.1907800373317616,1.0,D-1 estimated accounting; fill-day constraints require ledger audit,momentum,V4_MOMENTUM_full,disabled,2012-01-11,risk_on,0.025165539880091625,0.019093065884832727,0.04395604395604402,0.7008547008547008,0.07416603868230848,0.7948717948717948,0.5811965811965812,,,{},4938.TW,2012-01-11,2012-01-12
0.04209433686726473,885000,0,0.0017241379310344862,0.6157972295903331,1.0,D-1 estimated accounting; fill-day constraints require ledger audit,momentum,V4_MOMENTUM_full,disabled,2012-01-11,risk_on,0.025165539880091625,0.019093065884832727,0.04395604395604402,0.7008547008547008,0.07416603868230848,0.7948717948717948,0.5811965811965812,,,{},5483.TWO,2012-01-11,2012-01-12
0.04006789934810211,232000,0,-0.016379310344827588,0.4646085077119559,1.0,D-1 estimated accounting; fill-day constraints require ledger audit,momentum,V4_MOMENTUM_full,disabled,2012-01-11,risk_on,0.025165539880091625,0.019093065884832727,0.04395604395604402,0.7008547008547008,0.07416603868230848,0.7948717948717948,0.5811965811965812,,,{},6121.TWO,2012-01-11,2012-01-12
0.0,0,-2908000,-0.023275862068965522,0.40501522742902046,1.0,D-1 estimated accounting; fill-day constraints require ledger audit,momentum,V4_MOMENTUM_full,disabled,2012-01-11,risk_on,0.025165539880091625,0.019093065884832727,0.04395604395604402,0.7008547008547008,0.07416603868230848,0.7948717948717948,0.5811965811965812,,,{},6187.TWO,2012-01-11,2012-01-12
0.041391486984497856,932000,0,0.0353448275862069,0.9994498477257099,1.0,D-1 estimated accounting; fill-day constraints require ledger audit,momentum,V4_MOMENTUM_full,disabled,2012-01-12,risk_on,0.023746867738942423,0.011964076886647135,0.0684210526315785,0.5726495726495726,0.07739114153974355,0.7350427350427351,0.5726495726495726,,,{},1216.TW,2012-01-12,2012-01-13
0.041181884016282144,1174000,0,0.02931034482758621,0.8809755378720897,1.0,D-1 estimated accounting; fill-day constraints require ledger audit,momentum,V4_MOMENTUM_full,disabled,2012-01-12,risk_on,0.023746867738942423,0.011964076886647135,0.0684210526315785,0.5726495726495726,0.07739114153974355,0.7350427350427351,0.5726495726495726,,,{},1402.TW,2012-01-12,2012-01-13
0.03812336100069889,286000,0,-0.01896551724137931,0.4238088220846842,1.0,D-1 estimated accounting; fill-day constraints require ledger audit,momentum,V4_MOMENTUM_full,disabled,2012-01-12,risk_on,0.023746867738942423,0.011964076886647135,0.0684210526315785,0.5726495726495726,0.07739114153974355,0.7350427350427351,0.5726495726495726,,,{},2059.TW,2012-01-12,2012-01-13
0.04406778568095652,1211000,0,0.046551724137931044,1.1287651046271736,1.0,D-1 estimated accounting; fill-day constraints require ledger audit,momentum,V4_MOMENTUM_full,disabled,2012-01-12,risk_on,0.023746867738942423,0.011964076886647135,0.0684210526315785,0.5726495726495726,0.07739114153974355,0.7350427350427351,0.5726495726495726,,,{},2301.TW,2012-01-12,2012-01-13
0.04264978469220618,572000,0,0.036206896551724134,1.0020041261420571,1.0,D-1 estimated accounting; fill-day constraints require ledger audit,momentum,V4_MOMENTUM_full,disabled,2012-01-12,risk_on,0.023746867738942423,0.011964076886647135,0.0684210526315785,0.5726495726495726,0.07739114153974355,0.7350427350427351,0.5726495726495726,,,{},2308.TW,2012-01-12,2012-01-13
0.042472282641967896,1366000,0,0.03362068965517241,0.9900137538068572,1.0,D-1 estimated accounting; fill-day constraints require ledger audit,momentum,V4_MOMENTUM_full,disabled,2012-01-12,risk_on,0.023746867738942423,0.011964076886647135,0.0684210526315785,0.5726495726495726,0.07739114153974355,0.7350427350427351,0.5726495726495726,,,{},2324.TW,2012-01-12,2012-01-13
0.04139585776001672,564000,0,0.025862068965517238,0.8455447489930249,1.0,D-1 estimated accounting; fill-day constraints require ledger audit,momentum,V4_MOMENTUM_full,disabled,2012-01-12,risk_on,0.023746867738942423,0.011964076886647135,0.0684210526315785,0.5726495726495726,0.07739114153974355,0.7350427350427351,0.5726495726495726,,,{},2347.TW,2012-01-12,2012-01-13
0.04268717910497868,191000,0,0.0077586206896551714,0.6803713527851458,1.0,D-1 estimated accounting; fill-day constraints require ledger audit,momentum,V4_MOMENTUM_full,disabled,2012-01-12,risk_on,0.023746867738942423,0.011964076886647135,0.0684210526315785,0.5726495726495726,0.07739114153974355,0.7350427350427351,0.5726495726495726,,,{},2357.TW,2012-01-12,2012-01-13
0.04163357938407045,647000,0,0.026724137931034488,0.861292857844582,1.0,D-1 estimated accounting; fill-day constraints require ledger audit,momentum,V4_MOMENTUM_full,disabled,2012-01-12,risk_on,0.023746867738942423,0.011964076886647135,0.0684210526315785,0.5726495726495726,0.07739114153974355,0.7350427350427351,0.5726495726495726,,,{},2382.TW,2012-01-12,2012-01-13
0.04085169620791824,492000,0,0.024137931034482765,0.798221829256312,1.0,D-1 estimated accounting; fill-day constraints require ledger audit,momentum,V4_MOMENTUM_full,disabled,2012-01-12,risk_on,0.023746867738942423,0.011964076886647135,0.0684210526315785,0.5726495726495726,0.07739114153974355,0.7350427350427351,0.5726495726495726,,,{},2395.TW,2012-01-12,2012-01-13
0.04316250094265506,3118000,0,0.04741379310344828,1.1421259455742214,1.0,D-1 estimated accounting; fill-day constraints require ledger audit,momentum,V4_MOMENTUM_full,disabled,2012-01-12,risk_on,0.023746867738942423,0.011964076886647135,0.0684210526315785,0.5726495726495726,0.07739114153974355,0.7350427350427351,0.5726495726495726,,,{},2409.TW,2012-01-12,2012-01-13
0.044180357432653465,2699000,0,0.018103448275862067,0.756331663228215,1.0,D-1 estimated accounting; fill-day constraints require ledger audit,momentum,V4_MOMENTUM_full,disabled,2012-01-12,risk_on,0.023746867738942423,0.011964076886647135,0.0684210526315785,0.5726495726495726,0.07739114153974355,0.7350427350427351,0.5726495726495726,,,{},2603.TW,2012-01-12,2012-01-13
0.042935414872363895,3413000,0,-0.005172413793103448,0.5804253855977994,1.0,D-1 estimated accounting; fill-day constraints require ledger audit,momentum,V4_MOMENTUM_full,disabled,2012-01-12,risk_on,0.023746867738942423,0.011964076886647135,0.0684210526315785,0.5726495726495726,0.07739114153974355,0.7350427350427351,0.5726495726495726,,,{},2609.TW,2012-01-12,2012-01-13
0.04135185861979349,2819000,0,0.028448275862068963,0.8714657628450732,1.0,D-1 estimated accounting; fill-day constraints require ledger audit,momentum,V4_MOMENTUM_full,disabled,2012-01-12,risk_on,0.023746867738942423,0.011964076886647135,0.0684210526315785,0.5726495726495726,0.07739114153974355,0.7350427350427351,0.5726495726495726,,,{},2615.TW,2012-01-12,2012-01-13
0.04487086711837522,543000,0,0.05,1.2603251792906967,1.0,D-1 estimated accounting; fill-day constraints require ledger audit,momentum,V4_MOMENTUM_full,disabled,2012-01-12,risk_on,0.023746867738942423,0.011964076886647135,0.0684210526315785,0.5726495726495726,0.07739114153974355,0.7350427350427351,0.5726495726495726,,,{},3034.TW,2012-01-12,2012-01-13
0.042466333530844995,1062000,0,0.04827586206896552,1.1489340799685628,1.0,D-1 estimated accounting; fill-day constraints require ledger audit,momentum,V4_MOMENTUM_full,disabled,2012-01-12,risk_on,0.023746867738942423,0.011964076886647135,0.0684210526315785,0.5726495726495726,0.07739114153974355,0.7350427350427351,0.5726495726495726,,,{},3231.TW,2012-01-12,2012-01-13
0.0,0,-1294000,-0.03793103448275862,0.17387759111897041,1.0,D-1 estimated accounting; fill-day constraints require ledger audit,momentum,V4_MOMENTUM_full,disabled,2012-01-12,risk_on,0.023746867738942423,0.011964076886647135,0.0684210526315785,0.5726495726495726,0.07739114153974355,0.7350427350427351,0.5726495726495726,,,{},3260.TWO,2012-01-12,2012-01-13
0.041264491673588664,1573000,0,0.01724137931034483,0.7440662147558699,1.0,D-1 estimated accounting; fill-day constraints require ledger audit,momentum,V4_MOMENTUM_full,disabled,2012-01-12,risk_on,0.023746867738942423,0.011964076886647135,0.0684210526315785,0.5726495726495726,0.07739114153974355,0.7350427350427351,0.5726495726495726,,,{},3363.TWO,2012-01-12,2012-01-13
0.04076272664402315,1371000,0,-0.0017241379310344808,0.5957166715787404,1.0,D-1 estimated accounting; fill-day constraints require ledger audit,momentum,V4_MOMENTUM_full,disabled,2012-01-12,risk_on,0.023746867738942423,0.011964076886647135,0.0684210526315785,0.5726495726495726,0.07739114153974355,0.7350427350427351,0.5726495726495726,,,{},4123.TWO,2012-01-12,2012-01-13
0.04195835228720821,1225000,0,0.04310344827586207,1.0488407505648887,1.0,D-1 estimated accounting; fill-day constraints require ledger audit,momentum,V4_MOMENTUM_full,disabled,2012-01-12,risk_on,0.023746867738942423,0.011964076886647135,0.0684210526315785,0.5726495726495726,0.07739114153974355,0.7350427350427351,0.5726495726495726,,,{},4938.TW,2012-01-12,2012-01-13
0.043176705963091366,3865000,3865000,0.04913793103448277,1.2140976520286866,1.0,D-1 estimated accounting; fill-day constraints require ledger audit,momentum,V4_MOMENTUM_full,disabled,2012-01-12,risk_on,0.023746867738942423,0.011964076886647135,0.0684210526315785,0.5726495726495726,0.07739114153974355,0.7350427350427351,0.5726495726495726,,,{},5347.TWO,2012-01-12,2012-01-13
0.04343361043525567,885000,0,0.025,0.800034384517143,1.0,D-1 estimated accounting; fill-day constraints require ledger audit,momentum,V4_MOMENTUM_full,disabled,2012-01-12,risk_on,0.023746867738942423,0.011964076886647135,0.0684210526315785,0.5726495726495726,0.07739114153974355,0.7350427350427351,0.5726495726495726,,,{},5483.TWO,2012-01-12,2012-01-13
0.040422388923620996,232000,0,-0.0077586206896551714,0.5434620296689261,1.0,D-1 estimated accounting; fill-day constraints require ledger audit,momentum,V4_MOMENTUM_full,disabled,2012-01-12,risk_on,0.023746867738942423,0.011964076886647135,0.0684210526315785,0.5726495726495726,0.07739114153974355,0.7350427350427351,0.5726495726495726,,,{},6121.TWO,2012-01-12,2012-01-13
0.04142042459365913,932000,0,0.037068965517241384,1.027546910305531,1.0,D-1 estimated accounting; fill-day constraints require ledger audit,momentum,V4_MOMENTUM_full,disabled,2012-01-13,risk_on,0.024425343308277888,2.220446049250313e-16,0.05185183772334234,0.5042735042735043,0.07682606756153447,0.6068376068376068,0.5299145299145299,,,{},1216.TW,2012-01-13,2012-01-16
0.04132483208255603,1174000,0,0.032758620689655175,0.9673199724923862,1.0,D-1 estimated accounting; fill-day constraints require ledger audit,momentum,V4_MOMENTUM_full,disabled,2012-01-13,risk_on,0.024425343308277888,2.220446049250313e-16,0.05185183772334234,0.5042735042735043,0.07682606756153447,0.6068376068376068,0.5299145299145299,,,{},1402.TW,2012-01-13,2012-01-16
0.03856771467919449,286000,0,-0.01120689655172414,0.4807741428431084,1.0,D-1 estimated accounting; fill-day constraints require ledger audit,momentum,V4_MOMENTUM_full,disabled,2012-01-13,risk_on,0.024425343308277888,2.220446049250313e-16,0.05185183772334234,0.5042735042735043,0.07682606756153447,0.6068376068376068,0.5299145299145299,,,{},2059.TW,2012-01-13,2012-01-16
0.04409859434359568,1211000,0,0.04913793103448277,1.1711219176736416,1.0,D-1 estimated accounting; fill-day constraints require ledger audit,momentum,V4_MOMENTUM_full,disabled,2012-01-13,risk_on,0.024425343308277888,2.220446049250313e-16,0.05185183772334234,0.5042735042735043,0.07682606756153447,0.6068376068376068,0.5299145299145299,,,{},2301.TW,2012-01-13,2012-01-16
0.043347340234349475,572000,0,0.04137931034482759,1.0692405933785245,1.0,D-1 estimated accounting; fill-day constraints require ledger audit,momentum,V4_MOMENTUM_full,disabled,2012-01-13,risk_on,0.024425343308277888,2.220446049250313e-16,0.05185183772334234,0.5042735042735043,0.07682606756153447,0.6068376068376068,0.5299145299145299,,,{},2308.TW,2012-01-13,2012-01-16
0.04276761320590572,1366000,0,0.0353448275862069,1.0098094115335494,1.0,D-1 estimated accounting; fill-day constraints require ledger audit,momentum,V4_MOMENTUM_full,disabled,2012-01-13,risk_on,0.024425343308277888,2.220446049250313e-16,0.05185183772334234,0.5042735042735043,0.07682606756153447,0.6068376068376068,0.5299145299145299,,,{},2324.TW,2012-01-13,2012-01-16
0.04186373668632942,564000,0,0.03448275862068966,0.9989979369289714,1.0,D-1 estimated accounting; fill-day constraints require ledger audit,momentum,V4_MOMENTUM_full,disabled,2012-01-13,risk_on,0.024425343308277888,2.220446049250313e-16,0.05185183772334234,0.5042735042735043,0.07682606756153447,0.6068376068376068,0.5299145299145299,,,{},2347.TW,2012-01-13,2012-01-16
0.04271702255818923,191000,0,0.012931034482758619,0.766396502603399,1.0,D-1 estimated accounting; fill-day constraints require ledger audit,momentum,V4_MOMENTUM_full,disabled,2012-01-13,risk_on,0.024425343308277888,2.220446049250313e-16,0.05185183772334234,0.5042735042735043,0.07682606756153447,0.6068376068376068,0.5299145299145299,,,{},2357.TW,2012-01-13,2012-01-16
0.04166268624482789,647000,0,0.03017241379310345,0.9212250712250712,1.0,D-1 estimated accounting; fill-day constraints require ledger audit,momentum,V4_MOMENTUM_full,disabled,2012-01-13,risk_on,0.024425343308277888,2.220446049250313e-16,0.05185183772334234,0.5042735042735043,0.07682606756153447,0.6068376068376068,0.5299145299145299,,,{},2382.TW,2012-01-13,2012-01-16
0.0409281255913844,492000,0,0.027586206896551724,0.8941693683072993,1.0,D-1 estimated accounting; fill-day constraints require ledger audit,momentum,V4_MOMENTUM_full,disabled,2012-01-13,risk_on,0.024425343308277888,2.220446049250313e-16,0.05185183772334234,0.5042735042735043,0.07682606756153447,0.6068376068376068,0.5299145299145299,,,{},2395.TW,2012-01-13,2012-01-16
0.04213180394166482,3118000,0,0.04482758620689656,1.0875135082031635,1.0,D-1 estimated accounting; fill-day constraints require ledger audit,momentum,V4_MOMENTUM_full,disabled,2012-01-13,risk_on,0.024425343308277888,2.220446049250313e-16,0.05185183772334234,0.5042735042735043,0.07682606756153447,0.6068376068376068,0.5299145299145299,,,{},2409.TW,2012-01-13,2012-01-16
0.04421124479643603,2699000,0,0.025,0.8781953040573731,1.0,D-1 estimated accounting; fill-day constraints require ledger audit,momentum,V4_MOMENTUM_full,disabled,2012-01-13,risk_on,0.024425343308277888,2.220446049250313e-16,0.05185183772334234,0.5042735042735043,0.07682606756153447,0.6068376068376068,0.5299145299145299,,,{},2603.TW,2012-01-13,2012-01-16
0.04230187307872902,3413000,0,0.0017241379310344862,0.5808625601729052,1.0,D-1 estimated accounting; fill-day constraints require ledger audit,momentum,V4_MOMENTUM_full,disabled,2012-01-13,risk_on,0.024425343308277888,2.220446049250313e-16,0.05185183772334234,0.5042735042735043,0.07682606756153447,0.6068376068376068,0.5299145299145299,,,{},2609.TW,2012-01-13,2012-01-16
0.04151779093631041,2819000,0,0.02931034482758621,0.9182336182336183,1.0,D-1 estimated accounting; fill-day constraints require ledger audit,momentum,V4_MOMENTUM_full,disabled,2012-01-13,risk_on,0.024425343308277888,2.220446049250313e-16,0.05185183772334234,0.5042735042735043,0.07682606756153447,0.6068376068376068,0.5299145299145299,,,{},2615.TW,2012-01-13,2012-01-16
0.04463810642392667,543000,0,0.05,1.2585863051380295,1.0,D-1 estimated accounting; fill-day constraints require ledger audit,momentum,V4_MOMENTUM_full,disabled,2012-01-13,risk_on,0.024425343308277888,2.220446049250313e-16,0.05185183772334234,0.5042735042735043,0.07682606756153447,0.6068376068376068,0.5299145299145299,,,{},3034.TW,2012-01-13,2012-01-16
0.04265092910872293,1062000,0,0.04224137931034483,1.0755034875724532,1.0,D-1 estimated accounting; fill-day constraints require ledger audit,momentum,V4_MOMENTUM_full,disabled,2012-01-13,risk_on,0.024425343308277888,2.220446049250313e-16,0.05185183772334234,0.5042735042735043,0.07682606756153447,0.6068376068376068,0.5299145299145299,,,{},3231.TW,2012-01-13,2012-01-16
0.039763957516409945,1573000,0,-0.006896551724137934,0.5236123391295805,1.0,D-1 estimated accounting; fill-day constraints require ledger audit,momentum,V4_MOMENTUM_full,disabled,2012-01-13,risk_on,0.024425343308277888,2.220446049250313e-16,0.05185183772334234,0.5042735042735043,0.07682606756153447,0.6068376068376068,0.5299145299145299,,,{},3363.TWO,2012-01-13,2012-01-16
0.0,0,-1371000,-0.021551724137931036,0.355020139502898,1.0,D-1 estimated accounting; fill-day constraints require ledger audit,momentum,V4_MOMENTUM_full,disabled,2012-01-13,risk_on,0.024425343308277888,2.220446049250313e-16,0.05185183772334234,0.5042735042735043,0.07682606756153447,0.6068376068376068,0.5299145299145299,,,{},4123.TWO,2012-01-13,2012-01-16
0.04228547121167397,1225000,0,0.024137931034482765,0.8744523037626485,1.0,D-1 estimated accounting; fill-day constraints require ledger audit,momentum,V4_MOMENTUM_full,disabled,2012-01-13,risk_on,0.024425343308277888,2.220446049250313e-16,0.05185183772334234,0.5042735042735043,0.07682606756153447,0.6068376068376068,0.5299145299145299,,,{},4938.TW,2012-01-13,2012-01-16
0.042455467451551265,3865000,0,0.04741379310344828,1.1565625307004617,1.0,D-1 estimated accounting; fill-day constraints require ledger audit,momentum,V4_MOMENTUM_full,disabled,2012-01-13,risk_on,0.024425343308277888,2.220446049250313e-16,0.05185183772334234,0.5042735042735043,0.07682606756153447,0.6068376068376068,0.5299145299145299,,,{},5347.TWO,2012-01-13,2012-01-16
0.043550043012087675,885000,0,0.015517241379310343,0.7872482562137734,1.0,D-1 estimated accounting; fill-day constraints require ledger audit,momentum,V4_MOMENTUM_full,disabled,2012-01-13,risk_on,0.024425343308277888,2.220446049250313e-16,0.05185183772334234,0.5042735042735043,0.07682606756153447,0.6068376068376068,0.5299145299145299,,,{},5483.TWO,2012-01-13,2012-01-16
0.041128592855390646,232000,0,0.02241379310344828,0.8622015915119363,1.0,D-1 estimated accounting; fill-day constraints require ledger audit,momentum,V4_MOMENTUM_full,disabled,2012-01-13,risk_on,0.024425343308277888,2.220446049250313e-16,0.05185183772334234,0.5042735042735043,0.07682606756153447,0.6068376068376068,0.5299145299145299,,,{},6121.TWO,2012-01-13,2012-01-16
0.04318866735750575,1346000,1346000,0.04827586206896552,1.16710875331565,1.0,D-1 estimated accounting; fill-day constraints require ledger audit,momentum,V4_MOMENTUM_full,disabled,2012-01-13,risk_on,0.024425343308277888,2.220446049250313e-16,0.05185183772334234,0.5042735042735043,0.07682606756153447,0.6068376068376068,0.5299145299145299,,,{},6147.TWO,2012-01-13,2012-01-16
0.04155052539005348,932000,0,0.03793103448275862,1.0063906081147462,1.0,D-1 estimated accounting; fill-day constraints require ledger audit,momentum,V4_MOMENTUM_full,disabled,2012-01-16,neutral,0.0221093444478857,-1.1102230246251565e-16,0.0813397775456497,0.46153846153846156,0.07691639226270543,0.5811965811965812,0.5213675213675214,,,{},1216.TW,2012-01-16,2012-01-17
0.04058877405248741,1174000,0,0.013793103448275869,0.7525051576775714,1.0,D-1 estimated accounting; fill-day constraints require ledger audit,momentum,V4_MOMENTUM_full,disabled,2012-01-16,neutral,0.0221093444478857,-1.1102230246251565e-16,0.0813397775456497,0.46153846153846156,0.07691639226270543,0.5811965811965812,0.5213675213675214,,,{},1402.TW,2012-01-16,2012-01-17
0.0,0,-286000,-0.014655172413793105,0.44597209942037525,1.0,D-1 estimated accounting; fill-day constraints require ledger audit,momentum,V4_MOMENTUM_full,disabled,2012-01-16,neutral,0.0221093444478857,-1.1102230246251565e-16,0.0813397775456497,0.46153846153846156,0.07691639226270543,0.5811965811965812,0.5213675213675214,,,{},2059.TW,2012-01-16,2012-01-17
0.04317393419726618,1211000,0,0.0353448275862069,0.9745996659789762,1.0,D-1 estimated accounting; fill-day constraints require ledger audit,momentum,V4_MOMENTUM_full,disabled,2012-01-16,neutral,0.0221093444478857,-1.1102230246251565e-16,0.0813397775456497,0.46153846153846156,0.07691639226270543,0.5811965811965812,0.5213675213675214,,,{},2301.TW,2012-01-16,2012-01-17
0.04361042322812026,572000,0,0.04051724137931034,1.0402102367619608,1.0,D-1 estimated accounting; fill-day constraints require ledger audit,momentum,V4_MOMENTUM_full,disabled,2012-01-16,neutral,0.0221093444478857,-1.1102230246251565e-16,0.0813397775456497,0.46153846153846156,0.07691639226270543,0.5811965811965812,0.5213675213675214,,,{},2308.TW,2012-01-16,2012-01-17
0.04206617998717511,1366000,0,0.01637931034482759,0.7601483446311034,1.0,D-1 estimated accounting; fill-day constraints require ledger audit,momentum,V4_MOMENTUM_full,disabled,2012-01-16,neutral,0.0221093444478857,-1.1102230246251565e-16,0.0813397775456497,0.46153846153846156,0.07691639226270543,0.5811965811965812,0.5213675213675214,,,{},2324.TW,2012-01-16,2012-01-17
0.041506775998168786,564000,0,0.028448275862068963,0.8747814127124471,1.0,D-1 estimated accounting; fill-day constraints require ledger audit,momentum,V4_MOMENTUM_full,disabled,2012-01-16,neutral,0.0221093444478857,-1.1102230246251565e-16,0.0813397775456497,0.46153846153846156,0.07691639226270543,0.5811965811965812,0.5213675213675214,,,{},2347.TW,2012-01-16,2012-01-17
0.04177270367433066,191000,0,-0.009482758620689659,0.4968955693093624,1.0,D-1 estimated accounting; fill-day constraints require ledger audit,momentum,V4_MOMENTUM_full,disabled,2012-01-16,neutral,0.0221093444478857,-1.1102230246251565e-16,0.0813397775456497,0.46153846153846156,0.07691639226270543,0.5811965811965812,0.5213675213675214,,,{},2357.TW,2012-01-16,2012-01-17
0.04170603793431588,647000,0,0.03017241379310345,0.8957019353571077,1.0,D-1 estimated accounting; fill-day constraints require ledger audit,momentum,V4_MOMENTUM_full,disabled,2012-01-16,neutral,0.0221093444478857,-1.1102230246251565e-16,0.0813397775456497,0.46153846153846156,0.07691639226270543,0.5811965811965812,0.5213675213675214,,,{},2382.TW,2012-01-16,2012-01-17
0.041041096196595,492000,0,0.024137931034482765,0.8330680813439434,1.0,D-1 estimated accounting; fill-day constraints require ledger audit,momentum,V4_MOMENTUM_full,disabled,2012-01-16,neutral,0.0221093444478857,-1.1102230246251565e-16,0.0813397775456497,0.46153846153846156,0.07691639226270543,0.5811965811965812,0.5213675213675214,,,{},2395.TW,2012-01-16,2012-01-17
0.04356667383623557,3118000,0,0.046551724137931044,1.1576137145102665,1.0,D-1 estimated accounting; fill-day constraints require ledger audit,momentum,V4_MOMENTUM_full,disabled,2012-01-16,neutral,0.0221093444478857,-1.1102230246251565e-16,0.0813397775456497,0.46153846153846156,0.07691639226270543,0.5811965811965812,0.5213675213675214,,,{},2409.TW,2012-01-16,2012-01-17
0.0428738158198835,2699000,0,-0.002586206896551724,0.5852883387366147,1.0,D-1 estimated accounting; fill-day constraints require ledger audit,momentum,V4_MOMENTUM_full,disabled,2012-01-16,neutral,0.0221093444478857,-1.1102230246251565e-16,0.0813397775456497,0.46153846153846156,0.07691639226270543,0.5811965811965812,0.5213675213675214,,,{},2603.TW,2012-01-16,2012-01-17
0.04199885249165283,3413000,0,-0.012931034482758619,0.45939188525395414,1.0,D-1 estimated accounting; fill-day constraints require ledger audit,momentum,V4_MOMENTUM_full,disabled,2012-01-16,neutral,0.0221093444478857,-1.1102230246251565e-16,0.0813397775456497,0.46153846153846156,0.07691639226270543,0.5811965811965812,0.5213675213675214,,,{},2609.TW,2012-01-16,2012-01-17
0.04035698805861987,2819000,0,-0.01120689655172414,0.4703114254838393,1.0,D-1 estimated accounting; fill-day constraints require ledger audit,momentum,V4_MOMENTUM_full,disabled,2012-01-16,neutral,0.0221093444478857,-1.1102230246251565e-16,0.0813397775456497,0.46153846153846156,0.07691639226270543,0.5811965811965812,0.5213675213675214,,,{},2615.TW,2012-01-16,2012-01-17
0.0447049178185981,543000,0,0.05,1.2187444739168876,1.0,D-1 estimated accounting; fill-day constraints require ledger audit,momentum,V4_MOMENTUM_full,disabled,2012-01-16,neutral,0.0221093444478857,-1.1102230246251565e-16,0.0813397775456497,0.46153846153846156,0.07691639226270543,0.5811965811965812,0.5213675213675214,,,{},3034.TW,2012-01-16,2012-01-17
0.043436896228375925,1062000,0,0.04310344827586207,1.0868110816386678,1.0,D-1 estimated accounting; fill-day constraints require ledger audit,momentum,V4_MOMENTUM_full,disabled,2012-01-16,neutral,0.0221093444478857,-1.1102230246251565e-16,0.0813397775456497,0.46153846153846156,0.07691639226270543,0.5811965811965812,0.5213675213675214,,,{},3231.TW,2012-01-16,2012-01-17
0.041033841395475744,1573000,0,0.020689655172413793,0.8023037626485903,1.0,D-1 estimated accounting; fill-day constraints require ledger audit,momentum,V4_MOMENTUM_full,disabled,2012-01-16,neutral,0.0221093444478857,-1.1102230246251565e-16,0.0813397775456497,0.46153846153846156,0.07691639226270543,0.5811965811965812,0.5213675213675214,,,{},3363.TWO,2012-01-16,2012-01-17
0.042050886082112895,1225000,0,0.012068965517241383,0.7376559583456135,1.0,D-1 estimated accounting; fill-day constraints require ledger audit,momentum,V4_MOMENTUM_full,disabled,2012-01-16,neutral,0.0221093444478857,-1.1102230246251565e-16,0.0813397775456497,0.46153846153846156,0.07691639226270543,0.5811965811965812,0.5213675213675214,,,{},4938.TW,2012-01-16,2012-01-17
0.04301256389128925,3865000,0,0.04741379310344828,1.1725316828765102,1.0,D-1 estimated accounting; fill-day constraints require ledger audit,momentum,V4_MOMENTUM_full,disabled,2012-01-16,neutral,0.0221093444478857,-1.1102230246251565e-16,0.0813397775456497,0.46153846153846156,0.07691639226270543,0.5811965811965812,0.5213675213675214,,,{},5347.TWO,2012-01-16,2012-01-17
0.04366669695572097,885000,0,0.025862068965517238,0.848113763631005,1.0,D-1 estimated accounting; fill-day constraints require ledger audit,momentum,V4_MOMENTUM_full,disabled,2012-01-16,neutral,0.0221093444478857,-1.1102230246251565e-16,0.0813397775456497,0.46153846153846156,0.07691639226270543,0.5811965811965812,0.5213675213675214,,,{},5483.TWO,2012-01-16,2012-01-17
0.042054562501599,232000,0,0.036206896551724134,0.9786324786324786,1.0,D-1 estimated accounting; fill-day constraints require ledger audit,momentum,V4_MOMENTUM_full,disabled,2012-01-16,neutral,0.0221093444478857,-1.1102230246251565e-16,0.0813397775456497,0.46153846153846156,0.07691639226270543,0.5811965811965812,0.5213675213675214,,,{},6121.TWO,2012-01-16,2012-01-17
0.04461869352691723,1346000,0,0.04913793103448277,1.1814421848904608,1.0,D-1 estimated accounting; fill-day constraints require ledger audit,momentum,V4_MOMENTUM_full,disabled,2012-01-16,neutral,0.0221093444478857,-1.1102230246251565e-16,0.0813397775456497,0.46153846153846156,0.07691639226270543,0.5811965811965812,0.5213675213675214,,,{},6147.TWO,2012-01-16,2012-01-17
0.04323518334590475,228000,228000,0.04827586206896552,1.1749828077414284,1.0,D-1 estimated accounting; fill-day constraints require ledger audit,momentum,V4_MOMENTUM_full,disabled,2012-01-16,neutral,0.0221093444478857,-1.1102230246251565e-16,0.0813397775456497,0.46153846153846156,0.07691639226270543,0.5811965811965812,0.5213675213675214,,,{},8299.TWO,2012-01-16,2012-01-17
0.04059194603397052,932000,0,0.015517241379310343,0.7014441497200119,1.0,D-1 estimated accounting; fill-day constraints require ledger audit,momentum,V4_MOMENTUM_full,disabled,2012-01-17,risk_on,0.022859657000630446,0.009803738751338331,0.10814825314011878,0.6153846153846154,0.08020566412565454,0.7863247863247863,0.6068376068376068,,,{},1216.TW,2012-01-17,2012-01-18
0.04108158913067132,1174000,0,0.01637931034482759,0.7021564004322625,1.0,D-1 estimated accounting; fill-day constraints require ledger audit,momentum,V4_MOMENTUM_full,disabled,2012-01-17,risk_on,0.022859657000630446,0.009803738751338331,0.10814825314011878,0.6153846153846154,0.08020566412565454,0.7863247863247863,0.6068376068376068,,,{},1402.TW,2012-01-17,2012-01-18
0.042201147428951556,1211000,0,0.013793103448275869,0.6952942332252676,1.0,D-1 estimated accounting; fill-day constraints require ledger audit,momentum,V4_MOMENTUM_full,disabled,2012-01-17,risk_on,0.022859657000630446,0.009803738751338331,0.10814825314011878,0.6153846153846154,0.08020566412565454,0.7863247863247863,0.6068376068376068,,,{},2301.TW,2012-01-17,2012-01-18
0.04307547578261781,572000,0,0.03362068965517241,0.9306611651439239,1.0,D-1 estimated accounting; fill-day constraints require ledger audit,momentum,V4_MOMENTUM_full,disabled,2012-01-17,risk_on,0.022859657000630446,0.009803738751338331,0.10814825314011878,0.6153846153846154,0.08020566412565454,0.7863247863247863,0.6068376068376068,,,{},2308.TW,2012-01-17,2012-01-18
0.04195399561956789,1366000,0,0.010344827586206896,0.644198840750565,1.0,D-1 estimated accounting; fill-day constraints require ledger audit,momentum,V4_MOMENTUM_full,disabled,2012-01-17,risk_on,0.022859657000630446,0.009803738751338331,0.10814825314011878,0.6153846153846154,0.08020566412565454,0.7863247863247863,0.6068376068376068,,,{},2324.TW,2012-01-17,2012-01-18
0.04068347484362757,564000,0,0.006896551724137934,0.6256754101581689,1.0,D-1 estimated accounting; fill-day constraints require ledger audit,momentum,V4_MOMENTUM_full,disabled,2012-01-17,risk_on,0.022859657000630446,0.009803738751338331,0.10814825314011878,0.6153846153846154,0.08020566412565454,0.7863247863247863,0.6068376068376068,,,{},2347.TW,2012-01-17,2012-01-18
0.04122015558056683,191000,0,-0.01896551724137931,0.4193879555948521,1.0,D-1 estimated accounting; fill-day constraints require ledger audit,momentum,V4_MOMENTUM_full,disabled,2012-01-17,risk_on,0.022859657000630446,0.009803738751338331,0.10814825314011878,0.6153846153846154,0.08020566412565454,0.7863247863247863,0.6068376068376068,,,{},2357.TW,2012-01-17,2012-01-18
0.04044324174741483,647000,0,0.0017241379310344862,0.6049710187641222,1.0,D-1 estimated accounting; fill-day constraints require ledger audit,momentum,V4_MOMENTUM_full,disabled,2012-01-17,risk_on,0.022859657000630446,0.009803738751338331,0.10814825314011878,0.6153846153846154,0.08020566412565454,0.7863247863247863,0.6068376068376068,,,{},2382.TW,2012-01-17,2012-01-18
0.04070029116036246,492000,0,0.014655172413793105,0.6956577266922094,1.0,D-1 estimated accounting; fill-day constraints require ledger audit,momentum,V4_MOMENTUM_full,disabled,2012-01-17,risk_on,0.022859657000630446,0.009803738751338331,0.10814825314011878,0.6153846153846154,0.08020566412565454,0.7863247863247863,0.6068376068376068,,,{},2395.TW,2012-01-17,2012-01-18
0.04480018125025795,3118000,0,0.045689655172413794,1.1222566067393651,1.0,D-1 estimated accounting; fill-day constraints require ledger audit,momentum,V4_MOMENTUM_full,disabled,2012-01-17,risk_on,0.022859657000630446,0.009803738751338331,0.10814825314011878,0.6153846153846154,0.08020566412565454,0.7863247863247863,0.6068376068376068,,,{},2409.TW,2012-01-17,2012-01-18
0.04267190820429004,2699000,0,-0.016379310344827588,0.4798015522153455,1.0,D-1 estimated accounting; fill-day constraints require ledger audit,momentum,V4_MOMENTUM_full,disabled,2012-01-17,risk_on,0.022859657000630446,0.009803738751338331,0.10814825314011878,0.6153846153846154,0.08020566412565454,0.7863247863247863,0.6068376068376068,,,{},2603.TW,2012-01-17,2012-01-18
0.0,0,-3413000,-0.03793103448275862,0.24562825424894388,1.0,D-1 estimated accounting; fill-day constraints require ledger audit,momentum,V4_MOMENTUM_full,disabled,2012-01-17,risk_on,0.022859657000630446,0.009803738751338331,0.10814825314011878,0.6153846153846154,0.08020566412565454,0.7863247863247863,0.6068376068376068,,,{},2609.TW,2012-01-17,2012-01-18
0.04077570032926364,2819000,0,-0.012931034482758619,0.5214461145495629,1.0,D-1 estimated accounting; fill-day constraints require ledger audit,momentum,V4_MOMENTUM_full,disabled,2012-01-17,risk_on,0.022859657000630446,0.009803738751338331,0.10814825314011878,0.6153846153846154,0.08020566412565454,0.7863247863247863,0.6068376068376068,,,{},2615.TW,2012-01-17,2012-01-18
0.045646114051951875,543000,0,0.05,1.235823754789272,1.0,D-1 estimated accounting; fill-day constraints require ledger audit,momentum,V4_MOMENTUM_full,disabled,2012-01-17,risk_on,0.022859657000630446,0.009803738751338331,0.10814825314011878,0.6153846153846154,0.08020566412565454,0.7863247863247863,0.6068376068376068,,,{},3034.TW,2012-01-17,2012-01-18
0.04315158162749802,683000,683000,0.046551724137931044,1.1298703212496315,1.0,D-1 estimated accounting; fill-day constraints require ledger audit,momentum,V4_MOMENTUM_full,disabled,2012-01-17,risk_on,0.022859657000630446,0.009803738751338331,0.10814825314011878,0.6153846153846154,0.08020566412565454,0.7863247863247863,0.6068376068376068,,,{},3131.TWO,2012-01-17,2012-01-18
0.042371112344522066,1062000,0,0.03189655172413793,0.9082719324098636,1.0,D-1 estimated accounting; fill-day constraints require ledger audit,momentum,V4_MOMENTUM_full,disabled,2012-01-17,risk_on,0.022859657000630446,0.009803738751338331,0.10814825314011878,0.6153846153846154,0.08020566412565454,0.7863247863247863,0.6068376068376068,,,{},3231.TW,2012-01-17,2012-01-18
0.04301717121016699,1573000,0,0.037068965517241384,1.0340406719717066,1.0,D-1 estimated accounting; fill-day constraints require ledger audit,momentum,V4_MOMENTUM_full,disabled,2012-01-17,risk_on,0.022859657000630446,0.009803738751338331,0.10814825314011878,0.6153846153846154,0.08020566412565454,0.7863247863247863,0.6068376068376068,,,{},3363.TWO,2012-01-17,2012-01-18
0.04121679231721985,1225000,0,0.0034482758620689616,0.6093034679241575,1.0,D-1 estimated accounting; fill-day constraints require ledger audit,momentum,V4_MOMENTUM_full,disabled,2012-01-17,risk_on,0.022859657000630446,0.009803738751338331,0.10814825314011878,0.6153846153846154,0.08020566412565454,0.7863247863247863,0.6068376068376068,,,{},4938.TW,2012-01-17,2012-01-18
0.04290229174355806,3865000,0,0.04741379310344828,1.1754396306120443,1.0,D-1 estimated accounting; fill-day constraints require ledger audit,momentum,V4_MOMENTUM_full,disabled,2012-01-17,risk_on,0.022859657000630446,0.009803738751338331,0.10814825314011878,0.6153846153846154,0.08020566412565454,0.7863247863247863,0.6068376068376068,,,{},5347.TWO,2012-01-17,2012-01-18
0.0439918209048117,885000,0,0.028448275862068963,0.8492386285489733,1.0,D-1 estimated accounting; fill-day constraints require ledger audit,momentum,V4_MOMENTUM_full,disabled,2012-01-17,risk_on,0.022859657000630446,0.009803738751338331,0.10814825314011878,0.6153846153846154,0.08020566412565454,0.7863247863247863,0.6068376068376068,,,{},5483.TWO,2012-01-17,2012-01-18
0.044013105557136147,232000,0,0.04482758620689656,1.117069456724629,1.0,D-1 estimated accounting; fill-day constraints require ledger audit,momentum,V4_MOMENTUM_full,disabled,2012-01-17,risk_on,0.022859657000630446,0.009803738751338331,0.10814825314011878,0.6153846153846154,0.08020566412565454,0.7863247863247863,0.6068376068376068,,,{},6121.TWO,2012-01-17,2012-01-18
0.04567450960392422,1346000,0,0.04827586206896552,1.1861332154435602,1.0,D-1 estimated accounting; fill-day constraints require ledger audit,momentum,V4_MOMENTUM_full,disabled,2012-01-17,risk_on,0.022859657000630446,0.009803738751338331,0.10814825314011878,0.6153846153846154,0.08020566412565454,0.7863247863247863,0.6068376068376068,,,{},6147.TWO,2012-01-17,2012-01-18
0.04534183481228882,228000,0,0.04913793103448277,1.20591413694862,1.0,D-1 estimated accounting; fill-day constraints require ledger audit,momentum,V4_MOMENTUM_full,disabled,2012-01-17,risk_on,0.022859657000630446,0.009803738751338331,0.10814825314011878,0.6153846153846154,0.08020566412565454,0.7863247863247863,0.6068376068376068,,,{},8299.TWO,2012-01-17,2012-01-18
0.04076047164902032,932000,0,0.015517241379310343,0.7254199823165342,1.0,D-1 estimated accounting; fill-day constraints require ledger audit,momentum,V4_MOMENTUM_full,disabled,2012-01-18,risk_on,0.019099885834952767,0.01083030785698047,0.06303036759801395,0.6495726495726496,0.07145552722206448,0.7692307692307693,0.7008547008547008,,,{},1216.TW,2012-01-18,2012-01-30
0.04109333637269565,1174000,0,0.005172413793103448,0.6428234600648395,1.0,D-1 estimated accounting; fill-day constraints require ledger audit,momentum,V4_MOMENTUM_full,disabled,2012-01-18,risk_on,0.019099885834952767,0.01083030785698047,0.06303036759801395,0.6495726495726496,0.07145552722206448,0.7692307692307693,0.7008547008547008,,,{},1402.TW,2012-01-18,2012-01-30
0.04227175897327237,1211000,0,0.0034482758620689616,0.636472148541114,1.0,D-1 estimated accounting; fill-day constraints require ledger audit,momentum,V4_MOMENTUM_full,disabled,2012-01-18,risk_on,0.019099885834952767,0.01083030785698047,0.06303036759801395,0.6495726495726496,0.07145552722206448,0.7692307692307693,0.7008547008547008,,,{},2301.TW,2012-01-18,2012-01-30
0.043847797952194734,572000,0,0.0353448275862069,0.9699921406817958,1.0,D-1 estimated accounting; fill-day constraints require ledger audit,momentum,V4_MOMENTUM_full,disabled,2012-01-18,risk_on,0.019099885834952767,0.01083030785698047,0.06303036759801395,0.6495726495726496,0.07145552722206448,0.7692307692307693,0.7008547008547008,,,{},2308.TW,2012-01-18,2012-01-30
0.041916511553275033,1366000,0,0.006896551724137934,0.6565134099616858,1.0,D-1 estimated accounting; fill-day constraints require ledger audit,momentum,V4_MOMENTUM_full,disabled,2012-01-18,risk_on,0.019099885834952767,0.01083030785698047,0.06303036759801395,0.6495726495726496,0.07145552722206448,0.7692307692307693,0.7008547008547008,,,{},2324.TW,2012-01-18,2012-01-30
0.04090828371638024,564000,0,0.0077586206896551714,0.6630759406621477,1.0,D-1 estimated accounting; fill-day constraints require ledger audit,momentum,V4_MOMENTUM_full,disabled,2012-01-18,risk_on,0.019099885834952767,0.01083030785698047,0.06303036759801395,0.6495726495726496,0.07145552722206448,0.7692307692307693,0.7008547008547008,,,{},2347.TW,2012-01-18,2012-01-30
0.04222037942197216,191000,0,-0.002586206896551724,0.6005845367914333,1.0,D-1 estimated accounting; fill-day constraints require ledger audit,momentum,V4_MOMENTUM_full,disabled,2012-01-18,risk_on,0.019099885834952767,0.01083030785698047,0.06303036759801395,0.6495726495726496,0.07145552722206448,0.7692307692307693,0.7008547008547008,,,{},2357.TW,2012-01-18,2012-01-30
0.04053017431320176,647000,0,-0.006896551724137934,0.5746979074565283,1.0,D-1 estimated accounting; fill-day constraints require ledger audit,momentum,V4_MOMENTUM_full,disabled,2012-01-18,risk_on,0.019099885834952767,0.01083030785698047,0.06303036759801395,0.6495726495726496,0.07145552722206448,0.7692307692307693,0.7008547008547008,,,{},2382.TW,2012-01-18,2012-01-30
0.04050597032681499,492000,0,-0.0008620689655172431,0.6208959622752727,1.0,D-1 estimated accounting; fill-day constraints require ledger audit,momentum,V4_MOMENTUM_full,disabled,2012-01-18,risk_on,0.019099885834952767,0.01083030785698047,0.06303036759801395,0.6495726495726496,0.07145552722206448,0.7692307692307693,0.7008547008547008,,,{},2395.TW,2012-01-18,2012-01-30
0.04424181967909681,3118000,0,0.03879310344827587,0.9851065920031438,1.0,D-1 estimated accounting; fill-day constraints require ledger audit,momentum,V4_MOMENTUM_full,disabled,2012-01-18,risk_on,0.019099885834952767,0.01083030785698047,0.06303036759801395,0.6495726495726496,0.07145552722206448,0.7692307692307693,0.7008547008547008,,,{},2409.TW,2012-01-18,2012-01-30
0.0,0,-2699000,-0.028448275862068967,0.3071667157874054,1.0,D-1 estimated accounting; fill-day constraints require ledger audit,momentum,V4_MOMENTUM_full,disabled,2012-01-18,risk_on,0.019099885834952767,0.01083030785698047,0.06303036759801395,0.6495726495726496,0.07145552722206448,0.7692307692307693,0.7008547008547008,,,{},2603.TW,2012-01-18,2012-01-30
0.0408107488405445,2819000,0,-0.003448275862068967,0.5978141271244719,1.0,D-1 estimated accounting; fill-day constraints require ledger audit,momentum,V4_MOMENTUM_full,disabled,2012-01-18,risk_on,0.019099885834952767,0.01083030785698047,0.06303036759801395,0.6495726495726496,0.07145552722206448,0.7692307692307693,0.7008547008547008,,,{},2615.TW,2012-01-18,2012-01-30
0.044804694166475215,543000,0,0.04741379310344828,1.1102760585519207,1.0,D-1 estimated accounting; fill-day constraints require ledger audit,momentum,V4_MOMENTUM_full,disabled,2012-01-18,risk_on,0.019099885834952767,0.01083030785698047,0.06303036759801395,0.6495726495726496,0.07145552722206448,0.7692307692307693,0.7008547008547008,,,{},3034.TW,2012-01-18,2012-01-30
0.04304566346473177,683000,0,0.043965517241379315,1.0734011199528444,1.0,D-1 estimated accounting; fill-day constraints require ledger audit,momentum,V4_MOMENTUM_full,disabled,2012-01-18,risk_on,0.019099885834952767,0.01083030785698047,0.06303036759801395,0.6495726495726496,0.07145552722206448,0.7692307692307693,0.7008547008547008,,,{},3131.TWO,2012-01-18,2012-01-30
0.043134379462359276,343000,343000,0.046551724137931044,1.0816091954022988,1.0,D-1 estimated accounting; fill-day constraints require ledger audit,momentum,V4_MOMENTUM_full,disabled,2012-01-18,risk_on,0.019099885834952767,0.01083030785698047,0.06303036759801395,0.6495726495726496,0.07145552722206448,0.7692307692307693,0.7008547008547008,,,{},3211.TWO,2012-01-18,2012-01-30
0.042776352178578905,1062000,0,0.03362068965517241,0.9476913252775323,1.0,D-1 estimated accounting; fill-day constraints require ledger audit,momentum,V4_MOMENTUM_full,disabled,2012-01-18,risk_on,0.019099885834952767,0.01083030785698047,0.06303036759801395,0.6495726495726496,0.07145552722206448,0.7692307692307693,0.7008547008547008,,,{},3231.TW,2012-01-18,2012-01-30
0.04298699875317258,1573000,0,0.031034482758620686,0.932016897534139,1.0,D-1 estimated accounting; fill-day constraints require ledger audit,momentum,V4_MOMENTUM_full,disabled,2012-01-18,risk_on,0.019099885834952767,0.01083030785698047,0.06303036759801395,0.6495726495726496,0.07145552722206448,0.7692307692307693,0.7008547008547008,,,{},3363.TWO,2012-01-18,2012-01-30
0.04176172586211456,1225000,0,0.006034482758620685,0.6512476667649082,1.0,D-1 estimated accounting; fill-day constraints require ledger audit,momentum,V4_MOMENTUM_full,disabled,2012-01-18,risk_on,0.019099885834952767,0.01083030785698047,0.06303036759801395,0.6495726495726496,0.07145552722206448,0.7692307692307693,0.7008547008547008,,,{},4938.TW,2012-01-18,2012-01-30
0.042982253813267056,3865000,0,0.04827586206896552,1.1122359760290796,1.0,D-1 estimated accounting; fill-day constraints require ledger audit,momentum,V4_MOMENTUM_full,disabled,2012-01-18,risk_on,0.019099885834952767,0.01083030785698047,0.06303036759801395,0.6495726495726496,0.07145552722206448,0.7692307692307693,0.7008547008547008,,,{},5347.TWO,2012-01-18,2012-01-30
0.04660005481214175,885000,0,0.03793103448275862,0.9828372138716965,1.0,D-1 estimated accounting; fill-day constraints require ledger audit,momentum,V4_MOMENTUM_full,disabled,2012-01-18,risk_on,0.019099885834952767,0.01083030785698047,0.06303036759801395,0.6495726495726496,0.07145552722206448,0.7692307692307693,0.7008547008547008,,,{},5483.TWO,2012-01-18,2012-01-30
0.04368220434236057,232000,0,0.04310344827586207,1.0547990961784066,1.0,D-1 estimated accounting; fill-day constraints require ledger audit,momentum,V4_MOMENTUM_full,disabled,2012-01-18,risk_on,0.019099885834952767,0.01083030785698047,0.06303036759801395,0.6495726495726496,0.07145552722206448,0.7692307692307693,0.7008547008547008,,,{},6121.TWO,2012-01-18,2012-01-30
0.044529823152756276,1346000,0,0.04913793103448277,1.1164407112682975,1.0,D-1 estimated accounting; fill-day constraints require ledger audit,momentum,V4_MOMENTUM_full,disabled,2012-01-18,risk_on,0.019099885834952767,0.01083030785698047,0.06303036759801395,0.6495726495726496,0.07145552722206448,0.7692307692307693,0.7008547008547008,,,{},6147.TWO,2012-01-18,2012-01-30
0.04544957463545312,228000,0,0.05,1.2117447686413203,1.0,D-1 estimated accounting; fill-day constraints require ledger audit,momentum,V4_MOMENTUM_full,disabled,2012-01-18,risk_on,0.019099885834952767,0.01083030785698047,0.06303036759801395,0.6495726495726496,0.07145552722206448,0.7692307692307693,0.7008547008547008,,,{},8299.TWO,2012-01-18,2012-01-30
0.03901469868107616,932000,0,-0.019827586206896553,0.4185872875528049,1.0,D-1 estimated accounting; fill-day constraints require ledger audit,momentum,V4_MOMENTUM_full,disabled,2012-01-30,risk_on,0.020763183796868964,0.04901955465211172,0.10610936025503737,0.811965811965812,0.08604184806632881,0.8974358974358975,0.811965811965812,,,{},1216.TW,2012-01-30,2012-01-31
0.0400949009160677,1174000,0,-0.01724137931034483,0.4262992435406229,1.0,D-1 estimated accounting; fill-day constraints require ledger audit,momentum,V4_MOMENTUM_full,disabled,2012-01-30,risk_on,0.020763183796868964,0.04901955465211172,0.10610936025503737,0.811965811965812,0.08604184806632881,0.8974358974358975,0.811965811965812,,,{},1402.TW,2012-01-30,2012-01-31
0.04152866699771062,1211000,0,-0.006034482758620691,0.532665291285981,1.0,D-1 estimated accounting; fill-day constraints require ledger audit,momentum,V4_MOMENTUM_full,disabled,2012-01-30,risk_on,0.020763183796868964,0.04901955465211172,0.10610936025503737,0.811965811965812,0.08604184806632881,0.8974358974358975,0.811965811965812,,,{},2301.TW,2012-01-30,2012-01-31
0.0418836630373792,572000,0,-0.004310344827586204,0.5581442184890462,1.0,D-1 estimated accounting; fill-day constraints require ledger audit,momentum,V4_MOMENTUM_full,disabled,2012-01-30,risk_on,0.020763183796868964,0.04901955465211172,0.10610936025503737,0.811965811965812,0.08604184806632881,0.8974358974358975,0.811965811965812,,,{},2308.TW,2012-01-30,2012-01-31
0.04158017898918105,1366000,0,-0.003448275862068967,0.5676687297376953,1.0,D-1 estimated accounting; fill-day constraints require ledger audit,momentum,V4_MOMENTUM_full,disabled,2012-01-30,risk_on,0.020763183796868964,0.04901955465211172,0.10610936025503737,0.811965811965812,0.08604184806632881,0.8974358974358975,0.811965811965812,,,{},2324.TW,2012-01-30,2012-01-31
0.03949589205627507,564000,0,-0.018103448275862067,0.42329305432753705,1.0,D-1 estimated accounting; fill-day constraints require ledger audit,momentum,V4_MOMENTUM_full,disabled,2012-01-30,risk_on,0.020763183796868964,0.04901955465211172,0.10610936025503737,0.811965811965812,0.08604184806632881,0.8974358974358975,0.811965811965812,,,{},2347.TW,2012-01-30,2012-01-31
0.0,0,-191000,-0.03189655172413793,0.2763827487965419,1.0,D-1 estimated accounting; fill-day constraints require ledger audit,momentum,V4_MOMENTUM_full,disabled,2012-01-30,risk_on,0.020763183796868964,0.04901955465211172,0.10610936025503737,0.811965811965812,0.08604184806632881,0.8974358974358975,0.811965811965812,,,{},2357.TW,2012-01-30,2012-01-31
0.03903970336244171,647000,0,-0.02241379310344828,0.3861823361823361,1.0,D-1 estimated accounting; fill-day constraints require ledger audit,momentum,V4_MOMENTUM_full,disabled,2012-01-30,risk_on,0.020763183796868964,0.04901955465211172,0.10610936025503737,0.811965811965812,0.08604184806632881,0.8974358974358975,0.811965811965812,,,{},2382.TW,2012-01-30,2012-01-31
0.04176627016711843,492000,0,0.019827586206896553,0.8225808036152864,1.0,D-1 estimated accounting; fill-day constraints require ledger audit,momentum,V4_MOMENTUM_full,disabled,2012-01-30,risk_on,0.020763183796868964,0.04901955465211172,0.10610936025503737,0.811965811965812,0.08604184806632881,0.8974358974358975,0.811965811965812,,,{},2395.TW,2012-01-30,2012-01-31
0.04612729790443589,3118000,0,0.045689655172413794,1.067143137832793,1.0,D-1 estimated accounting; fill-day constraints require ledger audit,momentum,V4_MOMENTUM_full,disabled,2012-01-30,risk_on,0.020763183796868964,0.04901955465211172,0.10610936025503737,0.811965811965812,0.08604184806632881,0.8974358974358975,0.811965811965812,,,{},2409.TW,2012-01-30,2012-01-31
0.04249901298471212,2819000,0,0.01637931034482759,0.7855732390215149,1.0,D-1 estimated accounting; fill-day constraints require ledger audit,momentum,V4_MOMENTUM_full,disabled,2012-01-30,risk_on,0.020763183796868964,0.04901955465211172,0.10610936025503737,0.811965811965812,0.08604184806632881,0.8974358974358975,0.811965811965812,,,{},2615.TW,2012-01-30,2012-01-31
0.04389648119087042,543000,0,0.018965517241379317,0.8112290008841734,1.0,D-1 estimated accounting; fill-day constraints require ledger audit,momentum,V4_MOMENTUM_full,disabled,2012-01-30,risk_on,0.020763183796868964,0.04901955465211172,0.10610936025503737,0.811965811965812,0.08604184806632881,0.8974358974358975,0.811965811965812,,,{},3034.TW,2012-01-30,2012-01-31
0.04300758237725585,683000,0,0.03362068965517241,0.9474604578052854,1.0,D-1 estimated accounting; fill-day constraints require ledger audit,momentum,V4_MOMENTUM_full,disabled,2012-01-30,risk_on,0.020763183796868964,0.04901955465211172,0.10610936025503737,0.811965811965812,0.08604184806632881,0.8974358974358975,0.811965811965812,,,{},3131.TWO,2012-01-30,2012-01-31
0.04516338504672469,343000,0,0.04913793103448277,1.1239905688181553,1.0,D-1 estimated accounting; fill-day constraints require ledger audit,momentum,V4_MOMENTUM_full,disabled,2012-01-30,risk_on,0.020763183796868964,0.04901955465211172,0.10610936025503737,0.811965811965812,0.08604184806632881,0.8974358974358975,0.811965811965812,,,{},3211.TWO,2012-01-30,2012-01-31
0.04314582422127492,584000,584000,0.04741379310344828,1.0865065330582573,1.0,D-1 estimated accounting; fill-day constraints require ledger audit,momentum,V4_MOMENTUM_full,disabled,2012-01-30,risk_on,0.020763183796868964,0.04901955465211172,0.10610936025503737,0.811965811965812,0.08604184806632881,0.8974358974358975,0.811965811965812,,,{},3227.TWO,2012-01-30,2012-01-31
0.04335612180906008,1062000,0,0.036206896551724134,0.9717555752038509,1.0,D-1 estimated accounting; fill-day constraints require ledger audit,momentum,V4_MOMENTUM_full,disabled,2012-01-30,risk_on,0.020763183796868964,0.04901955465211172,0.10610936025503737,0.811965811965812,0.08604184806632881,0.8974358974358975,0.811965811965812,,,{},3231.TW,2012-01-30,2012-01-31
0.04499722717815759,1573000,0,0.04482758620689656,1.0619461636703018,1.0,D-1 estimated accounting; fill-day constraints require ledger audit,momentum,V4_MOMENTUM_full,disabled,2012-01-30,risk_on,0.020763183796868964,0.04901955465211172,0.10610936025503737,0.811965811965812,0.08604184806632881,0.8974358974358975,0.811965811965812,,,{},3363.TWO,2012-01-30,2012-01-31
0.043274580721376944,1225000,0,0.03017241379310345,0.8976225562432458,1.0,D-1 estimated accounting; fill-day constraints require ledger audit,momentum,V4_MOMENTUM_full,disabled,2012-01-30,risk_on,0.020763183796868964,0.04901955465211172,0.10610936025503737,0.811965811965812,0.08604184806632881,0.8974358974358975,0.811965811965812,,,{},4938.TW,2012-01-30,2012-01-31
0.043563085439329824,3865000,0,0.031034482758620686,0.9010708321053148,1.0,D-1 estimated accounting; fill-day constraints require ledger audit,momentum,V4_MOMENTUM_full,disabled,2012-01-30,risk_on,0.020763183796868964,0.04901955465211172,0.10610936025503737,0.811965811965812,0.08604184806632881,0.8974358974358975,0.811965811965812,,,{},5347.TWO,2012-01-30,2012-01-31
0.04881557115483355,885000,0,0.039655172413793106,1.0058601041359663,1.0,D-1 estimated accounting; fill-day constraints require ledger audit,momentum,V4_MOMENTUM_full,disabled,2012-01-30,risk_on,0.020763183796868964,0.04901955465211172,0.10610936025503737,0.811965811965812,0.08604184806632881,0.8974358974358975,0.811965811965812,,,{},5483.TWO,2012-01-30,2012-01-31
0.04574447975451551,232000,0,0.04827586206896552,1.1106395520188626,1.0,D-1 estimated accounting; fill-day constraints require ledger audit,momentum,V4_MOMENTUM_full,disabled,2012-01-30,risk_on,0.020763183796868964,0.04901955465211172,0.10610936025503737,0.811965811965812,0.08604184806632881,0.8974358974358975,0.811965811965812,,,{},6121.TWO,2012-01-30,2012-01-31
0.043500726346647305,1346000,0,0.028448275862068963,0.8790647411337065,1.0,D-1 estimated accounting; fill-day constraints require ledger audit,momentum,V4_MOMENTUM_full,disabled,2012-01-30,risk_on,0.020763183796868964,0.04901955465211172,0.10610936025503737,0.811965811965812,0.08604184806632881,0.8974358974358975,0.811965811965812,,,{},6147.TWO,2012-01-30,2012-01-31
0.04560126045279737,228000,0,0.05,1.1695058453679144,1.0,D-1 estimated accounting; fill-day constraints require ledger audit,momentum,V4_MOMENTUM_full,disabled,2012-01-30,risk_on,0.020763183796868964,0.04901955465211172,0.10610936025503737,0.811965811965812,0.08604184806632881,0.8974358974358975,0.811965811965812,,,{},8299.TWO,2012-01-30,2012-01-31
0.0380390764452594,932000,0,-0.037068965517241384,0.2635131152372532,1.0,D-1 estimated accounting; fill-day constraints require ledger audit,momentum,V4_MOMENTUM_full,disabled,2012-01-31,risk_on,0.020487118193312448,0.07511737439287036,0.08695657147118774,0.8803418803418803,0.07786818579576207,0.9316239316239316,0.9316239316239316,,,{},1216.TW,2012-01-31,2012-02-01
0.03985264246497121,1174000,0,-0.02413793103448276,0.3654484723450241,1.0,D-1 estimated accounting; fill-day constraints require ledger audit,momentum,V4_MOMENTUM_full,disabled,2012-01-31,risk_on,0.020487118193312448,0.07511737439287036,0.08695657147118774,0.8803418803418803,0.07786818579576207,0.9316239316239316,0.9316239316239316,,,{},1402.TW,2012-01-31,2012-02-01
0.04240864268939923,1211000,0,-0.005172413793103448,0.5313341192651537,1.0,D-1 estimated accounting; fill-day constraints require ledger audit,momentum,V4_MOMENTUM_full,disabled,2012-01-31,risk_on,0.020487118193312448,0.07511737439287036,0.08695657147118774,0.8803418803418803,0.07786818579576207,0.9316239316239316,0.9316239316239316,,,{},2301.TW,2012-01-31,2012-02-01
0.0408824216235653,572000,0,-0.026724137931034488,0.3439434129089302,1.0,D-1 estimated accounting; fill-day constraints require ledger audit,momentum,V4_MOMENTUM_full,disabled,2012-01-31,risk_on,0.020487118193312448,0.07511737439287036,0.08695657147118774,0.8803418803418803,0.07786818579576207,0.9316239316239316,0.9316239316239316,,,{},2308.TW,2012-01-31,2012-02-01
0.042349414110422375,1366000,0,-0.0017241379310344808,0.5767855388545045,1.0,D-1 estimated accounting; fill-day constraints require ledger audit,momentum,V4_MOMENTUM_full,disabled,2012-01-31,risk_on,0.020487118193312448,0.07511737439287036,0.08695657147118774,0.8803418803418803,0.07786818579576207,0.9316239316239316,0.9316239316239316,,,{},2324.TW,2012-01-31,2012-02-01
0.0,0,-564000,-0.03879310344827586,0.24775027016406323,1.0,D-1 estimated accounting; fill-day constraints require ledger audit,momentum,V4_MOMENTUM_full,disabled,2012-01-31,risk_on,0.020487118193312448,0.07511737439287036,0.08695657147118774,0.8803418803418803,0.07786818579576207,0.9316239316239316,0.9316239316239316,,,{},2347.TW,2012-01-31,2012-02-01
0.038199399667312596,647000,0,-0.03362068965517242,0.2955840455840456,1.0,D-1 estimated accounting; fill-day constraints require ledger audit,momentum,V4_MOMENTUM_full,disabled,2012-01-31,risk_on,0.020487118193312448,0.07511737439287036,0.08695657147118774,0.8803418803418803,0.07786818579576207,0.9316239316239316,0.9316239316239316,,,{},2382.TW,2012-01-31,2012-02-01
0.0411920998123056,492000,0,0.010344827586206896,0.7052608311229002,1.0,D-1 estimated accounting; fill-day constraints require ledger audit,momentum,V4_MOMENTUM_full,disabled,2012-01-31,risk_on,0.020487118193312448,0.07511737439287036,0.08695657147118774,0.8803418803418803,0.07786818579576207,0.9316239316239316,0.9316239316239316,,,{},2395.TW,2012-01-31,2012-02-01
0.045994142031858816,3118000,0,0.04051724137931034,1.0083063169270066,1.0,D-1 estimated accounting; fill-day constraints require ledger audit,momentum,V4_MOMENTUM_full,disabled,2012-01-31,risk_on,0.020487118193312448,0.07511737439287036,0.08695657147118774,0.8803418803418803,0.07786818579576207,0.9316239316239316,0.9316239316239316,,,{},2409.TW,2012-01-31,2012-02-01
0.04342659013422608,2819000,0,0.018103448275862067,0.7773160428332841,1.0,D-1 estimated accounting; fill-day constraints require ledger audit,momentum,V4_MOMENTUM_full,disabled,2012-01-31,risk_on,0.020487118193312448,0.07511737439287036,0.08695657147118774,0.8803418803418803,0.07786818579576207,0.9316239316239316,0.9316239316239316,,,{},2615.TW,2012-01-31,2012-02-01
0.04266730682233046,543000,0,-0.003448275862068967,0.5540868454661557,1.0,D-1 estimated accounting; fill-day constraints require ledger audit,momentum,V4_MOMENTUM_full,disabled,2012-01-31,risk_on,0.020487118193312448,0.07511737439287036,0.08695657147118774,0.8803418803418803,0.07786818579576207,0.9316239316239316,0.9316239316239316,,,{},3034.TW,2012-01-31,2012-02-01
0.04447039465766064,683000,0,0.04741379310344828,1.073356911287946,1.0,D-1 estimated accounting; fill-day constraints require ledger audit,momentum,V4_MOMENTUM_full,disabled,2012-01-31,risk_on,0.020487118193312448,0.07511737439287036,0.08695657147118774,0.8803418803418803,0.07786818579576207,0.9316239316239316,0.9316239316239316,,,{},3131.TWO,2012-01-31,2012-02-01
0.047135027283639996,343000,0,0.05,1.1979074565281462,1.0,D-1 estimated accounting; fill-day constraints require ledger audit,momentum,V4_MOMENTUM_full,disabled,2012-01-31,risk_on,0.020487118193312448,0.07511737439287036,0.08695657147118774,0.8803418803418803,0.07786818579576207,0.9316239316239316,0.9316239316239316,,,{},3211.TWO,2012-01-31,2012-02-01
0.04299425417909397,584000,0,0.04310344827586207,1.0329600157186365,1.0,D-1 estimated accounting; fill-day constraints require ledger audit,momentum,V4_MOMENTUM_full,disabled,2012-01-31,risk_on,0.020487118193312448,0.07511737439287036,0.08695657147118774,0.8803418803418803,0.07786818579576207,0.9316239316239316,0.9316239316239316,,,{},3227.TWO,2012-01-31,2012-02-01
0.04403637845915331,1062000,0,0.026724137931034488,0.8449503880538365,1.0,D-1 estimated accounting; fill-day constraints require ledger audit,momentum,V4_MOMENTUM_full,disabled,2012-01-31,risk_on,0.020487118193312448,0.07511737439287036,0.08695657147118774,0.8803418803418803,0.07786818579576207,0.9316239316239316,0.9316239316239316,,,{},3231.TW,2012-01-31,2012-02-01
0.04597383909107478,1573000,0,0.04827586206896552,1.1022988505747127,1.0,D-1 estimated accounting; fill-day constraints require ledger audit,momentum,V4_MOMENTUM_full,disabled,2012-01-31,risk_on,0.020487118193312448,0.07511737439287036,0.08695657147118774,0.8803418803418803,0.07786818579576207,0.9316239316239316,0.9316239316239316,,,{},3363.TWO,2012-01-31,2012-02-01
0.043219126750812256,552000,552000,0.04913793103448277,1.1116514392376464,1.0,D-1 estimated accounting; fill-day constraints require ledger audit,momentum,V4_MOMENTUM_full,disabled,2012-01-31,risk_on,0.020487118193312448,0.07511737439287036,0.08695657147118774,0.8803418803418803,0.07786818579576207,0.9316239316239316,0.9316239316239316,,,{},3653.TW,2012-01-31,2012-02-01
0.04095397198729384,1225000,0,-0.027586206896551724,0.34054916985951467,1.0,D-1 estimated accounting; fill-day constraints require ledger audit,momentum,V4_MOMENTUM_full,disabled,2012-01-31,risk_on,0.020487118193312448,0.07511737439287036,0.08695657147118774,0.8803418803418803,0.07786818579576207,0.9316239316239316,0.9316239316239316,,,{},4938.TW,2012-01-31,2012-02-01
0.043299871779677486,3865000,0,0.019827586206896553,0.798079379113862,1.0,D-1 estimated accounting; fill-day constraints require ledger audit,momentum,V4_MOMENTUM_full,disabled,2012-01-31,risk_on,0.020487118193312448,0.07511737439287036,0.08695657147118774,0.8803418803418803,0.07786818579576207,0.9316239316239316,0.9316239316239316,,,{},5347.TWO,2012-01-31,2012-02-01
0.05050442865867416,885000,0,0.045689655172413794,1.0407800373317615,1.0,D-1 estimated accounting; fill-day constraints require ledger audit,momentum,V4_MOMENTUM_full,disabled,2012-01-31,risk_on,0.020487118193312448,0.07511737439287036,0.08695657147118774,0.8803418803418803,0.07786818579576207,0.9316239316239316,0.9316239316239316,,,{},5483.TWO,2012-01-31,2012-02-01
0.045142538681179734,232000,0,0.046551724137931044,1.0509873268493957,1.0,D-1 estimated accounting; fill-day constraints require ledger audit,momentum,V4_MOMENTUM_full,disabled,2012-01-31,risk_on,0.020487118193312448,0.07511737439287036,0.08695657147118774,0.8803418803418803,0.07786818579576207,0.9316239316239316,0.9316239316239316,,,{},6121.TWO,2012-01-31,2012-02-01
0.04292366062062077,1346000,0,0.006034482758620685,0.658635425876805,1.0,D-1 estimated accounting; fill-day constraints require ledger audit,momentum,V4_MOMENTUM_full,disabled,2012-01-31,risk_on,0.020487118193312448,0.07511737439287036,0.08695657147118774,0.8803418803418803,0.07786818579576207,0.9316239316239316,0.9316239316239316,,,{},6147.TWO,2012-01-31,2012-02-01
0.04628557091060704,228000,0,0.04482758620689656,1.0406817958542098,1.0,D-1 estimated accounting; fill-day constraints require ledger audit,momentum,V4_MOMENTUM_full,disabled,2012-01-31,risk_on,0.020487118193312448,0.07511737439287036,0.08695657147118774,0.8803418803418803,0.07786818579576207,0.9316239316239316,0.9316239316239316,,,{},8299.TWO,2012-01-31,2012-02-01
0.0,0,-932000,-0.04224137931034483,0.23847136260929366,1.0,D-1 estimated accounting; fill-day constraints require ledger audit,momentum,V4_MOMENTUM_full,disabled,2012-02-01,risk_on,0.020617823432493756,0.10149243687141873,0.10513448383561896,0.9230769230769231,0.08113120677838133,0.9316239316239316,0.9230769230769231,,,{},1216.TW,2012-02-01,2012-02-02
0.03982667772176137,1174000,0,-0.023275862068965522,0.3682974751940269,1.0,D-1 estimated accounting; fill-day constraints require ledger audit,momentum,V4_MOMENTUM_full,disabled,2012-02-01,risk_on,0.020617823432493756,0.10149243687141873,0.10513448383561896,0.9230769230769231,0.08113120677838133,0.9316239316239316,0.9230769230769231,,,{},1402.TW,2012-02-01,2012-02-02
0.04141806047477064,1211000,0,-0.016379310344827588,0.440136555653797,1.0,D-1 estimated accounting; fill-day constraints require ledger audit,momentum,V4_MOMENTUM_full,disabled,2012-02-01,risk_on,0.020617823432493756,0.10149243687141873,0.10513448383561896,0.9230769230769231,0.08113120677838133,0.9316239316239316,0.9230769230769231,,,{},2301.TW,2012-02-01,2012-02-02
0.04057671638371151,572000,0,-0.02931034482758621,0.3267609784851164,1.0,D-1 estimated accounting; fill-day constraints require ledger audit,momentum,V4_MOMENTUM_full,disabled,2012-02-01,risk_on,0.020617823432493756,0.10149243687141873,0.10513448383561896,0.9230769230769231,0.08113120677838133,0.9316239316239316,0.9230769230769231,,,{},2308.TW,2012-02-01,2012-02-02
0.04146301832304577,1366000,0,-0.01120689655172414,0.47081736909323113,1.0,D-1 estimated accounting; fill-day constraints require ledger audit,momentum,V4_MOMENTUM_full,disabled,2012-02-01,risk_on,0.020617823432493756,0.10149243687141873,0.10513448383561896,0.9230769230769231,0.08113120677838133,0.9316239316239316,0.9230769230769231,,,{},2324.TW,2012-02-01,2012-02-02
0.03797374730119788,647000,0,-0.031034482758620693,0.3174133018960605,1.0,D-1 estimated accounting; fill-day constraints require ledger audit,momentum,V4_MOMENTUM_full,disabled,2012-02-01,risk_on,0.020617823432493756,0.10149243687141873,0.10513448383561896,0.9230769230769231,0.08113120677838133,0.9316239316239316,0.9230769230769231,,,{},2382.TW,2012-02-01,2012-02-02
0.041249115320046895,492000,0,0.00431034482758621,0.6733962078789666,1.0,D-1 estimated accounting; fill-day constraints require ledger audit,momentum,V4_MOMENTUM_full,disabled,2012-02-01,risk_on,0.020617823432493756,0.10149243687141873,0.10513448383561896,0.9230769230769231,0.08113120677838133,0.9316239316239316,0.9230769230769231,,,{},2395.TW,2012-02-01,2012-02-02
0.04579467573537184,3118000,0,0.03362068965517241,0.8912172119068672,1.0,D-1 estimated accounting; fill-day constraints require ledger audit,momentum,V4_MOMENTUM_full,disabled,2012-02-01,risk_on,0.020617823432493756,0.10149243687141873,0.10513448383561896,0.9230769230769231,0.08113120677838133,0.9316239316239316,0.9230769230769231,,,{},2409.TW,2012-02-01,2012-02-02
0.04323247214124781,2819000,0,0.02155172413793104,0.7654975930838,1.0,D-1 estimated accounting; fill-day constraints require ledger audit,momentum,V4_MOMENTUM_full,disabled,2012-02-01,risk_on,0.020617823432493756,0.10149243687141873,0.10513448383561896,0.9230769230769231,0.08113120677838133,0.9316239316239316,0.9230769230769231,,,{},2615.TW,2012-02-01,2012-02-02
0.044765277666906335,543000,0,0.02241379310344828,0.7764122212398075,1.0,D-1 estimated accounting; fill-day constraints require ledger audit,momentum,V4_MOMENTUM_full,disabled,2012-02-01,risk_on,0.020617823432493756,0.10149243687141873,0.10513448383561896,0.9230769230769231,0.08113120677838133,0.9316239316239316,0.9230769230769231,,,{},3034.TW,2012-02-01,2012-02-02
0.04540436934625067,683000,0,0.04482758620689656,1.0338638373121132,1.0,D-1 estimated accounting; fill-day constraints require ledger audit,momentum,V4_MOMENTUM_full,disabled,2012-02-01,risk_on,0.020617823432493756,0.10149243687141873,0.10513448383561896,0.9230769230769231,0.08113120677838133,0.9316239316239316,0.9230769230769231,,,{},3131.TWO,2012-02-01,2012-02-02
0.045986945234873046,343000,0,0.04913793103448277,1.133372629924354,1.0,D-1 estimated accounting; fill-day constraints require ledger audit,momentum,V4_MOMENTUM_full,disabled,2012-02-01,risk_on,0.020617823432493756,0.10149243687141873,0.10513448383561896,0.9230769230769231,0.08113120677838133,0.9316239316239316,0.9230769230769231,,,{},3211.TWO,2012-02-01,2012-02-02
0.04543457286719387,584000,0,0.05,1.1395716671578744,1.0,D-1 estimated accounting; fill-day constraints require ledger audit,momentum,V4_MOMENTUM_full,disabled,2012-02-01,risk_on,0.020617823432493756,0.10149243687141873,0.10513448383561896,0.9230769230769231,0.08113120677838133,0.9316239316239316,0.9230769230769231,,,{},3227.TWO,2012-02-01,2012-02-02
0.04291957385564827,1062000,0,-0.002586206896551724,0.5819776009431182,1.0,D-1 estimated accounting; fill-day constraints require ledger audit,momentum,V4_MOMENTUM_full,disabled,2012-02-01,risk_on,0.020617823432493756,0.10149243687141873,0.10513448383561896,0.9230769230769231,0.08113120677838133,0.9316239316239316,0.9230769230769231,,,{},3231.TW,2012-02-01,2012-02-02
0.04248620891941558,2002000,2002000,0.045689655172413794,1.0506926024167405,1.0,D-1 estimated accounting; fill-day constraints require ledger audit,momentum,V4_MOMENTUM_full,disabled,2012-02-01,risk_on,0.020617823432493756,0.10149243687141873,0.10513448383561896,0.9230769230769231,0.08113120677838133,0.9316239316239316,0.9230769230769231,,,{},3264.TWO,2012-02-01,2012-02-02
0.045046930132143614,1573000,0,0.04310344827586207,1.028121622949209,1.0,D-1 estimated accounting; fill-day constraints require ledger audit,momentum,V4_MOMENTUM_full,disabled,2012-02-01,risk_on,0.020617823432493756,0.10149243687141873,0.10513448383561896,0.9230769230769231,0.08113120677838133,0.9316239316239316,0.9230769230769231,,,{},3363.TWO,2012-02-01,2012-02-02
0.044073283501492755,552000,0,0.04741379310344828,1.1076333628057766,1.0,D-1 estimated accounting; fill-day constraints require ledger audit,momentum,V4_MOMENTUM_full,disabled,2012-02-01,risk_on,0.020617823432493756,0.10149243687141873,0.10513448383561896,0.9230769230769231,0.08113120677838133,0.9316239316239316,0.9230769230769231,,,{},3653.TW,2012-02-01,2012-02-02
0.040874814017560504,1225000,0,-0.025862068965517238,0.34380587484035763,1.0,D-1 estimated accounting; fill-day constraints require ledger audit,momentum,V4_MOMENTUM_full,disabled,2012-02-01,risk_on,0.020617823432493756,0.10149243687141873,0.10513448383561896,0.9230769230769231,0.08113120677838133,0.9316239316239316,0.9230769230769231,,,{},4938.TW,2012-02-01,2012-02-02
0.04315515668656344,3865000,0,0.002586206896551724,0.659996070340898,1.0,D-1 estimated accounting; fill-day constraints require ledger audit,momentum,V4_MOMENTUM_full,disabled,2012-02-01,risk_on,0.020617823432493756,0.10149243687141873,0.10513448383561896,0.9230769230769231,0.08113120677838133,0.9316239316239316,0.9230769230769231,,,{},5347.TWO,2012-02-01,2012-02-02
0.05111125977428384,885000,0,0.046551724137931044,1.0772914824638964,1.0,D-1 estimated accounting; fill-day constraints require ledger audit,momentum,V4_MOMENTUM_full,disabled,2012-02-01,risk_on,0.020617823432493756,0.10149243687141873,0.10513448383561896,0.9230769230769231,0.08113120677838133,0.9316239316239316,0.9230769230769231,,,{},5483.TWO,2012-02-01,2012-02-02
0.04415875205385506,232000,0,0.031034482758620686,0.8643972885352197,1.0,D-1 estimated accounting; fill-day constraints require ledger audit,momentum,V4_MOMENTUM_full,disabled,2012-02-01,risk_on,0.020617823432493756,0.10149243687141873,0.10513448383561896,0.9230769230769231,0.08113120677838133,0.9316239316239316,0.9230769230769231,,,{},6121.TWO,2012-02-01,2012-02-02
0.044286839071351954,1346000,0,0.010344827586206896,0.7211808625601728,1.0,D-1 estimated accounting; fill-day constraints require ledger audit,momentum,V4_MOMENTUM_full,disabled,2012-02-01,risk_on,0.020617823432493756,0.10149243687141873,0.10513448383561896,0.9230769230769231,0.08113120677838133,0.9316239316239316,0.9230769230769231,,,{},6147.TWO,2012-02-01,2012-02-02
0.04784478604381074,228000,0,0.04827586206896552,1.1161459868356423,1.0,D-1 estimated accounting; fill-day constraints require ledger audit,momentum,V4_MOMENTUM_full,disabled,2012-02-01,risk_on,0.020617823432493756,0.10149243687141873,0.10513448383561896,0.9230769230769231,0.08113120677838133,0.9316239316239316,0.9230769230769231,,,{},8299.TWO,2012-02-01,2012-02-02
0.0,0,-1174000,-0.02241379310344828,0.3723155516258964,1.0,D-1 estimated accounting; fill-day constraints require ledger audit,momentum,V4_MOMENTUM_full,disabled,2012-02-02,risk_on,0.020514649876799847,0.08219178082191769,0.12094404536748593,0.9230769230769231,0.09118877992284535,0.9487179487179487,0.9316239316239316,,,{},1402.TW,2012-02-02,2012-02-03
0.04148851308841389,1211000,0,-0.013793103448275862,0.49423813734158556,1.0,D-1 estimated accounting; fill-day constraints require ledger audit,momentum,V4_MOMENTUM_full,disabled,2012-02-02,risk_on,0.020514649876799847,0.08219178082191769,0.12094404536748593,0.9230769230769231,0.09118877992284535,0.9487179487179487,0.9316239316239316,,,{},2301.TW,2012-02-02,2012-02-03
0.04179086546022706,572000,0,-0.012068965517241383,0.5029177718832891,1.0,D-1 estimated accounting; fill-day constraints require ledger audit,momentum,V4_MOMENTUM_full,disabled,2012-02-02,risk_on,0.020514649876799847,0.08219178082191769,0.12094404536748593,0.9230769230769231,0.09118877992284535,0.9487179487179487,0.9316239316239316,,,{},2308.TW,2012-02-02,2012-02-03
0.04285581269650611,1366000,0,0.013793103448275869,0.744979860497102,1.0,D-1 estimated accounting; fill-day constraints require ledger audit,momentum,V4_MOMENTUM_full,disabled,2012-02-02,risk_on,0.020514649876799847,0.08219178082191769,0.12094404536748593,0.9230769230769231,0.09118877992284535,0.9487179487179487,0.9316239316239316,,,{},2324.TW,2012-02-02,2012-02-03
0.03938804277364923,647000,0,-0.016379310344827588,0.4683122114156597,1.0,D-1 estimated accounting; fill-day constraints require ledger audit,momentum,V4_MOMENTUM_full,disabled,2012-02-02,risk_on,0.020514649876799847,0.08219178082191769,0.12094404536748593,0.9230769230769231,0.09118877992284535,0.9487179487179487,0.9316239316239316,,,{},2382.TW,2012-02-02,2012-02-03
0.03994565985281286,492000,0,-0.009482758620689659,0.5216524216524216,1.0,D-1 estimated accounting; fill-day constraints require ledger audit,momentum,V4_MOMENTUM_full,disabled,2012-02-02,risk_on,0.020514649876799847,0.08219178082191769,0.12094404536748593,0.9230769230769231,0.09118877992284535,0.9487179487179487,0.9316239316239316,,,{},2395.TW,2012-02-02,2012-02-03
0.0476361118387907,3118000,0,0.04051724137931034,0.9424403183023875,1.0,D-1 estimated accounting; fill-day constraints require ledger audit,momentum,V4_MOMENTUM_full,disabled,2012-02-02,risk_on,0.020514649876799847,0.08219178082191769,0.12094404536748593,0.9230769230769231,0.09118877992284535,0.9487179487179487,0.9316239316239316,,,{},2409.TW,2012-02-02,2012-02-03
0.041671276310481585,2819000,0,0.002586206896551724,0.6481186757048826,1.0,D-1 estimated accounting; fill-day constraints require ledger audit,momentum,V4_MOMENTUM_full,disabled,2012-02-02,risk_on,0.020514649876799847,0.08219178082191769,0.12094404536748593,0.9230769230769231,0.09118877992284535,0.9487179487179487,0.9316239316239316,,,{},2615.TW,2012-02-02,2012-02-03
0.04623729278448636,543000,0,0.037068965517241384,0.9070439139404658,1.0,D-1 estimated accounting; fill-day constraints require ledger audit,momentum,V4_MOMENTUM_full,disabled,2012-02-02,risk_on,0.020514649876799847,0.08219178082191769,0.12094404536748593,0.9230769230769231,0.09118877992284535,0.9487179487179487,0.9316239316239316,,,{},3034.TW,2012-02-02,2012-02-03
0.04354906027330874,683000,0,0.025,0.8034138913449259,1.0,D-1 estimated accounting; fill-day constraints require ledger audit,momentum,V4_MOMENTUM_full,disabled,2012-02-02,risk_on,0.020514649876799847,0.08219178082191769,0.12094404536748593,0.9230769230769231,0.09118877992284535,0.9487179487179487,0.9316239316239316,,,{},3131.TWO,2012-02-02,2012-02-03
0.045969952006249766,343000,0,0.04913793103448277,1.1369093231162197,1.0,D-1 estimated accounting; fill-day constraints require ledger audit,momentum,V4_MOMENTUM_full,disabled,2012-02-02,risk_on,0.020514649876799847,0.08219178082191769,0.12094404536748593,0.9230769230769231,0.09118877992284535,0.9487179487179487,0.9316239316239316,,,{},3211.TWO,2012-02-02,2012-02-03
0.044879185409456714,584000,0,0.04741379310344828,1.0990126731506042,1.0,D-1 estimated accounting; fill-day constraints require ledger audit,momentum,V4_MOMENTUM_full,disabled,2012-02-02,risk_on,0.020514649876799847,0.08219178082191769,0.12094404536748593,0.9230769230769231,0.09118877992284535,0.9487179487179487,0.9316239316239316,,,{},3227.TWO,2012-02-02,2012-02-03
0.04246620170054746,1062000,0,0.0,0.6295903330386089,1.0,D-1 estimated accounting; fill-day constraints require ledger audit,momentum,V4_MOMENTUM_full,disabled,2012-02-02,risk_on,0.020514649876799847,0.08219178082191769,0.12094404536748593,0.9230769230769231,0.09118877992284535,0.9487179487179487,0.9316239316239316,,,{},3231.TW,2012-02-02,2012-02-03
0.04123628992876796,2002000,0,0.03189655172413793,0.8554966106690244,1.0,D-1 estimated accounting; fill-day constraints require ledger audit,momentum,V4_MOMENTUM_full,disabled,2012-02-02,risk_on,0.020514649876799847,0.08219178082191769,0.12094404536748593,0.9230769230769231,0.09118877992284535,0.9487179487179487,0.9316239316239316,,,{},3264.TWO,2012-02-02,2012-02-03
0.045306286297121565,1573000,0,0.043965517241379315,1.0253905098732683,1.0,D-1 estimated accounting; fill-day constraints require ledger audit,momentum,V4_MOMENTUM_full,disabled,2012-02-02,risk_on,0.020514649876799847,0.08219178082191769,0.12094404536748593,0.9230769230769231,0.09118877992284535,0.9487179487179487,0.9316239316239316,,,{},3363.TWO,2012-02-02,2012-02-03
0.04491171870490367,552000,0,0.04827586206896552,1.1333185971117006,1.0,D-1 estimated accounting; fill-day constraints require ledger audit,momentum,V4_MOMENTUM_full,disabled,2012-02-02,risk_on,0.020514649876799847,0.08219178082191769,0.12094404536748593,0.9230769230769231,0.09118877992284535,0.9487179487179487,0.9316239316239316,,,{},3653.TW,2012-02-02,2012-02-03
0.04009043752354844,1225000,0,-0.021551724137931036,0.3751891148442872,1.0,D-1 estimated accounting; fill-day constraints require ledger audit,momentum,V4_MOMENTUM_full,disabled,2012-02-02,risk_on,0.020514649876799847,0.08219178082191769,0.12094404536748593,0.9230769230769231,0.09118877992284535,0.9487179487179487,0.9316239316239316,,,{},4938.TW,2012-02-02,2012-02-03
0.04354482463650539,3865000,0,0.03017241379310345,0.8509529423322526,1.0,D-1 estimated accounting; fill-day constraints require ledger audit,momentum,V4_MOMENTUM_full,disabled,2012-02-02,risk_on,0.020514649876799847,0.08219178082191769,0.12094404536748593,0.9230769230769231,0.09118877992284535,0.9487179487179487,0.9316239316239316,,,{},5347.TWO,2012-02-02,2012-02-03
0.05155157505377124,885000,0,0.046551724137931044,1.0858826996758033,1.0,D-1 estimated accounting; fill-day constraints require ledger audit,momentum,V4_MOMENTUM_full,disabled,2012-02-02,risk_on,0.020514649876799847,0.08219178082191769,0.12094404536748593,0.9230769230769231,0.09118877992284535,0.9487179487179487,0.9316239316239316,,,{},5483.TWO,2012-02-02,2012-02-03
0.04347723468751586,232000,0,0.014655172413793105,0.7468268002750762,1.0,D-1 estimated accounting; fill-day constraints require ledger audit,momentum,V4_MOMENTUM_full,disabled,2012-02-02,risk_on,0.020514649876799847,0.08219178082191769,0.12094404536748593,0.9230769230769231,0.09118877992284535,0.9487179487179487,0.9316239316239316,,,{},6121.TWO,2012-02-02,2012-02-03
0.0430780033888177,1346000,0,-0.008620689655172415,0.5289812358777877,1.0,D-1 estimated accounting; fill-day constraints require ledger audit,momentum,V4_MOMENTUM_full,disabled,2012-02-02,risk_on,0.020514649876799847,0.08219178082191769,0.12094404536748593,0.9230769230769231,0.09118877992284535,0.9487179487179487,0.9316239316239316,,,{},6147.TWO,2012-02-02,2012-02-03
0.04921584665655702,228000,0,0.045689655172413794,1.062771392081737,1.0,D-1 estimated accounting; fill-day constraints require ledger audit,momentum,V4_MOMENTUM_full,disabled,2012-02-02,risk_on,0.020514649876799847,0.08219178082191769,0.12094404536748593,0.9230769230769231,0.09118877992284535,0.9487179487179487,0.9316239316239316,,,{},8299.TWO,2012-02-02,2012-02-03
0.03668491794371092,3586000,3586000,0.05,1.141281068867276,1.0,D-1 estimated accounting; fill-day constraints require ledger audit,momentum,V4_MOMENTUM_full,disabled,2012-02-02,risk_on,0.020514649876799847,0.08219178082191769,0.12094404536748593,0.9230769230769231,0.09118877992284535,0.9487179487179487,0.9316239316239316,,,{},8358.TWO,2012-02-02,2012-02-03
0.04059557713646492,1211000,0,-0.01724137931034483,0.4435406228509677,1.0,D-1 estimated accounting; fill-day constraints require ledger audit,momentum,V4_MOMENTUM_full,disabled,2012-02-03,risk_on,0.021136459982386675,0.08226226536384007,0.12959997558593717,0.8974358974358975,0.10299357134932947,0.9401709401709402,0.9316239316239316,,,{},2301.TW,2012-02-03,2012-02-06
0.04082276493092239,572000,0,-0.020689655172413796,0.4163522939385008,1.0,D-1 estimated accounting; fill-day constraints require ledger audit,momentum,V4_MOMENTUM_full,disabled,2012-02-03,risk_on,0.021136459982386675,0.08226226536384007,0.12959997558593717,0.8974358974358975,0.10299357134932947,0.9401709401709402,0.9316239316239316,,,{},2308.TW,2012-02-03,2012-02-06
0.04273677183644025,1366000,0,0.018965517241379317,0.7346645053541606,1.0,D-1 estimated accounting; fill-day constraints require ledger audit,momentum,V4_MOMENTUM_full,disabled,2012-02-03,risk_on,0.021136459982386675,0.08226226536384007,0.12959997558593717,0.8974358974358975,0.10299357134932947,0.9401709401709402,0.9316239316239316,,,{},2324.TW,2012-02-03,2012-02-06
0.0388227528131468,647000,0,-0.023275862068965522,0.4030896944690048,1.0,D-1 estimated accounting; fill-day constraints require ledger audit,momentum,V4_MOMENTUM_full,disabled,2012-02-03,risk_on,0.021136459982386675,0.08226226536384007,0.12959997558593717,0.8974358974358975,0.10299357134932947,0.9401709401709402,0.9316239316239316,,,{},2382.TW,2012-02-03,2012-02-06
0.039255012776052624,492000,0,-0.014655172413793105,0.4961145495628254,1.0,D-1 estimated accounting; fill-day constraints require ledger audit,momentum,V4_MOMENTUM_full,disabled,2012-02-03,risk_on,0.021136459982386675,0.08226226536384007,0.12959997558593717,0.8974358974358975,0.10299357134932947,0.9401709401709402,0.9316239316239316,,,{},2395.TW,2012-02-03,2012-02-06
0.04848629846242721,3118000,0,0.03879310344827587,0.9688574516160722,1.0,D-1 estimated accounting; fill-day constraints require ledger audit,momentum,V4_MOMENTUM_full,disabled,2012-02-03,risk_on,0.021136459982386675,0.08226226536384007,0.12959997558593717,0.8974358974358975,0.10299357134932947,0.9401709401709402,0.9316239316239316,,,{},2409.TW,2012-02-03,2012-02-06
0.041192095885274956,2819000,0,-0.0017241379310344808,0.6185921996266824,1.0,D-1 estimated accounting; fill-day constraints require ledger audit,momentum,V4_MOMENTUM_full,disabled,2012-02-03,risk_on,0.021136459982386675,0.08226226536384007,0.12959997558593717,0.8974358974358975,0.10299357134932947,0.9401709401709402,0.9316239316239316,,,{},2615.TW,2012-02-03,2012-02-06
0.04477694950529103,543000,0,0.010344827586206896,0.6908537184399255,1.0,D-1 estimated accounting; fill-day constraints require ledger audit,momentum,V4_MOMENTUM_full,disabled,2012-02-03,risk_on,0.021136459982386675,0.08226226536384007,0.12959997558593717,0.8974358974358975,0.10299357134932947,0.9401709401709402,0.9316239316239316,,,{},3034.TW,2012-02-03,2012-02-06
0.043118858369026354,683000,0,0.018103448275862067,0.7284310836034974,1.0,D-1 estimated accounting; fill-day constraints require ledger audit,momentum,V4_MOMENTUM_full,disabled,2012-02-03,risk_on,0.021136459982386675,0.08226226536384007,0.12959997558593717,0.8974358974358975,0.10299357134932947,0.9401709401709402,0.9316239316239316,,,{},3131.TWO,2012-02-03,2012-02-06
0.04864968602670076,343000,0,0.046551724137931044,1.1228804401218198,1.0,D-1 estimated accounting; fill-day constraints require ledger audit,momentum,V4_MOMENTUM_full,disabled,2012-02-03,risk_on,0.021136459982386675,0.08226226536384007,0.12959997558593717,0.8974358974358975,0.10299357134932947,0.9401709401709402,0.9316239316239316,,,{},3211.TWO,2012-02-03,2012-02-06
0.044028726497664795,584000,0,0.04137931034482759,0.9906179388938011,1.0,D-1 estimated accounting; fill-day constraints require ledger audit,momentum,V4_MOMENTUM_full,disabled,2012-02-03,risk_on,0.021136459982386675,0.08226226536384007,0.12959997558593717,0.8974358974358975,0.10299357134932947,0.9401709401709402,0.9316239316239316,,,{},3227.TWO,2012-02-03,2012-02-06
0.04272336842673775,1062000,0,0.006034482758620685,0.6728951763434521,1.0,D-1 estimated accounting; fill-day constraints require ledger audit,momentum,V4_MOMENTUM_full,disabled,2012-02-03,risk_on,0.021136459982386675,0.08226226536384007,0.12959997558593717,0.8974358974358975,0.10299357134932947,0.9401709401709402,0.9316239316239316,,,{},3231.TW,2012-02-03,2012-02-06
0.04106570173178032,2002000,0,0.024137931034482765,0.7727134296099814,1.0,D-1 estimated accounting; fill-day constraints require ledger audit,momentum,V4_MOMENTUM_full,disabled,2012-02-03,risk_on,0.021136459982386675,0.08226226536384007,0.12959997558593717,0.8974358974358975,0.10299357134932947,0.9401709401709402,0.9316239316239316,,,{},3264.TWO,2012-02-03,2012-02-06
0.037499858614525636,1180000,1180000,0.04827586206896552,1.13558306316927,1.0,D-1 estimated accounting; fill-day constraints require ledger audit,momentum,V4_MOMENTUM_full,disabled,2012-02-03,risk_on,0.021136459982386675,0.08226226536384007,0.12959997558593717,0.8974358974358975,0.10299357134932947,0.9401709401709402,0.9316239316239316,,,{},3324.TWO,2012-02-03,2012-02-06
0.045836176296047734,1573000,0,0.037068965517241384,0.926898516553689,1.0,D-1 estimated accounting; fill-day constraints require ledger audit,momentum,V4_MOMENTUM_full,disabled,2012-02-03,risk_on,0.021136459982386675,0.08226226536384007,0.12959997558593717,0.8974358974358975,0.10299357134932947,0.9401709401709402,0.9316239316239316,,,{},3363.TWO,2012-02-03,2012-02-06
0.047641302836748896,552000,0,0.04913793103448277,1.1714510266234401,1.0,D-1 estimated accounting; fill-day constraints require ledger audit,momentum,V4_MOMENTUM_full,disabled,2012-02-03,risk_on,0.021136459982386675,0.08226226536384007,0.12959997558593717,0.8974358974358975,0.10299357134932947,0.9401709401709402,0.9316239316239316,,,{},3653.TW,2012-02-03,2012-02-06
0.0,0,-1225000,-0.026724137931034488,0.3649916494744081,1.0,D-1 estimated accounting; fill-day constraints require ledger audit,momentum,V4_MOMENTUM_full,disabled,2012-02-03,risk_on,0.021136459982386675,0.08226226536384007,0.12959997558593717,0.8974358974358975,0.10299357134932947,0.9401709401709402,0.9316239316239316,,,{},4938.TW,2012-02-03,2012-02-06
0.043175733504197324,3865000,0,0.02155172413793104,0.7457117595048629,1.0,D-1 estimated accounting; fill-day constraints require ledger audit,momentum,V4_MOMENTUM_full,disabled,2012-02-03,risk_on,0.021136459982386675,0.08226226536384007,0.12959997558593717,0.8974358974358975,0.10299357134932947,0.9401709401709402,0.9316239316239316,,,{},5347.TWO,2012-02-03,2012-02-06
0.05063986897736118,885000,0,0.04224137931034483,0.9974457215836527,1.0,D-1 estimated accounting; fill-day constraints require ledger audit,momentum,V4_MOMENTUM_full,disabled,2012-02-03,risk_on,0.021136459982386675,0.08226226536384007,0.12959997558593717,0.8974358974358975,0.10299357134932947,0.9401709401709402,0.9316239316239316,,,{},5483.TWO,2012-02-03,2012-02-06
0.046017256361128585,232000,0,0.043965517241379315,1.0143874643874646,1.0,D-1 estimated accounting; fill-day constraints require ledger audit,momentum,V4_MOMENTUM_full,disabled,2012-02-03,risk_on,0.021136459982386675,0.08226226536384007,0.12959997558593717,0.8974358974358975,0.10299357134932947,0.9401709401709402,0.9316239316239316,,,{},6121.TWO,2012-02-03,2012-02-06
0.04277302805968553,1346000,0,-0.003448275862068967,0.5905639060811474,1.0,D-1 estimated accounting; fill-day constraints require ledger audit,momentum,V4_MOMENTUM_full,disabled,2012-02-03,risk_on,0.021136459982386675,0.08226226536384007,0.12959997558593717,0.8974358974358975,0.10299357134932947,0.9401709401709402,0.9316239316239316,,,{},6147.TWO,2012-02-03,2012-02-06
0.049104955176262545,228000,0,0.04482758620689656,1.0238186462324392,1.0,D-1 estimated accounting; fill-day constraints require ledger audit,momentum,V4_MOMENTUM_full,disabled,2012-02-03,risk_on,0.021136459982386675,0.08226226536384007,0.12959997558593717,0.8974358974358975,0.10299357134932947,0.9401709401709402,0.9316239316239316,,,{},8299.TWO,2012-02-03,2012-02-06
0.037976349829449724,3586000,0,0.05,1.1726348364279402,1.0,D-1 estimated accounting; fill-day constraints require ledger audit,momentum,V4_MOMENTUM_full,disabled,2012-02-03,risk_on,0.021136459982386675,0.08226226536384007,0.12959997558593717,0.8974358974358975,0.10299357134932947,0.9401709401709402,0.9316239316239316,,,{},8358.TWO,2012-02-03,2012-02-06
0.03921337696191406,1211000,0,-0.03620689655172414,0.28222811671087533,1.0,D-1 estimated accounting; fill-day constraints require ledger audit,momentum,V4_MOMENTUM_full,disabled,2012-02-06,risk_on,0.021725877426509305,0.05342730646405491,0.12594460862751422,0.8290598290598291,0.09890809877593419,0.9316239316239316,0.9316239316239316,,,{},2301.TW,2012-02-06,2012-02-07
0.04140886026730942,572000,0,-0.016379310344827588,0.4721190686707928,1.0,D-1 estimated accounting; fill-day constraints require ledger audit,momentum,V4_MOMENTUM_full,disabled,2012-02-06,risk_on,0.021725877426509305,0.05342730646405491,0.12594460862751422,0.8290598290598291,0.09890809877593419,0.9316239316239316,0.9316239316239316,,,{},2308.TW,2012-02-06,2012-02-07
0.04157406624967502,1366000,0,-0.010344827586206896,0.513611356714805,1.0,D-1 estimated accounting; fill-day constraints require ledger audit,momentum,V4_MOMENTUM_full,disabled,2012-02-06,risk_on,0.021725877426509305,0.05342730646405491,0.12594460862751422,0.8290598290598291,0.09890809877593419,0.9316239316239316,0.9316239316239316,,,{},2324.TW,2012-02-06,2012-02-07
0.038754805478779145,647000,0,-0.026724137931034488,0.39341782100402795,1.0,D-1 estimated accounting; fill-day constraints require ledger audit,momentum,V4_MOMENTUM_full,disabled,2012-02-06,risk_on,0.021725877426509305,0.05342730646405491,0.12594460862751422,0.8290598290598291,0.09890809877593419,0.9316239316239316,0.9316239316239316,,,{},2382.TW,2012-02-06,2012-02-07
0.040075277977041274,492000,0,-0.01724137931034483,0.46800275076137143,1.0,D-1 estimated accounting; fill-day constraints require ledger audit,momentum,V4_MOMENTUM_full,disabled,2012-02-06,risk_on,0.021725877426509305,0.05342730646405491,0.12594460862751422,0.8290598290598291,0.09890809877593419,0.9316239316239316,0.9316239316239316,,,{},2395.TW,2012-02-06,2012-02-07
0.04708580706153263,3118000,0,0.015517241379310343,0.7413596620493172,1.0,D-1 estimated accounting; fill-day constraints require ledger audit,momentum,V4_MOMENTUM_full,disabled,2012-02-06,risk_on,0.021725877426509305,0.05342730646405491,0.12594460862751422,0.8290598290598291,0.09890809877593419,0.9316239316239316,0.9316239316239316,,,{},2409.TW,2012-02-06,2012-02-07
0.0,0,-2819000,-0.039655172413793106,0.26476078200216135,1.0,D-1 estimated accounting; fill-day constraints require ledger audit,momentum,V4_MOMENTUM_full,disabled,2012-02-06,risk_on,0.021725877426509305,0.05342730646405491,0.12594460862751422,0.8290598290598291,0.09890809877593419,0.9316239316239316,0.9316239316239316,,,{},2615.TW,2012-02-06,2012-02-07
0.044225205239638445,543000,0,0.0,0.5844041654386483,1.0,D-1 estimated accounting; fill-day constraints require ledger audit,momentum,V4_MOMENTUM_full,disabled,2012-02-06,risk_on,0.021725877426509305,0.05342730646405491,0.12594460862751422,0.8290598290598291,0.09890809877593419,0.9316239316239316,0.9316239316239316,,,{},3034.TW,2012-02-06,2012-02-07
0.04406115201484579,683000,0,0.023275862068965515,0.789561843010119,1.0,D-1 estimated accounting; fill-day constraints require ledger audit,momentum,V4_MOMENTUM_full,disabled,2012-02-06,risk_on,0.021725877426509305,0.05342730646405491,0.12594460862751422,0.8290598290598291,0.09890809877593419,0.9316239316239316,0.9316239316239316,,,{},3131.TWO,2012-02-06,2012-02-07
0.04906949941676167,343000,0,0.046551724137931044,1.0882110226937813,1.0,D-1 estimated accounting; fill-day constraints require ledger audit,momentum,V4_MOMENTUM_full,disabled,2012-02-06,risk_on,0.021725877426509305,0.05342730646405491,0.12594460862751422,0.8290598290598291,0.09890809877593419,0.9316239316239316,0.9316239316239316,,,{},3211.TWO,2012-02-06,2012-02-07
0.04444350587962843,584000,0,0.036206896551724134,0.9250319284802043,1.0,D-1 estimated accounting; fill-day constraints require ledger audit,momentum,V4_MOMENTUM_full,disabled,2012-02-06,risk_on,0.021725877426509305,0.05342730646405491,0.12594460862751422,0.8290598290598291,0.09890809877593419,0.9316239316239316,0.9316239316239316,,,{},3227.TWO,2012-02-06,2012-02-07
0.043228408985387164,1062000,0,0.012068965517241383,0.6892278219864428,1.0,D-1 estimated accounting; fill-day constraints require ledger audit,momentum,V4_MOMENTUM_full,disabled,2012-02-06,risk_on,0.021725877426509305,0.05342730646405491,0.12594460862751422,0.8290598290598291,0.09890809877593419,0.9316239316239316,0.9316239316239316,,,{},3231.TW,2012-02-06,2012-02-07
0.04218482433552817,2002000,0,0.032758620689655175,0.890003929659102,1.0,D-1 estimated accounting; fill-day constraints require ledger audit,momentum,V4_MOMENTUM_full,disabled,2012-02-06,risk_on,0.021725877426509305,0.05342730646405491,0.12594460862751422,0.8290598290598291,0.09890809877593419,0.9316239316239316,0.9316239316239316,,,{},3264.TWO,2012-02-06,2012-02-07
0.03943739618358945,1180000,0,0.04827586206896552,1.1439827094999508,1.0,D-1 estimated accounting; fill-day constraints require ledger audit,momentum,V4_MOMENTUM_full,disabled,2012-02-06,risk_on,0.021725877426509305,0.05342730646405491,0.12594460862751422,0.8290598290598291,0.09890809877593419,0.9316239316239316,0.9316239316239316,,,{},3324.TWO,2012-02-06,2012-02-07
0.046947069297165404,1573000,0,0.039655172413793106,0.9410551134689068,1.0,D-1 estimated accounting; fill-day constraints require ledger audit,momentum,V4_MOMENTUM_full,disabled,2012-02-06,risk_on,0.021725877426509305,0.05342730646405491,0.12594460862751422,0.8290598290598291,0.09890809877593419,0.9316239316239316,0.9316239316239316,,,{},3363.TWO,2012-02-06,2012-02-07
0.04845424331606508,552000,0,0.04913793103448277,1.1856518322035563,1.0,D-1 estimated accounting; fill-day constraints require ledger audit,momentum,V4_MOMENTUM_full,disabled,2012-02-06,risk_on,0.021725877426509305,0.05342730646405491,0.12594460862751422,0.8290598290598291,0.09890809877593419,0.9316239316239316,0.9316239316239316,,,{},3653.TW,2012-02-06,2012-02-07
0.04351137706491033,3865000,0,0.006896551724137934,0.6535072207486,1.0,D-1 estimated accounting; fill-day constraints require ledger audit,momentum,V4_MOMENTUM_full,disabled,2012-02-06,risk_on,0.021725877426509305,0.05342730646405491,0.12594460862751422,0.8290598290598291,0.09890809877593419,0.9316239316239316,0.9316239316239316,,,{},5347.TWO,2012-02-06,2012-02-07
0.051238491901068994,885000,0,0.04310344827586207,0.9951124864917968,1.0,D-1 estimated accounting; fill-day constraints require ledger audit,momentum,V4_MOMENTUM_full,disabled,2012-02-06,risk_on,0.021725877426509305,0.05342730646405491,0.12594460862751422,0.8290598290598291,0.09890809877593419,0.9316239316239316,0.9316239316239316,,,{},5483.TWO,2012-02-06,2012-02-07
0.043933625382952694,232000,0,0.008620689655172408,0.6650112977699185,1.0,D-1 estimated accounting; fill-day constraints require ledger audit,momentum,V4_MOMENTUM_full,disabled,2012-02-06,risk_on,0.021725877426509305,0.05342730646405491,0.12594460862751422,0.8290598290598291,0.09890809877593419,0.9316239316239316,0.9316239316239316,,,{},6121.TWO,2012-02-06,2012-02-07
0.04181777276244911,1346000,0,-0.02931034482758621,0.36892622065035846,1.0,D-1 estimated accounting; fill-day constraints require ledger audit,momentum,V4_MOMENTUM_full,disabled,2012-02-06,risk_on,0.021725877426509305,0.05342730646405491,0.12594460862751422,0.8290598290598291,0.09890809877593419,0.9316239316239316,0.9316239316239316,,,{},6147.TWO,2012-02-06,2012-02-07
0.038908551694684296,1141000,1141000,0.04741379310344828,1.1061548285686218,1.0,D-1 estimated accounting; fill-day constraints require ledger audit,momentum,V4_MOMENTUM_full,disabled,2012-02-06,risk_on,0.021725877426509305,0.05342730646405491,0.12594460862751422,0.8290598290598291,0.09890809877593419,0.9316239316239316,0.9316239316239316,,,{},6290.TWO,2012-02-06,2012-02-07
0.04699973449608617,228000,0,0.026724137931034488,0.8517094017094018,1.0,D-1 estimated accounting; fill-day constraints require ledger audit,momentum,V4_MOMENTUM_full,disabled,2012-02-06,risk_on,0.021725877426509305,0.05342730646405491,0.12594460862751422,0.8290598290598291,0.09890809877593419,0.9316239316239316,0.9316239316239316,,,{},8299.TWO,2012-02-06,2012-02-07
0.0398844626940846,3586000,0,0.05,1.203929659102073,1.0,D-1 estimated accounting; fill-day constraints require ledger audit,momentum,V4_MOMENTUM_full,disabled,2012-02-06,risk_on,0.021725877426509305,0.05342730646405491,0.12594460862751422,0.8290598290598291,0.09890809877593419,0.9316239316239316,0.9316239316239316,,,{},8358.TWO,2012-02-06,2012-02-07
0.040185461064997,1211000,0,-0.03017241379310345,0.34670399842813643,1.0,D-1 estimated accounting; fill-day constraints require ledger audit,momentum,V4_MOMENTUM_full,disabled,2012-02-07,risk_on,0.022334023283303344,0.037168141592920145,0.12993039443155463,0.8290598290598291,0.10845247218262105,0.9316239316239316,0.9230769230769231,,,{},2301.TW,2012-02-07,2012-02-08
0.040853791841540595,572000,0,-0.01120689655172414,0.49596227527262005,1.0,D-1 estimated accounting; fill-day constraints require ledger audit,momentum,V4_MOMENTUM_full,disabled,2012-02-07,risk_on,0.022334023283303344,0.037168141592920145,0.12993039443155463,0.8290598290598291,0.10845247218262105,0.9316239316239316,0.9230769230769231,,,{},2308.TW,2012-02-07,2012-02-08
0.04281546145517347,1366000,0,0.012068965517241383,0.6971608212987522,1.0,D-1 estimated accounting; fill-day constraints require ledger audit,momentum,V4_MOMENTUM_full,disabled,2012-02-07,risk_on,0.022334023283303344,0.037168141592920145,0.12993039443155463,0.8290598290598291,0.10845247218262105,0.9316239316239316,0.9230769230769231,,,{},2324.TW,2012-02-07,2012-02-08
0.03912402090479898,647000,0,0.0,0.5884369780921506,1.0,D-1 estimated accounting; fill-day constraints require ledger audit,momentum,V4_MOMENTUM_full,disabled,2012-02-07,risk_on,0.022334023283303344,0.037168141592920145,0.12993039443155463,0.8290598290598291,0.10845247218262105,0.9316239316239316,0.9230769230769231,,,{},2382.TW,2012-02-07,2012-02-08
0.040443200968761306,492000,0,0.006896551724137934,0.6436192160330091,1.0,D-1 estimated accounting; fill-day constraints require ledger audit,momentum,V4_MOMENTUM_full,disabled,2012-02-07,risk_on,0.022334023283303344,0.037168141592920145,0.12993039443155463,0.8290598290598291,0.10845247218262105,0.9316239316239316,0.9230769230769231,,,{},2395.TW,2012-02-07,2012-02-08
0.046967651304816345,3118000,0,0.024137931034482765,0.7921603300913647,1.0,D-1 estimated accounting; fill-day constraints require ledger audit,momentum,V4_MOMENTUM_full,disabled,2012-02-07,risk_on,0.022334023283303344,0.037168141592920145,0.12993039443155463,0.8290598290598291,0.10845247218262105,0.9316239316239316,0.9230769230769231,,,{},2409.TW,2012-02-07,2012-02-08
0.04399781524848526,543000,0,0.0077586206896551714,0.6539198349543178,1.0,D-1 estimated accounting; fill-day constraints require ledger audit,momentum,V4_MOMENTUM_full,disabled,2012-02-07,risk_on,0.022334023283303344,0.037168141592920145,0.12993039443155463,0.8290598290598291,0.10845247218262105,0.9316239316239316,0.9230769230769231,,,{},3034.TW,2012-02-07,2012-02-08
0.04344387616488192,683000,0,-0.0008620689655172431,0.5772865703900187,1.0,D-1 estimated accounting; fill-day constraints require ledger audit,momentum,V4_MOMENTUM_full,disabled,2012-02-07,risk_on,0.022334023283303344,0.037168141592920145,0.12993039443155463,0.8290598290598291,0.10845247218262105,0.9316239316239316,0.9230769230769231,,,{},3131.TWO,2012-02-07,2012-02-08
0.04865501842434736,343000,0,0.04310344827586207,1.047155909224875,1.0,D-1 estimated accounting; fill-day constraints require ledger audit,momentum,V4_MOMENTUM_full,disabled,2012-02-07,risk_on,0.022334023283303344,0.037168141592920145,0.12993039443155463,0.8290598290598291,0.10845247218262105,0.9316239316239316,0.9230769230769231,,,{},3211.TWO,2012-02-07,2012-02-08
0.04349170372615436,584000,0,0.0353448275862069,0.9010413596620493,1.0,D-1 estimated accounting; fill-day constraints require ledger audit,momentum,V4_MOMENTUM_full,disabled,2012-02-07,risk_on,0.022334023283303344,0.037168141592920145,0.12993039443155463,0.8290598290598291,0.10845247218262105,0.9316239316239316,0.9230769230769231,,,{},3227.TWO,2012-02-07,2012-02-08
0.0440539128988437,1062000,0,0.025862068965517238,0.803232144611455,1.0,D-1 estimated accounting; fill-day constraints require ledger audit,momentum,V4_MOMENTUM_full,disabled,2012-02-07,risk_on,0.022334023283303344,0.037168141592920145,0.12993039443155463,0.8290598290598291,0.10845247218262105,0.9316239316239316,0.9230769230769231,,,{},3231.TW,2012-02-07,2012-02-08
0.03917794457509958,1068000,1068000,0.046551724137931044,1.1561351802731115,1.0,D-1 estimated accounting; fill-day constraints require ledger audit,momentum,V4_MOMENTUM_full,disabled,2012-02-07,risk_on,0.022334023283303344,0.037168141592920145,0.12993039443155463,0.8290598290598291,0.10845247218262105,0.9316239316239316,0.9230769230769231,,,{},3260.TWO,2012-02-07,2012-02-08
0.04227730053611361,2002000,0,0.037068965517241384,0.9276402397092054,1.0,D-1 estimated accounting; fill-day constraints require ledger audit,momentum,V4_MOMENTUM_full,disabled,2012-02-07,risk_on,0.022334023283303344,0.037168141592920145,0.12993039443155463,0.8290598290598291,0.10845247218262105,0.9316239316239316,0.9230769230769231,,,{},3264.TWO,2012-02-07,2012-02-08
0.03915719090980517,1180000,0,0.04827586206896552,1.158301404853129,1.0,D-1 estimated accounting; fill-day constraints require ledger audit,momentum,V4_MOMENTUM_full,disabled,2012-02-07,risk_on,0.022334023283303344,0.037168141592920145,0.12993039443155463,0.8290598290598291,0.10845247218262105,0.9316239316239316,0.9230769230769231,,,{},3324.TWO,2012-02-07,2012-02-08
0.04549254980515939,1573000,0,0.026724137931034488,0.8190441104234208,1.0,D-1 estimated accounting; fill-day constraints require ledger audit,momentum,V4_MOMENTUM_full,disabled,2012-02-07,risk_on,0.022334023283303344,0.037168141592920145,0.12993039443155463,0.8290598290598291,0.10845247218262105,0.9316239316239316,0.9230769230769231,,,{},3363.TWO,2012-02-07,2012-02-08
0.05052150357091178,552000,0,0.04913793103448277,1.2067491895078102,1.0,D-1 estimated accounting; fill-day constraints require ledger audit,momentum,V4_MOMENTUM_full,disabled,2012-02-07,risk_on,0.022334023283303344,0.037168141592920145,0.12993039443155463,0.8290598290598291,0.10845247218262105,0.9316239316239316,0.9230769230769231,,,{},3653.TW,2012-02-07,2012-02-08
0.04297057605290849,3865000,0,0.005172413793103448,0.6244326554671382,1.0,D-1 estimated accounting; fill-day constraints require ledger audit,momentum,V4_MOMENTUM_full,disabled,2012-02-07,risk_on,0.022334023283303344,0.037168141592920145,0.12993039443155463,0.8290598290598291,0.10845247218262105,0.9316239316239316,0.9230769230769231,,,{},5347.TWO,2012-02-07,2012-02-08
0.05120260928181587,885000,0,0.04051724137931034,0.9872236958443856,1.0,D-1 estimated accounting; fill-day constraints require ledger audit,momentum,V4_MOMENTUM_full,disabled,2012-02-07,risk_on,0.022334023283303344,0.037168141592920145,0.12993039443155463,0.8290598290598291,0.10845247218262105,0.9316239316239316,0.9230769230769231,,,{},5483.TWO,2012-02-07,2012-02-08
0.04418782558797341,232000,0,0.014655172413793105,0.7150211219176736,1.0,D-1 estimated accounting; fill-day constraints require ledger audit,momentum,V4_MOMENTUM_full,disabled,2012-02-07,risk_on,0.022334023283303344,0.037168141592920145,0.12993039443155463,0.8290598290598291,0.10845247218262105,0.9316239316239316,0.9230769230769231,,,{},6121.TWO,2012-02-07,2012-02-08
0.0,0,-1346000,-0.037068965517241384,0.25785931820414576,1.0,D-1 estimated accounting; fill-day constraints require ledger audit,momentum,V4_MOMENTUM_full,disabled,2012-02-07,risk_on,0.022334023283303344,0.037168141592920145,0.12993039443155463,0.8290598290598291,0.10845247218262105,0.9316239316239316,0.9230769230769231,,,{},6147.TWO,2012-02-07,2012-02-08
0.03950090388059902,1141000,0,0.04741379310344828,1.1570291777188328,1.0,D-1 estimated accounting; fill-day constraints require ledger audit,momentum,V4_MOMENTUM_full,disabled,2012-02-07,risk_on,0.022334023283303344,0.037168141592920145,0.12993039443155463,0.8290598290598291,0.10845247218262105,0.9316239316239316,0.9230769230769231,,,{},6290.TWO,2012-02-07,2012-02-08
0.047626972390810964,228000,0,0.032758620689655175,0.8836624422831318,1.0,D-1 estimated accounting; fill-day constraints require ledger audit,momentum,V4_MOMENTUM_full,disabled,2012-02-07,risk_on,0.022334023283303344,0.037168141592920145,0.12993039443155463,0.8290598290598291,0.10845247218262105,0.9316239316239316,0.9230769230769231,,,{},8299.TWO,2012-02-07,2012-02-08
0.03954756600926313,3586000,0,0.05,1.2267364181157288,1.0,D-1 estimated accounting; fill-day constraints require ledger audit,momentum,V4_MOMENTUM_full,disabled,2012-02-07,risk_on,0.022334023283303344,0.037168141592920145,0.12993039443155463,0.8290598290598291,0.10845247218262105,0.9316239316239316,0.9230769230769231,,,{},8358.TWO,2012-02-07,2012-02-08
0.0,0,-1211000,-0.032758620689655175,0.3278268985165537,1.0,D-1 estimated accounting; fill-day constraints require ledger audit,momentum,V4_MOMENTUM_full,disabled,2012-02-08,risk_on,0.022414964879866044,0.04805494621215822,0.1734005918817334,0.905982905982906,0.12151566384829637,0.9572649572649573,0.9316239316239316,,,{},2301.TW,2012-02-08,2012-02-09
0.040948331742565826,572000,0,0.0,0.5666322821495235,1.0,D-1 estimated accounting; fill-day constraints require ledger audit,momentum,V4_MOMENTUM_full,disabled,2012-02-08,risk_on,0.022414964879866044,0.04805494621215822,0.1734005918817334,0.905982905982906,0.12151566384829637,0.9572649572649573,0.9316239316239316,,,{},2308.TW,2012-02-08,2012-02-09
0.041735503478579,1366000,0,0.012068965517241383,0.6853128991060025,1.0,D-1 estimated accounting; fill-day constraints require ledger audit,momentum,V4_MOMENTUM_full,disabled,2012-02-08,risk_on,0.022414964879866044,0.04805494621215822,0.1734005918817334,0.905982905982906,0.12151566384829637,0.9572649572649573,0.9316239316239316,,,{},2324.TW,2012-02-08,2012-02-09
0.04028419773768874,647000,0,0.018965517241379317,0.7845367914333431,1.0,D-1 estimated accounting; fill-day constraints require ledger audit,momentum,V4_MOMENTUM_full,disabled,2012-02-08,risk_on,0.022414964879866044,0.04805494621215822,0.1734005918817334,0.905982905982906,0.12151566384829637,0.9572649572649573,0.9316239316239316,,,{},2382.TW,2012-02-08,2012-02-09
0.039383168242699905,492000,0,-0.009482758620689659,0.48347578347578346,1.0,D-1 estimated accounting; fill-day constraints require ledger audit,momentum,V4_MOMENTUM_full,disabled,2012-02-08,risk_on,0.022414964879866044,0.04805494621215822,0.1734005918817334,0.905982905982906,0.12151566384829637,0.9572649572649573,0.9316239316239316,,,{},2395.TW,2012-02-08,2012-02-09
0.04585865969490405,3118000,0,0.01637931034482759,0.7434079968562726,1.0,D-1 estimated accounting; fill-day constraints require ledger audit,momentum,V4_MOMENTUM_full,disabled,2012-02-08,risk_on,0.022414964879866044,0.04805494621215822,0.1734005918817334,0.905982905982906,0.12151566384829637,0.9572649572649573,0.9316239316239316,,,{},2409.TW,2012-02-08,2012-02-09
0.0431776727542859,543000,0,-0.013793103448275862,0.46639650260339915,1.0,D-1 estimated accounting; fill-day constraints require ledger audit,momentum,V4_MOMENTUM_full,disabled,2012-02-08,risk_on,0.022414964879866044,0.04805494621215822,0.1734005918817334,0.905982905982906,0.12151566384829637,0.9572649572649573,0.9316239316239316,,,{},3034.TW,2012-02-08,2012-02-09
0.04299972921809543,683000,0,-0.016379310344827588,0.45933785244130065,1.0,D-1 estimated accounting; fill-day constraints require ledger audit,momentum,V4_MOMENTUM_full,disabled,2012-02-08,risk_on,0.022414964879866044,0.04805494621215822,0.1734005918817334,0.905982905982906,0.12151566384829637,0.9572649572649573,0.9316239316239316,,,{},3131.TWO,2012-02-08,2012-02-09
0.05021401264781795,343000,0,0.04482758620689656,1.1178553885450437,1.0,D-1 estimated accounting; fill-day constraints require ledger audit,momentum,V4_MOMENTUM_full,disabled,2012-02-08,risk_on,0.022414964879866044,0.04805494621215822,0.1734005918817334,0.905982905982906,0.12151566384829637,0.9572649572649573,0.9316239316239316,,,{},3211.TWO,2012-02-08,2012-02-09
0.043841023633575844,584000,0,0.01724137931034483,0.7578003733176146,1.0,D-1 estimated accounting; fill-day constraints require ledger audit,momentum,V4_MOMENTUM_full,disabled,2012-02-08,risk_on,0.022414964879866044,0.04805494621215822,0.1734005918817334,0.905982905982906,0.12151566384829637,0.9572649572649573,0.9316239316239316,,,{},3227.TWO,2012-02-08,2012-02-09
0.04544031835694822,1062000,0,0.037068965517241384,0.9412712447195205,1.0,D-1 estimated accounting; fill-day constraints require ledger audit,momentum,V4_MOMENTUM_full,disabled,2012-02-08,risk_on,0.022414964879866044,0.04805494621215822,0.1734005918817334,0.905982905982906,0.12151566384829637,0.9572649572649573,0.9316239316239316,,,{},3231.TW,2012-02-08,2012-02-09
0.038398431323840555,1068000,0,0.045689655172413794,1.135258866293349,1.0,D-1 estimated accounting; fill-day constraints require ledger audit,momentum,V4_MOMENTUM_full,disabled,2012-02-08,risk_on,0.022414964879866044,0.04805494621215822,0.1734005918817334,0.905982905982906,0.12151566384829637,0.9572649572649573,0.9316239316239316,,,{},3260.TWO,2012-02-08,2012-02-09
0.04269013356931029,2002000,0,0.0353448275862069,0.9338343648688474,1.0,D-1 estimated accounting; fill-day constraints require ledger audit,momentum,V4_MOMENTUM_full,disabled,2012-02-08,risk_on,0.022414964879866044,0.04805494621215822,0.1734005918817334,0.905982905982906,0.12151566384829637,0.9572649572649573,0.9316239316239316,,,{},3264.TWO,2012-02-08,2012-02-09
0.040625749261127164,1180000,0,0.04913793103448277,1.1742410845859121,1.0,D-1 estimated accounting; fill-day constraints require ledger audit,momentum,V4_MOMENTUM_full,disabled,2012-02-08,risk_on,0.022414964879866044,0.04805494621215822,0.1734005918817334,0.905982905982906,0.12151566384829637,0.9572649572649573,0.9316239316239316,,,{},3324.TWO,2012-02-08,2012-02-09
0.045730096577680866,1573000,0,0.03448275862068966,0.924722467825916,1.0,D-1 estimated accounting; fill-day constraints require ledger audit,momentum,V4_MOMENTUM_full,disabled,2012-02-08,risk_on,0.022414964879866044,0.04805494621215822,0.1734005918817334,0.905982905982906,0.12151566384829637,0.9572649572649573,0.9316239316239316,,,{},3363.TWO,2012-02-08,2012-02-09
0.04010982177361751,2664000,2664000,0.046551724137931044,1.1638962569997053,1.0,D-1 estimated accounting; fill-day constraints require ledger audit,momentum,V4_MOMENTUM_full,disabled,2012-02-08,risk_on,0.022414964879866044,0.04805494621215822,0.1734005918817334,0.905982905982906,0.12151566384829637,0.9572649572649573,0.9316239316239316,,,{},3481.TW,2012-02-08,2012-02-09
0.05240197852435046,552000,0,0.05,1.1993270458787701,1.0,D-1 estimated accounting; fill-day constraints require ledger audit,momentum,V4_MOMENTUM_full,disabled,2012-02-08,risk_on,0.022414964879866044,0.04805494621215822,0.1734005918817334,0.905982905982906,0.12151566384829637,0.9572649572649573,0.9316239316239316,,,{},3653.TW,2012-02-08,2012-02-09
0.04221223117975429,3865000,0,-0.006034482758620691,0.5189016602809706,1.0,D-1 estimated accounting; fill-day constraints require ledger audit,momentum,V4_MOMENTUM_full,disabled,2012-02-08,risk_on,0.022414964879866044,0.04805494621215822,0.1734005918817334,0.905982905982906,0.12151566384829637,0.9572649572649573,0.9316239316239316,,,{},5347.TWO,2012-02-08,2012-02-09
0.0506994634978945,885000,0,0.036206896551724134,0.9409666961391099,1.0,D-1 estimated accounting; fill-day constraints require ledger audit,momentum,V4_MOMENTUM_full,disabled,2012-02-08,risk_on,0.022414964879866044,0.04805494621215822,0.1734005918817334,0.905982905982906,0.12151566384829637,0.9572649572649573,0.9316239316239316,,,{},5483.TWO,2012-02-08,2012-02-09
0.04470994497949168,232000,0,0.031034482758620686,0.8764809902740938,1.0,D-1 estimated accounting; fill-day constraints require ledger audit,momentum,V4_MOMENTUM_full,disabled,2012-02-08,risk_on,0.022414964879866044,0.04805494621215822,0.1734005918817334,0.905982905982906,0.12151566384829637,0.9572649572649573,0.9316239316239316,,,{},6121.TWO,2012-02-08,2012-02-09
0.03992922431182617,1141000,0,0.04741379310344828,1.168572551331172,1.0,D-1 estimated accounting; fill-day constraints require ledger audit,momentum,V4_MOMENTUM_full,disabled,2012-02-08,risk_on,0.022414964879866044,0.04805494621215822,0.1734005918817334,0.905982905982906,0.12151566384829637,0.9572649572649573,0.9316239316239316,,,{},6290.TWO,2012-02-08,2012-02-09
0.04791727932862623,228000,0,0.03017241379310345,0.8756557618626585,1.0,D-1 estimated accounting; fill-day constraints require ledger audit,momentum,V4_MOMENTUM_full,disabled,2012-02-08,risk_on,0.022414964879866044,0.04805494621215822,0.1734005918817334,0.905982905982906,0.12151566384829637,0.9572649572649573,0.9316239316239316,,,{},8299.TWO,2012-02-08,2012-02-09
0.03838529221676732,3586000,0,0.04827586206896552,1.1737302289026426,1.0,D-1 estimated accounting; fill-day constraints require ledger audit,momentum,V4_MOMENTUM_full,disabled,2012-02-08,risk_on,0.022414964879866044,0.04805494621215822,0.1734005918817334,0.905982905982906,0.12151566384829637,0.9572649572649573,0.9316239316239316,,,{},8358.TWO,2012-02-08,2012-02-09
0.04160032770331683,572000,0,-0.00042735042735042583,0.5419672606113284,1.0,D-1 estimated accounting; fill-day constraints require ledger audit,momentum,V4_MOMENTUM_full,disabled,2012-02-09,risk_on,0.0224742705884974,0.04004610635786421,0.17915217377388337,0.8305084745762712,0.12436161744381251,0.9745762711864406,0.9661016949152542,,,{},2308.TW,2012-02-09,2012-02-10
0.04078220522618204,1366000,0,-0.01752136752136752,0.42856728958423873,1.0,D-1 estimated accounting; fill-day constraints require ledger audit,momentum,V4_MOMENTUM_full,disabled,2012-02-09,risk_on,0.0224742705884974,0.04004610635786421,0.17915217377388337,0.8305084745762712,0.12436161744381251,0.9745762711864406,0.9661016949152542,,,{},2324.TW,2012-02-09,2012-02-10
0.03976858110502667,647000,0,0.008119658119658124,0.668564392293206,1.0,D-1 estimated accounting; fill-day constraints require ledger audit,momentum,V4_MOMENTUM_full,disabled,2012-02-09,risk_on,0.0224742705884974,0.04004610635786421,0.17915217377388337,0.8305084745762712,0.12436161744381251,0.9745762711864406,0.9661016949152542,,,{},2382.TW,2012-02-09,2012-02-10
0.03919548447155927,492000,0,-0.002991452991452992,0.527958858467333,1.0,D-1 estimated accounting; fill-day constraints require ledger audit,momentum,V4_MOMENTUM_full,disabled,2012-02-09,risk_on,0.0224742705884974,0.04004610635786421,0.17915217377388337,0.8305084745762712,0.12436161744381251,0.9745762711864406,0.9661016949152542,,,{},2395.TW,2012-02-09,2012-02-10
0.0,0,-3118000,-0.03205128205128205,0.3406634796465305,1.0,D-1 estimated accounting; fill-day constraints require ledger audit,momentum,V4_MOMENTUM_full,disabled,2012-02-09,risk_on,0.0224742705884974,0.04004610635786421,0.17915217377388337,0.8305084745762712,0.12436161744381251,0.9745762711864406,0.9661016949152542,,,{},2409.TW,2012-02-09,2012-02-10
0.03924926904995299,3348000,3348000,0.04658119658119658,1.1098942488772998,1.0,D-1 estimated accounting; fill-day constraints require ledger audit,momentum,V4_MOMENTUM_full,disabled,2012-02-09,risk_on,0.0224742705884974,0.04004610635786421,0.17915217377388337,0.8305084745762712,0.12436161744381251,0.9745762711864406,0.9661016949152542,,,{},2449.TW,2012-02-09,2012-02-10
0.04330132176402419,543000,0,-0.02777777777777778,0.3606113284079385,1.0,D-1 estimated accounting; fill-day constraints require ledger audit,momentum,V4_MOMENTUM_full,disabled,2012-02-09,risk_on,0.0224742705884974,0.04004610635786421,0.17915217377388337,0.8305084745762712,0.12436161744381251,0.9745762711864406,0.9661016949152542,,,{},3034.TW,2012-02-09,2012-02-10
0.04493596637297766,683000,0,0.02777777777777778,0.8414747211357381,1.0,D-1 estimated accounting; fill-day constraints require ledger audit,momentum,V4_MOMENTUM_full,disabled,2012-02-09,risk_on,0.0224742705884974,0.04004610635786421,0.17915217377388337,0.8305084745762712,0.12436161744381251,0.9745762711864406,0.9661016949152542,,,{},3131.TWO,2012-02-09,2012-02-10
0.048731812452456856,343000,0,0.0405982905982906,1.0126756482688686,1.0,D-1 estimated accounting; fill-day constraints require ledger audit,momentum,V4_MOMENTUM_full,disabled,2012-02-09,risk_on,0.0224742705884974,0.04004610635786421,0.17915217377388337,0.8305084745762712,0.12436161744381251,0.9745762711864406,0.9661016949152542,,,{},3211.TWO,2012-02-09,2012-02-10
0.04641615603263966,584000,0,0.03803418803418804,0.9865131102419238,1.0,D-1 estimated accounting; fill-day constraints require ledger audit,momentum,V4_MOMENTUM_full,disabled,2012-02-09,risk_on,0.0224742705884974,0.04004610635786421,0.17915217377388337,0.8305084745762712,0.12436161744381251,0.9745762711864406,0.9661016949152542,,,{},3227.TWO,2012-02-09,2012-02-10
0.04485292142684503,1062000,0,0.033760683760683766,0.9521222656815876,1.0,D-1 estimated accounting; fill-day constraints require ledger audit,momentum,V4_MOMENTUM_full,disabled,2012-02-09,risk_on,0.0224742705884974,0.04004610635786421,0.17915217377388337,0.8305084745762712,0.12436161744381251,0.9745762711864406,0.9661016949152542,,,{},3231.TW,2012-02-09,2012-02-10
0.04039223999996754,1068000,0,0.048290598290598286,1.1822685788787486,1.0,D-1 estimated accounting; fill-day constraints require ledger audit,momentum,V4_MOMENTUM_full,disabled,2012-02-09,risk_on,0.0224742705884974,0.04004610635786421,0.17915217377388337,0.8305084745762712,0.12436161744381251,0.9745762711864406,0.9661016949152542,,,{},3260.TWO,2012-02-09,2012-02-10
0.04226728242694455,2002000,0,0.029487179487179483,0.8614515428074749,1.0,D-1 estimated accounting; fill-day constraints require ledger audit,momentum,V4_MOMENTUM_full,disabled,2012-02-09,risk_on,0.0224742705884974,0.04004610635786421,0.17915217377388337,0.8305084745762712,0.12436161744381251,0.9745762711864406,0.9661016949152542,,,{},3264.TWO,2012-02-09,2012-02-10
0.041051971543384774,1180000,0,0.05,1.1869042445313633,1.0,D-1 estimated accounting; fill-day constraints require ledger audit,momentum,V4_MOMENTUM_full,disabled,2012-02-09,risk_on,0.0224742705884974,0.04004610635786421,0.17915217377388337,0.8305084745762712,0.12436161744381251,0.9745762711864406,0.9661016949152542,,,{},3324.TWO,2012-02-09,2012-02-10
0.04580298588740565,1573000,0,0.018376068376068377,0.7520932927712588,1.0,D-1 estimated accounting; fill-day constraints require ledger audit,momentum,V4_MOMENTUM_full,disabled,2012-02-09,risk_on,0.0224742705884974,0.04004610635786421,0.17915217377388337,0.8305084745762712,0.12436161744381251,0.9745762711864406,0.9661016949152542,,,{},3363.TWO,2012-02-09,2012-02-10
0.03837708085267977,2664000,0,0.04145299145299145,1.034144574822541,1.0,D-1 estimated accounting; fill-day constraints require ledger audit,momentum,V4_MOMENTUM_full,disabled,2012-02-09,risk_on,0.0224742705884974,0.04004610635786421,0.17915217377388337,0.8305084745762712,0.12436161744381251,0.9745762711864406,0.9661016949152542,,,{},3481.TW,2012-02-09,2012-02-10
0.05329041771164907,552000,0,0.04914529914529915,1.1862668405041288,1.0,D-1 estimated accounting; fill-day constraints require ledger audit,momentum,V4_MOMENTUM_full,disabled,2012-02-09,risk_on,0.0224742705884974,0.04004610635786421,0.17915217377388337,0.8305084745762712,0.12436161744381251,0.9745762711864406,0.9661016949152542,,,{},3653.TW,2012-02-09,2012-02-10
0.042132593904935685,3865000,0,-0.023504273504273504,0.39668260176734754,1.0,D-1 estimated accounting; fill-day constraints require ledger audit,momentum,V4_MOMENTUM_full,disabled,2012-02-09,risk_on,0.0224742705884974,0.04004610635786421,0.17915217377388337,0.8305084745762712,0.12436161744381251,0.9745762711864406,0.9661016949152542,,,{},5347.TWO,2012-02-09,2012-02-10
0.05193501173406658,885000,0,0.03632478632478633,0.9787483702737942,1.0,D-1 estimated accounting; fill-day constraints require ledger audit,momentum,V4_MOMENTUM_full,disabled,2012-02-09,risk_on,0.0224742705884974,0.04004610635786421,0.17915217377388337,0.8305084745762712,0.12436161744381251,0.9745762711864406,0.9661016949152542,,,{},5483.TWO,2012-02-09,2012-02-10
0.04404626088237959,232000,0,0.01068376068376068,0.6943213095755468,1.0,D-1 estimated accounting; fill-day constraints require ledger audit,momentum,V4_MOMENTUM_full,disabled,2012-02-09,risk_on,0.0224742705884974,0.04004610635786421,0.17915217377388337,0.8305084745762712,0.12436161744381251,0.9745762711864406,0.9661016949152542,,,{},6121.TWO,2012-02-09,2012-02-10
0.03905389716366074,1141000,0,0.047435897435897434,1.1110531652904536,1.0,D-1 estimated accounting; fill-day constraints require ledger audit,momentum,V4_MOMENTUM_full,disabled,2012-02-09,risk_on,0.0224742705884974,0.04004610635786421,0.17915217377388337,0.8305084745762712,0.12436161744381251,0.9745762711864406,0.9661016949152542,,,{},6290.TWO,2012-02-09,2012-02-10
0.04724176120544161,228000,0,0.004700854700854707,0.6231276256699986,1.0,D-1 estimated accounting; fill-day constraints require ledger audit,momentum,V4_MOMENTUM_full,disabled,2012-02-09,risk_on,0.0224742705884974,0.04004610635786421,0.17915217377388337,0.8305084745762712,0.12436161744381251,0.9745762711864406,0.9661016949152542,,,{},8299.TWO,2012-02-09,2012-02-10
0.03831596496263528,3586000,0,0.04487179487179487,1.08184847167898,1.0,D-1 estimated accounting; fill-day constraints require ledger audit,momentum,V4_MOMENTUM_full,disabled,2012-02-09,risk_on,0.0224742705884974,0.04004610635786421,0.17915217377388337,0.8305084745762712,0.12436161744381251,0.9745762711864406,0.9661016949152542,,,{},8358.TWO,2012-02-09,2012-02-10
0.043180115930377926,2881000,2881000,0.048290598290598286,1.118050123134869,1.0,D-1 estimated accounting; fill-day constraints require ledger audit,momentum,V4_MOMENTUM_full,disabled,2012-02-10,risk_on,0.02324820532955752,0.025998493924670574,0.16473940374683949,0.7711864406779662,0.12524270513891972,0.923728813559322,0.9491525423728814,,,{},1519.TW,2012-02-10,2012-02-13
0.0400858724282511,572000,0,-0.030341880341880345,0.3059539330725771,1.0,D-1 estimated accounting; fill-day constraints require ledger audit,momentum,V4_MOMENTUM_full,disabled,2012-02-10,risk_on,0.02324820532955752,0.025998493924670574,0.16473940374683949,0.7711864406779662,0.12524270513891972,0.923728813559322,0.9491525423728814,,,{},2308.TW,2012-02-10,2012-02-13
0.040715298465636075,1366000,0,-0.01581196581196581,0.4254237288135593,1.0,D-1 estimated accounting; fill-day constraints require ledger audit,momentum,V4_MOMENTUM_full,disabled,2012-02-10,risk_on,0.02324820532955752,0.025998493924670574,0.16473940374683949,0.7711864406779662,0.12524270513891972,0.923728813559322,0.9491525423728814,,,{},2324.TW,2012-02-10,2012-02-13
0.04028720989026182,647000,0,0.013247863247863246,0.7330725771403738,1.0,D-1 estimated accounting; fill-day constraints require ledger audit,momentum,V4_MOMENTUM_full,disabled,2012-02-10,risk_on,0.02324820532955752,0.025998493924670574,0.16473940374683949,0.7711864406779662,0.12524270513891972,0.923728813559322,0.9491525423728814,,,{},2382.TW,2012-02-10,2012-02-13
0.040354030266663635,492000,0,0.018376068376068377,0.7824279298855571,1.0,D-1 estimated accounting; fill-day constraints require ledger audit,momentum,V4_MOMENTUM_full,disabled,2012-02-10,risk_on,0.02324820532955752,0.025998493924670574,0.16473940374683949,0.7711864406779662,0.12524270513891972,0.923728813559322,0.9491525423728814,,,{},2395.TW,2012-02-10,2012-02-13
0.03858736523956003,3348000,0,0.0405982905982906,0.9673765029697232,1.0,D-1 estimated accounting; fill-day constraints require ledger audit,momentum,V4_MOMENTUM_full,disabled,2012-02-10,risk_on,0.02324820532955752,0.025998493924670574,0.16473940374683949,0.7711864406779662,0.12524270513891972,0.923728813559322,0.9491525423728814,,,{},2449.TW,2012-02-10,2012-02-13
0.0,0,-543000,-0.03888888888888889,0.22892945096334927,1.0,D-1 estimated accounting; fill-day constraints require ledger audit,momentum,V4_MOMENTUM_full,disabled,2012-02-10,risk_on,0.02324820532955752,0.025998493924670574,0.16473940374683949,0.7711864406779662,0.12524270513891972,0.923728813559322,0.9491525423728814,,,{},3034.TW,2012-02-10,2012-02-13
0.04462352369393767,683000,0,0.02264957264957265,0.823004490801101,1.0,D-1 estimated accounting; fill-day constraints require ledger audit,momentum,V4_MOMENTUM_full,disabled,2012-02-10,risk_on,0.02324820532955752,0.025998493924670574,0.16473940374683949,0.7711864406779662,0.12524270513891972,0.923728813559322,0.9491525423728814,,,{},3131.TWO,2012-02-10,2012-02-13
0.04891580177414872,343000,0,0.026923076923076928,0.8548602057076634,1.0,D-1 estimated accounting; fill-day constraints require ledger audit,momentum,V4_MOMENTUM_full,disabled,2012-02-10,risk_on,0.02324820532955752,0.025998493924670574,0.16473940374683949,0.7711864406779662,0.12524270513891972,0.923728813559322,0.9491525423728814,,,{},3211.TWO,2012-02-10,2012-02-13
0.046611703745893324,584000,0,0.03974358974358975,0.9643778067506881,1.0,D-1 estimated accounting; fill-day constraints require ledger audit,momentum,V4_MOMENTUM_full,disabled,2012-02-10,risk_on,0.02324820532955752,0.025998493924670574,0.16473940374683949,0.7711864406779662,0.12524270513891972,0.923728813559322,0.9491525423728814,,,{},3227.TWO,2012-02-10,2012-02-13
0.04450675234763548,1062000,0,0.025213675213675214,0.8458061712299,1.0,D-1 estimated accounting; fill-day constraints require ledger audit,momentum,V4_MOMENTUM_full,disabled,2012-02-10,risk_on,0.02324820532955752,0.025998493924670574,0.16473940374683949,0.7711864406779662,0.12524270513891972,0.923728813559322,0.9491525423728814,,,{},3231.TW,2012-02-10,2012-02-13
0.039608095782818056,1068000,0,0.04914529914529915,1.1516586991163262,1.0,D-1 estimated accounting; fill-day constraints require ledger audit,momentum,V4_MOMENTUM_full,disabled,2012-02-10,risk_on,0.02324820532955752,0.025998493924670574,0.16473940374683949,0.7711864406779662,0.12524270513891972,0.923728813559322,0.9491525423728814,,,{},3260.TWO,2012-02-10,2012-02-13
0.04132686922211367,2002000,0,0.005555555555555558,0.663754889178618,1.0,D-1 estimated accounting; fill-day constraints require ledger audit,momentum,V4_MOMENTUM_full,disabled,2012-02-10,risk_on,0.02324820532955752,0.025998493924670574,0.16473940374683949,0.7711864406779662,0.12524270513891972,0.923728813559322,0.9491525423728814,,,{},3264.TWO,2012-02-10,2012-02-13
0.04163906278399101,1180000,0,0.05,1.17834274952919,1.0,D-1 estimated accounting; fill-day constraints require ledger audit,momentum,V4_MOMENTUM_full,disabled,2012-02-10,risk_on,0.02324820532955752,0.025998493924670574,0.16473940374683949,0.7711864406779662,0.12524270513891972,0.923728813559322,0.9491525423728814,,,{},3324.TWO,2012-02-10,2012-02-13
0.04640031036494214,1573000,0,0.017521367521367525,0.7819933362306243,1.0,D-1 estimated accounting; fill-day constraints require ledger audit,momentum,V4_MOMENTUM_full,disabled,2012-02-10,risk_on,0.02324820532955752,0.025998493924670574,0.16473940374683949,0.7711864406779662,0.12524270513891972,0.923728813559322,0.9491525423728814,,,{},3363.TWO,2012-02-10,2012-02-13
0.03806031678215069,2664000,0,0.030341880341880345,0.8875706214689267,1.0,D-1 estimated accounting; fill-day constraints require ledger audit,momentum,V4_MOMENTUM_full,disabled,2012-02-10,risk_on,0.02324820532955752,0.025998493924670574,0.16473940374683949,0.7711864406779662,0.12524270513891972,0.923728813559322,0.9491525423728814,,,{},3481.TW,2012-02-10,2012-02-13
0.052290778490443696,552000,0,0.04658119658119658,1.0832101984644358,1.0,D-1 estimated accounting; fill-day constraints require ledger audit,momentum,V4_MOMENTUM_full,disabled,2012-02-10,risk_on,0.02324820532955752,0.025998493924670574,0.16473940374683949,0.7711864406779662,0.12524270513891972,0.923728813559322,0.9491525423728814,,,{},3653.TW,2012-02-10,2012-02-13
0.04268205218050289,3865000,0,-0.012393162393162394,0.4644502390265103,1.0,D-1 estimated accounting; fill-day constraints require ledger audit,momentum,V4_MOMENTUM_full,disabled,2012-02-10,risk_on,0.02324820532955752,0.025998493924670574,0.16473940374683949,0.7711864406779662,0.12524270513891972,0.923728813559322,0.9491525423728814,,,{},5347.TWO,2012-02-10,2012-02-13
0.05152591521800429,885000,0,0.03547008547008547,0.944502390265102,1.0,D-1 estimated accounting; fill-day constraints require ledger audit,momentum,V4_MOMENTUM_full,disabled,2012-02-10,risk_on,0.02324820532955752,0.025998493924670574,0.16473940374683949,0.7711864406779662,0.12524270513891972,0.923728813559322,0.9491525423728814,,,{},5483.TWO,2012-02-10,2012-02-13
0.04492629667815835,232000,0,-0.005555555555555558,0.5774880486744893,1.0,D-1 estimated accounting; fill-day constraints require ledger audit,momentum,V4_MOMENTUM_full,disabled,2012-02-10,risk_on,0.02324820532955752,0.025998493924670574,0.16473940374683949,0.7711864406779662,0.12524270513891972,0.923728813559322,0.9491525423728814,,,{},6121.TWO,2012-02-10,2012-02-13
0.03951318894000735,1141000,0,0.04145299145299145,0.9784151818050124,1.0,D-1 estimated accounting; fill-day constraints require ledger audit,momentum,V4_MOMENTUM_full,disabled,2012-02-10,risk_on,0.02324820532955752,0.025998493924670574,0.16473940374683949,0.7711864406779662,0.12524270513891972,0.923728813559322,0.9491525423728814,,,{},6290.TWO,2012-02-10,2012-02-13
0.04825833308699511,228000,0,0.008119658119658124,0.6889758076198755,1.0,D-1 estimated accounting; fill-day constraints require ledger audit,momentum,V4_MOMENTUM_full,disabled,2012-02-10,risk_on,0.02324820532955752,0.025998493924670574,0.16473940374683949,0.7711864406779662,0.12524270513891972,0.923728813559322,0.9491525423728814,,,{},8299.TWO,2012-02-10,2012-02-13
0.03912994669594277,3586000,0,0.03888888888888889,0.9631319716065477,1.0,D-1 estimated accounting; fill-day constraints require ledger audit,momentum,V4_MOMENTUM_full,disabled,2012-02-10,risk_on,0.02324820532955752,0.025998493924670574,0.16473940374683949,0.7711864406779662,0.12524270513891972,0.923728813559322,0.9491525423728814,,,{},8358.TWO,2012-02-10,2012-02-13
