target_weight,target_shares,order_shares,expected_return,score,confidence,reason,family,model_ensemble_id,regime,observed_date,prior_regime,market_volatility,median_R5,median_R20,breadth,dispersion,above_EMA20,above_EMA50,model_train_end,latest_label_end,expert_weights,symbol,signal_date,decision_date
0.014889825,408000,408000,0.03623188405797102,0.3623188405797102,1.0,D-1 estimated accounting; fill-day constraints require ledger audit,direct,V4_DIRECT_FROZEN_LINEAR_PORTFOLIO,risk_on,2017-12-29,risk_on,0.014803871747552284,0.0063157467681153046,0.00755147049339977,0.6159420289855072,0.07994839589528971,0.6884057971014492,0.6376811594202898,,,{},1101.TW,2017-12-29,2018-01-02
0.0489765,475000,475000,0.04347826086956522,0.4347826086956522,1.0,D-1 estimated accounting; fill-day constraints require ledger audit,direct,V4_DIRECT_FROZEN_LINEAR_PORTFOLIO,risk_on,2017-12-29,risk_on,0.014803871747552284,0.0063157467681153046,0.00755147049339977,0.6159420289855072,0.07994839589528971,0.6884057971014492,0.6376811594202898,,,{},1326.TW,2017-12-29,2018-01-02
0.025113825,1204000,1204000,0.038405797101449285,0.3840579710144928,1.0,D-1 estimated accounting; fill-day constraints require ledger audit,direct,V4_DIRECT_FROZEN_LINEAR_PORTFOLIO,risk_on,2017-12-29,risk_on,0.014803871747552284,0.0063157467681153046,0.00755147049339977,0.6159420289855072,0.07994839589528971,0.6884057971014492,0.6376811594202898,,,{},1519.TW,2017-12-29,2018-01-02
0.079553,3752000,3752000,0.05,0.5,1.0,D-1 estimated accounting; fill-day constraints require ledger audit,direct,V4_DIRECT_FROZEN_LINEAR_PORTFOLIO,risk_on,2017-12-29,risk_on,0.014803871747552284,0.0063157467681153046,0.00755147049339977,0.6159420289855072,0.07994839589528971,0.6884057971014492,0.6376811594202898,,,{},1785.TWO,2017-12-29,2018-01-02
0.069363225,3103000,3103000,0.04782608695652174,0.4782608695652174,1.0,D-1 estimated accounting; fill-day constraints require ledger audit,direct,V4_DIRECT_FROZEN_LINEAR_PORTFOLIO,risk_on,2017-12-29,risk_on,0.014803871747552284,0.0063157467681153046,0.00755147049339977,0.6159420289855072,0.07994839589528971,0.6884057971014492,0.6376811594202898,,,{},1802.TW,2017-12-29,2018-01-02
0.062551125,2749000,2749000,0.0463768115942029,0.46376811594202894,1.0,D-1 estimated accounting; fill-day constraints require ledger audit,direct,V4_DIRECT_FROZEN_LINEAR_PORTFOLIO,risk_on,2017-12-29,risk_on,0.014803871747552284,0.0063157467681153046,0.00755147049339977,0.6159420289855072,0.07994839589528971,0.6884057971014492,0.6376811594202898,,,{},1815.TWO,2017-12-29,2018-01-02
0.0352937,798000,798000,0.04057971014492754,0.4057971014492754,1.0,D-1 estimated accounting; fill-day constraints require ledger audit,direct,V4_DIRECT_FROZEN_LINEAR_PORTFOLIO,risk_on,2017-12-29,risk_on,0.014803871747552284,0.0063157467681153046,0.00755147049339977,0.6159420289855072,0.07994839589528971,0.6884057971014492,0.6376811594202898,,,{},2337.TW,2017-12-29,2018-01-02
0.055703,525000,525000,0.04492753623188406,0.4492753623188406,1.0,D-1 estimated accounting; fill-day constraints require ledger audit,direct,V4_DIRECT_FROZEN_LINEAR_PORTFOLIO,risk_on,2017-12-29,risk_on,0.014803871747552284,0.0063157467681153046,0.00755147049339977,0.6159420289855072,0.07994839589528971,0.6884057971014492,0.6376811594202898,,,{},2345.TW,2017-12-29,2018-01-02
0.00781,27000,27000,0.034782608695652174,0.34782608695652173,1.0,D-1 estimated accounting; fill-day constraints require ledger audit,direct,V4_DIRECT_FROZEN_LINEAR_PORTFOLIO,risk_on,2017-12-29,risk_on,0.014803871747552284,0.0063157467681153046,0.00755147049339977,0.6159420289855072,0.07994839589528971,0.6884057971014492,0.6376811594202898,,,{},2912.TW,2017-12-29,2018-01-02
0.0387342,1195000,1195000,0.041304347826086954,0.4130434782608695,1.0,D-1 estimated accounting; fill-day constraints require ledger audit,direct,V4_DIRECT_FROZEN_LINEAR_PORTFOLIO,risk_on,2017-12-29,risk_on,0.014803871747552284,0.0063157467681153046,0.00755147049339977,0.6159420289855072,0.07994839589528971,0.6884057971014492,0.6376811594202898,,,{},3017.TW,2017-12-29,2018-01-02
0.0523187,1205000,1205000,0.04420289855072464,0.44202898550724634,1.0,D-1 estimated accounting; fill-day constraints require ledger audit,direct,V4_DIRECT_FROZEN_LINEAR_PORTFOLIO,risk_on,2017-12-29,risk_on,0.014803871747552284,0.0063157467681153046,0.00755147049339977,0.6159420289855072,0.07994839589528971,0.6884057971014492,0.6376811594202898,,,{},3163.TWO,2017-12-29,2018-01-02
0.011484025,479000,479000,0.035507246376811595,0.35507246376811596,1.0,D-1 estimated accounting; fill-day constraints require ledger audit,direct,V4_DIRECT_FROZEN_LINEAR_PORTFOLIO,risk_on,2017-12-29,risk_on,0.014803871747552284,0.0063157467681153046,0.00755147049339977,0.6159420289855072,0.07994839589528971,0.6884057971014492,0.6376811594202898,,,{},3231.TW,2017-12-29,2018-01-02
0.0723765,169000,169000,0.04855072463768117,0.48550724637681164,1.0,D-1 estimated accounting; fill-day constraints require ledger audit,direct,V4_DIRECT_FROZEN_LINEAR_PORTFOLIO,risk_on,2017-12-29,risk_on,0.014803871747552284,0.0063157467681153046,0.00755147049339977,0.6159420289855072,0.07994839589528971,0.6884057971014492,0.6376811594202898,,,{},3529.TWO,2017-12-29,2018-01-02
0.042003,58000,58000,0.042028985507246375,0.42028985507246375,1.0,D-1 estimated accounting; fill-day constraints require ledger audit,direct,V4_DIRECT_FROZEN_LINEAR_PORTFOLIO,risk_on,2017-12-29,risk_on,0.014803871747552284,0.0063157467681153046,0.00755147049339977,0.6159420289855072,0.07994839589528971,0.6884057971014492,0.6376811594202898,,,{},5274.TWO,2017-12-29,2018-01-02
0.028479,431000,431000,0.03913043478260869,0.3913043478260869,1.0,D-1 estimated accounting; fill-day constraints require ledger audit,direct,V4_DIRECT_FROZEN_LINEAR_PORTFOLIO,risk_on,2017-12-29,risk_on,0.014803871747552284,0.0063157467681153046,0.00755147049339977,0.6159420289855072,0.07994839589528971,0.6884057971014492,0.6376811594202898,,,{},5347.TWO,2017-12-29,2018-01-02
0.03192495,496000,496000,0.03985507246376812,0.39855072463768115,1.0,D-1 estimated accounting; fill-day constraints require ledger audit,direct,V4_DIRECT_FROZEN_LINEAR_PORTFOLIO,risk_on,2017-12-29,risk_on,0.014803871747552284,0.0063157467681153046,0.00755147049339977,0.6159420289855072,0.07994839589528971,0.6884057971014492,0.6376811594202898,,,{},6187.TWO,2017-12-29,2018-01-02
0.06590869999999999,786000,786000,0.04710144927536232,0.47101449275362317,1.0,D-1 estimated accounting; fill-day constraints require ledger audit,direct,V4_DIRECT_FROZEN_LINEAR_PORTFOLIO,risk_on,2017-12-29,risk_on,0.014803871747552284,0.0063157467681153046,0.00755147049339977,0.6159420289855072,0.07994839589528971,0.6884057971014492,0.6376811594202898,,,{},6274.TWO,2017-12-29,2018-01-02
0.00465255,73000,73000,0.034057971014492754,0.3405797101449275,1.0,D-1 estimated accounting; fill-day constraints require ledger audit,direct,V4_DIRECT_FROZEN_LINEAR_PORTFOLIO,risk_on,2017-12-29,risk_on,0.014803871747552284,0.0063157467681153046,0.00755147049339977,0.6159420289855072,0.07994839589528971,0.6884057971014492,0.6376811594202898,,,{},6290.TWO,2017-12-29,2018-01-02
0.04522,66000,66000,0.0427536231884058,0.427536231884058,1.0,D-1 estimated accounting; fill-day constraints require ledger audit,direct,V4_DIRECT_FROZEN_LINEAR_PORTFOLIO,risk_on,2017-12-29,risk_on,0.014803871747552284,0.0063157467681153046,0.00755147049339977,0.6159420289855072,0.07994839589528971,0.6884057971014492,0.6376811594202898,,,{},6415.TW,2017-12-29,2018-01-02
0.0761425,66000,66000,0.04927536231884058,0.49275362318840576,1.0,D-1 estimated accounting; fill-day constraints require ledger audit,direct,V4_DIRECT_FROZEN_LINEAR_PORTFOLIO,risk_on,2017-12-29,risk_on,0.014803871747552284,0.0063157467681153046,0.00755147049339977,0.6159420289855072,0.07994839589528971,0.6884057971014492,0.6376811594202898,,,{},6510.TWO,2017-12-29,2018-01-02
0.02155725,49000,49000,0.03768115942028986,0.37681159420289856,1.0,D-1 estimated accounting; fill-day constraints require ledger audit,direct,V4_DIRECT_FROZEN_LINEAR_PORTFOLIO,risk_on,2017-12-29,risk_on,0.014803871747552284,0.0063157467681153046,0.00755147049339977,0.6159420289855072,0.07994839589528971,0.6884057971014492,0.6376811594202898,,,{},6548.TWO,2017-12-29,2018-01-02
0.01829685,426000,426000,0.03695652173913044,0.3695652173913043,1.0,D-1 estimated accounting; fill-day constraints require ledger audit,direct,V4_DIRECT_FROZEN_LINEAR_PORTFOLIO,risk_on,2017-12-29,risk_on,0.014803871747552284,0.0063157467681153046,0.00755147049339977,0.6159420289855072,0.07994839589528971,0.6884057971014492,0.6376811594202898,,,{},8210.TW,2017-12-29,2018-01-02
0.014906446444075,408000,0,0.001449275362318836,0.01449275362318836,1.0,D-1 estimated accounting; fill-day constraints require ledger audit,direct,V4_DIRECT_FROZEN_LINEAR_PORTFOLIO,risk_on,2018-01-02,risk_on,0.014857758957231055,0.010596143340365627,0.006165808637619397,0.7246376811594203,0.08037487242033843,0.7391304347826086,0.7028985507246377,,,{},1101.TW,2018-01-02,2018-01-03
0.04913438822493411,475000,0,0.03768115942028986,0.37681159420289856,1.0,D-1 estimated accounting; fill-day constraints require ledger audit,direct,V4_DIRECT_FROZEN_LINEAR_PORTFOLIO,risk_on,2018-01-02,risk_on,0.014857758957231055,0.010596143340365627,0.006165808637619397,0.7246376811594203,0.08037487242033843,0.7391304347826086,0.7028985507246377,,,{},1326.TW,2018-01-02,2018-01-03
0.025133199142400878,1204000,0,0.03188405797101449,0.3188405797101449,1.0,D-1 estimated accounting; fill-day constraints require ledger audit,direct,V4_DIRECT_FROZEN_LINEAR_PORTFOLIO,risk_on,2018-01-02,risk_on,0.014857758957231055,0.010596143340365627,0.006165808637619397,0.7246376811594203,0.08037487242033843,0.7391304347826086,0.7028985507246377,,,{},1519.TW,2018-01-02,2018-01-03
0.08672940724476366,3752000,0,0.05,0.5,1.0,D-1 estimated accounting; fill-day constraints require ledger audit,direct,V4_DIRECT_FROZEN_LINEAR_PORTFOLIO,risk_on,2018-01-02,risk_on,0.014857758957231055,0.010596143340365627,0.006165808637619397,0.7246376811594203,0.08037487242033843,0.7391304347826086,0.7028985507246377,,,{},1785.TWO,2018-01-02,2018-01-03
0.06863097397425011,3103000,0,0.04347826086956522,0.4347826086956522,1.0,D-1 estimated accounting; fill-day constraints require ledger audit,direct,V4_DIRECT_FROZEN_LINEAR_PORTFOLIO,risk_on,2018-01-02,risk_on,0.014857758957231055,0.010596143340365627,0.006165808637619397,0.7246376811594203,0.08037487242033843,0.7391304347826086,0.7028985507246377,,,{},1802.TW,2018-01-02,2018-01-03
0.06588091884336247,2749000,0,0.04782608695652174,0.4782608695652174,1.0,D-1 estimated accounting; fill-day constraints require ledger audit,direct,V4_DIRECT_FROZEN_LINEAR_PORTFOLIO,risk_on,2018-01-02,risk_on,0.014857758957231055,0.010596143340365627,0.006165808637619397,0.7246376811594203,0.08037487242033843,0.7391304347826086,0.7028985507246377,,,{},1815.TWO,2018-01-02,2018-01-03
0.03475810506704442,798000,0,0.042028985507246375,0.42028985507246375,1.0,D-1 estimated accounting; fill-day constraints require ledger audit,direct,V4_DIRECT_FROZEN_LINEAR_PORTFOLIO,risk_on,2018-01-02,risk_on,0.014857758957231055,0.010596143340365627,0.006165808637619397,0.7246376811594203,0.08037487242033843,0.7391304347826086,0.7028985507246377,,,{},2337.TW,2018-01-02,2018-01-03
0.058498168576390376,525000,0,0.04710144927536232,0.47101449275362317,1.0,D-1 estimated accounting; fill-day constraints require ledger audit,direct,V4_DIRECT_FROZEN_LINEAR_PORTFOLIO,risk_on,2018-01-02,risk_on,0.014857758957231055,0.010596143340365627,0.006165808637619397,0.7246376811594203,0.08037487242033843,0.7391304347826086,0.7028985507246377,,,{},2345.TW,2018-01-02,2018-01-03
0.05808019793515601,4691000,4691000,0.0463768115942029,0.46376811594202894,1.0,D-1 estimated accounting; fill-day constraints require ledger audit,direct,V4_DIRECT_FROZEN_LINEAR_PORTFOLIO,risk_on,2018-01-02,risk_on,0.014857758957231055,0.010596143340365627,0.006165808637619397,0.7246376811594203,0.08037487242033843,0.7391304347826086,0.7028985507246377,,,{},2609.TW,2018-01-02,2018-01-03
0.007893420237093631,27000,0,0.035507246376811595,0.35507246376811596,1.0,D-1 estimated accounting; fill-day constraints require ledger audit,direct,V4_DIRECT_FROZEN_LINEAR_PORTFOLIO,risk_on,2018-01-02,risk_on,0.014857758957231055,0.010596143340365627,0.006165808637619397,0.7246376811594203,0.08037487242033843,0.7391304347826086,0.7028985507246377,,,{},2912.TW,2018-01-02,2018-01-03
0.03998426060780043,1195000,0,0.041304347826086954,0.4130434782608695,1.0,D-1 estimated accounting; fill-day constraints require ledger audit,direct,V4_DIRECT_FROZEN_LINEAR_PORTFOLIO,risk_on,2018-01-02,risk_on,0.014857758957231055,0.010596143340365627,0.006165808637619397,0.7246376811594203,0.08037487242033843,0.7391304347826086,0.7028985507246377,,,{},3017.TW,2018-01-02,2018-01-03
0.05145149705563952,1205000,0,-0.03840579710144928,-0.38405797101449274,1.0,D-1 estimated accounting; fill-day constraints require ledger audit,direct,V4_DIRECT_FROZEN_LINEAR_PORTFOLIO,risk_on,2018-01-02,risk_on,0.014857758957231055,0.010596143340365627,0.006165808637619397,0.7246376811594203,0.08037487242033843,0.7391304347826086,0.7028985507246377,,,{},3163.TWO,2018-01-02,2018-01-03
0.01139358116524727,479000,0,-0.019565217391304346,-0.19565217391304346,1.0,D-1 estimated accounting; fill-day constraints require ledger audit,direct,V4_DIRECT_FROZEN_LINEAR_PORTFOLIO,risk_on,2018-01-02,risk_on,0.014857758957231055,0.010596143340365627,0.006165808637619397,0.7246376811594203,0.08037487242033843,0.7391304347826086,0.7028985507246377,,,{},3231.TW,2018-01-02,2018-01-03
0.07192060209702862,169000,0,0.04855072463768117,0.48550724637681164,1.0,D-1 estimated accounting; fill-day constraints require ledger audit,direct,V4_DIRECT_FROZEN_LINEAR_PORTFOLIO,risk_on,2018-01-02,risk_on,0.014857758957231055,0.010596143340365627,0.006165808637619397,0.7246376811594203,0.08037487242033843,0.7391304347826086,0.7028985507246377,,,{},3529.TWO,2018-01-02,2018-01-03
0.04123397934699814,58000,0,0.03623188405797102,0.3623188405797102,1.0,D-1 estimated accounting; fill-day constraints require ledger audit,direct,V4_DIRECT_FROZEN_LINEAR_PORTFOLIO,risk_on,2018-01-02,risk_on,0.014857758957231055,0.010596143340365627,0.006165808637619397,0.7246376811594203,0.08037487242033843,0.7391304347826086,0.7028985507246377,,,{},5274.TWO,2018-01-02,2018-01-03
0.0,0,-431000,-0.0463768115942029,-0.463768115942029,1.0,D-1 estimated accounting; fill-day constraints require ledger audit,direct,V4_DIRECT_FROZEN_LINEAR_PORTFOLIO,risk_on,2018-01-02,risk_on,0.014857758957231055,0.010596143340365627,0.006165808637619397,0.7246376811594203,0.08037487242033843,0.7391304347826086,0.7028985507246377,,,{},5347.TWO,2018-01-02,2018-01-03
0.03207142193293776,496000,0,-0.02681159420289855,-0.2681159420289855,1.0,D-1 estimated accounting; fill-day constraints require ledger audit,direct,V4_DIRECT_FROZEN_LINEAR_PORTFOLIO,risk_on,2018-01-02,risk_on,0.014857758957231055,0.010596143340365627,0.006165808637619397,0.7246376811594203,0.08037487242033843,0.7391304347826086,0.7028985507246377,,,{},6187.TWO,2018-01-02,2018-01-03
0.06580174752639152,786000,0,0.045652173913043485,0.4565217391304348,1.0,D-1 estimated accounting; fill-day constraints require ledger audit,direct,V4_DIRECT_FROZEN_LINEAR_PORTFOLIO,risk_on,2018-01-02,risk_on,0.014857758957231055,0.010596143340365627,0.006165808637619397,0.7246376811594203,0.08037487242033843,0.7391304347826086,0.7028985507246377,,,{},6274.TWO,2018-01-02,2018-01-03
0.004762409302004387,73000,0,0.018840579710144925,0.18840579710144922,1.0,D-1 estimated accounting; fill-day constraints require ledger audit,direct,V4_DIRECT_FROZEN_LINEAR_PORTFOLIO,risk_on,2018-01-02,risk_on,0.014857758957231055,0.010596143340365627,0.006165808637619397,0.7246376811594203,0.08037487242033843,0.7391304347826086,0.7028985507246377,,,{},6290.TWO,2018-01-02,2018-01-03
0.045611364457453424,66000,0,0.03985507246376812,0.39855072463768115,1.0,D-1 estimated accounting; fill-day constraints require ledger audit,direct,V4_DIRECT_FROZEN_LINEAR_PORTFOLIO,risk_on,2018-01-02,risk_on,0.014857758957231055,0.010596143340365627,0.006165808637619397,0.7246376811594203,0.08037487242033843,0.7391304347826086,0.7028985507246377,,,{},6415.TW,2018-01-02,2018-01-03
0.07336325724233775,66000,0,0.04420289855072464,0.44202898550724634,1.0,D-1 estimated accounting; fill-day constraints require ledger audit,direct,V4_DIRECT_FROZEN_LINEAR_PORTFOLIO,risk_on,2018-01-02,risk_on,0.014857758957231055,0.010596143340365627,0.006165808637619397,0.7246376811594203,0.08037487242033843,0.7391304347826086,0.7028985507246377,,,{},6510.TWO,2018-01-02,2018-01-03
0.021398719070576614,49000,0,-0.013768115942028987,-0.13768115942028986,1.0,D-1 estimated accounting; fill-day constraints require ledger audit,direct,V4_DIRECT_FROZEN_LINEAR_PORTFOLIO,risk_on,2018-01-02,risk_on,0.014857758957231055,0.010596143340365627,0.006165808637619397,0.7246376811594203,0.08037487242033843,0.7391304347826086,0.7028985507246377,,,{},6548.TWO,2018-01-02,2018-01-03
0.017969093496067328,426000,0,-0.02318840579710145,-0.23188405797101447,1.0,D-1 estimated accounting; fill-day constraints require ledger audit,direct,V4_DIRECT_FROZEN_LINEAR_PORTFOLIO,risk_on,2018-01-02,risk_on,0.014857758957231055,0.010596143340365627,0.006165808637619397,0.7246376811594203,0.08037487242033843,0.7391304347826086,0.7028985507246377,,,{},8210.TW,2018-01-02,2018-01-03
0.015144703116122246,408000,0,-0.005797101449275361,-0.0579710144927536,1.0,D-1 estimated accounting; fill-day constraints require ledger audit,direct,V4_DIRECT_FROZEN_LINEAR_PORTFOLIO,risk_on,2018-01-03,risk_on,0.014866210774430804,0.03193927549343989,0.024409530914082045,0.9130434782608695,0.08934890910708353,0.8043478260869565,0.717391304347826,,,{},1101.TW,2018-01-03,2018-01-04
0.048850494943142246,475000,0,0.02681159420289855,0.2681159420289855,1.0,D-1 estimated accounting; fill-day constraints require ledger audit,direct,V4_DIRECT_FROZEN_LINEAR_PORTFOLIO,risk_on,2018-01-03,risk_on,0.014866210774430804,0.03193927549343989,0.024409530914082045,0.9130434782608695,0.08934890910708353,0.8043478260869565,0.717391304347826,,,{},1326.TW,2018-01-03,2018-01-04
0.025107541907868382,1204000,0,0.029710144927536233,0.2971014492753623,1.0,D-1 estimated accounting; fill-day constraints require ledger audit,direct,V4_DIRECT_FROZEN_LINEAR_PORTFOLIO,risk_on,2018-01-03,risk_on,0.014866210774430804,0.03193927549343989,0.024409530914082045,0.9130434782608695,0.08934890910708353,0.8043478260869565,0.717391304347826,,,{},1519.TW,2018-01-03,2018-01-04
0.08939434360128196,3752000,0,0.05,0.5,1.0,D-1 estimated accounting; fill-day constraints require ledger audit,direct,V4_DIRECT_FROZEN_LINEAR_PORTFOLIO,risk_on,2018-01-03,risk_on,0.014866210774430804,0.03193927549343989,0.024409530914082045,0.9130434782608695,0.08934890910708353,0.8043478260869565,0.717391304347826,,,{},1785.TWO,2018-01-03,2018-01-04
0.06777234730251752,3103000,0,0.04057971014492754,0.4057971014492754,1.0,D-1 estimated accounting; fill-day constraints require ledger audit,direct,V4_DIRECT_FROZEN_LINEAR_PORTFOLIO,risk_on,2018-01-03,risk_on,0.014866210774430804,0.03193927549343989,0.024409530914082045,0.9130434782608695,0.08934890910708353,0.8043478260869565,0.717391304347826,,,{},1802.TW,2018-01-03,2018-01-04
0.0644085947864613,2749000,0,0.03768115942028986,0.37681159420289856,1.0,D-1 estimated accounting; fill-day constraints require ledger audit,direct,V4_DIRECT_FROZEN_LINEAR_PORTFOLIO,risk_on,2018-01-03,risk_on,0.014866210774430804,0.03193927549343989,0.024409530914082045,0.9130434782608695,0.08934890910708353,0.8043478260869565,0.717391304347826,,,{},1815.TWO,2018-01-03,2018-01-04
0.050775411452455885,131000,131000,0.04927536231884058,0.49275362318840576,1.0,D-1 estimated accounting; fill-day constraints require ledger audit,direct,V4_DIRECT_FROZEN_LINEAR_PORTFOLIO,risk_on,2018-01-03,risk_on,0.014866210774430804,0.03193927549343989,0.024409530914082045,0.9130434782608695,0.08934890910708353,0.8043478260869565,0.717391304347826,,,{},2327.TW,2018-01-03,2018-01-04
0.03515172498629146,798000,0,0.0427536231884058,0.427536231884058,1.0,D-1 estimated accounting; fill-day constraints require ledger audit,direct,V4_DIRECT_FROZEN_LINEAR_PORTFOLIO,risk_on,2018-01-03,risk_on,0.014866210774430804,0.03193927549343989,0.024409530914082045,0.9130434782608695,0.08934890910708353,0.8043478260869565,0.717391304347826,,,{},2337.TW,2018-01-03,2018-01-04
0.058942596208744445,525000,0,0.04710144927536232,0.47101449275362317,1.0,D-1 estimated accounting; fill-day constraints require ledger audit,direct,V4_DIRECT_FROZEN_LINEAR_PORTFOLIO,risk_on,2018-01-03,risk_on,0.014866210774430804,0.03193927549343989,0.024409530914082045,0.9130434782608695,0.08934890910708353,0.8043478260869565,0.717391304347826,,,{},2345.TW,2018-01-03,2018-01-04
0.05658041073190966,4691000,0,0.041304347826086954,0.4130434782608695,1.0,D-1 estimated accounting; fill-day constraints require ledger audit,direct,V4_DIRECT_FROZEN_LINEAR_PORTFOLIO,risk_on,2018-01-03,risk_on,0.014866210774430804,0.03193927549343989,0.024409530914082045,0.9130434782608695,0.08934890910708353,0.8043478260869565,0.717391304347826,,,{},2609.TW,2018-01-03,2018-01-04
0.007765922671002995,27000,0,0.01086956521739131,0.10869565217391308,1.0,D-1 estimated accounting; fill-day constraints require ledger audit,direct,V4_DIRECT_FROZEN_LINEAR_PORTFOLIO,risk_on,2018-01-03,risk_on,0.014866210774430804,0.03193927549343989,0.024409530914082045,0.9130434782608695,0.08934890910708353,0.8043478260869565,0.717391304347826,,,{},2912.TW,2018-01-03,2018-01-04
0.03862590522526178,1195000,0,0.019565217391304346,0.19565217391304346,1.0,D-1 estimated accounting; fill-day constraints require ledger audit,direct,V4_DIRECT_FROZEN_LINEAR_PORTFOLIO,risk_on,2018-01-03,risk_on,0.014866210774430804,0.03193927549343989,0.024409530914082045,0.9130434782608695,0.08934890910708353,0.8043478260869565,0.717391304347826,,,{},3017.TW,2018-01-03,2018-01-04
0.050496091351529826,1205000,0,-0.04057971014492754,-0.4057971014492754,1.0,D-1 estimated accounting; fill-day constraints require ledger audit,direct,V4_DIRECT_FROZEN_LINEAR_PORTFOLIO,risk_on,2018-01-03,risk_on,0.014866210774430804,0.03193927549343989,0.024409530914082045,0.9130434782608695,0.08934890910708353,0.8043478260869565,0.717391304347826,,,{},3163.TWO,2018-01-03,2018-01-04
0.01123255908350907,479000,0,-0.025362318840579712,-0.2536231884057971,1.0,D-1 estimated accounting; fill-day constraints require ledger audit,direct,V4_DIRECT_FROZEN_LINEAR_PORTFOLIO,risk_on,2018-01-03,risk_on,0.014866210774430804,0.03193927549343989,0.024409530914082045,0.9130434782608695,0.08934890910708353,0.8043478260869565,0.717391304347826,,,{},3231.TW,2018-01-03,2018-01-04
0.07116855812454491,169000,0,0.042028985507246375,0.42028985507246375,1.0,D-1 estimated accounting; fill-day constraints require ledger audit,direct,V4_DIRECT_FROZEN_LINEAR_PORTFOLIO,risk_on,2018-01-03,risk_on,0.014866210774430804,0.03193927549343989,0.024409530914082045,0.9130434782608695,0.08934890910708353,0.8043478260869565,0.717391304347826,,,{},3529.TWO,2018-01-03,2018-01-04
0.041402207070633704,58000,0,0.03260869565217391,0.32608695652173914,1.0,D-1 estimated accounting; fill-day constraints require ledger audit,direct,V4_DIRECT_FROZEN_LINEAR_PORTFOLIO,risk_on,2018-01-03,risk_on,0.014866210774430804,0.03193927549343989,0.024409530914082045,0.9130434782608695,0.08934890910708353,0.8043478260869565,0.717391304347826,,,{},5274.TWO,2018-01-03,2018-01-04
0.03183683363572238,496000,0,-0.010144927536231885,-0.10144927536231885,1.0,D-1 estimated accounting; fill-day constraints require ledger audit,direct,V4_DIRECT_FROZEN_LINEAR_PORTFOLIO,risk_on,2018-01-03,risk_on,0.014866210774430804,0.03193927549343989,0.024409530914082045,0.9130434782608695,0.08934890910708353,0.8043478260869565,0.717391304347826,,,{},6187.TWO,2018-01-03,2018-01-04
0.06948112325754315,786000,0,0.04855072463768117,0.48550724637681164,1.0,D-1 estimated accounting; fill-day constraints require ledger audit,direct,V4_DIRECT_FROZEN_LINEAR_PORTFOLIO,risk_on,2018-01-03,risk_on,0.014866210774430804,0.03193927549343989,0.024409530914082045,0.9130434782608695,0.08934890910708353,0.8043478260869565,0.717391304347826,,,{},6274.TWO,2018-01-03,2018-01-04
0.00485162339481641,73000,0,0.025362318840579712,0.2536231884057971,1.0,D-1 estimated accounting; fill-day constraints require ledger audit,direct,V4_DIRECT_FROZEN_LINEAR_PORTFOLIO,risk_on,2018-01-03,risk_on,0.014866210774430804,0.03193927549343989,0.024409530914082045,0.9130434782608695,0.08934890910708353,0.8043478260869565,0.717391304347826,,,{},6290.TWO,2018-01-03,2018-01-04
0.045347826833181955,66000,0,0.030434782608695657,0.30434782608695654,1.0,D-1 estimated accounting; fill-day constraints require ledger audit,direct,V4_DIRECT_FROZEN_LINEAR_PORTFOLIO,risk_on,2018-01-03,risk_on,0.014866210774430804,0.03193927549343989,0.024409530914082045,0.9130434782608695,0.08934890910708353,0.8043478260869565,0.717391304347826,,,{},6415.TW,2018-01-03,2018-01-04
0.07359945694177275,66000,0,0.04492753623188406,0.4492753623188406,1.0,D-1 estimated accounting; fill-day constraints require ledger audit,direct,V4_DIRECT_FROZEN_LINEAR_PORTFOLIO,risk_on,2018-01-03,risk_on,0.014866210774430804,0.03193927549343989,0.024409530914082045,0.9130434782608695,0.08934890910708353,0.8043478260869565,0.717391304347826,,,{},6510.TWO,2018-01-03,2018-01-04
0.02149618314029827,49000,0,-0.03695652173913044,-0.3695652173913043,1.0,D-1 estimated accounting; fill-day constraints require ledger audit,direct,V4_DIRECT_FROZEN_LINEAR_PORTFOLIO,risk_on,2018-01-03,risk_on,0.014866210774430804,0.03193927549343989,0.024409530914082045,0.9130434782608695,0.08934890910708353,0.8043478260869565,0.717391304347826,,,{},6548.TWO,2018-01-03,2018-01-04
0.0,0,-426000,-0.04710144927536232,-0.47101449275362317,1.0,D-1 estimated accounting; fill-day constraints require ledger audit,direct,V4_DIRECT_FROZEN_LINEAR_PORTFOLIO,risk_on,2018-01-03,risk_on,0.014866210774430804,0.03193927549343989,0.024409530914082045,0.9130434782608695,0.08934890910708353,0.8043478260869565,0.717391304347826,,,{},8210.TW,2018-01-03,2018-01-04
0.014902440387032477,408000,0,-0.002898550724637683,-0.02898550724637683,1.0,D-1 estimated accounting; fill-day constraints require ledger audit,direct,V4_DIRECT_FROZEN_LINEAR_PORTFOLIO,risk_on,2018-01-04,risk_on,0.015071737060546219,0.029423080284189385,0.0349879227053137,0.8695652173913043,0.0987482110368875,0.7898550724637681,0.7318840579710145,,,{},1101.TW,2018-01-04,2018-01-05
0.04872919132556475,475000,0,0.006521739130434779,0.06521739130434778,1.0,D-1 estimated accounting; fill-day constraints require ledger audit,direct,V4_DIRECT_FROZEN_LINEAR_PORTFOLIO,risk_on,2018-01-04,risk_on,0.015071737060546219,0.029423080284189385,0.0349879227053137,0.8695652173913043,0.0987482110368875,0.7898550724637681,0.7318840579710145,,,{},1326.TW,2018-01-04,2018-01-05
0.024805528906555123,1204000,0,0.026086956521739136,0.26086956521739135,1.0,D-1 estimated accounting; fill-day constraints require ledger audit,direct,V4_DIRECT_FROZEN_LINEAR_PORTFOLIO,risk_on,2018-01-04,risk_on,0.015071737060546219,0.029423080284189385,0.0349879227053137,0.8695652173913043,0.0987482110368875,0.7898550724637681,0.7318840579710145,,,{},1519.TW,2018-01-04,2018-01-05
0.08942302704109228,3752000,0,0.05,0.5,1.0,D-1 estimated accounting; fill-day constraints require ledger audit,direct,V4_DIRECT_FROZEN_LINEAR_PORTFOLIO,risk_on,2018-01-04,risk_on,0.015071737060546219,0.029423080284189385,0.0349879227053137,0.8695652173913043,0.0987482110368875,0.7898550724637681,0.7318840579710145,,,{},1785.TWO,2018-01-04,2018-01-05
0.06650060302866789,3103000,0,0.016666666666666663,0.16666666666666663,1.0,D-1 estimated accounting; fill-day constraints require ledger audit,direct,V4_DIRECT_FROZEN_LINEAR_PORTFOLIO,risk_on,2018-01-04,risk_on,0.015071737060546219,0.029423080284189385,0.0349879227053137,0.8695652173913043,0.0987482110368875,0.7898550724637681,0.7318840579710145,,,{},1802.TW,2018-01-04,2018-01-05
0.0639034731252718,2749000,0,0.007246376811594202,0.07246376811594202,1.0,D-1 estimated accounting; fill-day constraints require ledger audit,direct,V4_DIRECT_FROZEN_LINEAR_PORTFOLIO,risk_on,2018-01-04,risk_on,0.015071737060546219,0.029423080284189385,0.0349879227053137,0.8695652173913043,0.0987482110368875,0.7898550724637681,0.7318840579710145,,,{},1815.TWO,2018-01-04,2018-01-05
0.05138974598857386,131000,0,0.04927536231884058,0.49275362318840576,1.0,D-1 estimated accounting; fill-day constraints require ledger audit,direct,V4_DIRECT_FROZEN_LINEAR_PORTFOLIO,risk_on,2018-01-04,risk_on,0.015071737060546219,0.029423080284189385,0.0349879227053137,0.8695652173913043,0.0987482110368875,0.7898550724637681,0.7318840579710145,,,{},2327.TW,2018-01-04,2018-01-05
0.035159578009116746,798000,0,0.03768115942028986,0.37681159420289856,1.0,D-1 estimated accounting; fill-day constraints require ledger audit,direct,V4_DIRECT_FROZEN_LINEAR_PORTFOLIO,risk_on,2018-01-04,risk_on,0.015071737060546219,0.029423080284189385,0.0349879227053137,0.8695652173913043,0.0987482110368875,0.7898550724637681,0.7318840579710145,,,{},2337.TW,2018-01-04,2018-01-05
0.062098650124239006,525000,0,0.04855072463768117,0.48550724637681164,1.0,D-1 estimated accounting; fill-day constraints require ledger audit,direct,V4_DIRECT_FROZEN_LINEAR_PORTFOLIO,risk_on,2018-01-04,risk_on,0.015071737060546219,0.029423080284189385,0.0349879227053137,0.8695652173913043,0.0987482110368875,0.7898550724637681,0.7318840579710145,,,{},2345.TW,2018-01-04,2018-01-05
0.018386070438417394,217000,217000,0.04710144927536232,0.47101449275362317,1.0,D-1 estimated accounting; fill-day constraints require ledger audit,direct,V4_DIRECT_FROZEN_LINEAR_PORTFOLIO,risk_on,2018-01-04,risk_on,0.015071737060546219,0.029423080284189385,0.0349879227053137,0.8695652173913043,0.0987482110368875,0.7898550724637681,0.7318840579710145,,,{},2377.TW,2018-01-04,2018-01-05
0.055899817636680144,4691000,0,0.03333333333333334,0.33333333333333337,1.0,D-1 estimated accounting; fill-day constraints require ledger audit,direct,V4_DIRECT_FROZEN_LINEAR_PORTFOLIO,risk_on,2018-01-04,risk_on,0.015071737060546219,0.029423080284189385,0.0349879227053137,0.8695652173913043,0.0987482110368875,0.7898550724637681,0.7318840579710145,,,{},2609.TW,2018-01-04,2018-01-05
0.007699476519701552,27000,0,0.010144927536231885,0.10144927536231885,1.0,D-1 estimated accounting; fill-day constraints require ledger audit,direct,V4_DIRECT_FROZEN_LINEAR_PORTFOLIO,risk_on,2018-01-04,risk_on,0.015071737060546219,0.029423080284189385,0.0349879227053137,0.8695652173913043,0.0987482110368875,0.7898550724637681,0.7318840579710145,,,{},2912.TW,2018-01-04,2018-01-05
0.0377509464828611,1195000,0,-0.007971014492753626,-0.07971014492753625,1.0,D-1 estimated accounting; fill-day constraints require ledger audit,direct,V4_DIRECT_FROZEN_LINEAR_PORTFOLIO,risk_on,2018-01-04,risk_on,0.015071737060546219,0.029423080284189385,0.0349879227053137,0.8695652173913043,0.0987482110368875,0.7898550724637681,0.7318840579710145,,,{},3017.TW,2018-01-04,2018-01-05
0.05024334407148663,1205000,0,-0.034782608695652174,-0.34782608695652173,1.0,D-1 estimated accounting; fill-day constraints require ledger audit,direct,V4_DIRECT_FROZEN_LINEAR_PORTFOLIO,risk_on,2018-01-04,risk_on,0.015071737060546219,0.029423080284189385,0.0349879227053137,0.8695652173913043,0.0987482110368875,0.7898550724637681,0.7318840579710145,,,{},3163.TWO,2018-01-04,2018-01-05
0.01102691053571943,479000,0,-0.0391304347826087,-0.391304347826087,1.0,D-1 estimated accounting; fill-day constraints require ledger audit,direct,V4_DIRECT_FROZEN_LINEAR_PORTFOLIO,risk_on,2018-01-04,risk_on,0.015071737060546219,0.029423080284189385,0.0349879227053137,0.8695652173913043,0.0987482110368875,0.7898550724637681,0.7318840579710145,,,{},3231.TW,2018-01-04,2018-01-05
0.07147605109230347,169000,0,0.031159420289855078,0.3115942028985508,1.0,D-1 estimated accounting; fill-day constraints require ledger audit,direct,V4_DIRECT_FROZEN_LINEAR_PORTFOLIO,risk_on,2018-01-04,risk_on,0.015071737060546219,0.029423080284189385,0.0349879227053137,0.8695652173913043,0.0987482110368875,0.7898550724637681,0.7318840579710145,,,{},3529.TWO,2018-01-04,2018-01-05
0.04101892744821738,58000,0,0.02463768115942029,0.24637681159420288,1.0,D-1 estimated accounting; fill-day constraints require ledger audit,direct,V4_DIRECT_FROZEN_LINEAR_PORTFOLIO,risk_on,2018-01-04,risk_on,0.015071737060546219,0.029423080284189385,0.0349879227053137,0.8695652173913043,0.0987482110368875,0.7898550724637681,0.7318840579710145,,,{},5274.TWO,2018-01-04,2018-01-05
0.0,0,-496000,-0.04057971014492754,-0.4057971014492754,1.0,D-1 estimated accounting; fill-day constraints require ledger audit,direct,V4_DIRECT_FROZEN_LINEAR_PORTFOLIO,risk_on,2018-01-04,risk_on,0.015071737060546219,0.029423080284189385,0.0349879227053137,0.8695652173913043,0.0987482110368875,0.7898550724637681,0.7318840579710145,,,{},6187.TWO,2018-01-04,2018-01-05
0.06964803527233217,786000,0,0.0463768115942029,0.46376811594202894,1.0,D-1 estimated accounting; fill-day constraints require ledger audit,direct,V4_DIRECT_FROZEN_LINEAR_PORTFOLIO,risk_on,2018-01-04,risk_on,0.015071737060546219,0.029423080284189385,0.0349879227053137,0.8695652173913043,0.0987482110368875,0.7898550724637681,0.7318840579710145,,,{},6274.TWO,2018-01-04,2018-01-05
0.005254570942721079,73000,0,0.045652173913043485,0.4565217391304348,1.0,D-1 estimated accounting; fill-day constraints require ledger audit,direct,V4_DIRECT_FROZEN_LINEAR_PORTFOLIO,risk_on,2018-01-04,risk_on,0.015071737060546219,0.029423080284189385,0.0349879227053137,0.8695652173913043,0.0987482110368875,0.7898550724637681,0.7318840579710145,,,{},6290.TWO,2018-01-04,2018-01-05
0.04454149005401492,66000,0,0.015217391304347828,0.15217391304347827,1.0,D-1 estimated accounting; fill-day constraints require ledger audit,direct,V4_DIRECT_FROZEN_LINEAR_PORTFOLIO,risk_on,2018-01-04,risk_on,0.015071737060546219,0.029423080284189385,0.0349879227053137,0.8695652173913043,0.0987482110368875,0.7898550724637681,0.7318840579710145,,,{},6415.TW,2018-01-04,2018-01-05
0.07597486956504741,66000,0,0.04782608695652174,0.4782608695652174,1.0,D-1 estimated accounting; fill-day constraints require ledger audit,direct,V4_DIRECT_FROZEN_LINEAR_PORTFOLIO,risk_on,2018-01-04,risk_on,0.015071737060546219,0.029423080284189385,0.0349879227053137,0.8695652173913043,0.0987482110368875,0.7898550724637681,0.7318840579710145,,,{},6510.TWO,2018-01-04,2018-01-05
0.023349235624369892,49000,0,0.03695652173913044,0.3695652173913043,1.0,D-1 estimated accounting; fill-day constraints require ledger audit,direct,V4_DIRECT_FROZEN_LINEAR_PORTFOLIO,risk_on,2018-01-04,risk_on,0.015071737060546219,0.029423080284189385,0.0349879227053137,0.8695652173913043,0.0987482110368875,0.7898550724637681,0.7318840579710145,,,{},6548.TWO,2018-01-04,2018-01-05
0.014940937330204655,408000,0,0.01376811594202898,0.1376811594202898,1.0,D-1 estimated accounting; fill-day constraints require ledger audit,direct,V4_DIRECT_FROZEN_LINEAR_PORTFOLIO,risk_on,2018-01-05,risk_on,0.014825208307587961,0.024968266885270762,0.04357090034295641,0.855072463768116,0.09572107928282156,0.855072463768116,0.7608695652173914,,,{},1101.TW,2018-01-05,2018-01-08
0.048490963333012664,475000,0,0.01811594202898551,0.1811594202898551,1.0,D-1 estimated accounting; fill-day constraints require ledger audit,direct,V4_DIRECT_FROZEN_LINEAR_PORTFOLIO,risk_on,2018-01-05,risk_on,0.014825208307587961,0.024968266885270762,0.04357090034295641,0.855072463768116,0.09572107928282156,0.855072463768116,0.7608695652173914,,,{},1326.TW,2018-01-05,2018-01-08
0.025157261215466978,1204000,0,0.028260869565217395,0.28260869565217395,1.0,D-1 estimated accounting; fill-day constraints require ledger audit,direct,V4_DIRECT_FROZEN_LINEAR_PORTFOLIO,risk_on,2018-01-05,risk_on,0.014825208307587961,0.024968266885270762,0.04357090034295641,0.855072463768116,0.09572107928282156,0.855072463768116,0.7608695652173914,,,{},1519.TW,2018-01-05,2018-01-08
0.08830979854750305,3752000,0,0.04855072463768117,0.48550724637681164,1.0,D-1 estimated accounting; fill-day constraints require ledger audit,direct,V4_DIRECT_FROZEN_LINEAR_PORTFOLIO,risk_on,2018-01-05,risk_on,0.014825208307587961,0.024968266885270762,0.04357090034295641,0.855072463768116,0.09572107928282156,0.855072463768116,0.7608695652173914,,,{},1785.TWO,2018-01-05,2018-01-08
0.0,0,-3103000,-0.04710144927536232,-0.47101449275362317,1.0,D-1 estimated accounting; fill-day constraints require ledger audit,direct,V4_DIRECT_FROZEN_LINEAR_PORTFOLIO,risk_on,2018-01-05,risk_on,0.014825208307587961,0.024968266885270762,0.04357090034295641,0.855072463768116,0.09572107928282156,0.855072463768116,0.7608695652173914,,,{},1802.TW,2018-01-05,2018-01-08
0.0644360005267821,2749000,0,0.027536231884057974,0.2753623188405797,1.0,D-1 estimated accounting; fill-day constraints require ledger audit,direct,V4_DIRECT_FROZEN_LINEAR_PORTFOLIO,risk_on,2018-01-05,risk_on,0.014825208307587961,0.024968266885270762,0.04357090034295641,0.855072463768116,0.09572107928282156,0.855072463768116,0.7608695652173914,,,{},1815.TWO,2018-01-05,2018-01-08
0.05209356382006048,131000,0,0.05,0.5,1.0,D-1 estimated accounting; fill-day constraints require ledger audit,direct,V4_DIRECT_FROZEN_LINEAR_PORTFOLIO,risk_on,2018-01-05,risk_on,0.014825208307587961,0.024968266885270762,0.04357090034295641,0.855072463768116,0.09572107928282156,0.855072463768116,0.7608695652173914,,,{},2327.TW,2018-01-05,2018-01-08
0.03445121543602012,798000,0,0.008695652173913049,0.08695652173913049,1.0,D-1 estimated accounting; fill-day constraints require ledger audit,direct,V4_DIRECT_FROZEN_LINEAR_PORTFOLIO,risk_on,2018-01-05,risk_on,0.014825208307587961,0.024968266885270762,0.04357090034295641,0.855072463768116,0.09572107928282156,0.855072463768116,0.7608695652173914,,,{},2337.TW,2018-01-05,2018-01-08
0.06260744054086843,525000,0,0.045652173913043485,0.4565217391304348,1.0,D-1 estimated accounting; fill-day constraints require ledger audit,direct,V4_DIRECT_FROZEN_LINEAR_PORTFOLIO,risk_on,2018-01-05,risk_on,0.014825208307587961,0.024968266885270762,0.04357090034295641,0.855072463768116,0.09572107928282156,0.855072463768116,0.7608695652173914,,,{},2345.TW,2018-01-05,2018-01-08
0.018896002364086797,217000,0,0.04927536231884058,0.49275362318840576,1.0,D-1 estimated accounting; fill-day constraints require ledger audit,direct,V4_DIRECT_FROZEN_LINEAR_PORTFOLIO,risk_on,2018-01-05,risk_on,0.014825208307587961,0.024968266885270762,0.04357090034295641,0.855072463768116,0.09572107928282156,0.855072463768116,0.7608695652173914,,,{},2377.TW,2018-01-05,2018-01-08
0.056584018039007436,4691000,0,0.035507246376811595,0.35507246376811596,1.0,D-1 estimated accounting; fill-day constraints require ledger audit,direct,V4_DIRECT_FROZEN_LINEAR_PORTFOLIO,risk_on,2018-01-05,risk_on,0.014825208307587961,0.024968266885270762,0.04357090034295641,0.855072463768116,0.09572107928282156,0.855072463768116,0.7608695652173914,,,{},2609.TW,2018-01-05,2018-01-08
0.007631257019719548,27000,0,-0.03695652173913044,-0.3695652173913043,1.0,D-1 estimated accounting; fill-day constraints require ledger audit,direct,V4_DIRECT_FROZEN_LINEAR_PORTFOLIO,risk_on,2018-01-05,risk_on,0.014825208307587961,0.024968266885270762,0.04357090034295641,0.855072463768116,0.09572107928282156,0.855072463768116,0.7608695652173914,,,{},2912.TW,2018-01-05,2018-01-08
0.03786422343418097,1195000,0,-0.02391304347826087,-0.2391304347826087,1.0,D-1 estimated accounting; fill-day constraints require ledger audit,direct,V4_DIRECT_FROZEN_LINEAR_PORTFOLIO,risk_on,2018-01-05,risk_on,0.014825208307587961,0.024968266885270762,0.04357090034295641,0.855072463768116,0.09572107928282156,0.855072463768116,0.7608695652173914,,,{},3017.TW,2018-01-05,2018-01-08
0.05023808728995263,1205000,0,-0.04492753623188406,-0.4492753623188406,1.0,D-1 estimated accounting; fill-day constraints require ledger audit,direct,V4_DIRECT_FROZEN_LINEAR_PORTFOLIO,risk_on,2018-01-05,risk_on,0.014825208307587961,0.024968266885270762,0.04357090034295641,0.855072463768116,0.09572107928282156,0.855072463768116,0.7608695652173914,,,{},3163.TWO,2018-01-05,2018-01-08
0.011119793135059187,479000,0,-0.034782608695652174,-0.34782608695652173,1.0,D-1 estimated accounting; fill-day constraints require ledger audit,direct,V4_DIRECT_FROZEN_LINEAR_PORTFOLIO,risk_on,2018-01-05,risk_on,0.014825208307587961,0.024968266885270762,0.04357090034295641,0.855072463768116,0.09572107928282156,0.855072463768116,0.7608695652173914,,,{},3231.TW,2018-01-05,2018-01-08
0.07279822067471878,169000,0,0.002898550724637683,0.02898550724637683,1.0,D-1 estimated accounting; fill-day constraints require ledger audit,direct,V4_DIRECT_FROZEN_LINEAR_PORTFOLIO,risk_on,2018-01-05,risk_on,0.014825208307587961,0.024968266885270762,0.04357090034295641,0.855072463768116,0.09572107928282156,0.855072463768116,0.7608695652173914,,,{},3529.TWO,2018-01-05,2018-01-08
0.04067045702260171,58000,0,-0.02173913043478261,-0.2173913043478261,1.0,D-1 estimated accounting; fill-day constraints require ledger audit,direct,V4_DIRECT_FROZEN_LINEAR_PORTFOLIO,risk_on,2018-01-05,risk_on,0.014825208307587961,0.024968266885270762,0.04357090034295641,0.855072463768116,0.09572107928282156,0.855072463768116,0.7608695652173914,,,{},5274.TWO,2018-01-05,2018-01-08
0.03050924096188269,814000,814000,0.04710144927536232,0.47101449275362317,1.0,D-1 estimated accounting; fill-day constraints require ledger audit,direct,V4_DIRECT_FROZEN_LINEAR_PORTFOLIO,risk_on,2018-01-05,risk_on,0.014825208307587961,0.024968266885270762,0.04357090034295641,0.855072463768116,0.09572107928282156,0.855072463768116,0.7608695652173914,,,{},6139.TW,2018-01-05,2018-01-08
0.0684839251867185,786000,0,0.03913043478260869,0.3913043478260869,1.0,D-1 estimated accounting; fill-day constraints require ledger audit,direct,V4_DIRECT_FROZEN_LINEAR_PORTFOLIO,risk_on,2018-01-05,risk_on,0.014825208307587961,0.024968266885270762,0.04357090034295641,0.855072463768116,0.09572107928282156,0.855072463768116,0.7608695652173914,,,{},6274.TWO,2018-01-05,2018-01-08
0.0052179853652085575,73000,0,0.0463768115942029,0.46376811594202894,1.0,D-1 estimated accounting; fill-day constraints require ledger audit,direct,V4_DIRECT_FROZEN_LINEAR_PORTFOLIO,risk_on,2018-01-05,risk_on,0.014825208307587961,0.024968266885270762,0.04357090034295641,0.855072463768116,0.09572107928282156,0.855072463768116,0.7608695652173914,,,{},6290.TWO,2018-01-05,2018-01-08
0.04401516857984725,66000,0,-0.029710144927536233,-0.2971014492753623,1.0,D-1 estimated accounting; fill-day constraints require ledger audit,direct,V4_DIRECT_FROZEN_LINEAR_PORTFOLIO,risk_on,2018-01-05,risk_on,0.014825208307587961,0.024968266885270762,0.04357090034295641,0.855072463768116,0.09572107928282156,0.855072463768116,0.7608695652173914,,,{},6415.TW,2018-01-05,2018-01-08
0.07335861429974541,66000,0,0.006521739130434779,0.06521739130434778,1.0,D-1 estimated accounting; fill-day constraints require ledger audit,direct,V4_DIRECT_FROZEN_LINEAR_PORTFOLIO,risk_on,2018-01-05,risk_on,0.014825208307587961,0.024968266885270762,0.04357090034295641,0.855072463768116,0.09572107928282156,0.855072463768116,0.7608695652173914,,,{},6510.TWO,2018-01-05,2018-01-08
0.024002056089230988,49000,0,0.04782608695652174,0.4782608695652174,1.0,D-1 estimated accounting; fill-day constraints require ledger audit,direct,V4_DIRECT_FROZEN_LINEAR_PORTFOLIO,risk_on,2018-01-05,risk_on,0.014825208307587961,0.024968266885270762,0.04357090034295641,0.855072463768116,0.09572107928282156,0.855072463768116,0.7608695652173914,,,{},6548.TWO,2018-01-05,2018-01-08
0.015333087483288946,408000,0,0.026086956521739136,0.26086956521739135,1.0,D-1 estimated accounting; fill-day constraints require ledger audit,direct,V4_DIRECT_FROZEN_LINEAR_PORTFOLIO,risk_on,2018-01-08,risk_on,0.014588782406130926,0.02003479277771425,0.044637329874266274,0.782608695652174,0.0880838371602363,0.8188405797101449,0.7463768115942029,,,{},1101.TW,2018-01-08,2018-01-09
0.04929208295392162,475000,0,0.007971014492753626,0.07971014492753625,1.0,D-1 estimated accounting; fill-day constraints require ledger audit,direct,V4_DIRECT_FROZEN_LINEAR_PORTFOLIO,risk_on,2018-01-08,risk_on,0.014588782406130926,0.02003479277771425,0.044637329874266274,0.782608695652174,0.0880838371602363,0.8188405797101449,0.7463768115942029,,,{},1326.TW,2018-01-08,2018-01-09
0.026156116785778383,1204000,0,0.03333333333333334,0.33333333333333337,1.0,D-1 estimated accounting; fill-day constraints require ledger audit,direct,V4_DIRECT_FROZEN_LINEAR_PORTFOLIO,risk_on,2018-01-08,risk_on,0.014588782406130926,0.02003479277771425,0.044637329874266274,0.782608695652174,0.0880838371602363,0.8188405797101449,0.7463768115942029,,,{},1519.TW,2018-01-08,2018-01-09
0.08904551002980889,3752000,0,0.04855072463768117,0.48550724637681164,1.0,D-1 estimated accounting; fill-day constraints require ledger audit,direct,V4_DIRECT_FROZEN_LINEAR_PORTFOLIO,risk_on,2018-01-08,risk_on,0.014588782406130926,0.02003479277771425,0.044637329874266274,0.782608695652174,0.0880838371602363,0.8188405797101449,0.7463768115942029,,,{},1785.TWO,2018-01-08,2018-01-09
0.06240794665809008,2749000,0,-0.009420289855072463,-0.09420289855072461,1.0,D-1 estimated accounting; fill-day constraints require ledger audit,direct,V4_DIRECT_FROZEN_LINEAR_PORTFOLIO,risk_on,2018-01-08,risk_on,0.014588782406130926,0.02003479277771425,0.044637329874266274,0.782608695652174,0.0880838371602363,0.8188405797101449,0.7463768115942029,,,{},1815.TWO,2018-01-08,2018-01-09
0.051684454146571135,131000,0,0.04710144927536232,0.47101449275362317,1.0,D-1 estimated accounting; fill-day constraints require ledger audit,direct,V4_DIRECT_FROZEN_LINEAR_PORTFOLIO,risk_on,2018-01-08,risk_on,0.014588782406130926,0.02003479277771425,0.044637329874266274,0.782608695652174,0.0880838371602363,0.8188405797101449,0.7463768115942029,,,{},2327.TW,2018-01-08,2018-01-09
0.03295326119227293,798000,0,-0.04782608695652174,-0.4782608695652174,1.0,D-1 estimated accounting; fill-day constraints require ledger audit,direct,V4_DIRECT_FROZEN_LINEAR_PORTFOLIO,risk_on,2018-01-08,risk_on,0.014588782406130926,0.02003479277771425,0.044637329874266274,0.782608695652174,0.0880838371602363,0.8188405797101449,0.7463768115942029,,,{},2337.TW,2018-01-08,2018-01-09
0.06273691919132719,525000,0,0.04927536231884058,0.49275362318840576,1.0,D-1 estimated accounting; fill-day constraints require ledger audit,direct,V4_DIRECT_FROZEN_LINEAR_PORTFOLIO,risk_on,2018-01-08,risk_on,0.014588782406130926,0.02003479277771425,0.044637329874266274,0.782608695652174,0.0880838371602363,0.8188405797101449,0.7463768115942029,,,{},2345.TW,2018-01-08,2018-01-09
0.018956452671277317,217000,0,0.05,0.5,1.0,D-1 estimated accounting; fill-day constraints require ledger audit,direct,V4_DIRECT_FROZEN_LINEAR_PORTFOLIO,risk_on,2018-01-08,risk_on,0.014588782406130926,0.02003479277771425,0.044637329874266274,0.782608695652174,0.0880838371602363,0.8188405797101449,0.7463768115942029,,,{},2377.TW,2018-01-08,2018-01-09
0.05693153166090656,4691000,0,0.035507246376811595,0.35507246376811596,1.0,D-1 estimated accounting; fill-day constraints require ledger audit,direct,V4_DIRECT_FROZEN_LINEAR_PORTFOLIO,risk_on,2018-01-08,risk_on,0.014588782406130926,0.02003479277771425,0.044637329874266274,0.782608695652174,0.0880838371602363,0.8188405797101449,0.7463768115942029,,,{},2609.TW,2018-01-08,2018-01-09
0.00775512460744891,27000,0,-0.019565217391304346,-0.19565217391304346,1.0,D-1 estimated accounting; fill-day constraints require ledger audit,direct,V4_DIRECT_FROZEN_LINEAR_PORTFOLIO,risk_on,2018-01-08,risk_on,0.014588782406130926,0.02003479277771425,0.044637329874266274,0.782608695652174,0.0880838371602363,0.8188405797101449,0.7463768115942029,,,{},2912.TW,2018-01-08,2018-01-09
0.036415431804163484,1195000,0,-0.0463768115942029,-0.463768115942029,1.0,D-1 estimated accounting; fill-day constraints require ledger audit,direct,V4_DIRECT_FROZEN_LINEAR_PORTFOLIO,risk_on,2018-01-08,risk_on,0.014588782406130926,0.02003479277771425,0.044637329874266274,0.782608695652174,0.0880838371602363,0.8188405797101449,0.7463768115942029,,,{},3017.TW,2018-01-08,2018-01-09
0.048861338227942475,1205000,0,-0.04710144927536232,-0.47101449275362317,1.0,D-1 estimated accounting; fill-day constraints require ledger audit,direct,V4_DIRECT_FROZEN_LINEAR_PORTFOLIO,risk_on,2018-01-08,risk_on,0.014588782406130926,0.02003479277771425,0.044637329874266274,0.782608695652174,0.0880838371602363,0.8188405797101449,0.7463768115942029,,,{},3163.TWO,2018-01-08,2018-01-09
0.011095674624054452,479000,0,-0.03768115942028986,-0.37681159420289856,1.0,D-1 estimated accounting; fill-day constraints require ledger audit,direct,V4_DIRECT_FROZEN_LINEAR_PORTFOLIO,risk_on,2018-01-08,risk_on,0.014588782406130926,0.02003479277771425,0.044637329874266274,0.782608695652174,0.0880838371602363,0.8188405797101449,0.7463768115942029,,,{},3231.TW,2018-01-08,2018-01-09
0.07428117262582391,169000,0,0.02463768115942029,0.24637681159420288,1.0,D-1 estimated accounting; fill-day constraints require ledger audit,direct,V4_DIRECT_FROZEN_LINEAR_PORTFOLIO,risk_on,2018-01-08,risk_on,0.014588782406130926,0.02003479277771425,0.044637329874266274,0.782608695652174,0.0880838371602363,0.8188405797101449,0.7463768115942029,,,{},3529.TWO,2018-01-08,2018-01-09
0.04132938532482893,58000,0,-0.027536231884057974,-0.2753623188405797,1.0,D-1 estimated accounting; fill-day constraints require ledger audit,direct,V4_DIRECT_FROZEN_LINEAR_PORTFOLIO,risk_on,2018-01-08,risk_on,0.014588782406130926,0.02003479277771425,0.044637329874266274,0.782608695652174,0.0880838371602363,0.8188405797101449,0.7463768115942029,,,{},5274.TWO,2018-01-08,2018-01-09
0.02941186892419288,814000,0,0.038405797101449285,0.3840579710144928,1.0,D-1 estimated accounting; fill-day constraints require ledger audit,direct,V4_DIRECT_FROZEN_LINEAR_PORTFOLIO,risk_on,2018-01-08,risk_on,0.014588782406130926,0.02003479277771425,0.044637329874266274,0.782608695652174,0.0880838371602363,0.8188405797101449,0.7463768115942029,,,{},6139.TW,2018-01-08,2018-01-09
0.07171679832103833,786000,0,0.04420289855072464,0.44202898550724634,1.0,D-1 estimated accounting; fill-day constraints require ledger audit,direct,V4_DIRECT_FROZEN_LINEAR_PORTFOLIO,risk_on,2018-01-08,risk_on,0.014588782406130926,0.02003479277771425,0.044637329874266274,0.782608695652174,0.0880838371602363,0.8188405797101449,0.7463768115942029,,,{},6274.TWO,2018-01-08,2018-01-09
0.004918227805371479,73000,0,0.03623188405797102,0.3623188405797102,1.0,D-1 estimated accounting; fill-day constraints require ledger audit,direct,V4_DIRECT_FROZEN_LINEAR_PORTFOLIO,risk_on,2018-01-08,risk_on,0.014588782406130926,0.02003479277771425,0.044637329874266274,0.782608695652174,0.0880838371602363,0.8188405797101449,0.7463768115942029,,,{},6290.TWO,2018-01-08,2018-01-09
0.04443290905908644,66000,0,-0.028985507246376815,-0.2898550724637681,1.0,D-1 estimated accounting; fill-day constraints require ledger audit,direct,V4_DIRECT_FROZEN_LINEAR_PORTFOLIO,risk_on,2018-01-08,risk_on,0.014588782406130926,0.02003479277771425,0.044637329874266274,0.782608695652174,0.0880838371602363,0.8188405797101449,0.7463768115942029,,,{},6415.TW,2018-01-08,2018-01-09
0.0,0,-66000,-0.04927536231884058,-0.4927536231884058,1.0,D-1 estimated accounting; fill-day constraints require ledger audit,direct,V4_DIRECT_FROZEN_LINEAR_PORTFOLIO,risk_on,2018-01-08,risk_on,0.014588782406130926,0.02003479277771425,0.044637329874266274,0.782608695652174,0.0880838371602363,0.8188405797101449,0.7463768115942029,,,{},6510.TWO,2018-01-08,2018-01-09
0.023686906727838727,49000,0,0.04492753623188406,0.4492753623188406,1.0,D-1 estimated accounting; fill-day constraints require ledger audit,direct,V4_DIRECT_FROZEN_LINEAR_PORTFOLIO,risk_on,2018-01-08,risk_on,0.014588782406130926,0.02003479277771425,0.044637329874266274,0.782608695652174,0.0880838371602363,0.8188405797101449,0.7463768115942029,,,{},6548.TWO,2018-01-08,2018-01-09
0.0663240757835874,2566000,2566000,0.04782608695652174,0.4782608695652174,1.0,D-1 estimated accounting; fill-day constraints require ledger audit,direct,V4_DIRECT_FROZEN_LINEAR_PORTFOLIO,risk_on,2018-01-08,risk_on,0.014588782406130926,0.02003479277771425,0.044637329874266274,0.782608695652174,0.0880838371602363,0.8188405797101449,0.7463768115942029,,,{},8415.TWO,2018-01-08,2018-01-09
0.015340143820047234,408000,0,0.03260869565217391,0.32608695652173914,1.0,D-1 estimated accounting; fill-day constraints require ledger audit,direct,V4_DIRECT_FROZEN_LINEAR_PORTFOLIO,risk_on,2018-01-09,risk_on,0.014091934892857927,0.0161690831135457,0.04051742758603161,0.6884057971014492,0.09199274634734908,0.7318840579710145,0.7028985507246377,,,{},1101.TW,2018-01-09,2018-01-10
0.05128398953744487,475000,0,0.03768115942028986,0.37681159420289856,1.0,D-1 estimated accounting; fill-day constraints require ledger audit,direct,V4_DIRECT_FROZEN_LINEAR_PORTFOLIO,risk_on,2018-01-09,risk_on,0.014091934892857927,0.0161690831135457,0.04051742758603161,0.6884057971014492,0.09199274634734908,0.7318840579710145,0.7028985507246377,,,{},1326.TW,2018-01-09,2018-01-10
0.026099829754182905,1204000,0,0.034782608695652174,0.34782608695652173,1.0,D-1 estimated accounting; fill-day constraints require ledger audit,direct,V4_DIRECT_FROZEN_LINEAR_PORTFOLIO,risk_on,2018-01-09,risk_on,0.014091934892857927,0.0161690831135457,0.04051742758603161,0.6884057971014492,0.09199274634734908,0.7318840579710145,0.7028985507246377,,,{},1519.TW,2018-01-09,2018-01-10
0.09198124975588465,3752000,0,0.0427536231884058,0.427536231884058,1.0,D-1 estimated accounting; fill-day constraints require ledger audit,direct,V4_DIRECT_FROZEN_LINEAR_PORTFOLIO,risk_on,2018-01-09,risk_on,0.014091934892857927,0.0161690831135457,0.04051742758603161,0.6884057971014492,0.09199274634734908,0.7318840579710145,0.7028985507246377,,,{},1785.TWO,2018-01-09,2018-01-10
0.06591301595931276,2749000,0,0.002898550724637683,0.02898550724637683,1.0,D-1 estimated accounting; fill-day constraints require ledger audit,direct,V4_DIRECT_FROZEN_LINEAR_PORTFOLIO,risk_on,2018-01-09,risk_on,0.014091934892857927,0.0161690831135457,0.04051742758603161,0.6884057971014492,0.09199274634734908,0.7318840579710145,0.7028985507246377,,,{},1815.TWO,2018-01-09,2018-01-10
0.05079963257670502,131000,0,0.04710144927536232,0.47101449275362317,1.0,D-1 estimated accounting; fill-day constraints require ledger audit,direct,V4_DIRECT_FROZEN_LINEAR_PORTFOLIO,risk_on,2018-01-09,risk_on,0.014091934892857927,0.0161690831135457,0.04051742758603161,0.6884057971014492,0.09199274634734908,0.7318840579710145,0.7028985507246377,,,{},2327.TW,2018-01-09,2018-01-10
0.03358696866835624,798000,0,-0.03260869565217391,-0.32608695652173914,1.0,D-1 estimated accounting; fill-day constraints require ledger audit,direct,V4_DIRECT_FROZEN_LINEAR_PORTFOLIO,risk_on,2018-01-09,risk_on,0.014091934892857927,0.0161690831135457,0.04051742758603161,0.6884057971014492,0.09199274634734908,0.7318840579710145,0.7028985507246377,,,{},2337.TW,2018-01-09,2018-01-10
0.06131380639956689,525000,0,0.03913043478260869,0.3913043478260869,1.0,D-1 estimated accounting; fill-day constraints require ledger audit,direct,V4_DIRECT_FROZEN_LINEAR_PORTFOLIO,risk_on,2018-01-09,risk_on,0.014091934892857927,0.0161690831135457,0.04051742758603161,0.6884057971014492,0.09199274634734908,0.7318840579710145,0.7028985507246377,,,{},2345.TW,2018-01-09,2018-01-10
0.06358582293251104,1054000,1054000,0.05,0.5,1.0,D-1 estimated accounting; fill-day constraints require ledger audit,direct,V4_DIRECT_FROZEN_LINEAR_PORTFOLIO,risk_on,2018-01-09,risk_on,0.014091934892857927,0.0161690831135457,0.04051742758603161,0.6884057971014492,0.09199274634734908,0.7318840579710145,0.7028985507246377,,,{},2376.TW,2018-01-09,2018-01-10
0.018787706462463128,217000,0,0.045652173913043485,0.4565217391304348,1.0,D-1 estimated accounting; fill-day constraints require ledger audit,direct,V4_DIRECT_FROZEN_LINEAR_PORTFOLIO,risk_on,2018-01-09,risk_on,0.014091934892857927,0.0161690831135457,0.04051742758603161,0.6884057971014492,0.09199274634734908,0.7318840579710145,0.7028985507246377,,,{},2377.TW,2018-01-09,2018-01-10
0.05611902897164814,4691000,0,-0.03333333333333334,-0.33333333333333337,1.0,D-1 estimated accounting; fill-day constraints require ledger audit,direct,V4_DIRECT_FROZEN_LINEAR_PORTFOLIO,risk_on,2018-01-09,risk_on,0.014091934892857927,0.0161690831135457,0.04051742758603161,0.6884057971014492,0.09199274634734908,0.7318840579710145,0.7028985507246377,,,{},2609.TW,2018-01-09,2018-01-10
0.007724954259977894,27000,0,-0.021014492753623187,-0.21014492753623187,1.0,D-1 estimated accounting; fill-day constraints require ledger audit,direct,V4_DIRECT_FROZEN_LINEAR_PORTFOLIO,risk_on,2018-01-09,risk_on,0.014091934892857927,0.0161690831135457,0.04051742758603161,0.6884057971014492,0.09199274634734908,0.7318840579710145,0.7028985507246377,,,{},2912.TW,2018-01-09,2018-01-10
0.0,0,-1195000,-0.04710144927536232,-0.47101449275362317,1.0,D-1 estimated accounting; fill-day constraints require ledger audit,direct,V4_DIRECT_FROZEN_LINEAR_PORTFOLIO,risk_on,2018-01-09,risk_on,0.014091934892857927,0.0161690831135457,0.04051742758603161,0.6884057971014492,0.09199274634734908,0.7318840579710145,0.7028985507246377,,,{},3017.TW,2018-01-09,2018-01-10
0.04727873005440381,1205000,0,-0.0463768115942029,-0.463768115942029,1.0,D-1 estimated accounting; fill-day constraints require ledger audit,direct,V4_DIRECT_FROZEN_LINEAR_PORTFOLIO,risk_on,2018-01-09,risk_on,0.014091934892857927,0.0161690831135457,0.04051742758603161,0.6884057971014492,0.09199274634734908,0.7318840579710145,0.7028985507246377,,,{},3163.TWO,2018-01-09,2018-01-10
0.0110717971275112,479000,0,-0.028985507246376815,-0.2898550724637681,1.0,D-1 estimated accounting; fill-day constraints require ledger audit,direct,V4_DIRECT_FROZEN_LINEAR_PORTFOLIO,risk_on,2018-01-09,risk_on,0.014091934892857927,0.0161690831135457,0.04051742758603161,0.6884057971014492,0.09199274634734908,0.7318840579710145,0.7028985507246377,,,{},3231.TW,2018-01-09,2018-01-10
0.07312417435623053,169000,0,0.021739130434782608,0.21739130434782605,1.0,D-1 estimated accounting; fill-day constraints require ledger audit,direct,V4_DIRECT_FROZEN_LINEAR_PORTFOLIO,risk_on,2018-01-09,risk_on,0.014091934892857927,0.0161690831135457,0.04051742758603161,0.6884057971014492,0.09199274634734908,0.7318840579710145,0.7028985507246377,,,{},3529.TWO,2018-01-09,2018-01-10
0.041871384632378994,58000,0,0.02028985507246377,0.2028985507246377,1.0,D-1 estimated accounting; fill-day constraints require ledger audit,direct,V4_DIRECT_FROZEN_LINEAR_PORTFOLIO,risk_on,2018-01-09,risk_on,0.014091934892857927,0.0161690831135457,0.04051742758603161,0.6884057971014492,0.09199274634734908,0.7318840579710145,0.7028985507246377,,,{},5274.TWO,2018-01-09,2018-01-10
0.02930864559510052,814000,0,0.041304347826086954,0.4130434782608695,1.0,D-1 estimated accounting; fill-day constraints require ledger audit,direct,V4_DIRECT_FROZEN_LINEAR_PORTFOLIO,risk_on,2018-01-09,risk_on,0.014091934892857927,0.0161690831135457,0.04051742758603161,0.6884057971014492,0.09199274634734908,0.7318840579710145,0.7028985507246377,,,{},6139.TW,2018-01-09,2018-01-10
0.06994305706620543,786000,0,0.04347826086956522,0.4347826086956522,1.0,D-1 estimated accounting; fill-day constraints require ledger audit,direct,V4_DIRECT_FROZEN_LINEAR_PORTFOLIO,risk_on,2018-01-09,risk_on,0.014091934892857927,0.0161690831135457,0.04051742758603161,0.6884057971014492,0.09199274634734908,0.7318840579710145,0.7028985507246377,,,{},6274.TWO,2018-01-09,2018-01-10
0.004986915736265215,73000,0,0.038405797101449285,0.3840579710144928,1.0,D-1 estimated accounting; fill-day constraints require ledger audit,direct,V4_DIRECT_FROZEN_LINEAR_PORTFOLIO,risk_on,2018-01-09,risk_on,0.014091934892857927,0.0161690831135457,0.04051742758603161,0.6884057971014492,0.09199274634734908,0.7318840579710145,0.7028985507246377,,,{},6290.TWO,2018-01-09,2018-01-10
0.04551092519567113,66000,0,0.0,0.0,1.0,D-1 estimated accounting; fill-day constraints require ledger audit,direct,V4_DIRECT_FROZEN_LINEAR_PORTFOLIO,risk_on,2018-01-09,risk_on,0.014091934892857927,0.0161690831135457,0.04051742758603161,0.6884057971014492,0.09199274634734908,0.7318840579710145,0.7028985507246377,,,{},6415.TW,2018-01-09,2018-01-10
0.023781534580455507,49000,0,0.04927536231884058,0.49275362318840576,1.0,D-1 estimated accounting; fill-day constraints require ledger audit,direct,V4_DIRECT_FROZEN_LINEAR_PORTFOLIO,risk_on,2018-01-09,risk_on,0.014091934892857927,0.0161690831135457,0.04051742758603161,0.6884057971014492,0.09199274634734908,0.7318840579710145,0.7028985507246377,,,{},6548.TWO,2018-01-09,2018-01-10
0.0624067470961999,2566000,0,0.027536231884057974,0.2753623188405797,1.0,D-1 estimated accounting; fill-day constraints require ledger audit,direct,V4_DIRECT_FROZEN_LINEAR_PORTFOLIO,risk_on,2018-01-09,risk_on,0.014091934892857927,0.0161690831135457,0.04051742758603161,0.6884057971014492,0.09199274634734908,0.7318840579710145,0.7028985507246377,,,{},8415.TWO,2018-01-09,2018-01-10
0.015606112417953417,408000,0,0.02898550724637681,0.28985507246376807,1.0,D-1 estimated accounting; fill-day constraints require ledger audit,direct,V4_DIRECT_FROZEN_LINEAR_PORTFOLIO,risk_on,2018-01-10,risk_on,0.014478016795987245,0.004500615502677663,0.03891897576108061,0.5579710144927537,0.087677480334323,0.6521739130434783,0.6666666666666666,,,{},1101.TW,2018-01-10,2018-01-11
0.051024716778316416,475000,0,0.03913043478260869,0.3913043478260869,1.0,D-1 estimated accounting; fill-day constraints require ledger audit,direct,V4_DIRECT_FROZEN_LINEAR_PORTFOLIO,risk_on,2018-01-10,risk_on,0.014478016795987245,0.004500615502677663,0.03891897576108061,0.5579710144927537,0.087677480334323,0.6521739130434783,0.6666666666666666,,,{},1326.TW,2018-01-10,2018-01-11
0.026029893524725164,1204000,0,0.034057971014492754,0.3405797101449275,1.0,D-1 estimated accounting; fill-day constraints require ledger audit,direct,V4_DIRECT_FROZEN_LINEAR_PORTFOLIO,risk_on,2018-01-10,risk_on,0.014478016795987245,0.004500615502677663,0.03891897576108061,0.5579710144927537,0.087677480334323,0.6521739130434783,0.6666666666666666,,,{},1519.TW,2018-01-10,2018-01-11
0.09470234728843054,3752000,0,0.045652173913043485,0.4565217391304348,1.0,D-1 estimated accounting; fill-day constraints require ledger audit,direct,V4_DIRECT_FROZEN_LINEAR_PORTFOLIO,risk_on,2018-01-10,risk_on,0.014478016795987245,0.004500615502677663,0.03891897576108061,0.5579710144927537,0.087677480334323,0.6521739130434783,0.6666666666666666,,,{},1785.TWO,2018-01-10,2018-01-11
0.06556488317886715,2749000,0,0.019565217391304346,0.19565217391304346,1.0,D-1 estimated accounting; fill-day constraints require ledger audit,direct,V4_DIRECT_FROZEN_LINEAR_PORTFOLIO,risk_on,2018-01-10,risk_on,0.014478016795987245,0.004500615502677663,0.03891897576108061,0.5579710144927537,0.087677480334323,0.6521739130434783,0.6666666666666666,,,{},1815.TWO,2018-01-10,2018-01-11
0.049584262614096215,131000,0,-0.026086956521739132,-0.2608695652173913,1.0,D-1 estimated accounting; fill-day constraints require ledger audit,direct,V4_DIRECT_FROZEN_LINEAR_PORTFOLIO,risk_on,2018-01-10,risk_on,0.014478016795987245,0.004500615502677663,0.03891897576108061,0.5579710144927537,0.087677480334323,0.6521739130434783,0.6666666666666666,,,{},2327.TW,2018-01-10,2018-01-11
0.03260791786193209,798000,0,-0.043478260869565216,-0.43478260869565216,1.0,D-1 estimated accounting; fill-day constraints require ledger audit,direct,V4_DIRECT_FROZEN_LINEAR_PORTFOLIO,risk_on,2018-01-10,risk_on,0.014478016795987245,0.004500615502677663,0.03891897576108061,0.5579710144927537,0.087677480334323,0.6521739130434783,0.6666666666666666,,,{},2337.TW,2018-01-10,2018-01-11
0.06082820091338775,525000,0,0.030434782608695657,0.30434782608695654,1.0,D-1 estimated accounting; fill-day constraints require ledger audit,direct,V4_DIRECT_FROZEN_LINEAR_PORTFOLIO,risk_on,2018-01-10,risk_on,0.014478016795987245,0.004500615502677663,0.03891897576108061,0.5579710144927537,0.087677480334323,0.6521739130434783,0.6666666666666666,,,{},2345.TW,2018-01-10,2018-01-11
0.06485501425137818,1054000,0,0.05,0.5,1.0,D-1 estimated accounting; fill-day constraints require ledger audit,direct,V4_DIRECT_FROZEN_LINEAR_PORTFOLIO,risk_on,2018-01-10,risk_on,0.014478016795987245,0.004500615502677663,0.03891897576108061,0.5579710144927537,0.087677480334323,0.6521739130434783,0.6666666666666666,,,{},2376.TW,2018-01-10,2018-01-11
0.018390568193890504,217000,0,-0.003623188405797101,-0.03623188405797101,1.0,D-1 estimated accounting; fill-day constraints require ledger audit,direct,V4_DIRECT_FROZEN_LINEAR_PORTFOLIO,risk_on,2018-01-10,risk_on,0.014478016795987245,0.004500615502677663,0.03891897576108061,0.5579710144927537,0.087677480334323,0.6521739130434783,0.6666666666666666,,,{},2377.TW,2018-01-10,2018-01-11
0.055937015718067876,4691000,0,-0.017391304347826087,-0.17391304347826086,1.0,D-1 estimated accounting; fill-day constraints require ledger audit,direct,V4_DIRECT_FROZEN_LINEAR_PORTFOLIO,risk_on,2018-01-10,risk_on,0.014478016795987245,0.004500615502677663,0.03891897576108061,0.5579710144927537,0.087677480334323,0.6521739130434783,0.6666666666666666,,,{},2609.TW,2018-01-10,2018-01-11
0.007732598401823568,27000,0,-0.013043478260869568,-0.13043478260869568,1.0,D-1 estimated accounting; fill-day constraints require ledger audit,direct,V4_DIRECT_FROZEN_LINEAR_PORTFOLIO,risk_on,2018-01-10,risk_on,0.014478016795987245,0.004500615502677663,0.03891897576108061,0.5579710144927537,0.087677480334323,0.6521739130434783,0.6666666666666666,,,{},2912.TW,2018-01-10,2018-01-11
0.0,0,-1205000,-0.044202898550724644,-0.4420289855072464,1.0,D-1 estimated accounting; fill-day constraints require ledger audit,direct,V4_DIRECT_FROZEN_LINEAR_PORTFOLIO,risk_on,2018-01-10,risk_on,0.014478016795987245,0.004500615502677663,0.03891897576108061,0.5579710144927537,0.087677480334323,0.6521739130434783,0.6666666666666666,,,{},3163.TWO,2018-01-10,2018-01-11
0.01110071259294745,479000,0,-0.01811594202898551,-0.1811594202898551,1.0,D-1 estimated accounting; fill-day constraints require ledger audit,direct,V4_DIRECT_FROZEN_LINEAR_PORTFOLIO,risk_on,2018-01-10,risk_on,0.014478016795987245,0.004500615502677663,0.03891897576108061,0.5579710144927537,0.087677480334323,0.6521739130434783,0.6666666666666666,,,{},3231.TW,2018-01-10,2018-01-11
0.07216503968817824,169000,0,0.01086956521739131,0.10869565217391308,1.0,D-1 estimated accounting; fill-day constraints require ledger audit,direct,V4_DIRECT_FROZEN_LINEAR_PORTFOLIO,risk_on,2018-01-10,risk_on,0.014478016795987245,0.004500615502677663,0.03891897576108061,0.5579710144927537,0.087677480334323,0.6521739130434783,0.6666666666666666,,,{},3529.TWO,2018-01-10,2018-01-11
0.044407420876466756,58000,0,0.04782608695652174,0.4782608695652174,1.0,D-1 estimated accounting; fill-day constraints require ledger audit,direct,V4_DIRECT_FROZEN_LINEAR_PORTFOLIO,risk_on,2018-01-10,risk_on,0.014478016795987245,0.004500615502677663,0.03891897576108061,0.5579710144927537,0.087677480334323,0.6521739130434783,0.6666666666666666,,,{},5274.TWO,2018-01-10,2018-01-11
0.02974094460481653,814000,0,0.007971014492753626,0.07971014492753625,1.0,D-1 estimated accounting; fill-day constraints require ledger audit,direct,V4_DIRECT_FROZEN_LINEAR_PORTFOLIO,risk_on,2018-01-10,risk_on,0.014478016795987245,0.004500615502677663,0.03891897576108061,0.5579710144927537,0.087677480334323,0.6521739130434783,0.6666666666666666,,,{},6139.TW,2018-01-10,2018-01-11
0.06845562802824272,786000,0,-0.02028985507246377,-0.2028985507246377,1.0,D-1 estimated accounting; fill-day constraints require ledger audit,direct,V4_DIRECT_FROZEN_LINEAR_PORTFOLIO,risk_on,2018-01-10,risk_on,0.014478016795987245,0.004500615502677663,0.03891897576108061,0.5579710144927537,0.087677480334323,0.6521739130434783,0.6666666666666666,,,{},6274.TWO,2018-01-10,2018-01-11
0.004936741203893425,73000,0,0.01811594202898551,0.1811594202898551,1.0,D-1 estimated accounting; fill-day constraints require ledger audit,direct,V4_DIRECT_FROZEN_LINEAR_PORTFOLIO,risk_on,2018-01-10,risk_on,0.014478016795987245,0.004500615502677663,0.03891897576108061,0.5579710144927537,0.087677480334323,0.6521739130434783,0.6666666666666666,,,{},6290.TWO,2018-01-10,2018-01-11
0.04651581455570474,66000,0,0.026086956521739136,0.26086956521739135,1.0,D-1 estimated accounting; fill-day constraints require ledger audit,direct,V4_DIRECT_FROZEN_LINEAR_PORTFOLIO,risk_on,2018-01-10,risk_on,0.014478016795987245,0.004500615502677663,0.03891897576108061,0.5579710144927537,0.087677480334323,0.6521739130434783,0.6666666666666666,,,{},6415.TW,2018-01-10,2018-01-11
0.023410919825732977,49000,0,0.04927536231884058,0.49275362318840576,1.0,D-1 estimated accounting; fill-day constraints require ledger audit,direct,V4_DIRECT_FROZEN_LINEAR_PORTFOLIO,risk_on,2018-01-10,risk_on,0.014478016795987245,0.004500615502677663,0.03891897576108061,0.5579710144927537,0.087677480334323,0.6521739130434783,0.6666666666666666,,,{},6548.TWO,2018-01-10,2018-01-11
0.04414250548309879,977000,977000,0.04855072463768117,0.48550724637681164,1.0,D-1 estimated accounting; fill-day constraints require ledger audit,direct,V4_DIRECT_FROZEN_LINEAR_PORTFOLIO,risk_on,2018-01-10,risk_on,0.014478016795987245,0.004500615502677663,0.03891897576108061,0.5579710144927537,0.087677480334323,0.6521739130434783,0.6666666666666666,,,{},8210.TW,2018-01-10,2018-01-11
0.06298607527369363,2566000,0,0.04347826086956522,0.4347826086956522,1.0,D-1 estimated accounting; fill-day constraints require ledger audit,direct,V4_DIRECT_FROZEN_LINEAR_PORTFOLIO,risk_on,2018-01-10,risk_on,0.014478016795987245,0.004500615502677663,0.03891897576108061,0.5579710144927537,0.087677480334323,0.6521739130434783,0.6666666666666666,,,{},8415.TWO,2018-01-10,2018-01-11
0.01522227867332367,408000,0,0.012318840579710146,0.12318840579710144,1.0,D-1 estimated accounting; fill-day constraints require ledger audit,direct,V4_DIRECT_FROZEN_LINEAR_PORTFOLIO,risk_on,2018-01-11,risk_on,0.014359180751472092,-0.002102661819706808,0.031853702184386434,0.463768115942029,0.08934322795561135,0.6884057971014492,0.6521739130434783,,,{},1101.TW,2018-01-11,2018-01-12
0.051503098653547394,475000,0,0.04057971014492754,0.4057971014492754,1.0,D-1 estimated accounting; fill-day constraints require ledger audit,direct,V4_DIRECT_FROZEN_LINEAR_PORTFOLIO,risk_on,2018-01-11,risk_on,0.014359180751472092,-0.002102661819706808,0.031853702184386434,0.463768115942029,0.08934322795561135,0.6884057971014492,0.6521739130434783,,,{},1326.TW,2018-01-11,2018-01-12
0.026152582773731614,1204000,0,0.03985507246376812,0.39855072463768115,1.0,D-1 estimated accounting; fill-day constraints require ledger audit,direct,V4_DIRECT_FROZEN_LINEAR_PORTFOLIO,risk_on,2018-01-11,risk_on,0.014359180751472092,-0.002102661819706808,0.031853702184386434,0.463768115942029,0.08934322795561135,0.6884057971014492,0.6521739130434783,,,{},1519.TW,2018-01-11,2018-01-12
0.09098438564557738,3752000,0,0.007971014492753626,0.07971014492753625,1.0,D-1 estimated accounting; fill-day constraints require ledger audit,direct,V4_DIRECT_FROZEN_LINEAR_PORTFOLIO,risk_on,2018-01-11,risk_on,0.014359180751472092,-0.002102661819706808,0.031853702184386434,0.463768115942029,0.08934322795561135,0.6884057971014492,0.6521739130434783,,,{},1785.TWO,2018-01-11,2018-01-12
0.06365990478640032,2749000,0,-0.015942028985507246,-0.15942028985507245,1.0,D-1 estimated accounting; fill-day constraints require ledger audit,direct,V4_DIRECT_FROZEN_LINEAR_PORTFOLIO,risk_on,2018-01-11,risk_on,0.014359180751472092,-0.002102661819706808,0.031853702184386434,0.463768115942029,0.08934322795561135,0.6884057971014492,0.6521739130434783,,,{},1815.TWO,2018-01-11,2018-01-12
0.05050467616496171,131000,0,-0.028985507246376815,-0.2898550724637681,1.0,D-1 estimated accounting; fill-day constraints require ledger audit,direct,V4_DIRECT_FROZEN_LINEAR_PORTFOLIO,risk_on,2018-01-11,risk_on,0.014359180751472092,-0.002102661819706808,0.031853702184386434,0.463768115942029,0.08934322795561135,0.6884057971014492,0.6521739130434783,,,{},2327.TW,2018-01-11,2018-01-12
0.0,0,-798000,-0.0427536231884058,-0.427536231884058,1.0,D-1 estimated accounting; fill-day constraints require ledger audit,direct,V4_DIRECT_FROZEN_LINEAR_PORTFOLIO,risk_on,2018-01-11,risk_on,0.014359180751472092,-0.002102661819706808,0.031853702184386434,0.463768115942029,0.08934322795561135,0.6884057971014492,0.6521739130434783,,,{},2337.TW,2018-01-11,2018-01-12
0.0595297298071188,525000,0,-0.035507246376811595,-0.35507246376811596,1.0,D-1 estimated accounting; fill-day constraints require ledger audit,direct,V4_DIRECT_FROZEN_LINEAR_PORTFOLIO,risk_on,2018-01-11,risk_on,0.014359180751472092,-0.002102661819706808,0.031853702184386434,0.463768115942029,0.08934322795561135,0.6884057971014492,0.6521739130434783,,,{},2345.TW,2018-01-11,2018-01-12
0.07125442445038577,1054000,0,0.05,0.5,1.0,D-1 estimated accounting; fill-day constraints require ledger audit,direct,V4_DIRECT_FROZEN_LINEAR_PORTFOLIO,risk_on,2018-01-11,risk_on,0.014359180751472092,-0.002102661819706808,0.031853702184386434,0.463768115942029,0.08934322795561135,0.6884057971014492,0.6521739130434783,,,{},2376.TW,2018-01-11,2018-01-12
0.01936527241359325,217000,0,0.03913043478260869,0.3913043478260869,1.0,D-1 estimated accounting; fill-day constraints require ledger audit,direct,V4_DIRECT_FROZEN_LINEAR_PORTFOLIO,risk_on,2018-01-11,risk_on,0.014359180751472092,-0.002102661819706808,0.031853702184386434,0.463768115942029,0.08934322795561135,0.6884057971014492,0.6521739130434783,,,{},2377.TW,2018-01-11,2018-01-12
0.05547726235568738,4691000,0,-0.021014492753623187,-0.21014492753623187,1.0,D-1 estimated accounting; fill-day constraints require ledger audit,direct,V4_DIRECT_FROZEN_LINEAR_PORTFOLIO,risk_on,2018-01-11,risk_on,0.014359180751472092,-0.002102661819706808,0.031853702184386434,0.463768115942029,0.08934322795561135,0.6884057971014492,0.6521739130434783,,,{},2609.TW,2018-01-11,2018-01-12
0.007760815760989497,27000,0,-0.003623188405797101,-0.03623188405797101,1.0,D-1 estimated accounting; fill-day constraints require ledger audit,direct,V4_DIRECT_FROZEN_LINEAR_PORTFOLIO,risk_on,2018-01-11,risk_on,0.014359180751472092,-0.002102661819706808,0.031853702184386434,0.463768115942029,0.08934322795561135,0.6884057971014492,0.6521739130434783,,,{},2912.TW,2018-01-11,2018-01-12
0.011173463078220253,479000,0,0.004710144927536231,0.047101449275362306,1.0,D-1 estimated accounting; fill-day constraints require ledger audit,direct,V4_DIRECT_FROZEN_LINEAR_PORTFOLIO,risk_on,2018-01-11,risk_on,0.014359180751472092,-0.002102661819706808,0.031853702184386434,0.463768115942029,0.08934322795561135,0.6884057971014492,0.6521739130434783,,,{},3231.TW,2018-01-11,2018-01-12
0.04646241900571265,1133000,1133000,0.04855072463768117,0.48550724637681164,1.0,D-1 estimated accounting; fill-day constraints require ledger audit,direct,V4_DIRECT_FROZEN_LINEAR_PORTFOLIO,risk_on,2018-01-11,risk_on,0.014359180751472092,-0.002102661819706808,0.031853702184386434,0.463768115942029,0.08934322795561135,0.6884057971014492,0.6521739130434783,,,{},3264.TWO,2018-01-11,2018-01-12
0.07225756702538179,169000,0,0.0,0.0,1.0,D-1 estimated accounting; fill-day constraints require ledger audit,direct,V4_DIRECT_FROZEN_LINEAR_PORTFOLIO,risk_on,2018-01-11,risk_on,0.014359180751472092,-0.002102661819706808,0.031853702184386434,0.463768115942029,0.08934322795561135,0.6884057971014492,0.6521739130434783,,,{},3529.TWO,2018-01-11,2018-01-12
0.04412187721018888,58000,0,0.04492753623188406,0.4492753623188406,1.0,D-1 estimated accounting; fill-day constraints require ledger audit,direct,V4_DIRECT_FROZEN_LINEAR_PORTFOLIO,risk_on,2018-01-11,risk_on,0.014359180751472092,-0.002102661819706808,0.031853702184386434,0.463768115942029,0.08934322795561135,0.6884057971014492,0.6521739130434783,,,{},5274.TWO,2018-01-11,2018-01-12
0.029784838321843123,814000,0,-0.02173913043478261,-0.2173913043478261,1.0,D-1 estimated accounting; fill-day constraints require ledger audit,direct,V4_DIRECT_FROZEN_LINEAR_PORTFOLIO,risk_on,2018-01-11,risk_on,0.014359180751472092,-0.002102661819706808,0.031853702184386434,0.463768115942029,0.08934322795561135,0.6884057971014492,0.6521739130434783,,,{},6139.TW,2018-01-11,2018-01-12
0.06861982127149825,786000,0,-0.025362318840579712,-0.2536231884057971,1.0,D-1 estimated accounting; fill-day constraints require ledger audit,direct,V4_DIRECT_FROZEN_LINEAR_PORTFOLIO,risk_on,2018-01-11,risk_on,0.014359180751472092,-0.002102661819706808,0.031853702184386434,0.463768115942029,0.08934322795561135,0.6884057971014492,0.6521739130434783,,,{},6274.TWO,2018-01-11,2018-01-12
0.004944613468104441,73000,0,-0.04057971014492754,-0.4057971014492754,1.0,D-1 estimated accounting; fill-day constraints require ledger audit,direct,V4_DIRECT_FROZEN_LINEAR_PORTFOLIO,risk_on,2018-01-11,risk_on,0.014359180751472092,-0.002102661819706808,0.031853702184386434,0.463768115942029,0.08934322795561135,0.6884057971014492,0.6521739130434783,,,{},6290.TWO,2018-01-11,2018-01-12
0.04453873536790144,66000,0,-0.011594202898550727,-0.11594202898550726,1.0,D-1 estimated accounting; fill-day constraints require ledger audit,direct,V4_DIRECT_FROZEN_LINEAR_PORTFOLIO,risk_on,2018-01-11,risk_on,0.014359180751472092,-0.002102661819706808,0.031853702184386434,0.463768115942029,0.08934322795561135,0.6884057971014492,0.6521739130434783,,,{},6415.TW,2018-01-11,2018-01-12
0.023413616000055638,49000,0,-0.009420289855072463,-0.09420289855072461,1.0,D-1 estimated accounting; fill-day constraints require ledger audit,direct,V4_DIRECT_FROZEN_LINEAR_PORTFOLIO,risk_on,2018-01-11,risk_on,0.014359180751472092,-0.002102661819706808,0.031853702184386434,0.463768115942029,0.08934322795561135,0.6884057971014492,0.6521739130434783,,,{},6548.TWO,2018-01-11,2018-01-12
0.04317624516171876,977000,0,0.045652173913043485,0.4565217391304348,1.0,D-1 estimated accounting; fill-day constraints require ledger audit,direct,V4_DIRECT_FROZEN_LINEAR_PORTFOLIO,risk_on,2018-01-11,risk_on,0.014359180751472092,-0.002102661819706808,0.031853702184386434,0.463768115942029,0.08934322795561135,0.6884057971014492,0.6521739130434783,,,{},8210.TW,2018-01-11,2018-01-12
0.06465104840489007,2566000,0,0.04927536231884058,0.49275362318840576,1.0,D-1 estimated accounting; fill-day constraints require ledger audit,direct,V4_DIRECT_FROZEN_LINEAR_PORTFOLIO,risk_on,2018-01-11,risk_on,0.014359180751472092,-0.002102661819706808,0.031853702184386434,0.463768115942029,0.08934322795561135,0.6884057971014492,0.6521739130434783,,,{},8415.TWO,2018-01-11,2018-01-12
0.015299206082551635,408000,0,0.010144927536231885,0.10144927536231885,1.0,D-1 estimated accounting; fill-day constraints require ledger audit,direct,V4_DIRECT_FROZEN_LINEAR_PORTFOLIO,risk_on,2018-01-12,risk_on,0.014816655953737327,0.0006631198414948081,0.029998164813060724,0.5072463768115942,0.08393555781557065,0.7101449275362319,0.7101449275362319,,,{},1101.TW,2018-01-12,2018-01-15
0.05138889133893352,475000,0,0.041304347826086954,0.4130434782608695,1.0,D-1 estimated accounting; fill-day constraints require ledger audit,direct,V4_DIRECT_FROZEN_LINEAR_PORTFOLIO,risk_on,2018-01-12,risk_on,0.014816655953737327,0.0006631198414948081,0.029998164813060724,0.5072463768115942,0.08393555781557065,0.7101449275362319,0.7101449275362319,,,{},1326.TW,2018-01-12,2018-01-15
0.026334817787912062,1204000,0,0.034057971014492754,0.3405797101449275,1.0,D-1 estimated accounting; fill-day constraints require ledger audit,direct,V4_DIRECT_FROZEN_LINEAR_PORTFOLIO,risk_on,2018-01-12,risk_on,0.014816655953737327,0.0006631198414948081,0.029998164813060724,0.5072463768115942,0.08393555781557065,0.7101449275362319,0.7101449275362319,,,{},1519.TW,2018-01-12,2018-01-15
0.09082720780762733,3752000,0,0.015942028985507253,0.1594202898550725,1.0,D-1 estimated accounting; fill-day constraints require ledger audit,direct,V4_DIRECT_FROZEN_LINEAR_PORTFOLIO,risk_on,2018-01-12,risk_on,0.014816655953737327,0.0006631198414948081,0.029998164813060724,0.5072463768115942,0.08393555781557065,0.7101449275362319,0.7101449275362319,,,{},1785.TWO,2018-01-12,2018-01-15
0.06422225637758995,2749000,0,-0.01884057971014493,-0.18840579710144928,1.0,D-1 estimated accounting; fill-day constraints require ledger audit,direct,V4_DIRECT_FROZEN_LINEAR_PORTFOLIO,risk_on,2018-01-12,risk_on,0.014816655953737327,0.0006631198414948081,0.029998164813060724,0.5072463768115942,0.08393555781557065,0.7101449275362319,0.7101449275362319,,,{},1815.TWO,2018-01-12,2018-01-15
0.0491186033455186,131000,0,-0.04130434782608696,-0.41304347826086957,1.0,D-1 estimated accounting; fill-day constraints require ledger audit,direct,V4_DIRECT_FROZEN_LINEAR_PORTFOLIO,risk_on,2018-01-12,risk_on,0.014816655953737327,0.0006631198414948081,0.029998164813060724,0.5072463768115942,0.08393555781557065,0.7101449275362319,0.7101449275362319,,,{},2327.TW,2018-01-12,2018-01-15
0.0,0,-525000,-0.0463768115942029,-0.463768115942029,1.0,D-1 estimated accounting; fill-day constraints require ledger audit,direct,V4_DIRECT_FROZEN_LINEAR_PORTFOLIO,risk_on,2018-01-12,risk_on,0.014816655953737327,0.0006631198414948081,0.029998164813060724,0.5072463768115942,0.08393555781557065,0.7101449275362319,0.7101449275362319,,,{},2345.TW,2018-01-12,2018-01-15
0.06890320324759276,1054000,0,0.05,0.5,1.0,D-1 estimated accounting; fill-day constraints require ledger audit,direct,V4_DIRECT_FROZEN_LINEAR_PORTFOLIO,risk_on,2018-01-12,risk_on,0.014816655953737327,0.0006631198414948081,0.029998164813060724,0.5072463768115942,0.08393555781557065,0.7101449275362319,0.7101449275362319,,,{},2376.TW,2018-01-12,2018-01-15
0.01897808364090577,217000,0,-0.010144927536231885,-0.10144927536231885,1.0,D-1 estimated accounting; fill-day constraints require ledger audit,direct,V4_DIRECT_FROZEN_LINEAR_PORTFOLIO,risk_on,2018-01-12,risk_on,0.014816655953737327,0.0006631198414948081,0.029998164813060724,0.5072463768115942,0.08393555781557065,0.7101449275362319,0.7101449275362319,,,{},2377.TW,2018-01-12,2018-01-15
0.056076636373049556,4691000,0,-0.026086956521739132,-0.2608695652173913,1.0,D-1 estimated accounting; fill-day constraints require ledger audit,direct,V4_DIRECT_FROZEN_LINEAR_PORTFOLIO,risk_on,2018-01-12,risk_on,0.014816655953737327,0.0006631198414948081,0.029998164813060724,0.5072463768115942,0.08393555781557065,0.7101449275362319,0.7101449275362319,,,{},2609.TW,2018-01-12,2018-01-15
0.007792987030154649,27000,0,0.005797101449275366,0.05797101449275366,1.0,D-1 estimated accounting; fill-day constraints require ledger audit,direct,V4_DIRECT_FROZEN_LINEAR_PORTFOLIO,risk_on,2018-01-12,risk_on,0.014816655953737327,0.0006631198414948081,0.029998164813060724,0.5072463768115942,0.08393555781557065,0.7101449275362319,0.7101449275362319,,,{},2912.TW,2018-01-12,2018-01-15
0.011414989105598183,479000,0,0.013043478260869568,0.13043478260869568,1.0,D-1 estimated accounting; fill-day constraints require ledger audit,direct,V4_DIRECT_FROZEN_LINEAR_PORTFOLIO,risk_on,2018-01-12,risk_on,0.014816655953737327,0.0006631198414948081,0.029998164813060724,0.5072463768115942,0.08393555781557065,0.7101449275362319,0.7101449275362319,,,{},3231.TW,2018-01-12,2018-01-15
0.04572624474792164,1133000,0,0.045652173913043485,0.4565217391304348,1.0,D-1 estimated accounting; fill-day constraints require ledger audit,direct,V4_DIRECT_FROZEN_LINEAR_PORTFOLIO,risk_on,2018-01-12,risk_on,0.014816655953737327,0.0006631198414948081,0.029998164813060724,0.5072463768115942,0.08393555781557065,0.7101449275362319,0.7101449275362319,,,{},3264.TWO,2018-01-12,2018-01-15
0.07310491690016363,169000,0,-0.010869565217391304,-0.10869565217391303,1.0,D-1 estimated accounting; fill-day constraints require ledger audit,direct,V4_DIRECT_FROZEN_LINEAR_PORTFOLIO,risk_on,2018-01-12,risk_on,0.014816655953737327,0.0006631198414948081,0.029998164813060724,0.5072463768115942,0.08393555781557065,0.7101449275362319,0.7101449275362319,,,{},3529.TWO,2018-01-12,2018-01-15
0.04405210345366602,58000,0,0.04782608695652174,0.4782608695652174,1.0,D-1 estimated accounting; fill-day constraints require ledger audit,direct,V4_DIRECT_FROZEN_LINEAR_PORTFOLIO,risk_on,2018-01-12,risk_on,0.014816655953737327,0.0006631198414948081,0.029998164813060724,0.5072463768115942,0.08393555781557065,0.7101449275362319,0.7101449275362319,,,{},5274.TWO,2018-01-12,2018-01-15
0.02945009516907019,814000,0,-0.03695652173913044,-0.3695652173913043,1.0,D-1 estimated accounting; fill-day constraints require ledger audit,direct,V4_DIRECT_FROZEN_LINEAR_PORTFOLIO,risk_on,2018-01-12,risk_on,0.014816655953737327,0.0006631198414948081,0.029998164813060724,0.5072463768115942,0.08393555781557065,0.7101449275362319,0.7101449275362319,,,{},6139.TW,2018-01-12,2018-01-15
0.07364030345120477,786000,0,0.04492753623188406,0.4492753623188406,1.0,D-1 estimated accounting; fill-day constraints require ledger audit,direct,V4_DIRECT_FROZEN_LINEAR_PORTFOLIO,risk_on,2018-01-12,risk_on,0.014816655953737327,0.0006631198414948081,0.029998164813060724,0.5072463768115942,0.08393555781557065,0.7101449275362319,0.7101449275362319,,,{},6274.TWO,2018-01-12,2018-01-15
0.005417613862535375,73000,0,0.02681159420289855,0.2681159420289855,1.0,D-1 estimated accounting; fill-day constraints require ledger audit,direct,V4_DIRECT_FROZEN_LINEAR_PORTFOLIO,risk_on,2018-01-12,risk_on,0.014816655953737327,0.0006631198414948081,0.029998164813060724,0.5072463768115942,0.08393555781557065,0.7101449275362319,0.7101449275362319,,,{},6290.TWO,2018-01-12,2018-01-15
0.044711002436947346,66000,0,-0.0021739130434782596,-0.021739130434782594,1.0,D-1 estimated accounting; fill-day constraints require ledger audit,direct,V4_DIRECT_FROZEN_LINEAR_PORTFOLIO,risk_on,2018-01-12,risk_on,0.014816655953737327,0.0006631198414948081,0.029998164813060724,0.5072463768115942,0.08393555781557065,0.7101449275362319,0.7101449275362319,,,{},6415.TW,2018-01-12,2018-01-15
0.023272132797256203,49000,0,-0.034782608695652174,-0.34782608695652173,1.0,D-1 estimated accounting; fill-day constraints require ledger audit,direct,V4_DIRECT_FROZEN_LINEAR_PORTFOLIO,risk_on,2018-01-12,risk_on,0.014816655953737327,0.0006631198414948081,0.029998164813060724,0.5072463768115942,0.08393555781557065,0.7101449275362319,0.7101449275362319,,,{},6548.TWO,2018-01-12,2018-01-15
0.0343051049224115,689000,689000,0.04927536231884058,0.49275362318840576,1.0,D-1 estimated accounting; fill-day constraints require ledger audit,direct,V4_DIRECT_FROZEN_LINEAR_PORTFOLIO,risk_on,2018-01-12,risk_on,0.014816655953737327,0.0006631198414948081,0.029998164813060724,0.5072463768115942,0.08393555781557065,0.7101449275362319,0.7101449275362319,,,{},8069.TWO,2018-01-12,2018-01-15
0.04342507864644667,977000,0,0.04420289855072464,0.44202898550724634,1.0,D-1 estimated accounting; fill-day constraints require ledger audit,direct,V4_DIRECT_FROZEN_LINEAR_PORTFOLIO,risk_on,2018-01-12,risk_on,0.014816655953737327,0.0006631198414948081,0.029998164813060724,0.5072463768115942,0.08393555781557065,0.7101449275362319,0.7101449275362319,,,{},8210.TW,2018-01-12,2018-01-15
0.0644214948796774,2566000,0,0.04347826086956522,0.4347826086956522,1.0,D-1 estimated accounting; fill-day constraints require ledger audit,direct,V4_DIRECT_FROZEN_LINEAR_PORTFOLIO,risk_on,2018-01-12,risk_on,0.014816655953737327,0.0006631198414948081,0.029998164813060724,0.5072463768115942,0.08393555781557065,0.7101449275362319,0.7101449275362319,,,{},8415.TWO,2018-01-12,2018-01-15
0.015536524417275916,408000,0,-0.01666666666666667,-0.16666666666666669,1.0,D-1 estimated accounting; fill-day constraints require ledger audit,direct,V4_DIRECT_FROZEN_LINEAR_PORTFOLIO,risk_on,2018-01-15,risk_on,0.01479911049995119,0.002454975162458517,0.041219692325129675,0.5217391304347826,0.08094757766446621,0.7608695652173914,0.7391304347826086,,,{},1101.TW,2018-01-15,2018-01-16
0.0520802363439527,475000,0,0.03768115942028986,0.37681159420289856,1.0,D-1 estimated accounting; fill-day constraints require ledger audit,direct,V4_DIRECT_FROZEN_LINEAR_PORTFOLIO,risk_on,2018-01-15,risk_on,0.01479911049995119,0.002454975162458517,0.041219692325129675,0.5217391304347826,0.08094757766446621,0.7608695652173914,0.7391304347826086,,,{},1326.TW,2018-01-15,2018-01-16
0.026203580147246275,1204000,0,-0.028260869565217395,-0.28260869565217395,1.0,D-1 estimated accounting; fill-day constraints require ledger audit,direct,V4_DIRECT_FROZEN_LINEAR_PORTFOLIO,risk_on,2018-01-15,risk_on,0.01479911049995119,0.002454975162458517,0.041219692325129675,0.5217391304347826,0.08094757766446621,0.7608695652173914,0.7391304347826086,,,{},1519.TW,2018-01-15,2018-01-16
0.09087274995561309,3752000,0,-0.004347826086956524,-0.043478260869565244,1.0,D-1 estimated accounting; fill-day constraints require ledger audit,direct,V4_DIRECT_FROZEN_LINEAR_PORTFOLIO,risk_on,2018-01-15,risk_on,0.01479911049995119,0.002454975162458517,0.041219692325129675,0.5217391304347826,0.08094757766446621,0.7608695652173914,0.7391304347826086,,,{},1785.TWO,2018-01-15,2018-01-16
0.06879375229762354,2749000,0,0.04782608695652174,0.4782608695652174,1.0,D-1 estimated accounting; fill-day constraints require ledger audit,direct,V4_DIRECT_FROZEN_LINEAR_PORTFOLIO,risk_on,2018-01-15,risk_on,0.01479911049995119,0.002454975162458517,0.041219692325129675,0.5217391304347826,0.08094757766446621,0.7608695652173914,0.7391304347826086,,,{},1815.TWO,2018-01-15,2018-01-16
0.0,0,-131000,-0.04855072463768116,-0.4855072463768116,1.0,D-1 estimated accounting; fill-day constraints require ledger audit,direct,V4_DIRECT_FROZEN_LINEAR_PORTFOLIO,risk_on,2018-01-15,risk_on,0.01479911049995119,0.002454975162458517,0.041219692325129675,0.5217391304347826,0.08094757766446621,0.7608695652173914,0.7391304347826086,,,{},2327.TW,2018-01-15,2018-01-16
0.0670727667433294,1054000,0,0.04057971014492754,0.4057971014492754,1.0,D-1 estimated accounting; fill-day constraints require ledger audit,direct,V4_DIRECT_FROZEN_LINEAR_PORTFOLIO,risk_on,2018-01-15,risk_on,0.01479911049995119,0.002454975162458517,0.041219692325129675,0.5217391304347826,0.08094757766446621,0.7608695652173914,0.7391304347826086,,,{},2376.TW,2018-01-15,2018-01-16
0.019079607320925104,217000,0,-0.02463768115942029,-0.24637681159420288,1.0,D-1 estimated accounting; fill-day constraints require ledger audit,direct,V4_DIRECT_FROZEN_LINEAR_PORTFOLIO,risk_on,2018-01-15,risk_on,0.01479911049995119,0.002454975162458517,0.041219692325129675,0.5217391304347826,0.08094757766446621,0.7608695652173914,0.7391304347826086,,,{},2377.TW,2018-01-15,2018-01-16
0.05657035367294397,4691000,0,-0.034782608695652174,-0.34782608695652173,1.0,D-1 estimated accounting; fill-day constraints require ledger audit,direct,V4_DIRECT_FROZEN_LINEAR_PORTFOLIO,risk_on,2018-01-15,risk_on,0.01479911049995119,0.002454975162458517,0.041219692325129675,0.5217391304347826,0.08094757766446621,0.7608695652173914,0.7391304347826086,,,{},2609.TW,2018-01-15,2018-01-16
0.007903048627619175,27000,0,-0.008695652173913044,-0.08695652173913043,1.0,D-1 estimated accounting; fill-day constraints require ledger audit,direct,V4_DIRECT_FROZEN_LINEAR_PORTFOLIO,risk_on,2018-01-15,risk_on,0.01479911049995119,0.002454975162458517,0.041219692325129675,0.5217391304347826,0.08094757766446621,0.7608695652173914,0.7391304347826086,,,{},2912.TW,2018-01-15,2018-01-16
0.011539581438753247,479000,0,0.021739130434782608,0.21739130434782605,1.0,D-1 estimated accounting; fill-day constraints require ledger audit,direct,V4_DIRECT_FROZEN_LINEAR_PORTFOLIO,risk_on,2018-01-15,risk_on,0.01479911049995119,0.002454975162458517,0.041219692325129675,0.5217391304347826,0.08094757766446621,0.7608695652173914,0.7391304347826086,,,{},3231.TW,2018-01-15,2018-01-16
0.04601493541309802,1133000,0,0.03985507246376812,0.39855072463768115,1.0,D-1 estimated accounting; fill-day constraints require ledger audit,direct,V4_DIRECT_FROZEN_LINEAR_PORTFOLIO,risk_on,2018-01-15,risk_on,0.01479911049995119,0.002454975162458517,0.041219692325129675,0.5217391304347826,0.08094757766446621,0.7608695652173914,0.7391304347826086,,,{},3264.TWO,2018-01-15,2018-01-16
0.07485563678024759,169000,0,-0.02318840579710145,-0.23188405797101447,1.0,D-1 estimated accounting; fill-day constraints require ledger audit,direct,V4_DIRECT_FROZEN_LINEAR_PORTFOLIO,risk_on,2018-01-15,risk_on,0.01479911049995119,0.002454975162458517,0.041219692325129675,0.5217391304347826,0.08094757766446621,0.7608695652173914,0.7391304347826086,,,{},3529.TWO,2018-01-15,2018-01-16
0.04338185866499716,58000,0,0.02898550724637681,0.28985507246376807,1.0,D-1 estimated accounting; fill-day constraints require ledger audit,direct,V4_DIRECT_FROZEN_LINEAR_PORTFOLIO,risk_on,2018-01-15,risk_on,0.01479911049995119,0.002454975162458517,0.041219692325129675,0.5217391304347826,0.08094757766446621,0.7608695652173914,0.7391304347826086,,,{},5274.TWO,2018-01-15,2018-01-16
0.029709383571673006,814000,0,-0.019565217391304346,-0.19565217391304346,1.0,D-1 estimated accounting; fill-day constraints require ledger audit,direct,V4_DIRECT_FROZEN_LINEAR_PORTFOLIO,risk_on,2018-01-15,risk_on,0.01479911049995119,0.002454975162458517,0.041219692325129675,0.5217391304347826,0.08094757766446621,0.7608695652173914,0.7391304347826086,,,{},6139.TW,2018-01-15,2018-01-16
0.054693266579641485,846000,846000,0.05,0.5,1.0,D-1 estimated accounting; fill-day constraints require ledger audit,direct,V4_DIRECT_FROZEN_LINEAR_PORTFOLIO,risk_on,2018-01-15,risk_on,0.01479911049995119,0.002454975162458517,0.041219692325129675,0.5217391304347826,0.08094757766446621,0.7608695652173914,0.7391304347826086,,,{},6147.TWO,2018-01-15,2018-01-16
0.07349835223685833,786000,0,0.0,0.0,1.0,D-1 estimated accounting; fill-day constraints require ledger audit,direct,V4_DIRECT_FROZEN_LINEAR_PORTFOLIO,risk_on,2018-01-15,risk_on,0.01479911049995119,0.002454975162458517,0.041219692325129675,0.5217391304347826,0.08094757766446621,0.7608695652173914,0.7391304347826086,,,{},6274.TWO,2018-01-15,2018-01-16
0.00553916790333766,73000,0,0.04927536231884058,0.49275362318840576,1.0,D-1 estimated accounting; fill-day constraints require ledger audit,direct,V4_DIRECT_FROZEN_LINEAR_PORTFOLIO,risk_on,2018-01-15,risk_on,0.01479911049995119,0.002454975162458517,0.041219692325129675,0.5217391304347826,0.08094757766446621,0.7608695652173914,0.7391304347826086,,,{},6290.TWO,2018-01-15,2018-01-16
0.04223131948144675,66000,0,-0.0463768115942029,-0.463768115942029,1.0,D-1 estimated accounting; fill-day constraints require ledger audit,direct,V4_DIRECT_FROZEN_LINEAR_PORTFOLIO,risk_on,2018-01-15,risk_on,0.01479911049995119,0.002454975162458517,0.041219692325129675,0.5217391304347826,0.08094757766446621,0.7608695652173914,0.7391304347826086,,,{},6415.TW,2018-01-15,2018-01-16
0.02322833103628209,49000,0,-0.03985507246376812,-0.39855072463768115,1.0,D-1 estimated accounting; fill-day constraints require ledger audit,direct,V4_DIRECT_FROZEN_LINEAR_PORTFOLIO,risk_on,2018-01-15,risk_on,0.01479911049995119,0.002454975162458517,0.041219692325129675,0.5217391304347826,0.08094757766446621,0.7608695652173914,0.7391304347826086,,,{},6548.TWO,2018-01-15,2018-01-16
0.03367181037468916,689000,0,0.026086956521739136,0.26086956521739135,1.0,D-1 estimated accounting; fill-day constraints require ledger audit,direct,V4_DIRECT_FROZEN_LINEAR_PORTFOLIO,risk_on,2018-01-15,risk_on,0.01479911049995119,0.002454975162458517,0.041219692325129675,0.5217391304347826,0.08094757766446621,0.7608695652173914,0.7391304347826086,,,{},8069.TWO,2018-01-15,2018-01-16
0.04346362733404643,977000,0,0.02246376811594203,0.2246376811594203,1.0,D-1 estimated accounting; fill-day constraints require ledger audit,direct,V4_DIRECT_FROZEN_LINEAR_PORTFOLIO,risk_on,2018-01-15,risk_on,0.01479911049995119,0.002454975162458517,0.041219692325129675,0.5217391304347826,0.08094757766446621,0.7608695652173914,0.7391304347826086,,,{},8210.TW,2018-01-15,2018-01-16
0.06357027928336181,2566000,0,-0.04492753623188406,-0.4492753623188406,1.0,D-1 estimated accounting; fill-day constraints require ledger audit,direct,V4_DIRECT_FROZEN_LINEAR_PORTFOLIO,risk_on,2018-01-15,risk_on,0.01479911049995119,0.002454975162458517,0.041219692325129675,0.5217391304347826,0.08094757766446621,0.7608695652173914,0.7391304347826086,,,{},8415.TWO,2018-01-15,2018-01-16
0.015683538806073153,408000,0,-0.011594202898550727,-0.11594202898550726,1.0,D-1 estimated accounting; fill-day constraints require ledger audit,direct,V4_DIRECT_FROZEN_LINEAR_PORTFOLIO,risk_on,2018-01-16,risk_on,0.014599002729317377,0.0,0.0437391304347825,0.4855072463768116,0.07861724696950337,0.7971014492753623,0.7608695652173914,,,{},1101.TW,2018-01-16,2018-01-17
0.051988499837651,475000,0,-0.025362318840579712,-0.2536231884057971,1.0,D-1 estimated accounting; fill-day constraints require ledger audit,direct,V4_DIRECT_FROZEN_LINEAR_PORTFOLIO,risk_on,2018-01-16,risk_on,0.014599002729317377,0.0,0.0437391304347825,0.4855072463768116,0.07861724696950337,0.7971014492753623,0.7608695652173914,,,{},1326.TW,2018-01-16,2018-01-17
0.027066910923049695,1204000,0,0.008695652173913049,0.08695652173913049,1.0,D-1 estimated accounting; fill-day constraints require ledger audit,direct,V4_DIRECT_FROZEN_LINEAR_PORTFOLIO,risk_on,2018-01-16,risk_on,0.014599002729317377,0.0,0.0437391304347825,0.4855072463768116,0.07861724696950337,0.7971014492753623,0.7608695652173914,,,{},1519.TW,2018-01-16,2018-01-17
0.09113071333968953,3752000,0,-0.04492753623188406,-0.4492753623188406,1.0,D-1 estimated accounting; fill-day constraints require ledger audit,direct,V4_DIRECT_FROZEN_LINEAR_PORTFOLIO,risk_on,2018-01-16,risk_on,0.014599002729317377,0.0,0.0437391304347825,0.4855072463768116,0.07861724696950337,0.7971014492753623,0.7608695652173914,,,{},1785.TWO,2018-01-16,2018-01-17
0.06704958841961435,2749000,0,-0.02173913043478261,-0.2173913043478261,1.0,D-1 estimated accounting; fill-day constraints require ledger audit,direct,V4_DIRECT_FROZEN_LINEAR_PORTFOLIO,risk_on,2018-01-16,risk_on,0.014599002729317377,0.0,0.0437391304347825,0.4855072463768116,0.07861724696950337,0.7971014492753623,0.7608695652173914,,,{},1815.TWO,2018-01-16,2018-01-17
0.06694438556483523,1054000,0,0.023188405797101453,0.23188405797101452,1.0,D-1 estimated accounting; fill-day constraints require ledger audit,direct,V4_DIRECT_FROZEN_LINEAR_PORTFOLIO,risk_on,2018-01-16,risk_on,0.014599002729317377,0.0,0.0437391304347825,0.4855072463768116,0.07861724696950337,0.7971014492753623,0.7608695652173914,,,{},2376.TW,2018-01-16,2018-01-17
0.019703618009673046,217000,0,0.02028985507246377,0.2028985507246377,1.0,D-1 estimated accounting; fill-day constraints require ledger audit,direct,V4_DIRECT_FROZEN_LINEAR_PORTFOLIO,risk_on,2018-01-16,risk_on,0.014599002729317377,0.0,0.0437391304347825,0.4855072463768116,0.07861724696950337,0.7971014492753623,0.7608695652173914,,,{},2377.TW,2018-01-16,2018-01-17
0.05649456282275091,4691000,0,-0.035507246376811595,-0.35507246376811596,1.0,D-1 estimated accounting; fill-day constraints require ledger audit,direct,V4_DIRECT_FROZEN_LINEAR_PORTFOLIO,risk_on,2018-01-16,risk_on,0.014599002729317377,0.0,0.0437391304347825,0.4855072463768116,0.07861724696950337,0.7971014492753623,0.7608695652173914,,,{},2609.TW,2018-01-16,2018-01-17
0.00789777178478322,27000,0,-0.012318840579710146,-0.12318840579710144,1.0,D-1 estimated accounting; fill-day constraints require ledger audit,direct,V4_DIRECT_FROZEN_LINEAR_PORTFOLIO,risk_on,2018-01-16,risk_on,0.014599002729317377,0.0,0.0437391304347825,0.4855072463768116,0.07861724696950337,0.7971014492753623,0.7608695652173914,,,{},2912.TW,2018-01-16,2018-01-17
0.011524020473832825,479000,0,0.013043478260869568,0.13043478260869568,1.0,D-1 estimated accounting; fill-day constraints require ledger audit,direct,V4_DIRECT_FROZEN_LINEAR_PORTFOLIO,risk_on,2018-01-16,risk_on,0.014599002729317377,0.0,0.0437391304347825,0.4855072463768116,0.07861724696950337,0.7971014492753623,0.7608695652173914,,,{},3231.TW,2018-01-16,2018-01-17
0.04683088957449735,1133000,0,0.02898550724637681,0.28985507246376807,1.0,D-1 estimated accounting; fill-day constraints require ledger audit,direct,V4_DIRECT_FROZEN_LINEAR_PORTFOLIO,risk_on,2018-01-16,risk_on,0.014599002729317377,0.0,0.0437391304347825,0.4855072463768116,0.07861724696950337,0.7971014492753623,0.7608695652173914,,,{},3264.TWO,2018-01-16,2018-01-17
0.046548358440314436,3359000,3359000,0.04927536231884058,0.49275362318840576,1.0,D-1 estimated accounting; fill-day constraints require ledger audit,direct,V4_DIRECT_FROZEN_LINEAR_PORTFOLIO,risk_on,2018-01-16,risk_on,0.014599002729317377,0.0,0.0437391304347825,0.4855072463768116,0.07861724696950337,0.7971014492753623,0.7608695652173914,,,{},3481.TW,2018-01-16,2018-01-17
0.0736163022457985,169000,0,-0.034782608695652174,-0.34782608695652173,1.0,D-1 estimated accounting; fill-day constraints require ledger audit,direct,V4_DIRECT_FROZEN_LINEAR_PORTFOLIO,risk_on,2018-01-16,risk_on,0.014599002729317377,0.0,0.0437391304347825,0.4855072463768116,0.07861724696950337,0.7971014492753623,0.7608695652173914,,,{},3529.TWO,2018-01-16,2018-01-17
0.045921953032248615,58000,0,0.04492753623188406,0.4492753623188406,1.0,D-1 estimated accounting; fill-day constraints require ledger audit,direct,V4_DIRECT_FROZEN_LINEAR_PORTFOLIO,risk_on,2018-01-16,risk_on,0.014599002729317377,0.0,0.0437391304347825,0.4855072463768116,0.07861724696950337,0.7971014492753623,0.7608695652173914,,,{},5274.TWO,2018-01-16,2018-01-17
0.029875796914946854,814000,0,-0.017391304347826087,-0.17391304347826086,1.0,D-1 estimated accounting; fill-day constraints require ledger audit,direct,V4_DIRECT_FROZEN_LINEAR_PORTFOLIO,risk_on,2018-01-16,risk_on,0.014599002729317377,0.0,0.0437391304347825,0.4855072463768116,0.07861724696950337,0.7971014492753623,0.7608695652173914,,,{},6139.TW,2018-01-16,2018-01-17
0.05544563292226281,846000,0,0.05,0.5,1.0,D-1 estimated accounting; fill-day constraints require ledger audit,direct,V4_DIRECT_FROZEN_LINEAR_PORTFOLIO,risk_on,2018-01-16,risk_on,0.014599002729317377,0.0,0.0437391304347825,0.4855072463768116,0.07861724696950337,0.7971014492753623,0.7608695652173914,,,{},6147.TWO,2018-01-16,2018-01-17
0.07283519120286712,786000,0,0.014492753623188404,0.14492753623188404,1.0,D-1 estimated accounting; fill-day constraints require ledger audit,direct,V4_DIRECT_FROZEN_LINEAR_PORTFOLIO,risk_on,2018-01-16,risk_on,0.014599002729317377,0.0,0.0437391304347825,0.4855072463768116,0.07861724696950337,0.7971014492753623,0.7608695652173914,,,{},6274.TWO,2018-01-16,2018-01-17
0.005525266025281641,73000,0,0.04710144927536232,0.47101449275362317,1.0,D-1 estimated accounting; fill-day constraints require ledger audit,direct,V4_DIRECT_FROZEN_LINEAR_PORTFOLIO,risk_on,2018-01-16,risk_on,0.014599002729317377,0.0,0.0437391304347825,0.4855072463768116,0.07861724696950337,0.7971014492753623,0.7608695652173914,,,{},6290.TWO,2018-01-16,2018-01-17
0.0,0,-66000,-0.04855072463768116,-0.4855072463768116,1.0,D-1 estimated accounting; fill-day constraints require ledger audit,direct,V4_DIRECT_FROZEN_LINEAR_PORTFOLIO,risk_on,2018-01-16,risk_on,0.014599002729317377,0.0,0.0437391304347825,0.4855072463768116,0.07861724696950337,0.7971014492753623,0.7608695652173914,,,{},6415.TW,2018-01-16,2018-01-17
0.02309474738750293,49000,0,-0.04710144927536232,-0.47101449275362317,1.0,D-1 estimated accounting; fill-day constraints require ledger audit,direct,V4_DIRECT_FROZEN_LINEAR_PORTFOLIO,risk_on,2018-01-16,risk_on,0.014599002729317377,0.0,0.0437391304347825,0.4855072463768116,0.07861724696950337,0.7971014492753623,0.7608695652173914,,,{},6548.TWO,2018-01-16,2018-01-17
0.03345473455005125,689000,0,0.02463768115942029,0.24637681159420288,1.0,D-1 estimated accounting; fill-day constraints require ledger audit,direct,V4_DIRECT_FROZEN_LINEAR_PORTFOLIO,risk_on,2018-01-16,risk_on,0.014599002729317377,0.0,0.0437391304347825,0.4855072463768116,0.07861724696950337,0.7971014492753623,0.7608695652173914,,,{},8069.TWO,2018-01-16,2018-01-17
0.04358700892420194,977000,0,-0.0463768115942029,-0.463768115942029,1.0,D-1 estimated accounting; fill-day constraints require ledger audit,direct,V4_DIRECT_FROZEN_LINEAR_PORTFOLIO,risk_on,2018-01-16,risk_on,0.014599002729317377,0.0,0.0437391304347825,0.4855072463768116,0.07861724696950337,0.7971014492753623,0.7608695652173914,,,{},8210.TW,2018-01-16,2018-01-17
0.06362142642767399,2566000,0,-0.01666666666666667,-0.16666666666666669,1.0,D-1 estimated accounting; fill-day constraints require ledger audit,direct,V4_DIRECT_FROZEN_LINEAR_PORTFOLIO,risk_on,2018-01-16,risk_on,0.014599002729317377,0.0,0.0437391304347825,0.4855072463768116,0.07861724696950337,0.7971014492753623,0.7608695652173914,,,{},8415.TWO,2018-01-16,2018-01-17
0.015820255182825097,408000,0,-0.02173913043478261,-0.2173913043478261,1.0,D-1 estimated accounting; fill-day constraints require ledger audit,direct,V4_DIRECT_FROZEN_LINEAR_PORTFOLIO,risk_on,2018-01-17,risk_on,0.01517401596354572,0.013699754890774907,0.045324036095160225,0.7318840579710145,0.08011803100716917,0.7608695652173914,0.7753623188405797,,,{},1101.TW,2018-01-17,2018-01-18
0.05165768870328888,475000,0,-0.02246376811594203,-0.2246376811594203,1.0,D-1 estimated accounting; fill-day constraints require ledger audit,direct,V4_DIRECT_FROZEN_LINEAR_PORTFOLIO,risk_on,2018-01-17,risk_on,0.01517401596354572,0.013699754890774907,0.045324036095160225,0.7318840579710145,0.08011803100716917,0.7608695652173914,0.7753623188405797,,,{},1326.TW,2018-01-17,2018-01-18
0.02720093569474339,1204000,0,0.023913043478260867,0.23913043478260865,1.0,D-1 estimated accounting; fill-day constraints require ledger audit,direct,V4_DIRECT_FROZEN_LINEAR_PORTFOLIO,risk_on,2018-01-17,risk_on,0.01517401596354572,0.013699754890774907,0.045324036095160225,0.7318840579710145,0.08011803100716917,0.7608695652173914,0.7753623188405797,,,{},1519.TW,2018-01-17,2018-01-18
0.0,0,-3752000,-0.04782608695652174,-0.4782608695652174,1.0,D-1 estimated accounting; fill-day constraints require ledger audit,direct,V4_DIRECT_FROZEN_LINEAR_PORTFOLIO,risk_on,2018-01-17,risk_on,0.01517401596354572,0.013699754890774907,0.045324036095160225,0.7318840579710145,0.08011803100716917,0.7608695652173914,0.7753623188405797,,,{},1785.TWO,2018-01-17,2018-01-18
0.06748453262040939,2749000,0,0.0021739130434782596,0.021739130434782594,1.0,D-1 estimated accounting; fill-day constraints require ledger audit,direct,V4_DIRECT_FROZEN_LINEAR_PORTFOLIO,risk_on,2018-01-17,risk_on,0.01517401596354572,0.013699754890774907,0.045324036095160225,0.7318840579710145,0.08011803100716917,0.7608695652173914,0.7753623188405797,,,{},1815.TWO,2018-01-17,2018-01-18
0.0691599823673463,1054000,0,0.035507246376811595,0.35507246376811596,1.0,D-1 estimated accounting; fill-day constraints require ledger audit,direct,V4_DIRECT_FROZEN_LINEAR_PORTFOLIO,risk_on,2018-01-17,risk_on,0.01517401596354572,0.013699754890774907,0.045324036095160225,0.7318840579710145,0.08011803100716917,0.7608695652173914,0.7753623188405797,,,{},2376.TW,2018-01-17,2018-01-18
0.020193967658618608,217000,0,0.04420289855072464,0.44202898550724634,1.0,D-1 estimated accounting; fill-day constraints require ledger audit,direct,V4_DIRECT_FROZEN_LINEAR_PORTFOLIO,risk_on,2018-01-17,risk_on,0.01517401596354572,0.013699754890774907,0.045324036095160225,0.7318840579710145,0.08011803100716917,0.7608695652173914,0.7753623188405797,,,{},2377.TW,2018-01-17,2018-01-18
0.05615900132341413,4691000,0,-0.03188405797101449,-0.3188405797101449,1.0,D-1 estimated accounting; fill-day constraints require ledger audit,direct,V4_DIRECT_FROZEN_LINEAR_PORTFOLIO,risk_on,2018-01-17,risk_on,0.01517401596354572,0.013699754890774907,0.045324036095160225,0.7318840579710145,0.08011803100716917,0.7608695652173914,0.7753623188405797,,,{},2609.TW,2018-01-17,2018-01-18
0.007966835972466564,27000,0,0.006521739130434779,0.06521739130434778,1.0,D-1 estimated accounting; fill-day constraints require ledger audit,direct,V4_DIRECT_FROZEN_LINEAR_PORTFOLIO,risk_on,2018-01-17,risk_on,0.01517401596354572,0.013699754890774907,0.045324036095160225,0.7318840579710145,0.08011803100716917,0.7608695652173914,0.7753623188405797,,,{},2912.TW,2018-01-17,2018-01-18
0.011527820528568869,479000,0,0.016666666666666663,0.16666666666666663,1.0,D-1 estimated accounting; fill-day constraints require ledger audit,direct,V4_DIRECT_FROZEN_LINEAR_PORTFOLIO,risk_on,2018-01-17,risk_on,0.01517401596354572,0.013699754890774907,0.045324036095160225,0.7318840579710145,0.08011803100716917,0.7608695652173914,0.7753623188405797,,,{},3231.TW,2018-01-17,2018-01-18
0.04543709364967366,1133000,0,-0.01666666666666667,-0.16666666666666669,1.0,D-1 estimated accounting; fill-day constraints require ledger audit,direct,V4_DIRECT_FROZEN_LINEAR_PORTFOLIO,risk_on,2018-01-17,risk_on,0.01517401596354572,0.013699754890774907,0.045324036095160225,0.7318840579710145,0.08011803100716917,0.7608695652173914,0.7753623188405797,,,{},3264.TWO,2018-01-17,2018-01-18
0.04748010423806755,3359000,0,0.04927536231884058,0.49275362318840576,1.0,D-1 estimated accounting; fill-day constraints require ledger audit,direct,V4_DIRECT_FROZEN_LINEAR_PORTFOLIO,risk_on,2018-01-17,risk_on,0.01517401596354572,0.013699754890774907,0.045324036095160225,0.7318840579710145,0.08011803100716917,0.7608695652173914,0.7753623188405797,,,{},3481.TW,2018-01-17,2018-01-18
0.07331601513298301,169000,0,-0.01811594202898551,-0.1811594202898551,1.0,D-1 estimated accounting; fill-day constraints require ledger audit,direct,V4_DIRECT_FROZEN_LINEAR_PORTFOLIO,risk_on,2018-01-17,risk_on,0.01517401596354572,0.013699754890774907,0.045324036095160225,0.7318840579710145,0.08011803100716917,0.7608695652173914,0.7753623188405797,,,{},3529.TWO,2018-01-17,2018-01-18
0.04860675265474203,58000,0,0.0427536231884058,0.427536231884058,1.0,D-1 estimated accounting; fill-day constraints require ledger audit,direct,V4_DIRECT_FROZEN_LINEAR_PORTFOLIO,risk_on,2018-01-17,risk_on,0.01517401596354572,0.013699754890774907,0.045324036095160225,0.7318840579710145,0.08011803100716917,0.7608695652173914,0.7753623188405797,,,{},5274.TWO,2018-01-17,2018-01-18
0.03975873633986628,212000,212000,0.04855072463768117,0.48550724637681164,1.0,D-1 estimated accounting; fill-day constraints require ledger audit,direct,V4_DIRECT_FROZEN_LINEAR_PORTFOLIO,risk_on,2018-01-17,risk_on,0.01517401596354572,0.013699754890774907,0.045324036095160225,0.7318840579710145,0.08011803100716917,0.7608695652173914,0.7753623188405797,,,{},6121.TWO,2018-01-17,2018-01-18
0.029495399543518257,814000,0,-0.03768115942028986,-0.37681159420289856,1.0,D-1 estimated accounting; fill-day constraints require ledger audit,direct,V4_DIRECT_FROZEN_LINEAR_PORTFOLIO,risk_on,2018-01-17,risk_on,0.01517401596354572,0.013699754890774907,0.045324036095160225,0.7318840579710145,0.08011803100716917,0.7608695652173914,0.7753623188405797,,,{},6139.TW,2018-01-17,2018-01-18
0.05492212992041604,846000,0,0.04710144927536232,0.47101449275362317,1.0,D-1 estimated accounting; fill-day constraints require ledger audit,direct,V4_DIRECT_FROZEN_LINEAR_PORTFOLIO,risk_on,2018-01-17,risk_on,0.01517401596354572,0.013699754890774907,0.045324036095160225,0.7318840579710145,0.08011803100716917,0.7608695652173914,0.7753623188405797,,,{},6147.TWO,2018-01-17,2018-01-18
0.07357704972071724,786000,0,0.03985507246376812,0.39855072463768115,1.0,D-1 estimated accounting; fill-day constraints require ledger audit,direct,V4_DIRECT_FROZEN_LINEAR_PORTFOLIO,risk_on,2018-01-17,risk_on,0.01517401596354572,0.013699754890774907,0.045324036095160225,0.7318840579710145,0.08011803100716917,0.7608695652173914,0.7753623188405797,,,{},6274.TWO,2018-01-17,2018-01-18
0.005774296322543993,73000,0,0.05,0.5,1.0,D-1 estimated accounting; fill-day constraints require ledger audit,direct,V4_DIRECT_FROZEN_LINEAR_PORTFOLIO,risk_on,2018-01-17,risk_on,0.01517401596354572,0.013699754890774907,0.045324036095160225,0.7318840579710145,0.08011803100716917,0.7608695652173914,0.7753623188405797,,,{},6290.TWO,2018-01-17,2018-01-18
0.022979342508083245,49000,0,-0.042028985507246375,-0.42028985507246375,1.0,D-1 estimated accounting; fill-day constraints require ledger audit,direct,V4_DIRECT_FROZEN_LINEAR_PORTFOLIO,risk_on,2018-01-17,risk_on,0.01517401596354572,0.013699754890774907,0.045324036095160225,0.7318840579710145,0.08011803100716917,0.7608695652173914,0.7753623188405797,,,{},6548.TWO,2018-01-17,2018-01-18
0.033499790828997233,689000,0,-0.0391304347826087,-0.391304347826087,1.0,D-1 estimated accounting; fill-day constraints require ledger audit,direct,V4_DIRECT_FROZEN_LINEAR_PORTFOLIO,risk_on,2018-01-17,risk_on,0.01517401596354572,0.013699754890774907,0.045324036095160225,0.7318840579710145,0.08011803100716917,0.7608695652173914,0.7753623188405797,,,{},8069.TWO,2018-01-17,2018-01-18
0.04355932952332232,977000,0,-0.03985507246376812,-0.39855072463768115,1.0,D-1 estimated accounting; fill-day constraints require ledger audit,direct,V4_DIRECT_FROZEN_LINEAR_PORTFOLIO,risk_on,2018-01-17,risk_on,0.01517401596354572,0.013699754890774907,0.045324036095160225,0.7318840579710145,0.08011803100716917,0.7608695652173914,0.7753623188405797,,,{},8210.TW,2018-01-17,2018-01-18
0.062734759332961,2566000,0,-0.034782608695652174,-0.34782608695652173,1.0,D-1 estimated accounting; fill-day constraints require ledger audit,direct,V4_DIRECT_FROZEN_LINEAR_PORTFOLIO,risk_on,2018-01-17,risk_on,0.01517401596354572,0.013699754890774907,0.045324036095160225,0.7318840579710145,0.08011803100716917,0.7608695652173914,0.7753623188405797,,,{},8415.TWO,2018-01-17,2018-01-18
0.015683626834380633,408000,0,-0.010869565217391304,-0.10869565217391303,1.0,D-1 estimated accounting; fill-day constraints require ledger audit,direct,V4_DIRECT_FROZEN_LINEAR_PORTFOLIO,risk_on,2018-01-18,risk_on,0.014535170562396438,0.014249209768769533,0.044889767102890055,0.7536231884057971,0.07787177957651528,0.7536231884057971,0.7681159420289855,,,{},1101.TW,2018-01-18,2018-01-19
0.05257334075030639,475000,0,-0.02463768115942029,-0.24637681159420288,1.0,D-1 estimated accounting; fill-day constraints require ledger audit,direct,V4_DIRECT_FROZEN_LINEAR_PORTFOLIO,risk_on,2018-01-18,risk_on,0.014535170562396438,0.014249209768769533,0.044889767102890055,0.7536231884057971,0.07787177957651528,0.7536231884057971,0.7681159420289855,,,{},1326.TW,2018-01-18,2018-01-19
0.026879305348158272,1204000,0,-0.01666666666666667,-0.16666666666666669,1.0,D-1 estimated accounting; fill-day constraints require ledger audit,direct,V4_DIRECT_FROZEN_LINEAR_PORTFOLIO,risk_on,2018-01-18,risk_on,0.014535170562396438,0.014249209768769533,0.044889767102890055,0.7536231884057971,0.07787177957651528,0.7536231884057971,0.7681159420289855,,,{},1519.TW,2018-01-18,2018-01-19
0.06609835111882863,2749000,0,0.0050724637681159425,0.050724637681159424,1.0,D-1 estimated accounting; fill-day constraints require ledger audit,direct,V4_DIRECT_FROZEN_LINEAR_PORTFOLIO,risk_on,2018-01-18,risk_on,0.014535170562396438,0.014249209768769533,0.044889767102890055,0.7536231884057971,0.07787177957651528,0.7536231884057971,0.7681159420289855,,,{},1815.TWO,2018-01-18,2018-01-19
0.0,0,-1054000,-0.04710144927536232,-0.47101449275362317,1.0,D-1 estimated accounting; fill-day constraints require ledger audit,direct,V4_DIRECT_FROZEN_LINEAR_PORTFOLIO,risk_on,2018-01-18,risk_on,0.014535170562396438,0.014249209768769533,0.044889767102890055,0.7536231884057971,0.07787177957651528,0.7536231884057971,0.7681159420289855,,,{},2376.TW,2018-01-18,2018-01-19
0.0198338721196602,217000,0,-0.02246376811594203,-0.2246376811594203,1.0,D-1 estimated accounting; fill-day constraints require ledger audit,direct,V4_DIRECT_FROZEN_LINEAR_PORTFOLIO,risk_on,2018-01-18,risk_on,0.014535170562396438,0.014249209768769533,0.044889767102890055,0.7536231884057971,0.07787177957651528,0.7536231884057971,0.7681159420289855,,,{},2377.TW,2018-01-18,2018-01-19
0.0566300881688564,4691000,0,-0.02681159420289855,-0.2681159420289855,1.0,D-1 estimated accounting; fill-day constraints require ledger audit,direct,V4_DIRECT_FROZEN_LINEAR_PORTFOLIO,risk_on,2018-01-18,risk_on,0.014535170562396438,0.014249209768769533,0.044889767102890055,0.7536231884057971,0.07787177957651528,0.7536231884057971,0.7681159420289855,,,{},2609.TW,2018-01-18,2018-01-19
0.008117349373509814,27000,0,0.01376811594202898,0.1376811594202898,1.0,D-1 estimated accounting; fill-day constraints require ledger audit,direct,V4_DIRECT_FROZEN_LINEAR_PORTFOLIO,risk_on,2018-01-18,risk_on,0.014535170562396438,0.014249209768769533,0.044889767102890055,0.7536231884057971,0.07787177957651528,0.7536231884057971,0.7681159420289855,,,{},2912.TW,2018-01-18,2018-01-19
0.011551563803086716,479000,0,-0.004347826086956524,-0.043478260869565244,1.0,D-1 estimated accounting; fill-day constraints require ledger audit,direct,V4_DIRECT_FROZEN_LINEAR_PORTFOLIO,risk_on,2018-01-18,risk_on,0.014535170562396438,0.014249209768769533,0.044889767102890055,0.7536231884057971,0.07787177957651528,0.7536231884057971,0.7681159420289855,,,{},3231.TW,2018-01-18,2018-01-19
0.045588286805964294,1133000,0,-0.042028985507246375,-0.42028985507246375,1.0,D-1 estimated accounting; fill-day constraints require ledger audit,direct,V4_DIRECT_FROZEN_LINEAR_PORTFOLIO,risk_on,2018-01-18,risk_on,0.014535170562396438,0.014249209768769533,0.044889767102890055,0.7536231884057971,0.07787177957651528,0.7536231884057971,0.7681159420289855,,,{},3264.TWO,2018-01-18,2018-01-19
0.08390159259671072,278000,278000,0.04927536231884058,0.49275362318840576,1.0,D-1 estimated accounting; fill-day constraints require ledger audit,direct,V4_DIRECT_FROZEN_LINEAR_PORTFOLIO,risk_on,2018-01-18,risk_on,0.014535170562396438,0.014249209768769533,0.044889767102890055,0.7536231884057971,0.07787177957651528,0.7536231884057971,0.7681159420289855,,,{},3443.TW,2018-01-18,2018-01-19
0.04753761716004646,3359000,0,0.04855072463768117,0.48550724637681164,1.0,D-1 estimated accounting; fill-day constraints require ledger audit,direct,V4_DIRECT_FROZEN_LINEAR_PORTFOLIO,risk_on,2018-01-18,risk_on,0.014535170562396438,0.014249209768769533,0.044889767102890055,0.7536231884057971,0.07787177957651528,0.7536231884057971,0.7681159420289855,,,{},3481.TW,2018-01-18,2018-01-19
0.07444682052417276,169000,0,-0.011594202898550727,-0.11594202898550726,1.0,D-1 estimated accounting; fill-day constraints require ledger audit,direct,V4_DIRECT_FROZEN_LINEAR_PORTFOLIO,risk_on,2018-01-18,risk_on,0.014535170562396438,0.014249209768769533,0.044889767102890055,0.7536231884057971,0.07787177957651528,0.7536231884057971,0.7681159420289855,,,{},3529.TWO,2018-01-18,2018-01-19
0.046700244483811944,58000,0,0.023913043478260867,0.23913043478260865,1.0,D-1 estimated accounting; fill-day constraints require ledger audit,direct,V4_DIRECT_FROZEN_LINEAR_PORTFOLIO,risk_on,2018-01-18,risk_on,0.014535170562396438,0.014249209768769533,0.044889767102890055,0.7536231884057971,0.07787177957651528,0.7536231884057971,0.7681159420289855,,,{},5274.TWO,2018-01-18,2018-01-19
0.04073889962056706,212000,0,0.04782608695652174,0.4782608695652174,1.0,D-1 estimated accounting; fill-day constraints require ledger audit,direct,V4_DIRECT_FROZEN_LINEAR_PORTFOLIO,risk_on,2018-01-18,risk_on,0.014535170562396438,0.014249209768769533,0.044889767102890055,0.7536231884057971,0.07787177957651528,0.7536231884057971,0.7681159420289855,,,{},6121.TWO,2018-01-18,2018-01-19
0.029825439104845627,814000,0,-0.03768115942028986,-0.37681159420289856,1.0,D-1 estimated accounting; fill-day constraints require ledger audit,direct,V4_DIRECT_FROZEN_LINEAR_PORTFOLIO,risk_on,2018-01-18,risk_on,0.014535170562396438,0.014249209768769533,0.044889767102890055,0.7536231884057971,0.07787177957651528,0.7536231884057971,0.7681159420289855,,,{},6139.TW,2018-01-18,2018-01-19
0.05624149003764846,846000,0,0.04420289855072464,0.44202898550724634,1.0,D-1 estimated accounting; fill-day constraints require ledger audit,direct,V4_DIRECT_FROZEN_LINEAR_PORTFOLIO,risk_on,2018-01-18,risk_on,0.014535170562396438,0.014249209768769533,0.044889767102890055,0.7536231884057971,0.07787177957651528,0.7536231884057971,0.7681159420289855,,,{},6147.TWO,2018-01-18,2018-01-19
0.0729975655516764,786000,0,0.027536231884057974,0.2753623188405797,1.0,D-1 estimated accounting; fill-day constraints require ledger audit,direct,V4_DIRECT_FROZEN_LINEAR_PORTFOLIO,risk_on,2018-01-18,risk_on,0.014535170562396438,0.014249209768769533,0.044889767102890055,0.7536231884057971,0.07787177957651528,0.7536231884057971,0.7681159420289855,,,{},6274.TWO,2018-01-18,2018-01-19
0.005889833069326427,73000,0,0.05,0.5,1.0,D-1 estimated accounting; fill-day constraints require ledger audit,direct,V4_DIRECT_FROZEN_LINEAR_PORTFOLIO,risk_on,2018-01-18,risk_on,0.014535170562396438,0.014249209768769533,0.044889767102890055,0.7536231884057971,0.07787177957651528,0.7536231884057971,0.7681159420289855,,,{},6290.TWO,2018-01-18,2018-01-19
0.023121893112378986,49000,0,-0.03985507246376812,-0.39855072463768115,1.0,D-1 estimated accounting; fill-day constraints require ledger audit,direct,V4_DIRECT_FROZEN_LINEAR_PORTFOLIO,risk_on,2018-01-18,risk_on,0.014535170562396438,0.014249209768769533,0.044889767102890055,0.7536231884057971,0.07787177957651528,0.7536231884057971,0.7681159420289855,,,{},6548.TWO,2018-01-18,2018-01-19
0.03311637635866392,689000,0,-0.043478260869565216,-0.43478260869565216,1.0,D-1 estimated accounting; fill-day constraints require ledger audit,direct,V4_DIRECT_FROZEN_LINEAR_PORTFOLIO,risk_on,2018-01-18,risk_on,0.014535170562396438,0.014249209768769533,0.044889767102890055,0.7536231884057971,0.07787177957651528,0.7536231884057971,0.7681159420289855,,,{},8069.TWO,2018-01-18,2018-01-19
0.04437091262906735,977000,0,-0.017391304347826087,-0.17391304347826086,1.0,D-1 estimated accounting; fill-day constraints require ledger audit,direct,V4_DIRECT_FROZEN_LINEAR_PORTFOLIO,risk_on,2018-01-18,risk_on,0.014535170562396438,0.014249209768769533,0.044889767102890055,0.7536231884057971,0.07787177957651528,0.7536231884057971,0.7681159420289855,,,{},8210.TW,2018-01-18,2018-01-19
0.06234983981910089,2566000,0,-0.0463768115942029,-0.463768115942029,1.0,D-1 estimated accounting; fill-day constraints require ledger audit,direct,V4_DIRECT_FROZEN_LINEAR_PORTFOLIO,risk_on,2018-01-18,risk_on,0.014535170562396438,0.014249209768769533,0.044889767102890055,0.7536231884057971,0.07787177957651528,0.7536231884057971,0.7681159420289855,,,{},8415.TWO,2018-01-18,2018-01-19
0.015662068293700145,408000,0,-0.005797101449275361,-0.0579710144927536,1.0,D-1 estimated accounting; fill-day constraints require ledger audit,direct,V4_DIRECT_FROZEN_LINEAR_PORTFOLIO,risk_on,2018-01-19,risk_on,0.015015216125090153,0.010572772123658924,0.04755255963557303,0.6521739130434783,0.07423176065712979,0.7681159420289855,0.7753623188405797,,,{},1101.TW,2018-01-19,2018-01-22
0.05171027269583682,475000,0,-0.027536231884057974,-0.2753623188405797,1.0,D-1 estimated accounting; fill-day constraints require ledger audit,direct,V4_DIRECT_FROZEN_LINEAR_PORTFOLIO,risk_on,2018-01-19,risk_on,0.015015216125090153,0.010572772123658924,0.04755255963557303,0.6521739130434783,0.07423176065712979,0.7681159420289855,0.7753623188405797,,,{},1326.TW,2018-01-19,2018-01-22
0.026319546265270354,1204000,0,-0.034057971014492754,-0.34057971014492755,1.0,D-1 estimated accounting; fill-day constraints require ledger audit,direct,V4_DIRECT_FROZEN_LINEAR_PORTFOLIO,risk_on,2018-01-19,risk_on,0.015015216125090153,0.010572772123658924,0.04755255963557303,0.6521739130434783,0.07423176065712979,0.7681159420289855,0.7753623188405797,,,{},1519.TW,2018-01-19,2018-01-22
0.06647670232411727,2749000,0,0.01086956521739131,0.10869565217391308,1.0,D-1 estimated accounting; fill-day constraints require ledger audit,direct,V4_DIRECT_FROZEN_LINEAR_PORTFOLIO,risk_on,2018-01-19,risk_on,0.015015216125090153,0.010572772123658924,0.04755255963557303,0.6521739130434783,0.07423176065712979,0.7681159420289855,0.7753623188405797,,,{},1815.TWO,2018-01-19,2018-01-22
0.019802481363969497,217000,0,0.02246376811594203,0.2246376811594203,1.0,D-1 estimated accounting; fill-day constraints require ledger audit,direct,V4_DIRECT_FROZEN_LINEAR_PORTFOLIO,risk_on,2018-01-19,risk_on,0.015015216125090153,0.010572772123658924,0.04755255963557303,0.6521739130434783,0.07423176065712979,0.7681159420289855,0.7753623188405797,,,{},2377.TW,2018-01-19,2018-01-22
0.05600303589092936,4691000,0,-0.034782608695652174,-0.34782608695652173,1.0,D-1 estimated accounting; fill-day constraints require ledger audit,direct,V4_DIRECT_FROZEN_LINEAR_PORTFOLIO,risk_on,2018-01-19,risk_on,0.015015216125090153,0.010572772123658924,0.04755255963557303,0.6521739130434783,0.07423176065712979,0.7681159420289855,0.7753623188405797,,,{},2609.TW,2018-01-19,2018-01-22
0.007998128647963414,27000,0,0.0,0.0,1.0,D-1 estimated accounting; fill-day constraints require ledger audit,direct,V4_DIRECT_FROZEN_LINEAR_PORTFOLIO,risk_on,2018-01-19,risk_on,0.015015216125090153,0.010572772123658924,0.04755255963557303,0.6521739130434783,0.07423176065712979,0.7681159420289855,0.7753623188405797,,,{},2912.TW,2018-01-19,2018-01-22
0.01154472018256737,479000,0,-0.021014492753623187,-0.21014492753623187,1.0,D-1 estimated accounting; fill-day constraints require ledger audit,direct,V4_DIRECT_FROZEN_LINEAR_PORTFOLIO,risk_on,2018-01-19,risk_on,0.015015216125090153,0.010572772123658924,0.04755255963557303,0.6521739130434783,0.07423176065712979,0.7681159420289855,0.7753623188405797,,,{},3231.TW,2018-01-19,2018-01-22
0.04592423043032848,1133000,0,-0.031159420289855074,-0.3115942028985507,1.0,D-1 estimated accounting; fill-day constraints require ledger audit,direct,V4_DIRECT_FROZEN_LINEAR_PORTFOLIO,risk_on,2018-01-19,risk_on,0.015015216125090153,0.010572772123658924,0.04755255963557303,0.6521739130434783,0.07423176065712979,0.7681159420289855,0.7753623188405797,,,{},3264.TWO,2018-01-19,2018-01-22
0.0863522227253526,278000,0,0.05,0.5,1.0,D-1 estimated accounting; fill-day constraints require ledger audit,direct,V4_DIRECT_FROZEN_LINEAR_PORTFOLIO,risk_on,2018-01-19,risk_on,0.015015216125090153,0.010572772123658924,0.04755255963557303,0.6521739130434783,0.07423176065712979,0.7681159420289855,0.7753623188405797,,,{},3443.TW,2018-01-19,2018-01-22
0.04825927934712789,3359000,0,0.04710144927536232,0.47101449275362317,1.0,D-1 estimated accounting; fill-day constraints require ledger audit,direct,V4_DIRECT_FROZEN_LINEAR_PORTFOLIO,risk_on,2018-01-19,risk_on,0.015015216125090153,0.010572772123658924,0.04755255963557303,0.6521739130434783,0.07423176065712979,0.7681159420289855,0.7753623188405797,,,{},3481.TW,2018-01-19,2018-01-22
0.07501802087595724,169000,0,-0.000724637681159418,-0.00724637681159418,1.0,D-1 estimated accounting; fill-day constraints require ledger audit,direct,V4_DIRECT_FROZEN_LINEAR_PORTFOLIO,risk_on,2018-01-19,risk_on,0.015015216125090153,0.010572772123658924,0.04755255963557303,0.6521739130434783,0.07423176065712979,0.7681159420289855,0.7753623188405797,,,{},3529.TWO,2018-01-19,2018-01-22
0.06867136353459308,646000,646000,0.04927536231884058,0.49275362318840576,1.0,D-1 estimated accounting; fill-day constraints require ledger audit,direct,V4_DIRECT_FROZEN_LINEAR_PORTFOLIO,risk_on,2018-01-19,risk_on,0.015015216125090153,0.010572772123658924,0.04755255963557303,0.6521739130434783,0.07423176065712979,0.7681159420289855,0.7753623188405797,,,{},3661.TW,2018-01-19,2018-01-22
0.04533174929250764,58000,0,0.002898550724637683,0.02898550724637683,1.0,D-1 estimated accounting; fill-day constraints require ledger audit,direct,V4_DIRECT_FROZEN_LINEAR_PORTFOLIO,risk_on,2018-01-19,risk_on,0.015015216125090153,0.010572772123658924,0.04755255963557303,0.6521739130434783,0.07423176065712979,0.7681159420289855,0.7753623188405797,,,{},5274.TWO,2018-01-19,2018-01-22
0.04138162213511506,212000,0,0.04855072463768117,0.48550724637681164,1.0,D-1 estimated accounting; fill-day constraints require ledger audit,direct,V4_DIRECT_FROZEN_LINEAR_PORTFOLIO,risk_on,2018-01-19,risk_on,0.015015216125090153,0.010572772123658924,0.04755255963557303,0.6521739130434783,0.07423176065712979,0.7681159420289855,0.7753623188405797,,,{},6121.TWO,2018-01-19,2018-01-22
0.029827544458161135,814000,0,-0.02028985507246377,-0.2028985507246377,1.0,D-1 estimated accounting; fill-day constraints require ledger audit,direct,V4_DIRECT_FROZEN_LINEAR_PORTFOLIO,risk_on,2018-01-19,risk_on,0.015015216125090153,0.010572772123658924,0.04755255963557303,0.6521739130434783,0.07423176065712979,0.7681159420289855,0.7753623188405797,,,{},6139.TW,2018-01-19,2018-01-22
0.056775155630446585,846000,0,0.0427536231884058,0.427536231884058,1.0,D-1 estimated accounting; fill-day constraints require ledger audit,direct,V4_DIRECT_FROZEN_LINEAR_PORTFOLIO,risk_on,2018-01-19,risk_on,0.015015216125090153,0.010572772123658924,0.04755255963557303,0.6521739130434783,0.07423176065712979,0.7681159420289855,0.7753623188405797,,,{},6147.TWO,2018-01-19,2018-01-22
0.07160759352994027,786000,0,-0.043478260869565216,-0.43478260869565216,1.0,D-1 estimated accounting; fill-day constraints require ledger audit,direct,V4_DIRECT_FROZEN_LINEAR_PORTFOLIO,risk_on,2018-01-19,risk_on,0.015015216125090153,0.010572772123658924,0.04755255963557303,0.6521739130434783,0.07423176065712979,0.7681159420289855,0.7753623188405797,,,{},6274.TWO,2018-01-19,2018-01-22
0.005985508639094075,73000,0,0.045652173913043485,0.4565217391304348,1.0,D-1 estimated accounting; fill-day constraints require ledger audit,direct,V4_DIRECT_FROZEN_LINEAR_PORTFOLIO,risk_on,2018-01-19,risk_on,0.015015216125090153,0.010572772123658924,0.04755255963557303,0.6521739130434783,0.07423176065712979,0.7681159420289855,0.7753623188405797,,,{},6290.TWO,2018-01-19,2018-01-22
0.023059648126249995,49000,0,-0.03840579710144928,-0.38405797101449274,1.0,D-1 estimated accounting; fill-day constraints require ledger audit,direct,V4_DIRECT_FROZEN_LINEAR_PORTFOLIO,risk_on,2018-01-19,risk_on,0.015015216125090153,0.010572772123658924,0.04755255963557303,0.6521739130434783,0.07423176065712979,0.7681159420289855,0.7753623188405797,,,{},6548.TWO,2018-01-19,2018-01-22
0.034038619256311624,689000,0,-0.03768115942028986,-0.37681159420289856,1.0,D-1 estimated accounting; fill-day constraints require ledger audit,direct,V4_DIRECT_FROZEN_LINEAR_PORTFOLIO,risk_on,2018-01-19,risk_on,0.015015216125090153,0.010572772123658924,0.04755255963557303,0.6521739130434783,0.07423176065712979,0.7681159420289855,0.7753623188405797,,,{},8069.TWO,2018-01-19,2018-01-22
0.044894223203623004,977000,0,0.010144927536231885,0.10144927536231885,1.0,D-1 estimated accounting; fill-day constraints require ledger audit,direct,V4_DIRECT_FROZEN_LINEAR_PORTFOLIO,risk_on,2018-01-19,risk_on,0.015015216125090153,0.010572772123658924,0.04755255963557303,0.6521739130434783,0.07423176065712979,0.7681159420289855,0.7753623188405797,,,{},8210.TW,2018-01-19,2018-01-22
0.0,0,-2566000,-0.0463768115942029,-0.463768115942029,1.0,D-1 estimated accounting; fill-day constraints require ledger audit,direct,V4_DIRECT_FROZEN_LINEAR_PORTFOLIO,risk_on,2018-01-19,risk_on,0.015015216125090153,0.010572772123658924,0.04755255963557303,0.6521739130434783,0.07423176065712979,0.7681159420289855,0.7753623188405797,,,{},8415.TWO,2018-01-19,2018-01-22
0.015417976414483411,408000,0,-0.012318840579710146,-0.12318840579710144,1.0,D-1 estimated accounting; fill-day constraints require ledger audit,direct,V4_DIRECT_FROZEN_LINEAR_PORTFOLIO,risk_on,2018-01-22,risk_on,0.015681662219554283,0.004524551841205371,0.041744474369365125,0.5579710144927537,0.08482458376538268,0.7101449275362319,0.7608695652173914,,,{},1101.TW,2018-01-22,2018-01-23
0.05168284965451578,475000,0,-0.008695652173913044,-0.08695652173913043,1.0,D-1 estimated accounting; fill-day constraints require ledger audit,direct,V4_DIRECT_FROZEN_LINEAR_PORTFOLIO,risk_on,2018-01-22,risk_on,0.015681662219554283,0.004524551841205371,0.041744474369365125,0.5579710144927537,0.08482458376538268,0.7101449275362319,0.7608695652173914,,,{},1326.TW,2018-01-22,2018-01-23
0.026063694136975162,1204000,0,-0.004347826086956524,-0.043478260869565244,1.0,D-1 estimated accounting; fill-day constraints require ledger audit,direct,V4_DIRECT_FROZEN_LINEAR_PORTFOLIO,risk_on,2018-01-22,risk_on,0.015681662219554283,0.004524551841205371,0.041744474369365125,0.5579710144927537,0.08482458376538268,0.7101449275362319,0.7608695652173914,,,{},1519.TW,2018-01-22,2018-01-23
0.0,0,-2749000,-0.04855072463768116,-0.4855072463768116,1.0,D-1 estimated accounting; fill-day constraints require ledger audit,direct,V4_DIRECT_FROZEN_LINEAR_PORTFOLIO,risk_on,2018-01-22,risk_on,0.015681662219554283,0.004524551841205371,0.041744474369365125,0.5579710144927537,0.08482458376538268,0.7101449275362319,0.7608695652173914,,,{},1815.TWO,2018-01-22,2018-01-23
0.019476236082292413,217000,0,0.021739130434782608,0.21739130434782605,1.0,D-1 estimated accounting; fill-day constraints require ledger audit,direct,V4_DIRECT_FROZEN_LINEAR_PORTFOLIO,risk_on,2018-01-22,risk_on,0.015681662219554283,0.004524551841205371,0.041744474369365125,0.5579710144927537,0.08482458376538268,0.7101449275362319,0.7608695652173914,,,{},2377.TW,2018-01-22,2018-01-23
0.0549691497614561,4691000,0,-0.03188405797101449,-0.3188405797101449,1.0,D-1 estimated accounting; fill-day constraints require ledger audit,direct,V4_DIRECT_FROZEN_LINEAR_PORTFOLIO,risk_on,2018-01-22,risk_on,0.015681662219554283,0.004524551841205371,0.041744474369365125,0.5579710144927537,0.08482458376538268,0.7101449275362319,0.7608695652173914,,,{},2609.TW,2018-01-22,2018-01-23
0.007870168357755057,27000,0,-0.0021739130434782596,-0.021739130434782594,1.0,D-1 estimated accounting; fill-day constraints require ledger audit,direct,V4_DIRECT_FROZEN_LINEAR_PORTFOLIO,risk_on,2018-01-22,risk_on,0.015681662219554283,0.004524551841205371,0.041744474369365125,0.5579710144927537,0.08482458376538268,0.7101449275362319,0.7608695652173914,,,{},2912.TW,2018-01-22,2018-01-23
0.011618881365766014,479000,0,0.009420289855072463,0.09420289855072461,1.0,D-1 estimated accounting; fill-day constraints require ledger audit,direct,V4_DIRECT_FROZEN_LINEAR_PORTFOLIO,risk_on,2018-01-22,risk_on,0.015681662219554283,0.004524551841205371,0.041744474369365125,0.5579710144927537,0.08482458376538268,0.7101449275362319,0.7608695652173914,,,{},3231.TW,2018-01-22,2018-01-23
0.044590050507720094,1133000,0,-0.036231884057971016,-0.36231884057971014,1.0,D-1 estimated accounting; fill-day constraints require ledger audit,direct,V4_DIRECT_FROZEN_LINEAR_PORTFOLIO,risk_on,2018-01-22,risk_on,0.015681662219554283,0.004524551841205371,0.041744474369365125,0.5579710144927537,0.08482458376538268,0.7101449275362319,0.7608695652173914,,,{},3264.TWO,2018-01-22,2018-01-23
0.09358894091009465,278000,0,0.05,0.5,1.0,D-1 estimated accounting; fill-day constraints require ledger audit,direct,V4_DIRECT_FROZEN_LINEAR_PORTFOLIO,risk_on,2018-01-22,risk_on,0.015681662219554283,0.004524551841205371,0.041744474369365125,0.5579710144927537,0.08482458376538268,0.7101449275362319,0.7608695652173914,,,{},3443.TW,2018-01-22,2018-01-23
0.04890991786240361,3359000,0,0.045652173913043485,0.4565217391304348,1.0,D-1 estimated accounting; fill-day constraints require ledger audit,direct,V4_DIRECT_FROZEN_LINEAR_PORTFOLIO,risk_on,2018-01-22,risk_on,0.015681662219554283,0.004524551841205371,0.041744474369365125,0.5579710144927537,0.08482458376538268,0.7101449275362319,0.7608695652173914,,,{},3481.TW,2018-01-22,2018-01-23
0.07318583482608752,169000,0,-0.028260869565217395,-0.28260869565217395,1.0,D-1 estimated accounting; fill-day constraints require ledger audit,direct,V4_DIRECT_FROZEN_LINEAR_PORTFOLIO,risk_on,2018-01-22,risk_on,0.015681662219554283,0.004524551841205371,0.041744474369365125,0.5579710144927537,0.08482458376538268,0.7101449275362319,0.7608695652173914,,,{},3529.TWO,2018-01-22,2018-01-23
0.0722031232750495,646000,0,0.04855072463768117,0.48550724637681164,1.0,D-1 estimated accounting; fill-day constraints require ledger audit,direct,V4_DIRECT_FROZEN_LINEAR_PORTFOLIO,risk_on,2018-01-22,risk_on,0.015681662219554283,0.004524551841205371,0.041744474369365125,0.5579710144927537,0.08482458376538268,0.7101449275362319,0.7608695652173914,,,{},3661.TW,2018-01-22,2018-01-23
0.046434242603385745,58000,0,0.042028985507246375,0.42028985507246375,1.0,D-1 estimated accounting; fill-day constraints require ledger audit,direct,V4_DIRECT_FROZEN_LINEAR_PORTFOLIO,risk_on,2018-01-22,risk_on,0.015681662219554283,0.004524551841205371,0.041744474369365125,0.5579710144927537,0.08482458376538268,0.7101449275362319,0.7608695652173914,,,{},5274.TWO,2018-01-22,2018-01-23
0.05756705319740799,591000,591000,0.04927536231884058,0.49275362318840576,1.0,D-1 estimated accounting; fill-day constraints require ledger audit,direct,V4_DIRECT_FROZEN_LINEAR_PORTFOLIO,risk_on,2018-01-22,risk_on,0.015681662219554283,0.004524551841205371,0.041744474369365125,0.5579710144927537,0.08482458376538268,0.7101449275362319,0.7608695652173914,,,{},5483.TWO,2018-01-22,2018-01-23
0.04227379788616769,212000,0,0.0463768115942029,0.46376811594202894,1.0,D-1 estimated accounting; fill-day constraints require ledger audit,direct,V4_DIRECT_FROZEN_LINEAR_PORTFOLIO,risk_on,2018-01-22,risk_on,0.015681662219554283,0.004524551841205371,0.041744474369365125,0.5579710144927537,0.08482458376538268,0.7101449275362319,0.7608695652173914,,,{},6121.TWO,2018-01-22,2018-01-23
0.02907659501559905,814000,0,-0.025362318840579712,-0.2536231884057971,1.0,D-1 estimated accounting; fill-day constraints require ledger audit,direct,V4_DIRECT_FROZEN_LINEAR_PORTFOLIO,risk_on,2018-01-22,risk_on,0.015681662219554283,0.004524551841205371,0.041744474369365125,0.5579710144927537,0.08482458376538268,0.7101449275362319,0.7608695652173914,,,{},6139.TW,2018-01-22,2018-01-23
0.056386203863324554,846000,0,0.02898550724637681,0.28985507246376807,1.0,D-1 estimated accounting; fill-day constraints require ledger audit,direct,V4_DIRECT_FROZEN_LINEAR_PORTFOLIO,risk_on,2018-01-22,risk_on,0.015681662219554283,0.004524551841205371,0.041744474369365125,0.5579710144927537,0.08482458376538268,0.7101449275362319,0.7608695652173914,,,{},6147.TWO,2018-01-22,2018-01-23
0.07058471551519693,786000,0,-0.0427536231884058,-0.427536231884058,1.0,D-1 estimated accounting; fill-day constraints require ledger audit,direct,V4_DIRECT_FROZEN_LINEAR_PORTFOLIO,risk_on,2018-01-22,risk_on,0.015681662219554283,0.004524551841205371,0.041744474369365125,0.5579710144927537,0.08482458376538268,0.7101449275362319,0.7608695652173914,,,{},6274.TWO,2018-01-22,2018-01-23
0.005900008695691763,73000,0,0.03985507246376812,0.39855072463768115,1.0,D-1 estimated accounting; fill-day constraints require ledger audit,direct,V4_DIRECT_FROZEN_LINEAR_PORTFOLIO,risk_on,2018-01-22,risk_on,0.015681662219554283,0.004524551841205371,0.041744474369365125,0.5579710144927537,0.08482458376538268,0.7101449275362319,0.7608695652173914,,,{},6290.TWO,2018-01-22,2018-01-23
0.023421291966406254,49000,0,0.01086956521739131,0.10869565217391308,1.0,D-1 estimated accounting; fill-day constraints require ledger audit,direct,V4_DIRECT_FROZEN_LINEAR_PORTFOLIO,risk_on,2018-01-22,risk_on,0.015681662219554283,0.004524551841205371,0.041744474369365125,0.5579710144927537,0.08482458376538268,0.7101449275362319,0.7608695652173914,,,{},6548.TWO,2018-01-22,2018-01-23
0.0367151206607147,689000,0,0.04420289855072464,0.44202898550724634,1.0,D-1 estimated accounting; fill-day constraints require ledger audit,direct,V4_DIRECT_FROZEN_LINEAR_PORTFOLIO,risk_on,2018-01-22,risk_on,0.015681662219554283,0.004524551841205371,0.041744474369365125,0.5579710144927537,0.08482458376538268,0.7101449275362319,0.7608695652173914,,,{},8069.TWO,2018-01-22,2018-01-23
0.04386303840820407,977000,0,0.011594202898550721,0.1159420289855072,1.0,D-1 estimated accounting; fill-day constraints require ledger audit,direct,V4_DIRECT_FROZEN_LINEAR_PORTFOLIO,risk_on,2018-01-22,risk_on,0.015681662219554283,0.004524551841205371,0.041744474369365125,0.5579710144927537,0.08482458376538268,0.7101449275362319,0.7608695652173914,,,{},8210.TW,2018-01-22,2018-01-23
0.01537580751376612,408000,0,-0.03260869565217391,-0.32608695652173914,1.0,D-1 estimated accounting; fill-day constraints require ledger audit,direct,V4_DIRECT_FROZEN_LINEAR_PORTFOLIO,risk_on,2018-01-23,risk_on,0.01585648921090094,0.0039255902562944645,0.04468926473307655,0.5434782608695652,0.07705538275605076,0.7028985507246377,0.7536231884057971,,,{},1101.TW,2018-01-23,2018-01-24
0.05230148982478505,475000,0,0.0021739130434782596,0.021739130434782594,1.0,D-1 estimated accounting; fill-day constraints require ledger audit,direct,V4_DIRECT_FROZEN_LINEAR_PORTFOLIO,risk_on,2018-01-23,risk_on,0.01585648921090094,0.0039255902562944645,0.04468926473307655,0.5434782608695652,0.07705538275605076,0.7028985507246377,0.7536231884057971,,,{},1326.TW,2018-01-23,2018-01-24
0.025767940328805337,1204000,0,-0.044202898550724644,-0.4420289855072464,1.0,D-1 estimated accounting; fill-day constraints require ledger audit,direct,V4_DIRECT_FROZEN_LINEAR_PORTFOLIO,risk_on,2018-01-23,risk_on,0.01585648921090094,0.0039255902562944645,0.04468926473307655,0.5434782608695652,0.07705538275605076,0.7028985507246377,0.7536231884057971,,,{},1519.TW,2018-01-23,2018-01-24
0.019884949840193362,217000,0,0.0050724637681159425,0.050724637681159424,1.0,D-1 estimated accounting; fill-day constraints require ledger audit,direct,V4_DIRECT_FROZEN_LINEAR_PORTFOLIO,risk_on,2018-01-23,risk_on,0.01585648921090094,0.0039255902562944645,0.04468926473307655,0.5434782608695652,0.07705538275605076,0.7028985507246377,0.7536231884057971,,,{},2377.TW,2018-01-23,2018-01-24
0.054916993186323565,4691000,0,-0.035507246376811595,-0.35507246376811596,1.0,D-1 estimated accounting; fill-day constraints require ledger audit,direct,V4_DIRECT_FROZEN_LINEAR_PORTFOLIO,risk_on,2018-01-23,risk_on,0.01585648921090094,0.0039255902562944645,0.04468926473307655,0.5434782608695652,0.07705538275605076,0.7028985507246377,0.7536231884057971,,,{},2609.TW,2018-01-23,2018-01-24
0.008005999380611204,27000,0,0.01376811594202898,0.1376811594202898,1.0,D-1 estimated accounting; fill-day constraints require ledger audit,direct,V4_DIRECT_FROZEN_LINEAR_PORTFOLIO,risk_on,2018-01-23,risk_on,0.01585648921090094,0.0039255902562944645,0.04468926473307655,0.5434782608695652,0.07705538275605076,0.7028985507246377,0.7536231884057971,,,{},2912.TW,2018-01-23,2018-01-24
0.012048278544796155,479000,0,0.03913043478260869,0.3913043478260869,1.0,D-1 estimated accounting; fill-day constraints require ledger audit,direct,V4_DIRECT_FROZEN_LINEAR_PORTFOLIO,risk_on,2018-01-23,risk_on,0.01585648921090094,0.0039255902562944645,0.04468926473307655,0.5434782608695652,0.07705538275605076,0.7028985507246377,0.7536231884057971,,,{},3231.TW,2018-01-23,2018-01-24
0.0,0,-1133000,-0.04710144927536232,-0.47101449275362317,1.0,D-1 estimated accounting; fill-day constraints require ledger audit,direct,V4_DIRECT_FROZEN_LINEAR_PORTFOLIO,risk_on,2018-01-23,risk_on,0.01585648921090094,0.0039255902562944645,0.04468926473307655,0.5434782608695652,0.07705538275605076,0.7028985507246377,0.7536231884057971,,,{},3264.TWO,2018-01-23,2018-01-24
0.09555230267528911,278000,0,0.04927536231884058,0.49275362318840576,1.0,D-1 estimated accounting; fill-day constraints require ledger audit,direct,V4_DIRECT_FROZEN_LINEAR_PORTFOLIO,risk_on,2018-01-23,risk_on,0.01585648921090094,0.0039255902562944645,0.04468926473307655,0.5434782608695652,0.07705538275605076,0.7028985507246377,0.7536231884057971,,,{},3443.TW,2018-01-23,2018-01-24
0.048139328798124395,3359000,0,0.030434782608695657,0.30434782608695654,1.0,D-1 estimated accounting; fill-day constraints require ledger audit,direct,V4_DIRECT_FROZEN_LINEAR_PORTFOLIO,risk_on,2018-01-23,risk_on,0.01585648921090094,0.0039255902562944645,0.04468926473307655,0.5434782608695652,0.07705538275605076,0.7028985507246377,0.7536231884057971,,,{},3481.TW,2018-01-23,2018-01-24
0.07380529890636434,169000,0,-0.002898550724637683,-0.02898550724637683,1.0,D-1 estimated accounting; fill-day constraints require ledger audit,direct,V4_DIRECT_FROZEN_LINEAR_PORTFOLIO,risk_on,2018-01-23,risk_on,0.01585648921090094,0.0039255902562944645,0.04468926473307655,0.5434782608695652,0.07705538275605076,0.7028985507246377,0.7536231884057971,,,{},3529.TWO,2018-01-23,2018-01-24
0.0701316463782263,646000,0,0.045652173913043485,0.4565217391304348,1.0,D-1 estimated accounting; fill-day constraints require ledger audit,direct,V4_DIRECT_FROZEN_LINEAR_PORTFOLIO,risk_on,2018-01-23,risk_on,0.01585648921090094,0.0039255902562944645,0.04468926473307655,0.5434782608695652,0.07705538275605076,0.7028985507246377,0.7536231884057971,,,{},3661.TW,2018-01-23,2018-01-24
0.046163599012424235,58000,0,0.0,0.0,1.0,D-1 estimated accounting; fill-day constraints require ledger audit,direct,V4_DIRECT_FROZEN_LINEAR_PORTFOLIO,risk_on,2018-01-23,risk_on,0.01585648921090094,0.0039255902562944645,0.04468926473307655,0.5434782608695652,0.07705538275605076,0.7028985507246377,0.7536231884057971,,,{},5274.TWO,2018-01-23,2018-01-24
0.058196438226447,591000,0,0.05,0.5,1.0,D-1 estimated accounting; fill-day constraints require ledger audit,direct,V4_DIRECT_FROZEN_LINEAR_PORTFOLIO,risk_on,2018-01-23,risk_on,0.01585648921090094,0.0039255902562944645,0.04468926473307655,0.5434782608695652,0.07705538275605076,0.7028985507246377,0.7536231884057971,,,{},5483.TWO,2018-01-23,2018-01-24
0.04224372447718122,212000,0,0.0463768115942029,0.46376811594202894,1.0,D-1 estimated accounting; fill-day constraints require ledger audit,direct,V4_DIRECT_FROZEN_LINEAR_PORTFOLIO,risk_on,2018-01-23,risk_on,0.01585648921090094,0.0039255902562944645,0.04468926473307655,0.5434782608695652,0.07705538275605076,0.7028985507246377,0.7536231884057971,,,{},6121.TWO,2018-01-23,2018-01-24
0.02934244813482015,814000,0,-0.030434782608695657,-0.30434782608695654,1.0,D-1 estimated accounting; fill-day constraints require ledger audit,direct,V4_DIRECT_FROZEN_LINEAR_PORTFOLIO,risk_on,2018-01-23,risk_on,0.01585648921090094,0.0039255902562944645,0.04468926473307655,0.5434782608695652,0.07705538275605076,0.7028985507246377,0.7536231884057971,,,{},6139.TW,2018-01-23,2018-01-24
0.055096462792731844,846000,0,-0.01666666666666667,-0.16666666666666669,1.0,D-1 estimated accounting; fill-day constraints require ledger audit,direct,V4_DIRECT_FROZEN_LINEAR_PORTFOLIO,risk_on,2018-01-23,risk_on,0.01585648921090094,0.0039255902562944645,0.04468926473307655,0.5434782608695652,0.07705538275605076,0.7028985507246377,0.7536231884057971,,,{},6147.TWO,2018-01-23,2018-01-24
0.06236863986364329,1179000,1179000,0.04855072463768117,0.48550724637681164,1.0,D-1 estimated accounting; fill-day constraints require ledger audit,direct,V4_DIRECT_FROZEN_LINEAR_PORTFOLIO,risk_on,2018-01-23,risk_on,0.01585648921090094,0.0039255902562944645,0.04468926473307655,0.5434782608695652,0.07705538275605076,0.7028985507246377,0.7536231884057971,,,{},6182.TWO,2018-01-23,2018-01-24
0.07325503308474816,786000,0,0.001449275362318836,0.01449275362318836,1.0,D-1 estimated accounting; fill-day constraints require ledger audit,direct,V4_DIRECT_FROZEN_LINEAR_PORTFOLIO,risk_on,2018-01-23,risk_on,0.01585648921090094,0.0039255902562944645,0.04468926473307655,0.5434782608695652,0.07705538275605076,0.7028985507246377,0.7536231884057971,,,{},6274.TWO,2018-01-23,2018-01-24
0.005792624993791273,73000,0,0.04057971014492754,0.4057971014492754,1.0,D-1 estimated accounting; fill-day constraints require ledger audit,direct,V4_DIRECT_FROZEN_LINEAR_PORTFOLIO,risk_on,2018-01-23,risk_on,0.01585648921090094,0.0039255902562944645,0.04468926473307655,0.5434782608695652,0.07705538275605076,0.7028985507246377,0.7536231884057971,,,{},6290.TWO,2018-01-23,2018-01-24
0.023851495555061802,49000,0,0.029710144927536233,0.2971014492753623,1.0,D-1 estimated accounting; fill-day constraints require ledger audit,direct,V4_DIRECT_FROZEN_LINEAR_PORTFOLIO,risk_on,2018-01-23,risk_on,0.01585648921090094,0.0039255902562944645,0.04468926473307655,0.5434782608695652,0.07705538275605076,0.7028985507246377,0.7536231884057971,,,{},6548.TWO,2018-01-23,2018-01-24
0.03499768326686002,689000,0,0.03985507246376812,0.39855072463768115,1.0,D-1 estimated accounting; fill-day constraints require ledger audit,direct,V4_DIRECT_FROZEN_LINEAR_PORTFOLIO,risk_on,2018-01-23,risk_on,0.01585648921090094,0.0039255902562944645,0.04468926473307655,0.5434782608695652,0.07705538275605076,0.7028985507246377,0.7536231884057971,,,{},8069.TWO,2018-01-23,2018-01-24
0.043993515298164976,977000,0,0.005797101449275366,0.05797101449275366,1.0,D-1 estimated accounting; fill-day constraints require ledger audit,direct,V4_DIRECT_FROZEN_LINEAR_PORTFOLIO,risk_on,2018-01-23,risk_on,0.01585648921090094,0.0039255902562944645,0.04468926473307655,0.5434782608695652,0.07705538275605076,0.7028985507246377,0.7536231884057971,,,{},8210.TW,2018-01-23,2018-01-24
0.015196076704533622,408000,0,-0.042028985507246375,-0.42028985507246375,1.0,D-1 estimated accounting; fill-day constraints require ledger audit,direct,V4_DIRECT_FROZEN_LINEAR_PORTFOLIO,risk_on,2018-01-24,risk_on,0.015236874168223632,0.001399392389327958,0.04989927693646201,0.5217391304347826,0.08714086246346307,0.7318840579710145,0.7681159420289855,,,{},1101.TW,2018-01-24,2018-01-25
0.050978795491785925,475000,0,-0.010144927536231885,-0.10144927536231885,1.0,D-1 estimated accounting; fill-day constraints require ledger audit,direct,V4_DIRECT_FROZEN_LINEAR_PORTFOLIO,risk_on,2018-01-24,risk_on,0.015236874168223632,0.001399392389327958,0.04989927693646201,0.5217391304347826,0.08714086246346307,0.7318840579710145,0.7681159420289855,,,{},1326.TW,2018-01-24,2018-01-25
0.0,0,-1204000,-0.04855072463768116,-0.4855072463768116,1.0,D-1 estimated accounting; fill-day constraints require ledger audit,direct,V4_DIRECT_FROZEN_LINEAR_PORTFOLIO,risk_on,2018-01-24,risk_on,0.015236874168223632,0.001399392389327958,0.04989927693646201,0.5217391304347826,0.08714086246346307,0.7318840579710145,0.7681159420289855,,,{},1519.TW,2018-01-24,2018-01-25
0.04533426488195763,114000,114000,0.04782608695652174,0.4782608695652174,1.0,D-1 estimated accounting; fill-day constraints require ledger audit,direct,V4_DIRECT_FROZEN_LINEAR_PORTFOLIO,risk_on,2018-01-24,risk_on,0.015236874168223632,0.001399392389327958,0.04989927693646201,0.5217391304347826,0.08714086246346307,0.7318840579710145,0.7681159420289855,,,{},2327.TW,2018-01-24,2018-01-25
0.020042958022124507,217000,0,-0.000724637681159418,-0.00724637681159418,1.0,D-1 estimated accounting; fill-day constraints require ledger audit,direct,V4_DIRECT_FROZEN_LINEAR_PORTFOLIO,risk_on,2018-01-24,risk_on,0.015236874168223632,0.001399392389327958,0.04989927693646201,0.5217391304347826,0.08714086246346307,0.7318840579710145,0.7681159420289855,,,{},2377.TW,2018-01-24,2018-01-25
0.055678723041920966,4691000,0,-0.0025362318840579713,-0.025362318840579712,1.0,D-1 estimated accounting; fill-day constraints require ledger audit,direct,V4_DIRECT_FROZEN_LINEAR_PORTFOLIO,risk_on,2018-01-24,risk_on,0.015236874168223632,0.001399392389327958,0.04989927693646201,0.5217391304347826,0.08714086246346307,0.7318840579710145,0.7681159420289855,,,{},2609.TW,2018-01-24,2018-01-25
0.007871276617884145,27000,0,-0.007246376811594202,-0.07246376811594202,1.0,D-1 estimated accounting; fill-day constraints require ledger audit,direct,V4_DIRECT_FROZEN_LINEAR_PORTFOLIO,risk_on,2018-01-24,risk_on,0.015236874168223632,0.001399392389327958,0.04989927693646201,0.5217391304347826,0.08714086246346307,0.7318840579710145,0.7681159420289855,,,{},2912.TW,2018-01-24,2018-01-25
0.012003085989320714,479000,0,0.03913043478260869,0.3913043478260869,1.0,D-1 estimated accounting; fill-day constraints require ledger audit,direct,V4_DIRECT_FROZEN_LINEAR_PORTFOLIO,risk_on,2018-01-24,risk_on,0.015236874168223632,0.001399392389327958,0.04989927693646201,0.5217391304347826,0.08714086246346307,0.7318840579710145,0.7681159420289855,,,{},3231.TW,2018-01-24,2018-01-25
0.09971264405080565,278000,0,0.05,0.5,1.0,D-1 estimated accounting; fill-day constraints require ledger audit,direct,V4_DIRECT_FROZEN_LINEAR_PORTFOLIO,risk_on,2018-01-24,risk_on,0.015236874168223632,0.001399392389327958,0.04989927693646201,0.5217391304347826,0.08714086246346307,0.7318840579710145,0.7681159420289855,,,{},3443.TW,2018-01-24,2018-01-25
0.048246712028895494,3359000,0,0.030434782608695657,0.30434782608695654,1.0,D-1 estimated accounting; fill-day constraints require ledger audit,direct,V4_DIRECT_FROZEN_LINEAR_PORTFOLIO,risk_on,2018-01-24,risk_on,0.015236874168223632,0.001399392389327958,0.04989927693646201,0.5217391304347826,0.08714086246346307,0.7318840579710145,0.7681159420289855,,,{},3481.TW,2018-01-24,2018-01-25
0.07370327331198911,169000,0,0.017391304347826087,0.17391304347826086,1.0,D-1 estimated accounting; fill-day constraints require ledger audit,direct,V4_DIRECT_FROZEN_LINEAR_PORTFOLIO,risk_on,2018-01-24,risk_on,0.015236874168223632,0.001399392389327958,0.04989927693646201,0.5217391304347826,0.08714086246346307,0.7318840579710145,0.7681159420289855,,,{},3529.TWO,2018-01-24,2018-01-25
0.0699566254267517,646000,0,0.04855072463768117,0.48550724637681164,1.0,D-1 estimated accounting; fill-day constraints require ledger audit,direct,V4_DIRECT_FROZEN_LINEAR_PORTFOLIO,risk_on,2018-01-24,risk_on,0.015236874168223632,0.001399392389327958,0.04989927693646201,0.5217391304347826,0.08714086246346307,0.7318840579710145,0.7681159420289855,,,{},3661.TW,2018-01-24,2018-01-25
0.045740669091243386,58000,0,-0.04782608695652174,-0.4782608695652174,1.0,D-1 estimated accounting; fill-day constraints require ledger audit,direct,V4_DIRECT_FROZEN_LINEAR_PORTFOLIO,risk_on,2018-01-24,risk_on,0.015236874168223632,0.001399392389327958,0.04989927693646201,0.5217391304347826,0.08714086246346307,0.7318840579710145,0.7681159420289855,,,{},5274.TWO,2018-01-24,2018-01-25
0.05840103285756968,591000,0,0.04927536231884058,0.49275362318840576,1.0,D-1 estimated accounting; fill-day constraints require ledger audit,direct,V4_DIRECT_FROZEN_LINEAR_PORTFOLIO,risk_on,2018-01-24,risk_on,0.015236874168223632,0.001399392389327958,0.04989927693646201,0.5217391304347826,0.08714086246346307,0.7318840579710145,0.7681159420289855,,,{},5483.TWO,2018-01-24,2018-01-25
0.040690286475726714,212000,0,0.03623188405797102,0.3623188405797102,1.0,D-1 estimated accounting; fill-day constraints require ledger audit,direct,V4_DIRECT_FROZEN_LINEAR_PORTFOLIO,risk_on,2018-01-24,risk_on,0.015236874168223632,0.001399392389327958,0.04989927693646201,0.5217391304347826,0.08714086246346307,0.7318840579710145,0.7681159420289855,,,{},6121.TWO,2018-01-24,2018-01-25
0.02863391914927449,814000,0,-0.03188405797101449,-0.3188405797101449,1.0,D-1 estimated accounting; fill-day constraints require ledger audit,direct,V4_DIRECT_FROZEN_LINEAR_PORTFOLIO,risk_on,2018-01-24,risk_on,0.015236874168223632,0.001399392389327958,0.04989927693646201,0.5217391304347826,0.08714086246346307,0.7318840579710145,0.7681159420289855,,,{},6139.TW,2018-01-24,2018-01-25
0.05588760981893913,846000,0,0.03333333333333334,0.33333333333333337,1.0,D-1 estimated accounting; fill-day constraints require ledger audit,direct,V4_DIRECT_FROZEN_LINEAR_PORTFOLIO,risk_on,2018-01-24,risk_on,0.015236874168223632,0.001399392389327958,0.04989927693646201,0.5217391304347826,0.08714086246346307,0.7318840579710145,0.7681159420289855,,,{},6147.TWO,2018-01-24,2018-01-25
0.06152196785714849,1179000,0,0.04710144927536232,0.47101449275362317,1.0,D-1 estimated accounting; fill-day constraints require ledger audit,direct,V4_DIRECT_FROZEN_LINEAR_PORTFOLIO,risk_on,2018-01-24,risk_on,0.015236874168223632,0.001399392389327958,0.04989927693646201,0.5217391304347826,0.08714086246346307,0.7318840579710145,0.7681159420289855,,,{},6182.TWO,2018-01-24,2018-01-25
0.07302624877831149,786000,0,-0.0014492753623188415,-0.014492753623188415,1.0,D-1 estimated accounting; fill-day constraints require ledger audit,direct,V4_DIRECT_FROZEN_LINEAR_PORTFOLIO,risk_on,2018-01-24,risk_on,0.015236874168223632,0.001399392389327958,0.04989927693646201,0.5217391304347826,0.08714086246346307,0.7318840579710145,0.7681159420289855,,,{},6274.TWO,2018-01-24,2018-01-25
0.006172058233145341,73000,0,0.04492753623188406,0.4492753623188406,1.0,D-1 estimated accounting; fill-day constraints require ledger audit,direct,V4_DIRECT_FROZEN_LINEAR_PORTFOLIO,risk_on,2018-01-24,risk_on,0.015236874168223632,0.001399392389327958,0.04989927693646201,0.5217391304347826,0.08714086246346307,0.7318840579710145,0.7681159420289855,,,{},6290.TWO,2018-01-24,2018-01-25
0.024091043139893496,49000,0,0.04057971014492754,0.4057971014492754,1.0,D-1 estimated accounting; fill-day constraints require ledger audit,direct,V4_DIRECT_FROZEN_LINEAR_PORTFOLIO,risk_on,2018-01-24,risk_on,0.015236874168223632,0.001399392389327958,0.04989927693646201,0.5217391304347826,0.08714086246346307,0.7318840579710145,0.7681159420289855,,,{},6548.TWO,2018-01-24,2018-01-25
0.035207469835311145,689000,0,0.041304347826086954,0.4130434782608695,1.0,D-1 estimated accounting; fill-day constraints require ledger audit,direct,V4_DIRECT_FROZEN_LINEAR_PORTFOLIO,risk_on,2018-01-24,risk_on,0.015236874168223632,0.001399392389327958,0.04989927693646201,0.5217391304347826,0.08714086246346307,0.7318840579710145,0.7681159420289855,,,{},8069.TWO,2018-01-24,2018-01-25
0.04343052295557644,977000,0,0.007971014492753626,0.07971014492753625,1.0,D-1 estimated accounting; fill-day constraints require ledger audit,direct,V4_DIRECT_FROZEN_LINEAR_PORTFOLIO,risk_on,2018-01-24,risk_on,0.015236874168223632,0.001399392389327958,0.04989927693646201,0.5217391304347826,0.08714086246346307,0.7318840579710145,0.7681159420289855,,,{},8210.TW,2018-01-24,2018-01-25
0.015409980002653442,408000,0,-0.015942028985507246,-0.15942028985507245,1.0,D-1 estimated accounting; fill-day constraints require ledger audit,direct,V4_DIRECT_FROZEN_LINEAR_PORTFOLIO,risk_on,2018-01-25,risk_on,0.015379165387665844,0.0023175820289758065,0.04824415961443285,0.5434782608695652,0.0814804187939732,0.6811594202898551,0.7318840579710145,,,{},1101.TW,2018-01-25,2018-01-26
0.051999502496648774,475000,0,-0.004710144927536231,-0.047101449275362306,1.0,D-1 estimated accounting; fill-day constraints require ledger audit,direct,V4_DIRECT_FROZEN_LINEAR_PORTFOLIO,risk_on,2018-01-25,risk_on,0.015379165387665844,0.0023175820289758065,0.04824415961443285,0.5434782608695652,0.0814804187939732,0.6811594202898551,0.7318840579710145,,,{},1326.TW,2018-01-25,2018-01-26
0.04543328549735413,114000,0,0.04710144927536232,0.47101449275362317,1.0,D-1 estimated accounting; fill-day constraints require ledger audit,direct,V4_DIRECT_FROZEN_LINEAR_PORTFOLIO,risk_on,2018-01-25,risk_on,0.015379165387665844,0.0023175820289758065,0.04824415961443285,0.5434782608695652,0.0814804187939732,0.6811594202898551,0.7318840579710145,,,{},2327.TW,2018-01-25,2018-01-26
0.027426064307959543,375000,375000,0.04782608695652174,0.4782608695652174,1.0,D-1 estimated accounting; fill-day constraints require ledger audit,direct,V4_DIRECT_FROZEN_LINEAR_PORTFOLIO,risk_on,2018-01-25,risk_on,0.015379165387665844,0.0023175820289758065,0.04824415961443285,0.5434782608695652,0.0814804187939732,0.6811594202898551,0.7318840579710145,,,{},2376.TW,2018-01-25,2018-01-26
0.020381132240677058,217000,0,0.03695652173913044,0.3695652173913043,1.0,D-1 estimated accounting; fill-day constraints require ledger audit,direct,V4_DIRECT_FROZEN_LINEAR_PORTFOLIO,risk_on,2018-01-25,risk_on,0.015379165387665844,0.0023175820289758065,0.04824415961443285,0.5434782608695652,0.0814804187939732,0.6811594202898551,0.7318840579710145,,,{},2377.TW,2018-01-25,2018-01-26
0.05507059284321524,4691000,0,-0.029710144927536233,-0.2971014492753623,1.0,D-1 estimated accounting; fill-day constraints require ledger audit,direct,V4_DIRECT_FROZEN_LINEAR_PORTFOLIO,risk_on,2018-01-25,risk_on,0.015379165387665844,0.0023175820289758065,0.04824415961443285,0.5434782608695652,0.0814804187939732,0.6811594202898551,0.7318840579710145,,,{},2609.TW,2018-01-25,2018-01-26
0.008028748468139415,27000,0,-0.0021739130434782596,-0.021739130434782594,1.0,D-1 estimated accounting; fill-day constraints require ledger audit,direct,V4_DIRECT_FROZEN_LINEAR_PORTFOLIO,risk_on,2018-01-25,risk_on,0.015379165387665844,0.0023175820289758065,0.04824415961443285,0.5434782608695652,0.0814804187939732,0.6811594202898551,0.7318840579710145,,,{},2912.TW,2018-01-25,2018-01-26
0.011834390291238001,479000,0,0.034057971014492754,0.3405797101449275,1.0,D-1 estimated accounting; fill-day constraints require ledger audit,direct,V4_DIRECT_FROZEN_LINEAR_PORTFOLIO,risk_on,2018-01-25,risk_on,0.015379165387665844,0.0023175820289758065,0.04824415961443285,0.5434782608695652,0.0814804187939732,0.6811594202898551,0.7318840579710145,,,{},3231.TW,2018-01-25,2018-01-26
0.0954197066067712,278000,0,0.04855072463768117,0.48550724637681164,1.0,D-1 estimated accounting; fill-day constraints require ledger audit,direct,V4_DIRECT_FROZEN_LINEAR_PORTFOLIO,risk_on,2018-01-25,risk_on,0.015379165387665844,0.0023175820289758065,0.04824415961443285,0.5434782608695652,0.0814804187939732,0.6811594202898551,0.7318840579710145,,,{},3443.TW,2018-01-25,2018-01-26
0.048029899634074315,3359000,0,0.026086956521739136,0.26086956521739135,1.0,D-1 estimated accounting; fill-day constraints require ledger audit,direct,V4_DIRECT_FROZEN_LINEAR_PORTFOLIO,risk_on,2018-01-25,risk_on,0.015379165387665844,0.0023175820289758065,0.04824415961443285,0.5434782608695652,0.0814804187939732,0.6811594202898551,0.7318840579710145,,,{},3481.TW,2018-01-25,2018-01-26
0.07337914919067363,169000,0,-0.010144927536231885,-0.10144927536231885,1.0,D-1 estimated accounting; fill-day constraints require ledger audit,direct,V4_DIRECT_FROZEN_LINEAR_PORTFOLIO,risk_on,2018-01-25,risk_on,0.015379165387665844,0.0023175820289758065,0.04824415961443285,0.5434782608695652,0.0814804187939732,0.6811594202898551,0.7318840579710145,,,{},3529.TWO,2018-01-25,2018-01-26
0.07718584445780739,646000,0,0.04927536231884058,0.49275362318840576,1.0,D-1 estimated accounting; fill-day constraints require ledger audit,direct,V4_DIRECT_FROZEN_LINEAR_PORTFOLIO,risk_on,2018-01-25,risk_on,0.015379165387665844,0.0023175820289758065,0.04824415961443285,0.5434782608695652,0.0814804187939732,0.6811594202898551,0.7318840579710145,,,{},3661.TW,2018-01-25,2018-01-26
0.04636658674852397,58000,0,0.004347826086956519,0.04347826086956519,1.0,D-1 estimated accounting; fill-day constraints require ledger audit,direct,V4_DIRECT_FROZEN_LINEAR_PORTFOLIO,risk_on,2018-01-25,risk_on,0.015379165387665844,0.0023175820289758065,0.04824415961443285,0.5434782608695652,0.0814804187939732,0.6811594202898551,0.7318840579710145,,,{},5274.TWO,2018-01-25,2018-01-26
0.05934401398193645,591000,0,0.05,0.5,1.0,D-1 estimated accounting; fill-day constraints require ledger audit,direct,V4_DIRECT_FROZEN_LINEAR_PORTFOLIO,risk_on,2018-01-25,risk_on,0.015379165387665844,0.0023175820289758065,0.04824415961443285,0.5434782608695652,0.0814804187939732,0.6811594202898551,0.7318840579710145,,,{},5483.TWO,2018-01-25,2018-01-26
0.04136021938132426,212000,0,0.02898550724637681,0.28985507246376807,1.0,D-1 estimated accounting; fill-day constraints require ledger audit,direct,V4_DIRECT_FROZEN_LINEAR_PORTFOLIO,risk_on,2018-01-25,risk_on,0.015379165387665844,0.0023175820289758065,0.04824415961443285,0.5434782608695652,0.0814804187939732,0.6811594202898551,0.7318840579710145,,,{},6121.TWO,2018-01-25,2018-01-26
0.0,0,-814000,-0.03985507246376812,-0.39855072463768115,1.0,D-1 estimated accounting; fill-day constraints require ledger audit,direct,V4_DIRECT_FROZEN_LINEAR_PORTFOLIO,risk_on,2018-01-25,risk_on,0.015379165387665844,0.0023175820289758065,0.04824415961443285,0.5434782608695652,0.0814804187939732,0.6811594202898551,0.7318840579710145,,,{},6139.TW,2018-01-25,2018-01-26
0.05664674577585467,846000,0,0.021739130434782608,0.21739130434782605,1.0,D-1 estimated accounting; fill-day constraints require ledger audit,direct,V4_DIRECT_FROZEN_LINEAR_PORTFOLIO,risk_on,2018-01-25,risk_on,0.015379165387665844,0.0023175820289758065,0.04824415961443285,0.5434782608695652,0.0814804187939732,0.6811594202898551,0.7318840579710145,,,{},6147.TWO,2018-01-25,2018-01-26
0.058576755576312,1179000,0,0.03333333333333334,0.33333333333333337,1.0,D-1 estimated accounting; fill-day constraints require ledger audit,direct,V4_DIRECT_FROZEN_LINEAR_PORTFOLIO,risk_on,2018-01-25,risk_on,0.015379165387665844,0.0023175820289758065,0.04824415961443285,0.5434782608695652,0.0814804187939732,0.6811594202898551,0.7318840579710145,,,{},6182.TWO,2018-01-25,2018-01-26
0.07101717717178987,786000,0,-0.028985507246376815,-0.2898550724637681,1.0,D-1 estimated accounting; fill-day constraints require ledger audit,direct,V4_DIRECT_FROZEN_LINEAR_PORTFOLIO,risk_on,2018-01-25,risk_on,0.015379165387665844,0.0023175820289758065,0.04824415961443285,0.5434782608695652,0.0814804187939732,0.6811594202898551,0.7318840579710145,,,{},6274.TWO,2018-01-25,2018-01-26
0.005906660705267176,73000,0,0.018840579710144925,0.18840579710144922,1.0,D-1 estimated accounting; fill-day constraints require ledger audit,direct,V4_DIRECT_FROZEN_LINEAR_PORTFOLIO,risk_on,2018-01-25,risk_on,0.015379165387665844,0.0023175820289758065,0.04824415961443285,0.5434782608695652,0.0814804187939732,0.6811594202898551,0.7318840579710145,,,{},6290.TWO,2018-01-25,2018-01-26
0.023738608872808084,49000,0,0.034782608695652174,0.34782608695652173,1.0,D-1 estimated accounting; fill-day constraints require ledger audit,direct,V4_DIRECT_FROZEN_LINEAR_PORTFOLIO,risk_on,2018-01-25,risk_on,0.015379165387665844,0.0023175820289758065,0.04824415961443285,0.5434782608695652,0.0814804187939732,0.6811594202898551,0.7318840579710145,,,{},6548.TWO,2018-01-25,2018-01-26
0.03424219836360078,689000,0,0.042028985507246375,0.42028985507246375,1.0,D-1 estimated accounting; fill-day constraints require ledger audit,direct,V4_DIRECT_FROZEN_LINEAR_PORTFOLIO,risk_on,2018-01-25,risk_on,0.015379165387665844,0.0023175820289758065,0.04824415961443285,0.5434782608695652,0.0814804187939732,0.6811594202898551,0.7318840579710145,,,{},8069.TWO,2018-01-25,2018-01-26
0.04378853329242366,977000,0,-0.007971014492753626,-0.07971014492753625,1.0,D-1 estimated accounting; fill-day constraints require ledger audit,direct,V4_DIRECT_FROZEN_LINEAR_PORTFOLIO,risk_on,2018-01-25,risk_on,0.015379165387665844,0.0023175820289758065,0.04824415961443285,0.5434782608695652,0.0814804187939732,0.6811594202898551,0.7318840579710145,,,{},8210.TW,2018-01-25,2018-01-26
0.015633078495829743,408000,0,0.013043478260869568,0.13043478260869568,1.0,D-1 estimated accounting; fill-day constraints require ledger audit,direct,V4_DIRECT_FROZEN_LINEAR_PORTFOLIO,risk_on,2018-01-26,risk_on,0.015429996804891287,0.0,0.034374006911164545,0.4927536231884058,0.08091771228044652,0.6739130434782609,0.717391304347826,,,{},1101.TW,2018-01-26,2018-01-29
0.05287648590162847,475000,0,0.035507246376811595,0.35507246376811596,1.0,D-1 estimated accounting; fill-day constraints require ledger audit,direct,V4_DIRECT_FROZEN_LINEAR_PORTFOLIO,risk_on,2018-01-26,risk_on,0.015429996804891287,0.0,0.034374006911164545,0.4927536231884058,0.08091771228044652,0.6739130434782609,0.717391304347826,,,{},1326.TW,2018-01-26,2018-01-29
0.0,0,-114000,-0.0427536231884058,-0.427536231884058,1.0,D-1 estimated accounting; fill-day constraints require ledger audit,direct,V4_DIRECT_FROZEN_LINEAR_PORTFOLIO,risk_on,2018-01-26,risk_on,0.015429996804891287,0.0,0.034374006911164545,0.4927536231884058,0.08091771228044652,0.6739130434782609,0.717391304347826,,,{},2327.TW,2018-01-26,2018-01-29
0.026483274696274737,375000,0,0.04710144927536232,0.47101449275362317,1.0,D-1 estimated accounting; fill-day constraints require ledger audit,direct,V4_DIRECT_FROZEN_LINEAR_PORTFOLIO,risk_on,2018-01-26,risk_on,0.015429996804891287,0.0,0.034374006911164545,0.4927536231884058,0.08091771228044652,0.6739130434782609,0.717391304347826,,,{},2376.TW,2018-01-26,2018-01-29
0.020787234759349377,217000,0,0.04420289855072464,0.44202898550724634,1.0,D-1 estimated accounting; fill-day constraints require ledger audit,direct,V4_DIRECT_FROZEN_LINEAR_PORTFOLIO,risk_on,2018-01-26,risk_on,0.015429996804891287,0.0,0.034374006911164545,0.4927536231884058,0.08091771228044652,0.6739130434782609,0.717391304347826,,,{},2377.TW,2018-01-26,2018-01-29
0.05499037320994747,4691000,0,-0.013768115942028987,-0.13768115942028986,1.0,D-1 estimated accounting; fill-day constraints require ledger audit,direct,V4_DIRECT_FROZEN_LINEAR_PORTFOLIO,risk_on,2018-01-26,risk_on,0.015429996804891287,0.0,0.034374006911164545,0.4927536231884058,0.08091771228044652,0.6739130434782609,0.717391304347826,,,{},2609.TW,2018-01-26,2018-01-29
0.007948178210173167,27000,0,0.007246376811594202,0.07246376811594202,1.0,D-1 estimated accounting; fill-day constraints require ledger audit,direct,V4_DIRECT_FROZEN_LINEAR_PORTFOLIO,risk_on,2018-01-26,risk_on,0.015429996804891287,0.0,0.034374006911164545,0.4927536231884058,0.08091771228044652,0.6739130434782609,0.717391304347826,,,{},2912.TW,2018-01-26,2018-01-29
0.011721077097637816,479000,0,0.02898550724637681,0.28985507246376807,1.0,D-1 estimated accounting; fill-day constraints require ledger audit,direct,V4_DIRECT_FROZEN_LINEAR_PORTFOLIO,risk_on,2018-01-26,risk_on,0.015429996804891287,0.0,0.034374006911164545,0.4927536231884058,0.08091771228044652,0.6739130434782609,0.717391304347826,,,{},3231.TW,2018-01-26,2018-01-29
0.028754697977311526,322000,322000,0.04855072463768117,0.48550724637681164,1.0,D-1 estimated accounting; fill-day constraints require ledger audit,direct,V4_DIRECT_FROZEN_LINEAR_PORTFOLIO,risk_on,2018-01-26,risk_on,0.015429996804891287,0.0,0.034374006911164545,0.4927536231884058,0.08091771228044652,0.6739130434782609,0.717391304347826,,,{},3324.TWO,2018-01-26,2018-01-29
0.09995067471992868,277000,-1000,0.05,0.5,1.0,D-1 estimated accounting; fill-day constraints require ledger audit,direct,V4_DIRECT_FROZEN_LINEAR_PORTFOLIO,risk_on,2018-01-26,risk_on,0.015429996804891287,0.0,0.034374006911164545,0.4927536231884058,0.08091771228044652,0.6739130434782609,0.717391304347826,,,{},3443.TW,2018-01-26,2018-01-29
0.048801338346634686,3359000,0,0.023913043478260867,0.23913043478260865,1.0,D-1 estimated accounting; fill-day constraints require ledger audit,direct,V4_DIRECT_FROZEN_LINEAR_PORTFOLIO,risk_on,2018-01-26,risk_on,0.015429996804891287,0.0,0.034374006911164545,0.4927536231884058,0.08091771228044652,0.6739130434782609,0.717391304347826,,,{},3481.TW,2018-01-26,2018-01-29
0.07335716417352701,169000,0,-0.021014492753623187,-0.21014492753623187,1.0,D-1 estimated accounting; fill-day constraints require ledger audit,direct,V4_DIRECT_FROZEN_LINEAR_PORTFOLIO,risk_on,2018-01-26,risk_on,0.015429996804891287,0.0,0.034374006911164545,0.4927536231884058,0.08091771228044652,0.6739130434782609,0.717391304347826,,,{},3529.TWO,2018-01-26,2018-01-29
0.07804492379412924,646000,0,0.04927536231884058,0.49275362318840576,1.0,D-1 estimated accounting; fill-day constraints require ledger audit,direct,V4_DIRECT_FROZEN_LINEAR_PORTFOLIO,risk_on,2018-01-26,risk_on,0.015429996804891287,0.0,0.034374006911164545,0.4927536231884058,0.08091771228044652,0.6739130434782609,0.717391304347826,,,{},3661.TW,2018-01-26,2018-01-29
0.04618183319773911,58000,0,0.03260869565217391,0.32608695652173914,1.0,D-1 estimated accounting; fill-day constraints require ledger audit,direct,V4_DIRECT_FROZEN_LINEAR_PORTFOLIO,risk_on,2018-01-26,risk_on,0.015429996804891287,0.0,0.034374006911164545,0.4927536231884058,0.08091771228044652,0.6739130434782609,0.717391304347826,,,{},5274.TWO,2018-01-26,2018-01-29
0.05593914550223605,591000,0,0.04492753623188406,0.4492753623188406,1.0,D-1 estimated accounting; fill-day constraints require ledger audit,direct,V4_DIRECT_FROZEN_LINEAR_PORTFOLIO,risk_on,2018-01-26,risk_on,0.015429996804891287,0.0,0.034374006911164545,0.4927536231884058,0.08091771228044652,0.6739130434782609,0.717391304347826,,,{},5483.TWO,2018-01-26,2018-01-29
0.04055486865234883,212000,0,-0.01666666666666667,-0.16666666666666669,1.0,D-1 estimated accounting; fill-day constraints require ledger audit,direct,V4_DIRECT_FROZEN_LINEAR_PORTFOLIO,risk_on,2018-01-26,risk_on,0.015429996804891287,0.0,0.034374006911164545,0.4927536231884058,0.08091771228044652,0.6739130434782609,0.717391304347826,,,{},6121.TWO,2018-01-26,2018-01-29
0.057157857812641044,846000,0,0.021014492753623194,0.21014492753623193,1.0,D-1 estimated accounting; fill-day constraints require ledger audit,direct,V4_DIRECT_FROZEN_LINEAR_PORTFOLIO,risk_on,2018-01-26,risk_on,0.015429996804891287,0.0,0.034374006911164545,0.4927536231884058,0.08091771228044652,0.6739130434782609,0.717391304347826,,,{},6147.TWO,2018-01-26,2018-01-29
0.05790060611262811,1179000,0,0.010144927536231885,0.10144927536231885,1.0,D-1 estimated accounting; fill-day constraints require ledger audit,direct,V4_DIRECT_FROZEN_LINEAR_PORTFOLIO,risk_on,2018-01-26,risk_on,0.015429996804891287,0.0,0.034374006911164545,0.4927536231884058,0.08091771228044652,0.6739130434782609,0.717391304347826,,,{},6182.TWO,2018-01-26,2018-01-29
0.07122890076849259,786000,0,0.008695652173913049,0.08695652173913049,1.0,D-1 estimated accounting; fill-day constraints require ledger audit,direct,V4_DIRECT_FROZEN_LINEAR_PORTFOLIO,risk_on,2018-01-26,risk_on,0.015429996804891287,0.0,0.034374006911164545,0.4927536231884058,0.08091771228044652,0.6739130434782609,0.717391304347826,,,{},6274.TWO,2018-01-26,2018-01-29
0.00569188238979163,73000,0,-0.042028985507246375,-0.42028985507246375,1.0,D-1 estimated accounting; fill-day constraints require ledger audit,direct,V4_DIRECT_FROZEN_LINEAR_PORTFOLIO,risk_on,2018-01-26,risk_on,0.015429996804891287,0.0,0.034374006911164545,0.4927536231884058,0.08091771228044652,0.6739130434782609,0.717391304347826,,,{},6290.TWO,2018-01-26,2018-01-29
0.02348087448364156,49000,0,0.03188405797101449,0.3188405797101449,1.0,D-1 estimated accounting; fill-day constraints require ledger audit,direct,V4_DIRECT_FROZEN_LINEAR_PORTFOLIO,risk_on,2018-01-26,risk_on,0.015429996804891287,0.0,0.034374006911164545,0.4927536231884058,0.08091771228044652,0.6739130434782609,0.717391304347826,,,{},6548.TWO,2018-01-26,2018-01-29
0.034434082680237316,689000,0,0.025362318840579712,0.2536231884057971,1.0,D-1 estimated accounting; fill-day constraints require ledger audit,direct,V4_DIRECT_FROZEN_LINEAR_PORTFOLIO,risk_on,2018-01-26,risk_on,0.015429996804891287,0.0,0.034374006911164545,0.4927536231884058,0.08091771228044652,0.6739130434782609,0.717391304347826,,,{},8069.TWO,2018-01-26,2018-01-29
0.0437737117705825,977000,0,-0.028260869565217395,-0.28260869565217395,1.0,D-1 estimated accounting; fill-day constraints require ledger audit,direct,V4_DIRECT_FROZEN_LINEAR_PORTFOLIO,risk_on,2018-01-26,risk_on,0.015429996804891287,0.0,0.034374006911164545,0.4927536231884058,0.08091771228044652,0.6739130434782609,0.717391304347826,,,{},8210.TW,2018-01-26,2018-01-29
0.015283261856913342,408000,0,0.011594202898550721,0.1159420289855072,1.0,D-1 estimated accounting; fill-day constraints require ledger audit,direct,V4_DIRECT_FROZEN_LINEAR_PORTFOLIO,risk_on,2018-01-29,risk_on,0.015698538254182298,-0.002035297431923211,0.034711623681133896,0.463768115942029,0.09101398126570023,0.6884057971014492,0.717391304347826,,,{},1101.TW,2018-01-29,2018-01-30
0.05367452639217567,475000,0,0.042028985507246375,0.42028985507246375,1.0,D-1 estimated accounting; fill-day constraints require ledger audit,direct,V4_DIRECT_FROZEN_LINEAR_PORTFOLIO,risk_on,2018-01-29,risk_on,0.015698538254182298,-0.002035297431923211,0.034711623681133896,0.463768115942029,0.09101398126570023,0.6884057971014492,0.717391304347826,,,{},1326.TW,2018-01-29,2018-01-30
0.02776408835598744,375000,0,0.04782608695652174,0.4782608695652174,1.0,D-1 estimated accounting; fill-day constraints require ledger audit,direct,V4_DIRECT_FROZEN_LINEAR_PORTFOLIO,risk_on,2018-01-29,risk_on,0.015698538254182298,-0.002035297431923211,0.034711623681133896,0.463768115942029,0.09101398126570023,0.6884057971014492,0.717391304347826,,,{},2376.TW,2018-01-29,2018-01-30
0.022407208991430075,217000,0,0.05,0.5,1.0,D-1 estimated accounting; fill-day constraints require ledger audit,direct,V4_DIRECT_FROZEN_LINEAR_PORTFOLIO,risk_on,2018-01-29,risk_on,0.015698538254182298,-0.002035297431923211,0.034711623681133896,0.463768115942029,0.09101398126570023,0.6884057971014492,0.717391304347826,,,{},2377.TW,2018-01-29,2018-01-30
0.05411401971091864,4691000,0,-0.0050724637681159425,-0.050724637681159424,1.0,D-1 estimated accounting; fill-day constraints require ledger audit,direct,V4_DIRECT_FROZEN_LINEAR_PORTFOLIO,risk_on,2018-01-29,risk_on,0.015698538254182298,-0.002035297431923211,0.034711623681133896,0.463768115942029,0.09101398126570023,0.6884057971014492,0.717391304347826,,,{},2609.TW,2018-01-29,2018-01-30
0.007902845034485018,27000,0,0.02463768115942029,0.24637681159420288,1.0,D-1 estimated accounting; fill-day constraints require ledger audit,direct,V4_DIRECT_FROZEN_LINEAR_PORTFOLIO,risk_on,2018-01-29,risk_on,0.015698538254182298,-0.002035297431923211,0.034711623681133896,0.463768115942029,0.09101398126570023,0.6884057971014492,0.717391304347826,,,{},2912.TW,2018-01-29,2018-01-30
0.04096249269126622,2098000,2098000,0.04927536231884058,0.49275362318840576,1.0,D-1 estimated accounting; fill-day constraints require ledger audit,direct,V4_DIRECT_FROZEN_LINEAR_PORTFOLIO,risk_on,2018-01-29,risk_on,0.015698538254182298,-0.002035297431923211,0.034711623681133896,0.463768115942029,0.09101398126570023,0.6884057971014492,0.717391304347826,,,{},3037.TW,2018-01-29,2018-01-30
0.01148701261999866,479000,0,0.002898550724637683,0.02898550724637683,1.0,D-1 estimated accounting; fill-day constraints require ledger audit,direct,V4_DIRECT_FROZEN_LINEAR_PORTFOLIO,risk_on,2018-01-29,risk_on,0.015698538254182298,-0.002035297431923211,0.034711623681133896,0.463768115942029,0.09101398126570023,0.6884057971014492,0.717391304347826,,,{},3231.TW,2018-01-29,2018-01-30
0.028932324297464406,322000,0,0.04710144927536232,0.47101449275362317,1.0,D-1 estimated accounting; fill-day constraints require ledger audit,direct,V4_DIRECT_FROZEN_LINEAR_PORTFOLIO,risk_on,2018-01-29,risk_on,0.015698538254182298,-0.002035297431923211,0.034711623681133896,0.463768115942029,0.09101398126570023,0.6884057971014492,0.717391304347826,,,{},3324.TWO,2018-01-29,2018-01-30
0.0973924292476875,277000,0,0.04420289855072464,0.44202898550724634,1.0,D-1 estimated accounting; fill-day constraints require ledger audit,direct,V4_DIRECT_FROZEN_LINEAR_PORTFOLIO,risk_on,2018-01-29,risk_on,0.015698538254182298,-0.002035297431923211,0.034711623681133896,0.463768115942029,0.09101398126570023,0.6884057971014492,0.717391304347826,,,{},3443.TW,2018-01-29,2018-01-30
0.04752682030495645,3359000,0,-0.02318840579710145,-0.23188405797101447,1.0,D-1 estimated accounting; fill-day constraints require ledger audit,direct,V4_DIRECT_FROZEN_LINEAR_PORTFOLIO,risk_on,2018-01-29,risk_on,0.015698538254182298,-0.002035297431923211,0.034711623681133896,0.463768115942029,0.09101398126570023,0.6884057971014492,0.717391304347826,,,{},3481.TW,2018-01-29,2018-01-30
0.07185390429919732,169000,0,-0.007971014492753626,-0.07971014492753625,1.0,D-1 estimated accounting; fill-day constraints require ledger audit,direct,V4_DIRECT_FROZEN_LINEAR_PORTFOLIO,risk_on,2018-01-29,risk_on,0.015698538254182298,-0.002035297431923211,0.034711623681133896,0.463768115942029,0.09101398126570023,0.6884057971014492,0.717391304347826,,,{},3529.TWO,2018-01-29,2018-01-30
0.08221867102554171,646000,0,0.04855072463768117,0.48550724637681164,1.0,D-1 estimated accounting; fill-day constraints require ledger audit,direct,V4_DIRECT_FROZEN_LINEAR_PORTFOLIO,risk_on,2018-01-29,risk_on,0.015698538254182298,-0.002035297431923211,0.034711623681133896,0.463768115942029,0.09101398126570023,0.6884057971014492,0.717391304347826,,,{},3661.TW,2018-01-29,2018-01-30
0.045272839681414406,58000,0,-0.019565217391304346,-0.19565217391304346,1.0,D-1 estimated accounting; fill-day constraints require ledger audit,direct,V4_DIRECT_FROZEN_LINEAR_PORTFOLIO,risk_on,2018-01-29,risk_on,0.015698538254182298,-0.002035297431923211,0.034711623681133896,0.463768115942029,0.09101398126570023,0.6884057971014492,0.717391304347826,,,{},5274.TWO,2018-01-29,2018-01-30
0.058021645703519704,591000,0,0.027536231884057974,0.2753623188405797,1.0,D-1 estimated accounting; fill-day constraints require ledger audit,direct,V4_DIRECT_FROZEN_LINEAR_PORTFOLIO,risk_on,2018-01-29,risk_on,0.015698538254182298,-0.002035297431923211,0.034711623681133896,0.463768115942029,0.09101398126570023,0.6884057971014492,0.717391304347826,,,{},5483.TWO,2018-01-29,2018-01-30
0.040013313311980124,212000,0,-0.04130434782608696,-0.41304347826086957,1.0,D-1 estimated accounting; fill-day constraints require ledger audit,direct,V4_DIRECT_FROZEN_LINEAR_PORTFOLIO,risk_on,2018-01-29,risk_on,0.015698538254182298,-0.002035297431923211,0.034711623681133896,0.463768115942029,0.09101398126570023,0.6884057971014492,0.717391304347826,,,{},6121.TWO,2018-01-29,2018-01-30
0.057832559076030014,846000,0,0.034782608695652174,0.34782608695652173,1.0,D-1 estimated accounting; fill-day constraints require ledger audit,direct,V4_DIRECT_FROZEN_LINEAR_PORTFOLIO,risk_on,2018-01-29,risk_on,0.015698538254182298,-0.002035297431923211,0.034711623681133896,0.463768115942029,0.09101398126570023,0.6884057971014492,0.717391304347826,,,{},6147.TWO,2018-01-29,2018-01-30
0.0,0,-1179000,-0.04782608695652174,-0.4782608695652174,1.0,D-1 estimated accounting; fill-day constraints require ledger audit,direct,V4_DIRECT_FROZEN_LINEAR_PORTFOLIO,risk_on,2018-01-29,risk_on,0.015698538254182298,-0.002035297431923211,0.034711623681133896,0.463768115942029,0.09101398126570023,0.6884057971014492,0.717391304347826,,,{},6182.TWO,2018-01-29,2018-01-30
0.07017129949488017,786000,0,0.014492753623188404,0.14492753623188404,1.0,D-1 estimated accounting; fill-day constraints require ledger audit,direct,V4_DIRECT_FROZEN_LINEAR_PORTFOLIO,risk_on,2018-01-29,risk_on,0.015698538254182298,-0.002035297431923211,0.034711623681133896,0.463768115942029,0.09101398126570023,0.6884057971014492,0.717391304347826,,,{},6274.TWO,2018-01-29,2018-01-30
0.005905506623149712,73000,0,0.021739130434782608,0.21739130434782605,1.0,D-1 estimated accounting; fill-day constraints require ledger audit,direct,V4_DIRECT_FROZEN_LINEAR_PORTFOLIO,risk_on,2018-01-29,risk_on,0.015698538254182298,-0.002035297431923211,0.034711623681133896,0.463768115942029,0.09101398126570023,0.6884057971014492,0.717391304347826,,,{},6290.TWO,2018-01-29,2018-01-30
0.022643074349234602,49000,0,-0.028985507246376815,-0.2898550724637681,1.0,D-1 estimated accounting; fill-day constraints require ledger audit,direct,V4_DIRECT_FROZEN_LINEAR_PORTFOLIO,risk_on,2018-01-29,risk_on,0.015698538254182298,-0.002035297431923211,0.034711623681133896,0.463768115942029,0.09101398126570023,0.6884057971014492,0.717391304347826,,,{},6548.TWO,2018-01-29,2018-01-30
0.03500690472986585,689000,0,-0.0391304347826087,-0.391304347826087,1.0,D-1 estimated accounting; fill-day constraints require ledger audit,direct,V4_DIRECT_FROZEN_LINEAR_PORTFOLIO,risk_on,2018-01-29,risk_on,0.015698538254182298,-0.002035297431923211,0.034711623681133896,0.463768115942029,0.09101398126570023,0.6884057971014492,0.717391304347826,,,{},8069.TWO,2018-01-29,2018-01-30
0.043268846761551696,977000,0,0.0,0.0,1.0,D-1 estimated accounting; fill-day constraints require ledger audit,direct,V4_DIRECT_FROZEN_LINEAR_PORTFOLIO,risk_on,2018-01-29,risk_on,0.015698538254182298,-0.002035297431923211,0.034711623681133896,0.463768115942029,0.09101398126570023,0.6884057971014492,0.717391304347826,,,{},8210.TW,2018-01-29,2018-01-30
0.015617198027201915,408000,0,0.029710144927536233,0.2971014492753623,1.0,D-1 estimated accounting; fill-day constraints require ledger audit,direct,V4_DIRECT_FROZEN_LINEAR_PORTFOLIO,neutral,2018-01-30,neutral,0.015651346386399406,-0.00869321217872654,0.021438483565148547,0.36231884057971014,0.08364206058361039,0.5144927536231884,0.6521739130434783,,,{},1101.TW,2018-01-30,2018-01-31
0.05252142331535536,475000,0,0.02463768115942029,0.24637681159420288,1.0,D-1 estimated accounting; fill-day constraints require ledger audit,direct,V4_DIRECT_FROZEN_LINEAR_PORTFOLIO,neutral,2018-01-30,neutral,0.015651346386399406,-0.00869321217872654,0.021438483565148547,0.36231884057971014,0.08364206058361039,0.5144927536231884,0.6521739130434783,,,{},1326.TW,2018-01-30,2018-01-31
0.028105136118284767,375000,0,0.04927536231884058,0.49275362318840576,1.0,D-1 estimated accounting; fill-day constraints require ledger audit,direct,V4_DIRECT_FROZEN_LINEAR_PORTFOLIO,neutral,2018-01-30,neutral,0.015651346386399406,-0.00869321217872654,0.021438483565148547,0.36231884057971014,0.08364206058361039,0.5144927536231884,0.6521739130434783,,,{},2376.TW,2018-01-30,2018-01-31
0.0212157105574883,217000,0,0.0463768115942029,0.46376811594202894,1.0,D-1 estimated accounting; fill-day constraints require ledger audit,direct,V4_DIRECT_FROZEN_LINEAR_PORTFOLIO,neutral,2018-01-30,neutral,0.015651346386399406,-0.00869321217872654,0.021438483565148547,0.36231884057971014,0.08364206058361039,0.5144927536231884,0.6521739130434783,,,{},2377.TW,2018-01-30,2018-01-31
0.05489610814502936,4691000,0,0.011594202898550721,0.1159420289855072,1.0,D-1 estimated accounting; fill-day constraints require ledger audit,direct,V4_DIRECT_FROZEN_LINEAR_PORTFOLIO,neutral,2018-01-30,neutral,0.015651346386399406,-0.00869321217872654,0.021438483565148547,0.36231884057971014,0.08364206058361039,0.5144927536231884,0.6521739130434783,,,{},2609.TW,2018-01-30,2018-01-31
0.007933604989225854,27000,0,0.0007246376811594236,0.007246376811594235,1.0,D-1 estimated accounting; fill-day constraints require ledger audit,direct,V4_DIRECT_FROZEN_LINEAR_PORTFOLIO,neutral,2018-01-30,neutral,0.015651346386399406,-0.00869321217872654,0.021438483565148547,0.36231884057971014,0.08364206058361039,0.5144927536231884,0.6521739130434783,,,{},2912.TW,2018-01-30,2018-01-31
0.041489374872199995,2098000,0,0.04855072463768117,0.48550724637681164,1.0,D-1 estimated accounting; fill-day constraints require ledger audit,direct,V4_DIRECT_FROZEN_LINEAR_PORTFOLIO,neutral,2018-01-30,neutral,0.015651346386399406,-0.00869321217872654,0.021438483565148547,0.36231884057971014,0.08364206058361039,0.5144927536231884,0.6521739130434783,,,{},3037.TW,2018-01-30,2018-01-31
0.011826039393841239,479000,0,-0.02028985507246377,-0.2028985507246377,1.0,D-1 estimated accounting; fill-day constraints require ledger audit,direct,V4_DIRECT_FROZEN_LINEAR_PORTFOLIO,neutral,2018-01-30,neutral,0.015651346386399406,-0.00869321217872654,0.021438483565148547,0.36231884057971014,0.08364206058361039,0.5144927536231884,0.6521739130434783,,,{},3231.TW,2018-01-30,2018-01-31
0.02888780415530197,322000,0,0.04492753623188406,0.4492753623188406,1.0,D-1 estimated accounting; fill-day constraints require ledger audit,direct,V4_DIRECT_FROZEN_LINEAR_PORTFOLIO,neutral,2018-01-30,neutral,0.015651346386399406,-0.00869321217872654,0.021438483565148547,0.36231884057971014,0.08364206058361039,0.5144927536231884,0.6521739130434783,,,{},3324.TWO,2018-01-30,2018-01-31
0.0975523231407242,277000,0,0.03768115942028986,0.37681159420289856,1.0,D-1 estimated accounting; fill-day constraints require ledger audit,direct,V4_DIRECT_FROZEN_LINEAR_PORTFOLIO,neutral,2018-01-30,neutral,0.015651346386399406,-0.00869321217872654,0.021438483565148547,0.36231884057971014,0.08364206058361039,0.5144927536231884,0.6521739130434783,,,{},3443.TW,2018-01-30,2018-01-31
0.04693493980471252,3359000,0,-0.031159420289855074,-0.3115942028985507,1.0,D-1 estimated accounting; fill-day constraints require ledger audit,direct,V4_DIRECT_FROZEN_LINEAR_PORTFOLIO,neutral,2018-01-30,neutral,0.015651346386399406,-0.00869321217872654,0.021438483565148547,0.36231884057971014,0.08364206058361039,0.5144927536231884,0.6521739130434783,,,{},3481.TW,2018-01-30,2018-01-31
0.07112706357282816,169000,0,-0.03840579710144928,-0.38405797101449274,1.0,D-1 estimated accounting; fill-day constraints require ledger audit,direct,V4_DIRECT_FROZEN_LINEAR_PORTFOLIO,neutral,2018-01-30,neutral,0.015651346386399406,-0.00869321217872654,0.021438483565148547,0.36231884057971014,0.08364206058361039,0.5144927536231884,0.6521739130434783,,,{},3529.TWO,2018-01-30,2018-01-31
0.07988706473337293,646000,0,0.05,0.5,1.0,D-1 estimated accounting; fill-day constraints require ledger audit,direct,V4_DIRECT_FROZEN_LINEAR_PORTFOLIO,neutral,2018-01-30,neutral,0.015651346386399406,-0.00869321217872654,0.021438483565148547,0.36231884057971014,0.08364206058361039,0.5144927536231884,0.6521739130434783,,,{},3661.TW,2018-01-30,2018-01-31
0.05660763337393518,1587000,1587000,0.04782608695652174,0.4782608695652174,1.0,D-1 estimated accounting; fill-day constraints require ledger audit,direct,V4_DIRECT_FROZEN_LINEAR_PORTFOLIO,neutral,2018-01-30,neutral,0.015651346386399406,-0.00869321217872654,0.021438483565148547,0.36231884057971014,0.08364206058361039,0.5144927536231884,0.6521739130434783,,,{},4979.TWO,2018-01-30,2018-01-31
0.04531989891366042,58000,0,-0.01884057971014493,-0.18840579710144928,1.0,D-1 estimated accounting; fill-day constraints require ledger audit,direct,V4_DIRECT_FROZEN_LINEAR_PORTFOLIO,neutral,2018-01-30,neutral,0.015651346386399406,-0.00869321217872654,0.021438483565148547,0.36231884057971014,0.08364206058361039,0.5144927536231884,0.6521739130434783,,,{},5274.TWO,2018-01-30,2018-01-31
0.059964284652037236,591000,0,0.04057971014492754,0.4057971014492754,1.0,D-1 estimated accounting; fill-day constraints require ledger audit,direct,V4_DIRECT_FROZEN_LINEAR_PORTFOLIO,neutral,2018-01-30,neutral,0.015651346386399406,-0.00869321217872654,0.021438483565148547,0.36231884057971014,0.08364206058361039,0.5144927536231884,0.6521739130434783,,,{},5483.TWO,2018-01-30,2018-01-31
0.0,0,-212000,-0.04710144927536232,-0.47101449275362317,1.0,D-1 estimated accounting; fill-day constraints require ledger audit,direct,V4_DIRECT_FROZEN_LINEAR_PORTFOLIO,neutral,2018-01-30,neutral,0.015651346386399406,-0.00869321217872654,0.021438483565148547,0.36231884057971014,0.08364206058361039,0.5144927536231884,0.6521739130434783,,,{},6121.TWO,2018-01-30,2018-01-31
0.056441723687908105,846000,0,0.03623188405797102,0.3623188405797102,1.0,D-1 estimated accounting; fill-day constraints require ledger audit,direct,V4_DIRECT_FROZEN_LINEAR_PORTFOLIO,neutral,2018-01-30,neutral,0.015651346386399406,-0.00869321217872654,0.021438483565148547,0.36231884057971014,0.08364206058361039,0.5144927536231884,0.6521739130434783,,,{},6147.TWO,2018-01-30,2018-01-31
0.07076775650389462,786000,0,-0.035507246376811595,-0.35507246376811596,1.0,D-1 estimated accounting; fill-day constraints require ledger audit,direct,V4_DIRECT_FROZEN_LINEAR_PORTFOLIO,neutral,2018-01-30,neutral,0.015651346386399406,-0.00869321217872654,0.021438483565148547,0.36231884057971014,0.08364206058361039,0.5144927536231884,0.6521739130434783,,,{},6274.TWO,2018-01-30,2018-01-31
0.005805250272504036,73000,0,0.018840579710144925,0.18840579710144922,1.0,D-1 estimated accounting; fill-day constraints require ledger audit,direct,V4_DIRECT_FROZEN_LINEAR_PORTFOLIO,neutral,2018-01-30,neutral,0.015651346386399406,-0.00869321217872654,0.021438483565148547,0.36231884057971014,0.08364206058361039,0.5144927536231884,0.6521739130434783,,,{},6290.TWO,2018-01-30,2018-01-31
0.02276889152152651,49000,0,-0.04130434782608696,-0.41304347826086957,1.0,D-1 estimated accounting; fill-day constraints require ledger audit,direct,V4_DIRECT_FROZEN_LINEAR_PORTFOLIO,neutral,2018-01-30,neutral,0.015651346386399406,-0.00869321217872654,0.021438483565148547,0.36231884057971014,0.08364206058361039,0.5144927536231884,0.6521739130434783,,,{},6548.TWO,2018-01-30,2018-01-31
0.036931813857314956,689000,0,0.045652173913043485,0.4565217391304348,1.0,D-1 estimated accounting; fill-day constraints require ledger audit,direct,V4_DIRECT_FROZEN_LINEAR_PORTFOLIO,neutral,2018-01-30,neutral,0.015651346386399406,-0.00869321217872654,0.021438483565148547,0.36231884057971014,0.08364206058361039,0.5144927536231884,0.6521739130434783,,,{},8069.TWO,2018-01-30,2018-01-31
0.043976784477150026,977000,0,0.011594202898550721,0.1159420289855072,1.0,D-1 estimated accounting; fill-day constraints require ledger audit,direct,V4_DIRECT_FROZEN_LINEAR_PORTFOLIO,neutral,2018-01-30,neutral,0.015651346386399406,-0.00869321217872654,0.021438483565148547,0.36231884057971014,0.08364206058361039,0.5144927536231884,0.6521739130434783,,,{},8210.TW,2018-01-30,2018-01-31
0.015412947711006663,408000,0,0.021739130434782608,0.21739130434782605,1.0,D-1 estimated accounting; fill-day constraints require ledger audit,direct,V4_DIRECT_FROZEN_LINEAR_PORTFOLIO,neutral,2018-01-31,neutral,0.015187490168393039,-0.004139570896936562,0.014408727371805652,0.41304347826086957,0.07892968228746484,0.5434782608695652,0.6666666666666666,,,{},1101.TW,2018-01-31,2018-02-01
0.051940447001069236,475000,0,0.027536231884057974,0.2753623188405797,1.0,D-1 estimated accounting; fill-day constraints require ledger audit,direct,V4_DIRECT_FROZEN_LINEAR_PORTFOLIO,neutral,2018-01-31,neutral,0.015187490168393039,-0.004139570896936562,0.014408727371805652,0.41304347826086957,0.07892968228746484,0.5434782608695652,0.6666666666666666,,,{},1326.TW,2018-01-31,2018-02-01
0.02735728632564734,375000,0,0.038405797101449285,0.3840579710144928,1.0,D-1 estimated accounting; fill-day constraints require ledger audit,direct,V4_DIRECT_FROZEN_LINEAR_PORTFOLIO,neutral,2018-01-31,neutral,0.015187490168393039,-0.004139570896936562,0.014408727371805652,0.41304347826086957,0.07892968228746484,0.5434782608695652,0.6666666666666666,,,{},2376.TW,2018-01-31,2018-02-01
0.02099008571468267,217000,0,0.042028985507246375,0.42028985507246375,1.0,D-1 estimated accounting; fill-day constraints require ledger audit,direct,V4_DIRECT_FROZEN_LINEAR_PORTFOLIO,neutral,2018-01-31,neutral,0.015187490168393039,-0.004139570896936562,0.014408727371805652,0.41304347826086957,0.07892968228746484,0.5434782608695652,0.6666666666666666,,,{},2377.TW,2018-01-31,2018-02-01
0.05453789526088404,4691000,0,-0.028985507246376815,-0.2898550724637681,1.0,D-1 estimated accounting; fill-day constraints require ledger audit,direct,V4_DIRECT_FROZEN_LINEAR_PORTFOLIO,neutral,2018-01-31,neutral,0.015187490168393039,-0.004139570896936562,0.014408727371805652,0.41304347826086957,0.07892968228746484,0.5434782608695652,0.6666666666666666,,,{},2609.TW,2018-01-31,2018-02-01
0.00795073310363274,27000,0,0.015217391304347828,0.15217391304347827,1.0,D-1 estimated accounting; fill-day constraints require ledger audit,direct,V4_DIRECT_FROZEN_LINEAR_PORTFOLIO,neutral,2018-01-31,neutral,0.015187490168393039,-0.004139570896936562,0.014408727371805652,0.41304347826086957,0.07892968228746484,0.5434782608695652,0.6666666666666666,,,{},2912.TW,2018-01-31,2018-02-01
0.04458343210474668,2098000,0,0.05,0.5,1.0,D-1 estimated accounting; fill-day constraints require ledger audit,direct,V4_DIRECT_FROZEN_LINEAR_PORTFOLIO,neutral,2018-01-31,neutral,0.015187490168393039,-0.004139570896936562,0.014408727371805652,0.41304347826086957,0.07892968228746484,0.5434782608695652,0.6666666666666666,,,{},3037.TW,2018-01-31,2018-02-01
0.011772897408942997,479000,0,-0.026086956521739132,-0.2608695652173913,1.0,D-1 estimated accounting; fill-day constraints require ledger audit,direct,V4_DIRECT_FROZEN_LINEAR_PORTFOLIO,neutral,2018-01-31,neutral,0.015187490168393039,-0.004139570896936562,0.014408727371805652,0.41304347826086957,0.07892968228746484,0.5434782608695652,0.6666666666666666,,,{},3231.TW,2018-01-31,2018-02-01
0.029862788184043105,322000,0,0.04855072463768117,0.48550724637681164,1.0,D-1 estimated accounting; fill-day constraints require ledger audit,direct,V4_DIRECT_FROZEN_LINEAR_PORTFOLIO,neutral,2018-01-31,neutral,0.015187490168393039,-0.004139570896936562,0.014408727371805652,0.41304347826086957,0.07892968228746484,0.5434782608695652,0.6666666666666666,,,{},3324.TWO,2018-01-31,2018-02-01
0.09989733282239821,277000,0,0.011594202898550721,0.1159420289855072,1.0,D-1 estimated accounting; fill-day constraints require ledger audit,direct,V4_DIRECT_FROZEN_LINEAR_PORTFOLIO,neutral,2018-01-31,neutral,0.015187490168393039,-0.004139570896936562,0.014408727371805652,0.41304347826086957,0.07892968228746484,0.5434782608695652,0.6666666666666666,,,{},3443.TW,2018-01-31,2018-02-01
0.046292006692641566,3359000,0,-0.04057971014492754,-0.4057971014492754,1.0,D-1 estimated accounting; fill-day constraints require ledger audit,direct,V4_DIRECT_FROZEN_LINEAR_PORTFOLIO,neutral,2018-01-31,neutral,0.015187490168393039,-0.004139570896936562,0.014408727371805652,0.41304347826086957,0.07892968228746484,0.5434782608695652,0.6666666666666666,,,{},3481.TW,2018-01-31,2018-02-01
0.0704930762051093,169000,0,-0.042028985507246375,-0.42028985507246375,1.0,D-1 estimated accounting; fill-day constraints require ledger audit,direct,V4_DIRECT_FROZEN_LINEAR_PORTFOLIO,neutral,2018-01-31,neutral,0.015187490168393039,-0.004139570896936562,0.014408727371805652,0.41304347826086957,0.07892968228746484,0.5434782608695652,0.6666666666666666,,,{},3529.TWO,2018-01-31,2018-02-01
0.07645030109050963,646000,0,0.04927536231884058,0.49275362318840576,1.0,D-1 estimated accounting; fill-day constraints require ledger audit,direct,V4_DIRECT_FROZEN_LINEAR_PORTFOLIO,neutral,2018-01-31,neutral,0.015187490168393039,-0.004139570896936562,0.014408727371805652,0.41304347826086957,0.07892968228746484,0.5434782608695652,0.6666666666666666,,,{},3661.TW,2018-01-31,2018-02-01
0.05822687507847124,1587000,0,0.04782608695652174,0.4782608695652174,1.0,D-1 estimated accounting; fill-day constraints require ledger audit,direct,V4_DIRECT_FROZEN_LINEAR_PORTFOLIO,neutral,2018-01-31,neutral,0.015187490168393039,-0.004139570896936562,0.014408727371805652,0.41304347826086957,0.07892968228746484,0.5434782608695652,0.6666666666666666,,,{},4979.TWO,2018-01-31,2018-02-01
0.044906923095243315,58000,0,-0.025362318840579712,-0.2536231884057971,1.0,D-1 estimated accounting; fill-day constraints require ledger audit,direct,V4_DIRECT_FROZEN_LINEAR_PORTFOLIO,neutral,2018-01-31,neutral,0.015187490168393039,-0.004139570896936562,0.014408727371805652,0.41304347826086957,0.07892968228746484,0.5434782608695652,0.6666666666666666,,,{},5274.TWO,2018-01-31,2018-02-01
0.06016576663319044,591000,0,0.035507246376811595,0.35507246376811596,1.0,D-1 estimated accounting; fill-day constraints require ledger audit,direct,V4_DIRECT_FROZEN_LINEAR_PORTFOLIO,neutral,2018-01-31,neutral,0.015187490168393039,-0.004139570896936562,0.014408727371805652,0.41304347826086957,0.07892968228746484,0.5434782608695652,0.6666666666666666,,,{},5483.TWO,2018-01-31,2018-02-01
0.057176230857787634,846000,0,0.030434782608695657,0.30434782608695654,1.0,D-1 estimated accounting; fill-day constraints require ledger audit,direct,V4_DIRECT_FROZEN_LINEAR_PORTFOLIO,neutral,2018-01-31,neutral,0.015187490168393039,-0.004139570896936562,0.014408727371805652,0.41304347826086957,0.07892968228746484,0.5434782608695652,0.6666666666666666,,,{},6147.TWO,2018-01-31,2018-02-01
0.039568720467679945,416000,416000,0.04710144927536232,0.47101449275362317,1.0,D-1 estimated accounting; fill-day constraints require ledger audit,direct,V4_DIRECT_FROZEN_LINEAR_PORTFOLIO,neutral,2018-01-31,neutral,0.015187490168393039,-0.004139570896936562,0.014408727371805652,0.41304347826086957,0.07892968228746484,0.5434782608695652,0.6666666666666666,,,{},6239.TW,2018-01-31,2018-02-01
0.0712517968646663,786000,0,-0.03260869565217391,-0.32608695652173914,1.0,D-1 estimated accounting; fill-day constraints require ledger audit,direct,V4_DIRECT_FROZEN_LINEAR_PORTFOLIO,neutral,2018-01-31,neutral,0.015187490168393039,-0.004139570896936562,0.014408727371805652,0.41304347826086957,0.07892968228746484,0.5434782608695652,0.6666666666666666,,,{},6274.TWO,2018-01-31,2018-02-01
0.005804198013501822,73000,0,-0.0463768115942029,-0.463768115942029,1.0,D-1 estimated accounting; fill-day constraints require ledger audit,direct,V4_DIRECT_FROZEN_LINEAR_PORTFOLIO,neutral,2018-01-31,neutral,0.015187490168393039,-0.004139570896936562,0.014408727371805652,0.41304347826086957,0.07892968228746484,0.5434782608695652,0.6666666666666666,,,{},6290.TWO,2018-01-31,2018-02-01
0.0,0,-49000,-0.04782608695652174,-0.4782608695652174,1.0,D-1 estimated accounting; fill-day constraints require ledger audit,direct,V4_DIRECT_FROZEN_LINEAR_PORTFOLIO,neutral,2018-01-31,neutral,0.015187490168393039,-0.004139570896936562,0.014408727371805652,0.41304347826086957,0.07892968228746484,0.5434782608695652,0.6666666666666666,,,{},6548.TWO,2018-01-31,2018-02-01
0.036690823156779385,689000,0,0.03985507246376812,0.39855072463768115,1.0,D-1 estimated accounting; fill-day constraints require ledger audit,direct,V4_DIRECT_FROZEN_LINEAR_PORTFOLIO,neutral,2018-01-31,neutral,0.015187490168393039,-0.004139570896936562,0.014408727371805652,0.41304347826086957,0.07892968228746484,0.5434782608695652,0.6666666666666666,,,{},8069.TWO,2018-01-31,2018-02-01
0.043689823318421264,977000,0,0.010144927536231885,0.10144927536231885,1.0,D-1 estimated accounting; fill-day constraints require ledger audit,direct,V4_DIRECT_FROZEN_LINEAR_PORTFOLIO,neutral,2018-01-31,neutral,0.015187490168393039,-0.004139570896936562,0.014408727371805652,0.41304347826086957,0.07892968228746484,0.5434782608695652,0.6666666666666666,,,{},8210.TW,2018-01-31,2018-02-01
0.015713050558072133,408000,0,0.021739130434782608,0.21739130434782605,1.0,D-1 estimated accounting; fill-day constraints require ledger audit,direct,V4_DIRECT_FROZEN_LINEAR_PORTFOLIO,neutral,2018-02-01,neutral,0.015275782451915899,-0.006105737604610029,0.013203457590732603,0.37681159420289856,0.06808913845575773,0.5869565217391305,0.7101449275362319,,,{},1101.TW,2018-02-01,2018-02-02
0.05332637180302119,475000,0,0.031159420289855078,0.3115942028985508,1.0,D-1 estimated accounting; fill-day constraints require ledger audit,direct,V4_DIRECT_FROZEN_LINEAR_PORTFOLIO,neutral,2018-02-01,neutral,0.015275782451915899,-0.006105737604610029,0.013203457590732603,0.37681159420289856,0.06808913845575773,0.5869565217391305,0.7101449275362319,,,{},1326.TW,2018-02-01,2018-02-02
0.02321463504358651,195000,195000,0.04927536231884058,0.49275362318840576,1.0,D-1 estimated accounting; fill-day constraints require ledger audit,direct,V4_DIRECT_FROZEN_LINEAR_PORTFOLIO,neutral,2018-02-01,neutral,0.015275782451915899,-0.006105737604610029,0.013203457590732603,0.37681159420289856,0.06808913845575773,0.5869565217391305,0.7101449275362319,,,{},2345.TW,2018-02-01,2018-02-02
0.027324884447100132,375000,0,-0.01811594202898551,-0.1811594202898551,1.0,D-1 estimated accounting; fill-day constraints require ledger audit,direct,V4_DIRECT_FROZEN_LINEAR_PORTFOLIO,neutral,2018-02-01,neutral,0.015275782451915899,-0.006105737604610029,0.013203457590732603,0.37681159420289856,0.06808913845575773,0.5869565217391305,0.7101449275362319,,,{},2376.TW,2018-02-01,2018-02-02
0.020904437084465093,217000,0,0.03188405797101449,0.3188405797101449,1.0,D-1 estimated accounting; fill-day constraints require ledger audit,direct,V4_DIRECT_FROZEN_LINEAR_PORTFOLIO,neutral,2018-02-01,neutral,0.015275782451915899,-0.006105737604610029,0.013203457590732603,0.37681159420289856,0.06808913845575773,0.5869565217391305,0.7101449275362319,,,{},2377.TW,2018-02-01,2018-02-02
0.05547111340968318,4691000,0,0.004347826086956519,0.04347826086956519,1.0,D-1 estimated accounting; fill-day constraints require ledger audit,direct,V4_DIRECT_FROZEN_LINEAR_PORTFOLIO,neutral,2018-02-01,neutral,0.015275782451915899,-0.006105737604610029,0.013203457590732603,0.37681159420289856,0.06808913845575773,0.5869565217391305,0.7101449275362319,,,{},2609.TW,2018-02-01,2018-02-02
0.008135804234950942,27000,0,0.014492753623188404,0.14492753623188404,1.0,D-1 estimated accounting; fill-day constraints require ledger audit,direct,V4_DIRECT_FROZEN_LINEAR_PORTFOLIO,neutral,2018-02-01,neutral,0.015275782451915899,-0.006105737604610029,0.013203457590732603,0.37681159420289856,0.06808913845575773,0.5869565217391305,0.7101449275362319,,,{},2912.TW,2018-02-01,2018-02-02
0.04493871666260908,2098000,0,0.05,0.5,1.0,D-1 estimated accounting; fill-day constraints require ledger audit,direct,V4_DIRECT_FROZEN_LINEAR_PORTFOLIO,neutral,2018-02-01,neutral,0.015275782451915899,-0.006105737604610029,0.013203457590732603,0.37681159420289856,0.06808913845575773,0.5869565217391305,0.7101449275362319,,,{},3037.TW,2018-02-01,2018-02-02
0.011776960394442194,479000,0,-0.02028985507246377,-0.2028985507246377,1.0,D-1 estimated accounting; fill-day constraints require ledger audit,direct,V4_DIRECT_FROZEN_LINEAR_PORTFOLIO,neutral,2018-02-01,neutral,0.015275782451915899,-0.006105737604610029,0.013203457590732603,0.37681159420289856,0.06808913845575773,0.5869565217391305,0.7101449275362319,,,{},3231.TW,2018-02-01,2018-02-02
0.02985065013670695,322000,0,0.04420289855072464,0.44202898550724634,1.0,D-1 estimated accounting; fill-day constraints require ledger audit,direct,V4_DIRECT_FROZEN_LINEAR_PORTFOLIO,neutral,2018-02-01,neutral,0.015275782451915899,-0.006105737604610029,0.013203457590732603,0.37681159420289856,0.06808913845575773,0.5869565217391305,0.7101449275362319,,,{},3324.TWO,2018-02-01,2018-02-02
0.09702450835565463,277000,0,0.023188405797101453,0.23188405797101452,1.0,D-1 estimated accounting; fill-day constraints require ledger audit,direct,V4_DIRECT_FROZEN_LINEAR_PORTFOLIO,neutral,2018-02-01,neutral,0.015275782451915899,-0.006105737604610029,0.013203457590732603,0.37681159420289856,0.06808913845575773,0.5869565217391305,0.7101449275362319,,,{},3443.TW,2018-02-01,2018-02-02
0.0,0,-3359000,-0.044202898550724644,-0.4420289855072464,1.0,D-1 estimated accounting; fill-day constraints require ledger audit,direct,V4_DIRECT_FROZEN_LINEAR_PORTFOLIO,neutral,2018-02-01,neutral,0.015275782451915899,-0.006105737604610029,0.013203457590732603,0.37681159420289856,0.06808913845575773,0.5869565217391305,0.7101449275362319,,,{},3481.TW,2018-02-01,2018-02-02
0.0716496288942801,169000,0,-0.03840579710144928,-0.38405797101449274,1.0,D-1 estimated accounting; fill-day constraints require ledger audit,direct,V4_DIRECT_FROZEN_LINEAR_PORTFOLIO,neutral,2018-02-01,neutral,0.015275782451915899,-0.006105737604610029,0.013203457590732603,0.37681159420289856,0.06808913845575773,0.5869565217391305,0.7101449275362319,,,{},3529.TWO,2018-02-01,2018-02-02
0.07545631752477969,646000,0,-0.03768115942028986,-0.37681159420289856,1.0,D-1 estimated accounting; fill-day constraints require ledger audit,direct,V4_DIRECT_FROZEN_LINEAR_PORTFOLIO,neutral,2018-02-01,neutral,0.015275782451915899,-0.006105737604610029,0.013203457590732603,0.37681159420289856,0.06808913845575773,0.5869565217391305,0.7101449275362319,,,{},3661.TW,2018-02-01,2018-02-02
0.05808289305954724,1587000,0,0.038405797101449285,0.3840579710144928,1.0,D-1 estimated accounting; fill-day constraints require ledger audit,direct,V4_DIRECT_FROZEN_LINEAR_PORTFOLIO,neutral,2018-02-01,neutral,0.015275782451915899,-0.006105737604610029,0.013203457590732603,0.37681159420289856,0.06808913845575773,0.5869565217391305,0.7101449275362319,,,{},4979.TWO,2018-02-01,2018-02-02
0.04547931059689838,58000,0,-0.035507246376811595,-0.35507246376811596,1.0,D-1 estimated accounting; fill-day constraints require ledger audit,direct,V4_DIRECT_FROZEN_LINEAR_PORTFOLIO,neutral,2018-02-01,neutral,0.015275782451915899,-0.006105737604610029,0.013203457590732603,0.37681159420289856,0.06808913845575773,0.5869565217391305,0.7101449275362319,,,{},5274.TWO,2018-02-01,2018-02-02
0.061232805477286156,591000,0,0.034782608695652174,0.34782608695652173,1.0,D-1 estimated accounting; fill-day constraints require ledger audit,direct,V4_DIRECT_FROZEN_LINEAR_PORTFOLIO,neutral,2018-02-01,neutral,0.015275782451915899,-0.006105737604610029,0.013203457590732603,0.37681159420289856,0.06808913845575773,0.5869565217391305,0.7101449275362319,,,{},5483.TWO,2018-02-01,2018-02-02
0.05592901722701722,846000,0,-0.028260869565217395,-0.28260869565217395,1.0,D-1 estimated accounting; fill-day constraints require ledger audit,direct,V4_DIRECT_FROZEN_LINEAR_PORTFOLIO,neutral,2018-02-01,neutral,0.015275782451915899,-0.006105737604610029,0.013203457590732603,0.37681159420289856,0.06808913845575773,0.5869565217391305,0.7101449275362319,,,{},6147.TWO,2018-02-01,2018-02-02
0.04100303246457328,416000,0,0.045652173913043485,0.4565217391304348,1.0,D-1 estimated accounting; fill-day constraints require ledger audit,direct,V4_DIRECT_FROZEN_LINEAR_PORTFOLIO,neutral,2018-02-01,neutral,0.015275782451915899,-0.006105737604610029,0.013203457590732603,0.37681159420289856,0.06808913845575773,0.5869565217391305,0.7101449275362319,,,{},6239.TW,2018-02-01,2018-02-02
0.0699249348132991,786000,0,-0.03188405797101449,-0.3188405797101449,1.0,D-1 estimated accounting; fill-day constraints require ledger audit,direct,V4_DIRECT_FROZEN_LINEAR_PORTFOLIO,neutral,2018-02-01,neutral,0.015275782451915899,-0.006105737604610029,0.013203457590732603,0.37681159420289856,0.06808913845575773,0.5869565217391305,0.7101449275362319,,,{},6274.TWO,2018-02-01,2018-02-02
0.005788663406763285,73000,0,-0.036231884057971016,-0.36231884057971014,1.0,D-1 estimated accounting; fill-day constraints require ledger audit,direct,V4_DIRECT_FROZEN_LINEAR_PORTFOLIO,neutral,2018-02-01,neutral,0.015275782451915899,-0.006105737604610029,0.013203457590732603,0.37681159420289856,0.06808913845575773,0.5869565217391305,0.7101449275362319,,,{},6290.TWO,2018-02-01,2018-02-02
0.03596885611450889,689000,0,0.04347826086956522,0.4347826086956522,1.0,D-1 estimated accounting; fill-day constraints require ledger audit,direct,V4_DIRECT_FROZEN_LINEAR_PORTFOLIO,neutral,2018-02-01,neutral,0.015275782451915899,-0.006105737604610029,0.013203457590732603,0.37681159420289856,0.06808913845575773,0.5869565217391305,0.7101449275362319,,,{},8069.TWO,2018-02-01,2018-02-02
0.044742736772040666,977000,0,0.025362318840579712,0.2536231884057971,1.0,D-1 estimated accounting; fill-day constraints require ledger audit,direct,V4_DIRECT_FROZEN_LINEAR_PORTFOLIO,neutral,2018-02-01,neutral,0.015275782451915899,-0.006105737604610029,0.013203457590732603,0.37681159420289856,0.06808913845575773,0.5869565217391305,0.7101449275362319,,,{},8210.TW,2018-02-01,2018-02-02
