date,nav,economic_nav,cash,cash_ratio,holdings,dividend_receivable,odd_residual_names,fees,taxes,costs,traded_notional,turnover,violations,active_cap_breaches,passive_cap_breaches,overdue_passive_caps,active_share_status,submission_status,stale_count,executed_plan,terminal_dividend_credit
2025-01-02,992758094.0828477,992758094.0828477,100671595.19638371,0.10140596767371454,20,0.0,0,1279719.3767333084,0.0,1279719.3767333084,898048685.4268831,0.8980486854268831,,,,,UNKNOWN_MISSING_HISTORICAL_ETF_HOLDINGS,BLOCK_SUBMISSION,0,BUY_CASH_CAP_CORRECTION,0.0
2025-01-03,991807474.4646871,991807474.4646871,11802074.28550642,0.011899561748994087,24,0.0,0,126458.86341763003,0.0,126458.86341763003,88743062.04745966,0.08939041905213001,,,,,UNKNOWN_MISSING_HISTORICAL_ETF_HOLDINGS,BLOCK_SUBMISSION,0,BUY_CASH_CAP_CORRECTION,0.0
2025-01-06,1011684629.3283005,1011684629.3283005,189211729.3044178,0.18702639520187564,20,0.0,0,253932.4093131594,534594.545922441,788526.9552356004,178198181.97414696,0.17967013413598915,,,,,UNKNOWN_MISSING_HISTORICAL_ETF_HOLDINGS,BLOCK_SUBMISSION,0,SELL_THEN_WAIT_SETTLEMENT,0.0
2025-01-07,1015906863.0728382,1015906863.0728382,100205161.30261469,0.09863616926410133,21,0.0,0,126653.87762695104,0.0,126653.87762695104,88879914.12417617,0.08785337994428881,,,,,UNKNOWN_MISSING_HISTORICAL_ETF_HOLDINGS,BLOCK_SUBMISSION,0,BUY_CASH_CAP_CORRECTION,0.0
2025-01-08,1020383554.2043328,1021485933.4812129,141507854.7536055,0.1386810422125526,20,1102379.27688,0,59117.93503017043,124458.8105898325,183576.74562000294,41486270.19661083,0.04083668661428893,,,,,UNKNOWN_MISSING_HISTORICAL_ETF_HOLDINGS,BLOCK_SUBMISSION,0,SELL_THEN_WAIT_SETTLEMENT,0.0
2025-01-09,996380728.9098883,997483108.1867683,107811328.82618603,0.10820294461549787,21,1102379.27688,0,47949.22180549993,0.0,47949.22180549993,33648576.705613986,0.032976400459386296,,,,,UNKNOWN_MISSING_HISTORICAL_ETF_HOLDINGS,BLOCK_SUBMISSION,0,BUY_CASH_CAP_CORRECTION,0.0
2025-01-10,1000726514.2002854,1001828893.4771655,153402614.47993323,0.1532912462127802,20,1102379.27688,0,65256.34136713936,137381.77129924076,202638.11266638013,45793923.766413584,0.04596026642999751,,,,,UNKNOWN_MISSING_HISTORICAL_ETF_HOLDINGS,BLOCK_SUBMISSION,0,SELL_THEN_WAIT_SETTLEMENT,0.0
2025-01-13,971901507.6694522,973003886.9463322,106661103.5380395,0.10974476600391837,25,1102379.27688,0,66511.87367221566,0.0,66511.87367221566,46674999.068221524,0.046641113636847226,,,,,UNKNOWN_MISSING_HISTORICAL_ETF_HOLDINGS,BLOCK_SUBMISSION,0,BUY_WITH_SETTLED_CASH,0.0
2025-01-14,983009140.0832356,984111519.3601156,194178637.8932017,0.1975349261521208,22,1102379.27688,0,125266.79201075374,263719.5621279025,388986.3541386563,87906520.70930085,0.09044797236717347,,,,,UNKNOWN_MISSING_HISTORICAL_ETF_HOLDINGS,BLOCK_SUBMISSION,0,SELL_THEN_WAIT_SETTLEMENT,0.0
2025-01-15,974676284.4873129,975778663.7641929,95124684.05796671,0.09759618200621657,27,1102379.27688,0,140951.02899888644,0.0,140951.02899888644,98913002.8062361,0.10062266847067232,,,,,UNKNOWN_MISSING_HISTORICAL_ETF_HOLDINGS,BLOCK_SUBMISSION,0,BUY_CASH_CAP_CORRECTION,0.0
2025-01-16,1000862535.4103794,1001964914.6872594,192980989.7594548,0.19281468027008086,24,1102379.27688,0,140065.02335295733,294873.73337464704,434938.75672760437,98291244.45821567,0.1008450149271023,,,,,UNKNOWN_MISSING_HISTORICAL_ETF_HOLDINGS,BLOCK_SUBMISSION,0,SELL_THEN_WAIT_SETTLEMENT,0.0
2025-01-17,993757194.375466,994859573.652346,100430041.73211798,0.10106094557155279,26,1102379.27688,0,131697.43209821495,0.0,131697.43209821495,92419250.59523857,0.09233960441664878,,,,,UNKNOWN_MISSING_HISTORICAL_ETF_HOLDINGS,BLOCK_SUBMISSION,0,BUY_CASH_CAP_CORRECTION,0.0
2025-01-20,1001740375.792465,1002842755.069345,177542379.97061652,0.1772339263356185,24,1102379.27688,0,110373.48465947859,232365.2308620602,342738.7155215388,77455076.95402005,0.07794165153460576,,,,,UNKNOWN_MISSING_HISTORICAL_ETF_HOLDINGS,BLOCK_SUBMISSION,0,SELL_THEN_WAIT_SETTLEMENT,0.0
2025-01-21,1008312868.3947049,1009415247.671585,100417469.59999143,0.09958959440819407,24,1102379.27688,0,109746.60836122603,0.0,109746.60836122603,77015163.76226388,0.07688136130216185,,,,,UNKNOWN_MISSING_HISTORICAL_ETF_HOLDINGS,BLOCK_SUBMISSION,0,BUY_CASH_CAP_CORRECTION,0.0
2025-01-22,1025549038.1208401,1026651417.3977201,180571240.75450224,0.17607275131901162,22,1102379.27688,0,114726.78994066533,241530.08408561122,356256.8740262765,80510028.02853706,0.07984627644067847,,,,,UNKNOWN_MISSING_HISTORICAL_ETF_HOLDINGS,BLOCK_SUBMISSION,0,SELL_THEN_WAIT_SETTLEMENT,0.0
2025-02-03,998935898.4788396,1000038277.7557197,109999500.67098407,0.11011667599341379,23,1102379.27688,0,100421.62879797627,0.0,100421.62879797627,70471318.45472018,0.06871569845538344,,,,,UNKNOWN_MISSING_HISTORICAL_ETF_HOLDINGS,BLOCK_SUBMISSION,0,BUY_CASH_CAP_CORRECTION,0.0
2025-02-04,981116721.0499458,982219100.3268259,182248322.88446242,0.1857560053501368,21,1102379.27688,0,103412.17050870768,217709.83264991094,321122.00315861864,72569944.21663697,0.07264724826402283,,,,,UNKNOWN_MISSING_HISTORICAL_ETF_HOLDINGS,BLOCK_SUBMISSION,0,SELL_THEN_WAIT_SETTLEMENT,0.0
2025-02-05,989299617.2851832,990401996.5620632,97607971.10000607,0.0986637105630951,27,1102379.27688,0,120440.87304875584,0.0,120440.87304875584,84519910.91140759,0.086146641982575,,,,,UNKNOWN_MISSING_HISTORICAL_ETF_HOLDINGS,BLOCK_SUBMISSION,0,BUY_WITH_SETTLED_CASH,0.0
2025-02-06,999747614.0024852,1000849993.2793652,171481865.5149338,0.17152515606254554,25,1102379.27688,0,105738.19103660899,222606.7179718084,328344.9090084174,74202239.32393612,0.07500481959910231,,,,,UNKNOWN_MISSING_HISTORICAL_ETF_HOLDINGS,BLOCK_SUBMISSION,0,SELL_THEN_WAIT_SETTLEMENT,0.0
2025-02-07,1012542145.1232492,1013644524.4001292,100860245.22566609,0.09961091072746323,25,1102379.27688,0,100492.60694730654,0.0,100492.60694730654,70521127.6823204,0.07053893072071397,,,,,UNKNOWN_MISSING_HISTORICAL_ETF_HOLDINGS,BLOCK_SUBMISSION,0,BUY_CASH_CAP_CORRECTION,0.0
2025-02-10,1008194783.920329,1009297163.197209,135365486.57385275,0.1342652121720854,24,1102379.27688,0,49388.513091596295,103975.81703493957,153364.33012653585,34658605.67831319,0.03422929686950903,,,,,UNKNOWN_MISSING_HISTORICAL_ETF_HOLDINGS,BLOCK_SUBMISSION,0,SELL_THEN_WAIT_SETTLEMENT,0.0
2025-02-11,1015256692.7503922,1016359072.0272722,107337494.66349262,0.10572448862435845,25,1102379.27688,0,39883.055118719,0.0,39883.055118719,27988108.855241403,0.02776061660070354,,,,,UNKNOWN_MISSING_HISTORICAL_ETF_HOLDINGS,BLOCK_SUBMISSION,0,BUY_CASH_CAP_CORRECTION,0.0
2025-02-12,1004517183.2243736,1005619562.5012536,181915987.24810368,0.18109793469552835,23,1102379.27688,0,106746.70610759687,224729.90759494077,331476.6137025376,74909969.1983136,0.07378426533232489,,,,,UNKNOWN_MISSING_HISTORICAL_ETF_HOLDINGS,BLOCK_SUBMISSION,0,SELL_THEN_WAIT_SETTLEMENT,0.0
2025-02-13,1007042262.103884,1008144641.380764,101661864.46537971,0.10095094147587276,26,1102379.27688,0,114199.39083344396,0.0,114199.39083344396,80139923.39189051,0.07977954457150395,,,,,UNKNOWN_MISSING_HISTORICAL_ETF_HOLDINGS,BLOCK_SUBMISSION,0,BUY_CASH_CAP_CORRECTION,0.0
2025-02-14,998814256.2092392,999916635.4861193,191375958.36705977,0.19160315061318955,23,1102379.27688,0,128410.80160700508,270338.52969895804,398749.3313059631,90112843.232986,0.08948268272746053,,,,,UNKNOWN_MISSING_HISTORICAL_ETF_HOLDINGS,BLOCK_SUBMISSION,0,SELL_THEN_WAIT_SETTLEMENT,0.0
2025-02-17,1002878256.857964,1003980636.1348441,99674109.39938354,0.09938804507704091,25,1102379.27688,0,130489.18768648538,0.0,130489.18768648538,91571359.77998975,0.09168006885236796,,,,,UNKNOWN_MISSING_HISTORICAL_ETF_HOLDINGS,BLOCK_SUBMISSION,0,BUY_CASH_CAP_CORRECTION,0.0
2025-02-18,1013638215.2127739,1014740594.489654,192257217.29031727,0.18967045086195802,23,1102379.27688,0,132517.31787618264,278983.8271077529,411501.1449839355,92994609.03591764,0.09272771485471372,,,,,UNKNOWN_MISSING_HISTORICAL_ETF_HOLDINGS,BLOCK_SUBMISSION,0,SELL_THEN_WAIT_SETTLEMENT,0.0
2025-02-19,1007528755.83409,1008631135.11097,102373507.06866705,0.10160852132097847,23,1102379.27688,0,127902.02667783567,0.0,127902.02667783567,89755808.19497238,0.08854816920663516,,,,,UNKNOWN_MISSING_HISTORICAL_ETF_HOLDINGS,BLOCK_SUBMISSION,0,BUY_CASH_CAP_CORRECTION,0.0
2025-02-20,1000027282.4483124,1001129661.7251924,202124985.2375073,0.20211947092348892,20,1102379.27688,0,142777.64748069944,300584.5210119988,443362.1684926982,100194840.33733293,0.0994461346707528,,,,,UNKNOWN_MISSING_HISTORICAL_ETF_HOLDINGS,BLOCK_SUBMISSION,0,SELL_THEN_WAIT_SETTLEMENT,0.0
2025-02-21,1003306942.1004496,1004409321.3773296,98243093.08911374,0.09791927970062604,25,1102379.27688,0,147821.05131333935,0.0,147821.05131333935,103734071.09708025,0.10373124105485779,,,,,UNKNOWN_MISSING_HISTORICAL_ETF_HOLDINGS,BLOCK_SUBMISSION,0,BUY_WITH_SETTLED_CASH,0.0
2025-02-24,1000259653.8821573,1001362033.1590374,172479858.59611604,0.17243508515683492,23,1102379.27688,0,106257.58064181833,223700.16977224912,329957.7504140675,74566723.25741637,0.07432094818491833,,,,,UNKNOWN_MISSING_HISTORICAL_ETF_HOLDINGS,BLOCK_SUBMISSION,0,SELL_THEN_WAIT_SETTLEMENT,0.0
2025-02-25,995895475.0210885,996997854.2979685,103750230.93810955,0.10417783144954303,23,1102379.27688,0,97800.35390833988,0.0,97800.35390833988,68631827.30409816,0.06861401140966525,,,,,UNKNOWN_MISSING_HISTORICAL_ETF_HOLDINGS,BLOCK_SUBMISSION,0,BUY_CASH_CAP_CORRECTION,0.0
2025-02-26,1003802163.4500269,1004904542.7269069,175054614.35416365,0.17439154917987834,21,1102379.27688,0,102060.36347625955,214863.92310791483,316924.2865841744,71621307.70263827,0.07191649073525679,,,,,UNKNOWN_MISSING_HISTORICAL_ETF_HOLDINGS,BLOCK_SUBMISSION,0,SELL_THEN_WAIT_SETTLEMENT,0.0
2025-02-27,984188028.8897343,985290408.1666143,103511381.87126559,0.1051743963885002,23,1102379.27688,0,101804.0355374888,0.0,101804.0355374888,71441428.44736056,0.07117082533655765,,,,,UNKNOWN_MISSING_HISTORICAL_ETF_HOLDINGS,BLOCK_SUBMISSION,0,BUY_CASH_CAP_CORRECTION,0.0
2025-03-03,970753506.113282,971855885.390162,166987657.66918248,0.17201859856038046,21,1102379.27688,0,90855.72961558055,191275.2202433275,282130.9498589081,63758406.74777582,0.06478274971470836,,,,,UNKNOWN_MISSING_HISTORICAL_ETF_HOLDINGS,BLOCK_SUBMISSION,0,SELL_THEN_WAIT_SETTLEMENT,0.0
2025-03-04,978716275.3617523,979818654.6386323,100212928.69863087,0.10239221643840576,28,1102379.27688,0,95018.5872961391,0.0,95018.5872961391,66679710.38325551,0.06868861143775702,,,,,UNKNOWN_MISSING_HISTORICAL_ETF_HOLDINGS,BLOCK_SUBMISSION,0,BUY_WITH_SETTLED_CASH,0.0
2025-03-05,981466370.0827345,982568749.3596145,181244574.72469783,0.18466712691278409,26,1102379.27688,0,115983.32178604868,244175.41428641826,360158.73607246694,81391804.76213941,0.08316179756186791,,,,,UNKNOWN_MISSING_HISTORICAL_ETF_HOLDINGS,BLOCK_SUBMISSION,0,SELL_THEN_WAIT_SETTLEMENT,0.0
2025-03-06,980874081.420238,981976460.697118,98377578.9284927,0.10029582878369948,26,1102379.27688,0,117917.43666234844,0.0,117917.43666234844,82749078.35954279,0.08431167983123793,,,,,UNKNOWN_MISSING_HISTORICAL_ETF_HOLDINGS,BLOCK_SUBMISSION,0,REPLAN_FUNDED_RULE_REPAIR,0.0
2025-03-07,969846004.5980558,970948383.8749359,201989056.71023732,0.20826920537137225,23,1102379.27688,0,148302.59482106933,312215.9890969881,460518.58391805744,104071996.3656627,0.10610128082390924,,,,,UNKNOWN_MISSING_HISTORICAL_ETF_HOLDINGS,BLOCK_SUBMISSION,0,SELL_THEN_WAIT_SETTLEMENT,0.0
2025-03-10,966316128.6082504,967418507.8851304,93191881.0962407,0.09644036598091511,23,1102379.27688,0,154815.3633571613,0.0,154815.3633571613,108642360.25063948,0.11202021737014357,,,,,UNKNOWN_MISSING_HISTORICAL_ETF_HOLDINGS,BLOCK_SUBMISSION,0,REPLAN_FUNDED_RULE_REPAIR,0.0
2025-03-11,951143334.1133754,952245713.3902555,161196687.07957628,0.16947675633960946,21,1102379.27688,0,97337.56726138483,204921.19423449438,302258.7614958792,68307064.74483146,0.07068811408872126,,,,,UNKNOWN_MISSING_HISTORICAL_ETF_HOLDINGS,BLOCK_SUBMISSION,0,SELL_THEN_WAIT_SETTLEMENT,0.0
2025-03-12,951383701.1484394,952486080.4253194,98129503.43545504,0.10314398209366045,21,1102379.27688,0,89742.85312716654,0.0,89742.85312716654,62977440.79099406,0.06621235573258742,,,,,UNKNOWN_MISSING_HISTORICAL_ETF_HOLDINGS,BLOCK_SUBMISSION,0,REPLAN_FUNDED_RULE_REPAIR,0.0
2025-03-13,951867761.0299082,952970140.3067882,136697856.3686819,0.14361013363954742,20,1102379.27688,0,55204.181432687925,116219.32933197459,171423.51076466253,38739776.44399153,0.040719403114881786,,,,,UNKNOWN_MISSING_HISTORICAL_ETF_HOLDINGS,BLOCK_SUBMISSION,0,SELL_THEN_WAIT_SETTLEMENT,0.0
2025-03-14,952896621.4345131,953999000.7113931,97556174.58720444,0.10237855019397704,20,1102379.27688,0,55697.52756182979,0.0,55697.52756182979,39085984.25391564,0.041062409983951054,,,,,UNKNOWN_MISSING_HISTORICAL_ETF_HOLDINGS,BLOCK_SUBMISSION,0,REPLAN_FUNDED_RULE_REPAIR,0.0
2025-03-17,957931897.1477956,959034276.4246756,97458849.8076788,0.10173880846629983,20,1102379.27688,0,138.4904619158029,0.0,138.4904619158029,97186.28906372133,0.00010199038056973567,,,,,UNKNOWN_MISSING_HISTORICAL_ETF_HOLDINGS,BLOCK_SUBMISSION,0,REPLAN_FUNDED_RULE_REPAIR,0.0
2025-03-18,961168503.4228139,962270882.6996939,96261454.59919764,0.1001504463123805,20,1102379.27688,0,1703.8601713415026,0.0,1703.8601713415026,1195691.3483098263,0.0012482007874150033,,,,,UNKNOWN_MISSING_HISTORICAL_ETF_HOLDINGS,BLOCK_SUBMISSION,0,REPLAN_FUNDED_RULE_REPAIR,0.0
2025-03-19,951253181.6767662,952355560.9536462,95100882.35319985,0.09997431197608854,20,1102379.27688,0,1651.4621170300857,0.0,1651.4621170300857,1158920.7838807618,0.001205741532055756,,,,,UNKNOWN_MISSING_HISTORICAL_ETF_HOLDINGS,BLOCK_SUBMISSION,0,REPLAN_FUNDED_RULE_REPAIR,0.0
2025-03-20,969180614.0352243,971270591.7421043,94479914.16478571,0.09748432108171727,20,2089977.70688,0,883.6205092644523,0.0,883.6205092644523,620084.5679048788,0.0006518607031745857,,,,,UNKNOWN_MISSING_HISTORICAL_ETF_HOLDINGS,BLOCK_SUBMISSION,0,REPLAN_FUNDED_RULE_REPAIR,0.0
2025-03-21,972363844.330353,974453822.037233,94167699.45449735,0.09684409802315172,20,2089977.70688,0,444.27287331643123,0.0,444.27287331643123,311770.43741503946,0.0003216845579658987,,,,,UNKNOWN_MISSING_HISTORICAL_ETF_HOLDINGS,BLOCK_SUBMISSION,0,REPLAN_FUNDED_RULE_REPAIR,0.0
2025-03-24,961718810.662292,963808788.369172,93898856.13669255,0.09763649737913381,20,2089977.70688,0,382.556584738575,0.0,382.556584738575,268460.7612200526,0.000276090850956039,,,,,UNKNOWN_MISSING_HISTORICAL_ETF_HOLDINGS,BLOCK_SUBMISSION,0,REPLAN_FUNDED_RULE_REPAIR,0.0
2025-03-25,962228054.2468989,964318031.9537789,92767403.83078836,0.09640895775315349,20,2089977.70688,0,1610.0252499323335,0.0,1610.0252499323335,1129842.280654269,0.0011748156198340325,,,,,UNKNOWN_MISSING_HISTORICAL_ETF_HOLDINGS,BLOCK_SUBMISSION,0,REPLAN_FUNDED_RULE_REPAIR,0.0
2025-03-26,965339687.338225,967429665.045105,92492939.29731785,0.09581387827569053,20,2089977.70688,0,390.5554187237949,0.0,390.5554187237949,274073.9780517859,0.0002848326619060111,,,,,UNKNOWN_MISSING_HISTORICAL_ETF_HOLDINGS,BLOCK_SUBMISSION,0,REPLAN_FUNDED_RULE_REPAIR,0.0
2025-03-27,958702736.2272913,960792713.9341713,92317739.39637285,0.09629443612486568,20,2089977.70688,0,249.3045997919217,0.0,249.3045997919217,174950.5963452082,0.00018123215966351435,,,,,UNKNOWN_MISSING_HISTORICAL_ETF_HOLDINGS,BLOCK_SUBMISSION,0,REPLAN_FUNDED_RULE_REPAIR,0.0
2025-03-28,938845095.0184221,940935072.7253021,91257594.25898892,0.097201971595962,20,2089977.70688,0,1508.5571268663318,0.0,1508.5571268663318,1058636.580257075,0.0011042386135488103,,,,,UNKNOWN_MISSING_HISTORICAL_ETF_HOLDINGS,BLOCK_SUBMISSION,0,REPLAN_FUNDED_RULE_REPAIR,0.0
2025-03-31,892591749.4869999,894681727.1938798,90272149.98695724,0.10113486937207232,20,2089977.70688,0,1402.259867334201,0.0,1402.259867334201,984042.0121643515,0.0010481409738259777,,,,,UNKNOWN_MISSING_HISTORICAL_ETF_HOLDINGS,BLOCK_SUBMISSION,0,REPLAN_FUNDED_RULE_REPAIR,0.0
2025-04-01,907316329.962129,909406307.669009,89762722.70136467,0.09893211412287854,20,2089977.70688,0,724.9008981894954,0.0,724.9008981894954,508702.3846943827,0.0005699160730387097,,,,,UNKNOWN_MISSING_HISTORICAL_ETF_HOLDINGS,BLOCK_SUBMISSION,0,REPLAN_FUNDED_RULE_REPAIR,0.0
2025-04-02,904889101.745834,906979079.452714,89219798.35776797,0.09859749463844035,20,2089977.70688,0,772.5662826724824,0.0,772.5662826724824,542151.7773140228,0.0005975333623022656,,,,,UNKNOWN_MISSING_HISTORICAL_ETF_HOLDINGS,BLOCK_SUBMISSION,0,REPLAN_FUNDED_RULE_REPAIR,0.0
2025-04-07,828132262.0963817,830222239.8032616,88350561.45776796,0.10668653487078533,20,2089977.70688,0,1236.9,0.0,1236.9,868000.0,0.0009592335661080871,,,,,UNKNOWN_MISSING_HISTORICAL_ETF_HOLDINGS,BLOCK_SUBMISSION,0,REPLAN_FUNDED_RULE_REPAIR,0.0
2025-04-08,783989459.7964828,786079437.5033628,88350561.45776796,0.11269355774336946,20,2089977.70688,0,0.0,0.0,0.0,0.0,0.0,,,,,UNKNOWN_MISSING_HISTORICAL_ETF_HOLDINGS,BLOCK_SUBMISSION,0,HOLD_REVALIDATED_ENVELOPE,0.0
2025-04-09,733665305.0596318,735755282.7665118,84662507.31995279,0.11539663486345654,20,2089977.70688,0,5247.998748170497,0.0,5247.998748170497,3682806.1390670147,0.0046975199641370695,,,,,UNKNOWN_MISSING_HISTORICAL_ETF_HOLDINGS,BLOCK_SUBMISSION,0,BUY_CASH_CAP_CORRECTION,0.0
2025-04-10,791972691.1927453,794062668.8996253,79125594.04503736,0.0999094980483112,20,2089977.70688,0,7878.8740212741595,0.0,7878.8740212741595,5529034.400894146,0.007536180820823673,,,,,UNKNOWN_MISSING_HISTORICAL_ETF_HOLDINGS,BLOCK_SUBMISSION,0,BUY_CASH_CAP_CORRECTION,0.0
2025-04-11,815998389.4308947,818088367.1377747,79125594.04503736,0.09696783115003728,20,2089977.70688,0,0.0,0.0,0.0,0.0,0.0,,,,,UNKNOWN_MISSING_HISTORICAL_ETF_HOLDINGS,BLOCK_SUBMISSION,0,HOLD_REVALIDATED_ENVELOPE,0.0
2025-04-14,829957918.7967172,832047896.5035971,78097919.54556745,0.09409864979515437,22,2089977.70688,0,1462.3523097033076,0.0,1462.3523097033076,1026212.1471602158,0.001257615407643061,,,,,UNKNOWN_MISSING_HISTORICAL_ETF_HOLDINGS,BLOCK_SUBMISSION,0,BUY_CASH_CAP_CORRECTION,0.0
2025-04-15,849166208.0985079,851256185.8053879,159689009.8854215,0.1880538914083787,20,2089977.70688,0,116784.07325846073,245861.20685991732,362645.28011837805,81953735.61997244,0.09874444687363178,,,,,UNKNOWN_MISSING_HISTORICAL_ETF_HOLDINGS,BLOCK_SUBMISSION,0,SELL_THEN_WAIT_SETTLEMENT,0.0
2025-04-16,835350595.3762361,837440573.083116,85233391.25662525,0.10203307656498015,29,2089977.70688,0,105948.28024668318,0.0,105948.28024668318,74349670.34854959,0.08755608694679078,,,,,UNKNOWN_MISSING_HISTORICAL_ETF_HOLDINGS,BLOCK_SUBMISSION,0,BUY_CASH_CAP_CORRECTION,0.0
2025-04-17,832490899.6190486,834580877.3259286,152204554.03330112,0.18283029172204834,27,2089977.70688,0,95858.07895614402,201806.48201293475,297664.5609690788,67268827.33764492,0.08052765833888885,,,,,UNKNOWN_MISSING_HISTORICAL_ETF_HOLDINGS,BLOCK_SUBMISSION,0,SELL_THEN_WAIT_SETTLEMENT,0.0
2025-04-18,837225775.0201676,839315752.7270476,84733124.8835293,0.10120701895673029,27,2089977.70688,0,96009.97232785764,0.0,96009.97232785764,67375419.17744395,0.0809323191500054,,,,,UNKNOWN_MISSING_HISTORICAL_ETF_HOLDINGS,BLOCK_SUBMISSION,0,REPLAN_FUNDED_RULE_REPAIR,0.0
2025-04-21,830074288.9027448,832164266.6096247,167541434.69315147,0.20183908468556527,24,2089977.70688,0,118526.32044668819,249529.0956772383,368055.4161239265,83176365.2257461,0.09934759261770518,,,,,UNKNOWN_MISSING_HISTORICAL_ETF_HOLDINGS,BLOCK_SUBMISSION,0,SELL_THEN_WAIT_SETTLEMENT,0.0
2025-04-22,817890182.4854194,819980160.1922994,82499982.86650081,0.10086926659982441,28,2089977.70688,0,121011.62728409731,0.0,121011.62728409731,84920440.19936652,0.10230462662760077,,,,,UNKNOWN_MISSING_HISTORICAL_ETF_HOLDINGS,BLOCK_SUBMISSION,0,BUY_CASH_CAP_CORRECTION,0.0
2025-04-23,839873031.2863883,841963008.9932683,158636029.77787104,0.18888096637047244,26,2089977.70688,0,108976.08602938261,229423.33900922653,338399.42503860913,76474446.33640885,0.09350209597090031,,,,,UNKNOWN_MISSING_HISTORICAL_ETF_HOLDINGS,BLOCK_SUBMISSION,0,SELL_THEN_WAIT_SETTLEMENT,0.0
2025-04-24,834589854.4732821,836679832.1801621,81967453.92195342,0.09821285686929887,28,2089977.70688,0,109097.25700345275,0.0,109097.25700345275,76559478.5989142,0.09115601495341763,,,,,UNKNOWN_MISSING_HISTORICAL_ETF_HOLDINGS,BLOCK_SUBMISSION,0,BUY_CASH_CAP_CORRECTION,0.0
2025-04-25,853370346.7070317,855460324.4139117,159021001.2826276,0.18634465316993337,25,2089977.70688,0,110289.33529765283,232188.07431084805,342477.4096085009,77396024.77028269,0.09273540093430453,,,,,UNKNOWN_MISSING_HISTORICAL_ETF_HOLDINGS,BLOCK_SUBMISSION,0,SELL_THEN_WAIT_SETTLEMENT,0.0
2025-04-28,854884295.6896093,856974273.3964893,85649192.72107384,0.10018805252701855,25,2089977.70688,0,104406.04858098617,0.0,104406.04858098617,73267402.51297273,0.08585651328956473,,,,,UNKNOWN_MISSING_HISTORICAL_ETF_HOLDINGS,BLOCK_SUBMISSION,0,REPLAN_FUNDED_RULE_REPAIR,0.0
2025-04-29,862519981.1049589,864609958.8118389,171764535.25988898,0.19914267381938736,22,2089977.70688,0,123259.787678288,259494.28984902735,382754.07752731536,86498096.61634246,0.10118105695995627,,,,,UNKNOWN_MISSING_HISTORICAL_ETF_HOLDINGS,BLOCK_SUBMISSION,0,SELL_THEN_WAIT_SETTLEMENT,0.0
2025-04-30,851364402.7151442,853454380.4220241,86540203.31782816,0.10164883925359917,24,2089977.70688,0,121271.86061605875,0.0,121271.86061605875,85103060.08144474,0.09866792879675754,,,,,UNKNOWN_MISSING_HISTORICAL_ETF_HOLDINGS,BLOCK_SUBMISSION,0,BUY_CASH_CAP_CORRECTION,0.0
2025-05-02,868332968.768604,870422946.475484,169219320.30970353,0.19487837776063713,21,2089977.70688,0,118341.40241912706,249139.79456658324,367481.1969857103,83046598.18886109,0.09754530248623448,,,,,UNKNOWN_MISSING_HISTORICAL_ETF_HOLDINGS,BLOCK_SUBMISSION,0,SELL_THEN_WAIT_SETTLEMENT,0.0
2025-05-05,859187460.3552675,861277438.0621475,88083259.62595941,0.1025192564955937,23,2089977.70688,0,115454.36400562736,0.0,115454.36400562736,81020606.31973849,0.09330591977249814,,,,,UNKNOWN_MISSING_HISTORICAL_ETF_HOLDINGS,BLOCK_SUBMISSION,0,BUY_CASH_CAP_CORRECTION,0.0
2025-05-06,866186633.944601,868276611.651481,141706438.95093817,0.16359804388300145,21,2089977.70688,0,76752.66106329983,161584.549606947,238337.21067024683,53861516.535649,0.06268889971156896,,,,,UNKNOWN_MISSING_HISTORICAL_ETF_HOLDINGS,BLOCK_SUBMISSION,0,SELL_THEN_WAIT_SETTLEMENT,0.0
2025-05-07,863110060.0125725,865200037.7194525,90050657.64248413,0.10433276335716954,23,2089977.70688,0,73504.74410419853,0.0,73504.74410419853,51582276.564349845,0.05955099575878344,,,,,UNKNOWN_MISSING_HISTORICAL_ETF_HOLDINGS,BLOCK_SUBMISSION,0,BUY_WITH_SETTLED_CASH,0.0
2025-05-08,872637423.022946,874727400.729826,154396329.3492303,0.17693067621874203,21,2089977.70688,0,92100.12523628381,193895.0004974396,285995.1257337234,64631666.83247987,0.07488230044675695,,,,,UNKNOWN_MISSING_HISTORICAL_ETF_HOLDINGS,BLOCK_SUBMISSION,0,SELL_THEN_WAIT_SETTLEMENT,0.0
2025-05-09,882296096.9290481,884386074.635928,84621902.09090596,0.09591100129020635,21,2089977.70688,0,99287.07476157692,0.0,99287.07476157692,69675140.18356276,0.0798443183220331,,,,,UNKNOWN_MISSING_HISTORICAL_ETF_HOLDINGS,BLOCK_SUBMISSION,0,BUY_CASH_CAP_CORRECTION,0.0
2025-05-12,886862997.2213295,888952974.9282094,84621902.09090596,0.0954171076660529,21,2089977.70688,0,0.0,0.0,0.0,0.0,0.0,,,,,UNKNOWN_MISSING_HISTORICAL_ETF_HOLDINGS,BLOCK_SUBMISSION,0,HOLD_REVALIDATED_ENVELOPE,0.0
2025-05-13,892682601.7483165,894772579.4551965,84621902.09090596,0.09479506145316845,21,2089977.70688,0,0.0,0.0,0.0,0.0,0.0,,,,,UNKNOWN_MISSING_HISTORICAL_ETF_HOLDINGS,BLOCK_SUBMISSION,0,HOLD_REVALIDATED_ENVELOPE,0.0
2025-05-14,908209096.3715316,910299074.0784116,117529097.21138804,0.12940753146047443,20,2089977.70688,0,47101.17574937795,99160.36999869041,146261.54574806837,33053456.66623014,0.03702710974930511,,,,,UNKNOWN_MISSING_HISTORICAL_ETF_HOLDINGS,BLOCK_SUBMISSION,0,SELL_THEN_WAIT_SETTLEMENT,0.0
2025-05-15,907161515.021198,909251492.728078,95464218.7689974,0.10523398224930942,20,2089977.70688,0,31397.710043594543,0.0,31397.710043594543,22033480.73234705,0.024260361210182768,,,,,UNKNOWN_MISSING_HISTORICAL_ETF_HOLDINGS,BLOCK_SUBMISSION,0,BUY_CASH_CAP_CORRECTION,0.0
2025-05-16,911110016.9703368,913199994.6772168,95464218.7689974,0.10477792691429212,20,2089977.70688,0,0.0,0.0,0.0,0.0,0.0,,,,,UNKNOWN_MISSING_HISTORICAL_ETF_HOLDINGS,BLOCK_SUBMISSION,0,HOLD_REVALIDATED_ENVELOPE,0.0
2025-05-19,899196709.451252,901286687.158132,94689514.7808104,0.10530456104381884,21,2089977.70688,0,1102.3822884055035,0.0,1102.3822884055035,773601.6058985989,0.0008490759529469483,,,,,UNKNOWN_MISSING_HISTORICAL_ETF_HOLDINGS,BLOCK_SUBMISSION,0,BUY_CASH_CAP_CORRECTION,0.0
2025-05-20,907454851.6381502,909544829.3450302,131894155.26160985,0.14534514309280805,20,2089977.70688,0,53252.25390868514,112110.00822881082,165362.26213749597,37370002.74293694,0.04155931883441003,,,,,UNKNOWN_MISSING_HISTORICAL_ETF_HOLDINGS,BLOCK_SUBMISSION,0,SELL_THEN_WAIT_SETTLEMENT,0.0
2025-05-21,919026211.7880112,921116189.4948912,95852015.23955736,0.10429736824706283,22,2089977.70688,0,51286.96560543707,0.0,51286.96560543707,35990853.05644706,0.03966131537175196,,,,,UNKNOWN_MISSING_HISTORICAL_ETF_HOLDINGS,BLOCK_SUBMISSION,0,BUY_CASH_CAP_CORRECTION,0.0
2025-05-22,921888413.9945098,923978391.7013898,131716818.80113663,0.14287718209887498,21,2089977.70688,0,51334.50023880719,108072.63208169934,159407.13232050653,36024210.69389978,0.03919824073767481,,,,,UNKNOWN_MISSING_HISTORICAL_ETF_HOLDINGS,BLOCK_SUBMISSION,0,SELL_THEN_WAIT_SETTLEMENT,0.0
2025-05-23,918551500.7616187,920641478.4684987,96643707.10699975,0.10521316118570101,22,2089977.70688,0,49908.065171275986,0.0,49908.065171275986,35023203.6289656,0.03799071893876104,,,,,UNKNOWN_MISSING_HISTORICAL_ETF_HOLDINGS,BLOCK_SUBMISSION,0,BUY_CASH_CAP_CORRECTION,0.0
2025-05-26,919373951.382329,921463929.089209,147165150.2802365,0.16007104623637167,21,2089977.70688,0,72313.04173152438,152237.9825926829,224551.02432420728,50745994.197560966,0.05524567120676938,,,,,UNKNOWN_MISSING_HISTORICAL_ETF_HOLDINGS,BLOCK_SUBMISSION,0,SELL_THEN_WAIT_SETTLEMENT,0.0
2025-05-27,914795435.8344394,916885413.5413194,95352441.06370683,0.1042336213415081,22,2089977.70688,0,73728.04816491983,0.0,73728.04816491983,51738981.16836479,0.056276318347471564,,,,,UNKNOWN_MISSING_HISTORICAL_ETF_HOLDINGS,BLOCK_SUBMISSION,0,BUY_CASH_CAP_CORRECTION,0.0
2025-05-28,913683992.3345445,915773970.0414245,165846295.39225182,0.1815138459069417,20,2089977.70688,0,100900.22591786316,212421.52824813296,313321.7541659961,70807176.08271098,0.07740219650103909,,,,,UNKNOWN_MISSING_HISTORICAL_ETF_HOLDINGS,BLOCK_SUBMISSION,0,SELL_THEN_WAIT_SETTLEMENT,0.0
2025-05-29,916331674.8543044,918421652.5611844,92335881.85542592,0.10076687774664912,25,2089977.70688,0,104603.27961652336,0.0,104603.27961652336,73405810.25720938,0.08034047972062086,,,,,UNKNOWN_MISSING_HISTORICAL_ETF_HOLDINGS,BLOCK_SUBMISSION,0,BUY_WITH_SETTLED_CASH,0.0
2025-06-02,911519636.4997737,913609614.2066537,174515487.059532,0.19145554310784757,23,2089977.70688,0,117626.43438801813,247634.59871161712,365261.0330996353,82544866.2372057,0.09008186500846457,,,,,UNKNOWN_MISSING_HISTORICAL_ETF_HOLDINGS,BLOCK_SUBMISSION,0,SELL_THEN_WAIT_SETTLEMENT,0.0
2025-06-03,925639900.7060628,928964642.4629428,89244801.47739242,0.09641416863006658,27,3324741.7568800002,0,121337.8205602505,0.0,121337.8205602505,85149347.76157929,0.09341471576909953,,,,,UNKNOWN_MISSING_HISTORICAL_ETF_HOLDINGS,BLOCK_SUBMISSION,0,BUY_CASH_CAP_CORRECTION,0.0
2025-06-04,932914737.1868985,936239478.9437785,173696636.84938896,0.18618704360181082,24,3324741.7568800002,0,120878.75389106304,254481.58713908005,375360.3410301431,84827195.71302667,0.0916416801483189,,,,,UNKNOWN_MISSING_HISTORICAL_ETF_HOLDINGS,BLOCK_SUBMISSION,0,SELL_THEN_WAIT_SETTLEMENT,0.0
2025-06-05,932972379.7756495,936297121.5325296,94130182.5853249,0.10089278592358783,24,3324741.7568800002,0,113220.85760420524,0.0,113220.85760420524,79453233.40645981,0.0851666612600014,,,,,UNKNOWN_MISSING_HISTORICAL_ETF_HOLDINGS,BLOCK_SUBMISSION,0,BUY_CASH_CAP_CORRECTION,0.0
2025-06-06,926719620.0051067,930044361.7619867,159750318.87814844,0.17238257983279573,22,3324741.7568800002,0,93924.30928586354,197735.387970239,291659.6972561026,65911795.99007967,0.07064710319283983,,,,,UNKNOWN_MISSING_HISTORICAL_ETF_HOLDINGS,BLOCK_SUBMISSION,0,SELL_THEN_WAIT_SETTLEMENT,0.0
2025-06-09,936295269.6464949,939620011.4033749,92052470.11485475,0.09831564154928374,22,3324741.7568800002,0,96332.16115804334,0.0,96332.16115804334,67601516.60213567,0.07294710842721033,,,,,UNKNOWN_MISSING_HISTORICAL_ETF_HOLDINGS,BLOCK_SUBMISSION,0,BUY_CASH_CAP_CORRECTION,0.0
2025-06-10,955062529.4295814,960699360.4864614,158981731.05825517,0.16646211756753587,20,5636831.056880001,0,95798.10345212123,201680.21779393946,297478.32124606066,67226739.26464647,0.07180078917842704,,,,,UNKNOWN_MISSING_HISTORICAL_ETF_HOLDINGS,BLOCK_SUBMISSION,0,SELL_THEN_WAIT_SETTLEMENT,0.0
2025-06-11,962873027.8332883,968509858.8901683,96567978.91160406,0.10029149858824774,21,5636831.056880001,0,88813.03822950077,0.0,88813.03822950077,62324939.108421594,0.06525744355780103,,,,,UNKNOWN_MISSING_HISTORICAL_ETF_HOLDINGS,BLOCK_SUBMISSION,0,BUY_CASH_CAP_CORRECTION,0.0
2025-06-12,965268072.1778561,970904903.2347361,127189172.622764,0.13176564758409276,20,5636831.056880001,0,43829.14500505027,92271.88422115846,136101.02922620872,30757294.74038615,0.031943250928523736,,,,,UNKNOWN_MISSING_HISTORICAL_ETF_HOLDINGS,BLOCK_SUBMISSION,0,SELL_THEN_WAIT_SETTLEMENT,0.0
2025-06-13,966596989.0008639,972233820.0577439,99759089.85631578,0.10320649763189632,20,5636831.056880001,0,39032.24699022766,0.0,39032.24699022766,27391050.519458007,0.028376625425575095,,,,,UNKNOWN_MISSING_HISTORICAL_ETF_HOLDINGS,BLOCK_SUBMISSION,0,BUY_CASH_CAP_CORRECTION,0.0
2025-06-16,977763043.4393117,984119777.3926717,99005042.98109226,0.10125668345250498,21,6356733.953360001,0,1072.9877895933348,0.0,1072.9877895933348,752973.8874339191,0.0007789946544446004,,,,,UNKNOWN_MISSING_HISTORICAL_ETF_HOLDINGS,BLOCK_SUBMISSION,0,BUY_CASH_CAP_CORRECTION,0.0
2025-06-17,981094940.6964971,987451674.649857,99005042.98109226,0.10091280555458454,21,6356733.953360001,0,0.0,0.0,0.0,0.0,0.0,,,,,UNKNOWN_MISSING_HISTORICAL_ETF_HOLDINGS,BLOCK_SUBMISSION,0,HOLD_REVALIDATED_ENVELOPE,0.0
2025-06-18,986238181.4593506,992594915.4127105,150272778.80736873,0.15236966245314895,20,6356733.953360001,0,73381.23551961826,154486.81162024898,227868.04713986724,51495603.87341633,0.05248789055711434,,,,,UNKNOWN_MISSING_HISTORICAL_ETF_HOLDINGS,BLOCK_SUBMISSION,0,SELL_THEN_WAIT_SETTLEMENT,0.0
2025-06-19,981894773.6526464,988251507.6060064,102212575.32572104,0.10409728014488812,22,6356733.953360001,0,68388.33658171896,0.0,68388.33658171896,47991815.14506594,0.048661485680925244,,,,,UNKNOWN_MISSING_HISTORICAL_ETF_HOLDINGS,BLOCK_SUBMISSION,0,BUY_CASH_CAP_CORRECTION,0.0
2025-06-20,974845611.2187656,981202345.1721256,177394211.08038744,0.1819715953366264,20,6356733.953360001,0,107610.0052235137,226547.37941792357,334157.38464143727,75515793.13930786,0.07690823412613683,,,,,UNKNOWN_MISSING_HISTORICAL_ETF_HOLDINGS,BLOCK_SUBMISSION,0,SELL_THEN_WAIT_SETTLEMENT,0.0
2025-06-23,979880318.5865175,986237052.5398774,99000218.0624367,0.10103296921530687,21,6356733.953360001,0,111552.47776975791,0.0,111552.47776975791,78282440.540181,0.08030239828675147,,,,,UNKNOWN_MISSING_HISTORICAL_ETF_HOLDINGS,BLOCK_SUBMISSION,0,BUY_CASH_CAP_CORRECTION,0.0
2025-06-24,1005039254.835609,1011395988.7889689,136610756.89272565,0.1359257921871625,20,6356733.953360001,0,53833.22987536023,113333.11552707417,167166.3454024344,37777705.17569139,0.038553387040354,,,,,UNKNOWN_MISSING_HISTORICAL_ETF_HOLDINGS,BLOCK_SUBMISSION,0,SELL_THEN_WAIT_SETTLEMENT,0.0
2025-06-25,1012043015.7394719,1018399749.6928319,106346016.11641842,0.10508052964400363,23,6356733.953360001,0,43065.8867176651,0.0,43065.8867176651,30221674.88958954,0.030070143772178135,,,,,UNKNOWN_MISSING_HISTORICAL_ETF_HOLDINGS,BLOCK_SUBMISSION,0,BUY_WITH_SETTLED_CASH,0.0
2025-06-26,1002352863.9766039,1012175731.9879639,176739265.8884758,0.1763243985629008,21,9822868.01136,0,100756.22723067754,212118.37311721587,312874.6003478934,70706124.37240529,0.06986474218266531,,,,,UNKNOWN_MISSING_HISTORICAL_ETF_HOLDINGS,BLOCK_SUBMISSION,0,SELL_THEN_WAIT_SETTLEMENT,0.0
2025-06-27,1001570494.9053087,1011393362.9166688,102486996.60388188,0.10232629368097679,24,9822868.01136,0,105658.91976987428,0.0,105658.91976987428,74146610.36482406,0.07397256298611696,,,,,UNKNOWN_MISSING_HISTORICAL_ETF_HOLDINGS,BLOCK_SUBMISSION,0,BUY_CASH_CAP_CORRECTION,0.0
2025-06-30,1003272773.3959348,1014967017.4072949,180478773.1605794,0.1798900338436222,22,11694244.01136,0,111632.25431865401,235015.27224979794,346647.52656845195,78338424.08326598,0.07821558690251984,,,,,UNKNOWN_MISSING_HISTORICAL_ETF_HOLDINGS,BLOCK_SUBMISSION,0,SELL_THEN_WAIT_SETTLEMENT,0.0
2025-07-01,1011950230.8357259,1023644474.847086,101495330.63973825,0.10029676119142504,22,11694244.01136,0,112391.24806370794,0.0,112391.24806370794,78871051.27277748,0.07861376623010535,,,,,UNKNOWN_MISSING_HISTORICAL_ETF_HOLDINGS,BLOCK_SUBMISSION,0,BUY_CASH_CAP_CORRECTION,0.0
2025-07-02,1011821573.1180165,1023515817.1293765,177619874.88021427,0.17554466083665635,20,11694244.01136,0,108959.62186945067,229388.67761989613,338348.2994893468,76462892.53996538,0.07555993388807074,,,,,UNKNOWN_MISSING_HISTORICAL_ETF_HOLDINGS,BLOCK_SUBMISSION,0,SELL_THEN_WAIT_SETTLEMENT,0.0
2025-07-03,1027108646.1863182,1038802890.1976782,101483146.27457829,0.09880468502664048,21,11694244.01136,0,108340.45311733914,0.0,108340.45311733914,76028388.15251869,0.07514011380309928,,,,,UNKNOWN_MISSING_HISTORICAL_ETF_HOLDINGS,BLOCK_SUBMISSION,0,BUY_CASH_CAP_CORRECTION,0.0
2025-07-04,1028527348.1266327,1040221592.1379927,138420250.25646883,0.13458101090708818,20,11694244.01136,0,52869.31991481711,111303.83139961497,164173.1513144321,37101277.13320499,0.03612205706861005,,,,,UNKNOWN_MISSING_HISTORICAL_ETF_HOLDINGS,BLOCK_SUBMISSION,0,SELL_THEN_WAIT_SETTLEMENT,0.0
2025-07-07,1015915186.5078545,1028459419.6052145,109462787.5728738,0.10774795871409833,20,12544233.09736,0,41205.66624971706,0.0,41205.66624971706,28916257.0173453,0.028114232518963726,,,,,UNKNOWN_MISSING_HISTORICAL_ETF_HOLDINGS,BLOCK_SUBMISSION,0,BUY_CASH_CAP_CORRECTION,0.0
2025-07-08,1029117354.2231307,1041661587.3204907,82543754.33880499,0.08020830083184863,23,12544233.09736,0,38305.03767985427,0.0,38305.03767985427,26880728.19638896,0.026459618434083853,,,,,UNKNOWN_MISSING_HISTORICAL_ETF_HOLDINGS,BLOCK_SUBMISSION,0,BUY_CASH_CAP_CORRECTION,0.0
2025-07-09,1046918907.789521,1059863212.670881,203769007.38777035,0.19463685856816842,20,12944304.88136,0,173513.78408937115,365292.177030255,538805.9611196262,121764059.01008502,0.11831892496070417,,,,,UNKNOWN_MISSING_HISTORICAL_ETF_HOLDINGS,BLOCK_SUBMISSION,0,SELL_THEN_WAIT_SETTLEMENT,0.0
2025-07-10,1056098547.3377659,1071596864.001326,104683196.32235792,0.09912256444840814,25,15498316.66356,0,140996.3609538535,0.0,140996.3609538535,98944814.70445856,0.0945104859299676,,,,,UNKNOWN_MISSING_HISTORICAL_ETF_HOLDINGS,BLOCK_SUBMISSION,0,BUY_CASH_CAP_CORRECTION,0.0
2025-07-11,1049337259.5688386,1064835576.2323986,210101261.1139142,0.2002228160660592,21,15498316.66356,0,150888.42360240835,317659.83916296496,468548.26276537334,105886613.05432165,0.10026205728740249,,,,,UNKNOWN_MISSING_HISTORICAL_ETF_HOLDINGS,BLOCK_SUBMISSION,0,SELL_THEN_WAIT_SETTLEMENT,0.0
2025-07-14,1041795264.4577078,1057293581.1212678,104220866.80424562,0.10003968184525812,21,15498316.66356,0,150664.86445942306,0.0,150664.86445942306,105729729.44520916,0.10075857736020197,,,,,UNKNOWN_MISSING_HISTORICAL_ETF_HOLDINGS,BLOCK_SUBMISSION,0,BUY_CASH_CAP_CORRECTION,0.0
2025-07-15,1059686117.059912,1075184433.7234719,145096218.84939057,0.13692377064631034,20,15498316.66356,0,58506.266895343455,123171.08820072305,181677.35509606652,41057029.40024102,0.039409882921298066,,,,,UNKNOWN_MISSING_HISTORICAL_ETF_HOLDINGS,BLOCK_SUBMISSION,0,SELL_THEN_WAIT_SETTLEMENT,0.0
2025-07-16,1061191470.8892642,1076689787.5528243,112722571.95503585,0.10622265165830616,21,15498316.66356,0,46066.80163212968,0.0,46066.80163212968,32327580.092722584,0.030506750604995293,,,,,UNKNOWN_MISSING_HISTORICAL_ETF_HOLDINGS,BLOCK_SUBMISSION,0,BUY_WITH_SETTLED_CASH,0.0
2025-07-17,1060038331.222587,1078021965.8421469,152449872.74278092,0.14381543407676026,20,17983634.61956,1,56863.02249708635,119711.62630965548,176574.6488067418,39903875.436551824,0.037602898752204364,,,,,UNKNOWN_MISSING_HISTORICAL_ETF_HOLDINGS,BLOCK_SUBMISSION,0,SELL_THEN_WAIT_SETTLEMENT,0.0
2025-07-18,1073596193.0126487,1091579827.6322086,112478665.3256878,0.1047681298217519,22,17983634.61956,1,56877.91953402171,0.0,56877.91953402171,39914329.49755909,0.037653666213677585,,,,,UNKNOWN_MISSING_HISTORICAL_ETF_HOLDINGS,BLOCK_SUBMISSION,0,BUY_WITH_SETTLED_CASH,0.0
2025-07-21,1074168865.6725292,1092152500.2920892,146665460.75831687,0.13653855128866607,21,17983634.61956,1,48932.710736505476,103016.23312948522,151948.9438659907,34338744.37649507,0.0319847858999352,,,,,UNKNOWN_MISSING_HISTORICAL_ETF_HOLDINGS,BLOCK_SUBMISSION,0,SELL_THEN_WAIT_SETTLEMENT,0.0
2025-07-22,1051259773.6300694,1070431408.2496294,113717146.68360098,0.10817226106819265,21,19171634.61956,2,46884.537091115315,0.0,46884.537091115315,32901429.537624776,0.030629662233810355,,,,,UNKNOWN_MISSING_HISTORICAL_ETF_HOLDINGS,BLOCK_SUBMISSION,0,BUY_CASH_CAP_CORRECTION,0.0
2025-07-23,1054181328.7959199,1073352963.4154799,113717146.68360098,0.10787247276850186,21,19171634.61956,2,0.0,0.0,0.0,0.0,0.0,,,,,UNKNOWN_MISSING_HISTORICAL_ETF_HOLDINGS,BLOCK_SUBMISSION,0,HOLD_REVALIDATED_ENVELOPE,0.0
2025-07-24,1062389679.4337254,1081561314.0532854,159581648.8260685,0.1502100894947781,20,19171634.61956,2,65647.4053215641,138205.0638348718,203852.46915643592,46068354.611623935,0.04370059813546779,,,,,UNKNOWN_MISSING_HISTORICAL_ETF_HOLDINGS,BLOCK_SUBMISSION,0,SELL_THEN_WAIT_SETTLEMENT,0.0
2025-07-25,1063383788.2489223,1082555422.8684824,110574936.18021399,0.10398403417668997,26,19171634.61956,2,69735.19287050219,0.0,69735.19287050219,48936977.452984,0.046063114505280556,,,,,UNKNOWN_MISSING_HISTORICAL_ETF_HOLDINGS,BLOCK_SUBMISSION,0,BUY_WITH_SETTLED_CASH,0.0
2025-07-28,1074572320.148532,1093743954.768092,196438389.6020635,0.1828061135754092,24,19171634.61956,2,122899.2503087518,258735.26380789856,381634.51411665033,86245087.93596618,0.08110438478471282,,,,,UNKNOWN_MISSING_HISTORICAL_ETF_HOLDINGS,BLOCK_SUBMISSION,0,SELL_THEN_WAIT_SETTLEMENT,0.0
2025-07-29,1074638883.3062615,1093810517.9258215,107065039.00453617,0.09962885269434614,24,19171634.61956,2,127175.7990877764,0.0,127175.7990877764,89246174.79843956,0.08305273933177768,,,,,UNKNOWN_MISSING_HISTORICAL_ETF_HOLDINGS,BLOCK_SUBMISSION,0,BUY_CASH_CAP_CORRECTION,0.0
2025-07-30,1074483440.8738604,1093655075.4934204,217036556.31696248,0.20199153198717523,22,19171634.61956,2,157405.93342561583,331380.9124749807,488786.8459005965,110460304.15832691,0.1027883002134465,,,,,UNKNOWN_MISSING_HISTORICAL_ETF_HOLDINGS,BLOCK_SUBMISSION,0,SELL_THEN_WAIT_SETTLEMENT,0.0
2025-07-31,1101217013.2662191,1120388647.8857791,103147922.0200488,0.09366720707856771,22,19171634.61956,2,162060.3678489173,0.0,162060.3678489173,113726573.92906478,0.10584302149558746,,,,,UNKNOWN_MISSING_HISTORICAL_ETF_HOLDINGS,BLOCK_SUBMISSION,0,BUY_CASH_CAP_CORRECTION,0.0
2025-08-01,1103812596.935348,1122984231.554908,177979912.93534806,0.16124105978632225,20,19171634.61956,2,107109.54679888656,225493.78273449803,332603.3295333846,75164594.24483266,0.06825593260849996,,,,,UNKNOWN_MISSING_HISTORICAL_ETF_HOLDINGS,BLOCK_SUBMISSION,0,SELL_THEN_WAIT_SETTLEMENT,0.0
2025-08-04,1089845310.0356722,1109016944.6552322,115893699.95617378,0.10633958681015053,21,19171634.61956,2,88346.95907863631,0.0,88346.95907863631,61997866.02009566,0.0561670216413801,,,,,UNKNOWN_MISSING_HISTORICAL_ETF_HOLDINGS,BLOCK_SUBMISSION,0,BUY_CASH_CAP_CORRECTION,0.0
2025-08-05,1105177086.6819386,1124348721.3014987,158798183.9267812,0.14368573673884183,20,19171634.61956,2,61410.63170340316,129285.54042821718,190696.17213162035,43095180.14273906,0.039542474281353275,,,,,UNKNOWN_MISSING_HISTORICAL_ETF_HOLDINGS,BLOCK_SUBMISSION,0,SELL_THEN_WAIT_SETTLEMENT,0.0
2025-08-06,1104025579.3961415,1123197214.0157015,116921521.17755012,0.10590472119450492,20,19171634.61956,2,59589.32962294163,0.0,59589.32962294163,41817073.41960816,0.037837441549892346,,,,,UNKNOWN_MISSING_HISTORICAL_ETF_HOLDINGS,BLOCK_SUBMISSION,0,BUY_CASH_CAP_CORRECTION,0.0
2025-08-07,1124075522.8701918,1143247157.4897518,115952078.33793466,0.10315328105523101,21,19171634.61956,2,1379.4902728132786,0.0,1379.4902728132786,968063.3493426515,0.0008768486594958642,,,,,UNKNOWN_MISSING_HISTORICAL_ETF_HOLDINGS,BLOCK_SUBMISSION,0,BUY_CASH_CAP_CORRECTION,0.0
2025-08-08,1150694712.5459485,1169866347.1655085,161563291.91717046,0.14040500069710632,20,19171634.61956,2,65284.86487749394,137441.8207947241,202726.68567221804,45813940.26490803,0.0407569948217782,,,,,UNKNOWN_MISSING_HISTORICAL_ETF_HOLDINGS,BLOCK_SUBMISSION,0,SELL_THEN_WAIT_SETTLEMENT,0.0
2025-08-11,1181494706.616988,1200666341.236548,120944881.91381408,0.10236599557870173,23,19171634.61956,2,57798.87086380193,0.0,57798.87086380193,40560611.13249258,0.035248802910331396,,,,,UNKNOWN_MISSING_HISTORICAL_ETF_HOLDINGS,BLOCK_SUBMISSION,0,BUY_CASH_CAP_CORRECTION,0.0
2025-08-12,1198285055.3720086,1217456689.9915686,210946543.8346582,0.17604036943377357,21,19171634.61956,2,128822.40738990321,271205.06818926986,400027.4755791731,90401689.3964233,0.07651467999824847,,,,,UNKNOWN_MISSING_HISTORICAL_ETF_HOLDINGS,BLOCK_SUBMISSION,0,SELL_THEN_WAIT_SETTLEMENT,0.0
2025-08-13,1223323108.5145714,1242494743.1341314,120646431.99492113,0.0986218858739756,21,19171634.61956,2,128494.55463127577,0.0,128494.55463127577,90171617.2851058,0.07525055651896781,,,,,UNKNOWN_MISSING_HISTORICAL_ETF_HOLDINGS,BLOCK_SUBMISSION,0,BUY_CASH_CAP_CORRECTION,0.0
2025-08-14,1230295520.0536132,1249467154.6731732,166346635.79661262,0.13520868204849162,20,19171634.61956,2,65412.239577541,137709.97805798106,203122.21763552207,45903326.019327015,0.03752346841143665,,,,,UNKNOWN_MISSING_HISTORICAL_ETF_HOLDINGS,BLOCK_SUBMISSION,0,SELL_THEN_WAIT_SETTLEMENT,0.0
2025-08-15,1262433179.6918972,1281604814.3114572,125584941.72067523,0.09947848626041723,21,19171634.61956,2,58002.76012503262,0.0,58002.76012503262,40703691.315812364,0.033084483079348775,,,,,UNKNOWN_MISSING_HISTORICAL_ETF_HOLDINGS,BLOCK_SUBMISSION,0,BUY_CASH_CAP_CORRECTION,0.0
2025-08-18,1310342143.4129987,1329513778.0325587,177011636.6028117,0.1350881046546791,20,19171634.61956,2,73608.75896546667,154965.80834835087,228574.56731381753,51655269.44945029,0.04091723053576349,,,,,UNKNOWN_MISSING_HISTORICAL_ETF_HOLDINGS,BLOCK_SUBMISSION,0,SELL_THEN_WAIT_SETTLEMENT,0.0
2025-08-19,1259429537.407627,1279875899.370187,138675010.47681347,0.11010938393763421,20,20446361.962559998,2,54551.95569268542,0.0,54551.95569268542,38282074.17030555,0.0292153269760474,,,,,UNKNOWN_MISSING_HISTORICAL_ETF_HOLDINGS,BLOCK_SUBMISSION,0,BUY_CASH_CAP_CORRECTION,0.0
2025-08-20,1209439612.0533946,1229885974.0159545,137573015.4635813,0.11374938780945741,21,20446361.962559998,2,1568.1083394721072,0.0,1568.1083394721072,1100426.9048927068,0.0008737502751903003,,,,,UNKNOWN_MISSING_HISTORICAL_ETF_HOLDINGS,BLOCK_SUBMISSION,0,BUY_CASH_CAP_CORRECTION,0.0
2025-08-21,1248126163.661362,1268572525.6239219,188161246.8391207,0.15075498961351158,20,20446361.962559998,2,72408.63793299715,152439.23775367823,224847.87568667537,50813079.251226075,0.04201373821794649,,,,,UNKNOWN_MISSING_HISTORICAL_ETF_HOLDINGS,BLOCK_SUBMISSION,0,SELL_THEN_WAIT_SETTLEMENT,0.0
2025-08-22,1243125020.9868233,1263571382.9493833,130595340.91601636,0.10505406834490914,21,20446361.962559998,2,81914.68751072089,0.0,81914.68751072089,57483991.2355936,0.04605623446508409,,,,,UNKNOWN_MISSING_HISTORICAL_ETF_HOLDINGS,BLOCK_SUBMISSION,0,BUY_CASH_CAP_CORRECTION,0.0
2025-08-25,1274422056.6131272,1294868418.5756872,180672417.206621,0.1417681185515351,20,20446361.962559998,2,71677.00445884201,150898.95675545686,222575.96121429888,50299652.251818955,0.040462263571760346,,,,,UNKNOWN_MISSING_HISTORICAL_ETF_HOLDINGS,BLOCK_SUBMISSION,0,SELL_THEN_WAIT_SETTLEMENT,0.0
2025-08-26,1287788663.8954616,1308235025.8580215,134396857.36550853,0.10436251004024867,23,20446361.962559998,2,65848.83817917995,0.0,65848.83817917995,46209711.00293329,0.036259346550968435,,,,,UNKNOWN_MISSING_HISTORICAL_ETF_HOLDINGS,BLOCK_SUBMISSION,0,BUY_WITH_SETTLED_CASH,0.0
2025-08-27,1320608847.3846893,1341055209.3472493,253222632.31857008,0.19174688464343378,21,20446361.962559998,2,170079.33034488885,358061.74809450284,528141.0784393917,119353916.03150095,0.09268129109823389,,,,,UNKNOWN_MISSING_HISTORICAL_ETF_HOLDINGS,BLOCK_SUBMISSION,0,SELL_THEN_WAIT_SETTLEMENT,0.0
2025-08-28,1313995925.2923758,1336166543.4949358,133331647.93340978,0.10147036635881675,22,22170618.202559996,2,170601.54554644972,0.0,170601.54554644972,119720382.83961383,0.0906554450825511,,,,,UNKNOWN_MISSING_HISTORICAL_ETF_HOLDINGS,BLOCK_SUBMISSION,0,BUY_CASH_CAP_CORRECTION,0.0
2025-08-29,1354941402.2585874,1377112020.4611473,227942579.49148217,0.1682305811244078,20,22170618.202559996,2,135419.81013007875,285094.3371159553,420514.14724603406,95031445.70531842,0.07232248127723309,,,,,UNKNOWN_MISSING_HISTORICAL_ETF_HOLDINGS,BLOCK_SUBMISSION,0,SELL_THEN_WAIT_SETTLEMENT,0.0
2025-09-01,1314494527.3912008,1336665145.5937607,141119073.1394734,0.10735615112795034,21,22170618.202559996,2,123547.44144754967,0.0,123547.44144754967,86699958.91056117,0.06398797672433564,,,,,UNKNOWN_MISSING_HISTORICAL_ETF_HOLDINGS,BLOCK_SUBMISSION,0,BUY_CASH_CAP_CORRECTION,0.0
2025-09-02,1300892411.896059,1323063030.098619,179433950.96953326,0.1379314302464161,20,22170618.202559996,2,54841.37398773099,115455.52418469681,170296.8981724278,38485174.72823227,0.029277546559749863,,,,,UNKNOWN_MISSING_HISTORICAL_ETF_HOLDINGS,BLOCK_SUBMISSION,0,SELL_THEN_WAIT_SETTLEMENT,0.0
2025-09-03,1298138269.1100495,1320308887.3126094,135639611.34827876,0.10448779962497194,24,22170618.202559996,2,62318.13062414829,0.0,62318.13062414829,43732021.49063037,0.033616939487632704,,,,,UNKNOWN_MISSING_HISTORICAL_ETF_HOLDINGS,BLOCK_SUBMISSION,0,BUY_WITH_SETTLED_CASH,0.0
2025-09-04,1293971398.4198122,1316544687.1613722,240372148.54993904,0.1857631079353683,22,22573288.741559997,2,149907.20489402197,315594.11556636204,465501.320460384,105198038.52212068,0.0810376221280651,,,,,UNKNOWN_MISSING_HISTORICAL_ETF_HOLDINGS,BLOCK_SUBMISSION,0,SELL_THEN_WAIT_SETTLEMENT,0.0
2025-09-05,1337091239.0394707,1359664527.7810307,126959803.96310034,0.09495223680794196,23,22573288.741559997,2,161382.62080160287,0.0,161382.62080160287,113250961.9660371,0.08752199786203797,,,,,UNKNOWN_MISSING_HISTORICAL_ETF_HOLDINGS,BLOCK_SUBMISSION,0,BUY_CASH_CAP_CORRECTION,0.0
2025-09-08,1345755106.8367548,1368328395.5783148,253779759.5154047,0.18857796505927668,21,22573288.741559997,2,181521.67005201385,382150.8843200291,563672.554372043,127383628.10667637,0.09526921154474488,,,,,UNKNOWN_MISSING_HISTORICAL_ETF_HOLDINGS,BLOCK_SUBMISSION,0,SELL_THEN_WAIT_SETTLEMENT,0.0
2025-09-09,1373731837.162236,1396305125.903796,133436448.45743255,0.09713427675453508,24,22573288.741559997,2,171245.19385636496,0.0,171245.19385636496,120172065.86411576,0.08929712787535651,,,,,UNKNOWN_MISSING_HISTORICAL_ETF_HOLDINGS,BLOCK_SUBMISSION,0,BUY_CASH_CAP_CORRECTION,0.0
2025-09-10,1388910940.8574882,1411484229.5990481,237634302.81142187,0.1710939814936664,22,22573288.741559997,2,149141.8953413201,313982.9375606739,463124.832901994,104660979.1868913,0.07618734337779709,,,,,UNKNOWN_MISSING_HISTORICAL_ETF_HOLDINGS,BLOCK_SUBMISSION,0,SELL_THEN_WAIT_SETTLEMENT,0.0
2025-09-11,1378827644.0742438,1401400932.8158038,141897159.17205268,0.10291145509149086,22,22573288.741559997,2,136231.3000834822,0.0,136231.3000834822,95600912.33928573,0.06883156401681412,,,,,UNKNOWN_MISSING_HISTORICAL_ETF_HOLDINGS,BLOCK_SUBMISSION,0,BUY_CASH_CAP_CORRECTION,0.0
2025-09-12,1358057998.2428088,1380631286.9843688,188242359.44932127,0.1386114287408108,21,22573288.741559997,2,66335.44473807371,139653.56786962884,205989.01260770255,46551189.28987628,0.03376142731830064,,,,,UNKNOWN_MISSING_HISTORICAL_ETF_HOLDINGS,BLOCK_SUBMISSION,0,SELL_THEN_WAIT_SETTLEMENT,0.0
2025-09-15,1336217412.786075,1358790701.527635,144657221.49977455,0.108258746006129,22,22573288.741559997,2,62020.44244761623,0.0,62020.44244761623,43523117.50709911,0.03204805506349041,,,,,UNKNOWN_MISSING_HISTORICAL_ETF_HOLDINGS,BLOCK_SUBMISSION,0,BUY_WITH_SETTLED_CASH,0.0
2025-09-16,1348610424.4790344,1371183713.2205944,243810026.0241698,0.1807861051632855,20,22573288.741559997,2,141920.74574719457,298780.51736251486,440701.2631097094,99593505.78750497,0.07453390805606096,,,,,UNKNOWN_MISSING_HISTORICAL_ETF_HOLDINGS,BLOCK_SUBMISSION,0,SELL_THEN_WAIT_SETTLEMENT,0.0
2025-09-17,1343171876.4893687,1365745165.2309287,133628771.55971159,0.09948746984561307,22,22573288.741559997,2,156784.869173281,0.0,156784.869173281,110024469.59528494,0.08158358232903856,,,,,UNKNOWN_MISSING_HISTORICAL_ETF_HOLDINGS,BLOCK_SUBMISSION,0,BUY_CASH_CAP_CORRECTION,0.0
2025-09-18,1377045165.7908907,1399618454.5324507,226771830.1867952,0.16468002344465682,20,22573288.741559997,2,133318.79420796438,280671.14570097765,413989.93990894203,93557048.56699254,0.06965381735919114,,,,,UNKNOWN_MISSING_HISTORICAL_ETF_HOLDINGS,BLOCK_SUBMISSION,0,SELL_THEN_WAIT_SETTLEMENT,0.0
2025-09-19,1381806759.9701166,1404380048.7116766,138998778.43991935,0.1005920527143212,23,22573288.741559997,2,124898.61820835117,0.0,124898.61820835117,87648153.12866747,0.0636494396161129,,,,,UNKNOWN_MISSING_HISTORICAL_ETF_HOLDINGS,BLOCK_SUBMISSION,0,BUY_WITH_SETTLED_CASH,0.0
2025-09-22,1428225666.5178204,1450798955.2593803,236241314.3317089,0.1654089545300587,21,22573288.741559997,2,139186.51397011793,293024.2399370904,432210.75390720833,97674746.64569679,0.07068625619389005,,,,,UNKNOWN_MISSING_HISTORICAL_ETF_HOLDINGS,BLOCK_SUBMISSION,0,SELL_THEN_WAIT_SETTLEMENT,0.0
2025-09-23,1426390241.5237699,1448963530.2653298,139864747.6417508,0.09805503681260291,21,22573288.741559997,2,137141.1813497669,0.0,137141.1813497669,96239425.50860831,0.06738390701467449,,,,,UNKNOWN_MISSING_HISTORICAL_ETF_HOLDINGS,BLOCK_SUBMISSION,0,BUY_CASH_CAP_CORRECTION,0.0
2025-09-24,1410233221.8002517,1432806510.5418117,192435109.02995753,0.13645623011511668,20,22573288.741559997,2,75245.72732159261,158412.05751914234,233657.78484073497,52804019.173047446,0.03701933568799412,,,,,UNKNOWN_MISSING_HISTORICAL_ETF_HOLDINGS,BLOCK_SUBMISSION,0,SELL_THEN_WAIT_SETTLEMENT,0.0
2025-09-25,1392505512.6339977,1415078801.3755577,150127166.23228583,0.10781082363423637,23,22573288.741559997,2,60203.02917011478,0.0,60203.02917011478,42247739.7685016,0.029957980790276444,,,,,UNKNOWN_MISSING_HISTORICAL_ETF_HOLDINGS,BLOCK_SUBMISSION,0,BUY_WITH_SETTLED_CASH,0.0
2025-09-26,1351661466.8472705,1374234755.5888305,237063543.95587048,0.17538677381165385,22,22573288.741559997,2,124434.96296723816,261968.34308892244,386403.3060561606,87322781.02964081,0.06270910975746527,,,,,UNKNOWN_MISSING_HISTORICAL_ETF_HOLDINGS,BLOCK_SUBMISSION,0,SELL_THEN_WAIT_SETTLEMENT,0.0
2025-09-30,1397321143.2407405,1419894431.9823005,133866606.2765376,0.09580231926217558,24,22573288.741559997,2,146846.38010140482,0.0,146846.38010140482,103050091.29923145,0.07623957168772015,,,,,UNKNOWN_MISSING_HISTORICAL_ETF_HOLDINGS,BLOCK_SUBMISSION,0,BUY_CASH_CAP_CORRECTION,0.0
2025-10-01,1408851277.230067,1431424565.971627,282297943.92473865,0.20037455229466286,21,22573288.741559997,2,212454.76849929593,447273.196840623,659727.9653399189,149091065.613541,0.1066977812042271,,,,,UNKNOWN_MISSING_HISTORICAL_ETF_HOLDINGS,BLOCK_SUBMISSION,0,SELL_THEN_WAIT_SETTLEMENT,0.0
2025-10-02,1433298928.0168521,1455872216.7584121,137077673.01685208,0.09563788148960395,21,22573288.741559997,2,206644.41774844672,0.0,206644.41774844672,145013626.49013805,0.1029304006986801,,,,,UNKNOWN_MISSING_HISTORICAL_ETF_HOLDINGS,BLOCK_SUBMISSION,0,BUY_CASH_CAP_CORRECTION,0.0
2025-10-03,1462989547.7732081,1485562836.5147681,187547357.3630213,0.12819459827890364,20,22573288.741559997,2,72238.95758058528,152082.0159591269,224320.9735397122,50694005.319708966,0.03536875966958996,,,,,UNKNOWN_MISSING_HISTORICAL_ETF_HOLDINGS,BLOCK_SUBMISSION,0,SELL_THEN_WAIT_SETTLEMENT,0.0
2025-10-07,1489016982.139812,1511590270.881372,156804375.34490538,0.10530731161948706,21,22573288.741559997,2,43746.41074050998,0.0,43746.41074050998,30699235.60737542,0.02098390631300286,,,,,UNKNOWN_MISSING_HISTORICAL_ETF_HOLDINGS,BLOCK_SUBMISSION,0,BUY_WITH_SETTLED_CASH,0.0
2025-10-08,1479703725.5499988,1502277014.2915587,156804375.34490538,0.10597011593427053,21,22573288.741559997,2,0.0,0.0,0.0,0.0,0.0,,,,,UNKNOWN_MISSING_HISTORICAL_ETF_HOLDINGS,BLOCK_SUBMISSION,0,HOLD_REVALIDATED_ENVELOPE,0.0
2025-10-09,1500670644.2119482,1523243932.9535081,212086803.2119481,0.1413280149311656,20,22573288.741559997,2,79127.59933760478,166584.41965811534,245712.01899572014,55528139.886038445,0.0375265257005411,,,,,UNKNOWN_MISSING_HISTORICAL_ETF_HOLDINGS,BLOCK_SUBMISSION,0,SELL_THEN_WAIT_SETTLEMENT,0.0
2025-10-13,1482711643.010465,1505284931.752025,158685144.01046497,0.1070236041906801,23,22573288.741559997,2,75989.0799232229,0.0,75989.0799232229,53325670.12155993,0.03553455938332359,,,,,UNKNOWN_MISSING_HISTORICAL_ETF_HOLDINGS,BLOCK_SUBMISSION,0,BUY_WITH_SETTLED_CASH,0.0
2025-10-14,1442814962.3674085,1465388251.1089685,247793368.1623151,0.1717429986695794,22,22573288.741559997,2,127543.59984570368,268512.8417804288,396056.44162613247,89504280.59347627,0.06036526455794786,,,,,UNKNOWN_MISSING_HISTORICAL_ETF_HOLDINGS,BLOCK_SUBMISSION,0,SELL_THEN_WAIT_SETTLEMENT,0.0
2025-10-15,1481003184.288226,1503576473.0297859,137782249.80874896,0.09303305439884485,24,22573288.741559997,2,156542.77020628777,0.0,156542.77020628777,109854575.58335982,0.07613906041222886,,,,,UNKNOWN_MISSING_HISTORICAL_ETF_HOLDINGS,BLOCK_SUBMISSION,0,BUY_CASH_CAP_CORRECTION,0.0
2025-10-16,1516919042.1863458,1539492330.9279058,301268356.59653264,0.19860542864720881,21,22573288.741559997,2,234003.16618295124,492638.2445956869,726641.4107786382,164212748.1985623,0.11087940251626359,,,,,UNKNOWN_MISSING_HISTORICAL_ETF_HOLDINGS,BLOCK_SUBMISSION,0,SELL_THEN_WAIT_SETTLEMENT,0.0
2025-10-17,1514575953.9182978,1537149242.6598577,154361670.71320438,0.10191741808250791,22,22573288.741559997,2,209044.13948497665,0.0,209044.13948497665,146697641.74384326,0.09670762754247382,,,,,UNKNOWN_MISSING_HISTORICAL_ETF_HOLDINGS,BLOCK_SUBMISSION,0,BUY_CASH_CAP_CORRECTION,0.0
2025-10-20,1537159210.505568,1559732499.247128,251572473.30047455,0.16366064853993423,20,22573288.741559997,2,139141.09302348897,292928.6168915557,432069.7099150447,97642872.29718523,0.06446878550037542,,,,,UNKNOWN_MISSING_HISTORICAL_ETF_HOLDINGS,BLOCK_SUBMISSION,0,SELL_THEN_WAIT_SETTLEMENT,0.0
2025-10-21,1541797605.042399,1564370893.783959,158789737.0423989,0.1029900011020138,21,22573288.741559997,2,132027.26032179923,0.0,132027.26032179923,92650708.99775386,0.060273983569523196,,,,,UNKNOWN_MISSING_HISTORICAL_ETF_HOLDINGS,BLOCK_SUBMISSION,0,BUY_CASH_CAP_CORRECTION,0.0
2025-10-22,1545160316.6597667,1567733605.4013267,208038784.24958003,0.13463896400038644,20,22573288.741559997,2,70491.81856739383,148403.82856293436,218895.64713032817,49467942.85431145,0.03208458924344425,,,,,UNKNOWN_MISSING_HISTORICAL_ETF_HOLDINGS,BLOCK_SUBMISSION,0,SELL_THEN_WAIT_SETTLEMENT,0.0
2025-10-23,1545762640.59135,1568335929.33291,165521118.00153694,0.10708055276728311,22,22573288.741559997,2,60501.45982321336,0.0,60501.45982321336,42457164.7882199,0.027477514359158024,,,,,UNKNOWN_MISSING_HISTORICAL_ETF_HOLDINGS,BLOCK_SUBMISSION,0,BUY_WITH_SETTLED_CASH,0.0
2025-10-27,1608116496.7814326,1630689785.5229926,225666973.57633924,0.140329991034854,21,22573288.741559997,2,86088.78707690863,181239.55174086028,267328.3388177689,60413183.91362009,0.039083092272503304,,,,,UNKNOWN_MISSING_HISTORICAL_ETF_HOLDINGS,BLOCK_SUBMISSION,0,SELL_THEN_WAIT_SETTLEMENT,0.0
2025-10-28,1627936129.70749,1650509418.44905,171190410.70749006,0.10515794052574397,21,22573288.741559997,2,77518.63802891888,0.0,77518.63802891888,54399044.23082027,0.033827800622465674,,,,,UNKNOWN_MISSING_HISTORICAL_ETF_HOLDINGS,BLOCK_SUBMISSION,0,BUY_CASH_CAP_CORRECTION,0.0
2025-10-29,1643316123.5023966,1665889412.2439566,171190410.70749006,0.10417375467760412,21,22573288.741559997,2,0.0,0.0,0.0,0.0,0.0,,,,,UNKNOWN_MISSING_HISTORICAL_ETF_HOLDINGS,BLOCK_SUBMISSION,0,HOLD_REVALIDATED_ENVELOPE,0.0
2025-10-30,1650797309.9125834,1673370598.6541433,171190410.70749006,0.10370165354616147,21,22573288.741559997,2,0.0,0.0,0.0,0.0,0.0,,,,,UNKNOWN_MISSING_HISTORICAL_ETF_HOLDINGS,BLOCK_SUBMISSION,0,HOLD_REVALIDATED_ENVELOPE,0.0
2025-10-31,1658626994.6405647,1681200283.3821247,229063060.64056477,0.1381040230146527,20,22573288.741559997,2,82835.07134533457,174389.62388491488,257224.69523024943,58129874.62830496,0.03521321138534154,,,,,UNKNOWN_MISSING_HISTORICAL_ETF_HOLDINGS,BLOCK_SUBMISSION,0,SELL_THEN_WAIT_SETTLEMENT,0.0
2025-11-03,1669850408.356441,1692423697.098001,174091962.7538942,0.10425602310403669,22,22573288.741559997,2,78222.3476431141,0.0,78222.3476431141,54892875.53902744,0.033095370879890375,,,,,UNKNOWN_MISSING_HISTORICAL_ETF_HOLDINGS,BLOCK_SUBMISSION,0,BUY_WITH_SETTLED_CASH,0.0
2025-11-04,1620981800.0401263,1643555088.7816863,316295734.83503306,0.19512602475068097,20,22573288.741559997,2,203541.04433681327,428507.4617617121,632048.5060985254,142835820.58723736,0.08553809363547976,,,,,UNKNOWN_MISSING_HISTORICAL_ETF_HOLDINGS,BLOCK_SUBMISSION,0,SELL_THEN_WAIT_SETTLEMENT,0.0
2025-11-05,1636991300.9067242,1659564589.6482842,164385706.70163074,0.10041941371990067,23,22573288.741559997,2,216163.75673674842,0.0,216163.75673674842,151693864.37666553,0.0935814728906336,,,,,UNKNOWN_MISSING_HISTORICAL_ETF_HOLDINGS,BLOCK_SUBMISSION,0,BUY_CASH_CAP_CORRECTION,0.0
2025-11-06,1679184456.3605564,1701757745.1021163,332628897.54526407,0.19808955251181865,20,22573288.741559997,2,240812.14067466283,506972.92773613223,747785.0684107951,168990975.91204408,0.1032326658171247,,,,,UNKNOWN_MISSING_HISTORICAL_ETF_HOLDINGS,BLOCK_SUBMISSION,0,SELL_THEN_WAIT_SETTLEMENT,0.0
2025-11-07,1662556052.1749964,1685129340.9165564,159203619.8860941,0.09575834732177603,21,22573288.741559997,2,246779.36007620872,0.0,246779.36007620872,173178498.2990938,0.10313250437920247,,,,,UNKNOWN_MISSING_HISTORICAL_ETF_HOLDINGS,BLOCK_SUBMISSION,0,BUY_CASH_CAP_CORRECTION,0.0
2025-11-10,1706074591.072591,1728647879.814151,225408342.43303415,0.13212103598080216,20,22573288.741559997,2,94761.04726353072,199496.94160743308,294257.9888709638,66498980.53581103,0.039998038230840666,,,,,UNKNOWN_MISSING_HISTORICAL_ETF_HOLDINGS,BLOCK_SUBMISSION,0,SELL_THEN_WAIT_SETTLEMENT,0.0
2025-11-11,1698184908.0393386,1720758196.7808986,179991364.4309019,0.10599043930894032,23,22573288.741559997,2,64627.10003548788,0.0,64627.10003548788,45352350.902096756,0.02658286521551453,,,,,UNKNOWN_MISSING_HISTORICAL_ETF_HOLDINGS,BLOCK_SUBMISSION,0,BUY_WITH_SETTLED_CASH,0.0
2025-11-12,1707361594.7515407,1729934883.4931006,181609013.42028773,0.10636821981855338,23,22573288.741559997,2,2315.395434673205,4874.516704575168,7189.912139248372,1624838.901525056,0.0009568091753924694,,,,,UNKNOWN_MISSING_HISTORICAL_ETF_HOLDINGS,BLOCK_SUBMISSION,0,SELL_THEN_WAIT_SETTLEMENT,0.0
2025-11-13,1726994323.4308305,1749567612.1723905,180374092.96492618,0.10444394085013362,24,22573288.741559997,2,1757.2575568716566,0.0,1757.2575568716566,1233163.1978046712,0.0007222624671864685,,,,,UNKNOWN_MISSING_HISTORICAL_ETF_HOLDINGS,BLOCK_SUBMISSION,0,BUY_WITH_SETTLED_CASH,0.0
2025-11-14,1681676911.3623738,1704250200.1039338,300365277.0030293,0.1786105731568229,22,22573288.741559997,2,171747.41958596482,361573.5149178207,533320.9345037856,120524504.97260688,0.06978859359142192,,,,,UNKNOWN_MISSING_HISTORICAL_ETF_HOLDINGS,BLOCK_SUBMISSION,0,SELL_THEN_WAIT_SETTLEMENT,0.0
2025-11-17,1705754891.8090348,1728328180.5505948,167078334.18154776,0.09794979043228959,28,22573288.741559997,2,189663.62285803852,0.0,189663.62285803852,133097279.19862352,0.07914557088780964,,,,,UNKNOWN_MISSING_HISTORICAL_ETF_HOLDINGS,BLOCK_SUBMISSION,0,BUY_CASH_CAP_CORRECTION,0.0
2025-11-18,1646100873.9893866,1668674162.7309465,168211469.13561928,0.10218782566341304,28,22573288.741559997,2,1621.8941913486358,3414.5140870497594,5036.408278398395,1138171.3623499197,0.0006672537583303276,,,,,UNKNOWN_MISSING_HISTORICAL_ETF_HOLDINGS,BLOCK_SUBMISSION,0,SELL_THEN_WAIT_SETTLEMENT,0.0
2025-11-19,1622724542.115383,1645297830.856943,166746558.2996785,0.10275715561823437,29,22573288.741559997,2,2084.5274895430102,0.0,2084.5274895430102,1462826.3084512353,0.0008886614007475869,,,,,UNKNOWN_MISSING_HISTORICAL_ETF_HOLDINGS,BLOCK_SUBMISSION,0,BUY_WITH_SETTLED_CASH,0.0
2025-11-20,1664696581.5357385,1687269870.2772985,168142794.5073724,0.10100506985618667,29,22573288.741559997,2,1998.4798693858431,4207.3260408123015,6205.805910198144,1402442.0136041003,0.0008642514346741053,,,,,UNKNOWN_MISSING_HISTORICAL_ETF_HOLDINGS,BLOCK_SUBMISSION,0,SELL_THEN_WAIT_SETTLEMENT,0.0
2025-11-21,1573020531.071462,1595593819.813022,168109748.99289432,0.1068706642235537,29,22573288.741559997,2,47.02285056919835,0.0,47.02285056919835,32998.49162750761,1.9822526214996725e-05,,,,,UNKNOWN_MISSING_HISTORICAL_ETF_HOLDINGS,BLOCK_SUBMISSION,0,REPLAN_FUNDED_RULE_REPAIR,0.0
2025-11-24,1581347664.4209225,1603920953.1624825,307358093.1639493,0.19436465495808697,26,22573288.741559997,2,199310.84091480135,419601.7703469503,618912.6112617516,139867256.78231674,0.08891635806370961,,,,,UNKNOWN_MISSING_HISTORICAL_ETF_HOLDINGS,BLOCK_SUBMISSION,0,SELL_THEN_WAIT_SETTLEMENT,0.0
2025-11-25,1595282771.153867,1617856059.895427,297285993.8990529,0.18635316526613407,30,22573288.741559997,2,14332.317899470638,0.0,14332.317899470638,10057766.946996937,0.006360250293650647,,,,,UNKNOWN_MISSING_HISTORICAL_ETF_HOLDINGS,BLOCK_SUBMISSION,0,BUY_CASH_CAP_CORRECTION,0.0
2025-11-26,1581635618.6725812,1604208907.4141412,329376121.8006331,0.2082503187915485,28,22573288.741559997,2,45931.67994350179,96698.27356526692,142629.9535087687,32232757.85508897,0.02020504354333059,,,,,UNKNOWN_MISSING_HISTORICAL_ETF_HOLDINGS,BLOCK_SUBMISSION,0,SELL_THEN_WAIT_SETTLEMENT,0.0
2025-11-27,1622840435.7811303,1645413724.5226903,149167655.4051461,0.09191763534863269,28,22573288.741559997,2,256431.64951301296,0.0,256431.64951301296,179952034.745974,0.11377591186078768,,,,,UNKNOWN_MISSING_HISTORICAL_ETF_HOLDINGS,BLOCK_SUBMISSION,0,REPLAN_FUNDED_RULE_REPAIR,0.0
2025-11-28,1641905365.5955532,1664478654.3371131,324906736.29288745,0.19788396036761657,24,22573288.741559997,2,251541.26034204505,529560.5480885159,781101.8084305609,176520182.69617194,0.10877235913289686,,,,,UNKNOWN_MISSING_HISTORICAL_ETF_HOLDINGS,BLOCK_SUBMISSION,0,SELL_THEN_WAIT_SETTLEMENT,0.0
2025-12-01,1618456210.1126735,1641029498.8542335,167719994.07347366,0.10362961507731948,27,22573288.741559997,2,223672.37452896088,0.0,223672.37452896088,156963069.84488484,0.09559812223888499,,,,,UNKNOWN_MISSING_HISTORICAL_ETF_HOLDINGS,BLOCK_SUBMISSION,0,BUY_CASH_CAP_CORRECTION,0.0
2025-12-02,1612665767.4813848,1635239056.2229447,317049107.042397,0.19659939054671896,25,22573288.741559997,2,213739.78452724894,449978.49374157673,663718.2782688257,149992831.24719223,0.09267648411491469,,,,,UNKNOWN_MISSING_HISTORICAL_ETF_HOLDINGS,BLOCK_SUBMISSION,0,SELL_THEN_WAIT_SETTLEMENT,0.0
2025-12-03,1617437334.3116322,1640010623.0531921,146731272.5125829,0.09071836626983172,28,22573288.741559997,2,242357.5546895526,0.0,242357.5546895526,170075476.9751246,0.10546232232655599,,,,,UNKNOWN_MISSING_HISTORICAL_ETF_HOLDINGS,BLOCK_SUBMISSION,0,BUY_CASH_CAP_CORRECTION,0.0
2025-12-04,1610843677.2821546,1633416966.0237145,297214883.729588,0.18450883094444923,24,22573288.741559997,2,215392.2567202191,453457.38256888237,668849.6392891015,151152460.85629413,0.09345181890501084,,,,,UNKNOWN_MISSING_HISTORICAL_ETF_HOLDINGS,BLOCK_SUBMISSION,0,SELL_THEN_WAIT_SETTLEMENT,0.0
2025-12-05,1633540693.007145,1656113981.748705,160046952.41903302,0.09797549158350412,27,22573288.741559997,2,195186.16183692316,0.0,195186.16183692316,136972745.148718,0.08503168065309787,,,,,UNKNOWN_MISSING_HISTORICAL_ETF_HOLDINGS,BLOCK_SUBMISSION,0,BUY_CASH_CAP_CORRECTION,0.0
2025-12-08,1661886987.8961794,1684460276.6377394,227061778.74627703,0.13662889257814076,26,22573288.741559997,2,95920.57606541218,201938.05487455198,297858.63093996415,67312684.95818399,0.041206616551602224,,,,,UNKNOWN_MISSING_HISTORICAL_ETF_HOLDINGS,BLOCK_SUBMISSION,0,SELL_THEN_WAIT_SETTLEMENT,0.0
2025-12-09,1686367009.869395,1708940298.610955,180851748.23038736,0.10724340975123434,26,22573288.741559997,2,65755.59176687502,0.0,65755.59176687502,46144274.924122825,0.027766193044533018,,,,,UNKNOWN_MISSING_HISTORICAL_ETF_HOLDINGS,BLOCK_SUBMISSION,0,BUY_CASH_CAP_CORRECTION,0.0
2025-12-10,1697275799.31573,1719849088.05729,260829603.82027712,0.15367543915103993,24,22573288.741559997,2,114474.9960732169,240999.99173308822,355474.9878063051,80333330.57769607,0.04763692014107753,,,,,UNKNOWN_MISSING_HISTORICAL_ETF_HOLDINGS,BLOCK_SUBMISSION,0,SELL_THEN_WAIT_SETTLEMENT,0.0
2025-12-11,1679453774.2445712,1702252063.4811313,178098464.91394365,0.10604547004817293,24,22798289.23656,2,117724.11607611681,0.0,117724.11607611681,82613414.79025738,0.04867412522087666,,,,,UNKNOWN_MISSING_HISTORICAL_ETF_HOLDINGS,BLOCK_SUBMISSION,0,BUY_CASH_CAP_CORRECTION,0.0
2025-12-12,1724407741.8727856,1747206031.1093457,298803479.9432049,0.17327890190210504,22,22798289.23656,2,172769.149905027,363724.52611584635,536493.6760208734,121241508.7052821,0.07219103649328919,,,,,UNKNOWN_MISSING_HISTORICAL_ETF_HOLDINGS,BLOCK_SUBMISSION,0,SELL_THEN_WAIT_SETTLEMENT,0.0
2025-12-15,1704503645.2037642,1727301934.4403243,168272500.22085398,0.09872228827104557,22,22798289.23656,2,185741.9638059266,0.0,185741.9638059266,130345237.75854498,0.07558840904818956,,,,,UNKNOWN_MISSING_HISTORICAL_ETF_HOLDINGS,BLOCK_SUBMISSION,0,BUY_CASH_CAP_CORRECTION,0.0
2025-12-16,1662238902.1432667,1685037191.3798268,228733742.70901668,0.13760581731909338,21,22798289.23656,2,86540.21097921485,182189.91785097864,268730.1288301935,60729972.61699288,0.03562912451837728,,,,,UNKNOWN_MISSING_HISTORICAL_ETF_HOLDINGS,BLOCK_SUBMISSION,0,SELL_THEN_WAIT_SETTLEMENT,0.0
2025-12-17,1667070208.1518147,1689868497.3883748,175782887.7632954,0.10544420199205397,24,22798289.23656,2,75347.59797054477,0.0,75347.59797054477,52875507.3477507,0.03180981222348592,,,,,UNKNOWN_MISSING_HISTORICAL_ETF_HOLDINGS,BLOCK_SUBMISSION,0,BUY_WITH_SETTLED_CASH,0.0
2025-12-18,1658663006.018248,1681461295.2548082,301780736.4530016,0.18194216387417367,22,22798289.23656,2,180344.96083452407,379673.60175689275,560018.5625914168,126557867.25229758,0.07591633911603822,,,,,UNKNOWN_MISSING_HISTORICAL_ETF_HOLDINGS,BLOCK_SUBMISSION,0,SELL_THEN_WAIT_SETTLEMENT,0.0
2025-12-19,1678718420.123374,1701516709.359934,306117528.06720644,0.18235192060661903,22,22798289.23656,2,6207.395776553119,13068.20163484867,19275.597411401788,4356067.211616224,0.0026262521053467686,,,,,UNKNOWN_MISSING_HISTORICAL_ETF_HOLDINGS,BLOCK_SUBMISSION,0,SELL_THEN_WAIT_SETTLEMENT,0.0
2025-12-22,1716316064.3096757,1739114353.5462358,308296648.09561,0.17962696644665554,22,22798289.23656,2,3119.047827110077,6566.416478126478,9685.464305236555,2188805.492708826,0.0013038550518484,,,,,UNKNOWN_MISSING_HISTORICAL_ETF_HOLDINGS,BLOCK_SUBMISSION,0,SELL_THEN_WAIT_SETTLEMENT,0.0
2025-12-23,1724355103.160985,1747153392.397545,309536726.39589417,0.179508690424884,22,22798289.23656,2,1774.9658015768455,3736.7701085828326,5511.735910159678,1245590.0361942775,0.0007257346488190506,,,,,UNKNOWN_MISSING_HISTORICAL_ETF_HOLDINGS,BLOCK_SUBMISSION,0,SELL_THEN_WAIT_SETTLEMENT,0.0
2025-12-24,1757897631.906833,1780695921.143393,176347318.05696413,0.10031717140757283,24,22798289.23656,2,189524.83399453308,0.0,189524.83399453308,132999883.5049355,0.07713021712356581,,,,,UNKNOWN_MISSING_HISTORICAL_ETF_HOLDINGS,BLOCK_SUBMISSION,0,BUY_CASH_CAP_CORRECTION,0.0
2025-12-26,1770592218.0592625,1793390507.2958226,181435397.24834937,0.10247158854409731,24,22798289.23656,2,7282.738967655839,15332.082037170187,22614.821004826026,5110694.012390062,0.0029072762370391113,,,,,UNKNOWN_MISSING_HISTORICAL_ETF_HOLDINGS,BLOCK_SUBMISSION,0,SELL_THEN_WAIT_SETTLEMENT,0.0
2025-12-29,1763968947.71041,1786767236.9469702,180297444.0845251,0.10221123468105656,24,22798289.23656,2,1619.2757904481757,0.0,1619.2757904481757,1136333.8880338075,0.0006417818153969622,,,,,UNKNOWN_MISSING_HISTORICAL_ETF_HOLDINGS,BLOCK_SUBMISSION,0,BUY_CASH_CAP_CORRECTION,0.0
2025-12-30,1782555122.280508,1805353411.5170681,345327438.3380033,0.19372609240616884,21,22798289.23656,2,236212.98426658608,497290.49319281284,733503.4774593989,165763497.7309376,0.09397189102795414,,,,,UNKNOWN_MISSING_HISTORICAL_ETF_HOLDINGS,BLOCK_SUBMISSION,0,SELL_THEN_WAIT_SETTLEMENT,0.0
2025-12-31,1785552391.6192086,1808350680.8557687,345909385.63083583,0.19372681936101113,21,22798289.23656,2,832.9607435767056,1753.6015654246432,2586.5623090013487,584533.8551415477,0.0003279190908799082,,,,,UNKNOWN_MISSING_HISTORICAL_ETF_HOLDINGS,BLOCK_SUBMISSION,0,SELL_THEN_WAIT_SETTLEMENT,0.0
2026-01-02,1817737139.2937737,1840535428.5303338,271640794.2937737,0.1494389856606613,21,22798289.23656,2,105682.1455978367,0.0,105682.1455978367,74162909.19146433,0.041534994738636886,,,,,UNKNOWN_MISSING_HISTORICAL_ETF_HOLDINGS,BLOCK_SUBMISSION,0,BUY_CASH_CAP_CORRECTION,0.0
2026-01-05,1847039821.448262,1869838110.684822,279333841.448262,0.15123325344942298,21,22798289.23656,2,11011.317274083563,23181.72057701803,34193.037851101595,7727240.192339343,0.0042510217925907185,,,,,UNKNOWN_MISSING_HISTORICAL_ETF_HOLDINGS,BLOCK_SUBMISSION,0,SELL_THEN_WAIT_SETTLEMENT,0.0
2026-01-06,1882256391.4491959,1906330680.685756,231371196.44919583,0.12292225304707687,21,24074289.23656,2,68249.51356683655,0.0,68249.51356683655,47894395.48549934,0.025930353492836657,,,,,UNKNOWN_MISSING_HISTORICAL_ETF_HOLDINGS,BLOCK_SUBMISSION,0,BUY_CASH_CAP_CORRECTION,0.0
2026-01-07,1879562340.0083737,1903636629.2449338,253430309.00837368,0.1348347450966934,21,24074289.23656,2,31573.950126136573,66471.4739497612,98045.42407589778,22157157.983253732,0.011771593967702979,,,,,UNKNOWN_MISSING_HISTORICAL_ETF_HOLDINGS,BLOCK_SUBMISSION,0,SELL_THEN_WAIT_SETTLEMENT,0.0
2026-01-08,1884556665.1926072,1908630954.4291673,265960773.19260725,0.14112644002955746,21,24074289.23656,2,17935.275054649675,37758.47379926247,55693.74885391215,12586157.933087492,0.006696323747916453,,,,,UNKNOWN_MISSING_HISTORICAL_ETF_HOLDINGS,BLOCK_SUBMISSION,0,SELL_THEN_WAIT_SETTLEMENT,0.0
2026-01-09,1861338477.9488811,1885412767.1854413,268141327.94888103,0.1440583381934713,21,24074289.23656,2,3121.1014013913036,6570.739792402744,9691.841193794047,2190246.5974675813,0.001162207875157594,,,,,UNKNOWN_MISSING_HISTORICAL_ETF_HOLDINGS,BLOCK_SUBMISSION,0,SELL_THEN_WAIT_SETTLEMENT,0.0
2026-01-12,1900712869.3222587,1924787158.5588188,191040110.32225868,0.10050971580488023,25,24074289.23656,2,109712.89424363966,0.0,109712.89424363966,76991504.7323787,0.04136351643964304,,,,,UNKNOWN_MISSING_HISTORICAL_ETF_HOLDINGS,BLOCK_SUBMISSION,0,BUY_WITH_SETTLED_CASH,0.0
2026-01-13,1898534344.4911623,1922608633.7277224,386049620.49116224,0.20334086744932167,22,24074289.23656,2,279123.6742492405,587628.7878931378,866752.4621423783,195876262.63104594,0.10305410448496093,,,,,UNKNOWN_MISSING_HISTORICAL_ETF_HOLDINGS,BLOCK_SUBMISSION,0,SELL_THEN_WAIT_SETTLEMENT,0.0
2026-01-14,1925142890.4443622,1949217179.6809223,180721041.44436216,0.09387409232914035,23,24074289.23656,2,292176.87309752614,0.0,292176.87309752614,205036402.17370254,0.10799720466929745,,,,,UNKNOWN_MISSING_HISTORICAL_ETF_HOLDINGS,BLOCK_SUBMISSION,0,BUY_CASH_CAP_CORRECTION,0.0
2026-01-15,1924181401.699891,1948255690.9364512,313228522.6998912,0.16278533948159662,21,24074289.23656,2,189662.41698428438,399289.29891428293,588951.7158985673,133096432.97142763,0.0691358722680093,,,,,UNKNOWN_MISSING_HISTORICAL_ETF_HOLDINGS,BLOCK_SUBMISSION,0,SELL_THEN_WAIT_SETTLEMENT,0.0
2026-01-16,1965397350.3949258,1989471639.631486,185909635.39492583,0.09459137377872685,22,24074289.23656,2,181171.2453849022,0.0,181171.2453849022,127137716.05958046,0.06607366433708507,,,,,UNKNOWN_MISSING_HISTORICAL_ETF_HOLDINGS,BLOCK_SUBMISSION,0,BUY_CASH_CAP_CORRECTION,0.0
2026-01-19,2002317608.3949258,2026391897.631486,185909635.39492583,0.09284722594231817,22,24074289.23656,2,0.0,0.0,0.0,0.0,0.0,,,,,UNKNOWN_MISSING_HISTORICAL_ETF_HOLDINGS,BLOCK_SUBMISSION,0,HOLD_REVALIDATED_ENVELOPE,0.0
2026-01-20,2015541813.556007,2039616102.792567,200398845.5560069,0.09942678648896128,22,24074289.23656,2,20738.894085870514,43660.829654464236,64399.72374033475,14553609.884821413,0.0072683823104805565,,,,,UNKNOWN_MISSING_HISTORICAL_ETF_HOLDINGS,BLOCK_SUBMISSION,0,SELL_THEN_WAIT_SETTLEMENT,0.0
2026-01-21,1979985301.647331,2004059590.883891,198686376.64733094,0.1003473997923245,23,24074289.23656,2,2436.7957609039595,0.0,2436.7957609039595,1710032.112915059,0.0008484230401045666,,,,,UNKNOWN_MISSING_HISTORICAL_ETF_HOLDINGS,BLOCK_SUBMISSION,0,BUY_WITH_SETTLED_CASH,0.0
2026-01-22,2010836802.086443,2034911091.323003,392204988.0864428,0.19504565844403246,20,24074289.23656,2,276989.700726449,583136.2120556821,860125.9127821311,194378737.35189405,0.09817180824027966,,,,,UNKNOWN_MISSING_HISTORICAL_ETF_HOLDINGS,BLOCK_SUBMISSION,0,SELL_THEN_WAIT_SETTLEMENT,0.0
2026-01-23,2029399590.7826345,2053473880.0191946,204016427.78263447,0.10053043703628416,23,24074289.23656,2,267787.10181284364,0.0,267787.10181284364,187920773.20199552,0.09345401526718083,,,,,UNKNOWN_MISSING_HISTORICAL_ETF_HOLDINGS,BLOCK_SUBMISSION,0,BUY_CASH_CAP_CORRECTION,0.0
2026-01-26,2085111995.3589587,2109186284.5955188,337565504.3589587,0.16189322449360602,21,24074289.23656,2,191153.28741808713,402427.97351176233,593581.2609298495,134142657.8372541,0.06609967718852364,,,,,UNKNOWN_MISSING_HISTORICAL_ETF_HOLDINGS,BLOCK_SUBMISSION,0,SELL_THEN_WAIT_SETTLEMENT,0.0
2026-01-27,2107110602.830947,2131184892.067507,252910698.8309468,0.12002725366725221,21,24074289.23656,2,120461.44032495403,0.0,120461.44032495403,84534344.08768705,0.040541872223575304,,,,,UNKNOWN_MISSING_HISTORICAL_ETF_HOLDINGS,BLOCK_SUBMISSION,0,BUY_CASH_CAP_CORRECTION,0.0
2026-01-28,2164605499.2533116,2188679788.4898715,227834501.2533116,0.10525451465955525,21,24074289.23656,2,35682.7336526751,0.0,35682.7336526751,25040514.84398253,0.011883816070376219,,,,,UNKNOWN_MISSING_HISTORICAL_ETF_HOLDINGS,BLOCK_SUBMISSION,0,BUY_CASH_CAP_CORRECTION,0.0
2026-01-29,2129321880.0233037,2153396169.259864,229265267.02330366,0.10767055426152598,21,24074289.23656,2,2047.9031938715761,4311.375144992791,6359.2783388643675,1437125.0483309305,0.0006639200763495575,,,,,UNKNOWN_MISSING_HISTORICAL_ETF_HOLDINGS,BLOCK_SUBMISSION,0,SELL_THEN_WAIT_SETTLEMENT,0.0
2026-01-30,2136428762.7165928,2160503051.9531527,239326542.71659288,0.1120217752602597,21,24074289.23656,2,14401.042475892962,30317.984159774656,44719.026635667615,10105994.719924886,0.004746109460827164,,,,,UNKNOWN_MISSING_HISTORICAL_ETF_HOLDINGS,BLOCK_SUBMISSION,0,SELL_THEN_WAIT_SETTLEMENT,0.0
2026-02-02,2065329953.5764754,2089404242.8130355,254864268.57647532,0.12340123578565926,21,24074289.23656,2,22239.66988959393,46820.35766230301,69060.02755189694,15606785.887434337,0.00730508133937937,,,,,UNKNOWN_MISSING_HISTORICAL_ETF_HOLDINGS,BLOCK_SUBMISSION,0,SELL_THEN_WAIT_SETTLEMENT,0.0
2026-02-03,2106964004.4206672,2131038293.6572273,212278422.42066714,0.10075085382345458,21,24074289.23656,2,60598.47794096076,0.0,60598.47794096076,42525247.6778672,0.020590050323062128,,,,,UNKNOWN_MISSING_HISTORICAL_ETF_HOLDINGS,BLOCK_SUBMISSION,0,BUY_CASH_CAP_CORRECTION,0.0
2026-02-04,2164762099.337242,2188836388.573802,286099741.33724195,0.13216220915214355,20,24074289.23656,2,105662.93795657692,222448.29043489878,328111.2283914757,74149430.14496626,0.035192547186089426,,,,,UNKNOWN_MISSING_HISTORICAL_ETF_HOLDINGS,BLOCK_SUBMISSION,0,SELL_THEN_WAIT_SETTLEMENT,0.0
2026-02-05,2077411627.0551386,2101485916.2916987,229634830.05513862,0.11053891634401816,23,24074289.23656,2,80348.00267318796,0.0,80348.00267318796,56384563.27943015,0.026046540308837032,,,,,UNKNOWN_MISSING_HISTORICAL_ETF_HOLDINGS,BLOCK_SUBMISSION,0,BUY_WITH_SETTLED_CASH,0.0
2026-02-06,2034228322.8654013,2058302612.1019614,364767675.8654013,0.179315011872213,21,24074289.23656,2,193420.18961868703,407200.39919723594,600620.588815923,135733466.39907864,0.06533778122320869,,,,,UNKNOWN_MISSING_HISTORICAL_ETF_HOLDINGS,BLOCK_SUBMISSION,0,SELL_THEN_WAIT_SETTLEMENT,0.0
2026-02-09,2103237353.0917847,2127311642.3283448,189222452.0917847,0.08996723637188421,27,24074289.23656,2,249795.98459934955,0.0,249795.98459934955,175295427.78901723,0.08617293635067336,,,,,UNKNOWN_MISSING_HISTORICAL_ETF_HOLDINGS,BLOCK_SUBMISSION,0,BUY_CASH_CAP_CORRECTION,0.0
2026-02-10,2129428903.5613708,2153503192.7979307,402664587.56137085,0.18909510756049805,24,24074289.23656,2,305506.9111258923,643172.4444755628,948679.3556014551,214390814.8251876,0.10193372350963169,,,,,UNKNOWN_MISSING_HISTORICAL_ETF_HOLDINGS,BLOCK_SUBMISSION,0,SELL_THEN_WAIT_SETTLEMENT,0.0
2026-02-11,2161899678.1224833,2185973967.359043,201245510.12248307,0.0930873491304907,24,24074289.23656,2,286613.76074135874,0.0,286613.76074135874,201132463.6781465,0.09445371166971661,,,,,UNKNOWN_MISSING_HISTORICAL_ETF_HOLDINGS,BLOCK_SUBMISSION,0,BUY_CASH_CAP_CORRECTION,0.0
2026-02-23,2222068966.59931,2246143255.83587,456600633.59930986,0.20548445636145074,22,24074289.23656,2,365498.38129169395,769470.2764035661,1134968.6576952601,256490092.13452205,0.11864107050391563,,,,,UNKNOWN_MISSING_HISTORICAL_ETF_HOLDINGS,BLOCK_SUBMISSION,0,SELL_THEN_WAIT_SETTLEMENT,0.0
2026-02-24,2310420288.134554,2334494577.371114,215959169.1345538,0.09347181127331616,23,24074289.23656,2,342426.129627558,0.0,342426.129627558,240299038.33512843,0.1081420252688583,,,,,UNKNOWN_MISSING_HISTORICAL_ETF_HOLDINGS,BLOCK_SUBMISSION,0,BUY_CASH_CAP_CORRECTION,0.0
2026-02-25,2355428412.8147645,2379502702.0513244,425924208.8147643,0.18082664134367807,21,24074289.23656,2,300530.0269133918,632694.7935018773,933224.8204152691,210898264.5006258,0.09128134200678537,,,,,UNKNOWN_MISSING_HISTORICAL_ETF_HOLDINGS,BLOCK_SUBMISSION,0,SELL_THEN_WAIT_SETTLEMENT,0.0
2026-02-26,2384529449.8604903,2408603739.09705,224812287.8604902,0.0942795182813293,21,24074289.23656,2,286176.6855828848,0.0,286176.6855828848,200825744.2686911,0.08526081420097247,,,,,UNKNOWN_MISSING_HISTORICAL_ETF_HOLDINGS,BLOCK_SUBMISSION,0,BUY_CASH_CAP_CORRECTION,0.0
2026-03-02,2400932397.280873,2425006686.5174327,317724666.28087276,0.13233386605999625,20,24074289.23656,2,132988.61386539953,279976.0291903148,412964.6430557143,93325343.06343827,0.03913784460447674,,,,,UNKNOWN_MISSING_HISTORICAL_ETF_HOLDINGS,BLOCK_SUBMISSION,0,SELL_THEN_WAIT_SETTLEMENT,0.0
2026-03-03,2372670474.335887,2396744763.572447,254046855.33588704,0.10707211898314495,21,24074289.23656,2,90611.7588402573,0.0,90611.7588402573,63587199.18614547,0.02648437717703333,,,,,UNKNOWN_MISSING_HISTORICAL_ETF_HOLDINGS,BLOCK_SUBMISSION,0,BUY_WITH_SETTLED_CASH,0.0
2026-03-04,2222412778.6830544,2246487067.9196143,342298881.6830543,0.1540212893690667,20,24074289.23656,2,126318.09511559988,265932.8318223155,392250.9269379154,88644277.27410518,0.0373605514263066,,,,,UNKNOWN_MISSING_HISTORICAL_ETF_HOLDINGS,BLOCK_SUBMISSION,0,SELL_THEN_WAIT_SETTLEMENT,0.0
2026-03-05,2278592462.6251907,2302666751.8617506,232616922.62519056,0.1020879891602863,23,24074289.23656,2,156074.38565789338,0.0,156074.38565789338,109525884.67220588,0.049282422114719907,,,,,UNKNOWN_MISSING_HISTORICAL_ETF_HOLDINGS,BLOCK_SUBMISSION,0,BUY_WITH_SETTLED_CASH,0.0
2026-03-06,2290892074.7785873,2314966364.015147,403621040.7785876,0.1761850962872606,21,24074289.23656,2,244763.94884221762,515292.52387835295,760056.4727205706,171764174.62611765,0.07538170052060399,,,,,UNKNOWN_MISSING_HISTORICAL_ETF_HOLDINGS,BLOCK_SUBMISSION,0,SELL_THEN_WAIT_SETTLEMENT,0.0
2026-03-09,2136319545.4782443,2160393834.714804,243725881.47824427,0.11408680971632588,23,24074289.23656,2,227526.376915884,0.0,227526.376915884,159667632.92342734,0.0696967066590682,,,,,UNKNOWN_MISSING_HISTORICAL_ETF_HOLDINGS,BLOCK_SUBMISSION,0,BUY_CASH_CAP_CORRECTION,0.0
2026-03-10,2180072306.252121,2204146595.488681,401175373.252121,0.18401929702130065,21,24074289.23656,2,225362.75597295456,474447.9073114833,699810.6632844378,158149302.4371611,0.07402886088455331,,,,,UNKNOWN_MISSING_HISTORICAL_ETF_HOLDINGS,BLOCK_SUBMISSION,0,SELL_THEN_WAIT_SETTLEMENT,0.0
2026-03-11,2307431818.426064,2331506107.662624,212526496.12906674,0.09210521170416834,27,24074289.23656,2,268442.11987952405,0.0,268442.11987952405,188380435.00317475,0.08641017752618932,,,,,UNKNOWN_MISSING_HISTORICAL_ETF_HOLDINGS,BLOCK_SUBMISSION,0,BUY_WITH_SETTLED_CASH,0.0
2026-03-12,2310198833.6185613,2334273122.855121,459748721.61856115,0.19900829094370093,25,24074289.23656,2,353857.4907189609,744963.1383557072,1098820.629074668,248321046.11856905,0.10761793442198123,,,,,UNKNOWN_MISSING_HISTORICAL_ETF_HOLDINGS,BLOCK_SUBMISSION,0,SELL_THEN_WAIT_SETTLEMENT,0.0
2026-03-13,2339958931.2953324,2364033220.5318923,229004158.29533225,0.0978667425451618,26,24074289.23656,2,328343.1137984384,0.0,328343.1137984384,230416220.20943043,0.09973869645173349,,,,,UNKNOWN_MISSING_HISTORICAL_ETF_HOLDINGS,BLOCK_SUBMISSION,0,BUY_CASH_CAP_CORRECTION,0.0
2026-03-16,2393215839.5700445,2417290128.8066044,473690499.3432379,0.1979305382787117,23,24074289.23656,2,350227.7939816343,737321.6715402827,1087549.465521917,245773890.51342756,0.105033420555537,,,,,UNKNOWN_MISSING_HISTORICAL_ETF_HOLDINGS,BLOCK_SUBMISSION,0,SELL_THEN_WAIT_SETTLEMENT,0.0
2026-03-17,2399890447.179486,2424246738.0610456,223948664.17948565,0.0933162030136356,24,24356290.881559998,2,355375.704729108,0.0,355375.704729108,249386459.45902318,0.10420558619728464,,,,,UNKNOWN_MISSING_HISTORICAL_ETF_HOLDINGS,BLOCK_SUBMISSION,0,BUY_CASH_CAP_CORRECTION,0.0
2026-03-18,2487870789.5911407,2512227080.4727006,474239668.01173407,0.1906206986294779,22,24356290.881559998,2,358249.9364296553,754210.3924834848,1112460.32891314,251403464.1611616,0.10475622520879152,,,,,UNKNOWN_MISSING_HISTORICAL_ETF_HOLDINGS,BLOCK_SUBMISSION,0,SELL_THEN_WAIT_SETTLEMENT,0.0
2026-03-19,2505453285.9033604,2529809576.78492,233001631.90336055,0.09299779533480707,22,24356290.881559998,2,343275.0345302268,0.0,343275.0345302268,240894761.07384333,0.09682768175972363,,,,,UNKNOWN_MISSING_HISTORICAL_ETF_HOLDINGS,BLOCK_SUBMISSION,0,BUY_CASH_CAP_CORRECTION,0.0
2026-03-20,2502986782.393674,2527343073.2752337,425426795.7686129,0.16996765574677378,20,24356290.881559998,2,275424.612417934,579841.2893009137,855265.9017188477,193280429.7669712,0.077143896816772,,,,,UNKNOWN_MISSING_HISTORICAL_ETF_HOLDINGS,BLOCK_SUBMISSION,0,SELL_THEN_WAIT_SETTLEMENT,0.0
2026-03-23,2417162059.0895276,2441518349.9710875,269696443.33964956,0.1115756563882341,23,24356290.881559998,2,221599.9722508153,0.0,221599.9722508153,155508752.45671248,0.06212927433360046,,,,,UNKNOWN_MISSING_HISTORICAL_ETF_HOLDINGS,BLOCK_SUBMISSION,0,BUY_WITH_SETTLED_CASH,0.0
2026-03-24,2368861373.0881014,2393217663.969661,430994565.33822364,0.18194165780852314,21,24356290.881559998,2,230871.4299253879,486045.1156323956,716916.5455577835,162015038.54413188,0.06702696574889896,,,,,UNKNOWN_MISSING_HISTORICAL_ETF_HOLDINGS,BLOCK_SUBMISSION,0,SELL_THEN_WAIT_SETTLEMENT,0.0
2026-03-25,2490448706.34886,2514804997.2304196,232340482.0987378,0.09329261891900686,22,24356290.881559998,2,282679.2506840425,0.0,282679.2506840425,198371403.98880178,0.08374124642431073,,,,,UNKNOWN_MISSING_HISTORICAL_ETF_HOLDINGS,BLOCK_SUBMISSION,0,BUY_CASH_CAP_CORRECTION,0.0
2026-03-26,2470198792.2396383,2494555083.121198,416901455.8646995,0.16877243126117403,20,24356290.881559998,2,264168.33248775377,556143.8578689552,820312.1903567091,185381285.95631844,0.07443690186580795,,,,,UNKNOWN_MISSING_HISTORICAL_ETF_HOLDINGS,BLOCK_SUBMISSION,0,SELL_THEN_WAIT_SETTLEMENT,0.0
2026-03-27,2485046178.8219223,2509402469.703482,255600687.2018664,0.10285550803045365,25,24356290.881559998,2,229526.52005346102,0.0,229526.52005346102,161071242.14277965,0.06520578127104591,,,,,UNKNOWN_MISSING_HISTORICAL_ETF_HOLDINGS,BLOCK_SUBMISSION,0,BUY_WITH_SETTLED_CASH,0.0
2026-03-30,2452269676.202916,2476625967.084476,428191377.95529664,0.1746102323535258,23,24356290.881559998,2,247034.86359504625,520073.39704220265,767108.2606372489,173357799.01406753,0.06976039338482261,,,,,UNKNOWN_MISSING_HISTORICAL_ETF_HOLDINGS,BLOCK_SUBMISSION,0,SELL_THEN_WAIT_SETTLEMENT,0.0
2026-03-31,2318790324.639139,2343146615.520699,257886289.69516924,0.11121587275697413,25,24356290.881559998,2,242339.41710131222,0.0,242339.41710131222,170062748.8430261,0.06934912195560422,,,,,UNKNOWN_MISSING_HISTORICAL_ETF_HOLDINGS,BLOCK_SUBMISSION,0,BUY_CASH_CAP_CORRECTION,0.0
2026-04-01,2458185529.658049,2482541820.539609,468681936.0329882,0.19066174232104652,23,24356290.881559998,2,301718.9021735098,635197.6887863366,936916.5909598464,211732562.92877883,0.09131164671464188,,,,,UNKNOWN_MISSING_HISTORICAL_ETF_HOLDINGS,BLOCK_SUBMISSION,0,SELL_THEN_WAIT_SETTLEMENT,0.0
2026-04-02,2436541446.8124456,2460897737.6940055,248207167.8404607,0.10186864178533574,27,24356290.881559998,2,313729.48016511643,0.0,313729.48016511643,220161038.7123624,0.08956241750515403,,,,,UNKNOWN_MISSING_HISTORICAL_ETF_HOLDINGS,BLOCK_SUBMISSION,0,BUY_CASH_CAP_CORRECTION,0.0
2026-04-07,2515521030.6568584,2539877321.5384183,483841914.2819194,0.19234262341093508,24,24356290.881559998,2,337271.94202252844,710046.1937316388,1047318.1357541673,236682064.57721293,0.09713853416564995,,,,,UNKNOWN_MISSING_HISTORICAL_ETF_HOLDINGS,BLOCK_SUBMISSION,0,SELL_THEN_WAIT_SETTLEMENT,0.0
2026-04-08,2642004601.05198,2666360891.93354,243946934.1780786,0.09233403078894906,27,24356290.881559998,2,341363.90308607573,0.0,341363.90308607573,239553616.20075488,0.0952302180269199,,,,,UNKNOWN_MISSING_HISTORICAL_ETF_HOLDINGS,BLOCK_SUBMISSION,0,BUY_CASH_CAP_CORRECTION,0.0
2026-04-09,2663551483.9629717,2687907774.8445315,508606594.71284974,0.19095054019985308,25,24356290.881559998,2,378816.2782934976,797507.9543021002,1176324.2325955979,265835984.76736677,0.10061904686370249,,,,,UNKNOWN_MISSING_HISTORICAL_ETF_HOLDINGS,BLOCK_SUBMISSION,0,SELL_THEN_WAIT_SETTLEMENT,0.0
2026-04-10,2726107700.5871043,2750463991.468664,258227487.22437236,0.09472387579139283,25,24356290.881559998,2,356282.5255721399,0.0,356282.5255721399,250022824.9629052,0.09386821560171539,,,,,UNKNOWN_MISSING_HISTORICAL_ETF_HOLDINGS,BLOCK_SUBMISSION,0,BUY_CASH_CAP_CORRECTION,0.0
2026-04-13,2758664337.1175866,2783020627.9991465,359701347.1175865,0.13038967527793666,24,24356290.881559998,2,145242.95040336507,305774.63242813695,451017.582831502,101924877.47604565,0.03738842652991837,,,,,UNKNOWN_MISSING_HISTORICAL_ETF_HOLDINGS,BLOCK_SUBMISSION,0,SELL_THEN_WAIT_SETTLEMENT,0.0
2026-04-14,2781563302.2249975,2805919593.1065574,290228286.9511937,0.10433998993265314,24,24356290.881559998,2,98858.23774831847,0.0,98858.23774831847,69374201.92864454,0.025147750306269864,,,,,UNKNOWN_MISSING_HISTORICAL_ETF_HOLDINGS,BLOCK_SUBMISSION,0,BUY_CASH_CAP_CORRECTION,0.0
2026-04-15,2811749200.9164047,2836105491.7979646,467621129.6426012,0.16630968704114657,22,24356290.881559998,2,253908.34526304464,534543.8847643045,788452.2300273492,178181294.92143482,0.06405796868937191,,,,,UNKNOWN_MISSING_HISTORICAL_ETF_HOLDINGS,BLOCK_SUBMISSION,0,SELL_THEN_WAIT_SETTLEMENT,0.0
2026-04-16,2854264869.993318,2878621160.874878,281682756.80783236,0.09868837323723631,22,24356290.881559998,2,264585.14745442313,0.0,264585.14745442313,185673787.68731448,0.06603497482165184,,,,,UNKNOWN_MISSING_HISTORICAL_ETF_HOLDINGS,BLOCK_SUBMISSION,0,BUY_CASH_CAP_CORRECTION,0.0
2026-04-17,2923312866.900575,2947669157.782135,281682756.80783236,0.09635737590635819,22,24356290.881559998,2,0.0,0.0,0.0,0.0,0.0,,,,,UNKNOWN_MISSING_HISTORICAL_ETF_HOLDINGS,BLOCK_SUBMISSION,0,HOLD_REVALIDATED_ENVELOPE,0.0
2026-04-20,2983984301.5726275,3008340592.4541874,369173854.5726277,0.1237184305487347,21,24356290.881559998,2,125228.95242933319,263639.89985122776,388868.85228056094,87879966.61707592,0.030061772590988568,,,,,UNKNOWN_MISSING_HISTORICAL_ETF_HOLDINGS,BLOCK_SUBMISSION,0,SELL_THEN_WAIT_SETTLEMENT,0.0
2026-04-21,3059876835.7296915,3084233126.6112514,316932498.004014,0.10357688071076719,21,24356290.881559998,2,74338.0014581965,0.0,74338.0014581965,52167018.56715542,0.017482336800385384,,,,,UNKNOWN_MISSING_HISTORICAL_ETF_HOLDINGS,BLOCK_SUBMISSION,0,BUY_CASH_CAP_CORRECTION,0.0
2026-04-22,3120825569.455369,3145181860.336929,316932498.004014,0.10155405707577675,21,24356290.881559998,2,0.0,0.0,0.0,0.0,0.0,,,,,UNKNOWN_MISSING_HISTORICAL_ETF_HOLDINGS,BLOCK_SUBMISSION,0,HOLD_REVALIDATED_ENVELOPE,0.0
2026-04-23,3041849898.2079077,3066206189.0894675,429946622.20790744,0.1413437995284411,20,24356290.881559998,2,161760.91905737706,340549.3032786886,502310.2223360656,113516434.42622952,0.03637384784886899,,,,,UNKNOWN_MISSING_HISTORICAL_ETF_HOLDINGS,BLOCK_SUBMISSION,0,SELL_THEN_WAIT_SETTLEMENT,0.0
2026-04-24,3100460707.239221,3124816998.120781,318087344.69057596,0.10259357389947836,23,24356290.881559998,2,159172.64943675007,0.0,159172.64943675007,111700104.86789477,0.03672111005007262,,,,,UNKNOWN_MISSING_HISTORICAL_ETF_HOLDINGS,BLOCK_SUBMISSION,0,BUY_WITH_SETTLED_CASH,0.0
2026-04-27,3010517932.293649,3034874223.175209,525100641.29364914,0.1744220274062896,21,24356290.881559998,2,296305.0977167761,623800.2057195285,920105.3034363046,207933401.90650952,0.0670653240084639,,,,,UNKNOWN_MISSING_HISTORICAL_ETF_HOLDINGS,BLOCK_SUBMISSION,0,SELL_THEN_WAIT_SETTLEMENT,0.0
2026-04-28,3056636178.501564,3080992469.383124,306115677.5015642,0.10014789449087441,21,24356290.881559998,2,311609.5298237223,0.0,311609.5298237223,218673354.2622612,0.07263645631091081,,,,,UNKNOWN_MISSING_HISTORICAL_ETF_HOLDINGS,BLOCK_SUBMISSION,0,BUY_CASH_CAP_CORRECTION,0.0
2026-04-29,3067714008.615898,3092070299.497458,428320372.6158979,0.1396220023812288,20,24356290.881559998,2,174915.69247713682,368243.56310976174,543159.2555868985,122747854.36992058,0.04015782291436939,,,,,UNKNOWN_MISSING_HISTORICAL_ETF_HOLDINGS,BLOCK_SUBMISSION,0,SELL_THEN_WAIT_SETTLEMENT,0.0
2026-04-30,3138948412.971543,3163304703.8531027,317312663.9715427,0.10108884321267099,21,24356290.881559998,2,157960.89054917355,0.0,157960.89054917355,110849747.753806,0.036134316120236896,,,,,UNKNOWN_MISSING_HISTORICAL_ETF_HOLDINGS,BLOCK_SUBMISSION,0,BUY_CASH_CAP_CORRECTION,0.0
2026-05-04,3256034809.871111,3280391100.752671,431827591.87111104,0.1326237638989507,20,24356290.881559998,2,163909.06989115322,345071.72608663834,508980.79597779154,115023908.69554612,0.036644090173707775,,,,,UNKNOWN_MISSING_HISTORICAL_ETF_HOLDINGS,BLOCK_SUBMISSION,0,SELL_THEN_WAIT_SETTLEMENT,0.0
2026-05-05,3260124194.92682,3284480485.8083797,348023524.92681974,0.1067516156189356,21,24356290.881559998,2,119250.86291595983,0.0,119250.86291595983,83684816.08137532,0.025701450066711037,,,,,UNKNOWN_MISSING_HISTORICAL_ETF_HOLDINGS,BLOCK_SUBMISSION,0,BUY_WITH_SETTLED_CASH,0.0
2026-05-06,3230197581.7203465,3254553872.6019063,475103187.7203463,0.14708177308067782,20,24356290.881559998,2,181893.39776588936,382933.4689808197,564826.866746709,127644489.66027322,0.03915325982332353,,,,,UNKNOWN_MISSING_HISTORICAL_ETF_HOLDINGS,BLOCK_SUBMISSION,0,SELL_THEN_WAIT_SETTLEMENT,0.0
2026-05-07,3260317008.9853034,3284673299.8668633,332245142.9853035,0.10190577850854662,25,24356290.881559998,2,203283.0354219596,0.0,203283.0354219596,142654761.69962075,0.044162859419777455,,,,,UNKNOWN_MISSING_HISTORICAL_ETF_HOLDINGS,BLOCK_SUBMISSION,0,BUY_WITH_SETTLED_CASH,0.0
2026-05-08,3174908934.7851934,3199265225.6667533,603484634.7851934,0.1900793525676426,23,24356290.881559998,2,388234.2122038452,817335.1835870425,1205569.3957908878,272445061.19568086,0.08356397873115809,,,,,UNKNOWN_MISSING_HISTORICAL_ETF_HOLDINGS,BLOCK_SUBMISSION,0,SELL_THEN_WAIT_SETTLEMENT,0.0
2026-05-11,3275602451.3519135,3299958742.2334733,303811030.3519135,0.0927496650964234,23,24356290.881559998,2,426427.2275182104,0.0,426427.2275182104,299247177.2057617,0.09425378281787096,,,,,UNKNOWN_MISSING_HISTORICAL_ETF_HOLDINGS,BLOCK_SUBMISSION,0,BUY_CASH_CAP_CORRECTION,0.0
2026-05-12,3272852167.610411,3297208458.491971,567804742.6104113,0.17348927282132004,21,24356290.881559998,2,377863.0841155708,795501.2297169911,1173364.313832562,265167076.5723304,0.08095215475946725,,,,,UNKNOWN_MISSING_HISTORICAL_ETF_HOLDINGS,BLOCK_SUBMISSION,0,SELL_THEN_WAIT_SETTLEMENT,0.0
2026-05-13,3245459702.445465,3269815993.327025,339017592.4454653,0.10445903616982655,21,24356290.881559998,2,325557.7691639893,0.0,325557.7691639893,228461592.39578196,0.06980504486476312,,,,,UNKNOWN_MISSING_HISTORICAL_ETF_HOLDINGS,BLOCK_SUBMISSION,0,BUY_CASH_CAP_CORRECTION,0.0
2026-05-14,3196650779.993258,3221007070.874818,461898814.9932579,0.14449461226234792,20,24356290.881559998,2,175884.0289587468,370282.16622894065,546166.1951876874,123427388.74298021,0.03803078764157116,,,,,UNKNOWN_MISSING_HISTORICAL_ETF_HOLDINGS,BLOCK_SUBMISSION,0,SELL_THEN_WAIT_SETTLEMENT,0.0
2026-05-15,3101138009.1322947,3125494300.0138545,338190755.1322946,0.10905375837398515,24,24356290.881559998,2,176033.13808010856,0.0,176033.13808010856,123532026.7228832,0.03864420458313052,,,,,UNKNOWN_MISSING_HISTORICAL_ETF_HOLDINGS,BLOCK_SUBMISSION,0,BUY_WITH_SETTLED_CASH,0.0
2026-05-18,3087814870.320299,3112171161.201859,616396285.3202991,0.19962216363585306,22,24356290.881559998,2,398204.93736574997,838326.1839278946,1236531.1212936444,279442061.3092982,0.09010952124232831,,,,,UNKNOWN_MISSING_HISTORICAL_ETF_HOLDINGS,BLOCK_SUBMISSION,0,SELL_THEN_WAIT_SETTLEMENT,0.0
2026-05-19,2991789752.4822865,3016146043.3638463,305560944.48228633,0.10213316100463363,29,24356290.881559998,2,442310.0688460627,0.0,442310.0688460627,310393030.76916677,0.10052190426072069,,,,,UNKNOWN_MISSING_HISTORICAL_ETF_HOLDINGS,BLOCK_SUBMISSION,0,BUY_CASH_CAP_CORRECTION,0.0
2026-05-20,3007743201.986284,3032099492.8678436,523590718.98628366,0.17408092507382597,27,24356290.881559998,2,312073.35325635556,656996.5331712749,969069.8864276304,218998844.39042494,0.07319994468485685,,,,,UNKNOWN_MISSING_HISTORICAL_ETF_HOLDINGS,BLOCK_SUBMISSION,0,SELL_THEN_WAIT_SETTLEMENT,0.0
2026-05-21,3146827595.0147066,3171183885.8962665,506915049.01470685,0.16108764579851023,30,24356290.881559998,2,23729.015861893742,0.0,23729.015861893742,16651940.955714907,0.0055363572743571095,,,,,UNKNOWN_MISSING_HISTORICAL_ETF_HOLDINGS,BLOCK_SUBMISSION,0,BUY_WITH_SETTLED_CASH,0.0
2026-05-22,3215941901.708619,3240298192.590179,650488086.7086194,0.2022698501994135,29,24356290.881559998,2,205500.9202860914,432633.5163917713,638134.4366778627,144211172.13059044,0.04582747792063787,,,,,UNKNOWN_MISSING_HISTORICAL_ETF_HOLDINGS,BLOCK_SUBMISSION,0,SELL_THEN_WAIT_SETTLEMENT,0.0
2026-05-25,3359136282.861154,3383492573.742714,297375505.86115396,0.08852737156822453,29,24356290.881559998,2,502469.4088000983,0.0,502469.4088000983,352610111.43866545,0.1096444283559118,,,,,UNKNOWN_MISSING_HISTORICAL_ETF_HOLDINGS,BLOCK_SUBMISSION,0,BUY_CASH_CAP_CORRECTION,0.0
2026-05-26,3424561441.253292,3448917732.134852,676999193.253292,0.19768931142480234,26,24356290.881559998,2,543368.1586357597,1143932.965548968,1687301.1241847277,381310988.5163226,0.11351459315950703,,,,,UNKNOWN_MISSING_HISTORICAL_ETF_HOLDINGS,BLOCK_SUBMISSION,0,SELL_THEN_WAIT_SETTLEMENT,0.0
2026-05-27,3472403539.8246975,3496759830.7062573,328536081.30286855,0.09461345075101914,26,24356290.881559998,2,495853.3435148447,0.0,495853.3435148447,347967258.60690856,0.10160929058395356,,,,,UNKNOWN_MISSING_HISTORICAL_ETF_HOLDINGS,BLOCK_SUBMISSION,0,BUY_CASH_CAP_CORRECTION,0.0
2026-05-28,3373952224.509445,3398308515.391005,496450358.8939593,0.14714208318884556,24,24356290.881559998,2,240341.3560679048,505981.80224822054,746323.1583161254,168660600.74940684,0.0485717166265536,,,,,UNKNOWN_MISSING_HISTORICAL_ETF_HOLDINGS,BLOCK_SUBMISSION,0,SELL_THEN_WAIT_SETTLEMENT,0.0
2026-05-29,3443994086.0924063,3468350376.973966,499452872.2375288,0.14502140821159584,24,24356290.881559998,2,4297.598387451019,9047.575552528462,13345.173939979482,3015858.5175094875,0.0008938652111317247,,,,,UNKNOWN_MISSING_HISTORICAL_ETF_HOLDINGS,BLOCK_SUBMISSION,0,SELL_THEN_WAIT_SETTLEMENT,0.0
2026-06-01,3488045868.848986,3512402159.730546,520680064.8033881,0.14927557847030445,24,24356290.881559998,2,30383.19504442113,63964.621146149744,94347.81619057087,21321540.382049914,0.006190934086719518,,,,,UNKNOWN_MISSING_HISTORICAL_ETF_HOLDINGS,BLOCK_SUBMISSION,0,SELL_THEN_WAIT_SETTLEMENT,0.0
2026-06-02,3421360130.1083026,3445716420.9898624,368883476.6511997,0.10781778667641244,24,24356290.881559998,2,216002.33478979292,0.0,216002.33478979292,151580585.81739855,0.04345716527730707,,,,,UNKNOWN_MISSING_HISTORICAL_ETF_HOLDINGS,BLOCK_SUBMISSION,0,BUY_CASH_CAP_CORRECTION,0.0
2026-06-03,3476192237.551308,3500548528.432868,578010304.8305422,0.1662768527547553,22,24356290.881559998,2,299330.2665852026,630168.982284637,929499.2488698396,210056327.42821234,0.061395561835100664,,,,,UNKNOWN_MISSING_HISTORICAL_ETF_HOLDINGS,BLOCK_SUBMISSION,0,SELL_THEN_WAIT_SETTLEMENT,0.0
2026-06-04,3395090697.3307586,3419446988.2123184,361446645.0747229,0.10646155796629954,22,24356290.881559998,2,308164.0813361386,0.0,308164.0813361386,216255495.6744832,0.062210453535451606,,,,,UNKNOWN_MISSING_HISTORICAL_ETF_HOLDINGS,BLOCK_SUBMISSION,0,BUY_CASH_CAP_CORRECTION,0.0
2026-06-05,3359186277.004722,3383542567.886282,595772176.3816781,0.1773560997376153,20,24356290.881559998,2,335398.0183435816,706101.0912496453,1041499.1095932269,235367030.41654843,0.06932569742587302,,,,,UNKNOWN_MISSING_HISTORICAL_ETF_HOLDINGS,BLOCK_SUBMISSION,0,SELL_THEN_WAIT_SETTLEMENT,0.0
2026-06-08,3209733216.7150683,3235126282.090628,362555570.53175634,0.11295504830236512,25,25393065.375559997,2,331860.76175064384,0.0,331860.76175064384,232884745.0881711,0.06932772578954058,,,,,UNKNOWN_MISSING_HISTORICAL_ETF_HOLDINGS,BLOCK_SUBMISSION,0,BUY_WITH_SETTLED_CASH,0.0
2026-06-09,3326316626.7380853,3351709692.113645,607916601.6289583,0.18275969182918853,23,25393065.375559997,2,351193.500553462,739354.7380072884,1090548.2385607504,246451579.3357628,0.0767825743436672,,,,,UNKNOWN_MISSING_HISTORICAL_ETF_HOLDINGS,BLOCK_SUBMISSION,0,SELL_THEN_WAIT_SETTLEMENT,0.0
2026-06-10,3171918862.1843987,3197311927.5599585,339249632.9164888,0.10695407028250985,28,25393065.375559997,2,382305.64487132744,0.0,382305.64487132744,268284663.0675982,0.08065517903828912,,,,,UNKNOWN_MISSING_HISTORICAL_ETF_HOLDINGS,BLOCK_SUBMISSION,0,BUY_CASH_CAP_CORRECTION,0.0
2026-06-11,3179149483.886811,3206792549.2623706,568353992.5726086,0.1787754855357547,26,27643065.375559997,2,327924.779659966,690367.9571788758,1018292.7368388418,230122652.39295858,0.0725499807502896,,,,,UNKNOWN_MISSING_HISTORICAL_ETF_HOLDINGS,BLOCK_SUBMISSION,0,SELL_THEN_WAIT_SETTLEMENT,0.0
2026-06-12,3243548806.2093573,3271191871.584917,313478807.9307565,0.09664686017076161,28,27643065.375559997,2,362680.3186605479,0.0,362680.3186605479,254512504.32319155,0.08005679053884121,,,,,UNKNOWN_MISSING_HISTORICAL_ETF_HOLDINGS,BLOCK_SUBMISSION,0,BUY_CASH_CAP_CORRECTION,0.0
2026-06-15,3353717208.039525,3384030557.7910852,652879918.2382154,0.19467351530806856,26,30313349.751559995,2,485796.23050812737,1022728.9063328998,1508525.136841027,340909635.4442999,0.1051039018718239,,,,,UNKNOWN_MISSING_HISTORICAL_ETF_HOLDINGS,BLOCK_SUBMISSION,0,SELL_THEN_WAIT_SETTLEMENT,0.0
2026-06-16,3409603542.3756433,3439916892.1272035,334735658.66533905,0.09817436382416232,26,30313349.751559995,2,452710.45748942636,0.0,452710.45748942636,317691549.11538696,0.09472818648925357,,,,,UNKNOWN_MISSING_HISTORICAL_ETF_HOLDINGS,BLOCK_SUBMISSION,0,REPLAN_FUNDED_RULE_REPAIR,0.0
2026-06-17,3441800181.409927,3473784381.161487,692931871.4706364,0.2013283267324305,22,31984199.751559995,2,512698.29319493636,1079364.8277788134,1592063.1209737498,359788275.9262711,0.10552202666811766,,,,,UNKNOWN_MISSING_HISTORICAL_ETF_HOLDINGS,BLOCK_SUBMISSION,0,SELL_THEN_WAIT_SETTLEMENT,0.0
2026-06-18,3519494363.860546,3551478563.6121063,334670940.2375221,0.09509063110714017,26,31984199.751559995,2,509795.368606923,0.0,509795.368606923,357751135.8645073,0.10394302894073161,,,,,UNKNOWN_MISSING_HISTORICAL_ETF_HOLDINGS,BLOCK_SUBMISSION,0,BUY_CASH_CAP_CORRECTION,0.0
2026-06-22,3567641310.1470957,3599625509.898656,660475486.5078695,0.1851294536335094,23,31984199.751559995,2,466335.01085829287,981757.9175964061,1448092.928454699,327252639.198802,0.0929828564464122,,,,,UNKNOWN_MISSING_HISTORICAL_ETF_HOLDINGS,BLOCK_SUBMISSION,0,SELL_THEN_WAIT_SETTLEMENT,0.0
2026-06-23,3523836074.6614933,3555820274.4130535,363579270.60033107,0.10317712370750878,23,31984199.751559995,2,422475.08067827555,0.0,422475.08067827555,296473740.8268601,0.08310077024381027,,,,,UNKNOWN_MISSING_HISTORICAL_ETF_HOLDINGS,BLOCK_SUBMISSION,0,BUY_CASH_CAP_CORRECTION,0.0
2026-06-24,3518706052.261729,3550690252.013289,539459243.453519,0.15331182413113742,21,31984199.751559995,2,251742.92375340164,529985.1026387403,781728.0263921419,176661700.87958008,0.050133348185485774,,,,,UNKNOWN_MISSING_HISTORICAL_ETF_HOLDINGS,BLOCK_SUBMISSION,0,SELL_THEN_WAIT_SETTLEMENT,0.0
2026-06-25,3582545511.7773333,3614529711.5288935,366096806.24115175,0.10218901756799394,22,31984199.751559995,2,246689.93986331808,0.0,246689.93986331808,173115747.2725039,0.04919869540146151,,,,,UNKNOWN_MISSING_HISTORICAL_ETF_HOLDINGS,BLOCK_SUBMISSION,0,BUY_CASH_CAP_CORRECTION,0.0
2026-06-26,3428367529.9174604,3460351729.6690207,621195668.7425168,0.18119284566829166,20,31984199.751559995,2,365131.586333973,768698.0764925748,1133829.6628265479,256232692.1641916,0.07152252255326472,,,,,UNKNOWN_MISSING_HISTORICAL_ETF_HOLDINGS,BLOCK_SUBMISSION,0,SELL_THEN_WAIT_SETTLEMENT,0.0
2026-06-29,3439783153.231491,3471767352.9830513,341049309.32115686,0.09914849109042219,22,31984199.751559995,2,398640.4994637021,0.0,398640.4994637021,279747718.92189616,0.08159793735085083,,,,,UNKNOWN_MISSING_HISTORICAL_ETF_HOLDINGS,BLOCK_SUBMISSION,0,BUY_CASH_CAP_CORRECTION,0.0
2026-06-30,3540131492.693446,3576617692.4450064,657081754.3143513,0.1856094203479494,20,36486199.751559995,2,452347.87345534196,952311.3125375621,1404659.185992904,317437104.1791873,0.09228404525470515,,,,,UNKNOWN_MISSING_HISTORICAL_ETF_HOLDINGS,BLOCK_SUBMISSION,0,SELL_THEN_WAIT_SETTLEMENT,0.0
2026-07-01,3553894696.075582,3591839555.8271422,350247660.2656225,0.0985531902935634,21,37944859.751559995,2,436616.4056413997,0.0,436616.4056413997,306397477.6430875,0.08654974491073789,,,,,UNKNOWN_MISSING_HISTORICAL_ETF_HOLDINGS,BLOCK_SUBMISSION,0,BUY_CASH_CAP_CORRECTION,0.0
2026-07-02,3570276452.454999,3608483850.7785587,492006863.50711036,0.13780637719770855,20,38207398.32355999,2,202904.71799625357,427167.8273605338,630072.5453567874,142389275.7868446,0.0400656991733827,,,,,UNKNOWN_MISSING_HISTORICAL_ETF_HOLDINGS,BLOCK_SUBMISSION,0,SELL_THEN_WAIT_SETTLEMENT,0.0
2026-07-03,3606898375.663594,3645105773.9871535,380172804.9397959,0.10540158478123246,24,38207398.32355999,2,159136.76357033532,0.0,159136.76357033532,111674921.80374408,0.03127906852337835,,,,,UNKNOWN_MISSING_HISTORICAL_ETF_HOLDINGS,BLOCK_SUBMISSION,0,BUY_WITH_SETTLED_CASH,0.0
2026-07-06,3563228004.580183,3604638624.615183,674146734.9774072,0.1891955087103203,22,41410620.03499999,2,420774.77869934076,885841.6393670333,1306616.418066374,295280546.45567775,0.08186550207457739,,,,,UNKNOWN_MISSING_HISTORICAL_ETF_HOLDINGS,BLOCK_SUBMISSION,0,SELL_THEN_WAIT_SETTLEMENT,0.0
2026-07-07,3459318742.8459373,3500729362.880937,365801193.7093225,0.10574370877671208,26,41410620.03499999,2,438767.1531138336,0.0,438767.1531138336,307906774.1149709,0.08641231313830794,,,,,UNKNOWN_MISSING_HISTORICAL_ETF_HOLDINGS,BLOCK_SUBMISSION,0,BUY_CASH_CAP_CORRECTION,0.0
2026-07-08,3525465831.2878537,3570290327.2908535,644786938.2135509,0.1828941107558572,24,44824496.00299999,2,399321.68437187106,840677.2302565707,1239998.914628442,280225743.41885686,0.0810060489506436,,,,,UNKNOWN_MISSING_HISTORICAL_ETF_HOLDINGS,BLOCK_SUBMISSION,0,SELL_THEN_WAIT_SETTLEMENT,0.0
2026-07-09,3523871992.3403544,3568917030.8393545,350115710.3403546,0.09935539971411611,26,45045038.49899999,3,419308.9844165113,0.0,419308.9844165113,294251918.8887798,0.08346469175146977,,,,,UNKNOWN_MISSING_HISTORICAL_ETF_HOLDINGS,BLOCK_SUBMISSION,0,BUY_CASH_CAP_CORRECTION,0.0
2026-07-13,3593033632.660843,3642629671.159843,622700936.1137849,0.173307850628896,24,49596038.49899999,3,390160.40652601584,821390.3295284545,1211550.7360544703,273796776.5094848,0.07769770783519428,,,,,UNKNOWN_MISSING_HISTORICAL_ETF_HOLDINGS,BLOCK_SUBMISSION,0,SELL_THEN_WAIT_SETTLEMENT,0.0
2026-07-14,3570757750.464878,3620353788.963878,367753934.3767741,0.10299044630762086,24,49596038.49899999,3,362782.51239507727,0.0,362782.51239507727,254584219.22461563,0.07085495023214736,,,,,UNKNOWN_MISSING_HISTORICAL_ETF_HOLDINGS,BLOCK_SUBMISSION,0,BUY_CASH_CAP_CORRECTION,0.0
2026-07-15,3699722256.6599245,3750207740.754324,598403448.5244722,0.16174280311103822,22,50485484.094399594,3,330136.41128038557,695024.0237481801,1025160.4350285657,231674674.58272672,0.06488109549088424,,,,,UNKNOWN_MISSING_HISTORICAL_ETF_HOLDINGS,BLOCK_SUBMISSION,0,SELL_THEN_WAIT_SETTLEMENT,0.0
2026-07-16,3627213611.217615,3678086695.3120146,382494888.82854635,0.10545143733626074,24,50873084.094399594,3,307231.8921204228,0.0,307231.8921204228,215601327.80380544,0.05827500359403961,,,,,UNKNOWN_MISSING_HISTORICAL_ETF_HOLDINGS,BLOCK_SUBMISSION,0,BUY_CASH_CAP_CORRECTION,0.0
2026-07-17,3419889573.059403,3472972051.2418027,635975720.3372959,0.18596381747155585,22,53082478.18239959,3,362815.6441252222,763822.4086846784,1126638.0528099006,254607469.56155944,0.07019367946077225,,,,,UNKNOWN_MISSING_HISTORICAL_ETF_HOLDINGS,BLOCK_SUBMISSION,0,SELL_THEN_WAIT_SETTLEMENT,0.0
2026-07-20,3337168866.417442,3390251344.5998416,339511394.7417752,0.1017363544764972,24,53082478.18239959,3,421860.5127429583,0.0,421860.5127429583,296042465.0827778,0.08656491935145755,,,,,UNKNOWN_MISSING_HISTORICAL_ETF_HOLDINGS,BLOCK_SUBMISSION,0,BUY_CASH_CAP_CORRECTION,0.0
2026-07-21,3417619712.95284,3474942991.1352396,625968306.5231297,0.183159145574535,22,57323278.18239959,3,410015.4175109159,863190.3526545598,1273205.7701654756,287730117.5515199,0.08621982556741499,,,,,UNKNOWN_MISSING_HISTORICAL_ETF_HOLDINGS,BLOCK_SUBMISSION,0,SELL_THEN_WAIT_SETTLEMENT,0.0
2026-07-22,3492705100.769633,3550028378.9520326,347815536.5542014,0.09958342502994563,25,57323278.18239959,3,395803.6769660462,0.0,395803.6769660462,277756966.29196227,0.08127205178483095,,,,,UNKNOWN_MISSING_HISTORICAL_ETF_HOLDINGS,BLOCK_SUBMISSION,0,BUY_WITH_SETTLED_CASH,0.0
2026-07-23,3468868086.256453,3531614364.438853,674210441.7715973,0.19436035761717144,23,62746278.18239959,4,467180.01148561283,983536.8662855008,1450716.8777711135,327845622.0951669,0.09386581822293692,,,,,UNKNOWN_MISSING_HISTORICAL_ETF_HOLDINGS,BLOCK_SUBMISSION,0,SELL_THEN_WAIT_SETTLEMENT,0.0
2026-07-24,3361131336.53433,3423877614.7167296,353504486.4645497,0.10517425565079197,23,62746278.18239959,4,456355.6794692988,0.0,456355.6794692988,320249599.62757814,0.09232106602623405,,,,,UNKNOWN_MISSING_HISTORICAL_ETF_HOLDINGS,BLOCK_SUBMISSION,0,BUY_CASH_CAP_CORRECTION,0.0
2026-07-27,3354630776.310078,3417377054.492478,666300965.7082065,0.19862125227417826,20,62746278.18239959,4,447716.12678322673,942560.2669120562,1390276.393695283,314186755.6373521,0.09347648877098352,,,,,UNKNOWN_MISSING_HISTORICAL_ETF_HOLDINGS,BLOCK_SUBMISSION,0,SELL_THEN_WAIT_SETTLEMENT,0.0
2026-07-28,3230170816.570094,3298277494.752494,350610248.7776516,0.1085423244427493,25,68106678.1823996,5,449219.1343595785,0.0,449219.1343595785,315241497.79619545,0.09397204008929559,,,,,UNKNOWN_MISSING_HISTORICAL_ETF_HOLDINGS,BLOCK_SUBMISSION,0,BUY_WITH_SETTLED_CASH,0.0
2026-07-29,3154282597.4606576,3228809875.6430573,613387511.400184,0.19446181261437678,22,74527278.1823996,6,376121.93881637114,791835.6606660446,1167957.5994824157,263945220.2220148,0.08171246513281329,,,,,UNKNOWN_MISSING_HISTORICAL_ETF_HOLDINGS,BLOCK_SUBMISSION,0,SELL_THEN_WAIT_SETTLEMENT,0.0
2026-07-30,3123141667.443372,3197668945.6257715,314153234.8466478,0.10058885196322717,27,74527278.1823996,6,425802.07613030344,0.0,425802.07613030344,298808474.4774059,0.09473104113054438,,,,,UNKNOWN_MISSING_HISTORICAL_ETF_HOLDINGS,BLOCK_SUBMISSION,0,BUY_WITH_SETTLED_CASH,0.0
2026-07-31,3228838535.028819,3303365813.211219,660601479.2891351,0.20459415115449212,24,74527278.1823996,6,495883.0307415759,1043964.275245423,1539847.3059869988,347988091.7484743,0.11142244854788802,,,,,UNKNOWN_MISSING_HISTORICAL_ETF_HOLDINGS,BLOCK_SUBMISSION,0,SELL_THEN_WAIT_SETTLEMENT,0.0
2026-08-03,3251662506.0649815,3326189784.247381,318040334.3371983,0.09780853140324108,24,74527278.1823996,6,487455.0081698679,0.0,487455.0081698679,342073689.94376695,0.10594326295127476,,,,,UNKNOWN_MISSING_HISTORICAL_ETF_HOLDINGS,BLOCK_SUBMISSION,0,BUY_CASH_CAP_CORRECTION,0.0
2026-08-04,3284782968.011638,3359310246.194038,535547781.9265426,0.16303901571029003,22,74527278.1823996,6,311325.72916637675,655422.587718688,966748.3168850647,218474195.9062293,0.06718845990281357,,,,,UNKNOWN_MISSING_HISTORICAL_ETF_HOLDINGS,BLOCK_SUBMISSION,0,SELL_THEN_WAIT_SETTLEMENT,0.0
2026-08-05,3336452162.7403297,3410979440.9227295,328721869.8646276,0.09852437674234128,22,74527278.1823996,6,294307.53644878935,0.0,294307.53644878935,206531604.52546617,0.06287526650519774,,,,,UNKNOWN_MISSING_HISTORICAL_ETF_HOLDINGS,BLOCK_SUBMISSION,0,BUY_CASH_CAP_CORRECTION,0.0
2026-08-06,3323515028.6761694,3398042306.858569,534244779.3886738,0.16074691246438427,20,74527278.1823996,6,294171.8565369418,619309.1716567195,913481.0281936612,206436390.55223984,0.06187302574201674,,,,,UNKNOWN_MISSING_HISTORICAL_ETF_HOLDINGS,BLOCK_SUBMISSION,0,SELL_THEN_WAIT_SETTLEMENT,0.0
2026-08-07,3323285170.3096476,3397812448.4920473,344752831.59753174,0.10373856408037634,22,74527278.1823996,6,269641.78605724586,0.0,269641.78605724586,189222306.0050848,0.05693439156207345,,,,,UNKNOWN_MISSING_HISTORICAL_ETF_HOLDINGS,BLOCK_SUBMISSION,0,BUY_WITH_SETTLED_CASH,0.0
2026-08-10,3373283908.9960423,3447811187.178442,477027062.548127,0.14141325646381775,21,74527278.1823996,6,189328.5579736316,398586.4378392244,587914.995812856,132862145.94640814,0.03997915891582325,,,,,UNKNOWN_MISSING_HISTORICAL_ETF_HOLDINGS,BLOCK_SUBMISSION,0,SELL_THEN_WAIT_SETTLEMENT,0.0
2026-08-11,3382719464.4870634,3466226842.669463,356804910.92912495,0.10547871754515382,21,83507378.1823996,7,171072.7873351253,0.0,171072.7873351253,120051078.83166686,0.035588785904296,,,,,UNKNOWN_MISSING_HISTORICAL_ETF_HOLDINGS,BLOCK_SUBMISSION,0,BUY_CASH_CAP_CORRECTION,0.0
2026-08-12,3393962854.27196,3477470232.4543595,491369602.8033914,0.14477754292004333,20,83507378.1823996,7,192606.971770916,405488.361622981,598095.333393897,135162787.20766035,0.03995684201029531,,,,,UNKNOWN_MISSING_HISTORICAL_ETF_HOLDINGS,BLOCK_SUBMISSION,0,SELL_THEN_WAIT_SETTLEMENT,0.0
2026-08-13,3416420578.6820455,3504293856.864445,354885151.22479534,0.10387630651777059,22,87873278.1823996,8,194213.5891349821,0.0,194213.5891349821,136290237.9894611,0.04015666754216636,,,,,UNKNOWN_MISSING_HISTORICAL_ETF_HOLDINGS,BLOCK_SUBMISSION,0,BUY_WITH_SETTLED_CASH,0.0
2026-08-14,3444872600.072851,3532745878.255251,622438951.9760178,0.18068562302212704,20,87873278.1823996,8,382958.75857719616,806228.9654256761,1189187.7240028721,268742988.4752253,0.07866215013225873,,,,,UNKNOWN_MISSING_HISTORICAL_ETF_HOLDINGS,BLOCK_SUBMISSION,0,SELL_THEN_WAIT_SETTLEMENT,0.0
2026-08-17,3453311731.9516726,3541185010.1340723,345696282.8033252,0.10010572738185776,20,87873278.1823996,8,393797.14264282084,0.0,393797.14264282084,276348872.0300497,0.0802203460366591,,,,,UNKNOWN_MISSING_HISTORICAL_ETF_HOLDINGS,BLOCK_SUBMISSION,0,BUY_CASH_CAP_CORRECTION,0.0
2026-08-18,3448820150.7294064,3536693428.911806,345696282.8033252,0.10023610037485206,20,87873278.1823996,8,0.0,0.0,0.0,0.0,0.0,,,,,UNKNOWN_MISSING_HISTORICAL_ETF_HOLDINGS,BLOCK_SUBMISSION,0,HOLD_REVALIDATED_ENVELOPE,0.0
2026-08-19,3437552269.8269687,3526898048.0093684,359848187.6925512,0.10468151738407293,20,89345778.1823996,8,20256.09769946725,42644.416209404735,62900.51390887199,14214805.403134912,0.004121642991481756,,,,,UNKNOWN_MISSING_HISTORICAL_ETF_HOLDINGS,BLOCK_SUBMISSION,0,SELL_THEN_WAIT_SETTLEMENT,0.0
2026-08-20,3439470644.0382824,3528816422.220682,351288658.37487257,0.1021345127581681,23,89345778.1823996,8,12179.972816428548,0.0,12179.972816428548,8547349.344862139,0.002486463819004671,,,,,UNKNOWN_MISSING_HISTORICAL_ETF_HOLDINGS,BLOCK_SUBMISSION,0,BUY_WITH_SETTLED_CASH,0.0
2026-08-21,3423201794.393672,3512547572.5760717,645588827.6229535,0.18859210364994045,21,89345778.1823996,8,421241.73585969454,886824.7070730412,1308066.4429327357,295608235.6910137,0.08594585222100924,,,,,UNKNOWN_MISSING_HISTORICAL_ETF_HOLDINGS,BLOCK_SUBMISSION,0,SELL_THEN_WAIT_SETTLEMENT,0.0
2026-08-24,3432953006.764365,3522298784.946765,342141593.3389447,0.09966393150875688,21,89345778.1823996,8,431796.9981323739,0.0,431796.9981323739,303015437.28587645,0.08851813462534933,,,,,UNKNOWN_MISSING_HISTORICAL_ETF_HOLDINGS,BLOCK_SUBMISSION,0,BUY_CASH_CAP_CORRECTION,0.0
2026-08-25,3466746700.6356535,3556092478.8180532,493899326.2860551,0.14246767039411765,20,89345778.1823996,8,217215.95002850852,457296.7369021232,674512.6869306318,152432245.63404107,0.04440266013944416,,,,,UNKNOWN_MISSING_HISTORICAL_ETF_HOLDINGS,BLOCK_SUBMISSION,0,SELL_THEN_WAIT_SETTLEMENT,0.0
2026-08-26,3530535101.2087026,3619880879.3911023,357437671.30812585,0.10124178376976188,21,89345778.1823996,8,194181.15020450772,0.0,194181.15020450772,136267473.8277247,0.039307017672430195,,,,,UNKNOWN_MISSING_HISTORICAL_ETF_HOLDINGS,BLOCK_SUBMISSION,0,BUY_CASH_CAP_CORRECTION,0.0
2026-08-27,3508738748.145261,3599104526.3276606,513102413.67706716,0.14623557081538088,20,90365778.1823996,8,222808.18409034118,469069.86124282354,691878.0453331647,156356620.4142745,0.04428694685990936,,,,,UNKNOWN_MISSING_HISTORICAL_ETF_HOLDINGS,BLOCK_SUBMISSION,0,SELL_THEN_WAIT_SETTLEMENT,0.0
2026-08-28,3554594135.065268,3644959913.247668,369472884.48609406,0.10394235472380026,21,90365778.1823996,8,204380.83640525918,0.0,204380.83640525918,143425148.35456786,0.040876553841571475,,,,,UNKNOWN_MISSING_HISTORICAL_ETF_HOLDINGS,BLOCK_SUBMISSION,0,BUY_CASH_CAP_CORRECTION,0.0
2026-08-31,3551869043.642242,3642234821.8246417,502499901.2020263,0.14147478272080125,20,90365778.1823996,8,190406.04557185894,400854.8327828609,591260.8783547198,133618277.59428696,0.03759030497354757,,,,,UNKNOWN_MISSING_HISTORICAL_ETF_HOLDINGS,BLOCK_SUBMISSION,0,SELL_THEN_WAIT_SETTLEMENT,0.0
2026-09-01,3571464386.7183504,3661830164.90075,371737433.34000224,0.10408543753717062,20,90365778.1823996,8,186071.36500824755,0.0,186071.36500824755,130576396.4970158,0.036762728268584205,,,,,UNKNOWN_MISSING_HISTORICAL_ETF_HOLDINGS,BLOCK_SUBMISSION,0,BUY_CASH_CAP_CORRECTION,0.0
2026-09-02,3564703853.072849,3655069631.2552485,363941394.23485863,0.10209582878003556,21,90365778.1823996,9,11093.547419756487,0.0,11093.547419756487,7784945.55772385,0.0021797628968875334,,,,,UNKNOWN_MISSING_HISTORICAL_ETF_HOLDINGS,BLOCK_SUBMISSION,0,BUY_CASH_CAP_CORRECTION,0.0
2026-09-03,3513488127.7414503,3603853905.92385,512968994.1686771,0.1459999224469915,20,90365778.1823996,9,213308.21877376514,449069.9342605582,662378.1530343234,149689978.08685273,0.04199226198210459,,,,,UNKNOWN_MISSING_HISTORICAL_ETF_HOLDINGS,BLOCK_SUBMISSION,0,SELL_THEN_WAIT_SETTLEMENT,0.0
2026-09-04,3560119449.967839,3650485228.1502385,364221704.5586824,0.10230603486126644,21,90365778.1823996,9,211663.2675380008,0.0,211663.2675380008,148535626.3424567,0.04227582987107993,,,,,UNKNOWN_MISSING_HISTORICAL_ETF_HOLDINGS,BLOCK_SUBMISSION,0,BUY_CASH_CAP_CORRECTION,0.0
2026-09-07,3549921444.5495205,3640287222.7319202,512076022.185235,0.14424995881851596,20,90365778.1823996,9,211628.86032477458,445534.4427889991,657163.3031137737,148511480.92966637,0.04171530843747616,,,,,UNKNOWN_MISSING_HISTORICAL_ETF_HOLDINGS,BLOCK_SUBMISSION,0,SELL_THEN_WAIT_SETTLEMENT,0.0
2026-09-08,3516302173.03304,3606667951.21544,373212873.7781335,0.10613788446293086,21,90365778.1823996,9,197598.40874765423,0.0,197598.40874765423,138665549.99835387,0.039061582675655605,,,,,UNKNOWN_MISSING_HISTORICAL_ETF_HOLDINGS,BLOCK_SUBMISSION,0,BUY_CASH_CAP_CORRECTION,0.0
2026-09-09,3497998190.2855215,3588945488.343591,622114454.4656966,0.1778487067813254,20,90947298.0580696,10,356261.20832662267,750023.5964771003,1106284.804803723,250007865.49236676,0.07109965332607313,,,,,UNKNOWN_MISSING_HISTORICAL_ETF_HOLDINGS,BLOCK_SUBMISSION,0,SELL_THEN_WAIT_SETTLEMENT,0.0
2026-09-10,3509475052.715089,3600422350.7731586,351511422.1011594,0.10016068409696038,23,90947298.0580696,10,385060.6097505709,0.0,385060.6097505709,270217971.75478655,0.0772493171966822,,,,,UNKNOWN_MISSING_HISTORICAL_ETF_HOLDINGS,BLOCK_SUBMISSION,0,BUY_WITH_SETTLED_CASH,0.0
2026-09-11,3461112862.4600554,3552060160.518125,693112862.5468948,0.20025722653096348,20,90947298.0580696,10,488945.63707924844,1029359.2359563124,1518304.8730355608,343119745.3187708,0.09776953537632868,,,,,UNKNOWN_MISSING_HISTORICAL_ETF_HOLDINGS,BLOCK_SUBMISSION,0,SELL_THEN_WAIT_SETTLEMENT,0.0
2026-09-14,3455565058.7910995,3546512356.8491693,339595688.957701,0.09827500949338391,23,90947298.0580696,10,503045.1330500048,0.0,503045.1330500048,353014128.45614374,0.10199439962938159,,,,,UNKNOWN_MISSING_HISTORICAL_ETF_HOLDINGS,BLOCK_SUBMISSION,0,BUY_CASH_CAP_CORRECTION,0.0
2026-09-15,3396456471.0054417,3487403769.0635114,656783966.5700873,0.19337329130429332,21,90947298.0580696,10,454002.25557858567,955794.2222707067,1409796.4778492923,318598074.0902356,0.0921985460177371,,,,,UNKNOWN_MISSING_HISTORICAL_ETF_HOLDINGS,BLOCK_SUBMISSION,0,SELL_THEN_WAIT_SETTLEMENT,0.0
2026-09-16,3423966329.619151,3514913627.677221,340105904.9912178,0.09933097240154458,23,90947298.0580696,10,450624.09840965533,0.0,450624.09840965533,316227437.48045987,0.09310510532962847,,,,,UNKNOWN_MISSING_HISTORICAL_ETF_HOLDINGS,BLOCK_SUBMISSION,0,BUY_CASH_CAP_CORRECTION,0.0
2026-09-17,3455149262.5061717,3546096560.5642414,613151094.9953984,0.17746008881557057,21,90947298.0580696,10,390818.7688079325,822776.355385121,1213595.1241930535,274258785.1283736,0.08009973192665114,,,,,UNKNOWN_MISSING_HISTORICAL_ETF_HOLDINGS,BLOCK_SUBMISSION,0,SELL_THEN_WAIT_SETTLEMENT,0.0
2026-09-18,3510285722.159928,3601233020.2179976,342286566.5105652,0.09750960280804478,21,90947298.0580696,10,385432.7114770325,0.0,385432.7114770325,270479095.7733562,0.07828289756060085,,,,,UNKNOWN_MISSING_HISTORICAL_ETF_HOLDINGS,BLOCK_SUBMISSION,0,BUY_CASH_CAP_CORRECTION,0.0
2026-09-21,3648001669.634567,3648001669.634567,502264714.9915569,0.13768215052430896,20,0.0,10,228982.10741070544,482067.5945488536,711049.701959559,160689198.18295118,0.045776672015199055,,,,,UNKNOWN_MISSING_HISTORICAL_ETF_HOLDINGS,BLOCK_SUBMISSION,0,SELL_THEN_WAIT_SETTLEMENT,90947298.0580696
