target_weight,target_shares,order_shares,expected_return,score,confidence,reason,family,model_ensemble_id,regime,observed_date,prior_regime,market_volatility,median_R5,median_R20,breadth,dispersion,above_EMA20,above_EMA50,model_train_end,latest_label_end,expert_weights,symbol,signal_date,decision_date
0.041316075,1133000,1133000,0.042028985507246375,0.42028985507246375,1.0,D-1 estimated accounting; fill-day constraints require ledger audit,direct,V4_DIRECT_FROZEN_LINEAR_PORTFOLIO,risk_on,2017-12-29,risk_on,0.014803871747552284,0.0063157467681153046,0.00755147049339977,0.6159420289855072,0.07994839589528971,0.6884057971014492,0.6376811594202898,,,{},1101.TW,2017-12-29,2018-01-02
0.04130595,418000,418000,0.03985507246376812,0.39855072463768115,1.0,D-1 estimated accounting; fill-day constraints require ledger audit,direct,V4_DIRECT_FROZEN_LINEAR_PORTFOLIO,risk_on,2017-12-29,risk_on,0.014803871747552284,0.0063157467681153046,0.00755147049339977,0.6159420289855072,0.07994839589528971,0.6884057971014492,0.6376811594202898,,,{},1301.TW,2017-12-29,2018-01-02
0.04132595,530000,530000,0.034782608695652174,0.34782608695652173,1.0,D-1 estimated accounting; fill-day constraints require ledger audit,direct,V4_DIRECT_FROZEN_LINEAR_PORTFOLIO,risk_on,2017-12-29,risk_on,0.014803871747552284,0.0063157467681153046,0.00755147049339977,0.6159420289855072,0.07994839589528971,0.6884057971014492,0.6376811594202898,,,{},1303.TW,2017-12-29,2018-01-02
0.0413545,401000,401000,0.03695652173913044,0.3695652173913043,1.0,D-1 estimated accounting; fill-day constraints require ledger audit,direct,V4_DIRECT_FROZEN_LINEAR_PORTFOLIO,risk_on,2017-12-29,risk_on,0.014803871747552284,0.0063157467681153046,0.00755147049339977,0.6159420289855072,0.07994839589528971,0.6884057971014492,0.6376811594202898,,,{},1326.TW,2017-12-29,2018-01-02
0.041339,1542000,1542000,0.04347826086956522,0.4347826086956522,1.0,D-1 estimated accounting; fill-day constraints require ledger audit,direct,V4_DIRECT_FROZEN_LINEAR_PORTFOLIO,risk_on,2017-12-29,risk_on,0.014803871747552284,0.0063157467681153046,0.00755147049339977,0.6159420289855072,0.07994839589528971,0.6884057971014492,0.6376811594202898,,,{},1402.TW,2017-12-29,2018-01-02
0.041335125,1982000,1982000,0.04710144927536232,0.47101449275362317,1.0,D-1 estimated accounting; fill-day constraints require ledger audit,direct,V4_DIRECT_FROZEN_LINEAR_PORTFOLIO,risk_on,2017-12-29,risk_on,0.014803871747552284,0.0063157467681153046,0.00755147049339977,0.6159420289855072,0.07994839589528971,0.6884057971014492,0.6376811594202898,,,{},1519.TW,2017-12-29,2018-01-02
0.0413082,1948000,1948000,0.04927536231884058,0.49275362318840576,1.0,D-1 estimated accounting; fill-day constraints require ledger audit,direct,V4_DIRECT_FROZEN_LINEAR_PORTFOLIO,risk_on,2017-12-29,risk_on,0.014803871747552284,0.0063157467681153046,0.00755147049339977,0.6159420289855072,0.07994839589528971,0.6884057971014492,0.6376811594202898,,,{},1785.TWO,2017-12-29,2018-01-02
0.041336325,1849000,1849000,0.04057971014492754,0.4057971014492754,1.0,D-1 estimated accounting; fill-day constraints require ledger audit,direct,V4_DIRECT_FROZEN_LINEAR_PORTFOLIO,risk_on,2017-12-29,risk_on,0.014803871747552284,0.0063157467681153046,0.00755147049339977,0.6159420289855072,0.07994839589528971,0.6884057971014492,0.6376811594202898,,,{},1802.TW,2017-12-29,2018-01-02
0.041325375,1816000,1816000,0.0463768115942029,0.46376811594202894,1.0,D-1 estimated accounting; fill-day constraints require ledger audit,direct,V4_DIRECT_FROZEN_LINEAR_PORTFOLIO,risk_on,2017-12-29,risk_on,0.014803871747552284,0.0063157467681153046,0.00755147049339977,0.6159420289855072,0.07994839589528971,0.6884057971014492,0.6376811594202898,,,{},1815.TWO,2017-12-29,2018-01-02
0.0412992,1075000,1075000,0.035507246376811595,0.35507246376811596,1.0,D-1 estimated accounting; fill-day constraints require ledger audit,direct,V4_DIRECT_FROZEN_LINEAR_PORTFOLIO,risk_on,2017-12-29,risk_on,0.014803871747552284,0.0063157467681153046,0.00755147049339977,0.6159420289855072,0.07994839589528971,0.6884057971014492,0.6376811594202898,,,{},2313.TW,2017-12-29,2018-01-02
0.04124909999999999,538000,538000,0.0427536231884058,0.427536231884058,1.0,D-1 estimated accounting; fill-day constraints require ledger audit,direct,V4_DIRECT_FROZEN_LINEAR_PORTFOLIO,risk_on,2017-12-29,risk_on,0.014803871747552284,0.0063157467681153046,0.00755147049339977,0.6159420289855072,0.07994839589528971,0.6884057971014492,0.6376811594202898,,,{},2377.TW,2017-12-29,2018-01-02
0.0412951,951000,951000,0.04855072463768117,0.48550724637681164,1.0,D-1 estimated accounting; fill-day constraints require ledger audit,direct,V4_DIRECT_FROZEN_LINEAR_PORTFOLIO,risk_on,2017-12-29,risk_on,0.014803871747552284,0.0063157467681153046,0.00755147049339977,0.6159420289855072,0.07994839589528971,0.6884057971014492,0.6376811594202898,,,{},3163.TWO,2017-12-29,2018-01-02
0.04127775,585000,585000,0.04492753623188406,0.4492753623188406,1.0,D-1 estimated accounting; fill-day constraints require ledger audit,direct,V4_DIRECT_FROZEN_LINEAR_PORTFOLIO,risk_on,2017-12-29,risk_on,0.014803871747552284,0.0063157467681153046,0.00755147049339977,0.6159420289855072,0.07994839589528971,0.6884057971014492,0.6376811594202898,,,{},3260.TWO,2017-12-29,2018-01-02
0.041286225,1099000,1099000,0.04420289855072464,0.44202898550724634,1.0,D-1 estimated accounting; fill-day constraints require ledger audit,direct,V4_DIRECT_FROZEN_LINEAR_PORTFOLIO,risk_on,2017-12-29,risk_on,0.014803871747552284,0.0063157467681153046,0.00755147049339977,0.6159420289855072,0.07994839589528971,0.6884057971014492,0.6376811594202898,,,{},3264.TWO,2017-12-29,2018-01-02
0.0412055,96000,96000,0.04782608695652174,0.4782608695652174,1.0,D-1 estimated accounting; fill-day constraints require ledger audit,direct,V4_DIRECT_FROZEN_LINEAR_PORTFOLIO,risk_on,2017-12-29,risk_on,0.014803871747552284,0.0063157467681153046,0.00755147049339977,0.6159420289855072,0.07994839589528971,0.6884057971014492,0.6376811594202898,,,{},3529.TWO,2017-12-29,2018-01-02
0.041107,203000,203000,0.03623188405797102,0.3623188405797102,1.0,D-1 estimated accounting; fill-day constraints require ledger audit,direct,V4_DIRECT_FROZEN_LINEAR_PORTFOLIO,risk_on,2017-12-29,risk_on,0.014803871747552284,0.0063157467681153046,0.00755147049339977,0.6159420289855072,0.07994839589528971,0.6884057971014492,0.6376811594202898,,,{},3533.TW,2017-12-29,2018-01-02
0.04132065,619000,619000,0.038405797101449285,0.3840579710144928,1.0,D-1 estimated accounting; fill-day constraints require ledger audit,direct,V4_DIRECT_FROZEN_LINEAR_PORTFOLIO,risk_on,2017-12-29,risk_on,0.014803871747552284,0.0063157467681153046,0.00755147049339977,0.6159420289855072,0.07994839589528971,0.6884057971014492,0.6376811594202898,,,{},3653.TW,2017-12-29,2018-01-02
0.041285,57000,57000,0.03768115942028986,0.37681159420289856,1.0,D-1 estimated accounting; fill-day constraints require ledger audit,direct,V4_DIRECT_FROZEN_LINEAR_PORTFOLIO,risk_on,2017-12-29,risk_on,0.014803871747552284,0.0063157467681153046,0.00755147049339977,0.6159420289855072,0.07994839589528971,0.6884057971014492,0.6376811594202898,,,{},5274.TWO,2017-12-29,2018-01-02
0.04131275,642000,642000,0.03913043478260869,0.3913043478260869,1.0,D-1 estimated accounting; fill-day constraints require ledger audit,direct,V4_DIRECT_FROZEN_LINEAR_PORTFOLIO,risk_on,2017-12-29,risk_on,0.014803871747552284,0.0063157467681153046,0.00755147049339977,0.6159420289855072,0.07994839589528971,0.6884057971014492,0.6376811594202898,,,{},6187.TWO,2017-12-29,2018-01-02
0.04127149999999999,492000,492000,0.034057971014492754,0.3405797101449275,1.0,D-1 estimated accounting; fill-day constraints require ledger audit,direct,V4_DIRECT_FROZEN_LINEAR_PORTFOLIO,risk_on,2017-12-29,risk_on,0.014803871747552284,0.0063157467681153046,0.00755147049339977,0.6159420289855072,0.07994839589528971,0.6884057971014492,0.6376811594202898,,,{},6274.TWO,2017-12-29,2018-01-02
0.0406475,35000,35000,0.041304347826086954,0.4130434782608695,1.0,D-1 estimated accounting; fill-day constraints require ledger audit,direct,V4_DIRECT_FROZEN_LINEAR_PORTFOLIO,risk_on,2017-12-29,risk_on,0.014803871747552284,0.0063157467681153046,0.00755147049339977,0.6159420289855072,0.07994839589528971,0.6884057971014492,0.6376811594202898,,,{},6510.TWO,2017-12-29,2018-01-02
0.04115475,94000,94000,0.045652173913043485,0.4565217391304348,1.0,D-1 estimated accounting; fill-day constraints require ledger audit,direct,V4_DIRECT_FROZEN_LINEAR_PORTFOLIO,risk_on,2017-12-29,risk_on,0.014803871747552284,0.0063157467681153046,0.00755147049339977,0.6159420289855072,0.07994839589528971,0.6884057971014492,0.6376811594202898,,,{},6548.TWO,2017-12-29,2018-01-02
0.041342393136254894,1133000,0,0.03913043478260869,0.3913043478260869,1.0,D-1 estimated accounting; fill-day constraints require ledger audit,direct,V4_DIRECT_FROZEN_LINEAR_PORTFOLIO,risk_on,2018-01-02,risk_on,0.014857758957231055,0.010596143340365627,0.006165808637619397,0.7246376811594203,0.08037487242033843,0.7391304347826086,0.7028985507246377,,,{},1101.TW,2018-01-02,2018-01-03
0.04096860501563742,418000,0,0.04057971014492754,0.4057971014492754,1.0,D-1 estimated accounting; fill-day constraints require ledger audit,direct,V4_DIRECT_FROZEN_LINEAR_PORTFOLIO,risk_on,2018-01-02,risk_on,0.014857758957231055,0.010596143340365627,0.006165808637619397,0.7246376811594203,0.08037487242033843,0.7391304347826086,0.7028985507246377,,,{},1301.TW,2018-01-02,2018-01-03
0.040762688500415055,530000,0,0.035507246376811595,0.35507246376811596,1.0,D-1 estimated accounting; fill-day constraints require ledger audit,direct,V4_DIRECT_FROZEN_LINEAR_PORTFOLIO,risk_on,2018-01-02,risk_on,0.014857758957231055,0.010596143340365627,0.006165808637619397,0.7246376811594203,0.08037487242033843,0.7391304347826086,0.7028985507246377,,,{},1303.TW,2018-01-02,2018-01-03
0.04146795381242574,401000,0,0.041304347826086954,0.4130434782608695,1.0,D-1 estimated accounting; fill-day constraints require ledger audit,direct,V4_DIRECT_FROZEN_LINEAR_PORTFOLIO,risk_on,2018-01-02,risk_on,0.014857758957231055,0.010596143340365627,0.006165808637619397,0.7246376811594203,0.08037487242033843,0.7391304347826086,0.7028985507246377,,,{},1326.TW,2018-01-02,2018-01-03
0.041252158094389216,1542000,0,0.04347826086956522,0.4347826086956522,1.0,D-1 estimated accounting; fill-day constraints require ledger audit,direct,V4_DIRECT_FROZEN_LINEAR_PORTFOLIO,risk_on,2018-01-02,risk_on,0.014857758957231055,0.010596143340365627,0.006165808637619397,0.7246376811594203,0.08037487242033843,0.7391304347826086,0.7028985507246377,,,{},1402.TW,2018-01-02,2018-01-03
0.041347208000252704,1982000,0,0.0463768115942029,0.46376811594202894,1.0,D-1 estimated accounting; fill-day constraints require ledger audit,direct,V4_DIRECT_FROZEN_LINEAR_PORTFOLIO,risk_on,2018-01-02,risk_on,0.014857758957231055,0.010596143340365627,0.006165808637619397,0.7246376811594203,0.08037487242033843,0.7391304347826086,0.7028985507246377,,,{},1519.TW,2018-01-02,2018-01-03
0.04501301593135145,1948000,0,0.04927536231884058,0.49275362318840576,1.0,D-1 estimated accounting; fill-day constraints require ledger audit,direct,V4_DIRECT_FROZEN_LINEAR_PORTFOLIO,risk_on,2018-01-02,risk_on,0.014857758957231055,0.010596143340365627,0.006165808637619397,0.7246376811594203,0.08037487242033843,0.7391304347826086,0.7028985507246377,,,{},1785.TWO,2018-01-02,2018-01-03
0.04088036577232006,1849000,0,0.03768115942028986,0.37681159420289856,1.0,D-1 estimated accounting; fill-day constraints require ledger audit,direct,V4_DIRECT_FROZEN_LINEAR_PORTFOLIO,risk_on,2018-01-02,risk_on,0.014857758957231055,0.010596143340365627,0.006165808637619397,0.7246376811594203,0.08037487242033843,0.7391304347826086,0.7028985507246377,,,{},1802.TW,2018-01-02,2018-01-03
0.043504416756162276,1816000,0,0.04420289855072464,0.44202898550724634,1.0,D-1 estimated accounting; fill-day constraints require ledger audit,direct,V4_DIRECT_FROZEN_LINEAR_PORTFOLIO,risk_on,2018-01-02,risk_on,0.014857758957231055,0.010596143340365627,0.006165808637619397,0.7246376811594203,0.08037487242033843,0.7391304347826086,0.7028985507246377,,,{},1815.TWO,2018-01-02,2018-01-03
0.042929626774247664,1075000,0,0.03260869565217391,0.32608695652173914,1.0,D-1 estimated accounting; fill-day constraints require ledger audit,direct,V4_DIRECT_FROZEN_LINEAR_PORTFOLIO,risk_on,2018-01-02,risk_on,0.014857758957231055,0.010596143340365627,0.006165808637619397,0.7246376811594203,0.08037487242033843,0.7391304347826086,0.7028985507246377,,,{},2313.TW,2018-01-02,2018-01-03
0.04293576385478373,538000,0,0.04492753623188406,0.4492753623188406,1.0,D-1 estimated accounting; fill-day constraints require ledger audit,direct,V4_DIRECT_FROZEN_LINEAR_PORTFOLIO,risk_on,2018-01-02,risk_on,0.014857758957231055,0.010596143340365627,0.006165808637619397,0.7246376811594203,0.08037487242033843,0.7391304347826086,0.7028985507246377,,,{},2377.TW,2018-01-02,2018-01-03
0.040591174562669266,951000,0,0.045652173913043485,0.4565217391304348,1.0,D-1 estimated accounting; fill-day constraints require ledger audit,direct,V4_DIRECT_FROZEN_LINEAR_PORTFOLIO,risk_on,2018-01-02,risk_on,0.014857758957231055,0.010596143340365627,0.006165808637619397,0.7246376811594203,0.08037487242033843,0.7391304347826086,0.7028985507246377,,,{},3163.TWO,2018-01-02,2018-01-03
0.041950587796371924,585000,0,0.038405797101449285,0.3840579710144928,1.0,D-1 estimated accounting; fill-day constraints require ledger audit,direct,V4_DIRECT_FROZEN_LINEAR_PORTFOLIO,risk_on,2018-01-02,risk_on,0.014857758957231055,0.010596143340365627,0.006165808637619397,0.7246376811594203,0.08037487242033843,0.7391304347826086,0.7028985507246377,,,{},3260.TWO,2018-01-02,2018-01-03
0.04169322957356675,1099000,0,0.03623188405797102,0.3623188405797102,1.0,D-1 estimated accounting; fill-day constraints require ledger audit,direct,V4_DIRECT_FROZEN_LINEAR_PORTFOLIO,risk_on,2018-01-02,risk_on,0.014857758957231055,0.010596143340365627,0.006165808637619397,0.7246376811594203,0.08037487242033843,0.7391304347826086,0.7028985507246377,,,{},3264.TWO,2018-01-02,2018-01-03
0.04092634398137685,96000,0,0.04710144927536232,0.47101449275362317,1.0,D-1 estimated accounting; fill-day constraints require ledger audit,direct,V4_DIRECT_FROZEN_LINEAR_PORTFOLIO,risk_on,2018-01-02,risk_on,0.014857758957231055,0.010596143340365627,0.006165808637619397,0.7246376811594203,0.08037487242033843,0.7391304347826086,0.7028985507246377,,,{},3529.TWO,2018-01-02,2018-01-03
0.04051296420705719,203000,0,0.03333333333333334,0.33333333333333337,1.0,D-1 estimated accounting; fill-day constraints require ledger audit,direct,V4_DIRECT_FROZEN_LINEAR_PORTFOLIO,risk_on,2018-01-02,risk_on,0.014857758957231055,0.010596143340365627,0.006165808637619397,0.7246376811594203,0.08037487242033843,0.7391304347826086,0.7028985507246377,,,{},3533.TW,2018-01-02,2018-01-03
0.04203750482315102,619000,0,0.03188405797101449,0.3188405797101449,1.0,D-1 estimated accounting; fill-day constraints require ledger audit,direct,V4_DIRECT_FROZEN_LINEAR_PORTFOLIO,risk_on,2018-01-02,risk_on,0.014857758957231055,0.010596143340365627,0.006165808637619397,0.7246376811594203,0.08037487242033843,0.7391304347826086,0.7028985507246377,,,{},3653.TW,2018-01-02,2018-01-03
0.04050972103441618,57000,0,0.03985507246376812,0.39855072463768115,1.0,D-1 estimated accounting; fill-day constraints require ledger audit,direct,V4_DIRECT_FROZEN_LINEAR_PORTFOLIO,risk_on,2018-01-02,risk_on,0.014857758957231055,0.010596143340365627,0.006165808637619397,0.7246376811594203,0.08037487242033843,0.7391304347826086,0.7028985507246377,,,{},5274.TWO,2018-01-02,2018-01-03
0.04148242335190102,642000,0,0.02028985507246377,0.2028985507246377,1.0,D-1 estimated accounting; fill-day constraints require ledger audit,direct,V4_DIRECT_FROZEN_LINEAR_PORTFOLIO,risk_on,2018-01-02,risk_on,0.014857758957231055,0.010596143340365627,0.006165808637619397,0.7246376811594203,0.08037487242033843,0.7391304347826086,0.7028985507246377,,,{},6187.TWO,2018-01-02,2018-01-03
0.04118479989338359,492000,0,0.03695652173913044,0.3695652173913043,1.0,D-1 estimated accounting; fill-day constraints require ledger audit,direct,V4_DIRECT_FROZEN_LINEAR_PORTFOLIO,risk_on,2018-01-02,risk_on,0.014857758957231055,0.010596143340365627,0.006165808637619397,0.7246376811594203,0.08037487242033843,0.7391304347826086,0.7028985507246377,,,{},6274.TWO,2018-01-02,2018-01-03
0.03914509377700605,35000,0,0.042028985507246375,0.42028985507246375,1.0,D-1 estimated accounting; fill-day constraints require ledger audit,direct,V4_DIRECT_FROZEN_LINEAR_PORTFOLIO,risk_on,2018-01-02,risk_on,0.014857758957231055,0.010596143340365627,0.006165808637619397,0.7246376811594203,0.08037487242033843,0.7391304347826086,0.7028985507246377,,,{},6510.TWO,2018-01-02,2018-01-03
0.04083254144960607,94000,0,0.04782608695652174,0.4782608695652174,1.0,D-1 estimated accounting; fill-day constraints require ledger audit,direct,V4_DIRECT_FROZEN_LINEAR_PORTFOLIO,risk_on,2018-01-02,risk_on,0.014857758957231055,0.010596143340365627,0.006165808637619397,0.7246376811594203,0.08037487242033843,0.7391304347826086,0.7028985507246377,,,{},6548.TWO,2018-01-02,2018-01-03
0.04190719181851217,1133000,0,0.03623188405797102,0.3623188405797102,1.0,D-1 estimated accounting; fill-day constraints require ledger audit,direct,V4_DIRECT_FROZEN_LINEAR_PORTFOLIO,risk_on,2018-01-03,risk_on,0.014866210774430804,0.03193927549343989,0.024409530914082045,0.9130434782608695,0.08934890910708353,0.8043478260869565,0.717391304347826,,,{},1101.TW,2018-01-03,2018-01-04
0.04080450578530947,418000,0,0.03913043478260869,0.3913043478260869,1.0,D-1 estimated accounting; fill-day constraints require ledger audit,direct,V4_DIRECT_FROZEN_LINEAR_PORTFOLIO,risk_on,2018-01-03,risk_on,0.014866210774430804,0.03193927549343989,0.024409530914082045,0.9130434782608695,0.08934890910708353,0.8043478260869565,0.717391304347826,,,{},1301.TW,2018-01-03,2018-01-04
0.0410646920765883,530000,0,0.03768115942028986,0.37681159420289856,1.0,D-1 estimated accounting; fill-day constraints require ledger audit,direct,V4_DIRECT_FROZEN_LINEAR_PORTFOLIO,risk_on,2018-01-03,risk_on,0.014866210774430804,0.03193927549343989,0.024409530914082045,0.9130434782608695,0.08934890910708353,0.8043478260869565,0.717391304347826,,,{},1303.TW,2018-01-03,2018-01-04
0.041134131180005494,401000,0,0.042028985507246375,0.42028985507246375,1.0,D-1 estimated accounting; fill-day constraints require ledger audit,direct,V4_DIRECT_FROZEN_LINEAR_PORTFOLIO,risk_on,2018-01-03,risk_on,0.014866210774430804,0.03193927549343989,0.024409530914082045,0.9130434782608695,0.08934890910708353,0.8043478260869565,0.717391304347826,,,{},1326.TW,2018-01-03,2018-01-04
0.04061469897019547,1542000,0,0.0427536231884058,0.427536231884058,1.0,D-1 estimated accounting; fill-day constraints require ledger audit,direct,V4_DIRECT_FROZEN_LINEAR_PORTFOLIO,risk_on,2018-01-03,risk_on,0.014866210774430804,0.03193927549343989,0.024409530914082045,0.9130434782608695,0.08934890910708353,0.8043478260869565,0.717391304347826,,,{},1402.TW,2018-01-03,2018-01-04
0.04121059833237867,1982000,0,0.04420289855072464,0.44202898550724634,1.0,D-1 estimated accounting; fill-day constraints require ledger audit,direct,V4_DIRECT_FROZEN_LINEAR_PORTFOLIO,risk_on,2018-01-03,risk_on,0.014866210774430804,0.03193927549343989,0.024409530914082045,0.9130434782608695,0.08934890910708353,0.8043478260869565,0.717391304347826,,,{},1519.TW,2018-01-03,2018-01-04
0.04629009596866285,1948000,0,0.04927536231884058,0.49275362318840576,1.0,D-1 estimated accounting; fill-day constraints require ledger audit,direct,V4_DIRECT_FROZEN_LINEAR_PORTFOLIO,risk_on,2018-01-03,risk_on,0.014866210774430804,0.03193927549343989,0.024409530914082045,0.9130434782608695,0.08934890910708353,0.8043478260869565,0.717391304347826,,,{},1785.TWO,2018-01-03,2018-01-04
0.04027665971407327,1849000,0,0.034782608695652174,0.34782608695652173,1.0,D-1 estimated accounting; fill-day constraints require ledger audit,direct,V4_DIRECT_FROZEN_LINEAR_PORTFOLIO,risk_on,2018-01-03,risk_on,0.014866210774430804,0.03193927549343989,0.024409530914082045,0.9130434782608695,0.08934890910708353,0.8043478260869565,0.717391304347826,,,{},1802.TW,2018-01-03,2018-01-04
0.042434963649794606,1816000,0,0.03985507246376812,0.39855072463768115,1.0,D-1 estimated accounting; fill-day constraints require ledger audit,direct,V4_DIRECT_FROZEN_LINEAR_PORTFOLIO,risk_on,2018-01-03,risk_on,0.014866210774430804,0.03193927549343989,0.024409530914082045,0.9130434782608695,0.08934890910708353,0.8043478260869565,0.717391304347826,,,{},1815.TWO,2018-01-03,2018-01-04
0.041519436540021784,1075000,0,0.018840579710144925,0.18840579710144922,1.0,D-1 estimated accounting; fill-day constraints require ledger audit,direct,V4_DIRECT_FROZEN_LINEAR_PORTFOLIO,risk_on,2018-01-03,risk_on,0.014866210774430804,0.03193927549343989,0.024409530914082045,0.9130434782608695,0.08934890910708353,0.8043478260869565,0.717391304347826,,,{},2313.TW,2018-01-03,2018-01-04
0.04530864377995082,538000,0,0.04782608695652174,0.4782608695652174,1.0,D-1 estimated accounting; fill-day constraints require ledger audit,direct,V4_DIRECT_FROZEN_LINEAR_PORTFOLIO,risk_on,2018-01-03,risk_on,0.014866210774430804,0.03193927549343989,0.024409530914082045,0.9130434782608695,0.08934890910708353,0.8043478260869565,0.717391304347826,,,{},2377.TW,2018-01-03,2018-01-04
0.04318248574420772,3590000,3590000,0.04855072463768117,0.48550724637681164,1.0,D-1 estimated accounting; fill-day constraints require ledger audit,direct,V4_DIRECT_FROZEN_LINEAR_PORTFOLIO,risk_on,2018-01-03,risk_on,0.014866210774430804,0.03193927549343989,0.024409530914082045,0.9130434782608695,0.08934890910708353,0.8043478260869565,0.717391304347826,,,{},2609.TW,2018-01-03,2018-01-04
0.03974638847101424,951000,0,0.04057971014492754,0.4057971014492754,1.0,D-1 estimated accounting; fill-day constraints require ledger audit,direct,V4_DIRECT_FROZEN_LINEAR_PORTFOLIO,risk_on,2018-01-03,risk_on,0.014866210774430804,0.03193927549343989,0.024409530914082045,0.9130434782608695,0.08934890910708353,0.8043478260869565,0.717391304347826,,,{},3163.TWO,2018-01-03,2018-01-04
0.042772013039866656,585000,0,0.001449275362318836,0.01449275362318836,1.0,D-1 estimated accounting; fill-day constraints require ledger audit,direct,V4_DIRECT_FROZEN_LINEAR_PORTFOLIO,risk_on,2018-01-03,risk_on,0.014866210774430804,0.03193927549343989,0.024409530914082045,0.9130434782608695,0.08934890910708353,0.8043478260869565,0.717391304347826,,,{},3260.TWO,2018-01-03,2018-01-04
0.041303175554717846,1099000,0,-0.0014492753623188415,-0.014492753623188415,1.0,D-1 estimated accounting; fill-day constraints require ledger audit,direct,V4_DIRECT_FROZEN_LINEAR_PORTFOLIO,risk_on,2018-01-03,risk_on,0.014866210774430804,0.03193927549343989,0.024409530914082045,0.9130434782608695,0.08934890910708353,0.8043478260869565,0.717391304347826,,,{},3264.TWO,2018-01-03,2018-01-04
0.04040583723361631,96000,0,0.04710144927536232,0.47101449275362317,1.0,D-1 estimated accounting; fill-day constraints require ledger audit,direct,V4_DIRECT_FROZEN_LINEAR_PORTFOLIO,risk_on,2018-01-03,risk_on,0.014866210774430804,0.03193927549343989,0.024409530914082045,0.9130434782608695,0.08934890910708353,0.8043478260869565,0.717391304347826,,,{},3529.TWO,2018-01-03,2018-01-04
0.04008611049942167,203000,0,0.0050724637681159425,0.050724637681159424,1.0,D-1 estimated accounting; fill-day constraints require ledger audit,direct,V4_DIRECT_FROZEN_LINEAR_PORTFOLIO,risk_on,2018-01-03,risk_on,0.014866210774430804,0.03193927549343989,0.024409530914082045,0.9130434782608695,0.08934890910708353,0.8043478260869565,0.717391304347826,,,{},3533.TW,2018-01-03,2018-01-04
0.041944386035346115,619000,0,0.0007246376811594236,0.007246376811594235,1.0,D-1 estimated accounting; fill-day constraints require ledger audit,direct,V4_DIRECT_FROZEN_LINEAR_PORTFOLIO,risk_on,2018-01-03,risk_on,0.014866210774430804,0.03193927549343989,0.024409530914082045,0.9130434782608695,0.08934890910708353,0.8043478260869565,0.717391304347826,,,{},3653.TW,2018-01-03,2018-01-04
0.04058203339054091,57000,0,0.038405797101449285,0.3840579710144928,1.0,D-1 estimated accounting; fill-day constraints require ledger audit,direct,V4_DIRECT_FROZEN_LINEAR_PORTFOLIO,risk_on,2018-01-03,risk_on,0.014866210774430804,0.03193927549343989,0.024409530914082045,0.9130434782608695,0.08934890910708353,0.8043478260869565,0.717391304347826,,,{},5274.TWO,2018-01-03,2018-01-04
0.0,0,-642000,-0.02318840579710145,-0.23188405797101447,1.0,D-1 estimated accounting; fill-day constraints require ledger audit,direct,V4_DIRECT_FROZEN_LINEAR_PORTFOLIO,risk_on,2018-01-03,risk_on,0.014866210774430804,0.03193927549343989,0.024409530914082045,0.9130434782608695,0.08934890910708353,0.8043478260869565,0.717391304347826,,,{},6187.TWO,2018-01-03,2018-01-04
0.04338830364268271,492000,0,0.04347826086956522,0.4347826086956522,1.0,D-1 estimated accounting; fill-day constraints require ledger audit,direct,V4_DIRECT_FROZEN_LINEAR_PORTFOLIO,risk_on,2018-01-03,risk_on,0.014866210774430804,0.03193927549343989,0.024409530914082045,0.9130434782608695,0.08934890910708353,0.8043478260869565,0.717391304347826,,,{},6274.TWO,2018-01-03,2018-01-04
0.03918137292959535,35000,0,0.041304347826086954,0.4130434782608695,1.0,D-1 estimated accounting; fill-day constraints require ledger audit,direct,V4_DIRECT_FROZEN_LINEAR_PORTFOLIO,risk_on,2018-01-03,risk_on,0.014866210774430804,0.03193927549343989,0.024409530914082045,0.9130434782608695,0.08934890910708353,0.8043478260869565,0.717391304347826,,,{},6510.TWO,2018-01-03,2018-01-04
0.04092477451040126,94000,0,0.04492753623188406,0.4492753623188406,1.0,D-1 estimated accounting; fill-day constraints require ledger audit,direct,V4_DIRECT_FROZEN_LINEAR_PORTFOLIO,risk_on,2018-01-03,risk_on,0.014866210774430804,0.03193927549343989,0.024409530914082045,0.9130434782608695,0.08934890910708353,0.8043478260869565,0.717391304347826,,,{},6548.TWO,2018-01-03,2018-01-04
0.04109271837477637,1133000,0,0.03188405797101449,0.3188405797101449,1.0,D-1 estimated accounting; fill-day constraints require ledger audit,direct,V4_DIRECT_FROZEN_LINEAR_PORTFOLIO,risk_on,2018-01-04,risk_on,0.015071737060546219,0.029423080284189385,0.0349879227053137,0.8695652173913043,0.0987482110368875,0.7898550724637681,0.7318840579710145,,,{},1101.TW,2018-01-04,2018-01-05
0.04017279977860526,418000,0,0.031159420289855078,0.3115942028985508,1.0,D-1 estimated accounting; fill-day constraints require ledger audit,direct,V4_DIRECT_FROZEN_LINEAR_PORTFOLIO,risk_on,2018-01-04,risk_on,0.015071737060546219,0.029423080284189385,0.0349879227053137,0.8695652173913043,0.0987482110368875,0.7898550724637681,0.7318840579710145,,,{},1301.TW,2018-01-04,2018-01-05
0.040325559183181585,530000,0,0.034782608695652174,0.34782608695652173,1.0,D-1 estimated accounting; fill-day constraints require ledger audit,direct,V4_DIRECT_FROZEN_LINEAR_PORTFOLIO,risk_on,2018-01-04,risk_on,0.015071737060546219,0.029423080284189385,0.0349879227053137,0.8695652173913043,0.0987482110368875,0.7898550724637681,0.7318840579710145,,,{},1303.TW,2018-01-04,2018-01-05
0.04088860062492941,401000,0,0.03985507246376812,0.39855072463768115,1.0,D-1 estimated accounting; fill-day constraints require ledger audit,direct,V4_DIRECT_FROZEN_LINEAR_PORTFOLIO,risk_on,2018-01-04,risk_on,0.015071737060546219,0.029423080284189385,0.0349879227053137,0.8695652173913043,0.0987482110368875,0.7898550724637681,0.7318840579710145,,,{},1326.TW,2018-01-04,2018-01-05
0.039610123789978434,1542000,0,0.042028985507246375,0.42028985507246375,1.0,D-1 estimated accounting; fill-day constraints require ledger audit,direct,V4_DIRECT_FROZEN_LINEAR_PORTFOLIO,risk_on,2018-01-04,risk_on,0.015071737060546219,0.029423080284189385,0.0349879227053137,0.8695652173913043,0.0987482110368875,0.7898550724637681,0.7318840579710145,,,{},1402.TW,2018-01-04,2018-01-05
0.040572605492974874,1982000,0,0.04492753623188406,0.4492753623188406,1.0,D-1 estimated accounting; fill-day constraints require ledger audit,direct,V4_DIRECT_FROZEN_LINEAR_PORTFOLIO,risk_on,2018-01-04,risk_on,0.015071737060546219,0.029423080284189385,0.0349879227053137,0.8695652173913043,0.0987482110368875,0.7898550724637681,0.7318840579710145,,,{},1519.TW,2018-01-04,2018-01-05
0.04614313432569256,1948000,0,0.045652173913043485,0.4565217391304348,1.0,D-1 estimated accounting; fill-day constraints require ledger audit,direct,V4_DIRECT_FROZEN_LINEAR_PORTFOLIO,risk_on,2018-01-04,risk_on,0.015071737060546219,0.029423080284189385,0.0349879227053137,0.8695652173913043,0.0987482110368875,0.7898550724637681,0.7318840579710145,,,{},1785.TWO,2018-01-04,2018-01-05
0.03938276322163613,1849000,0,0.021014492753623194,0.21014492753623193,1.0,D-1 estimated accounting; fill-day constraints require ledger audit,direct,V4_DIRECT_FROZEN_LINEAR_PORTFOLIO,risk_on,2018-01-04,risk_on,0.015071737060546219,0.029423080284189385,0.0349879227053137,0.8695652173913043,0.0987482110368875,0.7898550724637681,0.7318840579710145,,,{},1802.TW,2018-01-04,2018-01-05
0.04195504155907851,1816000,0,0.027536231884057974,0.2753623188405797,1.0,D-1 estimated accounting; fill-day constraints require ledger audit,direct,V4_DIRECT_FROZEN_LINEAR_PORTFOLIO,risk_on,2018-01-04,risk_on,0.015071737060546219,0.029423080284189385,0.0349879227053137,0.8695652173913043,0.0987482110368875,0.7898550724637681,0.7318840579710145,,,{},1815.TWO,2018-01-04,2018-01-05
0.04192478204066004,1075000,0,0.009420289855072463,0.09420289855072461,1.0,D-1 estimated accounting; fill-day constraints require ledger audit,direct,V4_DIRECT_FROZEN_LINEAR_PORTFOLIO,risk_on,2018-01-04,risk_on,0.015071737060546219,0.029423080284189385,0.0349879227053137,0.8695652173913043,0.0987482110368875,0.7898550724637681,0.7318840579710145,,,{},2313.TW,2018-01-04,2018-01-05
0.0452369567668709,538000,0,0.04710144927536232,0.47101449275362317,1.0,D-1 estimated accounting; fill-day constraints require ledger audit,direct,V4_DIRECT_FROZEN_LINEAR_PORTFOLIO,risk_on,2018-01-04,risk_on,0.015071737060546219,0.029423080284189385,0.0349879227053137,0.8695652173913043,0.0987482110368875,0.7898550724637681,0.7318840579710145,,,{},2377.TW,2018-01-04,2018-01-05
0.042513965562329774,3590000,0,0.04782608695652174,0.4782608695652174,1.0,D-1 estimated accounting; fill-day constraints require ledger audit,direct,V4_DIRECT_FROZEN_LINEAR_PORTFOLIO,risk_on,2018-01-04,risk_on,0.015071737060546219,0.029423080284189385,0.0349879227053137,0.8695652173913043,0.0987482110368875,0.7898550724637681,0.7318840579710145,,,{},2609.TW,2018-01-04,2018-01-05
0.03940924639113764,951000,0,0.03623188405797102,0.3623188405797102,1.0,D-1 estimated accounting; fill-day constraints require ledger audit,direct,V4_DIRECT_FROZEN_LINEAR_PORTFOLIO,risk_on,2018-01-04,risk_on,0.015071737060546219,0.029423080284189385,0.0349879227053137,0.8695652173913043,0.0987482110368875,0.7898550724637681,0.7318840579710145,,,{},3163.TWO,2018-01-04,2018-01-05
0.042223966329048755,585000,0,-0.01884057971014493,-0.18840579710144928,1.0,D-1 estimated accounting; fill-day constraints require ledger audit,direct,V4_DIRECT_FROZEN_LINEAR_PORTFOLIO,risk_on,2018-01-04,risk_on,0.015071737060546219,0.029423080284189385,0.0349879227053137,0.8695652173913043,0.0987482110368875,0.7898550724637681,0.7318840579710145,,,{},3260.TWO,2018-01-04,2018-01-05
0.0,0,-1099000,-0.02318840579710145,-0.23188405797101447,1.0,D-1 estimated accounting; fill-day constraints require ledger audit,direct,V4_DIRECT_FROZEN_LINEAR_PORTFOLIO,risk_on,2018-01-04,risk_on,0.015071737060546219,0.029423080284189385,0.0349879227053137,0.8695652173913043,0.0987482110368875,0.7898550724637681,0.7318840579710145,,,{},3264.TWO,2018-01-04,2018-01-05
0.040438606015276345,96000,0,0.0427536231884058,0.427536231884058,1.0,D-1 estimated accounting; fill-day constraints require ledger audit,direct,V4_DIRECT_FROZEN_LINEAR_PORTFOLIO,risk_on,2018-01-04,risk_on,0.015071737060546219,0.029423080284189385,0.0349879227053137,0.8695652173913043,0.0987482110368875,0.7898550724637681,0.7318840579710145,,,{},3529.TWO,2018-01-04,2018-01-05
0.043332751098150595,203000,0,0.015942028985507253,0.1594202898550725,1.0,D-1 estimated accounting; fill-day constraints require ledger audit,direct,V4_DIRECT_FROZEN_LINEAR_PORTFOLIO,risk_on,2018-01-04,risk_on,0.015071737060546219,0.029423080284189385,0.0349879227053137,0.8695652173913043,0.0987482110368875,0.7898550724637681,0.7318840579710145,,,{},3533.TW,2018-01-04,2018-01-05
0.04377032030168979,619000,0,0.04420289855072464,0.44202898550724634,1.0,D-1 estimated accounting; fill-day constraints require ledger audit,direct,V4_DIRECT_FROZEN_LINEAR_PORTFOLIO,risk_on,2018-01-04,risk_on,0.015071737060546219,0.029423080284189385,0.0349879227053137,0.8695652173913043,0.0987482110368875,0.7898550724637681,0.7318840579710145,,,{},3653.TW,2018-01-04,2018-01-05
0.04006584383186044,57000,0,0.03913043478260869,0.3913043478260869,1.0,D-1 estimated accounting; fill-day constraints require ledger audit,direct,V4_DIRECT_FROZEN_LINEAR_PORTFOLIO,risk_on,2018-01-04,risk_on,0.015071737060546219,0.029423080284189385,0.0349879227053137,0.8695652173913043,0.0987482110368875,0.7898550724637681,0.7318840579710145,,,{},5274.TWO,2018-01-04,2018-01-05
0.043183500043535834,1178000,1178000,0.05,0.5,1.0,D-1 estimated accounting; fill-day constraints require ledger audit,direct,V4_DIRECT_FROZEN_LINEAR_PORTFOLIO,risk_on,2018-01-04,risk_on,0.015071737060546219,0.029423080284189385,0.0349879227053137,0.8695652173913043,0.0987482110368875,0.7898550724637681,0.7318840579710145,,,{},6139.TW,2018-01-04,2018-01-05
0.04334054743139851,492000,0,0.04057971014492754,0.4057971014492754,1.0,D-1 estimated accounting; fill-day constraints require ledger audit,direct,V4_DIRECT_FROZEN_LINEAR_PORTFOLIO,risk_on,2018-01-04,risk_on,0.015071737060546219,0.029423080284189385,0.0349879227053137,0.8695652173913043,0.0987482110368875,0.7898550724637681,0.7318840579710145,,,{},6274.TWO,2018-01-04,2018-01-05
0.040304606537577815,35000,0,0.0463768115942029,0.46376811594202894,1.0,D-1 estimated accounting; fill-day constraints require ledger audit,direct,V4_DIRECT_FROZEN_LINEAR_PORTFOLIO,risk_on,2018-01-04,risk_on,0.015071737060546219,0.029423080284189385,0.0349879227053137,0.8695652173913043,0.0987482110368875,0.7898550724637681,0.7318840579710145,,,{},6510.TWO,2018-01-04,2018-01-05
0.04429730370216601,94000,0,0.04927536231884058,0.49275362318840576,1.0,D-1 estimated accounting; fill-day constraints require ledger audit,direct,V4_DIRECT_FROZEN_LINEAR_PORTFOLIO,risk_on,2018-01-04,risk_on,0.015071737060546219,0.029423080284189385,0.0349879227053137,0.8695652173913043,0.0987482110368875,0.7898550724637681,0.7318840579710145,,,{},6548.TWO,2018-01-04,2018-01-05
0.04112055720669994,1133000,0,0.04347826086956522,0.4347826086956522,1.0,D-1 estimated accounting; fill-day constraints require ledger audit,direct,V4_DIRECT_FROZEN_LINEAR_PORTFOLIO,risk_on,2018-01-05,risk_on,0.014825208307587961,0.024968266885270762,0.04357090034295641,0.855072463768116,0.09572107928282156,0.855072463768116,0.7608695652173914,,,{},1101.TW,2018-01-05,2018-01-08
0.040051537776414035,418000,0,0.008695652173913049,0.08695652173913049,1.0,D-1 estimated accounting; fill-day constraints require ledger audit,direct,V4_DIRECT_FROZEN_LINEAR_PORTFOLIO,risk_on,2018-01-05,risk_on,0.014825208307587961,0.024968266885270762,0.04357090034295641,0.855072463768116,0.09572107928282156,0.855072463768116,0.7608695652173914,,,{},1301.TW,2018-01-05,2018-01-08
0.04024469363217056,530000,0,0.02681159420289855,0.2681159420289855,1.0,D-1 estimated accounting; fill-day constraints require ledger audit,direct,V4_DIRECT_FROZEN_LINEAR_PORTFOLIO,risk_on,2018-01-05,risk_on,0.014825208307587961,0.024968266885270762,0.04357090034295641,0.855072463768116,0.09572107928282156,0.855072463768116,0.7608695652173914,,,{},1303.TW,2018-01-05,2018-01-08
0.04061135907839517,401000,0,0.03913043478260869,0.3913043478260869,1.0,D-1 estimated accounting; fill-day constraints require ledger audit,direct,V4_DIRECT_FROZEN_LINEAR_PORTFOLIO,risk_on,2018-01-05,risk_on,0.014825208307587961,0.024968266885270762,0.04357090034295641,0.855072463768116,0.09572107928282156,0.855072463768116,0.7608695652173914,,,{},1326.TW,2018-01-05,2018-01-08
0.03998075772906922,1542000,0,0.042028985507246375,0.42028985507246375,1.0,D-1 estimated accounting; fill-day constraints require ledger audit,direct,V4_DIRECT_FROZEN_LINEAR_PORTFOLIO,risk_on,2018-01-05,risk_on,0.014825208307587961,0.024968266885270762,0.04357090034295641,0.855072463768116,0.09572107928282156,0.855072463768116,0.7608695652173914,,,{},1402.TW,2018-01-05,2018-01-08
0.04106969088617594,1982000,0,0.0463768115942029,0.46376811594202894,1.0,D-1 estimated accounting; fill-day constraints require ledger audit,direct,V4_DIRECT_FROZEN_LINEAR_PORTFOLIO,risk_on,2018-01-05,risk_on,0.014825208307587961,0.024968266885270762,0.04357090034295641,0.855072463768116,0.09572107928282156,0.855072463768116,0.7608695652173914,,,{},1519.TW,2018-01-05,2018-01-08
0.045482076730100386,1948000,0,0.04057971014492754,0.4057971014492754,1.0,D-1 estimated accounting; fill-day constraints require ledger audit,direct,V4_DIRECT_FROZEN_LINEAR_PORTFOLIO,risk_on,2018-01-05,risk_on,0.014825208307587961,0.024968266885270762,0.04357090034295641,0.855072463768116,0.09572107928282156,0.855072463768116,0.7608695652173914,,,{},1785.TWO,2018-01-05,2018-01-08
0.03984342838952833,1849000,0,-0.029710144927536233,-0.2971014492753623,1.0,D-1 estimated accounting; fill-day constraints require ledger audit,direct,V4_DIRECT_FROZEN_LINEAR_PORTFOLIO,risk_on,2018-01-05,risk_on,0.014825208307587961,0.024968266885270762,0.04357090034295641,0.855072463768116,0.09572107928282156,0.855072463768116,0.7608695652173914,,,{},1802.TW,2018-01-05,2018-01-08
0.042224249377457744,1816000,0,-0.01666666666666667,-0.16666666666666669,1.0,D-1 estimated accounting; fill-day constraints require ledger audit,direct,V4_DIRECT_FROZEN_LINEAR_PORTFOLIO,risk_on,2018-01-05,risk_on,0.014825208307587961,0.024968266885270762,0.04357090034295641,0.855072463768116,0.09572107928282156,0.855072463768116,0.7608695652173914,,,{},1815.TWO,2018-01-05,2018-01-08
0.042677523730807826,1075000,0,0.021014492753623194,0.21014492753623193,1.0,D-1 estimated accounting; fill-day constraints require ledger audit,direct,V4_DIRECT_FROZEN_LINEAR_PORTFOLIO,risk_on,2018-01-05,risk_on,0.014825208307587961,0.024968266885270762,0.04357090034295641,0.855072463768116,0.09572107928282156,0.855072463768116,0.7608695652173914,,,{},2313.TW,2018-01-05,2018-01-08
0.04640321424765829,538000,0,0.04782608695652174,0.4782608695652174,1.0,D-1 estimated accounting; fill-day constraints require ledger audit,direct,V4_DIRECT_FROZEN_LINEAR_PORTFOLIO,risk_on,2018-01-05,risk_on,0.014825208307587961,0.024968266885270762,0.04357090034295641,0.855072463768116,0.09572107928282156,0.855072463768116,0.7608695652173914,,,{},2377.TW,2018-01-05,2018-01-08
0.043185943789200175,2374000,2374000,0.04855072463768117,0.48550724637681164,1.0,D-1 estimated accounting; fill-day constraints require ledger audit,direct,V4_DIRECT_FROZEN_LINEAR_PORTFOLIO,risk_on,2018-01-05,risk_on,0.014825208307587961,0.024968266885270762,0.04357090034295641,0.855072463768116,0.09572107928282156,0.855072463768116,0.7608695652173914,,,{},2603.TW,2018-01-05,2018-01-08
0.042952522815476284,3590000,0,0.04710144927536232,0.47101449275362317,1.0,D-1 estimated accounting; fill-day constraints require ledger audit,direct,V4_DIRECT_FROZEN_LINEAR_PORTFOLIO,risk_on,2018-01-05,risk_on,0.014825208307587961,0.024968266885270762,0.04357090034295641,0.855072463768116,0.09572107928282156,0.855072463768116,0.7608695652173914,,,{},2609.TW,2018-01-05,2018-01-08
0.03933021833823769,951000,0,-0.0050724637681159425,-0.050724637681159424,1.0,D-1 estimated accounting; fill-day constraints require ledger audit,direct,V4_DIRECT_FROZEN_LINEAR_PORTFOLIO,risk_on,2018-01-05,risk_on,0.014825208307587961,0.024968266885270762,0.04357090034295641,0.855072463768116,0.09572107928282156,0.855072463768116,0.7608695652173914,,,{},3163.TWO,2018-01-05,2018-01-08
0.0,0,-585000,-0.030434782608695657,-0.30434782608695654,1.0,D-1 estimated accounting; fill-day constraints require ledger audit,direct,V4_DIRECT_FROZEN_LINEAR_PORTFOLIO,risk_on,2018-01-05,risk_on,0.014825208307587961,0.024968266885270762,0.04357090034295641,0.855072463768116,0.09572107928282156,0.855072463768116,0.7608695652173914,,,{},3260.TWO,2018-01-05,2018-01-08
0.04110835123494896,96000,0,0.041304347826086954,0.4130434782608695,1.0,D-1 estimated accounting; fill-day constraints require ledger audit,direct,V4_DIRECT_FROZEN_LINEAR_PORTFOLIO,risk_on,2018-01-05,risk_on,0.014825208307587961,0.024968266885270762,0.04357090034295641,0.855072463768116,0.09572107928282156,0.855072463768116,0.7608695652173914,,,{},3529.TWO,2018-01-05,2018-01-08
0.0425531298035608,203000,0,0.001449275362318836,0.01449275362318836,1.0,D-1 estimated accounting; fill-day constraints require ledger audit,direct,V4_DIRECT_FROZEN_LINEAR_PORTFOLIO,risk_on,2018-01-05,risk_on,0.014825208307587961,0.024968266885270762,0.04357090034295641,0.855072463768116,0.09572107928282156,0.855072463768116,0.7608695652173914,,,{},3533.TW,2018-01-05,2018-01-08
0.04308002902237296,619000,0,0.0427536231884058,0.427536231884058,1.0,D-1 estimated accounting; fill-day constraints require ledger audit,direct,V4_DIRECT_FROZEN_LINEAR_PORTFOLIO,risk_on,2018-01-05,risk_on,0.014825208307587961,0.024968266885270762,0.04357090034295641,0.855072463768116,0.09572107928282156,0.855072463768116,0.7608695652173914,,,{},3653.TW,2018-01-05,2018-01-08
0.039649956442869894,57000,0,0.02246376811594203,0.2246376811594203,1.0,D-1 estimated accounting; fill-day constraints require ledger audit,direct,V4_DIRECT_FROZEN_LINEAR_PORTFOLIO,risk_on,2018-01-05,risk_on,0.014825208307587961,0.024968266885270762,0.04357090034295641,0.855072463768116,0.09572107928282156,0.855072463768116,0.7608695652173914,,,{},5274.TWO,2018-01-05,2018-01-08
0.043784619957432436,1178000,0,0.05,0.5,1.0,D-1 estimated accounting; fill-day constraints require ledger audit,direct,V4_DIRECT_FROZEN_LINEAR_PORTFOLIO,risk_on,2018-01-05,risk_on,0.014825208307587961,0.024968266885270762,0.04357090034295641,0.855072463768116,0.09572107928282156,0.855072463768116,0.7608695652173914,,,{},6139.TW,2018-01-05,2018-01-08
0.04253513693683624,492000,0,0.038405797101449285,0.3840579710144928,1.0,D-1 estimated accounting; fill-day constraints require ledger audit,direct,V4_DIRECT_FROZEN_LINEAR_PORTFOLIO,risk_on,2018-01-05,risk_on,0.014825208307587961,0.024968266885270762,0.04357090034295641,0.855072463768116,0.09572107928282156,0.855072463768116,0.7608695652173914,,,{},6274.TWO,2018-01-05,2018-01-08
0.03884270890874143,35000,0,0.045652173913043485,0.4565217391304348,1.0,D-1 estimated accounting; fill-day constraints require ledger audit,direct,V4_DIRECT_FROZEN_LINEAR_PORTFOLIO,risk_on,2018-01-05,risk_on,0.014825208307587961,0.024968266885270762,0.04357090034295641,0.855072463768116,0.09572107928282156,0.855072463768116,0.7608695652173914,,,{},6510.TWO,2018-01-05,2018-01-08
0.045449251905670465,94000,0,0.04927536231884058,0.49275362318840576,1.0,D-1 estimated accounting; fill-day constraints require ledger audit,direct,V4_DIRECT_FROZEN_LINEAR_PORTFOLIO,risk_on,2018-01-05,risk_on,0.014825208307587961,0.024968266885270762,0.04357090034295641,0.855072463768116,0.09572107928282156,0.855072463768116,0.7608695652173914,,,{},6548.TWO,2018-01-05,2018-01-08
0.04206212416743863,1133000,0,0.03913043478260869,0.3913043478260869,1.0,D-1 estimated accounting; fill-day constraints require ledger audit,direct,V4_DIRECT_FROZEN_LINEAR_PORTFOLIO,risk_on,2018-01-08,risk_on,0.014588782406130926,0.02003479277771425,0.044637329874266274,0.782608695652174,0.0880838371602363,0.8188405797101449,0.7463768115942029,,,{},1101.TW,2018-01-08,2018-01-09
0.040450589655939194,418000,0,-0.0014492753623188415,-0.014492753623188415,1.0,D-1 estimated accounting; fill-day constraints require ledger audit,direct,V4_DIRECT_FROZEN_LINEAR_PORTFOLIO,risk_on,2018-01-08,risk_on,0.014588782406130926,0.02003479277771425,0.044637329874266274,0.782608695652174,0.0880838371602363,0.8188405797101449,0.7463768115942029,,,{},1301.TW,2018-01-08,2018-01-09
0.04096932706763979,530000,0,0.02028985507246377,0.2028985507246377,1.0,D-1 estimated accounting; fill-day constraints require ledger audit,direct,V4_DIRECT_FROZEN_LINEAR_PORTFOLIO,risk_on,2018-01-08,risk_on,0.014588782406130926,0.02003479277771425,0.044637329874266274,0.782608695652174,0.0880838371602363,0.8188405797101449,0.7463768115942029,,,{},1303.TW,2018-01-08,2018-01-09
0.041147582339263494,401000,0,0.021739130434782608,0.21739130434782605,1.0,D-1 estimated accounting; fill-day constraints require ledger audit,direct,V4_DIRECT_FROZEN_LINEAR_PORTFOLIO,risk_on,2018-01-08,risk_on,0.014588782406130926,0.02003479277771425,0.044637329874266274,0.782608695652174,0.0880838371602363,0.8188405797101449,0.7463768115942029,,,{},1326.TW,2018-01-08,2018-01-09
0.03970794030903825,1542000,0,0.034782608695652174,0.34782608695652173,1.0,D-1 estimated accounting; fill-day constraints require ledger audit,direct,V4_DIRECT_FROZEN_LINEAR_PORTFOLIO,risk_on,2018-01-08,risk_on,0.014588782406130926,0.02003479277771425,0.044637329874266274,0.782608695652174,0.0880838371602363,0.8188405797101449,0.7463768115942029,,,{},1402.TW,2018-01-08,2018-01-09
0.04256099607339152,1982000,0,0.0463768115942029,0.46376811594202894,1.0,D-1 estimated accounting; fill-day constraints require ledger audit,direct,V4_DIRECT_FROZEN_LINEAR_PORTFOLIO,risk_on,2018-01-08,risk_on,0.014588782406130926,0.02003479277771425,0.044637329874266274,0.782608695652174,0.0880838371602363,0.8188405797101449,0.7463768115942029,,,{},1519.TW,2018-01-08,2018-01-09
0.04571133014563931,1948000,0,0.0427536231884058,0.427536231884058,1.0,D-1 estimated accounting; fill-day constraints require ledger audit,direct,V4_DIRECT_FROZEN_LINEAR_PORTFOLIO,risk_on,2018-01-08,risk_on,0.014588782406130926,0.02003479277771425,0.044637329874266274,0.782608695652174,0.0880838371602363,0.8188405797101449,0.7463768115942029,,,{},1785.TWO,2018-01-08,2018-01-09
0.04087352093050688,1849000,0,-0.021014492753623187,-0.21014492753623187,1.0,D-1 estimated accounting; fill-day constraints require ledger audit,direct,V4_DIRECT_FROZEN_LINEAR_PORTFOLIO,risk_on,2018-01-08,risk_on,0.014588782406130926,0.02003479277771425,0.044637329874266274,0.782608695652174,0.0880838371602363,0.8188405797101449,0.7463768115942029,,,{},1802.TW,2018-01-08,2018-01-09
0.04076183210295955,1816000,0,-0.028260869565217395,-0.28260869565217395,1.0,D-1 estimated accounting; fill-day constraints require ledger audit,direct,V4_DIRECT_FROZEN_LINEAR_PORTFOLIO,risk_on,2018-01-08,risk_on,0.014588782406130926,0.02003479277771425,0.044637329874266274,0.782608695652174,0.0880838371602363,0.8188405797101449,0.7463768115942029,,,{},1815.TWO,2018-01-08,2018-01-09
0.04367098727840965,1075000,0,0.007246376811594202,0.07246376811594202,1.0,D-1 estimated accounting; fill-day constraints require ledger audit,direct,V4_DIRECT_FROZEN_LINEAR_PORTFOLIO,risk_on,2018-01-08,risk_on,0.014588782406130926,0.02003479277771425,0.044637329874266274,0.782608695652174,0.0880838371602363,0.8188405797101449,0.7463768115942029,,,{},2313.TW,2018-01-08,2018-01-09
0.046399750061813315,538000,0,0.04492753623188406,0.4492753623188406,1.0,D-1 estimated accounting; fill-day constraints require ledger audit,direct,V4_DIRECT_FROZEN_LINEAR_PORTFOLIO,risk_on,2018-01-08,risk_on,0.014588782406130926,0.02003479277771425,0.044637329874266274,0.782608695652174,0.0880838371602363,0.8188405797101449,0.7463768115942029,,,{},2377.TW,2018-01-08,2018-01-09
0.04244204589349875,2374000,0,0.04927536231884058,0.49275362318840576,1.0,D-1 estimated accounting; fill-day constraints require ledger audit,direct,V4_DIRECT_FROZEN_LINEAR_PORTFOLIO,risk_on,2018-01-08,risk_on,0.014588782406130926,0.02003479277771425,0.044637329874266274,0.782608695652174,0.0880838371602363,0.8188405797101449,0.7463768115942029,,,{},2603.TW,2018-01-08,2018-01-09
0.0430752892460312,3590000,0,0.04782608695652174,0.4782608695652174,1.0,D-1 estimated accounting; fill-day constraints require ledger audit,direct,V4_DIRECT_FROZEN_LINEAR_PORTFOLIO,risk_on,2018-01-08,risk_on,0.014588782406130926,0.02003479277771425,0.044637329874266274,0.782608695652174,0.0880838371602363,0.8188405797101449,0.7463768115942029,,,{},2609.TW,2018-01-08,2018-01-09
0.0,0,-951000,-0.04710144927536232,-0.47101449275362317,1.0,D-1 estimated accounting; fill-day constraints require ledger audit,direct,V4_DIRECT_FROZEN_LINEAR_PORTFOLIO,risk_on,2018-01-08,risk_on,0.014588782406130926,0.02003479277771425,0.044637329874266274,0.782608695652174,0.0880838371602363,0.8188405797101449,0.7463768115942029,,,{},3163.TWO,2018-01-08,2018-01-09
0.041808875397344354,96000,0,0.02681159420289855,0.2681159420289855,1.0,D-1 estimated accounting; fill-day constraints require ledger audit,direct,V4_DIRECT_FROZEN_LINEAR_PORTFOLIO,risk_on,2018-01-08,risk_on,0.014588782406130926,0.02003479277771425,0.044637329874266274,0.782608695652174,0.0880838371602363,0.8188405797101449,0.7463768115942029,,,{},3529.TWO,2018-01-08,2018-01-09
0.04161240603120869,203000,0,-0.017391304347826087,-0.17391304347826086,1.0,D-1 estimated accounting; fill-day constraints require ledger audit,direct,V4_DIRECT_FROZEN_LINEAR_PORTFOLIO,risk_on,2018-01-08,risk_on,0.014588782406130926,0.02003479277771425,0.044637329874266274,0.782608695652174,0.0880838371602363,0.8188405797101449,0.7463768115942029,,,{},3533.TW,2018-01-08,2018-01-09
0.042486633996864025,619000,0,0.04347826086956522,0.4347826086956522,1.0,D-1 estimated accounting; fill-day constraints require ledger audit,direct,V4_DIRECT_FROZEN_LINEAR_PORTFOLIO,risk_on,2018-01-08,risk_on,0.014588782406130926,0.02003479277771425,0.044637329874266274,0.782608695652174,0.0880838371602363,0.8188405797101449,0.7463768115942029,,,{},3653.TW,2018-01-08,2018-01-09
0.0401608641259023,57000,0,0.0036231884057971067,0.036231884057971064,1.0,D-1 estimated accounting; fill-day constraints require ledger audit,direct,V4_DIRECT_FROZEN_LINEAR_PORTFOLIO,risk_on,2018-01-08,risk_on,0.014588782406130926,0.02003479277771425,0.044637329874266274,0.782608695652174,0.0880838371602363,0.8188405797101449,0.7463768115942029,,,{},5274.TWO,2018-01-08,2018-01-09
0.04207200834939379,1178000,0,0.05,0.5,1.0,D-1 estimated accounting; fill-day constraints require ledger audit,direct,V4_DIRECT_FROZEN_LINEAR_PORTFOLIO,risk_on,2018-01-08,risk_on,0.014588782406130926,0.02003479277771425,0.044637329874266274,0.782608695652174,0.0880838371602363,0.8188405797101449,0.7463768115942029,,,{},6139.TW,2018-01-08,2018-01-09
0.04439770536397747,492000,0,0.035507246376811595,0.35507246376811596,1.0,D-1 estimated accounting; fill-day constraints require ledger audit,direct,V4_DIRECT_FROZEN_LINEAR_PORTFOLIO,risk_on,2018-01-08,risk_on,0.014588782406130926,0.02003479277771425,0.044637329874266274,0.782608695652174,0.0880838371602363,0.8188405797101449,0.7463768115942029,,,{},6274.TWO,2018-01-08,2018-01-09
0.03689932693529416,35000,0,0.042028985507246375,0.42028985507246375,1.0,D-1 estimated accounting; fill-day constraints require ledger audit,direct,V4_DIRECT_FROZEN_LINEAR_PORTFOLIO,risk_on,2018-01-08,risk_on,0.014588782406130926,0.02003479277771425,0.044637329874266274,0.782608695652174,0.0880838371602363,0.8188405797101449,0.7463768115942029,,,{},6510.TWO,2018-01-08,2018-01-09
0.044706130697713314,94000,0,0.04710144927536232,0.47101449275362317,1.0,D-1 estimated accounting; fill-day constraints require ledger audit,direct,V4_DIRECT_FROZEN_LINEAR_PORTFOLIO,risk_on,2018-01-08,risk_on,0.014588782406130926,0.02003479277771425,0.044637329874266274,0.782608695652174,0.0880838371602363,0.8188405797101449,0.7463768115942029,,,{},6548.TWO,2018-01-08,2018-01-09
0.043189406619513454,1690000,1690000,0.04855072463768117,0.48550724637681164,1.0,D-1 estimated accounting; fill-day constraints require ledger audit,direct,V4_DIRECT_FROZEN_LINEAR_PORTFOLIO,risk_on,2018-01-08,risk_on,0.014588782406130926,0.02003479277771425,0.044637329874266274,0.782608695652174,0.0880838371602363,0.8188405797101449,0.7463768115942029,,,{},8415.TWO,2018-01-08,2018-01-09
0.04233664332497251,1133000,0,0.03695652173913044,0.3695652173913043,1.0,D-1 estimated accounting; fill-day constraints require ledger audit,direct,V4_DIRECT_FROZEN_LINEAR_PORTFOLIO,risk_on,2018-01-09,risk_on,0.014091934892857927,0.0161690831135457,0.04051742758603161,0.6884057971014492,0.09199274634734908,0.7318840579710145,0.7028985507246377,,,{},1101.TW,2018-01-09,2018-01-10
0.041832657144081145,418000,0,0.008695652173913049,0.08695652173913049,1.0,D-1 estimated accounting; fill-day constraints require ledger audit,direct,V4_DIRECT_FROZEN_LINEAR_PORTFOLIO,risk_on,2018-01-09,risk_on,0.014091934892857927,0.0161690831135457,0.04051742758603161,0.6884057971014492,0.09199274634734908,0.7318840579710145,0.7028985507246377,,,{},1301.TW,2018-01-09,2018-01-10
0.04226720869633577,530000,0,0.034782608695652174,0.34782608695652173,1.0,D-1 estimated accounting; fill-day constraints require ledger audit,direct,V4_DIRECT_FROZEN_LINEAR_PORTFOLIO,risk_on,2018-01-09,risk_on,0.014091934892857927,0.0161690831135457,0.04051742758603161,0.6884057971014492,0.09199274634734908,0.7318840579710145,0.7028985507246377,,,{},1303.TW,2018-01-09,2018-01-10
0.04306994906940219,401000,0,0.027536231884057974,0.2753623188405797,1.0,D-1 estimated accounting; fill-day constraints require ledger audit,direct,V4_DIRECT_FROZEN_LINEAR_PORTFOLIO,risk_on,2018-01-09,risk_on,0.014091934892857927,0.0161690831135457,0.04051742758603161,0.6884057971014492,0.09199274634734908,0.7318840579710145,0.7028985507246377,,,{},1326.TW,2018-01-09,2018-01-10
0.0402388057230395,1542000,0,0.018840579710144925,0.18840579710144922,1.0,D-1 estimated accounting; fill-day constraints require ledger audit,direct,V4_DIRECT_FROZEN_LINEAR_PORTFOLIO,risk_on,2018-01-09,risk_on,0.014091934892857927,0.0161690831135457,0.04051742758603161,0.6884057971014492,0.09199274634734908,0.7318840579710145,0.7028985507246377,,,{},1402.TW,2018-01-09,2018-01-10
0.04272692054941663,1982000,0,0.045652173913043485,0.4565217391304348,1.0,D-1 estimated accounting; fill-day constraints require ledger audit,direct,V4_DIRECT_FROZEN_LINEAR_PORTFOLIO,risk_on,2018-01-09,risk_on,0.014091934892857927,0.0161690831135457,0.04051742758603161,0.6884057971014492,0.09199274634734908,0.7318840579710145,0.7028985507246377,,,{},1519.TW,2018-01-09,2018-01-10
0.047504695891390336,1948000,0,0.01811594202898551,0.1811594202898551,1.0,D-1 estimated accounting; fill-day constraints require ledger audit,direct,V4_DIRECT_FROZEN_LINEAR_PORTFOLIO,risk_on,2018-01-09,risk_on,0.014091934892857927,0.0161690831135457,0.04051742758603161,0.6884057971014492,0.09199274634734908,0.7318840579710145,0.7028985507246377,,,{},1785.TWO,2018-01-09,2018-01-10
0.04022122764465218,1849000,0,-0.028260869565217395,-0.28260869565217395,1.0,D-1 estimated accounting; fill-day constraints require ledger audit,direct,V4_DIRECT_FROZEN_LINEAR_PORTFOLIO,risk_on,2018-01-09,risk_on,0.014091934892857927,0.0161690831135457,0.04051742758603161,0.6884057971014492,0.09199274634734908,0.7318840579710145,0.7028985507246377,,,{},1802.TW,2018-01-09,2018-01-10
0.0,0,-1816000,-0.035507246376811595,-0.35507246376811596,1.0,D-1 estimated accounting; fill-day constraints require ledger audit,direct,V4_DIRECT_FROZEN_LINEAR_PORTFOLIO,risk_on,2018-01-09,risk_on,0.014091934892857927,0.0161690831135457,0.04051742758603161,0.6884057971014492,0.09199274634734908,0.7318840579710145,0.7028985507246377,,,{},1815.TWO,2018-01-09,2018-01-10
0.04158624710488469,1075000,0,0.0021739130434782596,0.021739130434782594,1.0,D-1 estimated accounting; fill-day constraints require ledger audit,direct,V4_DIRECT_FROZEN_LINEAR_PORTFOLIO,risk_on,2018-01-09,risk_on,0.014091934892857927,0.0161690831135457,0.04051742758603161,0.6884057971014492,0.09199274634734908,0.7318840579710145,0.7028985507246377,,,{},2313.TW,2018-01-09,2018-01-10
0.04626555107569835,538000,0,0.0427536231884058,0.427536231884058,1.0,D-1 estimated accounting; fill-day constraints require ledger audit,direct,V4_DIRECT_FROZEN_LINEAR_PORTFOLIO,risk_on,2018-01-09,risk_on,0.014091934892857927,0.0161690831135457,0.04051742758603161,0.6884057971014492,0.09199274634734908,0.7318840579710145,0.7028985507246377,,,{},2377.TW,2018-01-09,2018-01-10
0.04214438156885267,2374000,0,0.0463768115942029,0.46376811594202894,1.0,D-1 estimated accounting; fill-day constraints require ledger audit,direct,V4_DIRECT_FROZEN_LINEAR_PORTFOLIO,risk_on,2018-01-09,risk_on,0.014091934892857927,0.0161690831135457,0.04051742758603161,0.6884057971014492,0.09199274634734908,0.7318840579710145,0.7028985507246377,,,{},2603.TW,2018-01-09,2018-01-10
0.042717997419472443,3590000,0,0.01376811594202898,0.1376811594202898,1.0,D-1 estimated accounting; fill-day constraints require ledger audit,direct,V4_DIRECT_FROZEN_LINEAR_PORTFOLIO,risk_on,2018-01-09,risk_on,0.014091934892857927,0.0161690831135457,0.04051742758603161,0.6884057971014492,0.09199274634734908,0.7318840579710145,0.7028985507246377,,,{},2609.TW,2018-01-09,2018-01-10
0.04321184146359664,552000,552000,0.04855072463768117,0.48550724637681164,1.0,D-1 estimated accounting; fill-day constraints require ledger audit,direct,V4_DIRECT_FROZEN_LINEAR_PORTFOLIO,risk_on,2018-01-09,risk_on,0.014091934892857927,0.0161690831135457,0.04051742758603161,0.6884057971014492,0.09199274634734908,0.7318840579710145,0.7028985507246377,,,{},3324.TWO,2018-01-09,2018-01-10
0.04140722376286238,96000,0,0.021739130434782608,0.21739130434782605,1.0,D-1 estimated accounting; fill-day constraints require ledger audit,direct,V4_DIRECT_FROZEN_LINEAR_PORTFOLIO,risk_on,2018-01-09,risk_on,0.014091934892857927,0.0161690831135457,0.04051742758603161,0.6884057971014492,0.09199274634734908,0.7318840579710145,0.7028985507246377,,,{},3529.TWO,2018-01-09,2018-01-10
0.03760709189291575,203000,0,0.04057971014492754,0.4057971014492754,1.0,D-1 estimated accounting; fill-day constraints require ledger audit,direct,V4_DIRECT_FROZEN_LINEAR_PORTFOLIO,risk_on,2018-01-09,risk_on,0.014091934892857927,0.0161690831135457,0.04051742758603161,0.6884057971014492,0.09199274634734908,0.7318840579710145,0.7028985507246377,,,{},3533.TW,2018-01-09,2018-01-10
0.042350198680844005,619000,0,0.04347826086956522,0.4347826086956522,1.0,D-1 estimated accounting; fill-day constraints require ledger audit,direct,V4_DIRECT_FROZEN_LINEAR_PORTFOLIO,risk_on,2018-01-09,risk_on,0.014091934892857927,0.0161690831135457,0.04051742758603161,0.6884057971014492,0.09199274634734908,0.7318840579710145,0.7028985507246377,,,{},3653.TW,2018-01-09,2018-01-10
0.040934249115547536,57000,0,0.016666666666666663,0.16666666666666663,1.0,D-1 estimated accounting; fill-day constraints require ledger audit,direct,V4_DIRECT_FROZEN_LINEAR_PORTFOLIO,risk_on,2018-01-09,risk_on,0.014091934892857927,0.0161690831135457,0.04051742758603161,0.6884057971014492,0.09199274634734908,0.7318840579710145,0.7028985507246377,,,{},5274.TWO,2018-01-09,2018-01-10
0.042178562520168925,1178000,0,0.04927536231884058,0.49275362318840576,1.0,D-1 estimated accounting; fill-day constraints require ledger audit,direct,V4_DIRECT_FROZEN_LINEAR_PORTFOLIO,risk_on,2018-01-09,risk_on,0.014091934892857927,0.0161690831135457,0.04051742758603161,0.6884057971014492,0.09199274634734908,0.7318840579710145,0.7028985507246377,,,{},6139.TW,2018-01-09,2018-01-10
0.043562184024520056,492000,0,0.03188405797101449,0.3188405797101449,1.0,D-1 estimated accounting; fill-day constraints require ledger audit,direct,V4_DIRECT_FROZEN_LINEAR_PORTFOLIO,risk_on,2018-01-09,risk_on,0.014091934892857927,0.0161690831135457,0.04051742758603161,0.6884057971014492,0.09199274634734908,0.7318840579710145,0.7028985507246377,,,{},6274.TWO,2018-01-09,2018-01-10
0.03738937727433216,35000,0,0.042028985507246375,0.42028985507246375,1.0,D-1 estimated accounting; fill-day constraints require ledger audit,direct,V4_DIRECT_FROZEN_LINEAR_PORTFOLIO,risk_on,2018-01-09,risk_on,0.014091934892857927,0.0161690831135457,0.04051742758603161,0.6884057971014492,0.09199274634734908,0.7318840579710145,0.7028985507246377,,,{},6510.TWO,2018-01-09,2018-01-10
0.045156888750337784,94000,0,0.04710144927536232,0.47101449275362317,1.0,D-1 estimated accounting; fill-day constraints require ledger audit,direct,V4_DIRECT_FROZEN_LINEAR_PORTFOLIO,risk_on,2018-01-09,risk_on,0.014091934892857927,0.0161690831135457,0.04051742758603161,0.6884057971014492,0.09199274634734908,0.7318840579710145,0.7028985507246377,,,{},6548.TWO,2018-01-09,2018-01-10
0.04088490371935345,1690000,0,0.05,0.5,1.0,D-1 estimated accounting; fill-day constraints require ledger audit,direct,V4_DIRECT_FROZEN_LINEAR_PORTFOLIO,risk_on,2018-01-09,risk_on,0.014091934892857927,0.0161690831135457,0.04051742758603161,0.6884057971014492,0.09199274634734908,0.7318840579710145,0.7028985507246377,,,{},8415.TWO,2018-01-09,2018-01-10
0.04277616770408614,1133000,0,0.027536231884057974,0.2753623188405797,1.0,D-1 estimated accounting; fill-day constraints require ledger audit,direct,V4_DIRECT_FROZEN_LINEAR_PORTFOLIO,risk_on,2018-01-10,risk_on,0.014478016795987245,0.004500615502677663,0.03891897576108061,0.5579710144927537,0.087677480334323,0.6521739130434783,0.6666666666666666,,,{},1101.TW,2018-01-10,2018-01-11
0.04148593105466205,418000,0,0.016666666666666663,0.16666666666666663,1.0,D-1 estimated accounting; fill-day constraints require ledger audit,direct,V4_DIRECT_FROZEN_LINEAR_PORTFOLIO,risk_on,2018-01-10,risk_on,0.014478016795987245,0.004500615502677663,0.03891897576108061,0.5579710144927537,0.087677480334323,0.6521739130434783,0.6666666666666666,,,{},1301.TW,2018-01-10,2018-01-11
0.04306008699873434,530000,0,0.04057971014492754,0.4057971014492754,1.0,D-1 estimated accounting; fill-day constraints require ledger audit,direct,V4_DIRECT_FROZEN_LINEAR_PORTFOLIO,risk_on,2018-01-10,risk_on,0.014478016795987245,0.004500615502677663,0.03891897576108061,0.5579710144927537,0.087677480334323,0.6521739130434783,0.6666666666666666,,,{},1303.TW,2018-01-10,2018-01-11
0.04255918573860572,401000,0,0.017391304347826087,0.17391304347826086,1.0,D-1 estimated accounting; fill-day constraints require ledger audit,direct,V4_DIRECT_FROZEN_LINEAR_PORTFOLIO,risk_on,2018-01-10,risk_on,0.014478016795987245,0.004500615502677663,0.03891897576108061,0.5579710144927537,0.087677480334323,0.6521739130434783,0.6666666666666666,,,{},1326.TW,2018-01-10,2018-01-11
0.04087642839464466,1542000,0,0.03188405797101449,0.3188405797101449,1.0,D-1 estimated accounting; fill-day constraints require ledger audit,direct,V4_DIRECT_FROZEN_LINEAR_PORTFOLIO,risk_on,2018-01-10,risk_on,0.014478016795987245,0.004500615502677663,0.03891897576108061,0.5579710144927537,0.087677480334323,0.6521739130434783,0.6666666666666666,,,{},1402.TW,2018-01-10,2018-01-11
0.04232105275489119,1982000,0,0.04420289855072464,0.44202898550724634,1.0,D-1 estimated accounting; fill-day constraints require ledger audit,direct,V4_DIRECT_FROZEN_LINEAR_PORTFOLIO,risk_on,2018-01-10,risk_on,0.014478016795987245,0.004500615502677663,0.03891897576108061,0.5579710144927537,0.087677480334323,0.6521739130434783,0.6666666666666666,,,{},1519.TW,2018-01-10,2018-01-11
0.04857559532900928,1948000,0,0.015217391304347828,0.15217391304347827,1.0,D-1 estimated accounting; fill-day constraints require ledger audit,direct,V4_DIRECT_FROZEN_LINEAR_PORTFOLIO,risk_on,2018-01-10,risk_on,0.014478016795987245,0.004500615502677663,0.03891897576108061,0.5579710144927537,0.087677480334323,0.6521739130434783,0.6666666666666666,,,{},1785.TWO,2018-01-10,2018-01-11
0.0,0,-1849000,-0.028260869565217395,-0.28260869565217395,1.0,D-1 estimated accounting; fill-day constraints require ledger audit,direct,V4_DIRECT_FROZEN_LINEAR_PORTFOLIO,risk_on,2018-01-10,risk_on,0.014478016795987245,0.004500615502677663,0.03891897576108061,0.5579710144927537,0.087677480334323,0.6521739130434783,0.6666666666666666,,,{},1802.TW,2018-01-10,2018-01-11
0.04011234172665184,1075000,0,0.008695652173913049,0.08695652173913049,1.0,D-1 estimated accounting; fill-day constraints require ledger audit,direct,V4_DIRECT_FROZEN_LINEAR_PORTFOLIO,risk_on,2018-01-10,risk_on,0.014478016795987245,0.004500615502677663,0.03891897576108061,0.5579710144927537,0.087677480334323,0.6521739130434783,0.6666666666666666,,,{},2313.TW,2018-01-10,2018-01-11
0.04497791018339453,538000,0,0.011594202898550721,0.1159420289855072,1.0,D-1 estimated accounting; fill-day constraints require ledger audit,direct,V4_DIRECT_FROZEN_LINEAR_PORTFOLIO,risk_on,2018-01-10,risk_on,0.014478016795987245,0.004500615502677663,0.03891897576108061,0.5579710144927537,0.087677480334323,0.6521739130434783,0.6666666666666666,,,{},2377.TW,2018-01-10,2018-01-11
0.04136704859138571,2374000,0,0.034782608695652174,0.34782608695652173,1.0,D-1 estimated accounting; fill-day constraints require ledger audit,direct,V4_DIRECT_FROZEN_LINEAR_PORTFOLIO,risk_on,2018-01-10,risk_on,0.014478016795987245,0.004500615502677663,0.03891897576108061,0.5579710144927537,0.087677480334323,0.6521739130434783,0.6666666666666666,,,{},2603.TW,2018-01-10,2018-01-11
0.042288295667486875,3590000,0,-0.02028985507246377,-0.2028985507246377,1.0,D-1 estimated accounting; fill-day constraints require ledger audit,direct,V4_DIRECT_FROZEN_LINEAR_PORTFOLIO,risk_on,2018-01-10,risk_on,0.014478016795987245,0.004500615502677663,0.03891897576108061,0.5579710144927537,0.087677480334323,0.6521739130434783,0.6666666666666666,,,{},2609.TW,2018-01-10,2018-01-11
0.04317896946201067,5157000,5157000,0.04710144927536232,0.47101449275362317,1.0,D-1 estimated accounting; fill-day constraints require ledger audit,direct,V4_DIRECT_FROZEN_LINEAR_PORTFOLIO,risk_on,2018-01-10,risk_on,0.014478016795987245,0.004500615502677663,0.03891897576108061,0.5579710144927537,0.087677480334323,0.6521739130434783,0.6666666666666666,,,{},2834.TW,2018-01-10,2018-01-11
0.04321898954407543,552000,0,0.04927536231884058,0.49275362318840576,1.0,D-1 estimated accounting; fill-day constraints require ledger audit,direct,V4_DIRECT_FROZEN_LINEAR_PORTFOLIO,risk_on,2018-01-10,risk_on,0.014478016795987245,0.004500615502677663,0.03891897576108061,0.5579710144927537,0.087677480334323,0.6521739130434783,0.6666666666666666,,,{},3324.TWO,2018-01-10,2018-01-11
0.040584681751021194,96000,0,0.02246376811594203,0.2246376811594203,1.0,D-1 estimated accounting; fill-day constraints require ledger audit,direct,V4_DIRECT_FROZEN_LINEAR_PORTFOLIO,risk_on,2018-01-10,risk_on,0.014478016795987245,0.004500615502677663,0.03891897576108061,0.5579710144927537,0.087677480334323,0.6521739130434783,0.6666666666666666,,,{},3529.TWO,2018-01-10,2018-01-11
0.0381488794539227,203000,0,0.041304347826086954,0.4130434782608695,1.0,D-1 estimated accounting; fill-day constraints require ledger audit,direct,V4_DIRECT_FROZEN_LINEAR_PORTFOLIO,risk_on,2018-01-10,risk_on,0.014478016795987245,0.004500615502677663,0.03891897576108061,0.5579710144927537,0.087677480334323,0.6521739130434783,0.6666666666666666,,,{},3533.TW,2018-01-10,2018-01-11
0.041954099764530475,619000,0,0.04347826086956522,0.4347826086956522,1.0,D-1 estimated accounting; fill-day constraints require ledger audit,direct,V4_DIRECT_FROZEN_LINEAR_PORTFOLIO,risk_on,2018-01-10,risk_on,0.014478016795987245,0.004500615502677663,0.03891897576108061,0.5579710144927537,0.087677480334323,0.6521739130434783,0.6666666666666666,,,{},3653.TW,2018-01-10,2018-01-11
0.04311666965308217,57000,0,0.04492753623188406,0.4492753623188406,1.0,D-1 estimated accounting; fill-day constraints require ledger audit,direct,V4_DIRECT_FROZEN_LINEAR_PORTFOLIO,risk_on,2018-01-10,risk_on,0.014478016795987245,0.004500615502677663,0.03891897576108061,0.5579710144927537,0.087677480334323,0.6521739130434783,0.6666666666666666,,,{},5274.TWO,2018-01-10,2018-01-11
0.04250802579310908,1178000,0,0.05,0.5,1.0,D-1 estimated accounting; fill-day constraints require ledger audit,direct,V4_DIRECT_FROZEN_LINEAR_PORTFOLIO,risk_on,2018-01-10,risk_on,0.014478016795987245,0.004500615502677663,0.03891897576108061,0.5579710144927537,0.087677480334323,0.6521739130434783,0.6666666666666666,,,{},6139.TW,2018-01-10,2018-01-11
0.0423442403560875,492000,0,0.006521739130434779,0.06521739130434778,1.0,D-1 estimated accounting; fill-day constraints require ledger audit,direct,V4_DIRECT_FROZEN_LINEAR_PORTFOLIO,risk_on,2018-01-10,risk_on,0.014478016795987245,0.004500615502677663,0.03891897576108061,0.5579710144927537,0.087677480334323,0.6521739130434783,0.6666666666666666,,,{},6274.TWO,2018-01-10,2018-01-11
0.03850123284353018,35000,0,0.03985507246376812,0.39855072463768115,1.0,D-1 estimated accounting; fill-day constraints require ledger audit,direct,V4_DIRECT_FROZEN_LINEAR_PORTFOLIO,risk_on,2018-01-10,risk_on,0.014478016795987245,0.004500615502677663,0.03891897576108061,0.5579710144927537,0.087677480334323,0.6521739130434783,0.6666666666666666,,,{},6510.TWO,2018-01-10,2018-01-11
0.04414919267778152,94000,0,0.04855072463768117,0.48550724637681164,1.0,D-1 estimated accounting; fill-day constraints require ledger audit,direct,V4_DIRECT_FROZEN_LINEAR_PORTFOLIO,risk_on,2018-01-10,risk_on,0.014478016795987245,0.004500615502677663,0.03891897576108061,0.5579710144927537,0.087677480334323,0.6521739130434783,0.6666666666666666,,,{},6548.TWO,2018-01-10,2018-01-11
0.04098228163439164,1690000,0,0.04782608695652174,0.4782608695652174,1.0,D-1 estimated accounting; fill-day constraints require ledger audit,direct,V4_DIRECT_FROZEN_LINEAR_PORTFOLIO,risk_on,2018-01-10,risk_on,0.014478016795987245,0.004500615502677663,0.03891897576108061,0.5579710144927537,0.087677480334323,0.6521739130434783,0.6666666666666666,,,{},8415.TWO,2018-01-10,2018-01-11
0.04180220096785035,1133000,0,0.04347826086956522,0.4347826086956522,1.0,D-1 estimated accounting; fill-day constraints require ledger audit,direct,V4_DIRECT_FROZEN_LINEAR_PORTFOLIO,risk_on,2018-01-11,risk_on,0.014359180751472092,-0.002102661819706808,0.031853702184386434,0.463768115942029,0.08934322795561135,0.6884057971014492,0.6521739130434783,,,{},1101.TW,2018-01-11,2018-01-12
0.04156838892185462,418000,0,0.023188405797101453,0.23188405797101452,1.0,D-1 estimated accounting; fill-day constraints require ledger audit,direct,V4_DIRECT_FROZEN_LINEAR_PORTFOLIO,risk_on,2018-01-11,risk_on,0.014359180751472092,-0.002102661819706808,0.031853702184386434,0.463768115942029,0.08934322795561135,0.6884057971014492,0.6521739130434783,,,{},1301.TW,2018-01-11,2018-01-12
0.04278047450204284,530000,0,0.041304347826086954,0.4130434782608695,1.0,D-1 estimated accounting; fill-day constraints require ledger audit,direct,V4_DIRECT_FROZEN_LINEAR_PORTFOLIO,risk_on,2018-01-11,risk_on,0.014359180751472092,-0.002102661819706808,0.031853702184386434,0.463768115942029,0.08934322795561135,0.6884057971014492,0.6521739130434783,,,{},1303.TW,2018-01-11,2018-01-12
0.04303862660329996,401000,0,0.015942028985507253,0.1594202898550725,1.0,D-1 estimated accounting; fill-day constraints require ledger audit,direct,V4_DIRECT_FROZEN_LINEAR_PORTFOLIO,risk_on,2018-01-11,risk_on,0.014359180751472092,-0.002102661819706808,0.031853702184386434,0.463768115942029,0.08934322795561135,0.6884057971014492,0.6521739130434783,,,{},1326.TW,2018-01-11,2018-01-12
0.04057843707831955,1542000,0,0.02463768115942029,0.24637681159420288,1.0,D-1 estimated accounting; fill-day constraints require ledger audit,direct,V4_DIRECT_FROZEN_LINEAR_PORTFOLIO,risk_on,2018-01-11,risk_on,0.014359180751472092,-0.002102661819706808,0.031853702184386434,0.463768115942029,0.08934322795561135,0.6884057971014492,0.6521739130434783,,,{},1402.TW,2018-01-11,2018-01-12
0.04260013681987893,1982000,0,0.04927536231884058,0.49275362318840576,1.0,D-1 estimated accounting; fill-day constraints require ledger audit,direct,V4_DIRECT_FROZEN_LINEAR_PORTFOLIO,risk_on,2018-01-11,risk_on,0.014359180751472092,-0.002102661819706808,0.031853702184386434,0.463768115942029,0.08934322795561135,0.6884057971014492,0.6521739130434783,,,{},1519.TW,2018-01-11,2018-01-12
0.04675591851774496,1948000,0,0.012318840579710146,0.12318840579710144,1.0,D-1 estimated accounting; fill-day constraints require ledger audit,direct,V4_DIRECT_FROZEN_LINEAR_PORTFOLIO,risk_on,2018-01-11,risk_on,0.014359180751472092,-0.002102661819706808,0.031853702184386434,0.463768115942029,0.08934322795561135,0.6884057971014492,0.6521739130434783,,,{},1785.TWO,2018-01-11,2018-01-12
0.04040360664098246,1075000,0,0.007971014492753626,0.07971014492753625,1.0,D-1 estimated accounting; fill-day constraints require ledger audit,direct,V4_DIRECT_FROZEN_LINEAR_PORTFOLIO,risk_on,2018-01-11,risk_on,0.014359180751472092,-0.002102661819706808,0.031853702184386434,0.463768115942029,0.08934322795561135,0.6884057971014492,0.6521739130434783,,,{},2313.TW,2018-01-11,2018-01-12
0.04745042142786983,538000,0,0.010144927536231885,0.10144927536231885,1.0,D-1 estimated accounting; fill-day constraints require ledger audit,direct,V4_DIRECT_FROZEN_LINEAR_PORTFOLIO,risk_on,2018-01-11,risk_on,0.014359180751472092,-0.002102661819706808,0.031853702184386434,0.463768115942029,0.08934322795561135,0.6884057971014492,0.6521739130434783,,,{},2377.TW,2018-01-11,2018-01-12
0.04168278718158313,2374000,0,0.015217391304347828,0.15217391304347827,1.0,D-1 estimated accounting; fill-day constraints require ledger audit,direct,V4_DIRECT_FROZEN_LINEAR_PORTFOLIO,risk_on,2018-01-11,risk_on,0.014359180751472092,-0.002102661819706808,0.031853702184386434,0.463768115942029,0.08934322795561135,0.6884057971014492,0.6521739130434783,,,{},2603.TW,2018-01-11,2018-01-12
0.0,0,-3590000,-0.02173913043478261,-0.2173913043478261,1.0,D-1 estimated accounting; fill-day constraints require ledger audit,direct,V4_DIRECT_FROZEN_LINEAR_PORTFOLIO,risk_on,2018-01-11,risk_on,0.014359180751472092,-0.002102661819706808,0.031853702184386434,0.463768115942029,0.08934322795561135,0.6884057971014492,0.6521739130434783,,,{},2609.TW,2018-01-11,2018-01-12
0.04331551317133404,5157000,0,0.04855072463768117,0.48550724637681164,1.0,D-1 estimated accounting; fill-day constraints require ledger audit,direct,V4_DIRECT_FROZEN_LINEAR_PORTFOLIO,risk_on,2018-01-11,risk_on,0.014359180751472092,-0.002102661819706808,0.031853702184386434,0.463768115942029,0.08934322795561135,0.6884057971014492,0.6521739130434783,,,{},2834.TW,2018-01-11,2018-01-12
0.043576566410491,552000,0,0.04782608695652174,0.4782608695652174,1.0,D-1 estimated accounting; fill-day constraints require ledger audit,direct,V4_DIRECT_FROZEN_LINEAR_PORTFOLIO,risk_on,2018-01-11,risk_on,0.014359180751472092,-0.002102661819706808,0.031853702184386434,0.463768115942029,0.08934322795561135,0.6884057971014492,0.6521739130434783,,,{},3324.TWO,2018-01-11,2018-01-12
0.04071279910054528,96000,0,0.01811594202898551,0.1811594202898551,1.0,D-1 estimated accounting; fill-day constraints require ledger audit,direct,V4_DIRECT_FROZEN_LINEAR_PORTFOLIO,risk_on,2018-01-11,risk_on,0.014359180751472092,-0.002102661819706808,0.031853702184386434,0.463768115942029,0.08934322795561135,0.6884057971014492,0.6521739130434783,,,{},3529.TWO,2018-01-11,2018-01-12
0.03642354047337212,203000,0,0.04057971014492754,0.4057971014492754,1.0,D-1 estimated accounting; fill-day constraints require ledger audit,direct,V4_DIRECT_FROZEN_LINEAR_PORTFOLIO,risk_on,2018-01-11,risk_on,0.014359180751472092,-0.002102661819706808,0.031853702184386434,0.463768115942029,0.08934322795561135,0.6884057971014492,0.6521739130434783,,,{},3533.TW,2018-01-11,2018-01-12
0.04215933596050379,619000,0,-0.01666666666666667,-0.16666666666666669,1.0,D-1 estimated accounting; fill-day constraints require ledger audit,direct,V4_DIRECT_FROZEN_LINEAR_PORTFOLIO,risk_on,2018-01-11,risk_on,0.014359180751472092,-0.002102661819706808,0.031853702184386434,0.463768115942029,0.08934322795561135,0.6884057971014492,0.6521739130434783,,,{},3653.TW,2018-01-11,2018-01-12
0.04291963077757763,57000,0,0.04492753623188406,0.4492753623188406,1.0,D-1 estimated accounting; fill-day constraints require ledger audit,direct,V4_DIRECT_FROZEN_LINEAR_PORTFOLIO,risk_on,2018-01-11,risk_on,0.014359180751472092,-0.002102661819706808,0.031853702184386434,0.463768115942029,0.08934322795561135,0.6884057971014492,0.6521739130434783,,,{},5274.TWO,2018-01-11,2018-01-12
0.04265046418666687,1178000,0,0.038405797101449285,0.3840579710144928,1.0,D-1 estimated accounting; fill-day constraints require ledger audit,direct,V4_DIRECT_FROZEN_LINEAR_PORTFOLIO,risk_on,2018-01-11,risk_on,0.014359180751472092,-0.002102661819706808,0.031853702184386434,0.463768115942029,0.08934322795561135,0.6884057971014492,0.6521739130434783,,,{},6139.TW,2018-01-11,2018-01-12
0.04252527271051435,492000,0,0.001449275362318836,0.01449275362318836,1.0,D-1 estimated accounting; fill-day constraints require ledger audit,direct,V4_DIRECT_FROZEN_LINEAR_PORTFOLIO,risk_on,2018-01-11,risk_on,0.014359180751472092,-0.002102661819706808,0.031853702184386434,0.463768115942029,0.08934322795561135,0.6884057971014492,0.6521739130434783,,,{},6274.TWO,2018-01-11,2018-01-12
0.03822863830901957,35000,0,0.0,0.0,1.0,D-1 estimated accounting; fill-day constraints require ledger audit,direct,V4_DIRECT_FROZEN_LINEAR_PORTFOLIO,risk_on,2018-01-11,risk_on,0.014359180751472092,-0.002102661819706808,0.031853702184386434,0.463768115942029,0.08934322795561135,0.6884057971014492,0.6521739130434783,,,{},6510.TWO,2018-01-11,2018-01-12
0.04423694407142114,94000,0,0.034782608695652174,0.34782608695652173,1.0,D-1 estimated accounting; fill-day constraints require ledger audit,direct,V4_DIRECT_FROZEN_LINEAR_PORTFOLIO,risk_on,2018-01-11,risk_on,0.014359180751472092,-0.002102661819706808,0.031853702184386434,0.463768115942029,0.08934322795561135,0.6884057971014492,0.6521739130434783,,,{},6548.TWO,2018-01-11,2018-01-12
0.043167333865212446,987000,987000,0.04710144927536232,0.47101449275362317,1.0,D-1 estimated accounting; fill-day constraints require ledger audit,direct,V4_DIRECT_FROZEN_LINEAR_PORTFOLIO,risk_on,2018-01-11,risk_on,0.014359180751472092,-0.002102661819706808,0.031853702184386434,0.463768115942029,0.08934322795561135,0.6884057971014492,0.6521739130434783,,,{},8210.TW,2018-01-11,2018-01-12
0.042144363138630875,1690000,0,0.05,0.5,1.0,D-1 estimated accounting; fill-day constraints require ledger audit,direct,V4_DIRECT_FROZEN_LINEAR_PORTFOLIO,risk_on,2018-01-11,risk_on,0.014359180751472092,-0.002102661819706808,0.031853702184386434,0.463768115942029,0.08934322795561135,0.6884057971014492,0.6521739130434783,,,{},8415.TWO,2018-01-11,2018-01-12
0.041758539476554384,1133000,0,0.02246376811594203,0.2246376811594203,1.0,D-1 estimated accounting; fill-day constraints require ledger audit,direct,V4_DIRECT_FROZEN_LINEAR_PORTFOLIO,risk_on,2018-01-12,risk_on,0.014816655953737327,0.0006631198414948081,0.029998164813060724,0.5072463768115942,0.08393555781557065,0.7101449275362319,0.7101449275362319,,,{},1101.TW,2018-01-12,2018-01-15
0.04161955532783527,418000,0,0.02681159420289855,0.2681159420289855,1.0,D-1 estimated accounting; fill-day constraints require ledger audit,direct,V4_DIRECT_FROZEN_LINEAR_PORTFOLIO,risk_on,2018-01-12,risk_on,0.014816655953737327,0.0006631198414948081,0.029998164813060724,0.5072463768115942,0.08393555781557065,0.7101449275362319,0.7101449275362319,,,{},1301.TW,2018-01-12,2018-01-15
0.042154328315998066,530000,0,0.04057971014492754,0.4057971014492754,1.0,D-1 estimated accounting; fill-day constraints require ledger audit,direct,V4_DIRECT_FROZEN_LINEAR_PORTFOLIO,risk_on,2018-01-12,risk_on,0.014816655953737327,0.0006631198414948081,0.029998164813060724,0.5072463768115942,0.08393555781557065,0.7101449275362319,0.7101449275362319,,,{},1303.TW,2018-01-12,2018-01-15
0.042682634646553926,401000,0,0.019565217391304346,0.19565217391304346,1.0,D-1 estimated accounting; fill-day constraints require ledger audit,direct,V4_DIRECT_FROZEN_LINEAR_PORTFOLIO,risk_on,2018-01-12,risk_on,0.014816655953737327,0.0006631198414948081,0.029998164813060724,0.5072463768115942,0.08393555781557065,0.7101449275362319,0.7101449275362319,,,{},1326.TW,2018-01-12,2018-01-15
0.040654945568131574,1542000,0,0.023188405797101453,0.23188405797101452,1.0,D-1 estimated accounting; fill-day constraints require ledger audit,direct,V4_DIRECT_FROZEN_LINEAR_PORTFOLIO,risk_on,2018-01-12,risk_on,0.014816655953737327,0.0006631198414948081,0.029998164813060724,0.5072463768115942,0.08393555781557065,0.7101449275362319,0.7101449275362319,,,{},1402.TW,2018-01-12,2018-01-15
0.04263670668059546,1982000,0,0.0463768115942029,0.46376811594202894,1.0,D-1 estimated accounting; fill-day constraints require ledger audit,direct,V4_DIRECT_FROZEN_LINEAR_PORTFOLIO,risk_on,2018-01-12,risk_on,0.014816655953737327,0.0006631198414948081,0.029998164813060724,0.5072463768115942,0.08393555781557065,0.7101449275362319,0.7101449275362319,,,{},1519.TW,2018-01-12,2018-01-15
0.046391948641765976,1948000,0,0.011594202898550721,0.1159420289855072,1.0,D-1 estimated accounting; fill-day constraints require ledger audit,direct,V4_DIRECT_FROZEN_LINEAR_PORTFOLIO,risk_on,2018-01-12,risk_on,0.014816655953737327,0.0006631198414948081,0.029998164813060724,0.5072463768115942,0.08393555781557065,0.7101449275362319,0.7101449275362319,,,{},1785.TWO,2018-01-12,2018-01-15
0.04172934153766239,1075000,0,0.001449275362318836,0.01449275362318836,1.0,D-1 estimated accounting; fill-day constraints require ledger audit,direct,V4_DIRECT_FROZEN_LINEAR_PORTFOLIO,risk_on,2018-01-12,risk_on,0.014816655953737327,0.0006631198414948081,0.029998164813060724,0.5072463768115942,0.08393555781557065,0.7101449275362319,0.7101449275362319,,,{},2313.TW,2018-01-12,2018-01-15
0.046219553428744266,538000,0,-0.0014492753623188415,-0.014492753623188415,1.0,D-1 estimated accounting; fill-day constraints require ledger audit,direct,V4_DIRECT_FROZEN_LINEAR_PORTFOLIO,risk_on,2018-01-12,risk_on,0.014816655953737327,0.0006631198414948081,0.029998164813060724,0.5072463768115942,0.08393555781557065,0.7101449275362319,0.7101449275362319,,,{},2377.TW,2018-01-12,2018-01-15
0.0,0,-2374000,-0.04057971014492754,-0.4057971014492754,1.0,D-1 estimated accounting; fill-day constraints require ledger audit,direct,V4_DIRECT_FROZEN_LINEAR_PORTFOLIO,risk_on,2018-01-12,risk_on,0.014816655953737327,0.0006631198414948081,0.029998164813060724,0.5072463768115942,0.08393555781557065,0.7101449275362319,0.7101449275362319,,,{},2603.TW,2018-01-12,2018-01-15
0.043609987640272116,5157000,0,0.04927536231884058,0.49275362318840576,1.0,D-1 estimated accounting; fill-day constraints require ledger audit,direct,V4_DIRECT_FROZEN_LINEAR_PORTFOLIO,risk_on,2018-01-12,risk_on,0.014816655953737327,0.0006631198414948081,0.029998164813060724,0.5072463768115942,0.08393555781557065,0.7101449275362319,0.7101449275362319,,,{},2834.TW,2018-01-12,2018-01-15
0.04260327112137769,552000,0,0.035507246376811595,0.35507246376811596,1.0,D-1 estimated accounting; fill-day constraints require ledger audit,direct,V4_DIRECT_FROZEN_LINEAR_PORTFOLIO,risk_on,2018-01-12,risk_on,0.014816655953737327,0.0006631198414948081,0.029998164813060724,0.5072463768115942,0.08393555781557065,0.7101449275362319,0.7101449275362319,,,{},3324.TWO,2018-01-12,2018-01-15
0.040940311329953516,96000,0,-0.028260869565217395,-0.28260869565217395,1.0,D-1 estimated accounting; fill-day constraints require ledger audit,direct,V4_DIRECT_FROZEN_LINEAR_PORTFOLIO,risk_on,2018-01-12,risk_on,0.014816655953737327,0.0006631198414948081,0.029998164813060724,0.5072463768115942,0.08393555781557065,0.7101449275362319,0.7101449275362319,,,{},3529.TWO,2018-01-12,2018-01-15
0.03708628137587073,203000,0,0.03768115942028986,0.37681159420289856,1.0,D-1 estimated accounting; fill-day constraints require ledger audit,direct,V4_DIRECT_FROZEN_LINEAR_PORTFOLIO,risk_on,2018-01-12,risk_on,0.014816655953737327,0.0006631198414948081,0.029998164813060724,0.5072463768115942,0.08393555781557065,0.7101449275362319,0.7101449275362319,,,{},3533.TW,2018-01-12,2018-01-15
0.04248887986749714,619000,0,-0.028985507246376815,-0.2898550724637681,1.0,D-1 estimated accounting; fill-day constraints require ledger audit,direct,V4_DIRECT_FROZEN_LINEAR_PORTFOLIO,risk_on,2018-01-12,risk_on,0.014816655953737327,0.0006631198414948081,0.029998164813060724,0.5072463768115942,0.08393555781557065,0.7101449275362319,0.7101449275362319,,,{},3653.TW,2018-01-12,2018-01-15
0.0425917585112441,57000,0,0.04420289855072464,0.44202898550724634,1.0,D-1 estimated accounting; fill-day constraints require ledger audit,direct,V4_DIRECT_FROZEN_LINEAR_PORTFOLIO,risk_on,2018-01-12,risk_on,0.014816655953737327,0.0006631198414948081,0.029998164813060724,0.5072463768115942,0.08393555781557065,0.7101449275362319,0.7101449275362319,,,{},5274.TWO,2018-01-12,2018-01-15
0.041915257943862264,1178000,0,-0.02173913043478261,-0.2173913043478261,1.0,D-1 estimated accounting; fill-day constraints require ledger audit,direct,V4_DIRECT_FROZEN_LINEAR_PORTFOLIO,risk_on,2018-01-12,risk_on,0.014816655953737327,0.0006631198414948081,0.029998164813060724,0.5072463768115942,0.08393555781557065,0.7101449275362319,0.7101449275362319,,,{},6139.TW,2018-01-12,2018-01-15
0.04535968392634106,492000,0,0.021014492753623194,0.21014492753623193,1.0,D-1 estimated accounting; fill-day constraints require ledger audit,direct,V4_DIRECT_FROZEN_LINEAR_PORTFOLIO,risk_on,2018-01-12,risk_on,0.014816655953737327,0.0006631198414948081,0.029998164813060724,0.5072463768115942,0.08393555781557065,0.7101449275362319,0.7101449275362319,,,{},6274.TWO,2018-01-12,2018-01-15
0.03808714361003764,35000,0,-0.02246376811594203,-0.2246376811594203,1.0,D-1 estimated accounting; fill-day constraints require ledger audit,direct,V4_DIRECT_FROZEN_LINEAR_PORTFOLIO,risk_on,2018-01-12,risk_on,0.014816655953737327,0.0006631198414948081,0.029998164813060724,0.5072463768115942,0.08393555781557065,0.7101449275362319,0.7101449275362319,,,{},6510.TWO,2018-01-12,2018-01-15
0.04370284786371134,94000,0,-0.02028985507246377,-0.2028985507246377,1.0,D-1 estimated accounting; fill-day constraints require ledger audit,direct,V4_DIRECT_FROZEN_LINEAR_PORTFOLIO,risk_on,2018-01-12,risk_on,0.014816655953737327,0.0006631198414948081,0.029998164813060724,0.5072463768115942,0.08393555781557065,0.7101449275362319,0.7101449275362319,,,{},6548.TWO,2018-01-12,2018-01-15
0.0431701079535083,1593000,1593000,0.04855072463768117,0.48550724637681164,1.0,D-1 estimated accounting; fill-day constraints require ledger audit,direct,V4_DIRECT_FROZEN_LINEAR_PORTFOLIO,risk_on,2018-01-12,risk_on,0.014816655953737327,0.0006631198414948081,0.029998164813060724,0.5072463768115942,0.08393555781557065,0.7101449275362319,0.7101449275362319,,,{},8046.TW,2018-01-12,2018-01-15
0.04315269206881685,987000,0,0.04710144927536232,0.47101449275362317,1.0,D-1 estimated accounting; fill-day constraints require ledger audit,direct,V4_DIRECT_FROZEN_LINEAR_PORTFOLIO,risk_on,2018-01-12,risk_on,0.014816655953737327,0.0006631198414948081,0.029998164813060724,0.5072463768115942,0.08393555781557065,0.7101449275362319,0.7101449275362319,,,{},8210.TW,2018-01-12,2018-01-15
0.04173992334101922,1690000,0,0.05,0.5,1.0,D-1 estimated accounting; fill-day constraints require ledger audit,direct,V4_DIRECT_FROZEN_LINEAR_PORTFOLIO,risk_on,2018-01-12,risk_on,0.014816655953737327,0.0006631198414948081,0.029998164813060724,0.5072463768115942,0.08393555781557065,0.7101449275362319,0.7101449275362319,,,{},8415.TWO,2018-01-12,2018-01-15
0.04219417552073238,1133000,0,0.005797101449275366,0.05797101449275366,1.0,D-1 estimated accounting; fill-day constraints require ledger audit,direct,V4_DIRECT_FROZEN_LINEAR_PORTFOLIO,risk_on,2018-01-15,risk_on,0.01479911049995119,0.002454975162458517,0.041219692325129675,0.5217391304347826,0.08094757766446621,0.7608695652173914,0.7391304347826086,,,{},1101.TW,2018-01-15,2018-01-16
0.04198176864083442,418000,0,0.02028985507246377,0.2028985507246377,1.0,D-1 estimated accounting; fill-day constraints require ledger audit,direct,V4_DIRECT_FROZEN_LINEAR_PORTFOLIO,risk_on,2018-01-15,risk_on,0.01479911049995119,0.002454975162458517,0.041219692325129675,0.5217391304347826,0.08094757766446621,0.7608695652173914,0.7391304347826086,,,{},1301.TW,2018-01-15,2018-01-16
0.04278232055766248,530000,0,0.034057971014492754,0.3405797101449275,1.0,D-1 estimated accounting; fill-day constraints require ledger audit,direct,V4_DIRECT_FROZEN_LINEAR_PORTFOLIO,risk_on,2018-01-15,risk_on,0.01479911049995119,0.002454975162458517,0.041219692325129675,0.5217391304347826,0.08094757766446621,0.7608695652173914,0.7391304347826086,,,{},1303.TW,2018-01-15,2018-01-16
0.04304048379865433,401000,0,0.015942028985507253,0.1594202898550725,1.0,D-1 estimated accounting; fill-day constraints require ledger audit,direct,V4_DIRECT_FROZEN_LINEAR_PORTFOLIO,risk_on,2018-01-15,risk_on,0.01479911049995119,0.002454975162458517,0.041219692325129675,0.5217391304347826,0.08094757766446621,0.7608695652173914,0.7391304347826086,,,{},1326.TW,2018-01-15,2018-01-16
0.04141454711991233,1542000,0,0.029710144927536233,0.2971014492753623,1.0,D-1 estimated accounting; fill-day constraints require ledger audit,direct,V4_DIRECT_FROZEN_LINEAR_PORTFOLIO,risk_on,2018-01-15,risk_on,0.01479911049995119,0.002454975162458517,0.041219692325129675,0.5217391304347826,0.08094757766446621,0.7608695652173914,0.7391304347826086,,,{},1402.TW,2018-01-15,2018-01-16
0.04221202566482382,1982000,0,0.028260869565217395,0.28260869565217395,1.0,D-1 estimated accounting; fill-day constraints require ledger audit,direct,V4_DIRECT_FROZEN_LINEAR_PORTFOLIO,risk_on,2018-01-15,risk_on,0.01479911049995119,0.002454975162458517,0.041219692325129675,0.5217391304347826,0.08094757766446621,0.7608695652173914,0.7391304347826086,,,{},1519.TW,2018-01-15,2018-01-16
0.04618304346380977,1948000,0,-0.027536231884057974,-0.2753623188405797,1.0,D-1 estimated accounting; fill-day constraints require ledger audit,direct,V4_DIRECT_FROZEN_LINEAR_PORTFOLIO,risk_on,2018-01-15,risk_on,0.01479911049995119,0.002454975162458517,0.041219692325129675,0.5217391304347826,0.08094757766446621,0.7608695652173914,0.7391304347826086,,,{},1785.TWO,2018-01-15,2018-01-16
0.04114576230557682,1075000,0,-0.014492753623188404,-0.14492753623188404,1.0,D-1 estimated accounting; fill-day constraints require ledger audit,direct,V4_DIRECT_FROZEN_LINEAR_PORTFOLIO,risk_on,2018-01-15,risk_on,0.01479911049995119,0.002454975162458517,0.041219692325129675,0.5217391304347826,0.08094757766446621,0.7608695652173914,0.7391304347826086,,,{},2313.TW,2018-01-15,2018-01-16
0.04623438106830414,538000,0,-0.01884057971014493,-0.18840579710144928,1.0,D-1 estimated accounting; fill-day constraints require ledger audit,direct,V4_DIRECT_FROZEN_LINEAR_PORTFOLIO,risk_on,2018-01-15,risk_on,0.01479911049995119,0.002454975162458517,0.041219692325129675,0.5217391304347826,0.08094757766446621,0.7608695652173914,0.7391304347826086,,,{},2377.TW,2018-01-15,2018-01-16
0.04433184091707089,5157000,0,0.05,0.5,1.0,D-1 estimated accounting; fill-day constraints require ledger audit,direct,V4_DIRECT_FROZEN_LINEAR_PORTFOLIO,risk_on,2018-01-15,risk_on,0.01479911049995119,0.002454975162458517,0.041219692325129675,0.5217391304347826,0.08094757766446621,0.7608695652173914,0.7391304347826086,,,{},2834.TW,2018-01-15,2018-01-16
0.043196611092016064,364000,364000,0.04927536231884058,0.49275362318840576,1.0,D-1 estimated accounting; fill-day constraints require ledger audit,direct,V4_DIRECT_FROZEN_LINEAR_PORTFOLIO,risk_on,2018-01-15,risk_on,0.01479911049995119,0.002454975162458517,0.041219692325129675,0.5217391304347826,0.08094757766446621,0.7608695652173914,0.7391304347826086,,,{},3034.TW,2018-01-15,2018-01-16
0.042002667569867085,552000,0,0.007246376811594202,0.07246376811594202,1.0,D-1 estimated accounting; fill-day constraints require ledger audit,direct,V4_DIRECT_FROZEN_LINEAR_PORTFOLIO,risk_on,2018-01-15,risk_on,0.01479911049995119,0.002454975162458517,0.041219692325129675,0.5217391304347826,0.08094757766446621,0.7608695652173914,0.7391304347826086,,,{},3324.TWO,2018-01-15,2018-01-16
0.0,0,-96000,-0.045652173913043485,-0.4565217391304348,1.0,D-1 estimated accounting; fill-day constraints require ledger audit,direct,V4_DIRECT_FROZEN_LINEAR_PORTFOLIO,risk_on,2018-01-15,risk_on,0.01479911049995119,0.002454975162458517,0.041219692325129675,0.5217391304347826,0.08094757766446621,0.7608695652173914,0.7391304347826086,,,{},3529.TWO,2018-01-15,2018-01-16
0.03632504322607304,203000,0,0.035507246376811595,0.35507246376811596,1.0,D-1 estimated accounting; fill-day constraints require ledger audit,direct,V4_DIRECT_FROZEN_LINEAR_PORTFOLIO,risk_on,2018-01-15,risk_on,0.01479911049995119,0.002454975162458517,0.041219692325129675,0.5217391304347826,0.08094757766446621,0.7608695652173914,0.7391304347826086,,,{},3533.TW,2018-01-15,2018-01-16
0.04234393478748299,619000,0,-0.044202898550724644,-0.4420289855072464,1.0,D-1 estimated accounting; fill-day constraints require ledger audit,direct,V4_DIRECT_FROZEN_LINEAR_PORTFOLIO,risk_on,2018-01-15,risk_on,0.01479911049995119,0.002454975162458517,0.041219692325129675,0.5217391304347826,0.08094757766446621,0.7608695652173914,0.7391304347826086,,,{},3653.TW,2018-01-15,2018-01-16
0.04173393192948225,57000,0,0.03985507246376812,0.39855072463768115,1.0,D-1 estimated accounting; fill-day constraints require ledger audit,direct,V4_DIRECT_FROZEN_LINEAR_PORTFOLIO,risk_on,2018-01-15,risk_on,0.01479911049995119,0.002454975162458517,0.041219692325129675,0.5217391304347826,0.08094757766446621,0.7608695652173914,0.7391304347826086,,,{},5274.TWO,2018-01-15,2018-01-16
0.04207278962351555,1178000,0,-0.042028985507246375,-0.42028985507246375,1.0,D-1 estimated accounting; fill-day constraints require ledger audit,direct,V4_DIRECT_FROZEN_LINEAR_PORTFOLIO,risk_on,2018-01-15,risk_on,0.01479911049995119,0.002454975162458517,0.041219692325129675,0.5217391304347826,0.08094757766446621,0.7608695652173914,0.7391304347826086,,,{},6139.TW,2018-01-15,2018-01-16
0.045045797506777674,492000,0,0.011594202898550721,0.1159420289855072,1.0,D-1 estimated accounting; fill-day constraints require ledger audit,direct,V4_DIRECT_FROZEN_LINEAR_PORTFOLIO,risk_on,2018-01-15,risk_on,0.01479911049995119,0.002454975162458517,0.041219692325129675,0.5217391304347826,0.08094757766446621,0.7608695652173914,0.7391304347826086,,,{},6274.TWO,2018-01-15,2018-01-16
0.03857942299431519,35000,0,-0.03260869565217391,-0.32608695652173914,1.0,D-1 estimated accounting; fill-day constraints require ledger audit,direct,V4_DIRECT_FROZEN_LINEAR_PORTFOLIO,risk_on,2018-01-15,risk_on,0.01479911049995119,0.002454975162458517,0.041219692325129675,0.5217391304347826,0.08094757766446621,0.7608695652173914,0.7391304347826086,,,{},6510.TWO,2018-01-15,2018-01-16
0.043402404075549565,94000,0,-0.03333333333333334,-0.33333333333333337,1.0,D-1 estimated accounting; fill-day constraints require ledger audit,direct,V4_DIRECT_FROZEN_LINEAR_PORTFOLIO,risk_on,2018-01-15,risk_on,0.01479911049995119,0.002454975162458517,0.041219692325129675,0.5217391304347826,0.08094757766446621,0.7608695652173914,0.7391304347826086,,,{},6548.TWO,2018-01-15,2018-01-16
0.04341071447321197,1593000,0,0.04855072463768117,0.48550724637681164,1.0,D-1 estimated accounting; fill-day constraints require ledger audit,direct,V4_DIRECT_FROZEN_LINEAR_PORTFOLIO,risk_on,2018-01-15,risk_on,0.01479911049995119,0.002454975162458517,0.041219692325129675,0.5217391304347826,0.08094757766446621,0.7608695652173914,0.7391304347826086,,,{},8046.TW,2018-01-15,2018-01-16
0.04297495950939306,987000,0,0.04710144927536232,0.47101449275362317,1.0,D-1 estimated accounting; fill-day constraints require ledger audit,direct,V4_DIRECT_FROZEN_LINEAR_PORTFOLIO,risk_on,2018-01-15,risk_on,0.01479911049995119,0.002454975162458517,0.041219692325129675,0.5217391304347826,0.08094757766446621,0.7608695652173914,0.7391304347826086,,,{},8210.TW,2018-01-15,2018-01-16
0.040982381854491975,1690000,0,0.042028985507246375,0.42028985507246375,1.0,D-1 estimated accounting; fill-day constraints require ledger audit,direct,V4_DIRECT_FROZEN_LINEAR_PORTFOLIO,risk_on,2018-01-15,risk_on,0.01479911049995119,0.002454975162458517,0.041219692325129675,0.5217391304347826,0.08094757766446621,0.7608695652173914,0.7391304347826086,,,{},8415.TWO,2018-01-15,2018-01-16
0.04231830805003901,1133000,0,-0.000724637681159418,-0.00724637681159418,1.0,D-1 estimated accounting; fill-day constraints require ledger audit,direct,V4_DIRECT_FROZEN_LINEAR_PORTFOLIO,risk_on,2018-01-16,risk_on,0.014599002729317377,0.0,0.0437391304347825,0.4855072463768116,0.07861724696950337,0.7971014492753623,0.7608695652173914,,,{},1101.TW,2018-01-16,2018-01-17
0.04182899494243007,418000,0,0.004347826086956519,0.04347826086956519,1.0,D-1 estimated accounting; fill-day constraints require ledger audit,direct,V4_DIRECT_FROZEN_LINEAR_PORTFOLIO,risk_on,2018-01-16,risk_on,0.014599002729317377,0.0,0.0437391304347825,0.4855072463768116,0.07861724696950337,0.7971014492753623,0.7608695652173914,,,{},1301.TW,2018-01-16,2018-01-17
0.042366715114254244,530000,0,0.021014492753623194,0.21014492753623193,1.0,D-1 estimated accounting; fill-day constraints require ledger audit,direct,V4_DIRECT_FROZEN_LINEAR_PORTFOLIO,risk_on,2018-01-16,risk_on,0.014599002729317377,0.0,0.0437391304347825,0.4855072463768116,0.07861724696950337,0.7971014492753623,0.7608695652173914,,,{},1303.TW,2018-01-16,2018-01-17
0.04268714244215676,401000,0,-0.014492753623188404,-0.14492753623188404,1.0,D-1 estimated accounting; fill-day constraints require ledger audit,direct,V4_DIRECT_FROZEN_LINEAR_PORTFOLIO,risk_on,2018-01-16,risk_on,0.014599002729317377,0.0,0.0437391304347825,0.4855072463768116,0.07861724696950337,0.7971014492753623,0.7608695652173914,,,{},1326.TW,2018-01-16,2018-01-17
0.04081038880373079,1542000,0,0.03333333333333334,0.33333333333333337,1.0,D-1 estimated accounting; fill-day constraints require ledger audit,direct,V4_DIRECT_FROZEN_LINEAR_PORTFOLIO,risk_on,2018-01-16,risk_on,0.014599002729317377,0.0,0.0437391304347825,0.4855072463768116,0.07861724696950337,0.7971014492753623,0.7608695652173914,,,{},1402.TW,2018-01-16,2018-01-17
0.04332113779736449,1982000,0,0.04347826086956522,0.4347826086956522,1.0,D-1 estimated accounting; fill-day constraints require ledger audit,direct,V4_DIRECT_FROZEN_LINEAR_PORTFOLIO,risk_on,2018-01-16,risk_on,0.014599002729317377,0.0,0.0437391304347825,0.4855072463768116,0.07861724696950337,0.7971014492753623,0.7608695652173914,,,{},1519.TW,2018-01-16,2018-01-17
0.04601498112194186,1948000,0,-0.034057971014492754,-0.34057971014492755,1.0,D-1 estimated accounting; fill-day constraints require ledger audit,direct,V4_DIRECT_FROZEN_LINEAR_PORTFOLIO,risk_on,2018-01-16,risk_on,0.014599002729317377,0.0,0.0437391304347825,0.4855072463768116,0.07861724696950337,0.7971014492753623,0.7608695652173914,,,{},1785.TWO,2018-01-16,2018-01-17
0.04131219563742767,1075000,0,-0.03260869565217391,-0.32608695652173914,1.0,D-1 estimated accounting; fill-day constraints require ledger audit,direct,V4_DIRECT_FROZEN_LINEAR_PORTFOLIO,risk_on,2018-01-16,risk_on,0.014599002729317377,0.0,0.0437391304347825,0.4855072463768116,0.07861724696950337,0.7971014492753623,0.7608695652173914,,,{},2313.TW,2018-01-16,2018-01-17
0.04743809001586487,538000,0,0.0036231884057971067,0.036231884057971064,1.0,D-1 estimated accounting; fill-day constraints require ledger audit,direct,V4_DIRECT_FROZEN_LINEAR_PORTFOLIO,risk_on,2018-01-16,risk_on,0.014599002729317377,0.0,0.0437391304347825,0.4855072463768116,0.07861724696950337,0.7971014492753623,0.7608695652173914,,,{},2377.TW,2018-01-16,2018-01-17
0.0443726685789308,5157000,0,0.04710144927536232,0.47101449275362317,1.0,D-1 estimated accounting; fill-day constraints require ledger audit,direct,V4_DIRECT_FROZEN_LINEAR_PORTFOLIO,risk_on,2018-01-16,risk_on,0.014599002729317377,0.0,0.0437391304347825,0.4855072463768116,0.07861724696950337,0.7971014492753623,0.7608695652173914,,,{},2834.TW,2018-01-16,2018-01-17
0.045003871218895354,364000,0,0.05,0.5,1.0,D-1 estimated accounting; fill-day constraints require ledger audit,direct,V4_DIRECT_FROZEN_LINEAR_PORTFOLIO,risk_on,2018-01-16,risk_on,0.014599002729317377,0.0,0.0437391304347825,0.4855072463768116,0.07861724696950337,0.7971014492753623,0.7608695652173914,,,{},3034.TW,2018-01-16,2018-01-17
0.04260777053524513,552000,0,-0.009420289855072463,-0.09420289855072461,1.0,D-1 estimated accounting; fill-day constraints require ledger audit,direct,V4_DIRECT_FROZEN_LINEAR_PORTFOLIO,risk_on,2018-01-16,risk_on,0.014599002729317377,0.0,0.0437391304347825,0.4855072463768116,0.07861724696950337,0.7971014492753623,0.7608695652173914,,,{},3324.TWO,2018-01-16,2018-01-17
0.03649196912768682,203000,0,-0.01811594202898551,-0.1811594202898551,1.0,D-1 estimated accounting; fill-day constraints require ledger audit,direct,V4_DIRECT_FROZEN_LINEAR_PORTFOLIO,risk_on,2018-01-16,risk_on,0.014599002729317377,0.0,0.0437391304347825,0.4855072463768116,0.07861724696950337,0.7971014492753623,0.7608695652173914,,,{},3533.TW,2018-01-16,2018-01-17
0.0,0,-619000,-0.0463768115942029,-0.463768115942029,1.0,D-1 estimated accounting; fill-day constraints require ledger audit,direct,V4_DIRECT_FROZEN_LINEAR_PORTFOLIO,risk_on,2018-01-16,risk_on,0.014599002729317377,0.0,0.0437391304347825,0.4855072463768116,0.07861724696950337,0.7971014492753623,0.7608695652173914,,,{},3653.TW,2018-01-16,2018-01-17
0.04389217457208984,57000,0,0.045652173913043485,0.4565217391304348,1.0,D-1 estimated accounting; fill-day constraints require ledger audit,direct,V4_DIRECT_FROZEN_LINEAR_PORTFOLIO,risk_on,2018-01-16,risk_on,0.014599002729317377,0.0,0.0437391304347825,0.4855072463768116,0.07861724696950337,0.7971014492753623,0.7608695652173914,,,{},5274.TWO,2018-01-16,2018-01-17
0.04323662141500488,246000,246000,0.04927536231884058,0.49275362318840576,1.0,D-1 estimated accounting; fill-day constraints require ledger audit,direct,V4_DIRECT_FROZEN_LINEAR_PORTFOLIO,risk_on,2018-01-16,risk_on,0.014599002729317377,0.0,0.0437391304347825,0.4855072463768116,0.07861724696950337,0.7971014492753623,0.7608695652173914,,,{},6121.TWO,2018-01-16,2018-01-17
0.04203516592038325,1178000,0,-0.043478260869565216,-0.43478260869565216,1.0,D-1 estimated accounting; fill-day constraints require ledger audit,direct,V4_DIRECT_FROZEN_LINEAR_PORTFOLIO,risk_on,2018-01-16,risk_on,0.014599002729317377,0.0,0.0437391304347825,0.4855072463768116,0.07861724696950337,0.7971014492753623,0.7608695652173914,,,{},6139.TW,2018-01-16,2018-01-17
0.04435101278704505,492000,0,0.013043478260869568,0.13043478260869568,1.0,D-1 estimated accounting; fill-day constraints require ledger audit,direct,V4_DIRECT_FROZEN_LINEAR_PORTFOLIO,risk_on,2018-01-16,risk_on,0.014599002729317377,0.0,0.0437391304347825,0.4855072463768116,0.07861724696950337,0.7971014492753623,0.7608695652173914,,,{},6274.TWO,2018-01-16,2018-01-17
0.039656556453256143,35000,0,-0.030434782608695657,-0.30434782608695654,1.0,D-1 estimated accounting; fill-day constraints require ledger audit,direct,V4_DIRECT_FROZEN_LINEAR_PORTFOLIO,risk_on,2018-01-16,risk_on,0.014599002729317377,0.0,0.0437391304347825,0.4855072463768116,0.07861724696950337,0.7971014492753623,0.7608695652173914,,,{},6510.TWO,2018-01-16,2018-01-17
0.04287405838343323,94000,0,-0.03840579710144928,-0.38405797101449274,1.0,D-1 estimated accounting; fill-day constraints require ledger audit,direct,V4_DIRECT_FROZEN_LINEAR_PORTFOLIO,risk_on,2018-01-16,risk_on,0.014599002729317377,0.0,0.0437391304347825,0.4855072463768116,0.07861724696950337,0.7971014492753623,0.7608695652173914,,,{},6548.TWO,2018-01-16,2018-01-17
0.04247200537842282,1593000,0,0.0463768115942029,0.46376811594202894,1.0,D-1 estimated accounting; fill-day constraints require ledger audit,direct,V4_DIRECT_FROZEN_LINEAR_PORTFOLIO,risk_on,2018-01-16,risk_on,0.014599002729317377,0.0,0.0437391304347825,0.4855072463768116,0.07861724696950337,0.7971014492753623,0.7608695652173914,,,{},8046.TW,2018-01-16,2018-01-17
0.04281857154110148,987000,0,0.0050724637681159425,0.050724637681159424,1.0,D-1 estimated accounting; fill-day constraints require ledger audit,direct,V4_DIRECT_FROZEN_LINEAR_PORTFOLIO,risk_on,2018-01-16,risk_on,0.014599002729317377,0.0,0.0437391304347825,0.4855072463768116,0.07861724696950337,0.7971014492753623,0.7608695652173914,,,{},8210.TW,2018-01-16,2018-01-17
0.040750418918508675,1690000,0,-0.006521739130434784,-0.06521739130434784,1.0,D-1 estimated accounting; fill-day constraints require ledger audit,direct,V4_DIRECT_FROZEN_LINEAR_PORTFOLIO,risk_on,2018-01-16,risk_on,0.014599002729317377,0.0,0.0437391304347825,0.4855072463768116,0.07861724696950337,0.7971014492753623,0.7608695652173914,,,{},8415.TWO,2018-01-16,2018-01-17
0.04263116503624831,1133000,0,0.0,0.0,1.0,D-1 estimated accounting; fill-day constraints require ledger audit,direct,V4_DIRECT_FROZEN_LINEAR_PORTFOLIO,risk_on,2018-01-17,risk_on,0.01517401596354572,0.013699754890774907,0.045324036095160225,0.7318840579710145,0.08011803100716917,0.7608695652173914,0.7753623188405797,,,{},1101.TW,2018-01-17,2018-01-18
0.041700434624449764,418000,0,-0.012318840579710146,-0.12318840579710144,1.0,D-1 estimated accounting; fill-day constraints require ledger audit,direct,V4_DIRECT_FROZEN_LINEAR_PORTFOLIO,risk_on,2018-01-17,risk_on,0.01517401596354572,0.013699754890774907,0.045324036095160225,0.7318840579710145,0.08011803100716917,0.7608695652173914,0.7753623188405797,,,{},1301.TW,2018-01-17,2018-01-18
0.04223650212744053,530000,0,-0.0050724637681159425,-0.050724637681159424,1.0,D-1 estimated accounting; fill-day constraints require ledger audit,direct,V4_DIRECT_FROZEN_LINEAR_PORTFOLIO,risk_on,2018-01-17,risk_on,0.01517401596354572,0.013699754890774907,0.045324036095160225,0.7318840579710145,0.08011803100716917,0.7608695652173914,0.7753623188405797,,,{},1303.TW,2018-01-17,2018-01-18
0.042359834286442966,401000,0,-0.02173913043478261,-0.2173913043478261,1.0,D-1 estimated accounting; fill-day constraints require ledger audit,direct,V4_DIRECT_FROZEN_LINEAR_PORTFOLIO,risk_on,2018-01-17,risk_on,0.01517401596354572,0.013699754890774907,0.045324036095160225,0.7318840579710145,0.08011803100716917,0.7608695652173914,0.7753623188405797,,,{},1326.TW,2018-01-17,2018-01-18
0.04053427411110994,1542000,0,0.018840579710144925,0.18840579710144922,1.0,D-1 estimated accounting; fill-day constraints require ledger audit,direct,V4_DIRECT_FROZEN_LINEAR_PORTFOLIO,risk_on,2018-01-17,risk_on,0.01517401596354572,0.013699754890774907,0.045324036095160225,0.7318840579710145,0.08011803100716917,0.7608695652173914,0.7753623188405797,,,{},1402.TW,2018-01-17,2018-01-18
0.04347849360190957,1982000,0,0.035507246376811595,0.35507246376811596,1.0,D-1 estimated accounting; fill-day constraints require ledger audit,direct,V4_DIRECT_FROZEN_LINEAR_PORTFOLIO,risk_on,2018-01-17,risk_on,0.01517401596354572,0.013699754890774907,0.045324036095160225,0.7318840579710145,0.08011803100716917,0.7608695652173914,0.7753623188405797,,,{},1519.TW,2018-01-17,2018-01-18
0.044921821773173866,1948000,0,-0.03840579710144928,-0.38405797101449274,1.0,D-1 estimated accounting; fill-day constraints require ledger audit,direct,V4_DIRECT_FROZEN_LINEAR_PORTFOLIO,risk_on,2018-01-17,risk_on,0.01517401596354572,0.013699754890774907,0.045324036095160225,0.7318840579710145,0.08011803100716917,0.7608695652173914,0.7753623188405797,,,{},1785.TWO,2018-01-17,2018-01-18
0.0406599019578245,1075000,0,-0.03695652173913044,-0.3695652173913043,1.0,D-1 estimated accounting; fill-day constraints require ledger audit,direct,V4_DIRECT_FROZEN_LINEAR_PORTFOLIO,risk_on,2018-01-17,risk_on,0.01517401596354572,0.013699754890774907,0.045324036095160225,0.7318840579710145,0.08011803100716917,0.7608695652173914,0.7753623188405797,,,{},2313.TW,2018-01-17,2018-01-18
0.04855482084423993,538000,0,0.015942028985507253,0.1594202898550725,1.0,D-1 estimated accounting; fill-day constraints require ledger audit,direct,V4_DIRECT_FROZEN_LINEAR_PORTFOLIO,risk_on,2018-01-17,risk_on,0.01517401596354572,0.013699754890774907,0.045324036095160225,0.7318840579710145,0.08011803100716917,0.7608695652173914,0.7753623188405797,,,{},2377.TW,2018-01-17,2018-01-18
0.04443782242127086,5157000,0,0.0427536231884058,0.427536231884058,1.0,D-1 estimated accounting; fill-day constraints require ledger audit,direct,V4_DIRECT_FROZEN_LINEAR_PORTFOLIO,risk_on,2018-01-17,risk_on,0.01517401596354572,0.013699754890774907,0.045324036095160225,0.7318840579710145,0.08011803100716917,0.7608695652173914,0.7753623188405797,,,{},2834.TW,2018-01-17,2018-01-18
0.04504359091075527,364000,0,0.04782608695652174,0.4782608695652174,1.0,D-1 estimated accounting; fill-day constraints require ledger audit,direct,V4_DIRECT_FROZEN_LINEAR_PORTFOLIO,risk_on,2018-01-17,risk_on,0.01517401596354572,0.013699754890774907,0.045324036095160225,0.7318840579710145,0.08011803100716917,0.7608695652173914,0.7753623188405797,,,{},3034.TW,2018-01-17,2018-01-18
0.04318603764071074,911000,911000,0.05,0.5,1.0,D-1 estimated accounting; fill-day constraints require ledger audit,direct,V4_DIRECT_FROZEN_LINEAR_PORTFOLIO,risk_on,2018-01-17,risk_on,0.01517401596354572,0.013699754890774907,0.045324036095160225,0.7318840579710145,0.08011803100716917,0.7608695652173914,0.7753623188405797,,,{},3211.TWO,2018-01-17,2018-01-18
0.042854628255034895,552000,0,-0.015217391304347828,-0.15217391304347827,1.0,D-1 estimated accounting; fill-day constraints require ledger audit,direct,V4_DIRECT_FROZEN_LINEAR_PORTFOLIO,risk_on,2018-01-17,risk_on,0.01517401596354572,0.013699754890774907,0.045324036095160225,0.7318840579710145,0.08011803100716917,0.7608695652173914,0.7753623188405797,,,{},3324.TWO,2018-01-17,2018-01-18
0.03727439755989321,203000,0,-0.025362318840579712,-0.2536231884057971,1.0,D-1 estimated accounting; fill-day constraints require ledger audit,direct,V4_DIRECT_FROZEN_LINEAR_PORTFOLIO,risk_on,2018-01-17,risk_on,0.01517401596354572,0.013699754890774907,0.045324036095160225,0.7318840579710145,0.08011803100716917,0.7608695652173914,0.7753623188405797,,,{},3533.TW,2018-01-17,2018-01-18
0.046397313994617606,57000,0,0.04710144927536232,0.47101449275362317,1.0,D-1 estimated accounting; fill-day constraints require ledger audit,direct,V4_DIRECT_FROZEN_LINEAR_PORTFOLIO,risk_on,2018-01-17,risk_on,0.01517401596354572,0.013699754890774907,0.045324036095160225,0.7318840579710145,0.08011803100716917,0.7608695652173914,0.7753623188405797,,,{},5274.TWO,2018-01-17,2018-01-18
0.04478935570774234,246000,0,0.04927536231884058,0.49275362318840576,1.0,D-1 estimated accounting; fill-day constraints require ledger audit,direct,V4_DIRECT_FROZEN_LINEAR_PORTFOLIO,risk_on,2018-01-17,risk_on,0.01517401596354572,0.013699754890774907,0.045324036095160225,0.7318840579710145,0.08011803100716917,0.7608695652173914,0.7753623188405797,,,{},6121.TWO,2018-01-17,2018-01-18
0.04144546675514573,1178000,0,-0.04492753623188406,-0.4492753623188406,1.0,D-1 estimated accounting; fill-day constraints require ledger audit,direct,V4_DIRECT_FROZEN_LINEAR_PORTFOLIO,risk_on,2018-01-17,risk_on,0.01517401596354572,0.013699754890774907,0.045324036095160225,0.7318840579710145,0.08011803100716917,0.7608695652173914,0.7753623188405797,,,{},6139.TW,2018-01-17,2018-01-18
0.04474393039769392,492000,0,-0.0014492753623188415,-0.014492753623188415,1.0,D-1 estimated accounting; fill-day constraints require ledger audit,direct,V4_DIRECT_FROZEN_LINEAR_PORTFOLIO,risk_on,2018-01-17,risk_on,0.01517401596354572,0.013699754890774907,0.045324036095160225,0.7318840579710145,0.08011803100716917,0.7608695652173914,0.7753623188405797,,,{},6274.TWO,2018-01-17,2018-01-18
0.038841082312369636,35000,0,-0.03260869565217391,-0.32608695652173914,1.0,D-1 estimated accounting; fill-day constraints require ledger audit,direct,V4_DIRECT_FROZEN_LINEAR_PORTFOLIO,risk_on,2018-01-17,risk_on,0.01517401596354572,0.013699754890774907,0.045324036095160225,0.7318840579710145,0.08011803100716917,0.7608695652173914,0.7753623188405797,,,{},6510.TWO,2018-01-17,2018-01-18
0.0,0,-94000,-0.045652173913043485,-0.4565217391304348,1.0,D-1 estimated accounting; fill-day constraints require ledger audit,direct,V4_DIRECT_FROZEN_LINEAR_PORTFOLIO,risk_on,2018-01-17,risk_on,0.01517401596354572,0.013699754890774907,0.045324036095160225,0.7318840579710145,0.08011803100716917,0.7608695652173914,0.7753623188405797,,,{},6548.TWO,2018-01-17,2018-01-18
0.04210796803777127,1593000,0,0.04420289855072464,0.44202898550724634,1.0,D-1 estimated accounting; fill-day constraints require ledger audit,direct,V4_DIRECT_FROZEN_LINEAR_PORTFOLIO,risk_on,2018-01-17,risk_on,0.01517401596354572,0.013699754890774907,0.045324036095160225,0.7318840579710145,0.08011803100716917,0.7608695652173914,0.7753623188405797,,,{},8046.TW,2018-01-17,2018-01-18
0.04273520364958502,987000,0,-0.01666666666666667,-0.16666666666666669,1.0,D-1 estimated accounting; fill-day constraints require ledger audit,direct,V4_DIRECT_FROZEN_LINEAR_PORTFOLIO,risk_on,2018-01-17,risk_on,0.01517401596354572,0.013699754890774907,0.045324036095160225,0.7318840579710145,0.08011803100716917,0.7608695652173914,0.7753623188405797,,,{},8210.TW,2018-01-17,2018-01-18
0.04012974462958197,1690000,0,-0.014492753623188404,-0.14492753623188404,1.0,D-1 estimated accounting; fill-day constraints require ledger audit,direct,V4_DIRECT_FROZEN_LINEAR_PORTFOLIO,risk_on,2018-01-17,risk_on,0.01517401596354572,0.013699754890774907,0.045324036095160225,0.7318840579710145,0.08011803100716917,0.7608695652173914,0.7753623188405797,,,{},8415.TWO,2018-01-17,2018-01-18
0.04214956680024043,1133000,0,-0.02681159420289855,-0.2681159420289855,1.0,D-1 estimated accounting; fill-day constraints require ledger audit,direct,V4_DIRECT_FROZEN_LINEAR_PORTFOLIO,risk_on,2018-01-18,risk_on,0.014535170562396438,0.014249209768769533,0.044889767102890055,0.7536231884057971,0.07787177957651528,0.7536231884057971,0.7681159420289855,,,{},1101.TW,2018-01-18,2018-01-19
0.04173180906799384,418000,0,-0.021014492753623187,-0.21014492753623187,1.0,D-1 estimated accounting; fill-day constraints require ledger audit,direct,V4_DIRECT_FROZEN_LINEAR_PORTFOLIO,risk_on,2018-01-18,risk_on,0.014535170562396438,0.014249209768769533,0.044889767102890055,0.7536231884057971,0.07787177957651528,0.7536231884057971,0.7681159420289855,,,{},1301.TW,2018-01-18,2018-01-19
0.04232014281590582,530000,0,-0.015217391304347828,-0.15217391304347827,1.0,D-1 estimated accounting; fill-day constraints require ledger audit,direct,V4_DIRECT_FROZEN_LINEAR_PORTFOLIO,risk_on,2018-01-18,risk_on,0.014535170562396438,0.014249209768769533,0.044889767102890055,0.7536231884057971,0.07787177957651528,0.7536231884057971,0.7681159420289855,,,{},1303.TW,2018-01-18,2018-01-19
0.04299498034022867,401000,0,-0.027536231884057974,-0.2753623188405797,1.0,D-1 estimated accounting; fill-day constraints require ledger audit,direct,V4_DIRECT_FROZEN_LINEAR_PORTFOLIO,risk_on,2018-01-18,risk_on,0.014535170562396438,0.014249209768769533,0.044889767102890055,0.7536231884057971,0.07787177957651528,0.7536231884057971,0.7681159420289855,,,{},1326.TW,2018-01-18,2018-01-19
0.04091613887645352,1542000,0,0.013043478260869568,0.13043478260869568,1.0,D-1 estimated accounting; fill-day constraints require ledger audit,direct,V4_DIRECT_FROZEN_LINEAR_PORTFOLIO,risk_on,2018-01-18,risk_on,0.014535170562396438,0.014249209768769533,0.044889767102890055,0.7536231884057971,0.07787177957651528,0.7536231884057971,0.7681159420289855,,,{},1402.TW,2018-01-18,2018-01-19
0.04284908811084747,1982000,0,0.016666666666666663,0.16666666666666663,1.0,D-1 estimated accounting; fill-day constraints require ledger audit,direct,V4_DIRECT_FROZEN_LINEAR_PORTFOLIO,risk_on,2018-01-18,risk_on,0.014535170562396438,0.014249209768769533,0.044889767102890055,0.7536231884057971,0.07787177957651528,0.7536231884057971,0.7681159420289855,,,{},1519.TW,2018-01-18,2018-01-19
0.04441136301429513,1948000,0,-0.043478260869565216,-0.43478260869565216,1.0,D-1 estimated accounting; fill-day constraints require ledger audit,direct,V4_DIRECT_FROZEN_LINEAR_PORTFOLIO,risk_on,2018-01-18,risk_on,0.014535170562396438,0.014249209768769533,0.044889767102890055,0.7536231884057971,0.07787177957651528,0.7536231884057971,0.7681159420289855,,,{},1785.TWO,2018-01-18,2018-01-19
0.04046829394201973,1075000,0,-0.03840579710144928,-0.38405797101449274,1.0,D-1 estimated accounting; fill-day constraints require ledger audit,direct,V4_DIRECT_FROZEN_LINEAR_PORTFOLIO,risk_on,2018-01-18,risk_on,0.014535170562396438,0.014249209768769533,0.044889767102890055,0.7536231884057971,0.07787177957651528,0.7536231884057971,0.7681159420289855,,,{},2313.TW,2018-01-18,2018-01-19
0.04756101414415806,538000,0,0.009420289855072463,0.09420289855072461,1.0,D-1 estimated accounting; fill-day constraints require ledger audit,direct,V4_DIRECT_FROZEN_LINEAR_PORTFOLIO,risk_on,2018-01-18,risk_on,0.014535170562396438,0.014249209768769533,0.044889767102890055,0.7536231884057971,0.07787177957651528,0.7536231884057971,0.7681159420289855,,,{},2377.TW,2018-01-18,2018-01-19
0.04443698011787165,5157000,0,0.04057971014492754,0.4057971014492754,1.0,D-1 estimated accounting; fill-day constraints require ledger audit,direct,V4_DIRECT_FROZEN_LINEAR_PORTFOLIO,risk_on,2018-01-18,risk_on,0.014535170562396438,0.014249209768769533,0.044889767102890055,0.7536231884057971,0.07787177957651528,0.7536231884057971,0.7681159420289855,,,{},2834.TW,2018-01-18,2018-01-19
0.045836685885582935,364000,0,0.05,0.5,1.0,D-1 estimated accounting; fill-day constraints require ledger audit,direct,V4_DIRECT_FROZEN_LINEAR_PORTFOLIO,risk_on,2018-01-18,risk_on,0.014535170562396438,0.014249209768769533,0.044889767102890055,0.7536231884057971,0.07787177957651528,0.7536231884057971,0.7681159420289855,,,{},3034.TW,2018-01-18,2018-01-19
0.04298368228879511,911000,0,0.04782608695652174,0.4782608695652174,1.0,D-1 estimated accounting; fill-day constraints require ledger audit,direct,V4_DIRECT_FROZEN_LINEAR_PORTFOLIO,risk_on,2018-01-18,risk_on,0.014535170562396438,0.014249209768769533,0.044889767102890055,0.7536231884057971,0.07787177957651528,0.7536231884057971,0.7681159420289855,,,{},3211.TWO,2018-01-18,2018-01-19
0.043803773456983344,552000,0,0.01086956521739131,0.10869565217391308,1.0,D-1 estimated accounting; fill-day constraints require ledger audit,direct,V4_DIRECT_FROZEN_LINEAR_PORTFOLIO,risk_on,2018-01-18,risk_on,0.014535170562396438,0.014249209768769533,0.044889767102890055,0.7536231884057971,0.07787177957651528,0.7536231884057971,0.7681159420289855,,,{},3324.TWO,2018-01-18,2018-01-19
0.03738623463290715,203000,0,-0.034782608695652174,-0.34782608695652173,1.0,D-1 estimated accounting; fill-day constraints require ledger audit,direct,V4_DIRECT_FROZEN_LINEAR_PORTFOLIO,risk_on,2018-01-18,risk_on,0.014535170562396438,0.014249209768769533,0.044889767102890055,0.7536231884057971,0.07787177957651528,0.7536231884057971,0.7681159420289855,,,{},3533.TW,2018-01-18,2018-01-19
0.04445783239106099,57000,0,0.04710144927536232,0.47101449275362317,1.0,D-1 estimated accounting; fill-day constraints require ledger audit,direct,V4_DIRECT_FROZEN_LINEAR_PORTFOLIO,risk_on,2018-01-18,risk_on,0.014535170562396438,0.014249209768769533,0.044889767102890055,0.7536231884057971,0.07787177957651528,0.7536231884057971,0.7681159420289855,,,{},5274.TWO,2018-01-18,2018-01-19
0.04577037123586421,246000,0,0.04927536231884058,0.49275362318840576,1.0,D-1 estimated accounting; fill-day constraints require ledger audit,direct,V4_DIRECT_FROZEN_LINEAR_PORTFOLIO,risk_on,2018-01-18,risk_on,0.014535170562396438,0.014249209768769533,0.044889767102890055,0.7536231884057971,0.07787177957651528,0.7536231884057971,0.7681159420289855,,,{},6121.TWO,2018-01-18,2018-01-19
0.0,0,-1178000,-0.04710144927536232,-0.47101449275362317,1.0,D-1 estimated accounting; fill-day constraints require ledger audit,direct,V4_DIRECT_FROZEN_LINEAR_PORTFOLIO,risk_on,2018-01-18,risk_on,0.014535170562396438,0.014249209768769533,0.044889767102890055,0.7536231884057971,0.07787177957651528,0.7536231884057971,0.7681159420289855,,,{},6139.TW,2018-01-18,2018-01-19
0.04427239698166233,492000,0,-0.011594202898550727,-0.11594202898550726,1.0,D-1 estimated accounting; fill-day constraints require ledger audit,direct,V4_DIRECT_FROZEN_LINEAR_PORTFOLIO,risk_on,2018-01-18,risk_on,0.014535170562396438,0.014249209768769533,0.044889767102890055,0.7536231884057971,0.07787177957651528,0.7536231884057971,0.7681159420289855,,,{},6274.TWO,2018-01-18,2018-01-19
0.03993369962136129,35000,0,-0.025362318840579712,-0.2536231884057971,1.0,D-1 estimated accounting; fill-day constraints require ledger audit,direct,V4_DIRECT_FROZEN_LINEAR_PORTFOLIO,risk_on,2018-01-18,risk_on,0.014535170562396438,0.014249209768769533,0.044889767102890055,0.7536231884057971,0.07787177957651528,0.7536231884057971,0.7681159420289855,,,{},6510.TWO,2018-01-18,2018-01-19
0.041799302644818674,1593000,0,0.042028985507246375,0.42028985507246375,1.0,D-1 estimated accounting; fill-day constraints require ledger audit,direct,V4_DIRECT_FROZEN_LINEAR_PORTFOLIO,risk_on,2018-01-18,risk_on,0.014535170562396438,0.014249209768769533,0.044889767102890055,0.7536231884057971,0.07787177957651528,0.7536231884057971,0.7681159420289855,,,{},8046.TW,2018-01-18,2018-01-19
0.043414604707059934,987000,0,-0.01884057971014493,-0.18840579710144928,1.0,D-1 estimated accounting; fill-day constraints require ledger audit,direct,V4_DIRECT_FROZEN_LINEAR_PORTFOLIO,risk_on,2018-01-18,risk_on,0.014535170562396438,0.014249209768769533,0.044889767102890055,0.7536231884057971,0.07787177957651528,0.7536231884057971,0.7681159420289855,,,{},8210.TW,2018-01-18,2018-01-19
0.039776484779565156,1690000,0,-0.0391304347826087,-0.391304347826087,1.0,D-1 estimated accounting; fill-day constraints require ledger audit,direct,V4_DIRECT_FROZEN_LINEAR_PORTFOLIO,risk_on,2018-01-18,risk_on,0.014535170562396438,0.014249209768769533,0.044889767102890055,0.7536231884057971,0.07787177957651528,0.7536231884057971,0.7681159420289855,,,{},8415.TWO,2018-01-18,2018-01-19
0.043179811549485435,5366000,5366000,0.04855072463768117,0.48550724637681164,1.0,D-1 estimated accounting; fill-day constraints require ledger audit,direct,V4_DIRECT_FROZEN_LINEAR_PORTFOLIO,risk_on,2018-01-18,risk_on,0.014535170562396438,0.014249209768769533,0.044889767102890055,0.7536231884057971,0.07787177957651528,0.7536231884057971,0.7681159420289855,,,{},8932.TWO,2018-01-18,2018-01-19
0.04236400966814269,1133000,0,-0.03768115942028986,-0.37681159420289856,1.0,D-1 estimated accounting; fill-day constraints require ledger audit,direct,V4_DIRECT_FROZEN_LINEAR_PORTFOLIO,risk_on,2018-01-19,risk_on,0.015015216125090153,0.010572772123658924,0.04755255963557303,0.6521739130434783,0.07423176065712979,0.7681159420289855,0.7753623188405797,,,{},1101.TW,2018-01-19,2018-01-22
0.04147609381442424,418000,0,-0.02173913043478261,-0.2173913043478261,1.0,D-1 estimated accounting; fill-day constraints require ledger audit,direct,V4_DIRECT_FROZEN_LINEAR_PORTFOLIO,risk_on,2018-01-19,risk_on,0.015015216125090153,0.010572772123658924,0.04755255963557303,0.6521739130434783,0.07423176065712979,0.7681159420289855,0.7753623188405797,,,{},1301.TW,2018-01-19,2018-01-22
0.04242702368752585,530000,0,-0.02246376811594203,-0.2246376811594203,1.0,D-1 estimated accounting; fill-day constraints require ledger audit,direct,V4_DIRECT_FROZEN_LINEAR_PORTFOLIO,risk_on,2018-01-19,risk_on,0.015015216125090153,0.010572772123658924,0.04755255963557303,0.6521739130434783,0.07423176065712979,0.7681159420289855,0.7753623188405797,,,{},1303.TW,2018-01-19,2018-01-22
0.0425628144616896,401000,0,-0.03188405797101449,-0.3188405797101449,1.0,D-1 estimated accounting; fill-day constraints require ledger audit,direct,V4_DIRECT_FROZEN_LINEAR_PORTFOLIO,risk_on,2018-01-19,risk_on,0.015015216125090153,0.010572772123658924,0.04755255963557303,0.6521739130434783,0.07423176065712979,0.7681159420289855,0.7753623188405797,,,{},1326.TW,2018-01-19,2018-01-22
0.04091794146746218,1542000,0,0.012318840579710146,0.12318840579710144,1.0,D-1 estimated accounting; fill-day constraints require ledger audit,direct,V4_DIRECT_FROZEN_LINEAR_PORTFOLIO,risk_on,2018-01-19,risk_on,0.015015216125090153,0.010572772123658924,0.04755255963557303,0.6521739130434783,0.07423176065712979,0.7681159420289855,0.7753623188405797,,,{},1402.TW,2018-01-19,2018-01-22
0.04222826820072338,1982000,0,0.009420289855072463,0.09420289855072461,1.0,D-1 estimated accounting; fill-day constraints require ledger audit,direct,V4_DIRECT_FROZEN_LINEAR_PORTFOLIO,risk_on,2018-01-19,risk_on,0.015015216125090153,0.010572772123658924,0.04755255963557303,0.6521739130434783,0.07423176065712979,0.7681159420289855,0.7753623188405797,,,{},1519.TW,2018-01-19,2018-01-22
0.04467449905882014,1948000,0,-0.044202898550724644,-0.4420289855072464,1.0,D-1 estimated accounting; fill-day constraints require ledger audit,direct,V4_DIRECT_FROZEN_LINEAR_PORTFOLIO,risk_on,2018-01-19,risk_on,0.015015216125090153,0.010572772123658924,0.04755255963557303,0.6521739130434783,0.07423176065712979,0.7681159420289855,0.7753623188405797,,,{},1785.TWO,2018-01-19,2018-01-22
0.04109778781777526,1075000,0,-0.03840579710144928,-0.38405797101449274,1.0,D-1 estimated accounting; fill-day constraints require ledger audit,direct,V4_DIRECT_FROZEN_LINEAR_PORTFOLIO,risk_on,2018-01-19,risk_on,0.015015216125090153,0.010572772123658924,0.04755255963557303,0.6521739130434783,0.07423176065712979,0.7681159420289855,0.7753623188405797,,,{},2313.TW,2018-01-19,2018-01-22
0.04779302737723737,538000,0,0.0036231884057971067,0.036231884057971064,1.0,D-1 estimated accounting; fill-day constraints require ledger audit,direct,V4_DIRECT_FROZEN_LINEAR_PORTFOLIO,risk_on,2018-01-19,risk_on,0.015015216125090153,0.010572772123658924,0.04755255963557303,0.6521739130434783,0.07423176065712979,0.7681159420289855,0.7753623188405797,,,{},2377.TW,2018-01-19,2018-01-22
0.044960157682682744,5157000,0,0.038405797101449285,0.3840579710144928,1.0,D-1 estimated accounting; fill-day constraints require ledger audit,direct,V4_DIRECT_FROZEN_LINEAR_PORTFOLIO,risk_on,2018-01-19,risk_on,0.015015216125090153,0.010572772123658924,0.04755255963557303,0.6521739130434783,0.07423176065712979,0.7681159420289855,0.7753623188405797,,,{},2834.TW,2018-01-19,2018-01-22
0.04439160161264569,364000,0,0.04927536231884058,0.49275362318840576,1.0,D-1 estimated accounting; fill-day constraints require ledger audit,direct,V4_DIRECT_FROZEN_LINEAR_PORTFOLIO,risk_on,2018-01-19,risk_on,0.015015216125090153,0.010572772123658924,0.04755255963557303,0.6521739130434783,0.07423176065712979,0.7681159420289855,0.7753623188405797,,,{},3034.TW,2018-01-19,2018-01-22
0.04260605647655583,911000,0,0.04782608695652174,0.4782608695652174,1.0,D-1 estimated accounting; fill-day constraints require ledger audit,direct,V4_DIRECT_FROZEN_LINEAR_PORTFOLIO,risk_on,2018-01-19,risk_on,0.015015216125090153,0.010572772123658924,0.04755255963557303,0.6521739130434783,0.07423176065712979,0.7681159420289855,0.7753623188405797,,,{},3211.TWO,2018-01-19,2018-01-22
0.04375061393503907,552000,0,0.005797101449275366,0.05797101449275366,1.0,D-1 estimated accounting; fill-day constraints require ledger audit,direct,V4_DIRECT_FROZEN_LINEAR_PORTFOLIO,risk_on,2018-01-19,risk_on,0.015015216125090153,0.010572772123658924,0.04755255963557303,0.6521739130434783,0.07423176065712979,0.7681159420289855,0.7753623188405797,,,{},3324.TWO,2018-01-19,2018-01-22
0.03792822701887166,203000,0,-0.04130434782608696,-0.41304347826086957,1.0,D-1 estimated accounting; fill-day constraints require ledger audit,direct,V4_DIRECT_FROZEN_LINEAR_PORTFOLIO,risk_on,2018-01-19,risk_on,0.015015216125090153,0.010572772123658924,0.04755255963557303,0.6521739130434783,0.07423176065712979,0.7681159420289855,0.7753623188405797,,,{},3533.TW,2018-01-19,2018-01-22
0.04316549079887311,868000,868000,0.0463768115942029,0.46376811594202894,1.0,D-1 estimated accounting; fill-day constraints require ledger audit,direct,V4_DIRECT_FROZEN_LINEAR_PORTFOLIO,risk_on,2018-01-19,risk_on,0.015015216125090153,0.010572772123658924,0.04755255963557303,0.6521739130434783,0.07423176065712979,0.7681159420289855,0.7753623188405797,,,{},4123.TWO,2018-01-19,2018-01-22
0.04343431116951243,57000,0,0.04855072463768117,0.48550724637681164,1.0,D-1 estimated accounting; fill-day constraints require ledger audit,direct,V4_DIRECT_FROZEN_LINEAR_PORTFOLIO,risk_on,2018-01-19,risk_on,0.015015216125090153,0.010572772123658924,0.04755255963557303,0.6521739130434783,0.07423176065712979,0.7681159420289855,0.7753623188405797,,,{},5274.TWO,2018-01-19,2018-01-22
0.046793333133893215,246000,0,0.05,0.5,1.0,D-1 estimated accounting; fill-day constraints require ledger audit,direct,V4_DIRECT_FROZEN_LINEAR_PORTFOLIO,risk_on,2018-01-19,risk_on,0.015015216125090153,0.010572772123658924,0.04755255963557303,0.6521739130434783,0.07423176065712979,0.7681159420289855,0.7753623188405797,,,{},6121.TWO,2018-01-19,2018-01-22
0.043710428938327585,492000,0,-0.02391304347826087,-0.2391304347826087,1.0,D-1 estimated accounting; fill-day constraints require ledger audit,direct,V4_DIRECT_FROZEN_LINEAR_PORTFOLIO,risk_on,2018-01-19,risk_on,0.015015216125090153,0.010572772123658924,0.04755255963557303,0.6521739130434783,0.07423176065712979,0.7681159420289855,0.7753623188405797,,,{},6274.TWO,2018-01-19,2018-01-22
0.03955880105721401,35000,0,-0.02028985507246377,-0.2028985507246377,1.0,D-1 estimated accounting; fill-day constraints require ledger audit,direct,V4_DIRECT_FROZEN_LINEAR_PORTFOLIO,risk_on,2018-01-19,risk_on,0.015015216125090153,0.010572772123658924,0.04755255963557303,0.6521739130434783,0.07423176065712979,0.7681159420289855,0.7753623188405797,,,{},6510.TWO,2018-01-19,2018-01-22
0.041485116948655164,1593000,0,0.02681159420289855,0.2681159420289855,1.0,D-1 estimated accounting; fill-day constraints require ledger audit,direct,V4_DIRECT_FROZEN_LINEAR_PORTFOLIO,risk_on,2018-01-19,risk_on,0.015015216125090153,0.010572772123658924,0.04755255963557303,0.6521739130434783,0.07423176065712979,0.7681159420289855,0.7753623188405797,,,{},8046.TW,2018-01-19,2018-01-22
0.044210892394305056,987000,0,-0.019565217391304346,-0.19565217391304346,1.0,D-1 estimated accounting; fill-day constraints require ledger audit,direct,V4_DIRECT_FROZEN_LINEAR_PORTFOLIO,risk_on,2018-01-19,risk_on,0.015015216125090153,0.010572772123658924,0.04755255963557303,0.6521739130434783,0.07423176065712979,0.7681159420289855,0.7753623188405797,,,{},8210.TW,2018-01-19,2018-01-22
0.0,0,-1690000,-0.0463768115942029,-0.463768115942029,1.0,D-1 estimated accounting; fill-day constraints require ledger audit,direct,V4_DIRECT_FROZEN_LINEAR_PORTFOLIO,risk_on,2018-01-19,risk_on,0.015015216125090153,0.010572772123658924,0.04755255963557303,0.6521739130434783,0.07423176065712979,0.7681159420289855,0.7753623188405797,,,{},8415.TWO,2018-01-19,2018-01-22
0.042971794184049276,5366000,0,0.04710144927536232,0.47101449275362317,1.0,D-1 estimated accounting; fill-day constraints require ledger audit,direct,V4_DIRECT_FROZEN_LINEAR_PORTFOLIO,risk_on,2018-01-19,risk_on,0.015015216125090153,0.010572772123658924,0.04755255963557303,0.6521739130434783,0.07423176065712979,0.7681159420289855,0.7753623188405797,,,{},8932.TWO,2018-01-19,2018-01-22
0.04203074965509605,1133000,0,-0.0391304347826087,-0.391304347826087,1.0,D-1 estimated accounting; fill-day constraints require ledger audit,direct,V4_DIRECT_FROZEN_LINEAR_PORTFOLIO,risk_on,2018-01-22,risk_on,0.015681662219554283,0.004524551841205371,0.041744474369365125,0.5579710144927537,0.08482458376538268,0.7101449275362319,0.7608695652173914,,,{},1101.TW,2018-01-22,2018-01-23
0.04161416955728026,418000,0,-0.025362318840579712,-0.2536231884057971,1.0,D-1 estimated accounting; fill-day constraints require ledger audit,direct,V4_DIRECT_FROZEN_LINEAR_PORTFOLIO,risk_on,2018-01-22,risk_on,0.015681662219554283,0.004524551841205371,0.041744474369365125,0.5579710144927537,0.08482458376538268,0.7101449275362319,0.7608695652173914,,,{},1301.TW,2018-01-22,2018-01-23
0.041992958891915975,530000,0,-0.02173913043478261,-0.2173913043478261,1.0,D-1 estimated accounting; fill-day constraints require ledger audit,direct,V4_DIRECT_FROZEN_LINEAR_PORTFOLIO,risk_on,2018-01-22,risk_on,0.015681662219554283,0.004524551841205371,0.041744474369365125,0.5579710144927537,0.08482458376538268,0.7101449275362319,0.7608695652173914,,,{},1303.TW,2018-01-22,2018-01-23
0.0428737800241311,401000,0,-0.030434782608695657,-0.30434782608695654,1.0,D-1 estimated accounting; fill-day constraints require ledger audit,direct,V4_DIRECT_FROZEN_LINEAR_PORTFOLIO,risk_on,2018-01-22,risk_on,0.015681662219554283,0.004524551841205371,0.041744474369365125,0.5579710144927537,0.08482458376538268,0.7101449275362319,0.7608695652173914,,,{},1326.TW,2018-01-22,2018-01-23
0.04034745648425819,1542000,0,-0.0014492753623188415,-0.014492753623188415,1.0,D-1 estimated accounting; fill-day constraints require ledger audit,direct,V4_DIRECT_FROZEN_LINEAR_PORTFOLIO,risk_on,2018-01-22,risk_on,0.015681662219554283,0.004524551841205371,0.041744474369365125,0.5579710144927537,0.08482458376538268,0.7101449275362319,0.7608695652173914,,,{},1402.TW,2018-01-22,2018-01-23
0.04214564043285217,1982000,0,0.005797101449275366,0.05797101449275366,1.0,D-1 estimated accounting; fill-day constraints require ledger audit,direct,V4_DIRECT_FROZEN_LINEAR_PORTFOLIO,risk_on,2018-01-22,risk_on,0.015681662219554283,0.004524551841205371,0.041744474369365125,0.5579710144927537,0.08482458376538268,0.7101449275362319,0.7608695652173914,,,{},1519.TW,2018-01-22,2018-01-23
0.0,0,-1948000,-0.044202898550724644,-0.4420289855072464,1.0,D-1 estimated accounting; fill-day constraints require ledger audit,direct,V4_DIRECT_FROZEN_LINEAR_PORTFOLIO,risk_on,2018-01-22,risk_on,0.015681662219554283,0.004524551841205371,0.041744474369365125,0.5579710144927537,0.08482458376538268,0.7101449275362319,0.7608695652173914,,,{},1785.TWO,2018-01-22,2018-01-23
0.041249805860695786,1075000,0,-0.03985507246376812,-0.39855072463768115,1.0,D-1 estimated accounting; fill-day constraints require ledger audit,direct,V4_DIRECT_FROZEN_LINEAR_PORTFOLIO,risk_on,2018-01-22,risk_on,0.015681662219554283,0.004524551841205371,0.041744474369365125,0.5579710144927537,0.08482458376538268,0.7101449275362319,0.7608695652173914,,,{},2313.TW,2018-01-22,2018-01-23
0.047374187228190485,538000,0,0.004347826086956519,0.04347826086956519,1.0,D-1 estimated accounting; fill-day constraints require ledger audit,direct,V4_DIRECT_FROZEN_LINEAR_PORTFOLIO,risk_on,2018-01-22,risk_on,0.015681662219554283,0.004524551841205371,0.041744474369365125,0.5579710144927537,0.08482458376538268,0.7101449275362319,0.7608695652173914,,,{},2377.TW,2018-01-22,2018-01-23
0.04476645312654794,5157000,0,0.02681159420289855,0.2681159420289855,1.0,D-1 estimated accounting; fill-day constraints require ledger audit,direct,V4_DIRECT_FROZEN_LINEAR_PORTFOLIO,risk_on,2018-01-22,risk_on,0.015681662219554283,0.004524551841205371,0.041744474369365125,0.5579710144927537,0.08482458376538268,0.7101449275362319,0.7608695652173914,,,{},2834.TW,2018-01-22,2018-01-23
0.04463620602441471,364000,0,0.04927536231884058,0.49275362318840576,1.0,D-1 estimated accounting; fill-day constraints require ledger audit,direct,V4_DIRECT_FROZEN_LINEAR_PORTFOLIO,risk_on,2018-01-22,risk_on,0.015681662219554283,0.004524551841205371,0.041744474369365125,0.5579710144927537,0.08482458376538268,0.7101449275362319,0.7608695652173914,,,{},3034.TW,2018-01-22,2018-01-23
0.04317505298451866,911000,0,0.04855072463768117,0.48550724637681164,1.0,D-1 estimated accounting; fill-day constraints require ledger audit,direct,V4_DIRECT_FROZEN_LINEAR_PORTFOLIO,risk_on,2018-01-22,risk_on,0.015681662219554283,0.004524551841205371,0.041744474369365125,0.5579710144927537,0.08482458376538268,0.7101449275362319,0.7608695652173914,,,{},3211.TWO,2018-01-22,2018-01-23
0.04438394104660869,552000,0,0.018840579710144925,0.18840579710144922,1.0,D-1 estimated accounting; fill-day constraints require ledger audit,direct,V4_DIRECT_FROZEN_LINEAR_PORTFOLIO,risk_on,2018-01-22,risk_on,0.015681662219554283,0.004524551841205371,0.041744474369365125,0.5579710144927537,0.08482458376538268,0.7101449275362319,0.7608695652173914,,,{},3324.TWO,2018-01-22,2018-01-23
0.04318844996926234,3019000,3019000,0.0463768115942029,0.46376811594202894,1.0,D-1 estimated accounting; fill-day constraints require ledger audit,direct,V4_DIRECT_FROZEN_LINEAR_PORTFOLIO,risk_on,2018-01-22,risk_on,0.015681662219554283,0.004524551841205371,0.041744474369365125,0.5579710144927537,0.08482458376538268,0.7101449275362319,0.7608695652173914,,,{},3481.TW,2018-01-22,2018-01-23
0.037280845040462876,203000,0,-0.043478260869565216,-0.43478260869565216,1.0,D-1 estimated accounting; fill-day constraints require ledger audit,direct,V4_DIRECT_FROZEN_LINEAR_PORTFOLIO,risk_on,2018-01-22,risk_on,0.015681662219554283,0.004524551841205371,0.041744474369365125,0.5579710144927537,0.08482458376538268,0.7101449275362319,0.7608695652173914,,,{},3533.TW,2018-01-22,2018-01-23
0.04262724611475291,868000,0,0.04057971014492754,0.4057971014492754,1.0,D-1 estimated accounting; fill-day constraints require ledger audit,direct,V4_DIRECT_FROZEN_LINEAR_PORTFOLIO,risk_on,2018-01-22,risk_on,0.015681662219554283,0.004524551841205371,0.041744474369365125,0.5579710144927537,0.08482458376538268,0.7101449275362319,0.7608695652173914,,,{},4123.TWO,2018-01-22,2018-01-23
0.04483948751138461,57000,0,0.04710144927536232,0.47101449275362317,1.0,D-1 estimated accounting; fill-day constraints require ledger audit,direct,V4_DIRECT_FROZEN_LINEAR_PORTFOLIO,risk_on,2018-01-22,risk_on,0.015681662219554283,0.004524551841205371,0.041744474369365125,0.5579710144927537,0.08482458376538268,0.7101449275362319,0.7608695652173914,,,{},5274.TWO,2018-01-22,2018-01-23
0.04817697765950368,246000,0,0.05,0.5,1.0,D-1 estimated accounting; fill-day constraints require ledger audit,direct,V4_DIRECT_FROZEN_LINEAR_PORTFOLIO,risk_on,2018-01-22,risk_on,0.015681662219554283,0.004524551841205371,0.041744474369365125,0.5579710144927537,0.08482458376538268,0.7101449275362319,0.7608695652173914,,,{},6121.TWO,2018-01-22,2018-01-23
0.043423864626220735,492000,0,-0.034782608695652174,-0.34782608695652173,1.0,D-1 estimated accounting; fill-day constraints require ledger audit,direct,V4_DIRECT_FROZEN_LINEAR_PORTFOLIO,risk_on,2018-01-22,risk_on,0.015681662219554283,0.004524551841205371,0.041744474369365125,0.5579710144927537,0.08482458376538268,0.7101449275362319,0.7608695652173914,,,{},6274.TWO,2018-01-22,2018-01-23
0.03895167191288294,35000,0,-0.02681159420289855,-0.2681159420289855,1.0,D-1 estimated accounting; fill-day constraints require ledger audit,direct,V4_DIRECT_FROZEN_LINEAR_PORTFOLIO,risk_on,2018-01-22,risk_on,0.015681662219554283,0.004524551841205371,0.041744474369365125,0.5579710144927537,0.08482458376538268,0.7101449275362319,0.7608695652173914,,,{},6510.TWO,2018-01-22,2018-01-23
0.04121314171780495,1593000,0,0.010144927536231885,0.10144927536231885,1.0,D-1 estimated accounting; fill-day constraints require ledger audit,direct,V4_DIRECT_FROZEN_LINEAR_PORTFOLIO,risk_on,2018-01-22,risk_on,0.015681662219554283,0.004524551841205371,0.041744474369365125,0.5579710144927537,0.08482458376538268,0.7101449275362319,0.7608695652173914,,,{},8046.TW,2018-01-22,2018-01-23
0.043534077480602,987000,0,-0.028260869565217395,-0.28260869565217395,1.0,D-1 estimated accounting; fill-day constraints require ledger audit,direct,V4_DIRECT_FROZEN_LINEAR_PORTFOLIO,risk_on,2018-01-22,risk_on,0.015681662219554283,0.004524551841205371,0.041744474369365125,0.5579710144927537,0.08482458376538268,0.7101449275362319,0.7608695652173914,,,{},8210.TW,2018-01-22,2018-01-23
0.04200661059081201,5366000,0,0.04782608695652174,0.4782608695652174,1.0,D-1 estimated accounting; fill-day constraints require ledger audit,direct,V4_DIRECT_FROZEN_LINEAR_PORTFOLIO,risk_on,2018-01-22,risk_on,0.015681662219554283,0.004524551841205371,0.041744474369365125,0.5579710144927537,0.08482458376538268,0.7101449275362319,0.7608695652173914,,,{},8932.TWO,2018-01-22,2018-01-23
0.041540724350731084,1133000,0,-0.031159420289855074,-0.3115942028985507,1.0,D-1 estimated accounting; fill-day constraints require ledger audit,direct,V4_DIRECT_FROZEN_LINEAR_PORTFOLIO,risk_on,2018-01-23,risk_on,0.01585648921090094,0.0039255902562944645,0.04468926473307655,0.5434782608695652,0.07705538275605076,0.7028985507246377,0.7536231884057971,,,{},1101.TW,2018-01-23,2018-01-24
0.04111868064059565,418000,0,-0.021014492753623187,-0.21014492753623187,1.0,D-1 estimated accounting; fill-day constraints require ledger audit,direct,V4_DIRECT_FROZEN_LINEAR_PORTFOLIO,risk_on,2018-01-23,risk_on,0.01585648921090094,0.0039255902562944645,0.04468926473307655,0.5434782608695652,0.07705538275605076,0.7028985507246377,0.7536231884057971,,,{},1301.TW,2018-01-23,2018-01-24
0.04216747719136755,530000,0,-0.02681159420289855,-0.2681159420289855,1.0,D-1 estimated accounting; fill-day constraints require ledger audit,direct,V4_DIRECT_FROZEN_LINEAR_PORTFOLIO,risk_on,2018-01-23,risk_on,0.01585648921090094,0.0039255902562944645,0.04468926473307655,0.5434782608695652,0.07705538275605076,0.7028985507246377,0.7536231884057971,,,{},1303.TW,2018-01-23,2018-01-24
0.04299874265746016,401000,0,-0.03188405797101449,-0.3188405797101449,1.0,D-1 estimated accounting; fill-day constraints require ledger audit,direct,V4_DIRECT_FROZEN_LINEAR_PORTFOLIO,risk_on,2018-01-23,risk_on,0.01585648921090094,0.0039255902562944645,0.04468926473307655,0.5434782608695652,0.07705538275605076,0.7028985507246377,0.7536231884057971,,,{},1326.TW,2018-01-23,2018-01-24
0.040768164766795595,1542000,0,-0.011594202898550727,-0.11594202898550726,1.0,D-1 estimated accounting; fill-day constraints require ledger audit,direct,V4_DIRECT_FROZEN_LINEAR_PORTFOLIO,risk_on,2018-01-23,risk_on,0.01585648921090094,0.0039255902562944645,0.04468926473307655,0.5434782608695652,0.07705538275605076,0.7028985507246377,0.7536231884057971,,,{},1402.TW,2018-01-23,2018-01-24
0.04129455265576092,1982000,0,-0.04057971014492754,-0.4057971014492754,1.0,D-1 estimated accounting; fill-day constraints require ledger audit,direct,V4_DIRECT_FROZEN_LINEAR_PORTFOLIO,risk_on,2018-01-23,risk_on,0.01585648921090094,0.0039255902562944645,0.04468926473307655,0.5434782608695652,0.07705538275605076,0.7028985507246377,0.7536231884057971,,,{},1519.TW,2018-01-23,2018-01-24
0.04068317633488611,1075000,0,-0.03840579710144928,-0.38405797101449274,1.0,D-1 estimated accounting; fill-day constraints require ledger audit,direct,V4_DIRECT_FROZEN_LINEAR_PORTFOLIO,risk_on,2018-01-23,risk_on,0.01585648921090094,0.0039255902562944645,0.04468926473307655,0.5434782608695652,0.07705538275605076,0.7028985507246377,0.7536231884057971,,,{},2313.TW,2018-01-23,2018-01-24
0.047935538899915045,538000,0,-0.007246376811594202,-0.07246376811594202,1.0,D-1 estimated accounting; fill-day constraints require ledger audit,direct,V4_DIRECT_FROZEN_LINEAR_PORTFOLIO,risk_on,2018-01-23,risk_on,0.01585648921090094,0.0039255902562944645,0.04468926473307655,0.5434782608695652,0.07705538275605076,0.7028985507246377,0.7536231884057971,,,{},2377.TW,2018-01-23,2018-01-24
0.04459288983402806,5157000,0,0.023188405797101453,0.23188405797101452,1.0,D-1 estimated accounting; fill-day constraints require ledger audit,direct,V4_DIRECT_FROZEN_LINEAR_PORTFOLIO,risk_on,2018-01-23,risk_on,0.01585648921090094,0.0039255902562944645,0.04468926473307655,0.5434782608695652,0.07705538275605076,0.7028985507246377,0.7536231884057971,,,{},2834.TW,2018-01-23,2018-01-24
0.04476630553613236,364000,0,0.041304347826086954,0.4130434782608695,1.0,D-1 estimated accounting; fill-day constraints require ledger audit,direct,V4_DIRECT_FROZEN_LINEAR_PORTFOLIO,risk_on,2018-01-23,risk_on,0.01585648921090094,0.0039255902562944645,0.04468926473307655,0.5434782608695652,0.07705538275605076,0.7028985507246377,0.7536231884057971,,,{},3034.TW,2018-01-23,2018-01-24
0.04236054339795959,911000,0,0.04927536231884058,0.49275362318840576,1.0,D-1 estimated accounting; fill-day constraints require ledger audit,direct,V4_DIRECT_FROZEN_LINEAR_PORTFOLIO,risk_on,2018-01-23,risk_on,0.01585648921090094,0.0039255902562944645,0.04468926473307655,0.5434782608695652,0.07705538275605076,0.7028985507246377,0.7536231884057971,,,{},3211.TWO,2018-01-23,2018-01-24
0.045816133738389865,552000,0,0.04420289855072464,0.44202898550724634,1.0,D-1 estimated accounting; fill-day constraints require ledger audit,direct,V4_DIRECT_FROZEN_LINEAR_PORTFOLIO,risk_on,2018-01-23,risk_on,0.01585648921090094,0.0039255902562944645,0.04468926473307655,0.5434782608695652,0.07705538275605076,0.7028985507246377,0.7536231884057971,,,{},3324.TWO,2018-01-23,2018-01-24
0.04212763579351866,3019000,0,0.0463768115942029,0.46376811594202894,1.0,D-1 estimated accounting; fill-day constraints require ledger audit,direct,V4_DIRECT_FROZEN_LINEAR_PORTFOLIO,risk_on,2018-01-23,risk_on,0.01585648921090094,0.0039255902562944645,0.04468926473307655,0.5434782608695652,0.07705538275605076,0.7028985507246377,0.7536231884057971,,,{},3481.TW,2018-01-23,2018-01-24
0.0,0,-203000,-0.044202898550724644,-0.4420289855072464,1.0,D-1 estimated accounting; fill-day constraints require ledger audit,direct,V4_DIRECT_FROZEN_LINEAR_PORTFOLIO,risk_on,2018-01-23,risk_on,0.01585648921090094,0.0039255902562944645,0.04468926473307655,0.5434782608695652,0.07705538275605076,0.7028985507246377,0.7536231884057971,,,{},3533.TW,2018-01-23,2018-01-24
0.04266615786900516,868000,0,0.03333333333333334,0.33333333333333337,1.0,D-1 estimated accounting; fill-day constraints require ledger audit,direct,V4_DIRECT_FROZEN_LINEAR_PORTFOLIO,risk_on,2018-01-23,risk_on,0.01585648921090094,0.0039255902562944645,0.04468926473307655,0.5434782608695652,0.07705538275605076,0.7028985507246377,0.7536231884057971,,,{},4123.TWO,2018-01-23,2018-01-24
0.04417924671456113,57000,0,0.04710144927536232,0.47101449275362317,1.0,D-1 estimated accounting; fill-day constraints require ledger audit,direct,V4_DIRECT_FROZEN_LINEAR_PORTFOLIO,risk_on,2018-01-23,risk_on,0.01585648921090094,0.0039255902562944645,0.04468926473307655,0.5434782608695652,0.07705538275605076,0.7028985507246377,0.7536231884057971,,,{},5274.TWO,2018-01-23,2018-01-24
0.04315619232466818,450000,450000,0.04855072463768117,0.48550724637681164,1.0,D-1 estimated accounting; fill-day constraints require ledger audit,direct,V4_DIRECT_FROZEN_LINEAR_PORTFOLIO,risk_on,2018-01-23,risk_on,0.01585648921090094,0.0039255902562944645,0.04468926473307655,0.5434782608695652,0.07705538275605076,0.7028985507246377,0.7536231884057971,,,{},5483.TWO,2018-01-23,2018-01-24
0.04771191615884457,246000,0,0.05,0.5,1.0,D-1 estimated accounting; fill-day constraints require ledger audit,direct,V4_DIRECT_FROZEN_LINEAR_PORTFOLIO,risk_on,2018-01-23,risk_on,0.01585648921090094,0.0039255902562944645,0.04468926473307655,0.5434782608695652,0.07705538275605076,0.7028985507246377,0.7536231884057971,,,{},6121.TWO,2018-01-23,2018-01-24
0.04466338601887782,492000,0,-0.02318840579710145,-0.23188405797101447,1.0,D-1 estimated accounting; fill-day constraints require ledger audit,direct,V4_DIRECT_FROZEN_LINEAR_PORTFOLIO,risk_on,2018-01-23,risk_on,0.01585648921090094,0.0039255902562944645,0.04468926473307655,0.5434782608695652,0.07705538275605076,0.7028985507246377,0.7536231884057971,,,{},6274.TWO,2018-01-23,2018-01-24
0.04046038874025636,35000,0,-0.028260869565217395,-0.28260869565217395,1.0,D-1 estimated accounting; fill-day constraints require ledger audit,direct,V4_DIRECT_FROZEN_LINEAR_PORTFOLIO,risk_on,2018-01-23,risk_on,0.01585648921090094,0.0039255902562944645,0.04468926473307655,0.5434782608695652,0.07705538275605076,0.7028985507246377,0.7536231884057971,,,{},6510.TWO,2018-01-23,2018-01-24
0.04086356796608357,1593000,0,-0.003623188405797101,-0.03623188405797101,1.0,D-1 estimated accounting; fill-day constraints require ledger audit,direct,V4_DIRECT_FROZEN_LINEAR_PORTFOLIO,risk_on,2018-01-23,risk_on,0.01585648921090094,0.0039255902562944645,0.04468926473307655,0.5434782608695652,0.07705538275605076,0.7028985507246377,0.7536231884057971,,,{},8046.TW,2018-01-23,2018-01-24
0.04327286719506413,987000,0,-0.027536231884057974,-0.2753623188405797,1.0,D-1 estimated accounting; fill-day constraints require ledger audit,direct,V4_DIRECT_FROZEN_LINEAR_PORTFOLIO,risk_on,2018-01-23,risk_on,0.01585648921090094,0.0039255902562944645,0.04468926473307655,0.5434782608695652,0.07705538275605076,0.7028985507246377,0.7536231884057971,,,{},8210.TW,2018-01-23,2018-01-24
0.04218177293338238,5366000,0,0.03623188405797102,0.3623188405797102,1.0,D-1 estimated accounting; fill-day constraints require ledger audit,direct,V4_DIRECT_FROZEN_LINEAR_PORTFOLIO,risk_on,2018-01-23,risk_on,0.01585648921090094,0.0039255902562944645,0.04468926473307655,0.5434782608695652,0.07705538275605076,0.7028985507246377,0.7536231884057971,,,{},8932.TWO,2018-01-23,2018-01-24
0.041591335221670064,1133000,0,-0.034057971014492754,-0.34057971014492755,1.0,D-1 estimated accounting; fill-day constraints require ledger audit,direct,V4_DIRECT_FROZEN_LINEAR_PORTFOLIO,risk_on,2018-01-24,risk_on,0.015236874168223632,0.001399392389327958,0.04989927693646201,0.5217391304347826,0.08714086246346307,0.7318840579710145,0.7681159420289855,,,{},1101.TW,2018-01-24,2018-01-25
0.040839427098790716,418000,0,-0.02391304347826087,-0.2391304347826087,1.0,D-1 estimated accounting; fill-day constraints require ledger audit,direct,V4_DIRECT_FROZEN_LINEAR_PORTFOLIO,risk_on,2018-01-24,risk_on,0.015236874168223632,0.001399392389327958,0.04989927693646201,0.5217391304347826,0.08714086246346307,0.7318840579710145,0.7681159420289855,,,{},1301.TW,2018-01-24,2018-01-25
0.04190573286158925,530000,0,-0.030434782608695657,-0.30434782608695654,1.0,D-1 estimated accounting; fill-day constraints require ledger audit,direct,V4_DIRECT_FROZEN_LINEAR_PORTFOLIO,risk_on,2018-01-24,risk_on,0.015236874168223632,0.001399392389327958,0.04989927693646201,0.5217391304347826,0.08714086246346307,0.7318840579710145,0.7681159420289855,,,{},1303.TW,2018-01-24,2018-01-25
0.04245868315382512,401000,0,-0.036231884057971016,-0.36231884057971014,1.0,D-1 estimated accounting; fill-day constraints require ledger audit,direct,V4_DIRECT_FROZEN_LINEAR_PORTFOLIO,risk_on,2018-01-24,risk_on,0.015236874168223632,0.001399392389327958,0.04989927693646201,0.5217391304347826,0.08714086246346307,0.7318840579710145,0.7681159420289855,,,{},1326.TW,2018-01-24,2018-01-25
0.04028674733018119,1542000,0,-0.000724637681159418,-0.00724637681159418,1.0,D-1 estimated accounting; fill-day constraints require ledger audit,direct,V4_DIRECT_FROZEN_LINEAR_PORTFOLIO,risk_on,2018-01-24,risk_on,0.015236874168223632,0.001399392389327958,0.04989927693646201,0.5217391304347826,0.08714086246346307,0.7318840579710145,0.7681159420289855,,,{},1402.TW,2018-01-24,2018-01-25
0.0,0,-1982000,-0.044202898550724644,-0.4420289855072464,1.0,D-1 estimated accounting; fill-day constraints require ledger audit,direct,V4_DIRECT_FROZEN_LINEAR_PORTFOLIO,risk_on,2018-01-24,risk_on,0.015236874168223632,0.001399392389327958,0.04989927693646201,0.5217391304347826,0.08714086246346307,0.7318840579710145,0.7681159420289855,,,{},1519.TW,2018-01-24,2018-01-25
0.04046824409039738,1075000,0,-0.0391304347826087,-0.391304347826087,1.0,D-1 estimated accounting; fill-day constraints require ledger audit,direct,V4_DIRECT_FROZEN_LINEAR_PORTFOLIO,risk_on,2018-01-24,risk_on,0.015236874168223632,0.001399392389327958,0.04989927693646201,0.5217391304347826,0.08714086246346307,0.7318840579710145,0.7681159420289855,,,{},2313.TW,2018-01-24,2018-01-25
0.048947462855180014,538000,0,0.008695652173913049,0.08695652173913049,1.0,D-1 estimated accounting; fill-day constraints require ledger audit,direct,V4_DIRECT_FROZEN_LINEAR_PORTFOLIO,risk_on,2018-01-24,risk_on,0.015236874168223632,0.001399392389327958,0.04989927693646201,0.5217391304347826,0.08714086246346307,0.7318840579710145,0.7681159420289855,,,{},2377.TW,2018-01-24,2018-01-25
0.04317645611367194,3180000,3180000,0.04927536231884058,0.49275362318840576,1.0,D-1 estimated accounting; fill-day constraints require ledger audit,direct,V4_DIRECT_FROZEN_LINEAR_PORTFOLIO,risk_on,2018-01-24,risk_on,0.015236874168223632,0.001399392389327958,0.04989927693646201,0.5217391304347826,0.08714086246346307,0.7318840579710145,0.7681159420289855,,,{},2409.TW,2018-01-24,2018-01-25
0.04449501286150265,5157000,0,0.027536231884057974,0.2753623188405797,1.0,D-1 estimated accounting; fill-day constraints require ledger audit,direct,V4_DIRECT_FROZEN_LINEAR_PORTFOLIO,risk_on,2018-01-24,risk_on,0.015236874168223632,0.001399392389327958,0.04989927693646201,0.5217391304347826,0.08714086246346307,0.7318840579710145,0.7681159420289855,,,{},2834.TW,2018-01-24,2018-01-25
0.044641562887807296,364000,0,0.04057971014492754,0.4057971014492754,1.0,D-1 estimated accounting; fill-day constraints require ledger audit,direct,V4_DIRECT_FROZEN_LINEAR_PORTFOLIO,risk_on,2018-01-24,risk_on,0.015236874168223632,0.001399392389327958,0.04989927693646201,0.5217391304347826,0.08714086246346307,0.7318840579710145,0.7681159420289855,,,{},3034.TW,2018-01-24,2018-01-25
0.04232248680449217,911000,0,0.03623188405797102,0.3623188405797102,1.0,D-1 estimated accounting; fill-day constraints require ledger audit,direct,V4_DIRECT_FROZEN_LINEAR_PORTFOLIO,risk_on,2018-01-24,risk_on,0.015236874168223632,0.001399392389327958,0.04989927693646201,0.5217391304347826,0.08714086246346307,0.7318840579710145,0.7681159420289855,,,{},3211.TWO,2018-01-24,2018-01-25
0.04625240811736826,552000,0,0.04710144927536232,0.47101449275362317,1.0,D-1 estimated accounting; fill-day constraints require ledger audit,direct,V4_DIRECT_FROZEN_LINEAR_PORTFOLIO,risk_on,2018-01-24,risk_on,0.015236874168223632,0.001399392389327958,0.04989927693646201,0.5217391304347826,0.08714086246346307,0.7318840579710145,0.7681159420289855,,,{},3324.TWO,2018-01-24,2018-01-25
0.04277303160763044,3019000,0,0.04347826086956522,0.4347826086956522,1.0,D-1 estimated accounting; fill-day constraints require ledger audit,direct,V4_DIRECT_FROZEN_LINEAR_PORTFOLIO,risk_on,2018-01-24,risk_on,0.015236874168223632,0.001399392389327958,0.04989927693646201,0.5217391304347826,0.08714086246346307,0.7318840579710145,0.7681159420289855,,,{},3481.TW,2018-01-24,2018-01-25
0.042974448743967913,868000,0,0.034057971014492754,0.3405797101449275,1.0,D-1 estimated accounting; fill-day constraints require ledger audit,direct,V4_DIRECT_FROZEN_LINEAR_PORTFOLIO,risk_on,2018-01-24,risk_on,0.015236874168223632,0.001399392389327958,0.04989927693646201,0.5217391304347826,0.08714086246346307,0.7318840579710145,0.7681159420289855,,,{},4123.TWO,2018-01-24,2018-01-25
0.04434620027395955,57000,0,0.03695652173913044,0.3695652173913043,1.0,D-1 estimated accounting; fill-day constraints require ledger audit,direct,V4_DIRECT_FROZEN_LINEAR_PORTFOLIO,risk_on,2018-01-24,risk_on,0.015236874168223632,0.001399392389327958,0.04989927693646201,0.5217391304347826,0.08714086246346307,0.7318840579710145,0.7681159420289855,,,{},5274.TWO,2018-01-24,2018-01-25
0.0438735217195754,450000,0,0.05,0.5,1.0,D-1 estimated accounting; fill-day constraints require ledger audit,direct,V4_DIRECT_FROZEN_LINEAR_PORTFOLIO,risk_on,2018-01-24,risk_on,0.015236874168223632,0.001399392389327958,0.04989927693646201,0.5217391304347826,0.08714086246346307,0.7318840579710145,0.7681159420289855,,,{},5483.TWO,2018-01-24,2018-01-25
0.04655760795399196,246000,0,0.04855072463768117,0.48550724637681164,1.0,D-1 estimated accounting; fill-day constraints require ledger audit,direct,V4_DIRECT_FROZEN_LINEAR_PORTFOLIO,risk_on,2018-01-24,risk_on,0.015236874168223632,0.001399392389327958,0.04989927693646201,0.5217391304347826,0.08714086246346307,0.7318840579710145,0.7681159420289855,,,{},6121.TWO,2018-01-24,2018-01-25
0.045105387941693095,492000,0,-0.02318840579710145,-0.23188405797101447,1.0,D-1 estimated accounting; fill-day constraints require ledger audit,direct,V4_DIRECT_FROZEN_LINEAR_PORTFOLIO,risk_on,2018-01-24,risk_on,0.015236874168223632,0.001399392389327958,0.04989927693646201,0.5217391304347826,0.08714086246346307,0.7318840579710145,0.7681159420289855,,,{},6274.TWO,2018-01-24,2018-01-25
0.04033507268706802,35000,0,-0.025362318840579712,-0.2536231884057971,1.0,D-1 estimated accounting; fill-day constraints require ledger audit,direct,V4_DIRECT_FROZEN_LINEAR_PORTFOLIO,risk_on,2018-01-24,risk_on,0.015236874168223632,0.001399392389327958,0.04989927693646201,0.5217391304347826,0.08714086246346307,0.7318840579710145,0.7681159420289855,,,{},6510.TWO,2018-01-24,2018-01-25
0.04075659768301726,1593000,0,-0.011594202898550727,-0.11594202898550726,1.0,D-1 estimated accounting; fill-day constraints require ledger audit,direct,V4_DIRECT_FROZEN_LINEAR_PORTFOLIO,risk_on,2018-01-24,risk_on,0.015236874168223632,0.001399392389327958,0.04989927693646201,0.5217391304347826,0.08714086246346307,0.7318840579710145,0.7681159420289855,,,{},8046.TW,2018-01-24,2018-01-25
0.04327701712349904,987000,0,-0.026086956521739132,-0.2608695652173913,1.0,D-1 estimated accounting; fill-day constraints require ledger audit,direct,V4_DIRECT_FROZEN_LINEAR_PORTFOLIO,risk_on,2018-01-24,risk_on,0.015236874168223632,0.001399392389327958,0.04989927693646201,0.5217391304347826,0.08714086246346307,0.7318840579710145,0.7681159420289855,,,{},8210.TW,2018-01-24,2018-01-25
0.04265549646990346,5366000,0,0.001449275362318836,0.01449275362318836,1.0,D-1 estimated accounting; fill-day constraints require ledger audit,direct,V4_DIRECT_FROZEN_LINEAR_PORTFOLIO,risk_on,2018-01-24,risk_on,0.015236874168223632,0.001399392389327958,0.04989927693646201,0.5217391304347826,0.08714086246346307,0.7318840579710145,0.7681159420289855,,,{},8932.TWO,2018-01-24,2018-01-25
0.0,0,-1133000,-0.0391304347826087,-0.391304347826087,1.0,D-1 estimated accounting; fill-day constraints require ledger audit,direct,V4_DIRECT_FROZEN_LINEAR_PORTFOLIO,risk_on,2018-01-25,risk_on,0.015379165387665844,0.0023175820289758065,0.04824415961443285,0.5434782608695652,0.0814804187939732,0.6811594202898551,0.7318840579710145,,,{},1101.TW,2018-01-25,2018-01-26
0.041594690941554956,418000,0,-0.015217391304347828,-0.15217391304347827,1.0,D-1 estimated accounting; fill-day constraints require ledger audit,direct,V4_DIRECT_FROZEN_LINEAR_PORTFOLIO,risk_on,2018-01-25,risk_on,0.015379165387665844,0.0023175820289758065,0.04824415961443285,0.5434782608695652,0.0814804187939732,0.6811594202898551,0.7318840579710145,,,{},1301.TW,2018-01-25,2018-01-26
0.042492774545254464,530000,0,-0.030434782608695657,-0.30434782608695654,1.0,D-1 estimated accounting; fill-day constraints require ledger audit,direct,V4_DIRECT_FROZEN_LINEAR_PORTFOLIO,risk_on,2018-01-25,risk_on,0.015379165387665844,0.0023175820289758065,0.04824415961443285,0.5434782608695652,0.0814804187939732,0.6811594202898551,0.7318840579710145,,,{},1303.TW,2018-01-25,2018-01-26
0.04285371181432021,401000,0,-0.029710144927536233,-0.2971014492753623,1.0,D-1 estimated accounting; fill-day constraints require ledger audit,direct,V4_DIRECT_FROZEN_LINEAR_PORTFOLIO,risk_on,2018-01-25,risk_on,0.015379165387665844,0.0023175820289758065,0.04824415961443285,0.5434782608695652,0.0814804187939732,0.6811594202898551,0.7318840579710145,,,{},1326.TW,2018-01-25,2018-01-26
0.039875440778336914,1542000,0,-0.003623188405797101,-0.03623188405797101,1.0,D-1 estimated accounting; fill-day constraints require ledger audit,direct,V4_DIRECT_FROZEN_LINEAR_PORTFOLIO,risk_on,2018-01-25,risk_on,0.015379165387665844,0.0023175820289758065,0.04824415961443285,0.5434782608695652,0.0814804187939732,0.6811594202898551,0.7318840579710145,,,{},1402.TW,2018-01-25,2018-01-26
0.04318493002175777,3041000,3041000,0.04782608695652174,0.4782608695652174,1.0,D-1 estimated accounting; fill-day constraints require ledger audit,direct,V4_DIRECT_FROZEN_LINEAR_PORTFOLIO,risk_on,2018-01-25,risk_on,0.015379165387665844,0.0023175820289758065,0.04824415961443285,0.5434782608695652,0.0814804187939732,0.6811594202898551,0.7318840579710145,,,{},2303.TW,2018-01-25,2018-01-26
0.04001938483301045,1075000,0,-0.036231884057971016,-0.36231884057971014,1.0,D-1 estimated accounting; fill-day constraints require ledger audit,direct,V4_DIRECT_FROZEN_LINEAR_PORTFOLIO,risk_on,2018-01-25,risk_on,0.015379165387665844,0.0023175820289758065,0.04824415961443285,0.5434782608695652,0.0814804187939732,0.6811594202898551,0.7318840579710145,,,{},2313.TW,2018-01-25,2018-01-26
0.049250311424860166,538000,0,-0.005797101449275361,-0.0579710144927536,1.0,D-1 estimated accounting; fill-day constraints require ledger audit,direct,V4_DIRECT_FROZEN_LINEAR_PORTFOLIO,risk_on,2018-01-25,risk_on,0.015379165387665844,0.0023175820289758065,0.04824415961443285,0.5434782608695652,0.0814804187939732,0.6811594202898551,0.7318840579710145,,,{},2377.TW,2018-01-25,2018-01-26
0.04375705867852225,3180000,0,0.04855072463768117,0.48550724637681164,1.0,D-1 estimated accounting; fill-day constraints require ledger audit,direct,V4_DIRECT_FROZEN_LINEAR_PORTFOLIO,risk_on,2018-01-25,risk_on,0.015379165387665844,0.0023175820289758065,0.04824415961443285,0.5434782608695652,0.0814804187939732,0.6811594202898551,0.7318840579710145,,,{},2409.TW,2018-01-25,2018-01-26
0.044341476436553055,5157000,0,0.021739130434782608,0.21739130434782605,1.0,D-1 estimated accounting; fill-day constraints require ledger audit,direct,V4_DIRECT_FROZEN_LINEAR_PORTFOLIO,risk_on,2018-01-25,risk_on,0.015379165387665844,0.0023175820289758065,0.04824415961443285,0.5434782608695652,0.0814804187939732,0.6811594202898551,0.7318840579710145,,,{},2834.TW,2018-01-25,2018-01-26
0.043901467858542514,364000,0,0.028260869565217395,0.28260869565217395,1.0,D-1 estimated accounting; fill-day constraints require ledger audit,direct,V4_DIRECT_FROZEN_LINEAR_PORTFOLIO,risk_on,2018-01-25,risk_on,0.015379165387665844,0.0023175820289758065,0.04824415961443285,0.5434782608695652,0.0814804187939732,0.6811594202898551,0.7318840579710145,,,{},3034.TW,2018-01-25,2018-01-26
0.042574685566842504,911000,0,0.01086956521739131,0.10869565217391308,1.0,D-1 estimated accounting; fill-day constraints require ledger audit,direct,V4_DIRECT_FROZEN_LINEAR_PORTFOLIO,risk_on,2018-01-25,risk_on,0.015379165387665844,0.0023175820289758065,0.04824415961443285,0.5434782608695652,0.0814804187939732,0.6811594202898551,0.7318840579710145,,,{},3211.TWO,2018-01-25,2018-01-26
0.04744694701472746,552000,0,0.05,0.5,1.0,D-1 estimated accounting; fill-day constraints require ledger audit,direct,V4_DIRECT_FROZEN_LINEAR_PORTFOLIO,risk_on,2018-01-25,risk_on,0.015379165387665844,0.0023175820289758065,0.04824415961443285,0.5434782608695652,0.0814804187939732,0.6811594202898551,0.7318840579710145,,,{},3324.TWO,2018-01-25,2018-01-26
0.04213337953391738,3019000,0,0.03985507246376812,0.39855072463768115,1.0,D-1 estimated accounting; fill-day constraints require ledger audit,direct,V4_DIRECT_FROZEN_LINEAR_PORTFOLIO,risk_on,2018-01-25,risk_on,0.015379165387665844,0.0023175820289758065,0.04824415961443285,0.5434782608695652,0.0814804187939732,0.6811594202898551,0.7318840579710145,,,{},3481.TW,2018-01-25,2018-01-26
0.042522248804068574,868000,0,-0.02318840579710145,-0.23188405797101447,1.0,D-1 estimated accounting; fill-day constraints require ledger audit,direct,V4_DIRECT_FROZEN_LINEAR_PORTFOLIO,risk_on,2018-01-25,risk_on,0.015379165387665844,0.0023175820289758065,0.04824415961443285,0.5434782608695652,0.0814804187939732,0.6811594202898551,0.7318840579710145,,,{},4123.TWO,2018-01-25,2018-01-26
0.04448067131663362,57000,0,-0.010144927536231885,-0.10144927536231885,1.0,D-1 estimated accounting; fill-day constraints require ledger audit,direct,V4_DIRECT_FROZEN_LINEAR_PORTFOLIO,risk_on,2018-01-25,risk_on,0.015379165387665844,0.0023175820289758065,0.04824415961443285,0.5434782608695652,0.0814804187939732,0.6811594202898551,0.7318840579710145,,,{},5274.TWO,2018-01-25,2018-01-26
0.04411346709552768,450000,0,0.04927536231884058,0.49275362318840576,1.0,D-1 estimated accounting; fill-day constraints require ledger audit,direct,V4_DIRECT_FROZEN_LINEAR_PORTFOLIO,risk_on,2018-01-25,risk_on,0.015379165387665844,0.0023175820289758065,0.04824415961443285,0.5434782608695652,0.0814804187939732,0.6811594202898551,0.7318840579710145,,,{},5483.TWO,2018-01-25,2018-01-26
0.04682686148668655,246000,0,0.0463768115942029,0.46376811594202894,1.0,D-1 estimated accounting; fill-day constraints require ledger audit,direct,V4_DIRECT_FROZEN_LINEAR_PORTFOLIO,risk_on,2018-01-25,risk_on,0.015379165387665844,0.0023175820289758065,0.04824415961443285,0.5434782608695652,0.0814804187939732,0.6811594202898551,0.7318840579710145,,,{},6121.TWO,2018-01-25,2018-01-26
0.043403538934722846,492000,0,-0.021014492753623187,-0.21014492753623187,1.0,D-1 estimated accounting; fill-day constraints require ledger audit,direct,V4_DIRECT_FROZEN_LINEAR_PORTFOLIO,risk_on,2018-01-25,risk_on,0.015379165387665844,0.0023175820289758065,0.04824415961443285,0.5434782608695652,0.0814804187939732,0.6811594202898551,0.7318840579710145,,,{},6274.TWO,2018-01-25,2018-01-26
0.0413667795216552,35000,0,-0.015942028985507246,-0.15942028985507245,1.0,D-1 estimated accounting; fill-day constraints require ledger audit,direct,V4_DIRECT_FROZEN_LINEAR_PORTFOLIO,risk_on,2018-01-25,risk_on,0.015379165387665844,0.0023175820289758065,0.04824415961443285,0.5434782608695652,0.0814804187939732,0.6811594202898551,0.7318840579710145,,,{},6510.TWO,2018-01-25,2018-01-26
0.04041366424535261,1593000,0,-0.007246376811594202,-0.07246376811594202,1.0,D-1 estimated accounting; fill-day constraints require ledger audit,direct,V4_DIRECT_FROZEN_LINEAR_PORTFOLIO,risk_on,2018-01-25,risk_on,0.015379165387665844,0.0023175820289758065,0.04824415961443285,0.5434782608695652,0.0814804187939732,0.6811594202898551,0.7318840579710145,,,{},8046.TW,2018-01-25,2018-01-26
0.04317526031060198,987000,0,-0.03840579710144928,-0.38405797101449274,1.0,D-1 estimated accounting; fill-day constraints require ledger audit,direct,V4_DIRECT_FROZEN_LINEAR_PORTFOLIO,risk_on,2018-01-25,risk_on,0.015379165387665844,0.0023175820289758065,0.04824415961443285,0.5434782608695652,0.0814804187939732,0.6811594202898551,0.7318840579710145,,,{},8210.TW,2018-01-25,2018-01-26
0.04393127504918374,5366000,0,0.04710144927536232,0.47101449275362317,1.0,D-1 estimated accounting; fill-day constraints require ledger audit,direct,V4_DIRECT_FROZEN_LINEAR_PORTFOLIO,risk_on,2018-01-25,risk_on,0.015379165387665844,0.0023175820289758065,0.04824415961443285,0.5434782608695652,0.0814804187939732,0.6811594202898551,0.7318840579710145,,,{},8932.TWO,2018-01-25,2018-01-26
0.042469189447958425,418000,0,-0.0021739130434782596,-0.021739130434782594,1.0,D-1 estimated accounting; fill-day constraints require ledger audit,direct,V4_DIRECT_FROZEN_LINEAR_PORTFOLIO,risk_on,2018-01-26,risk_on,0.015429996804891287,0.0,0.034374006911164545,0.4927536231884058,0.08091771228044652,0.6739130434782609,0.717391304347826,,,{},1301.TW,2018-01-26,2018-01-29
0.042443746025886846,530000,0,-0.031159420289855074,-0.3115942028985507,1.0,D-1 estimated accounting; fill-day constraints require ledger audit,direct,V4_DIRECT_FROZEN_LINEAR_PORTFOLIO,risk_on,2018-01-26,risk_on,0.015429996804891287,0.0,0.034374006911164545,0.4927536231884058,0.08091771228044652,0.6739130434782609,0.717391304347826,,,{},1303.TW,2018-01-26,2018-01-29
0.04369650365135292,401000,0,-0.021014492753623187,-0.21014492753623187,1.0,D-1 estimated accounting; fill-day constraints require ledger audit,direct,V4_DIRECT_FROZEN_LINEAR_PORTFOLIO,risk_on,2018-01-26,risk_on,0.015429996804891287,0.0,0.034374006911164545,0.4927536231884058,0.08091771228044652,0.6739130434782609,0.717391304347826,,,{},1326.TW,2018-01-26,2018-01-29
0.04015391157534753,1542000,0,-0.010144927536231885,-0.10144927536231885,1.0,D-1 estimated accounting; fill-day constraints require ledger audit,direct,V4_DIRECT_FROZEN_LINEAR_PORTFOLIO,risk_on,2018-01-26,risk_on,0.015429996804891287,0.0,0.034374006911164545,0.4927536231884058,0.08091771228044652,0.6739130434782609,0.717391304347826,,,{},1402.TW,2018-01-26,2018-01-29
0.04353903877333003,3041000,0,0.04782608695652174,0.4782608695652174,1.0,D-1 estimated accounting; fill-day constraints require ledger audit,direct,V4_DIRECT_FROZEN_LINEAR_PORTFOLIO,risk_on,2018-01-26,risk_on,0.015429996804891287,0.0,0.034374006911164545,0.4927536231884058,0.08091771228044652,0.6739130434782609,0.717391304347826,,,{},2303.TW,2018-01-26,2018-01-29
0.03680221870078084,1075000,0,0.018840579710144925,0.18840579710144922,1.0,D-1 estimated accounting; fill-day constraints require ledger audit,direct,V4_DIRECT_FROZEN_LINEAR_PORTFOLIO,risk_on,2018-01-26,risk_on,0.015429996804891287,0.0,0.034374006911164545,0.4927536231884058,0.08091771228044652,0.6739130434782609,0.717391304347826,,,{},2313.TW,2018-01-26,2018-01-29
0.05037003382429826,538000,0,-0.0050724637681159425,-0.050724637681159424,1.0,D-1 estimated accounting; fill-day constraints require ledger audit,direct,V4_DIRECT_FROZEN_LINEAR_PORTFOLIO,risk_on,2018-01-26,risk_on,0.015429996804891287,0.0,0.034374006911164545,0.4927536231884058,0.08091771228044652,0.6739130434782609,0.717391304347826,,,{},2377.TW,2018-01-26,2018-01-29
0.044593298487490156,3180000,0,0.04855072463768117,0.48550724637681164,1.0,D-1 estimated accounting; fill-day constraints require ledger audit,direct,V4_DIRECT_FROZEN_LINEAR_PORTFOLIO,risk_on,2018-01-26,risk_on,0.015429996804891287,0.0,0.034374006911164545,0.4927536231884058,0.08091771228044652,0.6739130434782609,0.717391304347826,,,{},2409.TW,2018-01-26,2018-01-29
0.044398869562758264,5157000,0,0.015942028985507253,0.1594202898550725,1.0,D-1 estimated accounting; fill-day constraints require ledger audit,direct,V4_DIRECT_FROZEN_LINEAR_PORTFOLIO,risk_on,2018-01-26,risk_on,0.015429996804891287,0.0,0.034374006911164545,0.4927536231884058,0.08091771228044652,0.6739130434782609,0.717391304347826,,,{},2834.TW,2018-01-26,2018-01-29
0.04485175267084529,364000,0,0.017391304347826087,0.17391304347826086,1.0,D-1 estimated accounting; fill-day constraints require ledger audit,direct,V4_DIRECT_FROZEN_LINEAR_PORTFOLIO,risk_on,2018-01-26,risk_on,0.015429996804891287,0.0,0.034374006911164545,0.4927536231884058,0.08091771228044652,0.6739130434782609,0.717391304347826,,,{},3034.TW,2018-01-26,2018-01-29
0.042406365275733535,911000,0,-0.003623188405797101,-0.03623188405797101,1.0,D-1 estimated accounting; fill-day constraints require ledger audit,direct,V4_DIRECT_FROZEN_LINEAR_PORTFOLIO,risk_on,2018-01-26,risk_on,0.015429996804891287,0.0,0.034374006911164545,0.4927536231884058,0.08091771228044652,0.6739130434782609,0.717391304347826,,,{},3211.TWO,2018-01-26,2018-01-29
0.048212588509219965,552000,0,0.05,0.5,1.0,D-1 estimated accounting; fill-day constraints require ledger audit,direct,V4_DIRECT_FROZEN_LINEAR_PORTFOLIO,risk_on,2018-01-26,risk_on,0.015429996804891287,0.0,0.034374006911164545,0.4927536231884058,0.08091771228044652,0.6739130434782609,0.717391304347826,,,{},3324.TWO,2018-01-26,2018-01-29
0.04292805347606997,3019000,0,0.03913043478260869,0.3913043478260869,1.0,D-1 estimated accounting; fill-day constraints require ledger audit,direct,V4_DIRECT_FROZEN_LINEAR_PORTFOLIO,risk_on,2018-01-26,risk_on,0.015429996804891287,0.0,0.034374006911164545,0.4927536231884058,0.08091771228044652,0.6739130434782609,0.717391304347826,,,{},3481.TW,2018-01-26,2018-01-29
0.04316827075574375,617000,617000,0.04710144927536232,0.47101449275362317,1.0,D-1 estimated accounting; fill-day constraints require ledger audit,direct,V4_DIRECT_FROZEN_LINEAR_PORTFOLIO,risk_on,2018-01-26,risk_on,0.015429996804891287,0.0,0.034374006911164545,0.4927536231884058,0.08091771228044652,0.6739130434782609,0.717391304347826,,,{},3653.TW,2018-01-26,2018-01-29
0.042662441798259246,868000,0,-0.03260869565217391,-0.32608695652173914,1.0,D-1 estimated accounting; fill-day constraints require ledger audit,direct,V4_DIRECT_FROZEN_LINEAR_PORTFOLIO,risk_on,2018-01-26,risk_on,0.015429996804891287,0.0,0.034374006911164545,0.4927536231884058,0.08091771228044652,0.6739130434782609,0.717391304347826,,,{},4123.TWO,2018-01-26,2018-01-29
0.0444254895592609,57000,0,-0.034782608695652174,-0.34782608695652173,1.0,D-1 estimated accounting; fill-day constraints require ledger audit,direct,V4_DIRECT_FROZEN_LINEAR_PORTFOLIO,risk_on,2018-01-26,risk_on,0.015429996804891287,0.0,0.034374006911164545,0.4927536231884058,0.08091771228044652,0.6739130434782609,0.717391304347826,,,{},5274.TWO,2018-01-26,2018-01-29
0.041697013453643794,450000,0,0.04927536231884058,0.49275362318840576,1.0,D-1 estimated accounting; fill-day constraints require ledger audit,direct,V4_DIRECT_FROZEN_LINEAR_PORTFOLIO,risk_on,2018-01-26,risk_on,0.015429996804891287,0.0,0.034374006911164545,0.4927536231884058,0.08091771228044652,0.6739130434782609,0.717391304347826,,,{},5483.TWO,2018-01-26,2018-01-29
0.046041563564249904,246000,0,0.03695652173913044,0.3695652173913043,1.0,D-1 estimated accounting; fill-day constraints require ledger audit,direct,V4_DIRECT_FROZEN_LINEAR_PORTFOLIO,risk_on,2018-01-26,risk_on,0.015429996804891287,0.0,0.034374006911164545,0.4927536231884058,0.08091771228044652,0.6739130434782609,0.717391304347826,,,{},6121.TWO,2018-01-26,2018-01-29
0.043652872349534626,492000,0,-0.029710144927536233,-0.2971014492753623,1.0,D-1 estimated accounting; fill-day constraints require ledger audit,direct,V4_DIRECT_FROZEN_LINEAR_PORTFOLIO,risk_on,2018-01-26,risk_on,0.015429996804891287,0.0,0.034374006911164545,0.4927536231884058,0.08091771228044652,0.6739130434782609,0.717391304347826,,,{},6274.TWO,2018-01-26,2018-01-29
0.04072418249489961,35000,0,-0.02391304347826087,-0.2391304347826087,1.0,D-1 estimated accounting; fill-day constraints require ledger audit,direct,V4_DIRECT_FROZEN_LINEAR_PORTFOLIO,risk_on,2018-01-26,risk_on,0.015429996804891287,0.0,0.034374006911164545,0.4927536231884058,0.08091771228044652,0.6739130434782609,0.717391304347826,,,{},6510.TWO,2018-01-26,2018-01-29
0.04070033235070343,1593000,0,-0.015217391304347828,-0.15217391304347827,1.0,D-1 estimated accounting; fill-day constraints require ledger audit,direct,V4_DIRECT_FROZEN_LINEAR_PORTFOLIO,risk_on,2018-01-26,risk_on,0.015429996804891287,0.0,0.034374006911164545,0.4927536231884058,0.08091771228044652,0.6739130434782609,0.717391304347826,,,{},8046.TW,2018-01-26,2018-01-29
0.0,0,-987000,-0.044202898550724644,-0.4420289855072464,1.0,D-1 estimated accounting; fill-day constraints require ledger audit,direct,V4_DIRECT_FROZEN_LINEAR_PORTFOLIO,risk_on,2018-01-26,risk_on,0.015429996804891287,0.0,0.034374006911164545,0.4927536231884058,0.08091771228044652,0.6739130434782609,0.717391304347826,,,{},8210.TW,2018-01-26,2018-01-29
0.043461963343308985,5366000,0,0.03623188405797102,0.3623188405797102,1.0,D-1 estimated accounting; fill-day constraints require ledger audit,direct,V4_DIRECT_FROZEN_LINEAR_PORTFOLIO,risk_on,2018-01-26,risk_on,0.015429996804891287,0.0,0.034374006911164545,0.4927536231884058,0.08091771228044652,0.6739130434782609,0.717391304347826,,,{},8932.TWO,2018-01-26,2018-01-29
0.042468032585356766,418000,0,0.0036231884057971067,0.036231884057971064,1.0,D-1 estimated accounting; fill-day constraints require ledger audit,direct,V4_DIRECT_FROZEN_LINEAR_PORTFOLIO,risk_on,2018-01-29,risk_on,0.015698538254182298,-0.002035297431923211,0.034711623681133896,0.463768115942029,0.09101398126570023,0.6884057971014492,0.717391304347826,,,{},1301.TW,2018-01-29,2018-01-30
0.04224250165481881,530000,0,-0.03260869565217391,-0.32608695652173914,1.0,D-1 estimated accounting; fill-day constraints require ledger audit,direct,V4_DIRECT_FROZEN_LINEAR_PORTFOLIO,risk_on,2018-01-29,risk_on,0.015698538254182298,-0.002035297431923211,0.034711623681133896,0.463768115942029,0.09101398126570023,0.6884057971014492,0.717391304347826,,,{},1303.TW,2018-01-29,2018-01-30
0.04464177203857191,401000,0,-0.0050724637681159425,-0.050724637681159424,1.0,D-1 estimated accounting; fill-day constraints require ledger audit,direct,V4_DIRECT_FROZEN_LINEAR_PORTFOLIO,risk_on,2018-01-29,risk_on,0.015698538254182298,-0.002035297431923211,0.034711623681133896,0.463768115942029,0.09101398126570023,0.6884057971014492,0.717391304347826,,,{},1326.TW,2018-01-29,2018-01-30
0.039618792793904956,1542000,0,-0.010144927536231885,-0.10144927536231885,1.0,D-1 estimated accounting; fill-day constraints require ledger audit,direct,V4_DIRECT_FROZEN_LINEAR_PORTFOLIO,risk_on,2018-01-29,risk_on,0.015698538254182298,-0.002035297431923211,0.034711623681133896,0.463768115942029,0.09101398126570023,0.6884057971014492,0.717391304347826,,,{},1402.TW,2018-01-29,2018-01-30
0.042973547178100785,3041000,0,0.04782608695652174,0.4782608695652174,1.0,D-1 estimated accounting; fill-day constraints require ledger audit,direct,V4_DIRECT_FROZEN_LINEAR_PORTFOLIO,risk_on,2018-01-29,risk_on,0.015698538254182298,-0.002035297431923211,0.034711623681133896,0.463768115942029,0.09101398126570023,0.6884057971014492,0.717391304347826,,,{},2303.TW,2018-01-29,2018-01-30
0.03806784887266191,1075000,0,0.031159420289855078,0.3115942028985508,1.0,D-1 estimated accounting; fill-day constraints require ledger audit,direct,V4_DIRECT_FROZEN_LINEAR_PORTFOLIO,risk_on,2018-01-29,risk_on,0.015698538254182298,-0.002035297431923211,0.034711623681133896,0.463768115942029,0.09101398126570023,0.6884057971014492,0.717391304347826,,,{},2313.TW,2018-01-29,2018-01-30
0.054645246229903514,538000,0,0.023913043478260867,0.23913043478260865,1.0,D-1 estimated accounting; fill-day constraints require ledger audit,direct,V4_DIRECT_FROZEN_LINEAR_PORTFOLIO,risk_on,2018-01-29,risk_on,0.015698538254182298,-0.002035297431923211,0.034711623681133896,0.463768115942029,0.09101398126570023,0.6884057971014492,0.717391304347826,,,{},2377.TW,2018-01-29,2018-01-30
0.04401094090509195,3180000,0,0.04855072463768117,0.48550724637681164,1.0,D-1 estimated accounting; fill-day constraints require ledger audit,direct,V4_DIRECT_FROZEN_LINEAR_PORTFOLIO,risk_on,2018-01-29,risk_on,0.015698538254182298,-0.002035297431923211,0.034711623681133896,0.463768115942029,0.09101398126570023,0.6884057971014492,0.717391304347826,,,{},2409.TW,2018-01-29,2018-01-30
0.04387263630753816,5157000,0,0.011594202898550721,0.1159420289855072,1.0,D-1 estimated accounting; fill-day constraints require ledger audit,direct,V4_DIRECT_FROZEN_LINEAR_PORTFOLIO,risk_on,2018-01-29,risk_on,0.015698538254182298,-0.002035297431923211,0.034711623681133896,0.463768115942029,0.09101398126570023,0.6884057971014492,0.717391304347826,,,{},2834.TW,2018-01-29,2018-01-30
0.04389040688247398,364000,0,0.015942028985507253,0.1594202898550725,1.0,D-1 estimated accounting; fill-day constraints require ledger audit,direct,V4_DIRECT_FROZEN_LINEAR_PORTFOLIO,risk_on,2018-01-29,risk_on,0.015698538254182298,-0.002035297431923211,0.034711623681133896,0.463768115942029,0.09101398126570023,0.6884057971014492,0.717391304347826,,,{},3034.TW,2018-01-29,2018-01-30
0.043174631429731124,2245000,2245000,0.04927536231884058,0.49275362318840576,1.0,D-1 estimated accounting; fill-day constraints require ledger audit,direct,V4_DIRECT_FROZEN_LINEAR_PORTFOLIO,risk_on,2018-01-29,risk_on,0.015698538254182298,-0.002035297431923211,0.034711623681133896,0.463768115942029,0.09101398126570023,0.6884057971014492,0.717391304347826,,,{},3037.TW,2018-01-29,2018-01-30
0.04155685363854502,911000,0,-0.01666666666666667,-0.16666666666666669,1.0,D-1 estimated accounting; fill-day constraints require ledger audit,direct,V4_DIRECT_FROZEN_LINEAR_PORTFOLIO,risk_on,2018-01-29,risk_on,0.015698538254182298,-0.002035297431923211,0.034711623681133896,0.463768115942029,0.09101398126570023,0.6884057971014492,0.717391304347826,,,{},3211.TWO,2018-01-29,2018-01-30
0.04882295526425031,552000,0,0.05,0.5,1.0,D-1 estimated accounting; fill-day constraints require ledger audit,direct,V4_DIRECT_FROZEN_LINEAR_PORTFOLIO,risk_on,2018-01-29,risk_on,0.015698538254182298,-0.002035297431923211,0.034711623681133896,0.463768115942029,0.09101398126570023,0.6884057971014492,0.717391304347826,,,{},3324.TWO,2018-01-29,2018-01-30
0.04207627880429207,3019000,0,0.026086956521739136,0.26086956521739135,1.0,D-1 estimated accounting; fill-day constraints require ledger audit,direct,V4_DIRECT_FROZEN_LINEAR_PORTFOLIO,risk_on,2018-01-29,risk_on,0.015698538254182298,-0.002035297431923211,0.034711623681133896,0.463768115942029,0.09101398126570023,0.6884057971014492,0.717391304347826,,,{},3481.TW,2018-01-29,2018-01-30
0.042574121946653956,617000,0,0.045652173913043485,0.4565217391304348,1.0,D-1 estimated accounting; fill-day constraints require ledger audit,direct,V4_DIRECT_FROZEN_LINEAR_PORTFOLIO,risk_on,2018-01-29,risk_on,0.015698538254182298,-0.002035297431923211,0.034711623681133896,0.463768115942029,0.09101398126570023,0.6884057971014492,0.717391304347826,,,{},3653.TW,2018-01-29,2018-01-30
0.041747013356403344,868000,0,-0.034782608695652174,-0.34782608695652173,1.0,D-1 estimated accounting; fill-day constraints require ledger audit,direct,V4_DIRECT_FROZEN_LINEAR_PORTFOLIO,risk_on,2018-01-29,risk_on,0.015698538254182298,-0.002035297431923211,0.034711623681133896,0.463768115942029,0.09101398126570023,0.6884057971014492,0.717391304347826,,,{},4123.TWO,2018-01-29,2018-01-30
0.0,0,-57000,-0.042028985507246375,-0.42028985507246375,1.0,D-1 estimated accounting; fill-day constraints require ledger audit,direct,V4_DIRECT_FROZEN_LINEAR_PORTFOLIO,risk_on,2018-01-29,risk_on,0.015698538254182298,-0.002035297431923211,0.034711623681133896,0.463768115942029,0.09101398126570023,0.6884057971014492,0.717391304347826,,,{},5274.TWO,2018-01-29,2018-01-30
0.04352795512866002,450000,0,0.04710144927536232,0.47101449275362317,1.0,D-1 estimated accounting; fill-day constraints require ledger audit,direct,V4_DIRECT_FROZEN_LINEAR_PORTFOLIO,risk_on,2018-01-29,risk_on,0.015698538254182298,-0.002035297431923211,0.034711623681133896,0.463768115942029,0.09101398126570023,0.6884057971014492,0.717391304347826,,,{},5483.TWO,2018-01-29,2018-01-30
0.04571941660332755,246000,0,0.028260869565217395,0.28260869565217395,1.0,D-1 estimated accounting; fill-day constraints require ledger audit,direct,V4_DIRECT_FROZEN_LINEAR_PORTFOLIO,risk_on,2018-01-29,risk_on,0.015698538254182298,-0.002035297431923211,0.034711623681133896,0.463768115942029,0.09101398126570023,0.6884057971014492,0.717391304347826,,,{},6121.TWO,2018-01-29,2018-01-30
0.0432817889676638,492000,0,-0.02318840579710145,-0.23188405797101447,1.0,D-1 estimated accounting; fill-day constraints require ledger audit,direct,V4_DIRECT_FROZEN_LINEAR_PORTFOLIO,risk_on,2018-01-29,risk_on,0.015698538254182298,-0.002035297431923211,0.034711623681133896,0.463768115942029,0.09101398126570023,0.6884057971014492,0.717391304347826,,,{},6274.TWO,2018-01-29,2018-01-30
0.040505743552484534,35000,0,-0.013768115942028987,-0.13768115942028986,1.0,D-1 estimated accounting; fill-day constraints require ledger audit,direct,V4_DIRECT_FROZEN_LINEAR_PORTFOLIO,risk_on,2018-01-29,risk_on,0.015698538254182298,-0.002035297431923211,0.034711623681133896,0.463768115942029,0.09101398126570023,0.6884057971014492,0.717391304347826,,,{},6510.TWO,2018-01-29,2018-01-30
0.04085134724754787,1593000,0,-0.015217391304347828,-0.15217391304347827,1.0,D-1 estimated accounting; fill-day constraints require ledger audit,direct,V4_DIRECT_FROZEN_LINEAR_PORTFOLIO,risk_on,2018-01-29,risk_on,0.015698538254182298,-0.002035297431923211,0.034711623681133896,0.463768115942029,0.09101398126570023,0.6884057971014492,0.717391304347826,,,{},8046.TW,2018-01-29,2018-01-30
0.043044886811306256,5366000,0,0.02246376811594203,0.2246376811594203,1.0,D-1 estimated accounting; fill-day constraints require ledger audit,direct,V4_DIRECT_FROZEN_LINEAR_PORTFOLIO,risk_on,2018-01-29,risk_on,0.015698538254182298,-0.002035297431923211,0.034711623681133896,0.463768115942029,0.09101398126570023,0.6884057971014492,0.717391304347826,,,{},8932.TWO,2018-01-29,2018-01-30
0.04267429939133816,418000,0,0.008695652173913049,0.08695652173913049,1.0,D-1 estimated accounting; fill-day constraints require ledger audit,direct,V4_DIRECT_FROZEN_LINEAR_PORTFOLIO,neutral,2018-01-30,neutral,0.015651346386399406,-0.00869321217872654,0.021438483565148547,0.36231884057971014,0.08364206058361039,0.5144927536231884,0.6521739130434783,,,{},1301.TW,2018-01-30,2018-01-31
0.042540649847362784,530000,0,-0.031159420289855074,-0.3115942028985507,1.0,D-1 estimated accounting; fill-day constraints require ledger audit,direct,V4_DIRECT_FROZEN_LINEAR_PORTFOLIO,neutral,2018-01-30,neutral,0.015651346386399406,-0.00869321217872654,0.021438483565148547,0.36231884057971014,0.08364206058361039,0.5144927536231884,0.6521739130434783,,,{},1303.TW,2018-01-30,2018-01-31
0.043524458990514873,401000,0,0.01376811594202898,0.1376811594202898,1.0,D-1 estimated accounting; fill-day constraints require ledger audit,direct,V4_DIRECT_FROZEN_LINEAR_PORTFOLIO,neutral,2018-01-30,neutral,0.015651346386399406,-0.00869321217872654,0.021438483565148547,0.36231884057971014,0.08364206058361039,0.5144927536231884,0.6521739130434783,,,{},1326.TW,2018-01-30,2018-01-31
0.03985652150585728,1542000,0,-0.012318840579710146,-0.12318840579710144,1.0,D-1 estimated accounting; fill-day constraints require ledger audit,direct,V4_DIRECT_FROZEN_LINEAR_PORTFOLIO,neutral,2018-01-30,neutral,0.015651346386399406,-0.00869321217872654,0.021438483565148547,0.36231884057971014,0.08364206058361039,0.5144927536231884,0.6521739130434783,,,{},1402.TW,2018-01-30,2018-01-31
0.04351002978974864,3041000,0,0.041304347826086954,0.4130434782608695,1.0,D-1 estimated accounting; fill-day constraints require ledger audit,direct,V4_DIRECT_FROZEN_LINEAR_PORTFOLIO,neutral,2018-01-30,neutral,0.015651346386399406,-0.00869321217872654,0.021438483565148547,0.36231884057971014,0.08364206058361039,0.5144927536231884,0.6521739130434783,,,{},2303.TW,2018-01-30,2018-01-31
0.0395551417841928,1075000,0,0.03985507246376812,0.39855072463768115,1.0,D-1 estimated accounting; fill-day constraints require ledger audit,direct,V4_DIRECT_FROZEN_LINEAR_PORTFOLIO,neutral,2018-01-30,neutral,0.015651346386399406,-0.00869321217872654,0.021438483565148547,0.36231884057971014,0.08364206058361039,0.5144927536231884,0.6521739130434783,,,{},2313.TW,2018-01-30,2018-01-31
0.051552044599649294,538000,0,0.04057971014492754,0.4057971014492754,1.0,D-1 estimated accounting; fill-day constraints require ledger audit,direct,V4_DIRECT_FROZEN_LINEAR_PORTFOLIO,neutral,2018-01-30,neutral,0.015651346386399406,-0.00869321217872654,0.021438483565148547,0.36231884057971014,0.08364206058361039,0.5144927536231884,0.6521739130434783,,,{},2377.TW,2018-01-30,2018-01-31
0.04345184273828825,3180000,0,0.04855072463768117,0.48550724637681164,1.0,D-1 estimated accounting; fill-day constraints require ledger audit,direct,V4_DIRECT_FROZEN_LINEAR_PORTFOLIO,neutral,2018-01-30,neutral,0.015651346386399406,-0.00869321217872654,0.021438483565148547,0.36231884057971014,0.08364206058361039,0.5144927536231884,0.6521739130434783,,,{},2409.TW,2018-01-30,2018-01-31
0.04426821870273785,5157000,0,0.023188405797101453,0.23188405797101452,1.0,D-1 estimated accounting; fill-day constraints require ledger audit,direct,V4_DIRECT_FROZEN_LINEAR_PORTFOLIO,neutral,2018-01-30,neutral,0.015651346386399406,-0.00869321217872654,0.021438483565148547,0.36231884057971014,0.08364206058361039,0.5144927536231884,0.6521739130434783,,,{},2834.TW,2018-01-30,2018-01-31
0.04402415978548948,364000,0,0.011594202898550721,0.1159420289855072,1.0,D-1 estimated accounting; fill-day constraints require ledger audit,direct,V4_DIRECT_FROZEN_LINEAR_PORTFOLIO,neutral,2018-01-30,neutral,0.015651346386399406,-0.00869321217872654,0.021438483565148547,0.36231884057971014,0.08364206058361039,0.5144927536231884,0.6521739130434783,,,{},3034.TW,2018-01-30,2018-01-31
0.043571533329892866,2245000,0,0.05,0.5,1.0,D-1 estimated accounting; fill-day constraints require ledger audit,direct,V4_DIRECT_FROZEN_LINEAR_PORTFOLIO,neutral,2018-01-30,neutral,0.015651346386399406,-0.00869321217872654,0.021438483565148547,0.36231884057971014,0.08364206058361039,0.5144927536231884,0.6521739130434783,,,{},3037.TW,2018-01-30,2018-01-31
0.04178028294180509,911000,0,-0.02681159420289855,-0.2681159420289855,1.0,D-1 estimated accounting; fill-day constraints require ledger audit,direct,V4_DIRECT_FROZEN_LINEAR_PORTFOLIO,neutral,2018-01-30,neutral,0.015651346386399406,-0.00869321217872654,0.021438483565148547,0.36231884057971014,0.08364206058361039,0.5144927536231884,0.6521739130434783,,,{},3211.TWO,2018-01-30,2018-01-31
0.048571214270518435,552000,0,0.04927536231884058,0.49275362318840576,1.0,D-1 estimated accounting; fill-day constraints require ledger audit,direct,V4_DIRECT_FROZEN_LINEAR_PORTFOLIO,neutral,2018-01-30,neutral,0.015651346386399406,-0.00869321217872654,0.021438483565148547,0.36231884057971014,0.08364206058361039,0.5144927536231884,0.6521739130434783,,,{},3324.TWO,2018-01-30,2018-01-31
0.04140173298345261,3019000,0,0.02028985507246377,0.2028985507246377,1.0,D-1 estimated accounting; fill-day constraints require ledger audit,direct,V4_DIRECT_FROZEN_LINEAR_PORTFOLIO,neutral,2018-01-30,neutral,0.015651346386399406,-0.00869321217872654,0.021438483565148547,0.36231884057971014,0.08364206058361039,0.5144927536231884,0.6521739130434783,,,{},3481.TW,2018-01-30,2018-01-31
0.04303713315331576,104000,104000,0.04782608695652174,0.4782608695652174,1.0,D-1 estimated accounting; fill-day constraints require ledger audit,direct,V4_DIRECT_FROZEN_LINEAR_PORTFOLIO,neutral,2018-01-30,neutral,0.015651346386399406,-0.00869321217872654,0.021438483565148547,0.36231884057971014,0.08364206058361039,0.5144927536231884,0.6521739130434783,,,{},3529.TWO,2018-01-30,2018-01-31
0.04199788419932944,617000,0,0.04710144927536232,0.47101449275362317,1.0,D-1 estimated accounting; fill-day constraints require ledger audit,direct,V4_DIRECT_FROZEN_LINEAR_PORTFOLIO,neutral,2018-01-30,neutral,0.015651346386399406,-0.00869321217872654,0.021438483565148547,0.36231884057971014,0.08364206058361039,0.5144927536231884,0.6521739130434783,,,{},3653.TW,2018-01-30,2018-01-31
0.04238873486571077,868000,0,-0.036231884057971016,-0.36231884057971014,1.0,D-1 estimated accounting; fill-day constraints require ledger audit,direct,V4_DIRECT_FROZEN_LINEAR_PORTFOLIO,neutral,2018-01-30,neutral,0.015651346386399406,-0.00869321217872654,0.021438483565148547,0.36231884057971014,0.08364206058361039,0.5144927536231884,0.6521739130434783,,,{},4123.TWO,2018-01-30,2018-01-31
0.0448223445620091,450000,0,0.045652173913043485,0.4565217391304348,1.0,D-1 estimated accounting; fill-day constraints require ledger audit,direct,V4_DIRECT_FROZEN_LINEAR_PORTFOLIO,neutral,2018-01-30,neutral,0.015651346386399406,-0.00869321217872654,0.021438483565148547,0.36231884057971014,0.08364206058361039,0.5144927536231884,0.6521739130434783,,,{},5483.TWO,2018-01-30,2018-01-31
0.04490228678923881,246000,0,0.007246376811594202,0.07246376811594202,1.0,D-1 estimated accounting; fill-day constraints require ledger audit,direct,V4_DIRECT_FROZEN_LINEAR_PORTFOLIO,neutral,2018-01-30,neutral,0.015651346386399406,-0.00869321217872654,0.021438483565148547,0.36231884057971014,0.08364206058361039,0.5144927536231884,0.6521739130434783,,,{},6121.TWO,2018-01-30,2018-01-31
0.0,0,-492000,-0.04057971014492754,-0.4057971014492754,1.0,D-1 estimated accounting; fill-day constraints require ledger audit,direct,V4_DIRECT_FROZEN_LINEAR_PORTFOLIO,neutral,2018-01-30,neutral,0.015651346386399406,-0.00869321217872654,0.021438483565148547,0.36231884057971014,0.08364206058361039,0.5144927536231884,0.6521739130434783,,,{},6274.TWO,2018-01-30,2018-01-31
0.04059233649518838,35000,0,-0.005797101449275361,-0.0579710144927536,1.0,D-1 estimated accounting; fill-day constraints require ledger audit,direct,V4_DIRECT_FROZEN_LINEAR_PORTFOLIO,neutral,2018-01-30,neutral,0.015651346386399406,-0.00869321217872654,0.021438483565148547,0.36231884057971014,0.08364206058361039,0.5144927536231884,0.6521739130434783,,,{},6510.TWO,2018-01-30,2018-01-31
0.04172645187548167,1593000,0,-0.01666666666666667,-0.16666666666666669,1.0,D-1 estimated accounting; fill-day constraints require ledger audit,direct,V4_DIRECT_FROZEN_LINEAR_PORTFOLIO,neutral,2018-01-30,neutral,0.015651346386399406,-0.00869321217872654,0.021438483565148547,0.36231884057971014,0.08364206058361039,0.5144927536231884,0.6521739130434783,,,{},8046.TW,2018-01-30,2018-01-31
0.04345884201440606,5366000,0,0.03768115942028986,0.37681159420289856,1.0,D-1 estimated accounting; fill-day constraints require ledger audit,direct,V4_DIRECT_FROZEN_LINEAR_PORTFOLIO,neutral,2018-01-30,neutral,0.015651346386399406,-0.00869321217872654,0.021438483565148547,0.36231884057971014,0.08364206058361039,0.5144927536231884,0.6521739130434783,,,{},8932.TWO,2018-01-30,2018-01-31
0.042668788960383786,418000,0,0.01811594202898551,0.1811594202898551,1.0,D-1 estimated accounting; fill-day constraints require ledger audit,direct,V4_DIRECT_FROZEN_LINEAR_PORTFOLIO,neutral,2018-01-31,neutral,0.015187490168393039,-0.004139570896936562,0.014408727371805652,0.41304347826086957,0.07892968228746484,0.5434782608695652,0.6666666666666666,,,{},1301.TW,2018-01-31,2018-02-01
0.04185934312752667,530000,0,-0.026086956521739132,-0.2608695652173913,1.0,D-1 estimated accounting; fill-day constraints require ledger audit,direct,V4_DIRECT_FROZEN_LINEAR_PORTFOLIO,neutral,2018-01-31,neutral,0.015187490168393039,-0.004139570896936562,0.014408727371805652,0.41304347826086957,0.07892968228746484,0.5434782608695652,0.6666666666666666,,,{},1303.TW,2018-01-31,2018-02-01
0.043110846666961154,401000,0,0.02028985507246377,0.2028985507246377,1.0,D-1 estimated accounting; fill-day constraints require ledger audit,direct,V4_DIRECT_FROZEN_LINEAR_PORTFOLIO,neutral,2018-01-31,neutral,0.015187490168393039,-0.004139570896936562,0.014408727371805652,0.41304347826086957,0.07892968228746484,0.5434782608695652,0.6666666666666666,,,{},1326.TW,2018-01-31,2018-02-01
0.03958288138808977,1542000,0,-0.013043478260869568,-0.13043478260869568,1.0,D-1 estimated accounting; fill-day constraints require ledger audit,direct,V4_DIRECT_FROZEN_LINEAR_PORTFOLIO,neutral,2018-01-31,neutral,0.015187490168393039,-0.004139570896936562,0.014408727371805652,0.41304347826086957,0.07892968228746484,0.5434782608695652,0.6666666666666666,,,{},1402.TW,2018-01-31,2018-02-01
0.042695016896735036,3041000,0,0.041304347826086954,0.4130434782608695,1.0,D-1 estimated accounting; fill-day constraints require ledger audit,direct,V4_DIRECT_FROZEN_LINEAR_PORTFOLIO,neutral,2018-01-31,neutral,0.015187490168393039,-0.004139570896936562,0.014408727371805652,0.41304347826086957,0.07892968228746484,0.5434782608695652,0.6666666666666666,,,{},2303.TW,2018-01-31,2018-02-01
0.038352483333587706,1075000,0,0.042028985507246375,0.42028985507246375,1.0,D-1 estimated accounting; fill-day constraints require ledger audit,direct,V4_DIRECT_FROZEN_LINEAR_PORTFOLIO,neutral,2018-01-31,neutral,0.015187490168393039,-0.004139570896936562,0.014408727371805652,0.41304347826086957,0.07892968228746484,0.5434782608695652,0.6666666666666666,,,{},2313.TW,2018-01-31,2018-02-01
0.05108418857208111,538000,0,0.028260869565217395,0.28260869565217395,1.0,D-1 estimated accounting; fill-day constraints require ledger audit,direct,V4_DIRECT_FROZEN_LINEAR_PORTFOLIO,neutral,2018-01-31,neutral,0.015187490168393039,-0.004139570896936562,0.014408727371805652,0.41304347826086957,0.07892968228746484,0.5434782608695652,0.6666666666666666,,,{},2377.TW,2018-01-31,2018-02-01
0.04354965358706119,3180000,0,0.03985507246376812,0.39855072463768115,1.0,D-1 estimated accounting; fill-day constraints require ledger audit,direct,V4_DIRECT_FROZEN_LINEAR_PORTFOLIO,neutral,2018-01-31,neutral,0.015187490168393039,-0.004139570896936562,0.014408727371805652,0.41304347826086957,0.07892968228746484,0.5434782608695652,0.6666666666666666,,,{},2409.TW,2018-01-31,2018-02-01
0.043896256381622194,5157000,0,0.004347826086956519,0.04347826086956519,1.0,D-1 estimated accounting; fill-day constraints require ledger audit,direct,V4_DIRECT_FROZEN_LINEAR_PORTFOLIO,neutral,2018-01-31,neutral,0.015187490168393039,-0.004139570896936562,0.014408727371805652,0.41304347826086957,0.07892968228746484,0.5434782608695652,0.6666666666666666,,,{},2834.TW,2018-01-31,2018-02-01
0.043985357483705585,364000,0,0.03260869565217391,0.32608695652173914,1.0,D-1 estimated accounting; fill-day constraints require ledger audit,direct,V4_DIRECT_FROZEN_LINEAR_PORTFOLIO,neutral,2018-01-31,neutral,0.015187490168393039,-0.004139570896936562,0.014408727371805652,0.41304347826086957,0.07892968228746484,0.5434782608695652,0.6666666666666666,,,{},3034.TW,2018-01-31,2018-02-01
0.0468946636179012,2245000,0,0.05,0.5,1.0,D-1 estimated accounting; fill-day constraints require ledger audit,direct,V4_DIRECT_FROZEN_LINEAR_PORTFOLIO,neutral,2018-01-31,neutral,0.015187490168393039,-0.004139570896936562,0.014408727371805652,0.41304347826086957,0.07892968228746484,0.5434782608695652,0.6666666666666666,,,{},3037.TW,2018-01-31,2018-02-01
0.04157307690015869,911000,0,-0.03188405797101449,-0.3188405797101449,1.0,D-1 estimated accounting; fill-day constraints require ledger audit,direct,V4_DIRECT_FROZEN_LINEAR_PORTFOLIO,neutral,2018-01-31,neutral,0.015187490168393039,-0.004139570896936562,0.014408727371805652,0.41304347826086957,0.07892968228746484,0.5434782608695652,0.6666666666666666,,,{},3211.TWO,2018-01-31,2018-02-01
0.05028966680441541,552000,0,0.04855072463768117,0.48550724637681164,1.0,D-1 estimated accounting; fill-day constraints require ledger audit,direct,V4_DIRECT_FROZEN_LINEAR_PORTFOLIO,neutral,2018-01-31,neutral,0.015187490168393039,-0.004139570896936562,0.014408727371805652,0.41304347826086957,0.07892968228746484,0.5434782608695652,0.6666666666666666,,,{},3324.TWO,2018-01-31,2018-02-01
0.04089895736800591,3019000,0,0.0,0.0,1.0,D-1 estimated accounting; fill-day constraints require ledger audit,direct,V4_DIRECT_FROZEN_LINEAR_PORTFOLIO,neutral,2018-01-31,neutral,0.015187490168393039,-0.004139570896936562,0.014408727371805652,0.41304347826086957,0.07892968228746484,0.5434782608695652,0.6666666666666666,,,{},3481.TW,2018-01-31,2018-02-01
0.04272075228968063,104000,0,0.023913043478260867,0.23913043478260865,1.0,D-1 estimated accounting; fill-day constraints require ledger audit,direct,V4_DIRECT_FROZEN_LINEAR_PORTFOLIO,neutral,2018-01-31,neutral,0.015187490168393039,-0.004139570896936562,0.014408727371805652,0.41304347826086957,0.07892968228746484,0.5434782608695652,0.6666666666666666,,,{},3529.TWO,2018-01-31,2018-02-01
0.04276286475086432,617000,0,0.04710144927536232,0.47101449275362317,1.0,D-1 estimated accounting; fill-day constraints require ledger audit,direct,V4_DIRECT_FROZEN_LINEAR_PORTFOLIO,neutral,2018-01-31,neutral,0.015187490168393039,-0.004139570896936562,0.014408727371805652,0.41304347826086957,0.07892968228746484,0.5434782608695652,0.6666666666666666,,,{},3653.TW,2018-01-31,2018-02-01
0.0,0,-868000,-0.03695652173913044,-0.3695652173913043,1.0,D-1 estimated accounting; fill-day constraints require ledger audit,direct,V4_DIRECT_FROZEN_LINEAR_PORTFOLIO,neutral,2018-01-31,neutral,0.015187490168393039,-0.004139570896936562,0.014408727371805652,0.41304347826086957,0.07892968228746484,0.5434782608695652,0.6666666666666666,,,{},4123.TWO,2018-01-31,2018-02-01
0.045043833262462994,450000,0,0.038405797101449285,0.3840579710144928,1.0,D-1 estimated accounting; fill-day constraints require ledger audit,direct,V4_DIRECT_FROZEN_LINEAR_PORTFOLIO,neutral,2018-01-31,neutral,0.015187490168393039,-0.004139570896936562,0.014408727371805652,0.41304347826086957,0.07892968228746484,0.5434782608695652,0.6666666666666666,,,{},5483.TWO,2018-01-31,2018-02-01
0.04528665716145201,246000,0,-0.000724637681159418,-0.00724637681159418,1.0,D-1 estimated accounting; fill-day constraints require ledger audit,direct,V4_DIRECT_FROZEN_LINEAR_PORTFOLIO,neutral,2018-01-31,neutral,0.015187490168393039,-0.004139570896936562,0.014408727371805652,0.41304347826086957,0.07892968228746484,0.5434782608695652,0.6666666666666666,,,{},6121.TWO,2018-01-31,2018-02-01
0.041614992343980126,35000,0,-0.004347826086956524,-0.043478260869565244,1.0,D-1 estimated accounting; fill-day constraints require ledger audit,direct,V4_DIRECT_FROZEN_LINEAR_PORTFOLIO,neutral,2018-01-31,neutral,0.015187490168393039,-0.004139570896936562,0.014408727371805652,0.41304347826086957,0.07892968228746484,0.5434782608695652,0.6666666666666666,,,{},6510.TWO,2018-01-31,2018-02-01
0.04112707884633606,1593000,0,-0.02173913043478261,-0.2173913043478261,1.0,D-1 estimated accounting; fill-day constraints require ledger audit,direct,V4_DIRECT_FROZEN_LINEAR_PORTFOLIO,neutral,2018-01-31,neutral,0.015187490168393039,-0.004139570896936562,0.014408727371805652,0.41304347826086957,0.07892968228746484,0.5434782608695652,0.6666666666666666,,,{},8046.TW,2018-01-31,2018-02-01
0.043180344541499396,825000,825000,0.04927536231884058,0.49275362318840576,1.0,D-1 estimated accounting; fill-day constraints require ledger audit,direct,V4_DIRECT_FROZEN_LINEAR_PORTFOLIO,neutral,2018-01-31,neutral,0.015187490168393039,-0.004139570896936562,0.014408727371805652,0.41304347826086957,0.07892968228746484,0.5434782608695652,0.6666666666666666,,,{},8069.TWO,2018-01-31,2018-02-01
0.04266179976945751,5366000,0,0.03188405797101449,0.3188405797101449,1.0,D-1 estimated accounting; fill-day constraints require ledger audit,direct,V4_DIRECT_FROZEN_LINEAR_PORTFOLIO,neutral,2018-01-31,neutral,0.015187490168393039,-0.004139570896936562,0.014408727371805652,0.41304347826086957,0.07892968228746484,0.5434782608695652,0.6666666666666666,,,{},8932.TWO,2018-01-31,2018-02-01
0.042613506056605625,418000,0,0.021739130434782608,0.21739130434782605,1.0,D-1 estimated accounting; fill-day constraints require ledger audit,direct,V4_DIRECT_FROZEN_LINEAR_PORTFOLIO,neutral,2018-02-01,neutral,0.015275782451915899,-0.006105737604610029,0.013203457590732603,0.37681159420289856,0.06808913845575773,0.5869565217391305,0.7101449275362319,,,{},1301.TW,2018-02-01,2018-02-02
0.04200804638708854,530000,0,-0.02391304347826087,-0.2391304347826087,1.0,D-1 estimated accounting; fill-day constraints require ledger audit,direct,V4_DIRECT_FROZEN_LINEAR_PORTFOLIO,neutral,2018-02-01,neutral,0.015275782451915899,-0.006105737604610029,0.013203457590732603,0.37681159420289856,0.06808913845575773,0.5869565217391305,0.7101449275362319,,,{},1303.TW,2018-02-01,2018-02-02
0.043859371920772314,401000,0,0.02463768115942029,0.24637681159420288,1.0,D-1 estimated accounting; fill-day constraints require ledger audit,direct,V4_DIRECT_FROZEN_LINEAR_PORTFOLIO,neutral,2018-02-01,neutral,0.015275782451915899,-0.006105737604610029,0.013203457590732603,0.37681159420289856,0.06808913845575773,0.5869565217391305,0.7101449275362319,,,{},1326.TW,2018-02-01,2018-02-02
0.03979974234632239,1542000,0,-0.0014492753623188415,-0.014492753623188415,1.0,D-1 estimated accounting; fill-day constraints require ledger audit,direct,V4_DIRECT_FROZEN_LINEAR_PORTFOLIO,neutral,2018-02-01,neutral,0.015275782451915899,-0.006105737604610029,0.013203457590732603,0.37681159420289856,0.06808913845575773,0.5869565217391305,0.7101449275362319,,,{},1402.TW,2018-02-01,2018-02-02
0.043297706623627856,3041000,0,0.019565217391304346,0.19565217391304346,1.0,D-1 estimated accounting; fill-day constraints require ledger audit,direct,V4_DIRECT_FROZEN_LINEAR_PORTFOLIO,neutral,2018-02-01,neutral,0.015275782451915899,-0.006105737604610029,0.013203457590732603,0.37681159420289856,0.06808913845575773,0.5869565217391305,0.7101449275362319,,,{},2303.TW,2018-02-01,2018-02-02
0.03790395514452445,1075000,0,0.0463768115942029,0.46376811594202894,1.0,D-1 estimated accounting; fill-day constraints require ledger audit,direct,V4_DIRECT_FROZEN_LINEAR_PORTFOLIO,neutral,2018-02-01,neutral,0.015275782451915899,-0.006105737604610029,0.013203457590732603,0.37681159420289856,0.06808913845575773,0.5869565217391305,0.7101449275362319,,,{},2313.TW,2018-02-01,2018-02-02
0.05041389669966379,538000,0,0.03985507246376812,0.39855072463768115,1.0,D-1 estimated accounting; fill-day constraints require ledger audit,direct,V4_DIRECT_FROZEN_LINEAR_PORTFOLIO,neutral,2018-02-01,neutral,0.015275782451915899,-0.006105737604610029,0.013203457590732603,0.37681159420289856,0.06808913845575773,0.5869565217391305,0.7101449275362319,,,{},2377.TW,2018-02-01,2018-02-02
0.04244668212121334,3180000,0,0.031159420289855078,0.3115942028985508,1.0,D-1 estimated accounting; fill-day constraints require ledger audit,direct,V4_DIRECT_FROZEN_LINEAR_PORTFOLIO,neutral,2018-02-01,neutral,0.015275782451915899,-0.006105737604610029,0.013203457590732603,0.37681159420289856,0.06808913845575773,0.5869565217391305,0.7101449275362319,,,{},2409.TW,2018-02-01,2018-02-02
0.0440521956754287,5157000,0,-0.008695652173913044,-0.08695652173913043,1.0,D-1 estimated accounting; fill-day constraints require ledger audit,direct,V4_DIRECT_FROZEN_LINEAR_PORTFOLIO,neutral,2018-02-01,neutral,0.015275782451915899,-0.006105737604610029,0.013203457590732603,0.37681159420289856,0.06808913845575773,0.5869565217391305,0.7101449275362319,,,{},2834.TW,2018-02-01,2018-02-02
0.04414161330479897,364000,0,0.041304347826086954,0.4130434782608695,1.0,D-1 estimated accounting; fill-day constraints require ledger audit,direct,V4_DIRECT_FROZEN_LINEAR_PORTFOLIO,neutral,2018-02-01,neutral,0.015275782451915899,-0.006105737604610029,0.013203457590732603,0.37681159420289856,0.06808913845575773,0.5869565217391305,0.7101449275362319,,,{},3034.TW,2018-02-01,2018-02-02
0.04683926755604917,2245000,0,0.04927536231884058,0.49275362318840576,1.0,D-1 estimated accounting; fill-day constraints require ledger audit,direct,V4_DIRECT_FROZEN_LINEAR_PORTFOLIO,neutral,2018-02-01,neutral,0.015275782451915899,-0.006105737604610029,0.013203457590732603,0.37681159420289856,0.06808913845575773,0.5869565217391305,0.7101449275362319,,,{},3037.TW,2018-02-01,2018-02-02
0.0,0,-911000,-0.0427536231884058,-0.427536231884058,1.0,D-1 estimated accounting; fill-day constraints require ledger audit,direct,V4_DIRECT_FROZEN_LINEAR_PORTFOLIO,neutral,2018-02-01,neutral,0.015275782451915899,-0.006105737604610029,0.013203457590732603,0.37681159420289856,0.06808913845575773,0.5869565217391305,0.7101449275362319,,,{},3211.TWO,2018-02-01,2018-02-02
0.049812885668423845,552000,0,0.04492753623188406,0.4492753623188406,1.0,D-1 estimated accounting; fill-day constraints require ledger audit,direct,V4_DIRECT_FROZEN_LINEAR_PORTFOLIO,neutral,2018-02-01,neutral,0.015275782451915899,-0.006105737604610029,0.013203457590732603,0.37681159420289856,0.06808913845575773,0.5869565217391305,0.7101449275362319,,,{},3324.TWO,2018-02-01,2018-02-02
0.04044724164755832,3019000,0,-0.01666666666666667,-0.16666666666666669,1.0,D-1 estimated accounting; fill-day constraints require ledger audit,direct,V4_DIRECT_FROZEN_LINEAR_PORTFOLIO,neutral,2018-02-01,neutral,0.015275782451915899,-0.006105737604610029,0.013203457590732603,0.37681159420289856,0.06808913845575773,0.5869565217391305,0.7101449275362319,,,{},3481.TW,2018-02-01,2018-02-02
0.043027476562949446,104000,0,0.018840579710144925,0.18840579710144922,1.0,D-1 estimated accounting; fill-day constraints require ledger audit,direct,V4_DIRECT_FROZEN_LINEAR_PORTFOLIO,neutral,2018-02-01,neutral,0.015275782451915899,-0.006105737604610029,0.013203457590732603,0.37681159420289856,0.06808913845575773,0.5869565217391305,0.7101449275362319,,,{},3529.TWO,2018-02-01,2018-02-02
0.04322000374172069,617000,0,0.042028985507246375,0.42028985507246375,1.0,D-1 estimated accounting; fill-day constraints require ledger audit,direct,V4_DIRECT_FROZEN_LINEAR_PORTFOLIO,neutral,2018-02-01,neutral,0.015275782451915899,-0.006105737604610029,0.013203457590732603,0.37681159420289856,0.06808913845575773,0.5869565217391305,0.7101449275362319,,,{},3653.TW,2018-02-01,2018-02-02
0.042427676549907166,1190000,1190000,0.04855072463768117,0.48550724637681164,1.0,D-1 estimated accounting; fill-day constraints require ledger audit,direct,V4_DIRECT_FROZEN_LINEAR_PORTFOLIO,neutral,2018-02-01,neutral,0.015275782451915899,-0.006105737604610029,0.013203457590732603,0.37681159420289856,0.06808913845575773,0.5869565217391305,0.7101449275362319,,,{},4979.TWO,2018-02-01,2018-02-02
0.045426528327176,450000,0,0.04347826086956522,0.4347826086956522,1.0,D-1 estimated accounting; fill-day constraints require ledger audit,direct,V4_DIRECT_FROZEN_LINEAR_PORTFOLIO,neutral,2018-02-01,neutral,0.015275782451915899,-0.006105737604610029,0.013203457590732603,0.37681159420289856,0.06808913845575773,0.5869565217391305,0.7101449275362319,,,{},5483.TWO,2018-02-01,2018-02-02
0.04544753578570688,246000,0,0.012318840579710146,0.12318840579710144,1.0,D-1 estimated accounting; fill-day constraints require ledger audit,direct,V4_DIRECT_FROZEN_LINEAR_PORTFOLIO,neutral,2018-02-01,neutral,0.015275782451915899,-0.006105737604610029,0.013203457590732603,0.37681159420289856,0.06808913845575773,0.5869565217391305,0.7101449275362319,,,{},6121.TWO,2018-02-01,2018-02-02
0.04158735349401485,35000,0,-0.026086956521739132,-0.2608695652173913,1.0,D-1 estimated accounting; fill-day constraints require ledger audit,direct,V4_DIRECT_FROZEN_LINEAR_PORTFOLIO,neutral,2018-02-01,neutral,0.015275782451915899,-0.006105737604610029,0.013203457590732603,0.37681159420289856,0.06808913845575773,0.5869565217391305,0.7101449275362319,,,{},6510.TWO,2018-02-01,2018-02-02
0.04221836811896831,1593000,0,-0.0021739130434782596,-0.021739130434782594,1.0,D-1 estimated accounting; fill-day constraints require ledger audit,direct,V4_DIRECT_FROZEN_LINEAR_PORTFOLIO,neutral,2018-02-01,neutral,0.015275782451915899,-0.006105737604610029,0.013203457590732603,0.37681159420289856,0.06808913845575773,0.5869565217391305,0.7101449275362319,,,{},8046.TW,2018-02-01,2018-02-02
0.04194640803229324,825000,0,0.05,0.5,1.0,D-1 estimated accounting; fill-day constraints require ledger audit,direct,V4_DIRECT_FROZEN_LINEAR_PORTFOLIO,neutral,2018-02-01,neutral,0.015275782451915899,-0.006105737604610029,0.013203457590732603,0.37681159420289856,0.06808913845575773,0.5869565217391305,0.7101449275362319,,,{},8069.TWO,2018-02-01,2018-02-02
0.042388933853444805,5366000,0,-0.042028985507246375,-0.42028985507246375,1.0,D-1 estimated accounting; fill-day constraints require ledger audit,direct,V4_DIRECT_FROZEN_LINEAR_PORTFOLIO,neutral,2018-02-01,neutral,0.015275782451915899,-0.006105737604610029,0.013203457590732603,0.37681159420289856,0.06808913845575773,0.5869565217391305,0.7101449275362319,,,{},8932.TWO,2018-02-01,2018-02-02
